g Computer desk
v -0.00349651021 -0.000914945558 -0.000121676327
v -0.00349596259 -0.000797671033 -0.000157424802
v -0.00349596259 -6.54304022E-05 -0.000447397528
v -0.00349651021 -0.000914945558 -0.000121676327
v -0.00349596259 -6.54304022E-05 -0.000447397528
v -0.00349651021 -0.000482560397 -0.000121676327
v 0.0033117854 -0.000914945558 -0.000121676327
v 0.0033117854 -0.000482560397 -0.000121676327
v 0.00331123755 -6.54304022E-05 -0.000447397528
v 0.0033117854 -0.000914945558 -0.000121676327
v 0.00331123755 -6.54304022E-05 -0.000447397528
v 0.00331123755 -0.000797671033 -0.000157424802
v -0.00349651021 0.0013461482 -0.000423612277
v -0.00349651021 0.00160737627 -0.000585765403
v -0.00349651021 0.00160737627 -0.000121676327
v -0.00349651021 0.00124137814 -0.000121676327
v -0.00349651021 0.0014968717 -0.00276473956
v -0.00349651021 0.0015270221 -0.00249103596
v -0.00349651021 0.00160737627 -0.00276473956
v -0.00349651021 0.00160737627 -0.00245942804
v -0.00343248621 0.00160737627 -0.00276473956
v -0.00343248621 0.0014968717 -0.00276473956
v -0.00343248621 0.00124137814 -0.000121676327
v -0.00343248621 0.00160737627 -0.000121676327
v -0.00349651021 0.00160737627 -0.00276473956
v -0.00349651021 0.0014968717 -0.00276473956
v -0.00343248621 0.0014968717 -0.00276473956
v -0.00343248621 0.00160737627 -0.00276473956
v -0.00343248621 0.00160737627 -0.000121676327
v -0.00343248621 0.00124137814 -0.000121676327
v -0.00349651021 0.00124137814 -0.000121676327
v -0.00349651021 0.00160737627 -0.000121676327
v -0.00343625387 0.00136768282 -0.00140390929
v -0.00343625387 0.00138011447 -0.0015703711
v -0.00343248621 -0.000914945558 -0.000121676327
v -0.00343248621 -0.000482560397 -0.000121676327
v -0.00349274278 0.00136768282 -0.00140390929
v -0.00349274278 0.00138011447 -0.0015703711
v -0.00343625387 0.00138011447 -0.0015703711
v -0.00343625387 0.00136768282 -0.00140390929
v -0.00343248621 -0.000482560397 -0.000121676327
v -0.00343248621 -0.000914945558 -0.000121676327
v -0.00349651021 -0.000914945558 -0.000121676327
v -0.00349651021 -0.000482560397 -0.000121676327
v -0.00349650974 -0.000145166516 -0.00276473933
v -0.00349650974 -3.46618872E-05 -0.00276473933
v -0.00348321791 0.000672990049 -0.00107776001
v -0.00348321791 0.000481603725 -0.000981942401
v -0.00343248597 -3.46618872E-05 -0.00276473933
v -0.00343248597 -0.000145166516 -0.00276473933
v -0.00344577688 0.000481603725 -0.000981942401
v -0.00344577688 0.000672990049 -0.00107776001
v -0.00349650974 -3.46618872E-05 -0.00276473933
v -0.00349650974 -0.000145166516 -0.00276473933
v -0.00343248597 -0.000145166516 -0.00276473933
v -0.00343248597 -3.46618872E-05 -0.00276473933
v -0.00344577688 0.000672990049 -0.00107776001
v -0.00344577688 0.000481603725 -0.000981942401
v -0.00348321791 0.000481603725 -0.000981942401
v -0.00348321791 0.000672990049 -0.00107776001
v -0.00349274278 0.00136768282 -0.00140390929
v -0.00349328993 0.000922069536 -0.00113488862
v -0.00349328993 0.00134552352 -0.00152670196
v -0.00349274278 0.00138011447 -0.0015703711
v -0.00349651021 -0.000482560397 -0.000121676327
v -0.00349596259 -6.54304022E-05 -0.000447397528
v -0.00349328993 0.000922069536 -0.00113488862
v -0.00349274278 0.00136768282 -0.00140390929
v -0.00349274278 0.00138011447 -0.0015703711
v -0.00349328993 0.00134552352 -0.00152670196
v -0.00349596259 -0.000797671033 -0.000157424802
v -0.00349651021 -0.000914945558 -0.000121676327
v -0.00349361706 0.00120133511 -0.00141936296
v -0.00349361706 0.000896574231 -0.00113238464
v -0.003495635 -7.10391978E-05 -0.000467088801
v -0.003495635 -0.000625089975 -0.000239446454
v -0.00349651021 0.00158780685 -0.00240522204
v -0.00349651021 0.0015782374 -0.000629023765
v -0.00349651021 0.00137630221 -0.000469458231
v -0.00349651021 0.00154358917 -0.00245732721
v 0.0033117854 0.0015270221 -0.00249103596
v 0.0033117854 0.00160737627 -0.00245942804
v 0.0033117854 0.00160737627 -0.00276473956
v 0.0033117854 0.0014968717 -0.00276473956
v 0.0033117854 0.0013461482 -0.000423612277
v 0.0033117854 0.00124137814 -0.000121676327
v 0.0033117854 0.00160737627 -0.000121676327
v 0.0033117854 0.00160737627 -0.000585765403
v 0.00324776117 0.00160737627 -0.00276473956
v 0.00324776117 0.00160737627 -0.000121676327
v 0.00324776117 0.00124137814 -0.000121676327
v 0.00324776117 0.0014968717 -0.00276473956
v 0.0033117854 0.00160737627 -0.00276473956
v 0.00324776117 0.00160737627 -0.00276473956
v 0.00324776117 0.0014968717 -0.00276473956
v 0.0033117854 0.0014968717 -0.00276473956
v 0.00324776117 0.00160737627 -0.000121676327
v 0.0033117854 0.00160737627 -0.000121676327
v 0.0033117854 0.00124137814 -0.000121676327
v 0.00324776117 0.00124137814 -0.000121676327
v 0.0032515293 0.00136768282 -0.00140390929
v 0.00324776117 -0.000482560397 -0.000121676327
v 0.00324776117 -0.000914945558 -0.000121676327
v 0.0032515293 0.00138011447 -0.0015703711
v 0.00330801774 0.00136768282 -0.00140390929
v 0.0032515293 0.00136768282 -0.00140390929
v 0.0032515293 0.00138011447 -0.0015703711
v 0.00330801774 0.00138011447 -0.0015703711
v 0.00324776117 -0.000482560397 -0.000121676327
v 0.0033117854 -0.000482560397 -0.000121676327
v 0.0033117854 -0.000914945558 -0.000121676327
v 0.00324776117 -0.000914945558 -0.000121676327
v 0.00331178471 -0.000145166516 -0.00276473933
v 0.00329849287 0.000481603725 -0.000981942401
v 0.00329849287 0.000672990049 -0.00107776001
v 0.00331178471 -3.46618872E-05 -0.00276473933
v 0.00324776117 -3.46618872E-05 -0.00276473933
v 0.00326105161 0.000672990049 -0.00107776001
v 0.00326105161 0.000481603725 -0.000981942401
v 0.00324776117 -0.000145166516 -0.00276473933
v 0.00331178471 -3.46618872E-05 -0.00276473933
v 0.00324776117 -3.46618872E-05 -0.00276473933
v 0.00324776117 -0.000145166516 -0.00276473933
v 0.00331178471 -0.000145166516 -0.00276473933
v 0.00326105161 0.000672990049 -0.00107776001
v 0.00329849287 0.000672990049 -0.00107776001
v 0.00329849287 0.000481603725 -0.000981942401
v 0.00326105161 0.000481603725 -0.000981942401
v 0.00330801774 0.00136768282 -0.00140390929
v 0.00330801774 0.00138011447 -0.0015703711
v 0.00330856489 0.00134552352 -0.00152670196
v 0.00330856489 0.000922069536 -0.00113488862
v 0.0033117854 -0.000482560397 -0.000121676327
v 0.00330801774 0.00136768282 -0.00140390929
v 0.00330856489 0.000922069536 -0.00113488862
v 0.00331123755 -6.54304022E-05 -0.000447397528
v 0.00330801774 0.00138011447 -0.0015703711
v 0.0033117854 -0.000914945558 -0.000121676327
v 0.00331123755 -0.000797671033 -0.000157424802
v 0.00330856489 0.00134552352 -0.00152670196
v 0.00330889225 0.00120133511 -0.00141936296
v 0.00331090973 -0.000625089975 -0.000239446454
v 0.00331090973 -7.10391978E-05 -0.000467088801
v 0.00330889225 0.000896574231 -0.00113238464
v 0.0033117854 0.00158780685 -0.00240522204
v 0.0033117854 0.00154358917 -0.00245732721
v 0.0033117854 0.00137630221 -0.000469458231
v 0.0033117854 0.0015782374 -0.000629023765
v 0.00339416973 0.00170251483 -0.000109302098
v 0.00339416903 -0.00102128508 -0.000109302098
v 0.00339416903 -0.00102128508 -4.74840408E-06
v 0.00339416973 0.00170251483 -4.74840408E-06
v -0.00292417896 -0.0010212838 -0.000109302098
v -0.00356576173 -0.0010141629 -0.000109409688
v -0.00356576173 -0.0010212838 -4.74840408E-06
v -0.00292417896 -0.0010212838 -4.74840408E-06
v -0.00356576173 -0.0010141629 -0.000109409688
v -0.00357735483 0.00170251599 -0.000109302098
v -0.00356576173 0.00170251599 -4.74840408E-06
v -0.00356576173 -0.0010212838 -4.74840408E-06
v 0.0027525872 0.00170251483 -0.000109302098
v 0.00339416973 0.00170251483 -0.000109302098
v 0.00339416973 0.00170251483 -4.74840408E-06
v 0.0027525872 0.00170251483 -4.74840408E-06
v -8.57958148E-05 0.00170251541 -0.000109302098
v -8.57958148E-05 0.00170251541 -4.74840408E-06
v -0.00292417873 0.00170251599 -0.000109302098
v -0.00292417873 0.00170251599 -4.74840408E-06
v -0.00357735483 0.00170251599 -0.000109302098
v -0.00356576173 0.00170251599 -4.74840408E-06
v -0.00292417896 -0.0010212838 -0.000109302098
v -0.00292417873 0.00170251599 -0.000109302098
v -0.00357735483 0.00170251599 -0.000109302098
v -0.00356576173 -0.0010141629 -0.000109409688
v 0.0027525872 -0.00102128508 -0.000109302098
v 0.00210770313 -0.000844239548 -0.000109302098
v 0.00210770313 -0.000844239548 -4.74840408E-06
v 0.0027525872 -0.00102128508 -4.74840408E-06
v 0.00339416903 -0.00102128508 -0.000109302098
v 0.0027525872 -0.00102128508 -0.000109302098
v 0.0027525872 -0.00102128508 -4.74840408E-06
v 0.00339416903 -0.00102128508 -4.74840408E-06
v 0.0027593188 0.00168728351 -4.74840408E-06
v 0.00338284671 0.00168728351 -4.74840408E-06
v 0.00338284671 -0.00100797357 -4.74840408E-06
v 0.00275931833 -0.00100797357 -4.74840408E-06
v -8.57958148E-05 0.00168728351 -4.74840408E-06
v 0.00211187708 -0.000832782942 -4.74840408E-06
v -0.00114259927 -0.000832782942 -4.74840408E-06
v -0.00293091033 0.00168728409 -4.74840408E-06
v -0.00293091056 -0.00100797298 -4.74840408E-06
v -0.00355443847 0.00168728409 -4.74840408E-06
v -0.00355443847 -0.00100797298 -4.74840408E-06
v -0.0011384252 -0.000844238966 -4.74840408E-06
v 0.00210770313 -0.000844239548 -4.74840408E-06
v 0.00210770313 -0.000844239548 -0.000109302098
v -0.0011384252 -0.000844238966 -0.000109302098
v -0.0011384252 -0.000844238966 -0.000109302098
v -0.00292417896 -0.0010212838 -0.000109302098
v -0.00292417896 -0.0010212838 -4.74840408E-06
v -0.0011384252 -0.000844238966 -4.74840408E-06
v -0.0035752703 0.00171170523 -0.000109409688
v -0.0035752703 0.00171170523 -0.000138048825
v -0.00293117668 0.00171170523 -0.000138048825
v -0.00293117668 0.00171170523 -0.000109409688
v -0.0035752703 0.00171170523 -0.000138048825
v -0.0029275706 0.0016979652 -0.000138048825
v -0.00293117668 0.00171170523 -0.000138048825
v -0.00357030169 0.0016979652 -0.000138048825
v -0.00350115565 0.00161198853 -0.000138048825
v -0.00287739001 0.00161198853 -0.000138048825
v 0.00332886144 -0.000915681128 -0.000112552043
v 0.00332886213 0.00161198794 -0.000112552043
v 0.00270509603 0.00161198794 -0.000112552043
v 0.00270509534 -0.000915681128 -0.000112552043
v -8.61471854E-05 0.00161198853 -0.000112552043
v 0.00207812013 -0.000751384476 -0.000112552043
v -0.00110954489 -0.000751383894 -0.000112552043
v -0.00287739001 0.00161198853 -0.000112552043
v -0.00287739024 -0.000915680488 -0.000112552043
v -0.00350115565 0.00161198853 -0.000112552043
v -0.00350115565 -0.000915680488 -0.000112552043
v -0.00350115565 0.00161198853 -0.000138048825
v -0.00350115565 -0.000915680488 -0.000138048825
v -0.00350115565 -0.000915680488 -0.000112552043
v -0.00350115565 0.00161198853 -0.000112552043
v -0.00350115565 -0.000915680488 -0.000138048825
v -0.00350115565 -0.000915680488 -0.000112552043
v -0.00287739024 -0.000915680488 -0.000112552043
v -0.00287739024 -0.000915680488 -0.000138048825
v -0.00287739001 0.00161198853 -0.000138048825
v -0.00350115565 0.00161198853 -0.000138048825
v -0.00350115565 0.00161198853 -0.000112552043
v -0.00287739001 0.00161198853 -0.000112552043
v -0.00339614344 -0.000156075359 -1.50808692E-05
v -0.00339614344 -0.00037138522 -1.50808692E-05
v -0.00339614344 -0.00037138522 7.75486205E-06
v -0.00209192559 0.00160963892 -5.00470378E-06
v -0.00209192559 0.0015672493 -5.00470378E-06
v -0.00209192559 0.0015672493 3.56665259E-05
v -0.00209192559 0.00158944668 5.57327257E-05
v -0.00209192559 0.00160005805 5.59499858E-05
v -0.00209192559 0.00160714856 4.67622267E-05
v -0.00209192559 0.0016079545 4.11993242E-05
v -0.00209192559 0.00160005805 5.59499858E-05
v -0.00209192559 0.00160714856 4.67622267E-05
v -0.00209192559 0.00160963892 -5.00470378E-06
v -0.00209192559 0.0016079545 4.11993242E-05
v -0.00209192559 0.00160963892 2.95677783E-05
v -0.00209192559 0.0015672493 3.56665259E-05
v -0.00209192559 0.0015769297 4.61429336E-05
v -0.00209192559 0.00158944668 5.57327257E-05
v -0.00316767185 0.0015982741 0.000107279717
v -0.00323896902 0.00160536042 0.000173530876
v -0.00330253388 0.00154530467 0.000212882456
v 0.00193846168 0.00157761155 4.70700834E-05
v 0.00193846168 0.00156772009 3.63656873E-05
v 0.0019272971 0.00156724872 3.56665259E-05
v 0.00300304219 0.00159827294 0.000107279717
v 0.00313790492 0.00154530408 0.000212882456
v 0.00307434006 0.00160535926 0.000173530876
v -0.00349651021 0.00160737627 -0.00245942804
v -0.00349651021 0.00160737627 -0.00276473956
v -0.00343248621 0.00160737627 -0.00276473956
v -0.00343248621 0.00160737627 -0.000121676327
v -0.00349651021 0.00160737627 -0.000585765403
v -0.00349651021 0.00160737627 -0.000121676327
v -0.00343248621 0.0014968717 -0.00276473956
v -0.00349651021 0.0014968717 -0.00276473956
v -0.00349651021 0.00124137814 -0.000121676327
v -0.00343248621 0.00124137814 -0.000121676327
v -0.00349274278 0.00136768282 -0.00140390929
v -0.00343625387 0.00136768282 -0.00140390929
v -0.00343248621 -0.000482560397 -0.000121676327
v -0.00349651021 -0.000482560397 -0.000121676327
v -0.00343625387 0.00138011447 -0.0015703711
v -0.00349274278 0.00138011447 -0.0015703711
v -0.00349651021 -0.000914945558 -0.000121676327
v -0.00343248621 -0.000914945558 -0.000121676327
v -0.00349650974 -3.46618872E-05 -0.00276473933
v -0.00343248597 -3.46618872E-05 -0.00276473933
v -0.00344577688 0.000672990049 -0.00107776001
v -0.00348321791 0.000672990049 -0.00107776001
v -0.00343248597 -0.000145166516 -0.00276473933
v -0.00349650974 -0.000145166516 -0.00276473933
v -0.00348321791 0.000481603725 -0.000981942401
v -0.00344577688 0.000481603725 -0.000981942401
v -0.00349596259 -0.000797671033 -0.000157424802
v -0.00349596259 -6.54304022E-05 -0.000447397528
v -0.00349328993 0.000922069536 -0.00113488862
v -0.00349361706 0.000896574231 -0.00113238464
v -0.00349361706 0.00120133511 -0.00141936296
v -0.00349361706 0.00120133511 -0.00141936296
v -0.003495635 -0.000625089975 -0.000239446454
v -0.00349596259 -0.000797671033 -0.000157424802
v 0.00324776117 0.00160737627 -0.000121676327
v 0.00324776117 0.00160737627 -0.00276473956
v 0.0033117854 0.00160737627 -0.00276473956
v 0.0033117854 0.00160737627 -0.00245942804
v 0.0033117854 0.00160737627 -0.000585765403
v 0.0033117854 0.00160737627 -0.000121676327
v 0.00324776117 0.0014968717 -0.00276473956
v 0.00324776117 0.00124137814 -0.000121676327
v 0.0033117854 0.00124137814 -0.000121676327
v 0.0033117854 0.0014968717 -0.00276473956
v 0.00330801774 0.00136768282 -0.00140390929
v 0.0033117854 -0.000482560397 -0.000121676327
v 0.00324776117 -0.000482560397 -0.000121676327
v 0.0032515293 0.00136768282 -0.00140390929
v 0.0032515293 0.00138011447 -0.0015703711
v 0.00324776117 -0.000914945558 -0.000121676327
v 0.0033117854 -0.000914945558 -0.000121676327
v 0.00330801774 0.00138011447 -0.0015703711
v 0.00331178471 -3.46618872E-05 -0.00276473933
v 0.00329849287 0.000672990049 -0.00107776001
v 0.00326105161 0.000672990049 -0.00107776001
v 0.00324776117 -3.46618872E-05 -0.00276473933
v 0.00324776117 -0.000145166516 -0.00276473933
v 0.00326105161 0.000481603725 -0.000981942401
v 0.00329849287 0.000481603725 -0.000981942401
v 0.00331178471 -0.000145166516 -0.00276473933
v 0.00331123755 -0.000797671033 -0.000157424802
v 0.00331123755 -6.54304022E-05 -0.000447397528
v 0.00330856489 0.000922069536 -0.00113488862
v 0.00330889225 0.00120133511 -0.00141936296
v 0.00330889225 0.000896574231 -0.00113238464
v 0.00331123755 -0.000797671033 -0.000157424802
v 0.00331090973 -0.000625089975 -0.000239446454
v 0.00330889225 0.00120133511 -0.00141936296
v 0.00339416903 -0.00102128508 -0.000109302098
v 0.00339416973 0.00170251483 -0.000109302098
v 0.0027525872 0.00170251483 -0.000109302098
v 0.0027525872 -0.00102128508 -0.000109302098
v 0.00339416903 -0.00102128508 -0.000109302098
v 0.00339416973 0.00170251483 -0.000109302098
v 0.00340297632 0.00171170407 -0.000109409688
v 0.00340297562 -0.0010297203 -0.000109409688
v 0.0027525872 -0.00102128508 -0.000109302098
v 0.00275888131 -0.0010297203 -0.000109409688
v 0.00211147312 -0.000851529243 -0.000109409688
v 0.00210770313 -0.000844239548 -0.000109302098
v -0.00114289729 -0.000851528603 -0.000109409688
v -0.0011384252 -0.000844238966 -0.000109302098
v -0.00293117692 -0.00102971913 -0.000109409688
v -0.00292417896 -0.0010212838 -0.000109302098
v -0.00356576173 -0.0010141629 -0.000109409688
v -0.0035752703 -0.00102971913 -0.000109409688
v -0.00357735483 0.00170251599 -0.000109302098
v -0.0035752703 0.00171170523 -0.000109409688
v 0.00339416973 0.00170251483 -0.000109302098
v 0.00340297632 0.00171170407 -0.000109409688
v 0.00275888201 0.00171170465 -0.000109409688
v 0.0027525872 0.00170251483 -0.000109302098
v -8.57958148E-05 0.00170251541 -0.000109302098
v -8.61471854E-05 0.00171170465 -0.000109409688
v -0.00293117668 0.00171170523 -0.000109409688
v -0.00292417873 0.00170251599 -0.000109302098
v -8.57958148E-05 0.00170251541 -0.000109302098
v -8.61471854E-05 0.00171170465 -0.000109409688
v 0.00275888201 0.00171170465 -0.000109409688
v 0.0027525872 0.00170251483 -0.000109302098
v -0.00357735483 0.00170251599 -0.000109302098
v -0.0035752703 0.00171170523 -0.000109409688
v -0.00293117668 0.00171170523 -0.000109409688
v -0.00292417873 0.00170251599 -0.000109302098
v -8.61471854E-05 0.00161198853 -0.000138048825
v -8.61471854E-05 0.00161198853 -0.000112552043
v 0.00270509603 0.00161198794 -0.000138048825
v 0.00270509603 0.00161198794 -0.000112552043
v 0.00332886213 0.00161198794 -0.000138048825
v 0.00332886213 0.00161198794 -0.000112552043
v -0.00287739024 -0.000915680488 -0.000138048825
v -0.00287739024 -0.000915680488 -0.000112552043
v -0.00110954489 -0.000751383894 -0.000112552043
v -0.00110954489 -0.000751383894 -0.000138048825
v 0.00207812013 -0.000751384476 -0.000138048825
v 0.00207812013 -0.000751384476 -0.000112552043
v 0.00270509534 -0.000915681128 -0.000112552043
v 0.00270509534 -0.000915681128 -0.000138048825
v 0.00332886144 -0.000915681128 -0.000138048825
v 0.00332886213 0.00161198794 -0.000138048825
v 0.00332886213 0.00161198794 -0.000112552043
v 0.00332886144 -0.000915681128 -0.000112552043
v 0.00270509534 -0.000915681128 -0.000138048825
v 0.00270509534 -0.000915681128 -0.000112552043
v 0.00332886144 -0.000915681128 -0.000112552043
v 0.00332886144 -0.000915681128 -0.000138048825
v -0.00110954489 -0.000751383894 -0.000138048825
v -0.00110954489 -0.000751383894 -0.000112552043
v 0.00207812013 -0.000751384476 -0.000112552043
v 0.00207812013 -0.000751384476 -0.000138048825
v -0.00347015355 -0.000419336546 5.28410055E-05
v -0.00347015355 -0.000419336546 7.34466303E-05
v -0.00339614344 -0.00037138522 7.34466303E-05
v -0.00339614344 -0.00037138522 5.28410055E-05
v -0.00346007198 6.25818939E-05 7.34466303E-05
v -0.00346007198 6.25818939E-05 5.90929376E-05
v -0.00339614344 -0.000156075359 5.64536422E-05
v -0.00339614344 -0.000156075359 7.34466303E-05
v -0.00339614344 -0.00037138522 7.75486205E-06
v -0.00339614344 -0.000156075359 1.24442577E-05
v -0.00339614344 -0.000156075359 -1.50808692E-05
v -0.00339614344 0.000183397526 -1.50808692E-05
v -0.00339614344 -0.000156075359 1.24442577E-05
v -0.00339614344 0.000183397526 1.24442577E-05
v -0.00339614344 0.000183397526 -1.50808692E-05
v -0.00339614344 0.00126054406 -1.50808692E-05
v -0.00339614344 0.00126054406 1.24442577E-05
v -0.00347015355 -0.000585365866 4.1297375E-05
v -0.00350083434 -0.000768207305 9.45746888E-06
v -0.00350083434 -0.000768207305 1.41319633E-05
v -0.00347015355 -0.000585365866 5.60283661E-05
v -0.00347015355 -0.000419336546 5.28410055E-05
v -0.00347015355 -0.000585365866 4.1297375E-05
v -0.00347015355 -0.000585365866 5.60283661E-05
v -0.00347015355 -0.000419336546 7.34466303E-05
v -0.00350083434 -0.000768207305 -7.70389988E-07
v -0.00350083434 -0.000768207305 -5.95092752E-06
v -0.0035269137 -0.000768207305 -5.95092752E-06
v -0.0035269137 -0.000768207305 1.11204381E-05
v -0.00350083434 -0.000768207305 9.45746888E-06
v -0.00350083434 -0.000768207305 1.41319633E-05
v -0.00352581474 -0.000768207305 1.68097013E-05
v -0.00350557361 -0.000768207305 1.82482599E-05
v -0.00352528901 -0.000768207305 1.95303546E-05
v -0.00351373944 -0.000768207305 2.33879673E-05
v -0.0035206629 -0.000768207305 2.38382818E-05
v -0.00210309052 0.00156772078 -5.19126661E-06
v -0.00209192559 0.00160963892 -5.00470378E-06
v -0.00210309052 0.00161103299 -5.19126661E-06
v -0.00209192559 0.0015672493 -5.00470378E-06
v -0.00210309052 0.00153771159 -5.19126661E-06
v -0.00209192559 0.00153787911 -5.00470378E-06
v -0.00210309052 0.00161103299 -5.19126661E-06
v -0.00209192559 0.00160963892 -5.00470378E-06
v -0.00209192559 0.00160963892 2.95677783E-05
v -0.00210309052 0.00161103299 3.01340224E-05
v -0.00209192559 0.0016079545 4.11993242E-05
v -0.00210309052 0.00160931225 4.20188881E-05
v -0.00209192559 0.00160714856 4.67622267E-05
v -0.00210309052 0.0016084885 4.77027897E-05
v -0.00209192559 0.00160005805 5.59499858E-05
v -0.00210309052 0.00160124421 5.7090816E-05
v -0.00269532832 0.00168133201 8.54894533E-05
v -0.00269532832 0.00167957775 9.75978328E-05
v -0.00292527792 0.00168133201 0.000138745905
v -0.00292527792 0.00167957775 0.000150854583
v -0.0032267666 0.00167910813 0.000197160829
v -0.00322663598 0.00167760008 0.000215160253
v -0.00336290733 0.00161730172 0.000255076273
v -0.00336165517 0.00161615724 0.000275577302
v -0.00353648141 0.00144986028 0.000134862363
v -0.00353516545 0.00144892931 0.000155296031
v -0.00346626015 0.00138926448 9.50282774E-05
v -0.00346007198 0.000968421693 9.94902803E-05
v -0.00346007198 0.000968421693 0.000120847224
v -0.00346629764 0.00139004108 0.000114539558
v -0.00292527792 0.00152880244 -1.50808692E-05
v -0.00314824213 0.00151360384 -1.50808692E-05
v -0.00315104122 0.00151243329 1.24442577E-05
v -0.00292527792 0.00152880244 1.24442577E-05
v -0.00269532832 0.00152880244 -1.50808692E-05
v -0.00269532832 0.00152880244 1.24442577E-05
v -0.00210309052 0.00153771159 -5.19126661E-06
v -0.00210309052 0.00153771159 7.7295299E-06
v -0.00209192559 0.00153787911 -5.00470378E-06
v -0.00209192559 0.00153787911 7.64071956E-06
v -0.00338607444 0.00128399127 1.24442577E-05
v -0.00315104122 0.00151243329 1.24442577E-05
v -0.00314824213 0.00151360384 -1.50808692E-05
v -0.003387145 0.0012814987 -1.50808692E-05
v -0.003387145 0.0012814987 -1.50808692E-05
v -0.00339614344 0.00126054406 -1.50808692E-05
v -0.00339614344 0.00126054406 1.24442577E-05
v -0.00338607444 0.00128399127 1.24442577E-05
v -0.00209192559 0.0015672493 -5.00470378E-06
v -0.00209192559 0.00153787911 -5.00470378E-06
v -0.00209192559 0.00153787911 7.64071956E-06
v -0.00209192559 0.0015672493 7.64071956E-06
v -0.00210309052 0.00156772078 7.7295299E-06
v -0.00209192559 0.0015672493 7.64071956E-06
v -0.00209192559 0.00153787911 7.64071956E-06
v -0.00210309052 0.00153771159 7.7295299E-06
v -0.00210309052 0.00159040152 5.68684918E-05
v -0.00209192559 0.00158944668 5.57327257E-05
v -0.00209192559 0.0015769297 4.61429336E-05
v -0.00210309052 0.00157761213 4.70700834E-05
v -0.00209192559 0.0015672493 3.56665259E-05
v -0.00210309052 0.00156772078 3.63656873E-05
v -0.00210309052 0.00160124421 5.7090816E-05
v -0.00209192559 0.00160005805 5.59499858E-05
v -0.00209192559 0.00158944668 5.57327257E-05
v -0.00210309052 0.00159040152 5.68684918E-05
v -0.00210309052 0.00156772078 2.96276794E-05
v -0.00209192559 0.0015672493 7.64071956E-06
v -0.00210309052 0.00156772078 7.7295299E-06
v -0.00209192559 0.0015672493 2.90721655E-05
v -0.00210309052 0.00156772078 3.63656873E-05
v -0.00209192559 0.0015672493 3.56665259E-05
v -0.00269532832 0.00159273087 7.34466303E-05
v -0.00269532832 0.00159273087 5.90929376E-05
v -0.00292527792 0.00159273087 0.000126703075
v -0.00292527792 0.00159273087 9.3123017E-05
v -0.00316962879 0.0015984684 0.000138131072
v -0.00316767185 0.0015982741 0.000107279717
v -0.00339614344 -0.00037138522 5.28410055E-05
v -0.00339614344 -0.00037138522 7.34466303E-05
v -0.00339614344 -0.000156075359 7.34466303E-05
v -0.00339614344 -0.000156075359 5.64536422E-05
v -0.00346007198 0.000183397526 7.34466303E-05
v -0.00346007198 0.000968421693 0.000120847224
v -0.00346007198 0.000968421693 9.94902803E-05
v -0.00346007198 0.000183397526 5.90929376E-05
v -0.00346007198 6.25818939E-05 5.90929376E-05
v -0.00346007198 6.25818939E-05 7.34466303E-05
v -0.00353516545 0.00144892931 0.000155296031
v -0.00354867312 0.000968421693 0.00013289004
v -0.00353648141 0.00144986028 0.000134862363
v -0.00354691874 0.000968421693 0.000144998427
v -0.00354867312 0.000183397526 8.54894533E-05
v -0.00354691874 0.000183397526 9.75978328E-05
v -0.00354721979 -0.000419336546 9.72434864E-05
v -0.00354887568 -0.000419336546 8.52495432E-05
v -0.00354887568 -0.000585365866 6.44662941E-05
v -0.00354721979 -0.000585365866 7.30407191E-05
v -0.00352581474 -0.000768207305 1.68097013E-05
v -0.00352528901 -0.000768207305 1.95303546E-05
v -0.00347015355 -0.000419336546 -1.50808692E-05
v -0.00347015355 -0.000419336546 7.75486205E-06
v -0.00339614344 -0.00037138522 7.75486205E-06
v -0.00339614344 -0.00037138522 -1.50808692E-05
v -0.00347015355 -0.000585365866 -7.26014378E-06
v -0.00350083434 -0.000768207305 -5.95092752E-06
v -0.00350083434 -0.000768207305 -7.70389988E-07
v -0.00347015355 -0.000585365866 9.06527021E-06
v -0.00347015355 -0.000419336546 -1.50808692E-05
v -0.00347015355 -0.000585365866 -7.26014378E-06
v -0.00347015355 -0.000585365866 9.06527021E-06
v -0.00347015355 -0.000419336546 7.75486205E-06
v -0.00316767185 0.0015982741 0.000107279717
v -0.00330253388 0.00154530467 0.000212882456
v -0.00330316694 0.00154543039 0.000232277511
v -0.00316962879 0.0015984684 0.000138131072
v -0.00346629764 0.00139004108 0.000114539558
v -0.00330316694 0.00154543039 0.000232277511
v -0.00330253388 0.00154530467 0.000212882456
v -0.00346626015 0.00138926448 9.50282774E-05
v 0.00330552459 -0.000419337739 5.28410055E-05
v 0.00323151401 -0.000371385802 5.28410055E-05
v 0.00323151401 -0.000371385802 7.34466303E-05
v 0.00330552459 -0.000419337739 7.34466303E-05
v 0.00329544232 6.25807006E-05 7.34466303E-05
v 0.00323151401 -0.000156076552 7.34466303E-05
v 0.00323151401 -0.000156076552 5.64536422E-05
v 0.00329544232 6.25807006E-05 5.90929376E-05
v 0.00323151401 -0.000156076552 1.24442577E-05
v 0.00323151401 -0.000371385802 7.75486205E-06
v 0.00323151401 -0.000371385802 -1.50808692E-05
v 0.00323151401 -0.000156076552 -1.50808692E-05
v 0.00323151401 0.000183396332 1.24442577E-05
v 0.00323151401 0.000183396332 -1.50808692E-05
v 0.00323151401 0.00126054289 -1.50808692E-05
v 0.00323151401 0.00126054289 1.24442577E-05
v 0.00322251604 0.001281498 -1.50808692E-05
v 0.00322144572 0.00128399068 1.24442577E-05
v 0.00298361364 0.00151360268 -1.50808692E-05
v 0.00298641203 0.00151243212 1.24442577E-05
v 0.00330552459 -0.000585367088 4.1297375E-05
v 0.00333620491 -0.000768207887 1.41319633E-05
v 0.00333620491 -0.000768207887 9.45746888E-06
v 0.00330552459 -0.000585367088 5.60283661E-05
v 0.00330552459 -0.000419337739 5.28410055E-05
v 0.00330552459 -0.000419337739 7.34466303E-05
v 0.00336228427 -0.000768207887 1.11204381E-05
v 0.00336228427 -0.000768207887 -5.95092752E-06
v 0.00333620491 -0.000768207887 -5.95092752E-06
v 0.00333620491 -0.000768207887 -7.70389988E-07
v 0.00333620491 -0.000768207887 9.45746888E-06
v 0.00333620491 -0.000768207887 1.41319633E-05
v 0.00336118508 -0.000768207887 1.68097013E-05
v 0.00334094395 -0.000768207887 1.82482599E-05
v 0.00336065935 -0.000768207887 1.95303546E-05
v 0.00334911048 -0.000768207887 2.33879673E-05
v 0.00335603347 -0.000768207887 2.38382818E-05
v 0.00193846168 0.00156772009 -5.19126661E-06
v 0.00193846168 0.00161103241 -5.19126661E-06
v 0.0019272971 0.00160963833 -5.00470378E-06
v 0.0019272971 0.00156724872 -5.00470378E-06
v 0.00193846168 0.00153771043 -5.19126661E-06
v 0.0019272971 0.00153787853 -5.00470378E-06
v 0.00193846168 0.00161103241 -5.19126661E-06
v 0.0019272971 0.00160963833 2.95677783E-05
v 0.0019272971 0.00160963833 -5.00470378E-06
v 0.00193846168 0.00161103241 3.01340224E-05
v 0.0019272971 0.00160795392 4.11993242E-05
v 0.00193846168 0.00160931109 4.20188881E-05
v 0.0019272971 0.00160714798 4.67622267E-05
v 0.00193846168 0.0016084885 4.77027897E-05
v 0.0019272971 0.00160005805 5.59499858E-05
v 0.00193846168 0.00160124362 5.7090816E-05
v 0.00253069936 0.00168133073 8.54894533E-05
v 0.00253069936 0.00167957717 9.75978328E-05
v 0.00276064873 0.00168133073 0.000138745905
v 0.00276064873 0.00167957717 0.000150854583
v 0.00306213787 0.00167910696 0.000197160829
v 0.00306200725 0.00167759892 0.000215160253
v 0.00319827837 0.00161730044 0.000255076273
v 0.00319702621 0.00161615666 0.000275577302
v 0.00337185245 0.00144985912 0.000134862363
v 0.00337053649 0.00144892803 0.000155296031
v 0.00319702621 0.00161615666 0.000275577302
v 0.00319827837 0.00161730044 0.000255076273
v 0.00330163119 0.0013892632 9.50282774E-05
v 0.00330166868 0.0013900405 0.000114539558
v 0.00329544232 0.000968421053 0.000120847224
v 0.00329544232 0.000968421053 9.94902803E-05
v 0.00276064873 0.00152880186 -1.50808692E-05
v 0.00298641203 0.00151243212 1.24442577E-05
v 0.00298361364 0.00151360268 -1.50808692E-05
v 0.00276064873 0.00152880186 1.24442577E-05
v 0.00253069936 0.00152880186 -1.50808692E-05
v 0.00253069936 0.00152880186 1.24442577E-05
v 0.00193846168 0.00153771043 -5.19126661E-06
v 0.00193846168 0.00153771043 7.7295299E-06
v 0.0019272971 0.00153787853 -5.00470378E-06
v 0.0019272971 0.00153787853 7.64071956E-06
v 0.0019272971 0.00156724872 7.64071956E-06
v 0.0019272971 0.00153787853 7.64071956E-06
v 0.0019272971 0.00153787853 -5.00470378E-06
v 0.0019272971 0.00156724872 -5.00470378E-06
v 0.0019272971 0.001576929 4.61429336E-05
v 0.0019272971 0.00156724872 3.56665259E-05
v 0.0019272971 0.00156724872 -5.00470378E-06
v 0.0019272971 0.00160963833 -5.00470378E-06
v 0.0019272971 0.00158944598 5.57327257E-05
v 0.0019272971 0.00160005805 5.59499858E-05
v 0.0019272971 0.00160714798 4.67622267E-05
v 0.0019272971 0.00160795392 4.11993242E-05
v 0.0019272971 0.00160963833 2.95677783E-05
v 0.00193846168 0.00156772009 7.7295299E-06
v 0.00193846168 0.00153771043 7.7295299E-06
v 0.0019272971 0.00153787853 7.64071956E-06
v 0.0019272971 0.00156724872 7.64071956E-06
v 0.00193846168 0.00159040093 5.68684918E-05
v 0.0019272971 0.001576929 4.61429336E-05
v 0.0019272971 0.00158944598 5.57327257E-05
v 0.00193846168 0.00157761155 4.70700834E-05
v 0.0019272971 0.00156724872 3.56665259E-05
v 0.00193846168 0.00160124362 5.7090816E-05
v 0.00193846168 0.00159040093 5.68684918E-05
v 0.0019272971 0.00158944598 5.57327257E-05
v 0.0019272971 0.00160005805 5.59499858E-05
v 0.00193846168 0.00156772009 2.96276794E-05
v 0.00193846168 0.00156772009 7.7295299E-06
v 0.0019272971 0.00156724872 7.64071956E-06
v 0.0019272971 0.00156724872 2.90721655E-05
v 0.00193846168 0.00156772009 3.63656873E-05
v 0.0019272971 0.00156724872 3.56665259E-05
v 0.00253069936 0.00159272971 7.34466303E-05
v 0.00253069936 0.00159272971 5.90929376E-05
v 0.00276064873 0.00159272971 0.000126703075
v 0.00276064873 0.00159272971 9.3123017E-05
v 0.0030049996 0.00159846782 0.000138131072
v 0.00300304219 0.00159827294 0.000107279717
v 0.00323151401 -0.000371385802 5.28410055E-05
v 0.00323151401 -0.000156076552 5.64536422E-05
v 0.00323151401 -0.000156076552 7.34466303E-05
v 0.00323151401 -0.000371385802 7.34466303E-05
v 0.00329544232 0.000183396332 7.34466303E-05
v 0.00329544232 0.000968421053 9.94902803E-05
v 0.00329544232 0.000968421053 0.000120847224
v 0.00329544232 0.000183396332 5.90929376E-05
v 0.00329544232 6.25807006E-05 5.90929376E-05
v 0.00329544232 6.25807006E-05 7.34466303E-05
v 0.00337053649 0.00144892803 0.000155296031
v 0.00337185245 0.00144985912 0.000134862363
v 0.00338404416 0.000968420471 0.00013289004
v 0.00338229001 0.000968420471 0.000144998427
v 0.00338404346 0.000183396332 8.54894533E-05
v 0.00338229001 0.000183396332 9.75978328E-05
v 0.00338259037 -0.000419337739 9.72434864E-05
v 0.00338424672 -0.000419337739 8.52495432E-05
v 0.00338424672 -0.000585367088 6.44662941E-05
v 0.00338259037 -0.000585367088 7.30407191E-05
v 0.00336118508 -0.000768207887 1.68097013E-05
v 0.00336065935 -0.000768207887 1.95303546E-05
v 0.00330552459 -0.000419337739 -1.50808692E-05
v 0.00323151401 -0.000371385802 -1.50808692E-05
v 0.00323151401 -0.000371385802 7.75486205E-06
v 0.00330552459 -0.000419337739 7.75486205E-06
v 0.00330552459 -0.000585367088 -7.26014378E-06
v 0.00333620491 -0.000768207887 -7.70389988E-07
v 0.00333620491 -0.000768207887 -5.95092752E-06
v 0.00330552459 -0.000585367088 9.06527021E-06
v 0.00330552459 -0.000419337739 -1.50808692E-05
v 0.00330552459 -0.000419337739 7.75486205E-06
v 0.00300304219 0.00159827294 0.000107279717
v 0.0030049996 0.00159846782 0.000138131072
v 0.00313853798 0.00154542923 0.000232277511
v 0.00313790492 0.00154530408 0.000212882456
v 0.00330166868 0.0013900405 0.000114539558
v 0.00330163119 0.0013892632 9.50282774E-05
v 0.00313790492 0.00154530408 0.000212882456
v 0.00313853798 0.00154542923 0.000232277511
v 0.0027525872 -0.00102128508 -4.74840408E-06
v 0.00339416903 -0.00102128508 -4.74840408E-06
v 0.00210770313 -0.000844239548 -4.74840408E-06
v 0.00339416973 0.00170251483 -4.74840408E-06
v -0.0011384252 -0.000844238966 -4.74840408E-06
v 0.0027525872 0.00170251483 -4.74840408E-06
v -0.00292417896 -0.0010212838 -4.74840408E-06
v -8.57958148E-05 0.00170251541 -4.74840408E-06
v -0.00356576173 -0.0010212838 -4.74840408E-06
v -0.00292417873 0.00170251599 -4.74840408E-06
v -0.00356576173 0.00170251599 -4.74840408E-06
v 0.0033117854 0.0013461482 -0.000423612277
v 0.0033117854 0.00160737627 -0.000585765403
v 0.0033117854 0.0015270221 -0.00249103596
v 0.0033117854 0.00160737627 -0.00245942804
v -0.0011384252 -0.000844238966 -0.000109302098
v -8.57961131E-05 0.000349961512 -0.000109302098
v -8.57958148E-05 0.00170251541 -0.000109302098
v 0.00210770313 -0.000844239548 -0.000109302098
v 0.00211147312 -0.000851529243 -0.000109409688
v 0.00211147312 -0.000851529243 -0.000138048825
v -0.00114289729 -0.000851528603 -0.000138048825
v -0.00114289729 -0.000851528603 -0.000109409688
v -8.61471854E-05 0.00171170465 -0.000109409688
v -8.61471854E-05 0.00171170465 -0.000138048825
v -0.00293117668 0.00171170523 -0.000138048825
v -0.00293117668 0.00171170523 -0.000109409688
v -0.0035752703 0.00171170523 -0.000109409688
v -0.0035752703 -0.00102971913 -0.000109409688
v -0.0035752703 -0.00102971913 -0.000138048825
v -0.0035752703 0.00171170523 -0.000138048825
v -0.00114289729 -0.000851528603 -0.000109409688
v -0.00114289729 -0.000851528603 -0.000138048825
v -0.00293117692 -0.00102971913 -0.000138048825
v -0.00293117692 -0.00102971913 -0.000109409688
v -0.0035752703 -0.00102971913 -0.000109409688
v -0.00293117692 -0.00102971913 -0.000109409688
v -0.00293117692 -0.00102971913 -0.000138048825
v -0.0035752703 -0.00102971913 -0.000138048825
v 0.00275888131 -0.0010297203 -0.000109409688
v 0.00275888131 -0.0010297203 -0.000138048825
v 0.00211147312 -0.000851529243 -0.000138048825
v 0.00211147312 -0.000851529243 -0.000109409688
v 0.00340297562 -0.0010297203 -0.000109409688
v 0.00340297632 0.00171170407 -0.000109409688
v 0.00340297632 0.00171170407 -0.000138048825
v 0.00340297562 -0.0010297203 -0.000138048825
v 0.00340297632 0.00171170407 -0.000109409688
v 0.00340297632 0.00171170407 -0.000138048825
v 0.00275888201 0.00171170465 -0.000138048825
v 0.00275888201 0.00171170465 -0.000109409688
v -8.61471854E-05 0.00171170465 -0.000109409688
v -8.61471854E-05 0.00171170465 -0.000138048825
v 0.00275888201 0.00171170465 -0.000138048825
v 0.00275888201 0.00171170465 -0.000109409688
v 0.00275888131 -0.0010297203 -0.000109409688
v 0.00340297562 -0.0010297203 -0.000109409688
v 0.00340297562 -0.0010297203 -0.000138048825
v 0.00275888131 -0.0010297203 -0.000138048825
v -8.61471854E-05 0.00171170465 -0.000138048825
v -8.61471854E-05 0.00169796462 -0.000138048825
v -8.61471854E-05 0.00161198853 -0.000138048825
v 0.00275527639 0.00169796403 -0.000138048825
v 0.00275888201 0.00171170465 -0.000138048825
v 0.00270509603 0.00161198794 -0.000138048825
v 0.00340297632 0.00171170407 -0.000138048825
v 0.00339800818 0.00169796403 -0.000138048825
v 0.00332886213 0.00161198794 -0.000138048825
v 0.00340297562 -0.0010297203 -0.000138048825
v 0.00339800771 -0.00101771229 -0.000138048825
v 0.00332886144 -0.000915681128 -0.000138048825
v 0.00275888131 -0.0010297203 -0.000138048825
v 0.00275527593 -0.00101771229 -0.000138048825
v 0.00270509534 -0.000915681128 -0.000138048825
v 0.00210923725 -0.000841194997 -0.000138048825
v 0.00211147312 -0.000851529243 -0.000138048825
v 0.00207812013 -0.000751384476 -0.000138048825
v -0.00114066154 -0.000841194356 -0.000138048825
v -0.00114289729 -0.000851528603 -0.000138048825
v -0.00110954489 -0.000751383894 -0.000138048825
v -0.00292757084 -0.00101771113 -0.000138048825
v -0.00293117692 -0.00102971913 -0.000138048825
v -0.00287739024 -0.000915680488 -0.000138048825
v -0.0035752703 -0.00102971913 -0.000138048825
v -0.00357030169 -0.00101771113 -0.000138048825
v -0.00350115565 -0.000915680488 -0.000138048825
v -0.00346007198 0.000183397526 5.90929376E-05
v -0.00346007198 0.000968421693 9.94902803E-05
v -0.00346007198 0.00126054406 1.24442577E-05
v -0.00335112587 0.00160455878 0.000309183291
v -0.00321961893 0.00166432199 0.000242499402
v -0.00335112587 0.00160455878 0.000309183291
v -0.00292527792 0.00166414492 0.000170853134
v -0.00269532832 0.00166414492 0.000117596683
v -0.00353516545 0.00144892931 0.000155296031
v -0.00335112587 0.00160455878 0.000309183291
v -0.00352355093 0.0014388758 0.000189044469
v -0.00346613908 0.00138673955 1.24442577E-05
v -0.00346007198 0.00126054406 1.24442577E-05
v -0.00346007198 0.000968421693 9.94902803E-05
v -0.00346613908 0.00138673955 1.24442577E-05
v -0.00346007198 0.000968421693 9.94902803E-05
v -0.00346626015 0.00138926448 9.50282774E-05
v -0.00336521957 0.00161998929 0.000232959093
v -0.00330243306 0.00168048195 0.00019115179
v -0.00322888256 0.00168222538 0.000174744127
v 0.00302121812 0.00161887577 0.000189406273
v 0.00320059108 0.001619988 0.000232959093
v 0.00306425383 0.00168222422 0.000174744127
v 0.0031378041 0.00168048078 0.00019115179
v -0.00347015355 -0.000419336546 -1.50808692E-05
v -0.00339614344 -0.00037138522 -1.50808692E-05
v -0.00339614344 -0.000156075359 -1.50808692E-05
v -0.00346007198 6.25818939E-05 -1.50808692E-05
v -0.00346007198 0.000183397526 -1.50808692E-05
v -0.00339614344 0.000183397526 -1.50808692E-05
v -0.00346007198 0.00126054406 -1.50808692E-05
v -0.00339614344 0.00126054406 -1.50808692E-05
v -0.00346545829 0.00137258111 -1.50808692E-05
v -0.003387145 0.0012814987 -1.50808692E-05
v -0.0032236327 0.00160383643 -1.50808692E-05
v -0.00314824213 0.00151360384 -1.50808692E-05
v -0.00292527792 0.00159273087 -1.50808692E-05
v -0.00292527792 0.00152880244 -1.50808692E-05
v -0.00269532832 0.00159273087 -1.50808692E-05
v -0.00269532832 0.00152880244 -1.50808692E-05
v -0.00269532832 0.00168499828 -1.50808692E-05
v -0.00292527792 0.00168499828 -1.50808692E-05
v -0.00330166612 0.00168049987 -1.50808692E-05
v -0.0035393557 0.00145002303 -1.50808692E-05
v -0.00355233881 0.00126054406 -1.50808692E-05
v -0.00355233881 0.000183397526 -1.50808692E-05
v -0.00355233881 -0.000419336546 -1.50808692E-05
v -0.00347015355 -0.000585365866 -7.26014378E-06
v -0.00355233881 -0.000585365866 -7.26014378E-06
v -0.00350083434 -0.000768207305 -5.95092752E-06
v -0.0035269137 -0.000768207305 -5.95092752E-06
v -0.00355233881 0.000183397526 -1.50808692E-05
v -0.00355233881 0.00126054406 -1.50808692E-05
v -0.00355233881 0.000968421693 0.000107572079
v -0.00355233881 0.000183397526 6.01714819E-05
v -0.00355233881 -0.000419336546 6.01714819E-05
v -0.00355233881 -0.000419336546 -1.50808692E-05
v -0.00355233881 -0.000585365866 -7.26014378E-06
v -0.00355233881 -0.000585365866 4.65381127E-05
v -0.0035269137 -0.000768207305 -5.95092752E-06
v -0.0035269137 -0.000768207305 1.11204381E-05
v -0.00353923393 0.00145180756 0.000112650392
v -0.00346007198 6.25818939E-05 7.34466303E-05
v -0.00339614344 -0.000156075359 7.34466303E-05
v -0.00339614344 -0.00037138522 7.34466303E-05
v -0.00347015355 -0.000419336546 7.34466303E-05
v -0.00348114339 0.000183397526 9.62498743E-05
v -0.00346007198 0.000183397526 7.34466303E-05
v -0.00346007198 0.000968421693 0.000120847224
v -0.00348114339 0.000968421693 0.000143650177
v -0.00346629764 0.00139004108 0.000114539558
v -0.0034838398 0.00140285667 0.000153020621
v -0.00350838853 0.000968421693 0.000164523721
v -0.00350578618 0.00141925574 0.000188245773
v -0.00350838853 0.000183397526 0.000117123425
v -0.00348508917 -0.000419336546 9.15917699E-05
v -0.00351082417 -0.000419336546 0.0001142478
v -0.00351082417 -0.000585365866 8.51973891E-05
v -0.00348508917 -0.000585365866 6.90004235E-05
v -0.00347015355 -0.000585365866 5.60283661E-05
v -0.00350557361 -0.000768207305 1.82482599E-05
v -0.00350083434 -0.000768207305 1.41319633E-05
v -0.00351373944 -0.000768207305 2.33879673E-05
v -0.0035206629 -0.000768207305 2.38382818E-05
v -0.0035326418 -0.000585365866 8.66159753E-05
v -0.00351082417 -0.000419336546 0.0001142478
v -0.00346007198 0.000183397526 1.24442577E-05
v -0.00339614344 -0.000156075359 1.24442577E-05
v -0.00346007198 6.25818939E-05 1.24442577E-05
v -0.00339614344 0.000183397526 1.24442577E-05
v -0.00339614344 0.00126054406 1.24442577E-05
v -0.00346007198 0.00126054406 1.24442577E-05
v -0.00338607444 0.00128399127 1.24442577E-05
v -0.00346613908 0.00138673955 1.24442577E-05
v -0.00315104122 0.00151243329 1.24442577E-05
v -0.00323731871 0.00160519651 1.24442577E-05
v -0.00292527792 0.00152880244 1.24442577E-05
v -0.00292527792 0.00159273087 1.24442577E-05
v -0.00269532832 0.00152880244 1.24442577E-05
v -0.00269532832 0.00159273087 1.24442577E-05
v -0.00346007198 6.25818939E-05 1.24442577E-05
v -0.00346007198 0.000183397526 1.24442577E-05
v -0.00346007198 0.00126054406 1.24442577E-05
v -0.00351082417 -0.000419336546 0.0001142478
v -0.0035326418 -0.000585365866 8.66159753E-05
v -0.0035326418 -0.000419336546 0.000116232331
v -0.00353148603 0.000183397526 0.000117596683
v -0.00350838853 0.000183397526 0.000117123425
v -0.00350838853 0.000968421693 0.000164523721
v -0.00353148603 0.000968421693 0.000164997269
v -0.00350578618 0.00141925574 0.000188245773
v -0.00352355093 0.0014388758 0.000189044469
v -0.00333086448 0.00158611231 0.000308663235
v -0.00335112587 0.00160455878 0.000309183291
v -0.0035326418 -0.000585365866 8.66159753E-05
v -0.0035206629 -0.000768207305 2.38382818E-05
v -0.00352528901 -0.000768207305 1.95303546E-05
v -0.00354721979 -0.000585365866 7.30407191E-05
v -0.0035326418 -0.000419336546 0.000116232331
v -0.00353148603 0.000183397526 0.000117596683
v -0.00353148603 0.000968421693 0.000164997269
v -0.00352355093 0.0014388758 0.000189044469
v -0.0034838398 0.00140285667 0.000153020621
v -0.00331513002 0.00156351144 0.000272038567
v -0.00350578618 0.00141925574 0.000188245773
v -0.00316962879 0.0015984684 0.000138131072
v -0.00333086448 0.00158611231 0.000308663235
v -0.00318584731 0.00161887647 0.000189406273
v -0.00320508238 0.00164396397 0.000238162276
v -0.00269532832 0.00159273087 1.24442577E-05
v -0.00292527792 0.00159273087 1.24442577E-05
v -0.00330243306 0.00168048195 0.00019115179
v -0.00330166612 0.00168049987 -1.50808692E-05
v -0.00292527792 0.00168499828 -1.50808692E-05
v -0.00322888256 0.00168222538 0.000174744127
v -0.00292527792 0.00168499828 0.000113428236
v -0.00269532832 0.00168499828 6.01714819E-05
v -0.00269532832 0.00168499828 -1.50808692E-05
v -0.00336521957 0.00161998929 0.000232959093
v -0.00292527792 0.00159273087 9.3123017E-05
v -0.00292527792 0.00159273087 1.24442577E-05
v -0.00323731871 0.00160519651 1.24442577E-05
v -0.00316767185 0.0015982741 0.000107279717
v -0.00323896902 0.00160536042 0.000173530876
v -0.00353923393 0.00145180756 0.000112650392
v -0.00355233881 0.000968421693 0.000107572079
v -0.00355233881 0.00126054406 -1.50808692E-05
v -0.0035393557 0.00145002303 -1.50808692E-05
v -0.00318584731 0.00161887647 0.000189406273
v -0.00292527792 0.00161380228 0.000149506333
v -0.00320508238 0.00164396397 0.000238162276
v -0.00269532832 0.00159273087 7.34466303E-05
v -0.00292527792 0.00164104754 0.000170379877
v -0.00269532832 0.00161380228 9.62498743E-05
v -0.00269532832 0.00164104754 0.000117123425
v -0.00347015355 -0.000419336546 7.75486205E-06
v -0.00347015355 -0.000585365866 9.06527021E-06
v -0.00347015355 -0.000585365866 4.1297375E-05
v -0.00347015355 -0.000419336546 5.28410055E-05
v -0.00323896902 0.00160536042 0.000173530876
v -0.00323731871 0.00160519651 1.24442577E-05
v -0.00346613908 0.00138673955 1.24442577E-05
v -0.00346007198 6.25818939E-05 1.24442577E-05
v -0.00339614344 -0.000156075359 1.24442577E-05
v -0.00353923393 0.00145180756 0.000112650392
v -0.0035393557 0.00145002303 -1.50808692E-05
v -0.00330166612 0.00168049987 -1.50808692E-05
v -0.00330243306 0.00168048195 0.00019115179
v -0.00336521957 0.00161998929 0.000232959093
v -0.00336290733 0.00161730172 0.000255076273
v -0.00353648141 0.00144986028 0.000134862363
v -0.00339614344 -0.00037138522 5.28410055E-05
v -0.00339614344 -0.000156075359 5.64536422E-05
v -0.00339614344 -0.000156075359 1.24442577E-05
v -0.00269532832 0.00166414492 0.000117596683
v -0.00269532832 0.00164104754 0.000117123425
v -0.00292527792 0.00166414492 0.000170853134
v -0.00292527792 0.00164104754 0.000170379877
v -0.00321961893 0.00166432199 0.000242499402
v -0.00320508238 0.00164396397 0.000238162276
v -0.00335112587 0.00160455878 0.000309183291
v -0.00333086448 0.00158611231 0.000308663235
v 0.00338770985 0.000183396332 -1.50808692E-05
v 0.00338771031 0.000968420471 0.000107572079
v 0.00338771031 0.00126054289 -1.50808692E-05
v 0.00338770985 0.000183396332 6.01714819E-05
v 0.00338770985 -0.000419337739 6.01714819E-05
v 0.00338770985 -0.000419337739 -1.50808692E-05
v 0.00338770985 -0.000585367088 -7.26014378E-06
v 0.00338770985 -0.000585367088 4.65381127E-05
v 0.00330552459 -0.000419337739 7.34466303E-05
v 0.00329544232 6.25807006E-05 7.34466303E-05
v 0.00329544232 0.000183396332 7.34466303E-05
v 0.00323151401 -0.000371385802 7.34466303E-05
v 0.00323151401 -0.000156076552 7.34466303E-05
v 0.00329544232 0.000183396332 1.24442577E-05
v 0.00329544232 6.25807006E-05 1.24442577E-05
v 0.00323151401 -0.000156076552 1.24442577E-05
v 0.00323151401 0.000183396332 1.24442577E-05
v 0.00323151401 0.00126054289 1.24442577E-05
v 0.00329544232 0.00126054289 1.24442577E-05
v 0.00322144572 0.00128399068 1.24442577E-05
v 0.00330151012 0.00138673838 1.24442577E-05
v 0.00298641203 0.00151243212 1.24442577E-05
v 0.00307268975 0.00160519534 1.24442577E-05
v 0.00276064873 0.00152880186 1.24442577E-05
v 0.00276064873 0.00159272971 1.24442577E-05
v 0.00253069936 0.00152880186 1.24442577E-05
v 0.00253069936 0.00159272971 1.24442577E-05
v 0.00329544232 6.25807006E-05 1.24442577E-05
v 0.00329544232 0.000183396332 1.24442577E-05
v 0.00329544232 0.00126054289 1.24442577E-05
v 0.00330151012 0.00138673838 1.24442577E-05
v 0.00330163119 0.0013892632 9.50282774E-05
v 0.00334619451 -0.000419337739 0.0001142478
v 0.00336801284 -0.000419337739 0.000116232331
v 0.00336801284 -0.000585367088 8.66159753E-05
v 0.00336685707 0.000183396332 0.000117596683
v 0.0033437591 0.000183396332 0.000117123425
v 0.0033437591 0.000968421053 0.000164523721
v 0.00336685707 0.000968420471 0.000164997269
v 0.00334115745 0.00141925446 0.000188245773
v 0.00335892197 0.00143887452 0.000189044469
v 0.00316623552 0.00158611173 0.000308663235
v 0.00318649691 0.00160455762 0.000309183291
v 0.00334619451 -0.000419337739 0.0001142478
v 0.00336801284 -0.000585367088 8.66159753E-05
v 0.00334619451 -0.000585367088 8.51973891E-05
v 0.00335603347 -0.000768207887 2.38382818E-05
v 0.00334911048 -0.000768207887 2.33879673E-05
v 0.00332045974 -0.000585367088 6.90004235E-05
v 0.00334094395 -0.000768207887 1.82482599E-05
v 0.00330552459 -0.000585367088 5.60283661E-05
v 0.00333620491 -0.000768207887 1.41319633E-05
v 0.00330552459 -0.000419337739 7.34466303E-05
v 0.00332045974 -0.000419337739 9.15917699E-05
v 0.00334619451 -0.000419337739 0.0001142478
v 0.0033437591 0.000183396332 0.000117123425
v 0.00331651373 0.000183396332 9.62498743E-05
v 0.00329544232 0.000183396332 7.34466303E-05
v 0.00329544232 0.000968421053 0.000120847224
v 0.00331651373 0.000968421053 0.000143650177
v 0.00330166868 0.0013900405 0.000114539558
v 0.0033437591 0.000968421053 0.000164523721
v 0.00331921084 0.0014028555 0.000153020621
v 0.00334115745 0.00141925446 0.000188245773
v 0.00338770985 -0.000585367088 4.65381127E-05
v 0.00338770985 -0.000585367088 -7.26014378E-06
v 0.00336228427 -0.000768207887 -5.95092752E-06
v 0.00336228427 -0.000768207887 1.11204381E-05
v 0.00338770985 -0.000419337739 6.01714819E-05
v 0.00338770985 0.000183396332 6.01714819E-05
v 0.00338771031 0.000968420471 0.000107572079
v 0.00337460521 0.0014518064 0.000112650392
v 0.00336801284 -0.000585367088 8.66159753E-05
v 0.00336065935 -0.000768207887 1.95303546E-05
v 0.00335603347 -0.000768207887 2.38382818E-05
v 0.00338259037 -0.000585367088 7.30407191E-05
v 0.00336801284 -0.000419337739 0.000116232331
v 0.00336685707 0.000183396332 0.000117596683
v 0.00336685707 0.000968420471 0.000164997269
v 0.00335892197 0.00143887452 0.000189044469
v 0.00338770985 -0.000585367088 -7.26014378E-06
v 0.00333620491 -0.000768207887 -5.95092752E-06
v 0.00336228427 -0.000768207887 -5.95092752E-06
v 0.00330552459 -0.000585367088 -7.26014378E-06
v 0.00338770985 -0.000419337739 -1.50808692E-05
v 0.00330552459 -0.000419337739 -1.50808692E-05
v 0.00338770985 0.000183396332 -1.50808692E-05
v 0.00329544232 0.000183396332 -1.50808692E-05
v 0.00338771031 0.00126054289 -1.50808692E-05
v 0.00329544232 6.25807006E-05 -1.50808692E-05
v 0.00323151401 -0.000371385802 -1.50808692E-05
v 0.00323151401 -0.000156076552 -1.50808692E-05
v 0.00323151401 0.000183396332 -1.50808692E-05
v 0.00329544232 0.00126054289 -1.50808692E-05
v 0.00337472721 0.00145002187 -1.50808692E-05
v 0.00323151401 0.00126054289 -1.50808692E-05
v 0.00330082956 0.00137257995 -1.50808692E-05
v 0.00313703716 0.00168049871 -1.50808692E-05
v 0.00322251604 0.001281498 -1.50808692E-05
v 0.00305900397 0.00160383515 -1.50808692E-05
v 0.00276064873 0.001684997 -1.50808692E-05
v 0.00298361364 0.00151360268 -1.50808692E-05
v 0.00276064873 0.00159272971 -1.50808692E-05
v 0.00253069936 0.001684997 -1.50808692E-05
v 0.00276064873 0.00152880186 -1.50808692E-05
v 0.00253069936 0.00159272971 -1.50808692E-05
v 0.00253069936 0.00152880186 -1.50808692E-05
v 0.00334115745 0.00141925446 0.000188245773
v 0.00331921084 0.0014028555 0.000153020621
v 0.00315050129 0.00156351028 0.000272038567
v 0.00316623552 0.00158611173 0.000308663235
v 0.00302121812 0.00161887577 0.000189406273
v 0.00304045319 0.00164396281 0.000238162276
v 0.00331921084 0.0014028555 0.000153020621
v 0.00315050129 0.00156351028 0.000272038567
v 0.0030049996 0.00159846782 0.000138131072
v 0.00302121812 0.00161887577 0.000189406273
v 0.00276064873 0.00159272971 1.24442577E-05
v 0.00253069936 0.00159272971 1.24442577E-05
v 0.00335892197 0.00143887452 0.000189044469
v 0.00318649691 0.00160455762 0.000309183291
v 0.00313703716 0.00168049871 -1.50808692E-05
v 0.0031378041 0.00168048078 0.00019115179
v 0.00306425383 0.00168222422 0.000174744127
v 0.00276064873 0.001684997 0.000113428236
v 0.00276064873 0.001684997 -1.50808692E-05
v 0.00253069936 0.001684997 6.01714819E-05
v 0.00253069936 0.001684997 -1.50808692E-05
v 0.00300304219 0.00159827294 0.000107279717
v 0.00307434006 0.00160535926 0.000173530876
v 0.00307268975 0.00160519534 1.24442577E-05
v 0.00276064873 0.00159272971 1.24442577E-05
v 0.00276064873 0.00159272971 9.3123017E-05
v 0.00337460521 0.0014518064 0.000112650392
v 0.00337472721 0.00145002187 -1.50808692E-05
v 0.00338771031 0.00126054289 -1.50808692E-05
v 0.00338771031 0.000968420471 0.000107572079
v 0.00330151012 0.00138673838 1.24442577E-05
v 0.00307268975 0.00160519534 1.24442577E-05
v 0.00307434006 0.00160535926 0.000173530876
v 0.00323151401 -0.000156076552 1.24442577E-05
v 0.00329544232 6.25807006E-05 1.24442577E-05
v 0.0031378041 0.00168048078 0.00019115179
v 0.00313703716 0.00168049871 -1.50808692E-05
v 0.00337472721 0.00145002187 -1.50808692E-05
v 0.00337460521 0.0014518064 0.000112650392
v 0.00320059108 0.001619988 0.000232959093
v 0.00337460521 0.0014518064 0.000112650392
v 0.00320059108 0.001619988 0.000232959093
v 0.00306213787 0.00167910696 0.000197160829
v 0.00306425383 0.00168222422 0.000174744127
v 0.00253069936 0.00166414434 0.000117596683
v 0.00253069936 0.00164104695 0.000117123425
v 0.00276064873 0.00166414434 0.000170853134
v 0.00276064873 0.00164104695 0.000170379877
v 0.0030549902 0.0016643214 0.000242499402
v 0.00304045319 0.00164396281 0.000238162276
v 0.00318649691 0.00160455762 0.000309183291
v 0.00316623552 0.00158611173 0.000308663235
v 0.00253069936 0.00164104695 0.000117123425
v 0.00253069936 0.00161380169 9.62498743E-05
v 0.00193846168 0.00156772009 3.63656873E-05
v 0.00276064873 0.00164104695 0.000170379877
v 0.00253069936 0.00159272971 7.34466303E-05
v 0.00276064873 0.00161380169 0.000149506333
v 0.00304045319 0.00164396281 0.000238162276
v 0.00276064873 0.00159272971 0.000126703075
v 0.00302121812 0.00161887577 0.000189406273
v 0.00253069936 0.00166414434 0.000117596683
v 0.00276064873 0.00166414434 0.000170853134
v 0.0030549902 0.0016643214 0.000242499402
v 0.00318649691 0.00160455762 0.000309183291
vt 0.262695312 0.676269531
vt 0.262451172 0.6875
vt 0.262451172 0.755859375
vt 0.262695312 0.676269531
vt 0.262451172 0.755859375
vt 0.262695312 0.716796875
vt 0.5234375 0.891113281
vt 0.5234375 0.851074219
vt 0.5234375 0.812011719
vt 0.5234375 0.891113281
vt 0.5234375 0.812011719
vt 0.5234375 0.879882812
vt 0.596191406 0.857910156
vt 0.596191406 0.834472656
vt 0.596191406 0.832519531
vt 0.596191406 0.866210938
vt 0.596191406 0.854003906
vt 0.596191406 0.850097656
vt 0.596191406 0.84375
vt 0.596191406 0.842773438
vt 0.492919922 0.843261719
vt 0.492919922 0.833007812
vt 0.492919922 0.806640625
vt 0.492919922 0.840820312
vt 0.498291016 0.843261719
vt 0.498291016 0.833007812
vt 0.492919922 0.833007812
vt 0.492919922 0.843261719
vt 0.590820312 0.832519531
vt 0.590820312 0.866210938
vt 0.596191406 0.866210938
vt 0.596191406 0.832519531
vt 0.257568359 0.889648438
vt 0.257568359 0.891113281
vt 0.257324219 0.676269531
vt 0.257324219 0.716796875
vt 0.354003906 0.691894531
vt 0.354003906 0.676269531
vt 0.349365234 0.676269531
vt 0.349365234 0.691894531
vt 0.301025391 0.842285156
vt 0.301025391 0.8828125
vt 0.306396484 0.8828125
vt 0.306396484 0.842285156
vt 0.444824219 0.676269531
vt 0.444824219 0.686523438
vt 0.445800781 0.759765625
vt 0.445800781 0.742675781
vt 0.450195312 0.686523438
vt 0.450195312 0.676269531
vt 0.448974609 0.742675781
vt 0.448974609 0.759765625
vt 0.354492188 0.864746094
vt 0.354492188 0.854492188
vt 0.349365234 0.854492188
vt 0.349365234 0.864746094
vt 0.448974609 0.759765625
vt 0.448974609 0.742675781
vt 0.445800781 0.742675781
vt 0.445800781 0.759765625
vt 0.354003906 0.691894531
vt 0.354003906 0.723144531
vt 0.354003906 0.681152344
vt 0.354003906 0.676269531
vt 0.354003906 0.8359375
vt 0.354003906 0.799804688
vt 0.354003906 0.723144531
vt 0.354003906 0.691894531
vt 0.262207031 0.891113281
vt 0.262207031 0.887695312
vt 0.262451172 0.6875
vt 0.262695312 0.676269531
vt 0.262451172 0.874511719
vt 0.262451172 0.845703125
vt 0.262451172 0.755371094
vt 0.262451172 0.703613281
vt 0.596191406 0.844238281
vt 0.596191406 0.837402344
vt 0.596191406 0.85546875
vt 0.596191406 0.848632812
vt 0.875976562 0.884277344
vt 0.875976562 0.882324219
vt 0.875976562 0.91015625
vt 0.875976562 0.908691406
vt 0.875976562 0.691894531
vt 0.875976562 0.662597656
vt 0.875976562 0.667480469
vt 0.875976562 0.710449219
vt 0.56640625 0.854492188
vt 0.56640625 0.866210938
vt 0.56640625 0.832519531
vt 0.56640625 0.844238281
vt 0.547851562 0.832519531
vt 0.542480469 0.832519531
vt 0.542480469 0.842773438
vt 0.547851562 0.842773438
vt 0.56640625 0.866210938
vt 0.571777344 0.866210938
vt 0.571777344 0.832519531
vt 0.56640625 0.832519531
vt 0.518554688 0.677734375
vt 0.518066406 0.851074219
vt 0.518066406 0.891113281
vt 0.518554688 0.676269531
vt 0.377441406 0.8203125
vt 0.372802734 0.8203125
vt 0.372802734 0.8359375
vt 0.377685547 0.8359375
vt 0.325195312 0.716796875
vt 0.330566406 0.716796875
vt 0.330566406 0.676269531
vt 0.325195312 0.676269531
vt 0.468994141 0.759765625
vt 0.469970703 0.693847656
vt 0.469970703 0.676269531
vt 0.468994141 0.749511719
vt 0.474121094 0.749511719
vt 0.473144531 0.676269531
vt 0.473144531 0.693847656
vt 0.474121094 0.759765625
vt 0.444824219 0.867675781
vt 0.450195312 0.867675781
vt 0.450195312 0.857421875
vt 0.444824219 0.857421875
vt 0.473144531 0.676269531
vt 0.469970703 0.676269531
vt 0.469970703 0.693847656
vt 0.473144531 0.693847656
vt 0.377441406 0.8203125
vt 0.377685547 0.8359375
vt 0.377685547 0.831054688
vt 0.377441406 0.7890625
vt 0.377441406 0.676269531
vt 0.377441406 0.8203125
vt 0.377441406 0.7890625
vt 0.377685547 0.712402344
vt 0.5234375 0.676269531
vt 0.5234375 0.891113281
vt 0.5234375 0.879882812
vt 0.5234375 0.6796875
vt 0.5234375 0.693359375
vt 0.5234375 0.863769531
vt 0.5234375 0.8125
vt 0.5234375 0.721679688
vt 0.614746094 0.856445312
vt 0.614746094 0.852539062
vt 0.614746094 0.834960938
vt 0.614746094 0.854003906
vt 0.505859375 0.0102157593
vt 0.733398438 0.0102157593
vt 0.733398438 0.0102157593
vt 0.505859375 0.0102157593
vt 0.733398438 0.597167969
vt 0.732421875 0.656738281
vt 0.733398438 0.656738281
vt 0.733398438 0.597167969
vt 0.258544922 0.656738281
vt 0.485351562 0.657714844
vt 0.485839844 0.656738281
vt 0.258544922 0.656738281
vt 0.981933594 0.597167969
vt 0.981933594 0.656738281
vt 0.990722656 0.656738281
vt 0.990722656 0.597167969
vt 0.981933594 0.333740234
vt 0.990722656 0.333740234
vt 0.981933594 0.0700683594
vt 0.990722656 0.0700683594
vt 0.981933594 0.00939941406
vt 0.990722656 0.0104751587
vt 0.733398438 0.597167969
vt 0.505859375 0.597167969
vt 0.505859375 0.657714844
vt 0.732421875 0.656738281
vt 0.258056641 0.0698242188
vt 0.272949219 0.129638672
vt 0.273193359 0.129638672
vt 0.258544922 0.0698242188
vt 0.258056641 0.0102157593
vt 0.258056641 0.0698242188
vt 0.258544922 0.0698242188
vt 0.258544922 0.0102157593
vt 0.484619141 0.069152832
vt 0.484619141 0.0112686157
vt 0.259521484 0.0112686157
vt 0.259521484 0.069152832
vt 0.484619141 0.333496094
vt 0.274169922 0.129272461
vt 0.274169922 0.431640625
vt 0.484619141 0.59765625
vt 0.259521484 0.59765625
vt 0.484619141 0.655761719
vt 0.259521484 0.655761719
vt 0.273193359 0.431152344
vt 0.273193359 0.129638672
vt 0.272949219 0.129638672
vt 0.272949219 0.431152344
vt 0.272949219 0.431152344
vt 0.258056641 0.597167969
vt 0.258544922 0.597167969
vt 0.273193359 0.431152344
vt 0.444824219 0.838378906
vt 0.447021484 0.838378906
vt 0.447021484 0.778808594
vt 0.444824219 0.778808594
vt 0.23840332 0.00939941406
vt 0.237304688 0.0695800781
vt 0.23840332 0.0692138672
vt 0.237304688 0.00986480713
vt 0.230102539 0.0162811279
vt 0.230102539 0.07421875
vt 0.0189361572 0.650390625
vt 0.230102539 0.650390625
vt 0.230102539 0.592773438
vt 0.0189361572 0.592773438
vt 0.230102539 0.333496094
vt 0.0326538086 0.534667969
vt 0.0326538086 0.23840332
vt 0.230102539 0.07421875
vt 0.0189361572 0.07421875
vt 0.230102539 0.0162811279
vt 0.0189361572 0.0162811279
vt 0.230102539 0.0162811279
vt 0.018951416 0.0162811279
vt 0.0189361572 0.0162811279
vt 0.230102539 0.0162811279
vt 0.963378906 0.00939941406
vt 0.962890625 0.00939941406
vt 0.962890625 0.0673217773
vt 0.963378906 0.0673217773
vt 0.752441406 0.0673217773
vt 0.752441406 0.00939941406
vt 0.751953125 0.00939941406
vt 0.751953125 0.0673217773
vt 0.0895385742 0.879394531
vt 0.0989379883 0.896484375
vt 0.0989379883 0.896484375
vt 0.552734375 0.676269531
vt 0.552246094 0.676757812
vt 0.548828125 0.677246094
vt 0.547851562 0.677246094
vt 0.547851562 0.677246094
vt 0.548339844 0.677246094
vt 0.548828125 0.677246094
vt 0.547851562 0.677246094
vt 0.548339844 0.677246094
vt 0.552734375 0.676269531
vt 0.548828125 0.677246094
vt 0.549804688 0.676757812
vt 0.548828125 0.677246094
vt 0.548339844 0.677246094
vt 0.547851562 0.677246094
vt 0.397949219 0.862304688
vt 0.396484375 0.869140625
vt 0.400878906 0.875488281
vt 0.849121094 0.665527344
vt 0.849609375 0.666503906
vt 0.850585938 0.666015625
vt 0.421142578 0.853027344
vt 0.424072266 0.840332031
vt 0.419677734 0.846679688
vt 0.89453125 0.876953125
vt 0.89453125 0.905273438
vt 0.899902344 0.905273438
vt 0.899902344 0.662597656
vt 0.89453125 0.705078125
vt 0.89453125 0.662597656
vt 0.492919922 0.833007812
vt 0.498291016 0.833007812
vt 0.498291016 0.806640625
vt 0.492919922 0.806640625
vt 0.305908203 0.676269531
vt 0.301269531 0.676269531
vt 0.301025391 0.842285156
vt 0.306396484 0.842285156
vt 0.257568359 0.891113281
vt 0.262207031 0.891113281
vt 0.262695312 0.676269531
vt 0.257324219 0.676269531
vt 0.396484375 0.821289062
vt 0.401855469 0.821289062
vt 0.400634766 0.676269531
vt 0.397460938 0.676269531
vt 0.450195312 0.676269531
vt 0.444824219 0.676269531
vt 0.445800781 0.742675781
vt 0.448974609 0.742675781
vt 0.262451172 0.6875
vt 0.262451172 0.755859375
vt 0.262207031 0.848144531
vt 0.354003906 0.723632812
vt 0.354003906 0.692871094
vt 0.262451172 0.874511719
vt 0.262451172 0.703613281
vt 0.262451172 0.6875
vt 0.870605469 0.667480469
vt 0.870605469 0.91015625
vt 0.875976562 0.91015625
vt 0.875976562 0.882324219
vt 0.875976562 0.710449219
vt 0.875976562 0.667480469
vt 0.542480469 0.842773438
vt 0.542480469 0.868652344
vt 0.547851562 0.868652344
vt 0.547851562 0.842773438
vt 0.330078125 0.8828125
vt 0.330566406 0.716796875
vt 0.325195312 0.716796875
vt 0.325439453 0.8828125
vt 0.518554688 0.676269531
vt 0.518066406 0.891113281
vt 0.5234375 0.891113281
vt 0.5234375 0.676269531
vt 0.426025391 0.821289062
vt 0.424804688 0.676269531
vt 0.421630859 0.676269531
vt 0.420654297 0.821289062
vt 0.474121094 0.759765625
vt 0.473144531 0.693847656
vt 0.469970703 0.693847656
vt 0.468994141 0.759765625
vt 0.5234375 0.879882812
vt 0.5234375 0.812011719
vt 0.5234375 0.719238281
vt 0.377685547 0.819335938
vt 0.377441406 0.788574219
vt 0.5234375 0.879882812
vt 0.5234375 0.863769531
vt 0.5234375 0.693359375
vt 0.733398438 0.0102157593
vt 0.505859375 0.0102157593
vt 0.505859375 0.0698242188
vt 0.733398438 0.0698242188
vt 0.258056641 0.0102157593
vt 0.485351562 0.0102157593
vt 0.486083984 0.00939941406
vt 0.257324219 0.00939941406
vt 0.258056641 0.0698242188
vt 0.257324219 0.0692138672
vt 0.272216797 0.129394531
vt 0.272949219 0.129638672
vt 0.272216797 0.431640625
vt 0.272949219 0.431152344
vt 0.257324219 0.59765625
vt 0.258056641 0.597167969
vt 0.258544922 0.656738281
vt 0.257324219 0.657714844
vt 0.485351562 0.657714844
vt 0.486083984 0.657714844
vt 0.505859375 0.0102157593
vt 0.504882812 0.00939941406
vt 0.504882812 0.0692138672
vt 0.505859375 0.0698242188
vt 0.505859375 0.333496094
vt 0.504882812 0.333496094
vt 0.504882812 0.59765625
vt 0.505859375 0.597167969
vt 0.281494141 0.940429688
vt 0.282226562 0.940917969
vt 0.282226562 0.676269531
vt 0.281494141 0.677246094
vt 0.485351562 0.657714844
vt 0.486083984 0.657714844
vt 0.486083984 0.59765625
vt 0.485351562 0.597167969
vt 0.752441406 0.326660156
vt 0.751953125 0.326660156
vt 0.752441406 0.5859375
vt 0.751953125 0.5859375
vt 0.752441406 0.643554688
vt 0.751953125 0.643554688
vt 0.963378906 0.0673217773
vt 0.962890625 0.0673217773
vt 0.94921875 0.231567383
vt 0.94921875 0.231567383
vt 0.94921875 0.52734375
vt 0.94921875 0.52734375
vt 0.962890625 0.5859375
vt 0.963378906 0.5859375
vt 0.963378906 0.643554688
vt 0.752441406 0.643554688
vt 0.751953125 0.643554688
vt 0.962890625 0.643554688
vt 0.963378906 0.5859375
vt 0.962890625 0.5859375
vt 0.962890625 0.643554688
vt 0.963378906 0.643554688
vt 0.94921875 0.231567383
vt 0.94921875 0.231567383
vt 0.94921875 0.52734375
vt 0.94921875 0.52734375
vt 0.720214844 0.70703125
vt 0.720214844 0.70703125
vt 0.723144531 0.714355469
vt 0.723632812 0.714355469
vt 0.353759766 0.886230469
vt 0.352783203 0.885742188
vt 0.352539062 0.892089844
vt 0.353759766 0.893066406
vt 0.0989379883 0.896484375
vt 0.0895996094 0.879394531
vt 0.0895385742 0.879394531
vt 0.0747680664 0.852539062
vt 0.0895996094 0.879394531
vt 0.0747680664 0.852539062
vt 0.0747680664 0.852539062
vt 0.0278625488 0.767089844
vt 0.0278778076 0.767089844
vt 0.727539062 0.693847656
vt 0.733398438 0.677734375
vt 0.733398438 0.677734375
vt 0.727539062 0.693847656
vt 0.0957641602 0.903808594
vt 0.103027344 0.916992188
vt 0.103027344 0.916992188
vt 0.0958251953 0.903808594
vt 0.733398438 0.677734375
vt 0.733398438 0.677734375
vt 0.731445312 0.676269531
vt 0.731445312 0.676757812
vt 0.733398438 0.677734375
vt 0.733398438 0.677734375
vt 0.731445312 0.676757812
vt 0.732910156 0.677734375
vt 0.731445312 0.676757812
vt 0.732421875 0.677246094
vt 0.731933594 0.676757812
vt 0.106689453 0.680175781
vt 0.105651855 0.676269531
vt 0.104797363 0.676757812
vt 0.10748291 0.6796875
vt 0.107971191 0.682617188
vt 0.108764648 0.682128906
vt 0.553222656 0.677734375
vt 0.552734375 0.676269531
vt 0.549804688 0.676757812
vt 0.550292969 0.677734375
vt 0.548828125 0.677246094
vt 0.549316406 0.678222656
vt 0.548339844 0.677246094
vt 0.548828125 0.678222656
vt 0.547851562 0.677246094
vt 0.547851562 0.678222656
vt 0.553710938 0.732910156
vt 0.552734375 0.732910156
vt 0.552246094 0.754882812
vt 0.551269531 0.754882812
vt 0.55078125 0.783203125
vt 0.549316406 0.783691406
vt 0.547363281 0.796875
vt 0.545410156 0.796875
vt 0.557128906 0.811523438
vt 0.555175781 0.811523438
vt 0.595703125 0.885253906
vt 0.595703125 0.891601562
vt 0.596191406 0.893554688
vt 0.596191406 0.88671875
vt 0.674316406 0.887207031
vt 0.659179688 0.875488281
vt 0.658691406 0.875488281
vt 0.674316406 0.887695312
vt 0.690917969 0.8984375
vt 0.690917969 0.8984375
vt 0.732421875 0.927734375
vt 0.732421875 0.928222656
vt 0.733398438 0.928710938
vt 0.733398438 0.928710938
vt 0.65234375 0.845703125
vt 0.658691406 0.875488281
vt 0.659179688 0.875488281
vt 0.65234375 0.845214844
vt 0.65234375 0.845214844
vt 0.65234375 0.843261719
vt 0.65234375 0.843261719
vt 0.65234375 0.845703125
vt 0.10748291 0.6796875
vt 0.108764648 0.682128906
vt 0.108764648 0.682128906
vt 0.10748291 0.6796875
vt 0.731445312 0.930175781
vt 0.731933594 0.930664062
vt 0.733398438 0.928710938
vt 0.732421875 0.928222656
vt 0.729980469 0.932128906
vt 0.730957031 0.932617188
vt 0.731445312 0.931640625
vt 0.73046875 0.931152344
vt 0.731933594 0.931152344
vt 0.730957031 0.930664062
vt 0.729492188 0.933105469
vt 0.73046875 0.93359375
vt 0.730957031 0.932617188
vt 0.729980469 0.932128906
vt 0.730957031 0.930664062
vt 0.731933594 0.930664062
vt 0.731445312 0.930175781
vt 0.731933594 0.931152344
vt 0.730957031 0.930664062
vt 0.731933594 0.931152344
vt 0.687988281 0.903808594
vt 0.687988281 0.903808594
vt 0.671386719 0.893066406
vt 0.671386719 0.893066406
vt 0.653808594 0.881835938
vt 0.653808594 0.881835938
vt 0.0989990234 0.896484375
vt 0.0989990234 0.896484375
vt 0.0895996094 0.879394531
vt 0.0895996094 0.879394531
vt 0.492919922 0.6875
vt 0.492919922 0.760742188
vt 0.492919922 0.760742188
vt 0.492919922 0.6875
vt 0.492919922 0.676269531
vt 0.492919922 0.676269531
vt 0.633789062 0.852050781
vt 0.653808594 0.813476562
vt 0.633789062 0.852050781
vt 0.654296875 0.813476562
vt 0.688476562 0.750976562
vt 0.688476562 0.750976562
vt 0.71484375 0.703613281
vt 0.714355469 0.703125
vt 0.721679688 0.689941406
vt 0.721679688 0.690429688
vt 0.731445312 0.676757812
vt 0.731445312 0.676757812
vt 0.720214844 0.70703125
vt 0.720214844 0.70703125
vt 0.723632812 0.714355469
vt 0.723632812 0.714355469
vt 0.727539062 0.693847656
vt 0.733398438 0.677734375
vt 0.733398438 0.677734375
vt 0.727539062 0.693847656
vt 0.0957641602 0.903808594
vt 0.102966309 0.916992188
vt 0.103027344 0.916992188
vt 0.0957641602 0.903808594
vt 0.653808594 0.881835938
vt 0.646484375 0.87109375
vt 0.645996094 0.87109375
vt 0.653808594 0.881835938
vt 0.641601562 0.850585938
vt 0.645996094 0.87109375
vt 0.646484375 0.87109375
vt 0.641601562 0.850585938
vt 0.838867188 0.889648438
vt 0.841796875 0.882324219
vt 0.841796875 0.882324219
vt 0.838378906 0.889648438
vt 0.497558594 0.868652344
vt 0.497558594 0.861816406
vt 0.496337891 0.862792969
vt 0.496337891 0.869140625
vt 0.832519531 0.865722656
vt 0.841796875 0.8828125
vt 0.841796875 0.8828125
vt 0.832519531 0.865722656
vt 0.817871094 0.838867188
vt 0.817871094 0.838867188
vt 0.770996094 0.753417969
vt 0.770996094 0.753417969
vt 0.770507812 0.751464844
vt 0.770507812 0.750976562
vt 0.77734375 0.721679688
vt 0.77734375 0.721679688
vt 0.845703125 0.902832031
vt 0.8515625 0.918945312
vt 0.8515625 0.918945312
vt 0.845703125 0.902832031
vt 0.838867188 0.889648438
vt 0.838378906 0.889648438
vt 0.850097656 0.920410156
vt 0.850097656 0.920410156
vt 0.8515625 0.918945312
vt 0.8515625 0.918945312
vt 0.8515625 0.918945312
vt 0.8515625 0.918945312
vt 0.850097656 0.920410156
vt 0.8515625 0.919433594
vt 0.850097656 0.920410156
vt 0.850585938 0.919433594
vt 0.850097656 0.919921875
vt 0.224853516 0.930175781
vt 0.222900391 0.93359375
vt 0.223754883 0.934082031
vt 0.225708008 0.930664062
vt 0.226196289 0.927734375
vt 0.226928711 0.928710938
vt 0.598632812 0.8125
vt 0.595703125 0.812988281
vt 0.598632812 0.813476562
vt 0.595703125 0.812011719
vt 0.594726562 0.812988281
vt 0.594726562 0.812011719
vt 0.594238281 0.812988281
vt 0.594238281 0.811523438
vt 0.593261719 0.8125
vt 0.593261719 0.811523438
vt 0.599121094 0.756835938
vt 0.598144531 0.756835938
vt 0.59765625 0.735351562
vt 0.596679688 0.734863281
vt 0.596679688 0.706542969
vt 0.595214844 0.706542969
vt 0.592773438 0.693359375
vt 0.590820312 0.692871094
vt 0.602539062 0.678710938
vt 0.601074219 0.678222656
vt 0.590820312 0.692871094
vt 0.592773438 0.693359375
vt 0.577148438 0.893554688
vt 0.577148438 0.891601562
vt 0.577148438 0.885253906
vt 0.577148438 0.887207031
vt 0.79296875 0.709472656
vt 0.77734375 0.721679688
vt 0.77734375 0.721679688
vt 0.79296875 0.709472656
vt 0.809082031 0.698242188
vt 0.809082031 0.698242188
vt 0.851074219 0.668945312
vt 0.851074219 0.668945312
vt 0.8515625 0.668457031
vt 0.8515625 0.668457031
vt 0.850585938 0.666015625
vt 0.8515625 0.668457031
vt 0.8515625 0.668457031
vt 0.850585938 0.666015625
vt 0.850097656 0.665039062
vt 0.850585938 0.666015625
vt 0.850585938 0.666015625
vt 0.848632812 0.662597656
vt 0.849609375 0.6640625
vt 0.849121094 0.663085938
vt 0.848632812 0.662597656
vt 0.848632812 0.662597656
vt 0.848632812 0.662597656
vt 0.849609375 0.666503906
vt 0.851074219 0.668945312
vt 0.8515625 0.668457031
vt 0.850585938 0.666015625
vt 0.848632812 0.664550781
vt 0.850097656 0.665039062
vt 0.849609375 0.6640625
vt 0.849121094 0.665527344
vt 0.850585938 0.666015625
vt 0.848144531 0.663574219
vt 0.848632812 0.664550781
vt 0.849609375 0.6640625
vt 0.849121094 0.663085938
vt 0.849609375 0.666503906
vt 0.849609375 0.666503906
vt 0.850585938 0.666015625
vt 0.850585938 0.666015625
vt 0.849609375 0.666503906
vt 0.850585938 0.666015625
vt 0.806152344 0.692871094
vt 0.806152344 0.692871094
vt 0.789550781 0.704101562
vt 0.789550781 0.704101562
vt 0.771972656 0.715332031
vt 0.772460938 0.715332031
vt 0.841796875 0.882324219
vt 0.832519531 0.865234375
vt 0.832519531 0.865234375
vt 0.841796875 0.882324219
vt 0.812988281 0.841308594
vt 0.778808594 0.779296875
vt 0.778808594 0.779296875
vt 0.812988281 0.841796875
vt 0.818359375 0.851074219
vt 0.818359375 0.851074219
vt 0.752441406 0.744628906
vt 0.752441406 0.744628906
vt 0.772460938 0.783691406
vt 0.772460938 0.783203125
vt 0.806640625 0.845703125
vt 0.806640625 0.845703125
vt 0.833007812 0.893554688
vt 0.833007812 0.893554688
vt 0.840332031 0.906738281
vt 0.840332031 0.906738281
vt 0.850097656 0.920410156
vt 0.850097656 0.920410156
vt 0.838867188 0.890136719
vt 0.841796875 0.8828125
vt 0.841796875 0.8828125
vt 0.838867188 0.890136719
vt 0.846191406 0.903320312
vt 0.8515625 0.918945312
vt 0.8515625 0.918945312
vt 0.846191406 0.903320312
vt 0.838867188 0.890136719
vt 0.838867188 0.890136719
vt 0.772460938 0.715332031
vt 0.771972656 0.715332031
vt 0.764648438 0.725585938
vt 0.764648438 0.725585938
vt 0.760253906 0.74609375
vt 0.760253906 0.74609375
vt 0.764648438 0.725585938
vt 0.764648438 0.725585938
vt 0.258544922 0.0698242188
vt 0.258544922 0.0102157593
vt 0.273193359 0.129638672
vt 0.485839844 0.0102157593
vt 0.273193359 0.431152344
vt 0.485839844 0.0698242188
vt 0.258544922 0.597167969
vt 0.485839844 0.333496094
vt 0.258544922 0.656738281
vt 0.485839844 0.597167969
vt 0.485839844 0.656738281
vt 0.614746094 0.832519531
vt 0.614746094 0.856933594
vt 0.614746094 0.851074219
vt 0.614746094 0.858398438
vt 0.718261719 0.431152344
vt 0.618652344 0.333496094
vt 0.505859375 0.333496094
vt 0.718261719 0.129638672
vt 0.272216797 0.129394531
vt 0.272216797 0.129394531
vt 0.272216797 0.431640625
vt 0.272216797 0.431640625
vt 0.939941406 0.662597656
vt 0.939941406 0.662597656
vt 0.939941406 0.926757812
vt 0.939941406 0.926757812
vt 0.486083984 0.657714844
vt 0.257324219 0.657714844
vt 0.257324219 0.657714844
vt 0.486083984 0.657714844
vt 0.272216797 0.431640625
vt 0.272216797 0.431640625
vt 0.257324219 0.59765625
vt 0.257324219 0.59765625
vt 0.257324219 0.657714844
vt 0.257324219 0.59765625
vt 0.257324219 0.59765625
vt 0.257324219 0.657714844
vt 0.257324219 0.0692138672
vt 0.257324219 0.0692138672
vt 0.272216797 0.129394531
vt 0.272216797 0.129394531
vt 0.00939941406 0.657714844
vt 0.23840332 0.657714844
vt 0.23840332 0.657714844
vt 0.00942230225 0.657714844
vt 0.468994141 0.778808594
vt 0.468994141 0.778808594
vt 0.468994141 0.838378906
vt 0.468994141 0.838378906
vt 0.918945312 0.926757812
vt 0.921386719 0.926757812
vt 0.921386719 0.662597656
vt 0.918945312 0.662597656
vt 0.257324219 0.0692138672
vt 0.257324219 0.00939941406
vt 0.257324219 0.00939941406
vt 0.257324219 0.0692138672
vt 0.23840332 0.333496094
vt 0.237304688 0.333496094
vt 0.230102539 0.333496094
vt 0.237304688 0.597167969
vt 0.23840332 0.59765625
vt 0.230102539 0.592773438
vt 0.23840332 0.657714844
vt 0.237304688 0.657226562
vt 0.230102539 0.650390625
vt 0.00942230225 0.657714844
vt 0.0104293823 0.657226562
vt 0.018951416 0.650390625
vt 0.00942230225 0.59765625
vt 0.0104293823 0.597167969
vt 0.018951416 0.592773438
vt 0.025177002 0.537109375
vt 0.024307251 0.537597656
vt 0.0326843262 0.534667969
vt 0.025177002 0.235473633
vt 0.024307251 0.235351562
vt 0.0326843262 0.23840332
vt 0.0104293823 0.0695800781
vt 0.00942230225 0.0692138672
vt 0.018951416 0.07421875
vt 0.00942230225 0.00939941406
vt 0.0104293823 0.00986480713
vt 0.018951416 0.0162811279
vt 0.492919922 0.6875
vt 0.492919922 0.760742188
vt 0.492919922 0.787597656
vt 0.542480469 0.796386719
vt 0.546875 0.783203125
vt 0.542480469 0.796386719
vt 0.549316406 0.755371094
vt 0.55078125 0.733398438
vt 0.555175781 0.811523438
vt 0.542480469 0.796386719
vt 0.552246094 0.811035156
vt 0.642089844 0.850097656
vt 0.647949219 0.840332031
vt 0.660644531 0.817382812
vt 0.642089844 0.850097656
vt 0.660644531 0.817382812
vt 0.641601562 0.850585938
vt 0.471191406 0.857421875
vt 0.468994141 0.864746094
vt 0.471191406 0.87109375
vt 0.770019531 0.714355469
vt 0.375732422 0.868164062
vt 0.375732422 0.854492188
vt 0.373291016 0.860839844
vt 0.0957641602 0.903808594
vt 0.0989379883 0.896484375
vt 0.0895385742 0.879394531
vt 0.0755004883 0.865234375
vt 0.0702514648 0.85546875
vt 0.0747680664 0.852539062
vt 0.0233001709 0.770019531
vt 0.0278625488 0.767089844
vt 0.0180358887 0.76171875
vt 0.0275878906 0.765136719
vt 0.0252075195 0.731445312
vt 0.0345153809 0.734863281
vt 0.0469665527 0.717773438
vt 0.0497436523 0.723144531
vt 0.0633544922 0.70703125
vt 0.0661621094 0.711914062
vt 0.0593261719 0.699707031
vt 0.0429382324 0.710449219
vt 0.0163116455 0.729003906
vt 0.00939941406 0.758789062
vt 0.0167236328 0.774414062
vt 0.063659668 0.859863281
vt 0.0899047852 0.907714844
vt 0.102966309 0.916992188
vt 0.0971069336 0.920898438
vt 0.108764648 0.933105469
vt 0.106933594 0.934082031
vt 0.688476562 0.750488281
vt 0.641113281 0.8359375
vt 0.653808594 0.812988281
vt 0.687988281 0.750976562
vt 0.714355469 0.703125
vt 0.714355469 0.702636719
vt 0.721679688 0.689941406
vt 0.721679688 0.689941406
vt 0.731445312 0.676269531
vt 0.731445312 0.676757812
vt 0.633789062 0.852050781
vt 0.699707031 0.745605469
vt 0.713867188 0.731445312
vt 0.723144531 0.714355469
vt 0.720214844 0.70703125
vt 0.692871094 0.754394531
vt 0.694824219 0.755371094
vt 0.66015625 0.817871094
vt 0.658691406 0.816894531
vt 0.641601562 0.850585938
vt 0.639648438 0.851074219
vt 0.656738281 0.815429688
vt 0.637207031 0.8515625
vt 0.690917969 0.752929688
vt 0.719238281 0.706542969
vt 0.717285156 0.705078125
vt 0.724609375 0.691894531
vt 0.7265625 0.693359375
vt 0.727539062 0.693847656
vt 0.732910156 0.677734375
vt 0.733398438 0.677734375
vt 0.732421875 0.677246094
vt 0.731933594 0.676757812
vt 0.723144531 0.690917969
vt 0.717285156 0.705078125
vt 0.694824219 0.754882812
vt 0.713867188 0.731445312
vt 0.700195312 0.745605469
vt 0.69921875 0.758300781
vt 0.65234375 0.843261719
vt 0.647949219 0.840332031
vt 0.65234375 0.845703125
vt 0.642089844 0.850097656
vt 0.658691406 0.875488281
vt 0.648925781 0.878417969
vt 0.674316406 0.887695312
vt 0.671386719 0.892578125
vt 0.690917969 0.8984375
vt 0.687988281 0.903808594
vt 0.492919922 0.676757812
vt 0.492919922 0.687988281
vt 0.492919922 0.787597656
vt 0.717285156 0.705078125
vt 0.723144531 0.690917969
vt 0.715820312 0.704101562
vt 0.689453125 0.751953125
vt 0.690917969 0.752929688
vt 0.656738281 0.815429688
vt 0.655273438 0.814453125
vt 0.637207031 0.8515625
vt 0.635253906 0.852050781
vt 0.642089844 0.873535156
vt 0.640136719 0.874023438
vt 0.723144531 0.690917969
vt 0.731933594 0.676757812
vt 0.731445312 0.676757812
vt 0.721679688 0.690429688
vt 0.715820312 0.704101562
vt 0.689453125 0.751953125
vt 0.655273438 0.814453125
vt 0.635253906 0.852050781
vt 0.639648438 0.851074219
vt 0.64453125 0.872558594
vt 0.637207031 0.8515625
vt 0.653808594 0.881835938
vt 0.642089844 0.873535156
vt 0.651367188 0.8828125
vt 0.648925781 0.883789062
vt 0.687988281 0.903808594
vt 0.671386719 0.892578125
vt 0.552246094 0.790039062
vt 0.569335938 0.787109375
vt 0.564941406 0.752929688
vt 0.552734375 0.783203125
vt 0.554199219 0.754394531
vt 0.555664062 0.732421875
vt 0.562011719 0.731445312
vt 0.548828125 0.796386719
vt 0.400878906 0.840332031
vt 0.400878906 0.840332031
vt 0.396484375 0.868652344
vt 0.397949219 0.862304688
vt 0.396484375 0.869140625
vt 0.55859375 0.811523438
vt 0.553222656 0.813476562
vt 0.566894531 0.811035156
vt 0.569335938 0.809570312
vt 0.651367188 0.8828125
vt 0.670410156 0.89453125
vt 0.648925781 0.883789062
vt 0.687988281 0.903808594
vt 0.668945312 0.896972656
vt 0.687011719 0.905761719
vt 0.685546875 0.907714844
vt 0.0957641602 0.903808594
vt 0.103027344 0.916992188
vt 0.103027344 0.916992188
vt 0.0957641602 0.903808594
vt 0.6484375 0.87890625
vt 0.648925781 0.878417969
vt 0.642089844 0.850097656
vt 0.349365234 0.883789062
vt 0.349365234 0.890136719
vt 0.55859375 0.811523438
vt 0.569335938 0.809570312
vt 0.569335938 0.787109375
vt 0.552246094 0.790039062
vt 0.548828125 0.796386719
vt 0.547363281 0.796875
vt 0.557128906 0.811523438
vt 0.0989990234 0.896484375
vt 0.0895996094 0.879394531
vt 0.0895996094 0.879394531
vt 0.684570312 0.909667969
vt 0.685546875 0.907714844
vt 0.66796875 0.898925781
vt 0.668945312 0.896972656
vt 0.646972656 0.884765625
vt 0.648925781 0.883789062
vt 0.640136719 0.874023438
vt 0.642089844 0.873535156
vt 0.181762695 0.750488281
vt 0.147705078 0.8125
vt 0.134887695 0.8359375
vt 0.181884766 0.750488281
vt 0.208129883 0.702636719
vt 0.208007812 0.702636719
vt 0.215332031 0.689453125
vt 0.215332031 0.689453125
vt 0.838378906 0.889648438
vt 0.818359375 0.851074219
vt 0.812988281 0.841308594
vt 0.841796875 0.882324219
vt 0.832519531 0.865234375
vt 0.812988281 0.841796875
vt 0.818359375 0.851074219
vt 0.832519531 0.865722656
vt 0.817871094 0.838867188
vt 0.770996094 0.753417969
vt 0.766113281 0.756347656
vt 0.770507812 0.750976562
vt 0.760253906 0.746582031
vt 0.77734375 0.721679688
vt 0.767089844 0.718261719
vt 0.79296875 0.709472656
vt 0.790039062 0.704101562
vt 0.809082031 0.698242188
vt 0.806152344 0.693359375
vt 0.818359375 0.851074219
vt 0.812988281 0.841796875
vt 0.766113281 0.756347656
vt 0.760253906 0.746582031
vt 0.760253906 0.74609375
vt 0.835449219 0.891601562
vt 0.833984375 0.892578125
vt 0.841308594 0.905761719
vt 0.808105469 0.844726562
vt 0.809570312 0.84375
vt 0.775390625 0.78125
vt 0.7734375 0.782714844
vt 0.755859375 0.745605469
vt 0.753417969 0.744628906
vt 0.760742188 0.723144531
vt 0.758300781 0.72265625
vt 0.835449219 0.891601562
vt 0.841308594 0.905761719
vt 0.842773438 0.904785156
vt 0.850097656 0.919921875
vt 0.850585938 0.919433594
vt 0.844726562 0.903808594
vt 0.8515625 0.919433594
vt 0.845703125 0.902832031
vt 0.8515625 0.918945312
vt 0.838378906 0.889648438
vt 0.837402344 0.890136719
vt 0.835449219 0.891601562
vt 0.809570312 0.84375
vt 0.811523438 0.842285156
vt 0.812988281 0.841308594
vt 0.778808594 0.779296875
vt 0.77734375 0.780273438
vt 0.760253906 0.74609375
vt 0.775390625 0.78125
vt 0.758300781 0.74609375
vt 0.755859375 0.745605469
vt 0.83984375 0.906738281
vt 0.840332031 0.907226562
vt 0.850097656 0.920410156
vt 0.850097656 0.920410156
vt 0.833007812 0.893554688
vt 0.806640625 0.846191406
vt 0.772460938 0.783691406
vt 0.751953125 0.744628906
vt 0.841308594 0.905761719
vt 0.850097656 0.920410156
vt 0.850097656 0.919921875
vt 0.840332031 0.906738281
vt 0.833984375 0.892578125
vt 0.808105469 0.844726562
vt 0.7734375 0.782714844
vt 0.753417969 0.744628906
vt 0.215332031 0.689453125
vt 0.226928711 0.677734375
vt 0.225097656 0.676269531
vt 0.221191406 0.693359375
vt 0.208007812 0.702636719
vt 0.213867188 0.706542969
vt 0.181762695 0.750488281
vt 0.188354492 0.754882812
vt 0.134887695 0.8359375
vt 0.193603516 0.745605469
vt 0.217163086 0.713867188
vt 0.207763672 0.730957031
vt 0.192993164 0.7578125
vt 0.141479492 0.840332031
vt 0.127563477 0.8515625
vt 0.145996094 0.843261719
vt 0.136230469 0.849121094
vt 0.134521484 0.881347656
vt 0.145751953 0.845703125
vt 0.143432617 0.87890625
vt 0.161132812 0.899902344
vt 0.152709961 0.875488281
vt 0.165161133 0.892578125
vt 0.177490234 0.911132812
vt 0.16796875 0.887695312
vt 0.181518555 0.903808594
vt 0.184326172 0.8984375
vt 0.755859375 0.745605469
vt 0.758300781 0.74609375
vt 0.762695312 0.724609375
vt 0.760742188 0.723144531
vt 0.770019531 0.714355469
vt 0.767089844 0.712890625
vt 0.758300781 0.74609375
vt 0.762695312 0.724609375
vt 0.771972656 0.715332031
vt 0.770019531 0.714355469
vt 0.790039062 0.704101562
vt 0.806152344 0.693359375
vt 0.59765625 0.679199219
vt 0.587890625 0.693359375
vt 0.614746094 0.702636719
vt 0.598144531 0.699707031
vt 0.598632812 0.706542969
vt 0.600097656 0.735351562
vt 0.610351562 0.737304688
vt 0.6015625 0.757324219
vt 0.607421875 0.758300781
vt 0.421142578 0.853027344
vt 0.419677734 0.846679688
vt 0.419677734 0.846679688
vt 0.424072266 0.875488281
vt 0.424072266 0.875488281
vt 0.604492188 0.678710938
vt 0.614746094 0.680175781
vt 0.612792969 0.678710938
vt 0.599121094 0.676269531
vt 0.760253906 0.746582031
vt 0.767089844 0.718261719
vt 0.766601562 0.717773438
vt 0.492919922 0.864746094
vt 0.492919922 0.87109375
vt 0.598144531 0.699707031
vt 0.614746094 0.702636719
vt 0.614746094 0.680175781
vt 0.604492188 0.678710938
vt 0.594726562 0.693359375
vt 0.604492188 0.678710938
vt 0.594726562 0.693359375
vt 0.596679688 0.706542969
vt 0.598632812 0.706542969
vt 0.803222656 0.687011719
vt 0.804199219 0.688964844
vt 0.786621094 0.698242188
vt 0.787597656 0.699707031
vt 0.765625 0.711914062
vt 0.767089844 0.712890625
vt 0.758300781 0.72265625
vt 0.760742188 0.723144531
vt 0.804199219 0.688964844
vt 0.805175781 0.69140625
vt 0.849609375 0.666503906
vt 0.787597656 0.699707031
vt 0.806152344 0.692871094
vt 0.788574219 0.702148438
vt 0.767089844 0.712890625
vt 0.789550781 0.704101562
vt 0.770019531 0.714355469
vt 0.596679688 0.756347656
vt 0.594726562 0.734863281
vt 0.592773438 0.706542969
vt 0.587890625 0.693359375
vn -1 -0.000534534454 -0.00345802307
vn -1 0.000317811966 -0.00158977509
vn -1 -6.70552254E-05 -0.0033416748
vn -1 -0.000534534454 -0.00345802307
vn -1 -6.70552254E-05 -0.0033416748
vn -1 0.000789165497 -0.00207328796
vn 1 -0.000531673431 -0.00345802307
vn 1 0.000876903534 -0.00195884705
vn 1 -0.000104427338 -0.00337982178
vn 1 -0.000531673431 -0.00345802307
vn 1 -0.000104427338 -0.00337982178
vn 1 0.000248670578 -0.00176715851
vn -1 -1.07288361E-06 0
vn -1 8.94069672E-07 0
vn -1 -2.20537186E-06 0
vn -1 -2.20537186E-06 0
vn -1 -2.20537186E-06 0
vn -1 -2.2649765E-06 0
vn -1 -2.20537186E-06 0
vn -1 -2.02655792E-06 0
vn 1 0 0
vn 1 0 0
vn 1 0 0
vn 1 0 0
vn -0 0 -1
vn -0 0 -1
vn -0 0 -1
vn -0 0 -1
vn -0 0 1
vn -0 0 1
vn -0 0 1
vn -0 0 1
vn 1 0.000682830811 -0.00172233582
vn 1 0.000682830811 -0.00172233582
vn 1 0.000682830811 -0.00172233582
vn 1 0.000682830811 -0.00172233582
vn -0 0.997070312 0.0744628906
vn -0 0.997070312 0.0744628906
vn -0 0.997070312 0.0744628906
vn -0 0.997070312 0.0744628906
vn -0 0 1
vn -0 0 1
vn -0 0 1
vn -0 0 1
vn -1 0.00216674805 0.00682830811
vn -1 0.00216674805 0.00682830811
vn -1 0.00216674805 0.00682830811
vn -1 0.00216674805 0.00682830811
vn 1 0.00216674805 0.00682830811
vn 1 0.00216674805 0.00682830811
vn 1 0.00216674805 0.00682830811
vn 1 0.00216674805 0.00682830811
vn -0 0 -1
vn -0 0 -1
vn -0 0 -1
vn -0 0 -1
vn -0 0.447753906 0.894042969
vn -0 0.447753906 0.894042969
vn -0 0.447753906 0.894042969
vn -0 0.447753906 0.894042969
vn -1 0.00463485718 0.00362014771
vn -1 0.00463485718 0.00362014771
vn -1 0.000205755234 -0.00127029419
vn -1 0.000738620758 -0.0012922287
vn -1 0.000789165497 -0.00207328796
vn -1 -6.70552254E-05 -0.0033416748
vn -1 0.00116539001 -0.00175476074
vn -1 0.0016784668 -0.000853061676
vn -1 0.000738620758 -0.0012922287
vn -1 0.000205755234 -0.00127029419
vn -1 0.000317811966 -0.00158977509
vn -1 -0.000534534454 -0.00345802307
vn -1 0.000556945801 -0.00112628937
vn -1 0.000701904297 -0.00176143646
vn -1 -0.00763320923 -0.0189666748
vn -1 -0.00763320923 -0.0189666748
vn -1 3.21865082E-06 0
vn -1 3.51667404E-06 0
vn -1 0 0
vn -1 -1.84774399E-06 0
vn 1 -6.55651093E-07 0
vn 1 0 0
vn 1 1.54972076E-06 0
vn 1 1.54972076E-06 0
vn 1 -4.76837158E-07 0
vn 1 1.54972076E-06 0
vn 1 1.54972076E-06 0
vn 1 4.76837158E-07 0
vn -1 0 0
vn -1 0 0
vn -1 0 0
vn -1 0 0
vn -0 0 -1
vn -0 0 -1
vn -0 0 -1
vn -0 0 -1
vn -0 0 1
vn -0 0 1
vn -0 0 1
vn -0 0 1
vn -1 0.000682830811 -0.00172328949
vn -1 0.000682830811 -0.00172328949
vn -1 0.000682830811 -0.00172328949
vn -1 0.000682830811 -0.00172328949
vn -0 0.997070312 0.0744628906
vn -0 0.997070312 0.0744628906
vn -0 0.997070312 0.0744628906
vn -0 0.997070312 0.0744628906
vn -0 0 1
vn -0 0 1
vn -0 0 1
vn -0 0 1
vn 1 0.0021686554 0.00682830811
vn 1 0.0021686554 0.00682830811
vn 1 0.0021686554 0.00682830811
vn 1 0.0021686554 0.00682830811
vn -1 0.0021686554 0.00682830811
vn -1 0.0021686554 0.00682830811
vn -1 0.0021686554 0.00682830811
vn -1 0.0021686554 0.00682830811
vn -0 0 -1
vn -0 0 -1
vn -0 0 -1
vn -0 0 -1
vn -0 0.447753906 0.894042969
vn -0 0.447753906 0.894042969
vn -0 0.447753906 0.894042969
vn -0 0.447753906 0.894042969
vn 1 0.00252151489 0.000409841537
vn 1 0.00463867188 0.00362014771
vn 1 0.00463867188 0.00362014771
vn 1 0.0034942627 0.0018119812
vn 1 0.000876903534 -0.00195884705
vn 1 0.00252151489 0.000409841537
vn 1 0.0034942627 0.0018119812
vn 1 -0.000104427338 -0.00337982178
vn 1 0.000200390816 -0.00197601318
vn 1 -0.000531673431 -0.00345802307
vn 1 0.000248670578 -0.00176715851
vn 1 0.000513076782 -0.00123882294
vn 1 0.000558853149 -0.0011177063
vn 1 -0.00764465332 -0.0189819336
vn 1 -0.00764465332 -0.0189819336
vn 1 0.000696182251 -0.00176525116
vn 1 -2.68220901E-06 0
vn 1 -2.8014183E-06 0
vn 1 -1.84774399E-06 0
vn 1 -1.90734863E-06 0
vn 1 -2.38418579E-07 0
vn 1 -2.38418579E-07 0
vn 1 -2.38418579E-07 0
vn 1 -2.38418579E-07 0
vn -0.00554275513 -0.999511719 -0.0340270996
vn -0.00554275513 -0.999511719 -0.0340270996
vn -0.00554275513 -0.999511719 -0.0340270996
vn -0.00554275513 -0.999511719 -0.0340270996
vn -0.998535156 -0.00212860107 0.055267334
vn -0.998535156 -0.00212860107 0.055267334
vn -0.998535156 -0.00212860107 0.055267334
vn -0.998535156 -0.00212860107 0.055267334
vn 1.1920929E-07 1 0
vn -0 1 0
vn -0 1 0
vn 1.1920929E-07 1 0
vn 2.38418579E-07 1 0
vn 2.38418579E-07 1 0
vn 1.1920929E-07 1 0
vn 1.1920929E-07 1 0
vn -0 1 0
vn -0 1 0
vn 4.27961349E-05 1.02519989E-05 -1
vn 4.16040421E-05 9.95397568E-06 -1
vn 8.32080841E-05 1.9967556E-05 -1
vn 8.32080841E-05 1.9967556E-05 -1
vn -0.264648438 -0.964355469 0
vn -0.264648438 -0.964355469 0
vn -0.264648438 -0.964355469 0
vn -0.264648438 -0.964355469 0
vn -0 -1 0
vn -0 -1 0
vn -0 -1 0
vn -0 -1 0
vn -0 0 1
vn -0 0 1
vn -0 0 1
vn -0 0 1
vn -0 0 1
vn -0 0 1
vn -0 0 1
vn -0 0 1
vn -0 0 1
vn -0 0 1
vn -0 0 1
vn -1.78813934E-07 -1 0
vn -1.78813934E-07 -1 0
vn -1.78813934E-07 -1 0
vn -1.78813934E-07 -1 0
vn 0.0986328125 -0.995117188 0
vn 0.0986328125 -0.995117188 0
vn 0.0986328125 -0.995117188 0
vn 0.0986328125 -0.995117188 0
vn -0 1 0
vn -0 1 0
vn -0 1 0
vn -0 1 0
vn -0 0 -1
vn -0 0 -1
vn -0 0 -1
vn -0 0 -1
vn -0 0 -1
vn -0 0 -1
vn -0 0 -1
vn -0 0 -1
vn -0 0 -1
vn -0 0 -1
vn -0 0 -1
vn -0 0 -1
vn -0 0 -1
vn -0 0 -1
vn -0 0 -1
vn -0 0 -1
vn -0 0 -1
vn 1 0 0
vn 1 0 0
vn 1 0 0
vn 1 0 0
vn -0 -1 0
vn -0 -1 0
vn -0 -1 0
vn -0 -1 0
vn -0 -1 0
vn -0 -1 0
vn -0 -1 0
vn -0 -1 0
vn 1 0 0
vn 1 0 0
vn 1 0 0
vn 1 1.90734863E-06 0
vn 1 -2.98023224E-06 0
vn 1 1.90734863E-06 0
vn 1 1.90734863E-06 0
vn 1 1.90734863E-06 0
vn 1 1.90734863E-06 0
vn 1 1.90734863E-06 0
vn 1 1.90734863E-06 0
vn 1 1.90734863E-06 0
vn 1 1.90734863E-06 0
vn 1 1.90734863E-06 0
vn 1 1.90734863E-06 0
vn 1 1.90734863E-06 0
vn 1 1.90734863E-06 0
vn 1 1.90734863E-06 0
vn -0.653320312 0.215576172 -0.726074219
vn -0.653320312 0.215576172 -0.726074219
vn -0.653320312 0.215576172 -0.726074219
vn -0.0201873779 -0.673828125 0.738769531
vn -0.0114746094 -0.734375 0.678710938
vn -0.0114746094 -0.734375 0.678710938
vn 0.653320312 0.215576172 -0.726074219
vn 0.653320312 0.215576172 -0.726074219
vn 0.653320312 0.215576172 -0.726074219
vn -0 1 0
vn -0 1 0
vn -0 1 0
vn -0 1 0
vn -0 1 0
vn -0 1 0
vn -0 -0.995117188 -0.0961914062
vn -0 -0.995117188 -0.0961914062
vn -0 -0.995117188 -0.0961914062
vn -0 -0.995117188 -0.0961914062
vn -0 0.569824219 0.821777344
vn -0 0.569824219 0.821777344
vn -0 0.569824219 0.821777344
vn -0 0.569824219 0.821777344
vn -0 -0.533691406 -0.845703125
vn -0 -0.533691406 -0.845703125
vn -0 -0.533691406 -0.845703125
vn -0 -0.533691406 -0.845703125
vn -0 0.922363281 -0.38671875
vn -0 0.922363281 -0.38671875
vn -0 0.922363281 -0.38671875
vn -0 0.922363281 -0.38671875
vn -0 -0.943359375 0.331787109
vn -0 -0.943359375 0.331787109
vn -0 -0.943359375 0.331787109
vn -0 -0.943359375 0.331787109
vn -1 -0.00763320923 -0.0189666748
vn -1 -0.00763320923 -0.0189666748
vn -1 0.00116539001 -0.00175476074
vn -1 0.0126266479 0.0135421753
vn -1 0.0126266479 0.0135421753
vn -1 0.000556945801 -0.00112628937
vn -1 0.000408411026 -0.00153160095
vn -1 0.000317811966 -0.00158977509
vn -0 1 0
vn -0 1 0
vn -0 1 0
vn -0 1 0
vn -0 1 0
vn -0 1 0
vn -0 -0.995117188 -0.0961914062
vn -0 -0.995117188 -0.0961914062
vn -0 -0.995117188 -0.0961914062
vn -0 -0.995117188 -0.0961914062
vn -0 0.569824219 0.821777344
vn -0 0.569824219 0.821777344
vn -0 0.569824219 0.821777344
vn -0 0.569824219 0.821777344
vn -0 -0.533691406 -0.845703125
vn -0 -0.533691406 -0.845703125
vn -0 -0.533691406 -0.845703125
vn -0 -0.533691406 -0.845703125
vn -0 0.922363281 -0.38671875
vn -0 0.922363281 -0.38671875
vn -0 0.922363281 -0.38671875
vn -0 0.922363281 -0.38671875
vn -0 -0.943359375 0.331787109
vn -0 -0.943359375 0.331787109
vn -0 -0.943359375 0.331787109
vn -0 -0.943359375 0.331787109
vn 1 -0.00764465332 -0.0189819336
vn 1 -0.00764465332 -0.0189819336
vn 1 0.0034942627 0.0018119812
vn 1 0.0126190186 0.0135421753
vn 1 0.0126190186 0.0135421753
vn 1 0.000248670578 -0.00176715851
vn 1 0.000354766846 -0.00165653229
vn 1 0.000558853149 -0.0011177063
vn -0 0 -1
vn -0 0 -1
vn -0 0 -1
vn -0 0 -1
vn 0.0122146606 0 1
vn 0.0122146606 0 1
vn 0.0122146606 0 1
vn 0.0122146606 0 1
vn -0.000861167908 -0.0134811401 1
vn -0.00365447998 -0.015838623 1
vn -0.000880718231 -0.0151138306 1
vn -0.00375366211 -0.0162811279 1
vn 0.000333547592 -0.014755249 1
vn 0.000923156738 -0.014755249 1
vn 0.00116825104 -0.0127868652 1
vn 0.000175595284 -0.0062789917 1
vn -0.0144424438 -5.03659248E-05 1
vn -0.0144424438 -5.03659248E-05 1
vn -0.0144424438 -5.03659248E-05 1
vn -0.0144424438 -5.03659248E-05 1
vn -0 -0.0117034912 -1
vn -0 -0.0117034912 -1
vn -0 -0.0117034912 -1
vn -0 -0.0117034912 -1
vn -0 -0.0117034912 -1
vn -0 -0.0117034912 -1
vn -0 -0.0117034912 -1
vn -0 -0.0117034912 -1
vn -0 0.0117034912 1
vn -0 0.0117034912 1
vn -0 0.0117034912 1
vn -0 0.0117034912 1
vn -0 0.0117034912 1
vn -0 0.0117034912 1
vn -0 0.0117034912 1
vn -0 0.0117034912 1
vn -1.1920929E-07 -1 0
vn -1.1920929E-07 -1 0
vn -1.1920929E-07 -1 0
vn -1.1920929E-07 -1 0
vn -0 -1 0
vn -0 -1 0
vn 0.0925292969 -0.995605469 0
vn 0.0925292969 -0.995605469 0
vn 0.0925292969 -0.995605469 0
vn 0.0925292969 -0.995605469 0
vn -0.253417969 -0.967285156 0
vn -0.253417969 -0.967285156 0
vn -0.253417969 -0.967285156 0
vn -0.253417969 -0.967285156 0
vn -1 1.78813934E-07 0
vn -1 1.78813934E-07 0
vn -1 1.78813934E-07 0
vn -1 1.78813934E-07 0
vn -0 -1 0
vn -0 -1 0
vn -0 -1 0
vn -0 -1 0
vn -1.78813934E-07 -1 0
vn -1.78813934E-07 -1 0
vn -1.78813934E-07 -1 0
vn -1.78813934E-07 -1 0
vn 0.543945312 -0.839355469 0
vn 0.543945312 -0.839355469 0
vn 0.543945312 -0.839355469 0
vn 0.543945312 -0.839355469 0
vn 0.989746094 0.141723633 0
vn 0.989746094 0.141723633 0
vn 0.989746094 0.141723633 0
vn 0.989746094 0.141723633 0
vn 1 0 0
vn 0.997558594 0.0706787109 0
vn 1 0 0
vn 1 0 0
vn 0.997558594 0.0706787109 0
vn 1 0 0
vn 1 0 0
vn 0.979492188 -0.201416016 0
vn 0.979492188 -0.201416016 0
vn 0.996582031 -0.0830078125 0
vn 0.986328125 -0.165527344 0
vn 0.986328125 -0.165527344 0
vn 0.997070312 -0.0740356445 0
vn 1 0 0
vn 0.996582031 -0.0830078125 0
vn 0.997070312 -0.0740356445 0
vn 1 0 0
vn -0 -1 1.1920929E-07
vn -0 -1 1.1920929E-07
vn -0 -1 1.1920929E-07
vn -0 -1 1.1920929E-07
vn -0 -1 1.1920929E-07
vn -0 -1 1.1920929E-07
vn -0 -1 1.1920929E-07
vn -0 -1 1.1920929E-07
vn -0 -1 1.1920929E-07
vn -0 -1 1.1920929E-07
vn -0 -1 1.1920929E-07
vn 0.016708374 0 -1
vn 0.016708374 0 -1
vn 0.016708374 0 -1
vn 0.016708374 0 -1
vn 0.016708374 0 -1
vn 0.016708374 0 -1
vn 0.123901367 0.9921875 0
vn 0.123901367 0.9921875 0
vn 0.127075195 0.989257812 0.0693969727
vn 0.127197266 0.989257812 0.0712280273
vn 0.129760742 0.981445312 0.142089844
vn 0.129760742 0.981445312 0.142089844
vn 0.141723633 0.913574219 0.381347656
vn 0.141967773 0.911621094 0.385742188
vn 0.144897461 0.783203125 0.604492188
vn 0.144897461 0.783203125 0.604492188
vn 0.0815429688 0.986328125 0.142822266
vn 0.111877441 0.920898438 0.373535156
vn 0.0253448486 0.990722656 0.134521484
vn 0.0778808594 0.932128906 0.353027344
vn -0.173095703 0.9765625 0.126342773
vn -0.139892578 0.952148438 0.271728516
vn -0.563476562 0.818847656 0.109741211
vn -0.548339844 0.778320312 0.305664062
vn -0.732910156 0.66796875 0.127807617
vn -0.902832031 0.35546875 0.242553711
vn 0.999511719 0.018661499 0.0197601318
vn 1 0.00471878052 0.0019159317
vn 1 0.00748062134 0.000324010849
vn 1 0.0147399902 0.000638484955
vn 0.0350952148 -0.999511719 -0.00882720947
vn 0.0701904297 -0.997558594 -0.0176391602
vn 0.0701904297 -0.997558594 -0.0176391602
vn 0.0350952148 -0.999511719 -0.00882720947
vn 0.00748062134 -1 0
vn 0.00750350952 -1 0
vn 0.0150222778 -1 0
vn 0.0150222778 -1 0
vn 0.0149993896 -1 0
vn 0.0149993896 -1 0
vn 0.816894531 -0.576660156 0.0211334229
vn 0.696289062 -0.716796875 0.0390930176
vn 0.696289062 -0.716796875 0.0390930176
vn 0.830566406 -0.556640625 0.018737793
vn 0.830566406 -0.556640625 0.018737793
vn 0.979492188 -0.201416016 0
vn 0.979492188 -0.201416016 0
vn 0.816894531 -0.576660156 0.0211334229
vn 1 -2.98023224E-06 0
vn 1 -7.80820847E-06 0
vn 1 -7.80820847E-06 0
vn 1 -7.80820847E-06 0
vn 0.0079574585 0 1
vn 0.0079574585 0 1
vn 0.0079574585 0 1
vn 0.0079574585 0 1
vn 0.0287322998 -0.607910156 0.793457031
vn 0.0287322998 -0.607910156 0.793457031
vn 0.0196228027 -0.677734375 0.734863281
vn 0.0201721191 -0.673828125 0.738769531
vn 0.0114746094 -0.734375 0.678710938
vn 0.0114746094 -0.734375 0.678710938
vn 0.0994873047 -0.0203857422 0.994628906
vn 0.0994873047 -0.0203857422 0.994628906
vn 0.0994873047 -0.0203857422 0.994628906
vn 0.0994873047 -0.0203857422 0.994628906
vn -0.0422058105 -0.999023438 0
vn -0.0422058105 -0.999023438 0
vn -0.0422058105 -0.999023438 0
vn -0.0422058105 -0.999023438 0
vn -0.0422058105 -0.999023438 0
vn -0.042175293 -0.999023438 0
vn -0.0192565918 -1 0
vn -0.0211029053 -1 0
vn 0.0477600098 -0.943847656 0.326904297
vn -0.017364502 -1 -0.00497055054
vn 0.1640625 -0.968261719 0.188232422
vn 0.0380554199 -0.999023438 -0.0051651001
vn 1 -7.74860382E-07 0
vn 1 -1.43051147E-06 0
vn 0.989746094 0.141723633 0
vn 0.989746094 0.141723633 0
vn 1 2.38418579E-07 0
vn 1 0.00748062134 0.000324010849
vn 1 0.00471878052 0.0019159317
vn 1 1.1920929E-07 0
vn 0.989746094 0.141723633 0
vn 0.989746094 0.141723633 0
vn -0.902832031 0.35546875 0.242553711
vn -0.991699219 0.0078125 0.129150391
vn -0.993164062 0.024307251 0.115478516
vn -0.941894531 -0.00520324707 0.336181641
vn -0.989746094 -0.00420761108 0.141723633
vn -0.922851562 -0.011428833 0.384765625
vn -0.907226562 -0.0350952148 0.419189453
vn -0.988769531 -0.0094833374 0.149536133
vn -0.98046875 -0.0950317383 0.173461914
vn -0.981445312 -0.0866088867 0.171508789
vn -0.967285156 -0.170776367 0.186889648
vn -0.967285156 -0.170776367 0.186889648
vn 0.543945312 -0.839355469 0
vn 0.543945312 -0.839355469 0
vn 0.543945312 -0.839355469 0
vn 0.543945312 -0.839355469 0
vn 0.996582031 -0.0816040039 0
vn 0.986328125 -0.165527344 0
vn 0.986328125 -0.165527344 0
vn 0.996582031 -0.0830078125 0
vn 1 0 0
vn 0.996582031 -0.0816040039 0
vn 0.996582031 -0.0830078125 0
vn 1 0 0
vn 0.0380554199 -0.999023438 -0.0051651001
vn 0.589355469 -0.807617188 0.021987915
vn 0.53125 -0.779785156 0.331054688
vn 0.1640625 -0.968261719 0.188232422
vn 0.598144531 -0.776367188 0.197875977
vn 0.53125 -0.779785156 0.331054688
vn 0.589355469 -0.807617188 0.021987915
vn 0.685058594 -0.728027344 0.0172119141
vn -0.543945312 -0.839355469 0
vn -0.543945312 -0.839355469 0
vn -0.543945312 -0.839355469 0
vn -0.543945312 -0.839355469 0
vn -0.989746094 0.141723633 0
vn -0.989746094 0.141723633 0
vn -0.989746094 0.141723633 0
vn -0.989746094 0.141723633 0
vn -0.997558594 0.0706787109 0
vn -1 5.96046448E-07 0
vn -1 0 0
vn -1 0 0
vn -1 0 0
vn -1 0 0
vn -0.979492188 -0.201416016 -2.20537186E-06
vn -0.979492188 -0.201416016 -2.20537186E-06
vn -0.830566406 -0.556640625 0.0187225342
vn -0.816894531 -0.576660156 0.0211181641
vn -0.696289062 -0.716796875 0.0390625
vn -0.696289062 -0.716796875 0.0390625
vn -0.996582031 -0.0830078125 0
vn -0.986328125 -0.165527344 0
vn -0.986328125 -0.165527344 0
vn -0.997070312 -0.0740356445 0
vn -1 4.17232513E-07 0
vn -1 0 0
vn -0 -1 0
vn -0 -1 0
vn -0 -1 0
vn -0 -1 0
vn -0 -1 0
vn -0 -1 0
vn -0 -1 0
vn -0 -1 0
vn -0 -1 0
vn -0 -1 0
vn -0 -1 0
vn -0.016708374 0 -1
vn -0.016708374 0 -1
vn -0.016708374 0 -1
vn -0.016708374 0 -1
vn -0.016708374 0 -1
vn -0.016708374 0 -1
vn -0.123901367 0.9921875 0
vn -0.127075195 0.989257812 0.0693969727
vn -0.123901367 0.9921875 0
vn -0.127197266 0.989257812 0.0712280273
vn -0.129760742 0.981445312 0.142089844
vn -0.129760742 0.981445312 0.142089844
vn -0.141723633 0.913574219 0.381347656
vn -0.141967773 0.911621094 0.385742188
vn -0.145019531 0.783203125 0.604492188
vn -0.144897461 0.783203125 0.604492188
vn -0.0815429688 0.986328125 0.142822266
vn -0.111877441 0.920898438 0.373291016
vn -0.0253448486 0.990722656 0.134521484
vn -0.0778808594 0.932128906 0.353027344
vn 0.173095703 0.9765625 0.126342773
vn 0.139892578 0.952148438 0.271484375
vn 0.563476562 0.818847656 0.109741211
vn 0.548339844 0.778320312 0.305664062
vn 0.732910156 0.66796875 0.127807617
vn 0.902832031 0.35546875 0.242553711
vn 0.548339844 0.778320312 0.305664062
vn 0.563476562 0.818847656 0.109741211
vn -0.999511719 0.018661499 0.0197601318
vn -1 0.0147476196 0.000638484955
vn -1 0.00748062134 0.00032377243
vn -1 0.00471878052 0.0019159317
vn -0.0350952148 -0.999511719 -0.00882720947
vn -0.0701904297 -0.997558594 -0.0176391602
vn -0.0701904297 -0.997558594 -0.0176391602
vn -0.0350952148 -0.999511719 -0.00882720947
vn -0.00748062134 -1 0
vn -0.00749969482 -1 0
vn -0.015045166 -1 0
vn -0.015045166 -1 0
vn -0.0150527954 -1 0
vn -0.0150527954 -1 0
vn -1 -7.80820847E-06 0
vn -1 -7.80820847E-06 0
vn -1 -7.80820847E-06 0
vn -1 -5.1856041E-06 0
vn -1 -2.56299973E-06 0
vn -1 -2.56299973E-06 0
vn -1 -5.1856041E-06 0
vn -1 -2.56299973E-06 0
vn -1 -2.56299973E-06 0
vn -1 -2.56299973E-06 0
vn -1 -2.56299973E-06 0
vn -1 -2.56299973E-06 0
vn -1 -2.56299973E-06 0
vn -0.0079574585 0 1
vn -0.0079574585 0 1
vn -0.0079574585 0 1
vn -0.0079574585 0 1
vn -0.0287322998 -0.607910156 0.793457031
vn -0.0196228027 -0.677734375 0.734863281
vn -0.0287322998 -0.607910156 0.793457031
vn -0.0201873779 -0.673828125 0.738769531
vn -0.0114746094 -0.734375 0.678710938
vn -0.0994873047 -0.0203857422 0.994628906
vn -0.0994873047 -0.0203857422 0.994628906
vn -0.0994873047 -0.0203857422 0.994628906
vn -0.0994873047 -0.0203857422 0.994628906
vn 0.0422058105 -0.999023438 0
vn 0.0422058105 -0.999023438 0
vn 0.0422058105 -0.999023438 0
vn 0.0422058105 -0.999023438 0
vn 0.0422058105 -0.999023438 0
vn 0.0422058105 -0.999023438 0
vn 0.0192565918 -1 0
vn 0.0211029053 -1 0
vn -0.0477600098 -0.943847656 0.326904297
vn 0.017364502 -1 -0.00497055054
vn -0.1640625 -0.968261719 0.188232422
vn -0.0380554199 -0.999023438 -0.0051612854
vn -1 5.96046448E-07 0
vn -0.989746094 0.141723633 0
vn -0.989746094 0.141723633 0
vn -1 0 0
vn -1 -4.17232513E-07 0
vn -1 0.00471878052 0.0019159317
vn -1 0.00748062134 0.00032377243
vn -1 -1.78813934E-07 0
vn -0.989746094 0.141723633 0
vn -0.989746094 0.141723633 0
vn 0.902832031 0.35546875 0.242553711
vn 0.993164062 0.024307251 0.115478516
vn 0.991699219 0.0078125 0.129150391
vn 0.941894531 -0.00519943237 0.336181641
vn 0.989746094 -0.00420761108 0.141723633
vn 0.922851562 -0.011428833 0.384765625
vn 0.907226562 -0.0351257324 0.419189453
vn 0.988769531 -0.0094833374 0.149536133
vn 0.98046875 -0.0950317383 0.173461914
vn 0.981445312 -0.0866088867 0.171630859
vn 0.967285156 -0.170776367 0.186889648
vn 0.967285156 -0.170776367 0.186889648
vn -0.543945312 -0.839355469 0
vn -0.543945312 -0.839355469 0
vn -0.543945312 -0.839355469 0
vn -0.543945312 -0.839355469 0
vn -0.996582031 -0.0816040039 0
vn -0.986328125 -0.165527344 0
vn -0.986328125 -0.165527344 0
vn -0.996582031 -0.0830078125 0
vn -1 -2.38418579E-07 0
vn -1 3.57627869E-07 0
vn -0.0380554199 -0.999023438 -0.0051612854
vn -0.1640625 -0.968261719 0.188232422
vn -0.53125 -0.779785156 0.331054688
vn -0.589355469 -0.807617188 0.021987915
vn -0.598144531 -0.776367188 0.197875977
vn -0.685058594 -0.728027344 0.0172119141
vn -0.589355469 -0.807617188 0.021987915
vn -0.53125 -0.779785156 0.331054688
vn -0 0 1
vn -0 0 1
vn -0 0 1
vn -0 0 1
vn -0 0 1
vn -0 0 1
vn -0 0 1
vn -0 0 1
vn -0 0 1
vn -0 0 1
vn -0 0 1
vn 1 -4.76837158E-07 0
vn 1 4.76837158E-07 0
vn 1 -6.55651093E-07 0
vn 1 0 0
vn -0 0 -1
vn -0 0 -1
vn -0 0 -1
vn -0 0 -1
vn -1.78813934E-07 -1 0
vn -1.78813934E-07 -1 0
vn -1.78813934E-07 -1 0
vn -1.78813934E-07 -1 0
vn -2.38418579E-07 -1 0
vn -2.38418579E-07 -1 0
vn -2.38418579E-07 -1 0
vn -2.38418579E-07 -1 0
vn -1 0 0
vn -1 0 0
vn -1 0 0
vn -1 0 0
vn 0.0991821289 -0.995117188 0
vn 0.0991821289 -0.995117188 0
vn 0.0991821289 -0.995117188 0
vn 0.0991821289 -0.995117188 0
vn -0 -1 0
vn -0 -1 0
vn -0 -1 0
vn -0 -1 0
vn -0.265380859 -0.964355469 0
vn -0.265380859 -0.964355469 0
vn -0.265380859 -0.964355469 0
vn -0.265380859 -0.964355469 0
vn 1 -2.38418579E-07 0
vn 1 -2.38418579E-07 0
vn 1 -2.38418579E-07 0
vn 1 -2.38418579E-07 0
vn -9.53674316E-07 -1 0
vn -9.53674316E-07 -1 0
vn -9.53674316E-07 -1 0
vn -9.53674316E-07 -1 0
vn -0 1 0
vn -0 1 0
vn -0 1 0
vn -0 1 0
vn -0 -1 0
vn -0 -1 0
vn -0 -1 0
vn -0 -1 0
vn -0 0 -1
vn -0 0 -1
vn -0 0 -1
vn -0 0 -1
vn -0 0 -1
vn -0 0 -1
vn -0 0 -1
vn -0 0 -1
vn -0 0 -1
vn -0 0 -1
vn -0 0 -1
vn -0 0 -1
vn -0 0 -1
vn -0 0 -1
vn -0 0 -1
vn -0 0 -1
vn -1.1920929E-07 0 -1
vn -0 0 -1
vn -0 0 -1
vn -0 0 -1
vn -0 0 -1
vn -0 0 -1
vn -0 0 -1
vn -0 0 -1
vn -0 0 -1
vn -0 0 -1
vn -0 0 -1
vn 1 1.1920929E-07 0
vn 1 0.00471878052 0.0019159317
vn 0.999023438 0.020614624 0.0358276367
vn -0.764160156 0.497070312 0.411132812
vn -0.0610351562 0.883789062 0.463378906
vn -0.202392578 0.884765625 0.419433594
vn 0.124816895 0.826171875 0.549316406
vn 0.142333984 0.783691406 0.604492188
vn -0.902832031 0.35546875 0.242553711
vn -0.764160156 0.497070312 0.411132812
vn -0.853027344 0.274169922 0.444091797
vn 0.999023438 0.0227050781 0.0394592285
vn 0.999023438 0.020614624 0.0358276367
vn 1 0.00471878052 0.0019159317
vn 0.999023438 0.0227050781 0.0394592285
vn 1 0.00471878052 0.0019159317
vn 0.999511719 0.018661499 0.0197601318
vn 0.188232422 0.418701172 0.888671875
vn 0.188232422 0.418701172 0.888671875
vn 0.188232422 0.418701172 0.888671875
vn -0.083190918 -0.813964844 0.574707031
vn -0.188232422 0.418701172 0.888671875
vn -0.188232422 0.418701172 0.888671875
vn -0.188232422 0.418701172 0.888671875
vn -0 -0.017868042 -1
vn -0 0 -1
vn -0 0 -1
vn -0 0 -1
vn -0 0 -1
vn -0 0 -1
vn -0 0 -1
vn -0 0 -1
vn -0 0 -1
vn -0 0 -1
vn -0 0 -1
vn -0 0 -1
vn -0 0 -1
vn -0 0 -1
vn 0.00834655762 0 -1
vn 0.00830841064 0 -1
vn 0.00800323486 0 -1
vn -0 0 -1
vn -0 0 -1
vn -0 0 -1
vn -0 0 -1
vn -0 0 -1
vn -0 -0.0235290527 -0.999511719
vn -0 -0.0282287598 -0.999511719
vn -0 -0.0280303955 -0.999511719
vn -0 -0.00716018677 -1
vn -0 -0.00716018677 -1
vn -1 0 0
vn -0.998535156 0.0335083008 0.039276123
vn -0.997070312 0.00646209717 0.0737304688
vn -0.997558594 -0.00205039978 0.0696411133
vn -0.997070312 -0.00431060791 0.0770263672
vn -1 5.36441803E-07 0
vn -0.997558594 -0.0678710938 0
vn -0.992675781 -0.0821533203 0.0902099609
vn -0.990234375 -0.137695312 0
vn -0.984863281 -0.153076172 0.0834960938
vn -0.995605469 0.031829834 0.0892333984
vn 0.324707031 -0.0048828125 0.945800781
vn 0.324707031 -0.0048828125 0.945800781
vn 0.324707031 -0.0048828125 0.945800781
vn 0.511230469 -0.0401611328 0.858398438
vn 0.5859375 -0.0258789062 0.810058594
vn 0.54296875 -0.0233612061 0.839355469
vn 0.79296875 -0.0174102783 0.608886719
vn 0.739746094 -0.0267944336 0.672363281
vn 0.846679688 0.00691986084 0.532226562
vn 0.7890625 -0.0124435425 0.614257812
vn 0.682128906 -0.0362243652 0.729980469
vn 0.748046875 -0.0247039795 0.663085938
vn 0.62109375 -0.0282745361 0.783203125
vn 0.576171875 -0.0562744141 0.815429688
vn 0.618164062 -0.063659668 0.783203125
vn 0.323242188 -0.230834961 0.917480469
vn 0.620117188 -0.190673828 0.760742188
vn 0.677246094 -0.181518555 0.712890625
vn 0.575195312 -0.278076172 0.76953125
vn 0.630859375 -0.272216797 0.7265625
vn 0.305908203 -0.309326172 0.900390625
vn 0.0614624023 -0.320556641 0.9453125
vn 0.0694580078 -0.245483398 0.966796875
vn 0.0659179688 -0.0892333984 0.993652344
vn -0 0 1
vn -0 0 1
vn -0 0 1
vn -0 0 1
vn -0 0 1
vn -0 0 1
vn -0 0 1
vn -0 0 1
vn -0 0 1
vn -0 0 1
vn -0 0 1
vn -0 0 1
vn 0.00395965576 0 1
vn 0.00392532349 0 1
vn 0.989746094 0.141723633 0
vn 1 0 0
vn 0.999023438 0.020614624 0.0358276367
vn 0.0659179688 -0.0892333984 0.993652344
vn 0.0694580078 -0.245483398 0.966796875
vn 0.0657958984 -0.0885009766 0.994140625
vn 0.0375671387 -0.0319824219 0.999023438
vn 0.0375671387 -0.0320129395 0.999023438
vn 0.0133209229 -0.056060791 0.998535156
vn 0.0133590698 -0.056060791 0.998535156
vn -0.116271973 -0.164672852 0.979492188
vn -0.207641602 -0.247802734 0.946289062
vn -0.301269531 -0.33203125 0.894042969
vn -0.301269531 -0.33203125 0.894042969
vn -0.704589844 -0.188110352 0.684082031
vn -0.653320312 -0.283691406 0.701660156
vn -0.653320312 -0.283691406 0.701660156
vn -0.697753906 -0.202392578 0.687011719
vn -0.76953125 -0.0512695312 0.63671875
vn -0.791992188 -0.0186920166 0.610351562
vn -0.84765625 -0.016784668 0.530273438
vn -0.853027344 0.274169922 0.444091797
vn 0.375488281 -0.772949219 0.511230469
vn 0.477294922 -0.692382812 0.541015625
vn 0.317382812 -0.75390625 0.575683594
vn 0.5859375 -0.665527344 0.462646484
vn 0.460449219 -0.673828125 0.577636719
vn 0.589355469 -0.638183594 0.495605469
vn 0.593261719 -0.57421875 0.563964844
vn -0.0211486816 -1 0
vn -0.0227813721 -0.999511719 -0.0106658936
vn -0.0124893188 1 -0.00256347656
vn -0.0124893188 1 -0.00256347656
vn -0.00624847412 1 -0.00128173828
vn -0.0744018555 0.994628906 0.0703125
vn 0.0102539062 0.997558594 0.0709838867
vn 0.0706787109 0.995117188 0.0673828125
vn 0.0617675781 0.998046875 0
vn -0.618652344 0.779296875 0.0987548828
vn -0.017364502 -1 -0.00497055054
vn -0.0227813721 -0.999511719 -0.0106658936
vn -0.0455322266 -0.998535156 -0.0213165283
vn 0.0380554199 -0.999023438 -0.0051651001
vn -0.0455322266 -0.998535156 -0.0213165283
vn -0.995605469 0.031829834 0.0892333984
vn -0.997070312 0.00646209717 0.0737304688
vn -0.998535156 0.0335083008 0.039276123
vn -0.998046875 0.0383605957 0.0449829102
vn 0.083190918 -0.813964844 0.574707031
vn 0.120056152 -0.751953125 0.6484375
vn 0.111328125 -0.779296875 0.616699219
vn 0.0778808594 -0.732421875 0.676757812
vn 0.144042969 -0.702636719 0.696777344
vn 0.0947265625 -0.671875 0.734863281
vn 0.11151123 -0.604492188 0.7890625
vn 1 0 0
vn 0.996582031 -0.0830078125 0
vn 0.996582031 -0.0830078125 0
vn 1 0 0
vn 0.688476562 -0.725097656 0.0112991333
vn 0.688476562 -0.725097656 0.0112991333
vn 0.688476562 -0.725097656 0.0112991333
vn 0.989746094 0.141723633 0
vn 0.997558594 0.0706787109 0
vn -0.712890625 0.699707031 0.0503234863
vn -0.694824219 0.719238281 -0.00458908081
vn -0.694824219 0.719238281 -0.00458908081
vn -0.694824219 0.719238281 -0.00458908081
vn -0.618652344 0.779296875 0.0987548828
vn -0.563476562 0.818847656 0.109741211
vn -0.732910156 0.66796875 0.127807617
vn 1 -7.74860382E-07 0
vn 0.989746094 0.141723633 0
vn 0.997558594 0.0706787109 0
vn 0.165161133 -0.0202026367 0.985839844
vn 0.161010742 -0.0202178955 0.986816406
vn 0.230712891 -0.0243377686 0.97265625
vn 0.23059082 -0.0242919922 0.97265625
vn 0.33203125 0.14050293 0.932617188
vn 0.291259766 0.0668945312 0.954101562
vn 0.376464844 0.224975586 0.898925781
vn 0.376464844 0.224975586 0.898925781
vn 1 -3.57627869E-07 -4.76837158E-07
vn 0.997070312 0.00645828247 0.0737304688
vn 0.998535156 0.0335083008 0.039276123
vn 0.997558594 -0.00205230713 0.0696411133
vn 0.997070312 -0.00431060791 0.0770263672
vn 1 -4.17232513E-07 0
vn 0.997558594 -0.0678710938 0
vn 0.992675781 -0.0821533203 0.0902099609
vn -0.511230469 -0.0401611328 0.858398438
vn -0.324707031 -0.0048828125 0.945800781
vn -0.54296875 -0.0233612061 0.839355469
vn -0.324707031 -0.0048828125 0.945800781
vn -0.324707031 -0.0048828125 0.945800781
vn -0 0 1
vn -0 0 1
vn -0 0 1
vn -0 0 1
vn -0 0 1
vn -0 0 1
vn -0 0 1
vn -0 0 1
vn -0 0 1
vn -0 0 1
vn -0 0 1
vn -0 0 1
vn -0.00395965576 0 1
vn -0.00392532349 0 1
vn -0.989746094 0.141723633 0
vn -1 0 0
vn -0.999023438 0.020614624 0.0358276367
vn -0.999023438 0.0227050781 0.0394592285
vn -0.999511719 0.018661499 0.0197601318
vn -0.0659179688 -0.0892333984 0.993652344
vn -0.0657958984 -0.0885009766 0.994140625
vn -0.0694580078 -0.245483398 0.966796875
vn -0.0375671387 -0.0319824219 0.999023438
vn -0.0375366211 -0.0320129395 0.999023438
vn -0.0133209229 -0.056060791 0.998535156
vn -0.0133590698 -0.0560913086 0.998535156
vn 0.116271973 -0.164672852 0.979492188
vn 0.207641602 -0.247802734 0.946289062
vn 0.301269531 -0.33203125 0.894042969
vn 0.301269531 -0.33203125 0.894042969
vn -0.0659179688 -0.0892333984 0.993652344
vn -0.0694580078 -0.245483398 0.966796875
vn -0.323242188 -0.230834961 0.917480469
vn -0.0614624023 -0.320556641 0.9453125
vn -0.305908203 -0.309326172 0.900390625
vn -0.620117188 -0.190673828 0.760742188
vn -0.575195312 -0.278076172 0.76953125
vn -0.677246094 -0.181518555 0.712890625
vn -0.630859375 -0.272216797 0.7265625
vn -0.511230469 -0.0401611328 0.858398438
vn -0.576171875 -0.0562744141 0.815429688
vn -0.618164062 -0.063659668 0.783203125
vn -0.62109375 -0.0282745361 0.783203125
vn -0.5859375 -0.025894165 0.810058594
vn -0.54296875 -0.0233612061 0.839355469
vn -0.79296875 -0.0174102783 0.608886719
vn -0.739746094 -0.0267944336 0.672363281
vn -0.846679688 0.00692367554 0.532226562
vn -0.682128906 -0.0362243652 0.729980469
vn -0.7890625 -0.0124435425 0.614257812
vn -0.748046875 -0.0247039795 0.663085938
vn 0.992675781 -0.0821533203 0.0902099609
vn 0.997558594 -0.0678710938 0
vn 0.990234375 -0.137695312 0
vn 0.984863281 -0.153076172 0.0834960938
vn 0.997070312 -0.00431060791 0.0770263672
vn 0.997558594 -0.00205230713 0.0696411133
vn 0.997070312 0.00645828247 0.0737304688
vn 0.995605469 0.031829834 0.0892333984
vn 0.704589844 -0.188110352 0.684082031
vn 0.653320312 -0.283691406 0.701660156
vn 0.653320312 -0.283691406 0.701660156
vn 0.697753906 -0.202392578 0.687011719
vn 0.76953125 -0.0512390137 0.63671875
vn 0.791992188 -0.0186920166 0.610351562
vn 0.84765625 -0.016784668 0.530273438
vn 0.853027344 0.274169922 0.444091797
vn -0 -0.0280303955 -0.999511719
vn -0 -0.00716018677 -1
vn -0 -0.00716018677 -1
vn -0 -0.0282287598 -0.999511719
vn -0 -0.0235290527 -0.999511719
vn -0 -0.017868042 -1
vn -0 0 -1
vn -0 0 -1
vn -0 0 -1
vn -0 0 -1
vn -0 0 -1
vn -0 0 -1
vn -0 0 -1
vn -0 0 -1
vn -0 0 -1
vn -0 0 -1
vn -0 0 -1
vn -0 0 -1
vn -0 0 -1
vn -0 0 -1
vn -0 0 -1
vn -0 0 -1
vn -0 0 -1
vn -0.00800323486 0 -1
vn -0 0 -1
vn -0.00834655762 0 -1
vn -0.00830841064 0 -1
vn -0.317382812 -0.75390625 0.575683594
vn -0.375488281 -0.772949219 0.511230469
vn -0.477294922 -0.692382812 0.541015625
vn -0.460449219 -0.673828125 0.577636719
vn -0.589355469 -0.637695312 0.495605469
vn -0.593261719 -0.57421875 0.563964844
vn -0.375488281 -0.772949219 0.511230469
vn -0.477294922 -0.692382812 0.541015625
vn -0.5859375 -0.665527344 0.462646484
vn -0.589355469 -0.637695312 0.495605469
vn 0.0227813721 -0.999511719 -0.0106658936
vn 0.0211486816 -1 0
vn 0.853027344 0.274169922 0.444091797
vn 0.764160156 0.497070312 0.411132812
vn 0.0124893188 1 -0.00256347656
vn 0.0124893188 1 -0.00256347656
vn 0.0744018555 0.994628906 0.0703125
vn -0.0102539062 0.997558594 0.0709838867
vn 0.00624847412 1 -0.00128173828
vn -0.0706787109 0.995117188 0.0673828125
vn -0.0617675781 0.998046875 0
vn -0.0380554199 -0.999023438 -0.0051612854
vn 0.0455322266 -0.998535156 -0.0213165283
vn 0.0455322266 -0.998535156 -0.0213165283
vn 0.0227813721 -0.999511719 -0.0106658936
vn 0.017364502 -1 -0.00497055054
vn 0.995605469 0.031829834 0.0892333984
vn 0.998046875 0.0383605957 0.0449829102
vn 0.998535156 0.0335083008 0.039276123
vn 0.997070312 0.00645828247 0.0737304688
vn -0.688476562 -0.725097656 0.0112991333
vn -0.688476562 -0.725097656 0.0112991333
vn -0.688476562 -0.725097656 0.0112991333
vn -0.997558594 0.0706787109 0
vn -0.989746094 0.141723633 0
vn 0.694824219 0.719238281 -0.00458908081
vn 0.694824219 0.719238281 -0.00458908081
vn 0.694824219 0.719238281 -0.00458908081
vn 0.712890625 0.699707031 0.0503540039
vn 0.618652344 0.779296875 0.0987548828
vn 0.712890625 0.699707031 0.0503540039
vn 0.618652344 0.779296875 0.0987548828
vn 0.173095703 0.9765625 0.126342773
vn 0.0744018555 0.994628906 0.0703125
vn -0.165161133 -0.0202026367 0.985839844
vn -0.161010742 -0.0202178955 0.986816406
vn -0.230712891 -0.0243225098 0.97265625
vn -0.23059082 -0.0242919922 0.97265625
vn -0.33203125 0.14050293 0.932617188
vn -0.291259766 0.0668945312 0.954101562
vn -0.376464844 0.224975586 0.898925781
vn -0.376464844 0.224975586 0.898925781
vn -0.11151123 -0.604492188 0.7890625
vn -0.0947265625 -0.671875 0.734863281
vn -0.0114746094 -0.734375 0.678710938
vn -0.144042969 -0.702636719 0.696777344
vn -0.0778808594 -0.732421875 0.676757812
vn -0.120056152 -0.751953125 0.6484375
vn -0.111328125 -0.779296875 0.616699219
vn -0.0477600098 -0.943847656 0.326904297
vn -0.083190918 -0.813964844 0.574707031
vn -0.142333984 0.783691406 0.604492188
vn -0.124816895 0.826171875 0.549316406
vn 0.0610351562 0.883789062 0.463378906
vn 0.202392578 0.884765625 0.419433594
g Computer desk_0
f 3/3/3 2/2/2 1/1/1
f 6/6/6 5/5/5 4/4/4
f 9/9/9 8/8/8 7/7/7
f 12/12/12 11/11/11 10/10/10
f 15/15/15 14/14/14 13/13/13
f 13/13/13 16/16/16 15/15/15
f 17/17/17 16/16/16 13/13/13
f 13/13/13 18/18/18 17/17/17
f 18/18/18 19/19/19 17/17/17
f 18/18/18 20/20/20 19/19/19
f 23/23/23 22/22/22 21/21/21
f 24/24/24 23/23/23 21/21/21
f 27/27/27 26/26/26 25/25/25
f 28/28/28 27/27/27 25/25/25
f 31/31/31 30/30/30 29/29/29
f 32/32/32 31/31/31 29/29/29
f 35/35/35 34/34/34 33/33/33
f 36/36/36 35/35/35 33/33/33
f 39/39/39 38/38/38 37/37/37
f 40/40/40 39/39/39 37/37/37
f 43/43/43 42/42/42 41/41/41
f 44/44/44 43/43/43 41/41/41
f 47/47/47 46/46/46 45/45/45
f 48/48/48 47/47/47 45/45/45
f 51/51/51 50/50/50 49/49/49
f 52/52/52 51/51/51 49/49/49
f 55/55/55 54/54/54 53/53/53
f 56/56/56 55/55/55 53/53/53
f 59/59/59 58/58/58 57/57/57
f 60/60/60 59/59/59 57/57/57
f 63/63/63 62/62/62 61/61/61
f 64/64/64 63/63/63 61/61/61
f 67/67/67 66/66/66 65/65/65
f 68/68/68 67/67/67 65/65/65
f 71/71/71 70/70/70 69/69/69
f 72/72/72 71/71/71 69/69/69
f 75/75/75 74/74/74 73/73/73
f 76/76/76 75/75/75 73/73/73
f 79/79/79 78/78/78 77/77/77
f 80/80/80 79/79/79 77/77/77
f 83/83/83 82/82/82 81/81/81
f 84/84/84 83/83/83 81/81/81
f 84/84/84 81/81/81 85/85/85
f 85/85/85 86/86/86 84/84/84
f 87/87/87 86/86/86 85/85/85
f 85/85/85 88/88/88 87/87/87
f 91/91/91 90/90/90 89/89/89
f 92/92/92 91/91/91 89/89/89
f 95/95/95 94/94/94 93/93/93
f 96/96/96 95/95/95 93/93/93
f 99/99/99 98/98/98 97/97/97
f 100/100/100 99/99/99 97/97/97
f 103/103/103 102/102/102 101/101/101
f 104/104/104 103/103/103 101/101/101
f 107/107/107 106/106/106 105/105/105
f 108/108/108 107/107/107 105/105/105
f 111/111/111 110/110/110 109/109/109
f 112/112/112 111/111/111 109/109/109
f 115/115/115 114/114/114 113/113/113
f 116/116/116 115/115/115 113/113/113
f 119/119/119 118/118/118 117/117/117
f 120/120/120 119/119/119 117/117/117
f 123/123/123 122/122/122 121/121/121
f 124/124/124 123/123/123 121/121/121
f 127/127/127 126/126/126 125/125/125
f 128/128/128 127/127/127 125/125/125
f 131/131/131 130/130/130 129/129/129
f 132/132/132 131/131/131 129/129/129
f 135/135/135 134/134/134 133/133/133
f 136/136/136 135/135/135 133/133/133
f 139/139/139 138/138/138 137/137/137
f 140/140/140 139/139/139 137/137/137
f 143/143/143 142/142/142 141/141/141
f 144/144/144 143/143/143 141/141/141
f 147/147/147 146/146/146 145/145/145
f 148/148/148 147/147/147 145/145/145
f 151/151/151 150/150/150 149/149/149
f 152/152/152 151/151/151 149/149/149
f 155/155/155 154/154/154 153/153/153
f 156/156/156 155/155/155 153/153/153
f 159/159/159 158/158/158 157/157/157
f 160/160/160 159/159/159 157/157/157
f 163/163/163 162/162/162 161/161/161
f 164/164/164 163/163/163 161/161/161
f 164/164/164 161/161/161 165/165/165
f 166/166/166 164/164/164 165/165/165
f 166/166/166 165/165/165 167/167/167
f 168/168/168 166/166/166 167/167/167
f 168/168/168 167/167/167 169/169/169
f 170/170/170 168/168/168 169/169/169
f 173/173/173 172/172/172 171/171/171
f 174/174/174 173/173/173 171/171/171
f 177/177/177 176/176/176 175/175/175
f 178/178/178 177/177/177 175/175/175
f 181/181/181 180/180/180 179/179/179
f 182/182/182 181/181/181 179/179/179
f 185/185/185 184/184/184 183/183/183
f 183/183/183 186/186/186 185/185/185
f 183/183/183 187/187/187 186/186/186
f 187/187/187 188/188/188 186/186/186
f 187/187/187 189/189/189 188/188/188
f 187/187/187 190/190/190 189/189/189
f 190/190/190 191/191/191 189/189/189
f 190/190/190 192/192/192 191/191/191
f 192/192/192 193/193/193 191/191/191
f 196/196/196 195/195/195 194/194/194
f 197/197/197 196/196/196 194/194/194
f 200/200/200 199/199/199 198/198/198
f 201/201/201 200/200/200 198/198/198
f 204/204/204 203/203/203 202/202/202
f 205/205/205 204/204/204 202/202/202
f 208/208/208 207/207/207 206/206/206
f 207/207/207 209/209/209 206/206/206
f 210/210/210 209/209/209 207/207/207
f 211/211/211 210/210/210 207/207/207
f 214/214/214 213/213/213 212/212/212
f 212/212/212 215/215/215 214/214/214
f 215/215/215 216/216/216 214/214/214
f 215/215/215 217/217/217 216/216/216
f 217/217/217 218/218/218 216/216/216
f 218/218/218 219/219/219 216/216/216
f 218/218/218 220/220/220 219/219/219
f 220/220/220 221/221/221 219/219/219
f 220/220/220 222/222/222 221/221/221
f 225/225/225 224/224/224 223/223/223
f 226/226/226 225/225/225 223/223/223
f 229/229/229 228/228/228 227/227/227
f 230/230/230 229/229/229 227/227/227
f 233/233/233 232/232/232 231/231/231
f 234/234/234 233/233/233 231/231/231
g Computer desk_1
f 237/237/237 236/236/236 235/235/235
f 240/240/240 239/239/239 238/238/238
f 238/238/238 242/242/242 241/241/241
f 238/238/238 244/244/244 243/243/243
f 247/247/247 246/246/246 245/245/245
f 247/247/247 249/249/249 248/248/248
f 247/247/247 251/251/251 250/250/250
f 247/247/247 252/252/252 251/251/251
f 255/255/255 254/254/254 253/253/253
f 258/258/258 257/257/257 256/256/256
f 261/261/261 260/260/260 259/259/259
f 264/264/264 263/263/263 262/262/262
f 262/262/262 265/265/265 264/264/264
f 262/262/262 266/266/266 265/265/265
f 266/266/266 267/267/267 265/265/265
f 270/270/270 269/269/269 268/268/268
f 271/271/271 270/270/270 268/268/268
f 274/274/274 273/273/273 272/272/272
f 275/275/275 274/274/274 272/272/272
f 278/278/278 277/277/277 276/276/276
f 279/279/279 278/278/278 276/276/276
f 282/282/282 281/281/281 280/280/280
f 283/283/283 282/282/282 280/280/280
f 286/286/286 285/285/285 284/284/284
f 287/287/287 286/286/286 284/284/284
f 75/75/75 76/76/76 288/288/288
f 289/289/289 75/75/75 288/288/288
f 74/74/74 75/75/75 289/289/289
f 290/290/290 74/74/74 289/289/289
f 292/292/292 291/291/291 62/62/62
f 63/63/63 292/292/292 62/62/62
f 294/294/294 293/293/293 70/70/70
f 295/295/295 294/294/294 70/70/70
f 298/298/298 297/297/297 296/296/296
f 296/296/296 299/299/299 298/298/298
f 296/296/296 300/300/300 299/299/299
f 296/296/296 301/301/301 300/300/300
f 304/304/304 303/303/303 302/302/302
f 305/305/305 304/304/304 302/302/302
f 308/308/308 307/307/307 306/306/306
f 309/309/309 308/308/308 306/306/306
f 312/312/312 311/311/311 310/310/310
f 313/313/313 312/312/312 310/310/310
f 316/316/316 315/315/315 314/314/314
f 317/317/317 316/316/316 314/314/314
f 320/320/320 319/319/319 318/318/318
f 321/321/321 320/320/320 318/318/318
f 142/142/142 143/143/143 322/322/322
f 143/143/143 323/323/323 322/322/322
f 143/143/143 144/144/144 323/323/323
f 144/144/144 324/324/324 323/323/323
f 325/325/325 131/131/131 132/132/132
f 326/326/326 325/325/325 132/132/132
f 328/328/328 327/327/327 140/140/140
f 329/329/329 328/328/328 140/140/140
f 332/332/332 331/331/331 330/330/330
f 333/333/333 332/332/332 330/330/330
f 336/336/336 335/335/335 334/334/334
f 337/337/337 336/336/336 334/334/334
f 337/337/337 334/334/334 338/338/338
f 339/339/339 337/337/337 338/338/338
f 340/340/340 339/339/339 338/338/338
f 341/341/341 340/340/340 338/338/338
f 342/342/342 340/340/340 341/341/341
f 343/343/343 342/342/342 341/341/341
f 344/344/344 342/342/342 343/343/343
f 345/345/345 344/344/344 343/343/343
f 344/344/344 345/345/345 346/346/346
f 347/347/347 344/344/344 346/346/346
f 347/347/347 346/346/346 348/348/348
f 349/349/349 347/347/347 348/348/348
f 352/352/352 351/351/351 350/350/350
f 353/353/353 352/352/352 350/350/350
f 356/356/356 355/355/355 354/354/354
f 357/357/357 356/356/356 354/354/354
f 360/360/360 359/359/359 358/358/358
f 361/361/361 360/360/360 358/358/358
f 364/364/364 363/363/363 362/362/362
f 365/365/365 364/364/364 362/362/362
f 234/234/234 231/231/231 366/366/366
f 367/367/367 234/234/234 366/366/366
f 367/367/367 366/366/366 368/368/368
f 369/369/369 367/367/367 368/368/368
f 369/369/369 368/368/368 370/370/370
f 371/371/371 369/369/369 370/370/370
f 374/374/374 373/373/373 372/372/372
f 375/375/375 374/374/374 372/372/372
f 378/378/378 377/377/377 376/376/376
f 379/379/379 378/378/378 376/376/376
f 382/382/382 381/381/381 380/380/380
f 383/383/383 382/382/382 380/380/380
f 386/386/386 385/385/385 384/384/384
f 387/387/387 386/386/386 384/384/384
f 390/390/390 389/389/389 388/388/388
f 391/391/391 390/390/390 388/388/388
f 394/394/394 393/393/393 392/392/392
f 395/395/395 394/394/394 392/392/392
f 398/398/398 397/397/397 396/396/396
f 399/399/399 398/398/398 396/396/396
f 402/402/402 401/401/401 400/400/400
f 402/402/402 403/403/403 401/401/401
f 406/406/406 405/405/405 404/404/404
f 406/406/406 407/407/407 405/405/405
f 407/407/407 408/408/408 405/405/405
f 411/411/411 410/410/410 409/409/409
f 412/412/412 411/411/411 409/409/409
f 415/415/415 414/414/414 413/413/413
f 416/416/416 415/415/415 413/413/413
f 419/419/419 418/418/418 417/417/417
f 417/417/417 420/420/420 419/419/419
f 417/417/417 421/421/421 420/420/420
f 421/421/421 422/422/422 420/420/420
f 422/422/422 423/423/423 420/420/420
f 422/422/422 424/424/424 423/423/423
f 424/424/424 425/425/425 423/423/423
f 424/424/424 426/426/426 425/425/425
f 426/426/426 427/427/427 425/425/425
f 430/430/430 429/429/429 428/428/428
f 429/429/429 431/431/431 428/428/428
f 428/428/428 431/431/431 432/432/432
f 431/431/431 433/433/433 432/432/432
f 436/436/436 435/435/435 434/434/434
f 437/437/437 436/436/436 434/434/434
f 438/438/438 436/436/436 437/437/437
f 439/439/439 438/438/438 437/437/437
f 440/440/440 438/438/438 439/439/439
f 441/441/441 440/440/440 439/439/439
f 442/442/442 440/440/440 441/441/441
f 443/443/443 442/442/442 441/441/441
f 441/441/441 439/439/439 444/444/444
f 445/445/445 441/441/441 444/444/444
f 445/445/445 444/444/444 446/446/446
f 447/447/447 445/445/445 446/446/446
f 446/446/446 448/448/448 447/447/447
f 448/448/448 449/449/449 447/447/447
f 448/448/448 450/450/450 449/449/449
f 450/450/450 451/451/451 449/449/449
f 451/451/451 450/450/450 452/452/452
f 453/453/453 451/451/451 452/452/452
f 456/456/456 455/455/455 454/454/454
f 457/457/457 456/456/456 454/454/454
f 460/460/460 459/459/459 458/458/458
f 461/461/461 460/460/460 458/458/458
f 458/458/458 462/462/462 461/461/461
f 462/462/462 463/463/463 461/461/461
f 462/462/462 464/464/464 463/463/463
f 464/464/464 465/465/465 463/463/463
f 464/464/464 466/466/466 465/465/465
f 466/466/466 467/467/467 465/465/465
f 470/470/470 469/469/469 468/468/468
f 471/471/471 470/470/470 468/468/468
f 474/474/474 473/473/473 472/472/472
f 475/475/475 474/474/474 472/472/472
f 478/478/478 477/477/477 476/476/476
f 476/476/476 479/479/479 478/478/478
f 482/482/482 481/481/481 480/480/480
f 483/483/483 482/482/482 480/480/480
f 486/486/486 485/485/485 484/484/484
f 487/487/487 486/486/486 484/484/484
f 488/488/488 486/486/486 487/487/487
f 489/489/489 488/488/488 487/487/487
f 492/492/492 491/491/491 490/490/490
f 493/493/493 492/492/492 490/490/490
f 496/496/496 495/495/495 494/494/494
f 495/495/495 497/497/497 494/494/494
f 494/494/494 497/497/497 498/498/498
f 497/497/497 499/499/499 498/498/498
f 494/494/494 498/498/498 500/500/500
f 501/501/501 494/494/494 500/500/500
f 501/501/501 500/500/500 502/502/502
f 503/503/503 501/501/501 502/502/502
f 502/502/502 504/504/504 503/503/503
f 504/504/504 505/505/505 503/503/503
f 508/508/508 507/507/507 506/506/506
f 509/509/509 508/508/508 506/506/506
f 512/512/512 511/511/511 510/510/510
f 513/513/513 512/512/512 510/510/510
f 514/514/514 513/513/513 510/510/510
f 515/515/515 514/514/514 510/510/510
f 518/518/518 517/517/517 516/516/516
f 517/517/517 519/519/519 516/516/516
f 519/519/519 517/517/517 520/520/520
f 521/521/521 519/519/519 520/520/520
f 521/521/521 520/520/520 522/522/522
f 520/520/520 523/523/523 522/522/522
f 523/523/523 524/524/524 522/522/522
f 524/524/524 525/525/525 522/522/522
f 524/524/524 526/526/526 525/525/525
f 526/526/526 527/527/527 525/525/525
f 530/530/530 529/529/529 528/528/528
f 531/531/531 530/530/530 528/528/528
f 534/534/534 533/533/533 532/532/532
f 535/535/535 534/534/534 532/532/532
f 538/538/538 537/537/537 536/536/536
f 539/539/539 538/538/538 536/536/536
f 542/542/542 541/541/541 540/540/540
f 543/543/543 542/542/542 540/540/540
f 546/546/546 545/545/545 544/544/544
f 547/547/547 546/546/546 544/544/544
f 550/550/550 549/549/549 548/548/548
f 551/551/551 550/550/550 548/548/548
f 554/554/554 553/553/553 552/552/552
f 555/555/555 554/554/554 552/552/552
f 558/558/558 557/557/557 556/556/556
f 556/556/556 559/559/559 558/558/558
f 556/556/556 560/560/560 559/559/559
f 560/560/560 561/561/561 559/559/559
f 562/562/562 561/561/561 560/560/560
f 563/563/563 562/562/562 560/560/560
f 562/562/562 563/563/563 564/564/564
f 563/563/563 565/565/565 564/564/564
f 566/566/566 564/564/564 565/565/565
f 567/567/567 566/566/566 565/565/565
f 570/570/570 569/569/569 568/568/568
f 569/569/569 571/571/571 568/568/568
f 568/568/568 571/571/571 572/572/572
f 571/571/571 573/573/573 572/572/572
f 576/576/576 575/575/575 574/574/574
f 574/574/574 577/577/577 576/576/576
f 574/574/574 578/578/578 577/577/577
f 574/574/574 579/579/579 578/578/578
f 574/574/574 580/580/580 579/579/579
f 580/580/580 581/581/581 579/579/579
f 580/580/580 582/582/582 581/581/581
f 582/582/582 583/583/583 581/581/581
f 582/582/582 584/584/584 583/583/583
f 587/587/587 586/586/586 585/585/585
f 588/588/588 587/587/587 585/585/585
f 588/588/588 585/585/585 589/589/589
f 590/590/590 588/588/588 589/589/589
f 593/593/593 592/592/592 591/591/591
f 592/592/592 594/594/594 591/591/591
f 592/592/592 595/595/595 594/594/594
f 595/595/595 596/596/596 594/594/594
f 595/595/595 597/597/597 596/596/596
f 597/597/597 598/598/598 596/596/596
f 597/597/597 599/599/599 598/598/598
f 599/599/599 600/600/600 598/598/598
f 596/596/596 598/598/598 601/601/601
f 598/598/598 602/602/602 601/601/601
f 601/601/601 602/602/602 603/603/603
f 602/602/602 604/604/604 603/603/603
f 605/605/605 603/603/603 604/604/604
f 606/606/606 605/605/605 604/604/604
f 607/607/607 605/605/605 606/606/606
f 608/608/608 607/607/607 606/606/606
f 611/611/611 610/610/610 609/609/609
f 612/612/612 611/611/611 609/609/609
f 615/615/615 614/614/614 613/613/613
f 616/616/616 615/615/615 613/613/613
f 619/619/619 618/618/618 617/617/617
f 618/618/618 620/620/620 617/617/617
f 621/621/621 617/617/617 620/620/620
f 622/622/622 621/621/621 620/620/620
f 623/623/623 621/621/621 622/622/622
f 624/624/624 623/623/623 622/622/622
f 625/625/625 623/623/623 624/624/624
f 626/626/626 625/625/625 624/624/624
f 629/629/629 628/628/628 627/627/627
f 627/627/627 630/630/630 629/629/629
f 633/633/633 632/632/632 631/631/631
f 631/631/631 634/634/634 633/633/633
f 631/631/631 635/635/635 634/634/634
f 635/635/635 636/636/636 634/634/634
f 636/636/636 637/637/637 634/634/634
f 637/637/637 638/638/638 634/634/634
f 638/638/638 639/639/639 634/634/634
f 642/642/642 641/641/641 640/640/640
f 643/643/643 642/642/642 640/640/640
f 646/646/646 645/645/645 644/644/644
f 645/645/645 647/647/647 644/644/644
f 645/645/645 648/648/648 647/647/647
f 651/651/651 650/650/650 649/649/649
f 652/652/652 651/651/651 649/649/649
f 655/655/655 654/654/654 653/653/653
f 656/656/656 655/655/655 653/653/653
f 656/656/656 653/653/653 657/657/657
f 658/658/658 656/656/656 657/657/657
f 657/657/657 653/653/653 659/659/659
f 653/653/653 660/660/660 659/659/659
f 659/659/659 660/660/660 661/661/661
f 660/660/660 662/662/662 661/661/661
f 663/663/663 661/661/661 662/662/662
f 664/664/664 663/663/663 662/662/662
f 667/667/667 666/666/666 665/665/665
f 668/668/668 667/667/667 665/665/665
f 671/671/671 670/670/670 669/669/669
f 670/670/670 672/672/672 669/669/669
f 672/672/672 673/673/673 669/669/669
f 673/673/673 674/674/674 669/669/669
f 677/677/677 676/676/676 675/675/675
f 678/678/678 677/677/677 675/675/675
f 677/677/677 678/678/678 679/679/679
f 678/678/678 680/680/680 679/679/679
f 679/679/679 680/680/680 681/681/681
f 682/682/682 679/679/679 681/681/681
f 683/683/683 682/682/682 681/681/681
f 684/684/684 683/683/683 681/681/681
f 685/685/685 683/683/683 684/684/684
f 686/686/686 685/685/685 684/684/684
f 689/689/689 688/688/688 687/687/687
f 690/690/690 689/689/689 687/687/687
f 693/693/693 692/692/692 691/691/691
f 692/692/692 694/694/694 691/691/691
f 691/691/691 694/694/694 695/695/695
f 694/694/694 696/696/696 695/695/695
f 699/699/699 698/698/698 697/697/697
f 700/700/700 699/699/699 697/697/697
f 703/703/703 702/702/702 701/701/701
f 704/704/704 703/703/703 701/701/701
f 706/706/706 185/185/185 705/705/705
f 185/185/185 186/186/186 705/705/705
f 184/184/184 185/185/185 706/706/706
f 705/705/705 186/186/186 707/707/707
f 708/708/708 184/184/184 706/706/706
f 186/186/186 188/188/188 707/707/707
f 183/183/183 184/184/184 708/708/708
f 707/707/707 188/188/188 709/709/709
f 710/710/710 183/183/183 708/708/708
f 188/188/188 189/189/189 709/709/709
f 187/187/187 183/183/183 710/710/710
f 709/709/709 189/189/189 711/711/711
f 712/712/712 187/187/187 710/710/710
f 189/189/189 191/191/191 711/711/711
f 190/190/190 187/187/187 712/712/712
f 711/711/711 191/191/191 713/713/713
f 714/714/714 190/190/190 712/712/712
f 191/191/191 193/193/193 713/713/713
f 192/192/192 190/190/190 714/714/714
f 713/713/713 193/193/193 715/715/715
f 715/715/715 192/192/192 714/714/714
f 193/193/193 192/192/192 715/715/715
f 148/148/148 717/717/717 716/716/716
f 147/147/147 148/148/148 716/716/716
f 148/148/148 145/145/145 717/717/717
f 147/147/147 716/716/716 718/718/718
f 145/145/145 719/719/719 717/717/717
f 146/146/146 147/147/147 718/718/718
f 146/146/146 718/718/718 719/719/719
f 145/145/145 146/146/146 719/719/719
f 80/80/80 77/77/77 20/20/20
f 20/20/20 77/77/77 14/14/14
f 18/18/18 80/80/80 20/20/20
f 77/77/77 78/78/78 14/14/14
f 79/79/79 80/80/80 18/18/18
f 14/14/14 78/78/78 13/13/13
f 13/13/13 79/79/79 18/18/18
f 78/78/78 79/79/79 13/13/13
g Computer desk_2
f 720/720/720 171/171/171 172/172/172
f 721/721/721 720/720/720 172/172/172
f 172/172/172 722/722/722 721/721/721
f 720/720/720 721/721/721 723/723/723
f 723/723/723 721/721/721 722/722/722
f 723/723/723 722/722/722 332/332/332
f 332/332/332 333/333/333 723/723/723
f 726/726/726 725/725/725 724/724/724
f 727/727/727 726/726/726 724/724/724
f 730/730/730 729/729/729 728/728/728
f 731/731/731 730/730/730 728/728/728
f 734/734/734 733/733/733 732/732/732
f 735/735/735 734/734/734 732/732/732
f 738/738/738 737/737/737 736/736/736
f 739/739/739 738/738/738 736/736/736
f 742/742/742 741/741/741 740/740/740
f 743/743/743 742/742/742 740/740/740
f 746/746/746 745/745/745 744/744/744
f 747/747/747 746/746/746 744/744/744
f 750/750/750 749/749/749 748/748/748
f 751/751/751 750/750/750 748/748/748
f 754/754/754 753/753/753 752/752/752
f 755/755/755 754/754/754 752/752/752
f 758/758/758 757/757/757 756/756/756
f 759/759/759 758/758/758 756/756/756
f 762/762/762 761/761/761 760/760/760
f 763/763/763 762/762/762 760/760/760
f 207/207/207 208/208/208 764/764/764
f 765/765/765 207/207/207 764/764/764
f 211/211/211 207/207/207 765/765/765
f 766/766/766 211/211/211 765/765/765
f 767/767/767 765/765/765 764/764/764
f 766/766/766 765/765/765 767/767/767
f 768/768/768 767/767/767 764/764/764
f 769/769/769 766/766/766 767/767/767
f 767/767/767 768/768/768 770/770/770
f 769/769/769 767/767/767 771/771/771
f 771/771/771 767/767/767 770/770/770
f 772/772/772 769/769/769 771/771/771
f 771/771/771 770/770/770 773/773/773
f 772/772/772 771/771/771 774/774/774
f 774/774/774 771/771/771 773/773/773
f 775/775/775 772/772/772 774/774/774
f 774/774/774 773/773/773 776/776/776
f 775/775/775 774/774/774 777/777/777
f 777/777/777 774/774/774 776/776/776
f 778/778/778 775/775/775 777/777/777
f 779/779/779 777/777/777 776/776/776
f 778/778/778 777/777/777 779/779/779
f 780/780/780 779/779/779 776/776/776
f 781/781/781 778/778/778 779/779/779
f 782/782/782 779/779/779 780/780/780
f 781/781/781 779/779/779 782/782/782
f 783/783/783 782/782/782 780/780/780
f 784/784/784 781/781/781 782/782/782
f 785/785/785 782/782/782 783/783/783
f 784/784/784 782/782/782 785/785/785
f 786/786/786 785/785/785 783/783/783
f 787/787/787 784/784/784 785/785/785
f 785/785/785 786/786/786 788/788/788
f 787/787/787 785/785/785 789/789/789
f 789/789/789 785/785/785 788/788/788
f 789/789/789 788/788/788 206/206/206
f 790/790/790 787/787/787 789/789/789
f 209/209/209 789/789/789 206/206/206
f 790/790/790 789/789/789 209/209/209
f 210/210/210 790/790/790 209/209/209
g Computer desk_3
f 793/793/793 792/792/792 791/791/791
f 794/794/794 451/451/451 453/453/453
f 451/451/451 796/796/796 795/795/795
f 449/449/449 451/451/451 795/795/795
f 449/449/449 795/795/795 797/797/797
f 447/447/447 449/449/449 797/797/797
f 797/797/797 798/798/798 447/447/447
f 798/798/798 445/445/445 447/447/447
f 798/798/798 443/443/443 445/445/445
f 443/443/443 441/441/441 445/445/445
f 801/801/801 800/800/800 799/799/799
f 804/804/804 803/803/803 802/802/802
f 807/807/807 806/806/806 805/805/805
f 810/810/810 809/809/809 808/808/808
f 663/663/663 811/811/811 661/661/661
f 814/814/814 813/813/813 812/812/812
f 817/817/817 816/816/816 815/815/815
f 815/815/815 818/818/818 817/817/817
f 817/817/817 818/818/818 819/819/819
f 815/815/815 819/819/819 818/818/818
f 820/820/820 817/817/817 819/819/819
f 819/819/819 821/821/821 820/820/820
f 821/821/821 822/822/822 820/820/820
f 822/822/822 821/821/821 823/823/823
f 824/824/824 822/822/822 823/823/823
f 823/823/823 825/825/825 824/824/824
f 825/825/825 826/826/826 824/824/824
f 826/826/826 825/825/825 827/827/827
f 828/828/828 826/826/826 827/827/827
f 827/827/827 829/829/829 828/828/828
f 829/829/829 830/830/830 828/828/828
f 829/829/829 428/428/428 830/830/830
f 428/428/428 432/432/432 830/830/830
f 430/430/430 428/428/428 829/829/829
f 831/831/831 430/430/430 829/829/829
f 831/831/831 829/829/829 827/827/827
f 832/832/832 831/831/831 827/827/827
f 827/827/827 825/825/825 832/832/832
f 825/825/825 833/833/833 832/832/832
f 833/833/833 825/825/825 823/823/823
f 834/834/834 833/833/833 823/823/823
f 823/823/823 821/821/821 834/834/834
f 821/821/821 835/835/835 834/834/834
f 835/835/835 821/821/821 819/819/819
f 836/836/836 835/835/835 819/819/819
f 815/815/815 836/836/836 819/819/819
f 815/815/815 837/837/837 836/836/836
f 815/815/815 838/838/838 837/837/837
f 838/838/838 839/839/839 837/837/837
f 838/838/838 840/840/840 839/839/839
f 840/840/840 841/841/841 839/839/839
f 844/844/844 843/843/843 842/842/842
f 845/845/845 844/844/844 842/842/842
f 846/846/846 845/845/845 842/842/842
f 847/847/847 846/846/846 842/842/842
f 847/847/847 848/848/848 846/846/846
f 848/848/848 849/849/849 846/846/846
f 848/848/848 850/850/850 849/849/849
f 850/850/850 851/851/851 849/849/849
f 849/849/849 851/851/851 524/524/524
f 851/851/851 526/526/526 524/524/524
f 849/849/849 524/524/524 523/523/523
f 846/846/846 849/849/849 523/523/523
f 845/845/845 846/846/846 523/523/523
f 520/520/520 845/845/845 523/523/523
f 520/520/520 517/517/517 845/845/845
f 517/517/517 844/844/844 845/845/845
f 844/844/844 517/517/517 518/518/518
f 852/852/852 844/844/844 518/518/518
f 855/855/855 854/854/854 853/853/853
f 853/853/853 856/856/856 855/855/855
f 857/857/857 856/856/856 853/853/853
f 853/853/853 858/858/858 857/857/857
f 858/858/858 859/859/859 857/857/857
f 859/859/859 860/860/860 857/857/857
f 860/860/860 859/859/859 861/861/861
f 862/862/862 860/860/860 861/861/861
f 863/863/863 860/860/860 862/862/862
f 864/864/864 863/863/863 862/862/862
f 860/860/860 863/863/863 865/865/865
f 857/857/857 860/860/860 865/865/865
f 857/857/857 865/865/865 866/866/866
f 857/857/857 866/866/866 856/856/856
f 865/865/865 867/867/867 866/866/866
f 867/867/867 868/868/868 866/866/866
f 866/866/866 869/869/869 856/856/856
f 868/868/868 869/869/869 866/866/866
f 869/869/869 870/870/870 856/856/856
f 869/869/869 871/871/871 870/870/870
f 871/871/871 872/872/872 870/870/870
f 873/873/873 871/871/871 869/869/869
f 868/868/868 873/873/873 869/869/869
f 874/874/874 873/873/873 868/868/868
f 875/875/875 874/874/874 868/868/868
f 875/875/875 868/868/868 876/876/876
f 879/879/879 878/878/878 877/877/877
f 878/878/878 880/880/880 877/877/877
f 880/880/880 881/881/881 877/877/877
f 881/881/881 882/882/882 877/877/877
f 882/882/882 881/881/881 883/883/883
f 884/884/884 882/882/882 883/883/883
f 883/883/883 885/885/885 884/884/884
f 885/885/885 886/886/886 884/884/884
f 886/886/886 885/885/885 887/887/887
f 888/888/888 886/886/886 887/887/887
f 887/887/887 889/889/889 888/888/888
f 889/889/889 890/890/890 888/888/888
f 889/889/889 483/483/483 890/890/890
f 483/483/483 480/480/480 890/890/890
f 514/514/514 891/891/891 513/513/513
f 891/891/891 892/892/892 513/513/513
f 892/892/892 893/893/893 513/513/513
f 896/896/896 895/895/895 894/894/894
f 897/897/897 896/896/896 894/894/894
f 898/898/898 897/897/897 894/894/894
f 898/898/898 899/899/899 897/897/897
f 899/899/899 900/900/900 897/897/897
f 900/900/900 899/899/899 901/901/901
f 902/902/902 900/900/900 901/901/901
f 901/901/901 903/903/903 902/902/902
f 903/903/903 904/904/904 902/902/902
f 907/907/907 906/906/906 905/905/905
f 908/908/908 907/907/907 905/905/905
f 908/908/908 905/905/905 909/909/909
f 522/522/522 908/908/908 909/909/909
f 521/521/521 522/522/522 909/909/909
f 910/910/910 521/521/521 909/909/909
f 910/910/910 911/911/911 521/521/521
f 911/911/911 519/519/519 521/521/521
f 519/519/519 911/911/911 912/912/912
f 516/516/516 519/519/519 912/912/912
f 544/544/544 545/545/545 913/913/913
f 545/545/545 914/914/914 913/913/913
f 913/913/913 914/914/914 915/915/915
f 914/914/914 545/545/545 916/916/916
f 914/914/914 917/917/917 915/915/915
f 918/918/918 914/914/914 916/916/916
f 917/917/917 914/914/914 918/918/918
f 919/919/919 917/917/917 918/918/918
f 921/921/921 920/920/920 503/503/503
f 920/920/920 501/501/501 503/503/503
f 920/920/920 496/496/496 501/501/501
f 496/496/496 494/494/494 501/501/501
f 924/924/924 923/923/923 922/922/922
f 922/922/922 925/925/925 924/924/924
f 925/925/925 926/926/926 924/924/924
f 926/926/926 927/927/927 924/924/924
f 927/927/927 928/928/928 924/924/924
f 927/927/927 437/437/437 928/928/928
f 437/437/437 434/434/434 928/928/928
f 439/439/439 437/437/437 927/927/927
f 444/444/444 439/439/439 927/927/927
f 444/444/444 927/927/927 926/926/926
f 446/446/446 444/444/444 926/926/926
f 926/926/926 925/925/925 446/446/446
f 925/925/925 448/448/448 446/446/446
f 925/925/925 929/929/929 448/448/448
f 929/929/929 450/450/450 448/448/448
f 932/932/932 931/931/931 930/930/930
f 930/930/930 933/933/933 932/932/932
f 933/933/933 934/934/934 932/932/932
f 937/937/937 936/936/936 935/935/935
f 938/938/938 937/937/937 935/935/935
f 939/939/939 504/504/504 502/502/502
f 940/940/940 939/939/939 502/502/502
f 941/941/941 939/939/939 940/940/940
f 502/502/502 942/942/942 940/940/940
f 943/943/943 941/941/941 940/940/940
f 942/942/942 944/944/944 940/940/940
f 940/940/940 944/944/944 943/943/943
f 942/942/942 489/489/489 944/944/944
f 944/944/944 945/945/945 943/943/943
f 489/489/489 487/487/487 944/944/944
f 944/944/944 487/487/487 945/945/945
f 487/487/487 484/484/484 945/945/945
f 948/948/948 947/947/947 946/946/946
f 949/949/949 948/948/948 946/946/946
f 410/410/410 534/534/534 535/535/535
f 409/409/409 410/410/410 535/535/535
f 395/395/395 392/392/392 529/529/529
f 530/530/530 395/395/395 529/529/529
f 952/952/952 951/951/951 950/950/950
f 950/950/950 547/547/547 952/952/952
f 950/950/950 546/546/546 547/547/547
f 954/954/954 953/953/953 397/397/397
f 398/398/398 954/954/954 397/397/397
f 957/957/957 956/956/956 955/955/955
f 955/955/955 958/958/958 957/957/957
f 955/955/955 959/959/959 958/958/958
f 960/960/960 959/959/959 955/955/955
f 961/961/961 960/960/960 955/955/955
f 963/963/963 962/962/962 237/237/237
f 964/964/964 963/963/963 237/237/237
f 493/493/493 490/490/490 965/965/965
f 966/966/966 493/493/493 965/965/965
f 966/966/966 965/965/965 967/967/967
f 968/968/968 966/966/966 967/967/967
f 967/967/967 969/969/969 968/968/968
f 969/969/969 970/970/970 968/968/968
f 969/969/969 971/971/971 970/970/970
f 971/971/971 972/972/972 970/970/970
f 975/975/975 974/974/974 973/973/973
f 974/974/974 976/976/976 973/973/973
f 976/976/976 977/977/977 973/973/973
f 977/977/977 978/978/978 973/973/973
f 979/979/979 978/978/978 977/977/977
f 980/980/980 979/979/979 977/977/977
f 983/983/983 982/982/982 981/981/981
f 982/982/982 984/984/984 981/981/981
f 982/982/982 985/985/985 984/984/984
f 988/988/988 987/987/987 986/986/986
f 989/989/989 988/988/988 986/986/986
f 990/990/990 989/989/989 986/986/986
f 991/991/991 990/990/990 986/986/986
f 990/990/990 991/991/991 992/992/992
f 991/991/991 993/993/993 992/992/992
f 994/994/994 992/992/992 993/993/993
f 995/995/995 994/994/994 993/993/993
f 994/994/994 995/995/995 996/996/996
f 995/995/995 997/997/997 996/996/996
f 998/998/998 996/996/996 997/997/997
f 999/999/999 998/998/998 997/997/997
f 641/641/641 998/998/998 999/999/999
f 640/640/640 641/641/641 999/999/999
f 1000/1000/1000 673/673/673 672/672/672
f 1001/1001/1001 1000/1000/1000 672/672/672
f 1002/1002/1002 1001/1001/1001 672/672/672
f 670/670/670 1002/1002/1002 672/672/672
f 1002/1002/1002 670/670/670 1003/1003/1003
f 670/670/670 1004/1004/1004 1003/1003/1003
f 1007/1007/1007 1006/1006/1006 1005/1005/1005
f 1006/1006/1006 1008/1008/1008 1005/1005/1005
f 1008/1008/1008 1009/1009/1009 1005/1005/1005
f 1010/1010/1010 1009/1009/1009 1008/1008/1008
f 1011/1011/1011 1010/1010/1010 1008/1008/1008
f 1010/1010/1010 1011/1011/1011 1012/1012/1012
f 1011/1011/1011 1013/1013/1013 1012/1012/1012
f 1014/1014/1014 1012/1012/1012 1013/1013/1013
f 1015/1015/1015 1014/1014/1014 1013/1013/1013
f 1018/1018/1018 1017/1017/1017 1016/1016/1016
f 1019/1019/1019 1017/1017/1017 1018/1018/1018
f 1020/1020/1020 1019/1019/1019 1018/1018/1018
f 1020/1020/1020 1018/1018/1018 1021/1021/1021
f 1022/1022/1022 1020/1020/1020 1021/1021/1021
f 1022/1022/1022 1021/1021/1021 1023/1023/1023
f 1024/1024/1024 1022/1022/1022 1023/1023/1023
f 1023/1023/1023 1021/1021/1021 1025/1025/1025
f 1021/1021/1021 1018/1018/1018 1026/1026/1026
f 1021/1021/1021 1026/1026/1026 1025/1025/1025
f 1018/1018/1018 1027/1027/1027 1026/1026/1026
f 1027/1027/1027 1028/1028/1028 1026/1026/1026
f 1025/1025/1025 1026/1026/1026 1029/1029/1029
f 1028/1028/1028 1029/1029/1029 1026/1026/1026
f 1029/1029/1029 1030/1030/1030 1025/1025/1025
f 1031/1031/1031 1030/1030/1030 1029/1029/1029
f 1032/1032/1032 1029/1029/1029 1028/1028/1028
f 1032/1032/1032 1031/1031/1031 1029/1029/1029
f 1031/1031/1031 1032/1032/1032 1033/1033/1033
f 1034/1034/1034 1032/1032/1032 1028/1028/1028
f 1032/1032/1032 1035/1035/1035 1033/1033/1033
f 1032/1032/1032 1034/1034/1034 1035/1035/1035
f 1034/1034/1034 1036/1036/1036 1035/1035/1035
f 1039/1039/1039 1038/1038/1038 1037/1037/1037
f 1040/1040/1040 1039/1039/1039 1037/1037/1037
f 1040/1040/1040 1037/1037/1037 683/683/683
f 685/685/685 1040/1040/1040 683/683/683
f 683/683/683 1037/1037/1037 682/682/682
f 1037/1037/1037 1041/1041/1041 682/682/682
f 1041/1041/1041 1042/1042/1042 682/682/682
f 1042/1042/1042 679/679/679 682/682/682
f 677/677/677 679/679/679 1042/1042/1042
f 1043/1043/1043 677/677/677 1042/1042/1042
f 677/677/677 1043/1043/1043 676/676/676
f 1043/1043/1043 1044/1044/1044 676/676/676
f 1047/1047/1047 1046/1046/1046 1045/1045/1045
f 1046/1046/1046 1048/1048/1048 1045/1045/1045
f 1045/1045/1045 1048/1048/1048 1049/1049/1049
f 1048/1048/1048 681/681/681 1049/1049/1049
f 681/681/681 680/680/680 1049/1049/1049
f 680/680/680 1050/1050/1050 1049/1049/1049
f 1051/1051/1051 1050/1050/1050 680/680/680
f 678/678/678 1051/1051/1051 680/680/680
f 1051/1051/1051 678/678/678 1052/1052/1052
f 678/678/678 675/675/675 1052/1052/1052
f 1055/1055/1055 1054/1054/1054 1053/1053/1053
f 1054/1054/1054 1056/1056/1056 1053/1053/1053
f 1053/1053/1053 1056/1056/1056 1057/1057/1057
f 1056/1056/1056 1058/1058/1058 1057/1057/1057
f 1059/1059/1059 1057/1057/1057 1058/1058/1058
f 1058/1058/1058 1060/1060/1060 1059/1059/1059
f 1061/1061/1061 1059/1059/1059 1060/1060/1060
f 1058/1058/1058 1062/1062/1062 1060/1060/1060
f 1062/1062/1062 1058/1058/1058 1063/1063/1063
f 1063/1063/1063 1064/1064/1064 1062/1062/1062
f 1062/1062/1062 1064/1064/1064 1060/1060/1060
f 1064/1064/1064 1065/1065/1065 1060/1060/1060
f 1066/1066/1066 1061/1061/1061 1060/1060/1060
f 1066/1066/1066 1060/1060/1060 1065/1065/1065
f 1061/1061/1061 1066/1066/1066 1067/1067/1067
f 1068/1068/1068 1066/1066/1066 1065/1065/1065
f 1066/1066/1066 1069/1069/1069 1067/1067/1067
f 1066/1066/1066 1068/1068/1068 1069/1069/1069
f 1070/1070/1070 1067/1067/1067 1069/1069/1069
f 1068/1068/1068 1071/1071/1071 1069/1069/1069
f 1072/1072/1072 1070/1070/1070 1069/1069/1069
f 1072/1072/1072 1069/1069/1069 1071/1071/1071
f 1070/1070/1070 1072/1072/1072 1073/1073/1073
f 1074/1074/1074 1072/1072/1072 1071/1071/1071
f 1072/1072/1072 1075/1075/1075 1073/1073/1073
f 1072/1072/1072 1074/1074/1074 1075/1075/1075
f 1076/1076/1076 1073/1073/1073 1075/1075/1075
f 1074/1074/1074 1077/1077/1077 1075/1075/1075
f 1078/1078/1078 1076/1076/1076 1075/1075/1075
f 1078/1078/1078 1075/1075/1075 1077/1077/1077
f 586/586/586 1076/1076/1076 1078/1078/1078
f 1079/1079/1079 1078/1078/1078 1077/1077/1077
f 585/585/585 586/586/586 1078/1078/1078
f 585/585/585 1078/1078/1078 1079/1079/1079
f 589/589/589 585/585/585 1079/1079/1079
f 1082/1082/1082 1081/1081/1081 1080/1080/1080
f 1083/1083/1083 1082/1082/1082 1080/1080/1080
f 1082/1082/1082 1083/1083/1083 1084/1084/1084
f 1083/1083/1083 1085/1085/1085 1084/1084/1084
f 704/704/704 701/701/701 1086/1086/1086
f 1087/1087/1087 704/704/704 1086/1086/1086
f 704/704/704 1087/1087/1087 1088/1088/1088
f 1087/1087/1087 1089/1089/1089 1088/1088/1088
f 1091/1091/1091 1090/1090/1090 662/662/662
f 660/660/660 1091/1091/1091 662/662/662
f 654/654/654 1091/1091/1091 660/660/660
f 653/653/653 654/654/654 660/660/660
f 1093/1093/1093 1092/1092/1092 610/610/610
f 611/611/611 1093/1093/1093 610/610/610
f 1096/1096/1096 1095/1095/1095 1094/1094/1094
f 1097/1097/1097 1096/1096/1096 1094/1094/1094
f 1094/1094/1094 1098/1098/1098 1097/1097/1097
f 1096/1096/1096 1097/1097/1097 603/603/603
f 605/605/605 1096/1096/1096 603/603/603
f 601/601/601 603/603/603 1097/1097/1097
f 1099/1099/1099 1097/1097/1097 1098/1098/1098
f 1099/1099/1099 601/601/601 1097/1097/1097
f 596/596/596 601/601/601 1099/1099/1099
f 1100/1100/1100 1099/1099/1099 1098/1098/1098
f 594/594/594 596/596/596 1099/1099/1099
f 594/594/594 1099/1099/1099 1100/1100/1100
f 591/591/591 594/594/594 1100/1100/1100
f 1103/1103/1103 1102/1102/1102 1101/1101/1101
f 1101/1101/1101 1104/1104/1104 1103/1103/1103
f 1101/1101/1101 1105/1105/1105 1104/1104/1104
f 1108/1108/1108 1107/1107/1107 1106/1106/1106
f 1109/1109/1109 1108/1108/1108 1106/1106/1106
f 568/568/568 572/572/572 696/696/696
f 694/694/694 568/568/568 696/696/696
f 570/570/570 568/568/568 694/694/694
f 692/692/692 570/570/570 694/694/694
f 549/549/549 689/689/689 690/690/690
f 548/548/548 549/549/549 690/690/690
f 1111/1111/1111 1110/1110/1110 702/702/702
f 702/702/702 1112/1112/1112 1111/1111/1111
f 702/702/702 703/703/703 1112/1112/1112
f 1113/1113/1113 554/554/554 555/555/555
f 1114/1114/1114 1113/1113/1113 555/555/555
f 1117/1117/1117 1116/1116/1116 1115/1115/1115
f 1115/1115/1115 1118/1118/1118 1117/1117/1117
f 1115/1115/1115 1119/1119/1119 1118/1118/1118
f 612/612/612 609/609/609 1120/1120/1120
f 1121/1121/1121 612/612/612 1120/1120/1120
f 612/612/612 1121/1121/1121 1122/1122/1122
f 1121/1121/1121 1123/1123/1123 1122/1122/1122
f 666/666/666 556/556/556 557/557/557
f 665/665/665 666/666/666 557/557/557
f 649/649/649 650/650/650 1124/1124/1124
f 650/650/650 1125/1125/1125 1124/1124/1124
f 1124/1124/1124 1125/1125/1125 1126/1126/1126
f 1125/1125/1125 1127/1127/1127 1126/1126/1126
f 1128/1128/1128 1126/1126/1126 1127/1127/1127
f 1129/1129/1129 1128/1128/1128 1127/1127/1127
f 1130/1130/1130 1128/1128/1128 1129/1129/1129
f 1131/1131/1131 1130/1130/1130 1129/1129/1129
f 644/644/644 647/647/647 1132/1132/1132
f 647/647/647 1133/1133/1133 1132/1132/1132
f 647/647/647 1134/1134/1134 1133/1133/1133
f 1132/1132/1132 1133/1133/1133 1135/1135/1135
f 1134/1134/1134 1136/1136/1136 1133/1133/1133
f 1133/1133/1133 1137/1137/1137 1135/1135/1135
f 1133/1133/1133 1136/1136/1136 1137/1137/1137
f 1138/1138/1138 1135/1135/1135 1137/1137/1137
f 1136/1136/1136 1139/1139/1139 1137/1137/1137
f 1140/1140/1140 1138/1138/1138 1137/1137/1137
f 1140/1140/1140 1137/1137/1137 1139/1139/1139
f 598/598/598 600/600/600 602/602/602
f 600/600/600 1141/1141/1141 602/602/602
f 602/602/602 1141/1141/1141 604/604/604
f 1141/1141/1141 1142/1142/1142 604/604/604
f 606/606/606 604/604/604 1142/1142/1142
f 1143/1143/1143 606/606/606 1142/1142/1142
f 608/608/608 606/606/606 1143/1143/1143
f 1144/1144/1144 608/608/608 1143/1143/1143
