g bear
v -0.0100844987 0.0101155778 0.0176676027
v -0.00997459237 0.0091239186 0.0173000079
v -0.0093792174 0.00945615396 0.017200321
v -0.00981266145 0.00803139061 0.0175330751
v -0.00951890182 0.00756929489 0.0178415421
v -0.00883292407 0.0079235388 0.0173592381
v 0.00534478901 0.00808192044 0.0239424352
v 0.00543272961 0.00751055405 0.0236195251
v 0.00484768022 0.0084052654 0.0232346393
v 0.00480694138 0.00919212215 0.0231825914
v 0.00450711045 0.00886723679 0.0224192534
v 0.0072891959 0.00683862949 0.0246180557
v 0.00717903255 0.00729103619 0.0249650143
v 0.00796041265 0.00706796255 0.0249790885
v 0.0108641814 0.00966351945 0.0177824218
v 0.011174147 0.0101586403 0.0182841662
v 0.0102739371 0.0101155778 0.0176676027
v 0.0112308953 0.0106388982 0.0187682845
v 0.01176803 0.00953100063 0.018701788
v 0.0121617848 0.00987046771 0.0196606684
v 0.00987724215 0.0106197065 0.0178623386
v 0.0118987793 0.0105999857 0.0201834626
v 0.0102014728 0.0114909904 0.0191307012
v 0.00924441591 0.0113345804 0.0184986517
v 0.00847206451 0.0118281813 0.0193680972
v 0.0111333737 0.0112173101 0.0197103657
v 0.00964294281 0.0119398357 0.0200926941
v 0.0108049223 0.0115355002 0.0207784045
v 0.0117513519 0.0107383216 0.0213400815
v 0.00924189575 0.0120690819 0.020788569
v 0.00797691476 0.01200746 0.0200308599
v 0.00751215545 0.0120417327 0.0207396429
v 0.0104979118 0.0115919216 0.0215098113
v 0.0115106795 0.010721433 0.0221105609
v 0.00882207323 0.0120421816 0.0215016846
v 0.00773824099 0.0119553274 0.0218324419
v 0.00881488342 0.0115191387 0.0228324179
v 0.0101205111 0.0115131671 0.0222243015
v 0.0111558456 0.010608023 0.022850994
v 0.0102465078 0.0108736577 0.0232447907
v 0.0040069744 0.0139680784 -0.0010904026
v 0.00429871725 0.015883578 -0.00435344689
v 0.00523088221 0.0128962183 8.22472575E-05
v 0.0040069744 0.0139680784 -0.0010904026
v 0.00523088221 0.0128962183 8.22472575E-05
v 0.00279802573 0.0125556327 0.00243026717
v 0.00606723409 0.0153807374 -0.00602998259
v 0.00626888359 0.0145985549 -0.00390694384
v 0.00429871725 0.015883578 -0.00435344689
v 0.00366200646 0.0164464824 -0.007476239
v 0.00597252278 0.0151322838 -0.00761572085
v 0.00814065989 0.0131871216 -0.00648803217
v 0.00791905727 0.0128986593 -0.00813630596
v 0.00734385708 0.00116772705 -0.00535845989
v 0.00695587602 0.00123283616 -0.00337388995
v 0.00795942266 0.00302305096 -0.00337337959
v 0.00728599587 0.00129957136 -0.00725318631
v 0.00835622381 0.00267837755 -0.00531296479
v 0.00840761606 0.0027977908 -0.0072184368
v 0.00915184617 0.00446127588 -0.0071325493
v 0.00840733293 0.00392886437 -0.00884389598
v 0.00968646165 0.00707929907 -0.00707040541
v -0.00560448691 0.000513770559 -0.00890089013
v -0.0034513541 0.00056761445 -0.0102904886
v -0.00560890371 0.00178462383 -0.0102549857
v -0.00344529632 0.00210108585 -0.0113549372
v -0.00560890371 0.00178462383 -0.0102549857
v -0.0034513541 0.00056761445 -0.0102904886
v -0.00571471639 0.00395223359 -0.0111975428
v -0.00272470852 0.00360166305 -0.0120953033
v -0.00514000002 0.00583318807 -0.0119169326
v -0.000641300343 0.00293459999 -0.0121574206
v -0.000797532324 0.00130815979 -0.0114062857
v -0.00162901671 0.00498077041 -0.0126305409
v 0.00192384655 0.00159755291 -0.0114063928
v 0.00243378594 0.000259771332 -0.0102915782
v 0.00197174912 0.00335259899 -0.0121411802
v 0.00495680375 0.00328268809 -0.0112375235
v 0.000999101903 0.00474885106 -0.0126412725
v 0.00490216492 0.00583314663 -0.0119169308
v -0.00347303133 0.00636882894 -0.0124852797
v -0.00411789725 0.00939926226 -0.0125103164
v -0.00589713501 0.00883321837 -0.0118966624
v -0.00220139744 0.00800141785 -0.0129069062
v -0.000191616156 0.0072270981 -0.0130614806
v -0.000987489242 0.0096863145 -0.0130888838
v -0.0019471189 0.011178581 -0.0126804849
v -0.00549435802 0.0104913041 -0.0118174143
v -0.00391631853 0.0120825358 -0.0117375897
v 0.000673077302 0.0115543455 -0.0126750208
v 0.00157750468 0.00931770448 -0.0130286766
v 0.00109897845 0.00668966025 -0.0129181072
v 0.00374101894 0.00753572583 -0.0124988081
v 0.00303683244 0.0103746336 -0.0126081659
v 0.00367852976 0.0120825125 -0.0117375944
v 0.00167283125 0.0130911702 -0.0117508555
v 0.00525653549 0.0104913069 -0.0118174143
v 0.00565931061 0.00883318763 -0.0118966652
v 0.00710517727 0.00892810337 -0.0111523243
v 0.00668660877 0.0109558245 -0.0109107709
v 0.00678031612 0.00638974644 -0.011119823
v 0.0083677806 0.0095147891 -0.00998962391
v 0.00776678883 0.0114919757 -0.00978896115
v 0.00902001653 0.0106617184 -0.00853207055
v 0.00928337872 0.00726149324 -0.00874591805
v 0.00836698152 0.0074810544 -0.0100826453
v 0.00749603054 0.00447094673 -0.0101466412
v 0.00537108583 0.00178462674 -0.0102549857
v 0.00840733293 0.00392886437 -0.00884389598
v -0.00630506128 0.0153807253 -0.00602997746
v -0.00650670333 0.0145985596 -0.00390696526
v -0.00784867536 0.0133635923 -0.00399039965
v -0.00690551382 0.00679872418 0.00354094966
v -0.00554736471 0.007237738 0.00292449468
v -0.0058655357 0.00643021334 0.00296633248
v -0.0111186029 0.00464399671 -0.00309075345
v -0.0119610699 0.00506047672 -0.00413517235
v -0.0125971111 0.00434176018 -0.00362895476
v -0.00879459083 0.00550717115 -0.00142678258
v -0.00870416127 0.00497680763 -0.000655612908
v -0.00662851008 0.00616705744 -0.000324234948
v -0.00653873384 0.00546256127 0.000877239683
v -0.00575373415 0.00603501592 0.000912196643
v 0.00621518074 0.00905927178 0.0014787101
v 0.00670702336 0.00896174833 0.00256901025
v 0.00550190499 0.00844677631 0.00226893905
v 0.00859900378 0.00966962893 0.00187917461
v 0.00829377957 0.00888172351 0.0029335164
v 0.0117431618 0.0101292105 0.00084055186
v 0.00687143719 0.00791483186 0.00347174634
v 0.0114129195 0.00912320241 0.00201050751
v 0.0137895737 0.0094823502 0.000684394792
v 0.0142572401 0.0102497777 -0.000736861199
v 0.0140524916 0.00856306124 0.00114299532
v 0.0114544798 0.00809748191 0.00253296131
v 0.00929300021 0.00842870772 0.00303311809
v 0.0104866428 0.00757591054 0.00299944147
v 0.00839883555 0.00738323666 0.00350347511
v 0.0068059396 0.00670850463 0.00352010014
v 0.00585166086 0.00723698549 0.00331843598
v 0.00562770851 0.00643021334 0.00296633248
v 0.00828453433 0.00626014685 0.00331892492
v 0.00799697079 0.00572485663 0.0030272936
v 0.0124982269 0.00841165427 -0.00501815788
v 0.014012197 0.00833565276 -0.00494227139
v 0.0129033905 0.00919752382 -0.00466254679
v 0.0140513098 0.00639881706 -0.00500487303
v 0.0151752662 0.00689216843 -0.00442893477
v 0.014691175 0.00514440099 -0.0040008137
v 0.0154722352 0.00499955565 -0.00288390392
v 0.0154640637 0.00868090056 -0.00379739283
v 0.0162648782 0.0067505273 -0.00292591099
v 0.0161073357 0.00867760181 -0.00250685215
v 0.0124982269 0.00841165427 -0.00501815788
v 0.0129033905 0.00919752382 -0.00466254679
v 0.0116959941 0.00945078768 -0.00411569607
v -0.00534405652 0.0078748567 0.000964164734
v -0.00538175832 0.00694301957 0.0006495571
v -0.00509424508 0.00690853689 0.00172234769
v -0.0129073188 0.00818257686 -0.00513927452
v -0.0139583573 0.00894166157 -0.0047741984
v -0.0145084225 0.00760753732 -0.00499356491
v 0.00514096254 0.00754808867 0.00265359879
v 0.00496659707 0.00662265066 0.00170119281
v 0.00485613337 0.00756581454 0.00171498535
v 0.0057759718 0.00869567413 0.000808539393
v 0.00550190499 0.00844677631 0.00226893905
v 0.00621518074 0.00905927178 0.0014787101
v 0.00545655703 0.0078153871 0.00028408764
v 0.00639100652 0.00832275767 -0.000326757436
v 0.00631421246 0.0074850074 -0.000595021236
v 0.00859826151 0.00771154696 -0.00211511855
v 0.00855767913 0.00851108506 -0.00179311272
v 0.0107682766 0.00828544982 -0.00414195517
v 0.0108776018 0.00985967182 -0.00308981887
v 0.0085257031 0.00938059855 -0.000963809493
v 0.00628186204 0.00598119712 4.96625898E-06
v 0.0106872888 0.00389996707 -0.00100353477
v 0.0110482639 0.00408195658 -0.00222982885
v 0.01256047 0.00411561551 -0.00336761936
v 0.010694474 0.00493337307 -0.00319586042
v 0.0117172357 0.00504975254 -0.00412443141
v 0.0132875508 0.0051135337 -0.00455824845
v -0.00402249116 0.00911540259 -0.00895755738
v -0.00424232753 0.00871723238 -0.00761188986
v -0.00483289268 0.00952331536 -0.00859819353
v -0.00444716075 0.00765727041 -0.00649635075
v -0.00545447273 0.00862465985 -0.00681655388
v -0.00368193141 0.0077896351 -0.00719065871
v -0.00368347391 0.00653275941 -0.00637288811
v -0.0048476723 0.00643703667 -0.00568396784
v -0.0115502626 0.00524162827 -0.0078610871
v -0.0123424511 0.00279308972 -0.00740695
v -0.0122859459 0.00382402353 -0.00829981081
v 0.00459101237 0.00951745361 -0.00858189072
v 0.00556999305 0.00978679303 -0.008563268
v 0.0050054267 0.00933318399 -0.0077728699
v 0.0060089496 0.00995255541 -0.00945757888
v 0.00506748306 0.00981833413 -0.00937394332
v 0.00654001627 0.00987589452 -0.00894284714
v 0.00713179028 0.00978929456 -0.00990901422
v 0.0076546967 0.00952505227 -0.00875528064
v 0.00652996171 0.00966812205 -0.0082158614
v 0.0059782099 0.00944233593 -0.00770206423
v 0.00731339818 0.00914508104 -0.00756083708
v 0.01030361 -0.00704812165 -0.0044573904
v 0.0097800279 -0.00658334373 -0.00363768102
v 0.01070832 -0.0063671181 -0.00378661137
v 0.00657118717 0.00639418699 -0.013374934
v 0.00748915598 0.00638259389 -0.0133577771
v 0.00659238966 0.00771454908 -0.0128990309
v -0.0127488049 -0.00314942119 -0.00600692956
v -0.0127349542 -0.00445079803 -0.00606532814
v -0.0131728901 -0.00278338185 -0.00731527293
v -0.0126089379 -0.00517106149 -0.00755093805
v -0.0123882741 -0.00557386875 -0.00594509114
v -0.0122566074 -0.0047597778 -0.00495938305
v -0.0117881745 -0.00601014495 -0.00457661599
v -0.00972388871 0.00832333509 -0.00993727148
v -0.00876301434 0.00913299527 -0.00961916894
v -0.00893383287 0.00886839163 -0.00858484022
v -0.00977321062 0.00750508672 -0.0115812011
v -0.00899991114 0.00855924468 -0.0110933138
v -0.010617475 0.00723370165 -0.0102157993
v -0.0110217398 0.00604790915 -0.0112375254
v -0.00980431773 0.00625922624 -0.0125513719
v -0.00843982026 0.00766958576 -0.0125392554
v -0.0086083347 0.00634532655 -0.0131507395
v -0.00907429401 0.00474899635 -0.0134346383
v -0.0107155526 0.0046706507 -0.0125059104
v -0.00994404312 0.00472385436 -0.0130527206
v -0.0106555102 0.00205204659 -0.0131717324
v -0.00978550129 0.00196136045 -0.0135554411
v -0.0113607058 0.00458192173 -0.0118183326
v -0.0111772185 0.00299680582 -0.0126245683
v -0.0118381148 0.00293258298 -0.0119248964
v -0.0115238745 0.00128352642 -0.0125939893
v -0.0118556656 0.00445269281 -0.0110192848
v -0.0116297482 0.00571005372 -0.00958732795
v -0.0108629642 0.00685038185 -0.0086652441
v -0.00993715972 0.00798888598 -0.00861878414
v -0.0121819712 0.0042814631 -0.0101421326
v -0.0121742524 0.00123808684 -0.0118955588
v -0.0120764822 -0.000389397144 -0.012087075
v -0.0123454016 0.00281907129 -0.0111066531
v -0.0126742767 0.00113864534 -0.0110772103
v -0.0126804421 0.00265677855 -0.0102045108
v -0.0123272929 0.00407019956 -0.00922305323
v -0.0130312238 -0.000568058458 -0.0104796933
v -0.012630336 -0.0020465625 -0.0109785413
v -0.01300574 0.00098695152 -0.0101721119
v -0.0130464444 0.00158766739 -0.00924461149
v -0.0122859459 0.00382402353 -0.00829981081
v -0.0115502626 0.00524162827 -0.0078610871
v -0.0130066331 0.00134328718 -0.00828236528
v -0.0123424511 0.00279308972 -0.00740695
v -0.0133260377 -0.000958878954 -0.00856801495
v -0.0130350133 -0.000728179817 -0.0072019049
v -0.0131728901 -0.00278338185 -0.00731527293
v -0.0132186115 -0.00230828882 -0.00925811008
v -0.0127854738 -0.00361201749 -0.00967675447
v -0.0120291878 -0.00346902246 -0.0110839456
v -0.0117840907 -0.00476752128 -0.0102748489
v -0.0130399466 -0.00394327287 -0.00793563109
v -0.0127349542 -0.00445079803 -0.00606532814
v -0.0126089379 -0.00517106149 -0.00755093805
v -0.012393781 -0.00489229662 -0.00906247832
v -0.0118689705 -0.00593182445 -0.00838314276
v -0.00813725311 0.00475284364 -0.0136332512
v -0.0086083347 0.00634532655 -0.0131507395
v -0.00907429401 0.00474899635 -0.0134346383
v 0.00731339818 0.00914508104 -0.00756083708
v 0.0059782099 0.00944233593 -0.00770206423
v 0.00652996171 0.00966812205 -0.0082158614
v 0.0050054267 0.00933318399 -0.0077728699
v 0.00556999305 0.00978679303 -0.008563268
v 0.0052257916 0.00862399396 -0.00681452733
v 0.00638254406 0.00880531501 -0.00690137595
v 0.00401530182 0.00870522391 -0.00758404937
v 0.00459101237 0.00951745361 -0.00858189072
v 0.00377302687 0.00910432357 -0.00893454812
v 0.00299992552 0.00817290228 -0.00853472669
v 0.00319988187 0.00787407998 -0.00757801021
v 0.00242225849 0.00714606885 -0.00848246831
v 0.00268744724 0.00675718253 -0.0073245191
v 0.0038079943 0.00768818101 -0.0067814705
v 0.00346726202 0.00650580786 -0.00634413213
v 0.00275635673 0.00525468402 -0.00655469391
v 0.00471210852 0.00763262296 -0.00624381751
v 0.0057758037 0.00771423616 -0.00603787182
v 0.00392077211 0.00503563415 -0.00558207044
v 0.00270398636 0.00370217138 -0.00642199721
v 0.00462751323 0.00642328896 -0.0056725191
v 0.00687909871 0.00789453089 -0.00618851883
v 0.00780920731 0.00821792614 -0.006747582
v 0.0085683167 0.00716499565 -0.00629656063
v 0.00397550128 0.00346615422 -0.00535433507
v 0.00324316695 0.00125182443 -0.00612898357
v 0.00384196662 0.00132233975 -0.00556056248
v 0.00543503743 0.00504955184 -0.005032463
v 0.00598785747 0.00652568508 -0.00541459071
v 0.00739409029 0.00673670089 -0.00559987547
v 0.00929326657 0.0058896807 -0.00595422508
v 0.00826297514 0.00551787531 -0.00532638794
v 0.00707488041 0.00527496729 -0.00499303825
v 0.00454567885 0.00155550416 -0.00510272477
v 0.00531967916 -0.0029398452 -0.00536878593
v 0.00676454231 -0.00444658613 -0.00454503298
v 0.00519966707 0.00304113631 -0.0048244521
v 0.00640447997 -0.00164512394 -0.00452268356
v 0.00608266331 0.00324009894 -0.00465577608
v 0.00800046697 0.00355647784 -0.004730599
v 0.00904808659 0.00353087415 -0.00499649532
v 0.0076629715 -0.0046130917 -0.00396525627
v 0.00798696931 -0.0058367406 -0.00401360029
v 0.00719177956 -0.00111511466 -0.00431833975
v 0.00700679515 0.00344687584 -0.00462524407
v 0.00843568519 -0.00454934221 -0.0036367916
v 0.00899102353 -0.00575058581 -0.00347220176
v 0.00827132165 -0.00117672619 -0.00420500524
v 0.00930649228 -0.00108304794 -0.00428841589
v 0.0103188809 -0.0011257797 -0.00453500031
v 0.010826732 -0.00397712924 -0.00391887873
v 0.01030879 -0.00540138828 -0.00339098694
v 0.00927881058 -0.00440535555 -0.00348489266
v 0.00969333481 -0.00563208573 -0.00333021628
v 0.0097800279 -0.00658334373 -0.00363768102
v 0.01070832 -0.0063671181 -0.00378661137
v 0.00969932973 0.00798888877 -0.008618786
v 0.00948606152 0.00832333509 -0.00993727148
v 0.0103796478 0.00723370118 -0.0102158021
v 0.0107839126 0.00604791055 -0.0112375254
v 0.011391921 0.00571005326 -0.00958732795
v 0.0116178375 0.00445269281 -0.0110192848
v 0.0119441431 0.0042814631 -0.0101421326
v 0.0121075744 0.00281907129 -0.0111066531
v 0.0124426149 0.00265677855 -0.0102045108
v 0.0124364495 0.00113864534 -0.0110772103
v 0.0127679128 0.00098695152 -0.0101721119
v 0.0127933966 -0.000568056072 -0.0104796952
v 0.0127679128 0.00098695152 -0.0101721119
v 0.0124364495 0.00113864534 -0.0110772103
v 0.0123925088 -0.0020465611 -0.0109785413
v 0.0129807843 -0.00230829115 -0.00925810821
v 0.0125476476 -0.00361201749 -0.00967675447
v 0.0128021194 -0.0039432738 -0.00793563109
v 0.0121559538 -0.00489229569 -0.00906247832
v 0.0129350638 -0.00278337346 -0.00731527572
v 0.0130882105 -0.000958881341 -0.00856801216
v 0.0123711107 -0.00517106149 -0.00755093805
v 0.0116311433 -0.00593182445 -0.00838314276
v 0.0117170233 -0.00627536047 -0.00665868493
v 0.0124971252 -0.00445079897 -0.00606532814
v 0.0125109777 -0.00314942119 -0.00600692956
v 0.0119853383 -0.00344076031 -0.00507944357
v 0.0120187802 -0.0047597778 -0.00495938305
v 0.0121504469 -0.00557386875 -0.00594509114
v 0.011445675 -0.00656001549 -0.00559940562
v 0.011549836 -0.0060110162 -0.00457609631
v 0.0109770093 -0.00682449434 -0.00483757025
v 0.00106531929 0.0200835411 -0.00332097057
v -8.63078749E-05 0.0206403937 -0.00325174793
v 0.00083590037 0.0205994975 -0.00407945877
v 0.00169664435 0.0198375192 -0.00412834855
v 0.00125407078 0.0203156937 -0.00511869648
v 0.00184500078 0.0160344057 -0.00518332236
v 0.00244883262 0.0167381801 -0.00473699579
v 0.0021081341 0.0164385792 -0.00562141882
v 0.00180389604 0.0161577314 -0.00402508024
v 0.00217801472 0.0170031302 -0.0036028123
v 0.00123726705 0.0168025307 -0.00287520397
v 0.00263432367 0.0176953226 -0.00456244685
v 0.00219387934 0.0180725418 -0.00344955432
v 0.00234160409 0.0188020431 -0.00432667974
v 0.00142366684 0.0181632284 -0.00259265653
v 0.0011095847 0.0175448079 -0.00249706255
v 0.000347253896 0.0186003204 -0.00210198876
v 0.00076406158 0.0159316864 -0.00354113569
v 0.00123726705 0.0168025307 -0.00287520397
v 0.00180389604 0.0161577314 -0.00402508024
v 0.00184500078 0.0160344057 -0.00518332236
v 0.00123513199 0.0156809501 -0.00483420584
v 0.00244883262 0.0167381801 -0.00473699579
v 0.00588140963 0.00182793557 0.018004505
v 0.00461999932 0.000856520492 0.0179074481
v 0.00375917996 0.00189742562 0.0194014981
v 0.00804014783 0.00253278133 0.0163335744
v 0.00686045876 0.00109518168 0.016242208
v 0.0069171479 0.00307239708 0.0181120168
v 0.00478424458 0.00272296299 0.0194818638
v 0.00890605431 0.00217181072 0.014280715
v 0.00762549369 0.000548812153 0.0142160291
v 0.00949356798 0.00199924828 0.0120292204
v 0.00814323779 0.000202297568 0.0119977994
v 0.00972394831 0.00201064511 0.00971664675
v 0.00833343342 6.86979256E-05 0.00971881207
v 0.00948953815 0.00232395646 0.00754834618
v 0.00810653903 0.000307334645 0.00757293217
v 0.0105280215 0.00427556317 0.00988512393
v 0.0103180408 0.00404617004 0.0121595189
v 0.010832971 0.00658982759 0.0101622473
v 0.00974344742 0.00402052235 0.0143877547
v 0.0106746973 0.00617511058 0.0123634078
v 0.00886335317 0.0041880589 0.0164381769
v 0.0107363584 0.00876834616 0.010441714
v 0.0104356408 0.00940983556 0.00837367866
v 0.0101556582 0.0059813899 0.014531631
v 0.00996224489 0.0113197397 0.00861698296
v 0.0091744978 0.011548779 0.00673666596
v 0.0106393378 0.00826799963 0.0125797885
v 0.0102948816 0.0107621169 0.0106633343
v 0.00917461887 0.0129658477 0.00878951512
v 0.00952785462 0.0125598237 0.0108209485
v 0.0102551943 0.0102675864 0.0127610248
v 0.0101886783 0.00796281826 0.0146862101
v 0.00987201091 0.0098975664 0.0148232598
v 0.00931296591 0.0059679579 0.0165537167
v 0.00940500852 0.00779288495 0.016669102
v 0.009156988 0.00959547516 0.0167704094
v 0.0083005866 0.00769704208 0.0184421837
v 0.00768912584 0.00451444415 0.0182309393
v 0.00815607049 0.00607905397 0.0183446351
v 0.00564226741 0.00376141956 0.0195858553
v 0.00631317776 0.00496302405 0.0197093748
v 0.00366732711 0.0037593923 0.0206654444
v 0.00286648166 0.00310349581 0.0205932092
v 0.00433609681 0.00457110396 0.0207539313
v 0.00675110333 0.00627299165 0.0198253244
v 0.00485581299 0.00550612668 0.0208535902
v 0.00294848694 0.00548009388 0.0215506647
v 0.00330017973 0.00612269342 0.0216207858
v 0.0051990822 0.00652616052 0.0209497381
v 0.00352620543 0.00682264054 0.021688737
v 0.00533943949 0.00758976722 0.0210301951
v 0.00691946317 0.00763538945 0.0199171342
v 0.00812393799 0.00930581801 0.0185197331
v 0.00680592097 0.00899588317 0.0199841503
v 0.00686045876 0.00109518168 0.016242208
v 0.00461999932 0.000856520492 0.0179074481
v 0.00588140963 0.00182793557 0.018004505
v 0.00762549369 0.000548812153 0.0142160291
v 0.00537875621 -2.56055591E-05 0.0161503647
v 0.00595990987 -0.000740717631 0.0141713042
v -0.00786331948 0.0005488139 0.0142160291
v -0.0091438815 0.00217181561 0.014280715
v -0.0082779713 0.00253278017 0.0163335744
v -0.00762581825 0.0142677687 0.00701191509
v -0.00636326009 0.0153196836 0.00706128357
v -0.00698893052 0.0155751975 0.00896424241
v -0.00745192403 0.0124228932 0.00528853154
v -0.00865414925 0.0130267739 0.0069057513
v -0.0065546101 0.0135653326 0.00536720268
v -0.00810975395 0.0110749472 0.00515238289
v -0.0094123194 0.011548779 0.0067366669
v -0.00849642605 0.00948719587 0.00496139284
v -0.00987038855 0.00976887718 0.00650033448
v -0.00857844483 0.00768113183 0.00473350985
v -0.00998619385 0.0076358458 0.00620951178
v -0.00831629802 0.0057888329 0.00451486325
v -0.00971146021 0.00530152442 0.00591430673
v -0.00670395233 0.00757478736 0.00367910368
v -0.00645813625 0.00620345771 0.00355849741
v -0.00591828022 0.00490083126 0.0034931968
v -0.00667554606 0.00893006567 0.0038162421
v -0.00765701896 0.00398659939 0.00438501826
v -0.00639841519 0.0101983827 0.00393835548
v -0.00459100306 0.0084803272 0.00304229022
v -0.00443330314 0.00935110636 0.00310193771
v -0.00897145551 0.00306490483 0.00572314253
v -0.0105130877 0.00472568301 0.00774937263
v -0.00656877505 0.00241605332 0.00441936264
v -0.00972736441 0.0023239553 0.00754834618
v -0.0058982824 0.0113397958 0.0040278146
v -0.00411656732 0.0101635419 0.00315166474
v -0.00520311482 0.0123402691 0.00407975167
v -0.00545624364 0.0145350071 0.00539540779
v -0.00434711901 0.0131904082 0.00410097605
v -0.00768426154 0.00116340991 0.00575986365
v -0.00834436528 0.000307335256 0.00757293217
v -0.00513261743 0.00118409574 0.00459617609
v -0.00595155265 -0.000228815668 0.00600384455
v -0.00738936011 0.015237553 0.013043589
v -0.00579784717 0.0164109506 0.013076107
v -0.00565736881 0.0160126574 0.0150849102
v -0.00392415933 0.0168877356 0.0151022077
v -0.00369075965 0.0162204914 0.0169915818
v -0.00193834945 0.0167342536 0.0170003194
v -0.00205564266 0.0174267925 0.0151105905
v -0.0017514755 0.0157422926 0.0186978504
v -0.000118913646 0.0158993639 0.0187004749
v -0.000118913646 0.0169077367 0.0170030445
v -0.000118913646 0.0146029294 0.0201342274
v -0.0015024764 0.0144690201 0.0201318022
v 0.00126465166 0.0144690238 0.0201318022
v 0.00151365262 0.0157423001 0.0186978523
v 0.00170052319 0.0167342573 0.0170003213
v 0.00259480625 0.0140724797 0.0201244168
v 0.00200277613 0.0126387049 0.0212245826
v 0.00308442791 0.0152771277 0.0186897181
v 0.00345293479 0.016220497 0.0169915818
v 0.00382000464 0.0134286135 0.02011168
v 0.00453373883 0.0145216007 0.0186752491
v 0.00295898365 0.0121329222 0.0212125145
v 0.00198591501 0.0106747365 0.0219176095
v 0.00255574193 0.0102069397 0.0218996201
v -0.00651548011 0.00934868399 0.0246690009
v -0.00551025383 0.00937777665 0.0240998119
v -0.00652180891 0.00876502134 0.0249315873
v -0.00563174579 0.00867172983 0.0244368836
v -0.0050316453 0.0088639399 0.0238438509
v -0.00531083206 0.00996665005 0.0235767458
v -0.00461750338 0.00919212215 0.0231825914
v -0.00465824222 0.0084052654 0.0232346393
v -0.00431767246 0.00886723679 0.0224192534
v -0.00515535101 0.00808192044 0.0239424352
v -0.00524329161 0.00751055405 0.0236195251
v -0.00622722786 0.00825879164 0.0248546246
v -0.00695734285 0.00820842478 0.025180541
v -0.00668720808 0.0077848807 0.0250318591
v -0.00586805213 0.00785786752 0.024594523
v -0.00698959455 0.00729103619 0.0249650143
v -0.00597883435 0.00735438289 0.0244077463
v -0.00614906289 0.00686537288 0.0239311494
v -0.0100844987 0.0101155778 0.0176676027
v -0.010674743 0.00966351945 0.0177824218
v -0.00997459237 0.0091239186 0.0173000079
v -0.0109847086 0.0101586403 0.0182841662
v -0.0056751566 0.0109085953 0.0228635874
v -0.00491302367 0.0106508285 0.0220362376
v -0.00491959089 0.0102815926 0.0227641594
v -0.00531083206 0.00996665005 0.0235767458
v -0.00461750338 0.00919212215 0.0231825914
v -0.00663145399 0.0109601468 0.0233564992
v -0.00672847219 0.00992460642 0.0243665222
v -0.00551025383 0.00937777665 0.0240998119
v -0.00651548011 0.00934868399 0.0246690009
v -0.00465824222 0.0084052654 0.0232346393
v -0.00431767246 0.00886723679 0.0224192534
v -0.00448735757 0.00807834044 0.0222669803
v -0.00524329161 0.00751055405 0.0236195251
v -0.00510707358 0.00736454828 0.0227064323
v -0.00441538822 0.00842071604 0.0209083743
v -0.00487401616 0.00762274629 0.0211827587
v -0.00522797322 0.00761852739 0.0199633166
v -0.00469069835 0.00833349023 0.0201041531
v -0.00446540397 0.00914979354 0.0203304924
v -0.00997459237 0.0091239186 0.0173000079
v -0.010317551 0.00847368967 0.0175644197
v -0.00926227588 0.0085954722 0.0171426907
v -0.00981266145 0.00803139061 0.0175330751
v -0.00883292407 0.0079235388 0.0173592381
v -0.00524329161 0.00751055405 0.0236195251
v -0.00510707358 0.00736454828 0.0227064323
v -0.00614906289 0.00686537288 0.0239311494
v -0.00614546239 0.00674831122 0.0226503313
v -0.00552172866 0.00725777959 0.0204690211
v -0.00487401616 0.00762274629 0.0211827587
v -0.00448735757 0.00807834044 0.0222669803
v -0.00522797322 0.00761852739 0.0199633166
v -0.00663329475 0.00710274745 0.019035602
v -0.00634471048 0.00749754766 0.0185785536
v -0.00744282454 0.00745231984 0.0179395285
v -0.00696263555 0.00674725277 0.0213013403
v -0.00709486706 0.006437656 0.023275096
v -0.00776626728 0.00703370804 0.018598076
v -0.00697231945 0.0065713292 0.0240350757
v -0.00709975837 0.00683862949 0.0246180557
v -0.00792195462 0.00662165089 0.0245219469
v -0.00858862977 0.00644004159 0.024048157
v -0.00862169452 0.00717223017 0.018212799
v -0.00814298633 0.00765223568 0.0175670497
v -0.00931880716 0.0069260397 0.0245895125
v -0.00868786685 0.00707256421 0.0249334667
v -0.00951890182 0.00756929489 0.0178415421
v -0.00883292407 0.0079235388 0.0173592381
v -0.00983284786 0.00671854103 0.0238166656
v -0.0102935238 0.00705319038 0.0240041632
v -0.0112248696 0.00729481969 0.0226389114
v -0.0111443596 0.00757306814 0.0235543773
v -0.00820662361 0.00635758042 0.0233707707
v -0.00949579291 0.00651406031 0.0227501485
v -0.0081020901 0.00648483401 0.0221462287
v -0.0107697099 0.0069717411 0.0223611016
v -0.00847956724 0.00674904697 0.0208554119
v -0.0102819689 0.00688181445 0.0212487541
v -0.0114457011 0.00747300591 0.0211153366
v -0.0118555278 0.00788625423 0.0220281444
v -0.00946027972 0.0070378352 0.0199591797
v -0.0107005443 0.00746535882 0.0197068322
v -0.0115004731 0.00814159401 0.0194273554
v -0.0107626505 0.00783702265 0.0187740289
v -0.00938399509 0.00729691656 0.0184487514
v -0.0106228925 0.0081137158 0.0180997774
v -0.00951890182 0.00756929489 0.0178415421
v -0.00981266145 0.00803139061 0.0175330751
v -0.0106228925 0.0081137158 0.0180997774
v -0.010317551 0.00847368967 0.0175644197
v -0.0110162422 0.00879163202 0.0180495828
v -0.0114149591 0.00867602695 0.0186252501
v -0.0107626505 0.00783702265 0.0187740289
v -0.00777097465 0.00706796255 0.0249790885
v -0.00792195462 0.00662165089 0.0245219469
v -0.00868786685 0.00707256421 0.0249334667
v -0.00709975837 0.00683862949 0.0246180557
v -0.00698959455 0.00729103619 0.0249650143
v -0.00597883435 0.00735438289 0.0244077463
v -0.00614906289 0.00686537288 0.0239311494
v -0.00868786685 0.00707256421 0.0249334667
v -0.00912844669 0.00779132312 0.0251746625
v -0.00832316093 0.00768044358 0.025291685
v -0.00981821958 0.00773761608 0.0248909853
v -0.00931880716 0.0069260397 0.0245895125
v -0.010500445 0.00775701692 0.0244551264
v -0.0102935238 0.00705319038 0.0240041632
v -0.0111443596 0.00757306814 0.0235543773
v -0.0111658582 0.00830971822 0.0239904895
v -0.0106041199 0.00874876697 0.0245093033
v -0.0111602116 0.00913807843 0.0238986909
v -0.0117798019 0.0082113659 0.022940997
v -0.0118290083 0.00874712691 0.0230390951
v -0.0122572677 0.00882554892 0.0210004617
v -0.0119729135 0.00868424308 0.0197421089
v -0.0120824855 0.00929411035 0.0197488274
v -0.0115785915 0.00953100063 0.018701788
v -0.0119723473 0.00987046771 0.0196606684
v -0.0110414578 0.0106388982 0.0187682845
v -0.0109847086 0.0101586403 0.0182841662
v -0.0114149591 0.00867602695 0.0186252501
v -0.0115004731 0.00814159401 0.0194273554
v -0.0107626505 0.00783702265 0.0187740289
v -0.0111386972 0.00931151025 0.0181155149
v -0.010674743 0.00966351945 0.0177824218
v -0.0110162422 0.00879163202 0.0180495828
v -0.0105969524 0.00905470084 0.0176458228
v -0.00997459237 0.0091239186 0.0173000079
v -0.010317551 0.00847368967 0.0175644197
v -0.0119723473 0.00987046771 0.0196606684
v -0.0110414578 0.0106388982 0.0187682845
v -0.0117093418 0.0105999857 0.0201834626
v -0.0109439362 0.0112173101 0.0197103657
v -0.0109664081 0.010608023 0.022850994
v -0.00993107259 0.0115131671 0.0222243015
v -0.0100570703 0.0108736577 0.0232447907
v -0.0108609637 0.00990766007 0.0237427726
v -0.00955345202 0.0105547449 0.0238632765
v -0.010301969 0.00970274396 0.0243089832
v -0.00872605387 0.00996343698 0.0246307608
v -0.0115685798 0.00953144021 0.0232137572
v -0.0111602116 0.00913807843 0.0238986909
v -0.011913023 0.00965422951 0.0224706046
v -0.011321242 0.010721433 0.0221105609
v -0.0121193361 0.00973452441 0.0216797329
v -0.0115619143 0.0107383216 0.0213400815
v -0.0118290083 0.00874712691 0.0230390951
v -0.0111658582 0.00830971822 0.0239904895
v -0.0106041199 0.00874876697 0.0245093033
v -0.00967132207 0.00948093832 0.0247530006
v -0.00900321081 0.00921845343 0.0250721537
v -0.00812157523 0.00916938949 0.0251705758
v -0.00996048469 0.00861573592 0.0249245968
v -0.010500445 0.00775701692 0.0244551264
v -0.00981821958 0.00773761608 0.0248909853
v -0.00923992414 0.00849526655 0.0252092853
v -0.00912844669 0.00779132312 0.0251746625
v -0.00847910065 0.00842897128 0.0253495593
v -0.00832316093 0.00768044358 0.025291685
v -0.00769975642 0.00833610725 0.0253362954
v -0.00745128514 0.00888700318 0.0251915883
v -0.00759148924 0.0078100143 0.0252888594
v -0.00652180891 0.00876502134 0.0249315873
v -0.00745128514 0.00888700318 0.0251915883
v -0.00651548011 0.00934868399 0.0246690009
v -0.00695734285 0.00820842478 0.025180541
v -0.00769975642 0.00833610725 0.0253362954
v -0.00759148924 0.0078100143 0.0252888594
v -0.00668720808 0.0077848807 0.0250318591
v -0.00698959455 0.00729103619 0.0249650143
v -0.00777097465 0.00706796255 0.0249790885
v -0.00832316093 0.00768044358 0.025291685
v -0.00868786685 0.00707256421 0.0249334667
v -0.0056751566 0.0109085953 0.0228635874
v -0.00663145399 0.0109601468 0.0233564992
v -0.00716846995 0.011639961 0.022504868
v -0.00599814299 0.0115127582 0.0218410064
v -0.00491302367 0.0106508285 0.0220362376
v -0.00505131111 0.0108944317 0.0212692209
v -0.007548803 0.0119553274 0.0218324419
v -0.00862544496 0.0115191387 0.0228324179
v -0.00631457753 0.0117432857 0.0211075731
v -0.00533127179 0.0110125346 0.0204904415
v -0.00619028322 0.0114754364 0.0200292245
v -0.0086326357 0.0120421816 0.0215016846
v -0.00993107259 0.0115131671 0.0222243015
v -0.0103084743 0.0115919216 0.0215098113
v -0.00732271792 0.0120417327 0.0207396429
v -0.00905245822 0.0120690819 0.020788569
v -0.0106154848 0.0115355002 0.0207784045
v -0.00778747723 0.01200746 0.0200308599
v -0.00669465587 0.0113931429 0.0193204898
v -0.00945350528 0.0119398357 0.0200926941
v -0.00828262698 0.0118281813 0.0193680972
v -0.0100120353 0.0114909904 0.0191307012
v -0.00905497838 0.0113345804 0.0184986517
v -0.00968780462 0.0106197065 0.0178623386
v -0.0109439362 0.0112173101 0.0197103657
v -0.0117093418 0.0105999857 0.0201834626
v -0.0115619143 0.0107383216 0.0213400815
v -0.0110414578 0.0106388982 0.0187682845
v -0.0109847086 0.0101586403 0.0182841662
v -0.0100844987 0.0101155778 0.0176676027
v -0.00669465587 0.0113931429 0.0193204898
v -0.00778747723 0.01200746 0.0200308599
v -0.00828262698 0.0118281813 0.0193680972
v -0.00726799667 0.0112043517 0.0186859425
v -0.00905497838 0.0113345804 0.0184986517
v -0.00593323819 0.0103826188 0.0187907852
v -0.00539678754 0.0104806563 0.0194926653
v -0.00619028322 0.0114754364 0.0200292245
v -0.00533127179 0.0110125346 0.0204904415
v -0.00474272715 0.00995902997 0.0201031305
v -0.00447452348 0.00994526222 0.0209098291
v -0.00505131111 0.0108944317 0.0212692209
v -0.00655932911 0.0102369487 0.0181927904
v -0.00787909701 0.0109335445 0.0181592517
v -0.00724323094 0.010061536 0.0177245643
v -0.00850087311 0.0105915545 0.0177516919
v -0.00794261135 0.00983780995 0.0173920821
v -0.00886760838 0.00995404087 0.0173463896
v -0.00968780462 0.0106197065 0.0178623386
v -0.0093792174 0.00945615396 0.017200321
v -0.0100844987 0.0101155778 0.0176676027
v -0.0093792174 0.00945615396 0.017200321
v -0.00997459237 0.0091239186 0.0173000079
v -0.00926227588 0.0085954722 0.0171426907
v -0.00848700013 0.00917510409 0.0171131995
v -0.00886760838 0.00995404087 0.0173463896
v -0.00794261135 0.00983780995 0.0173920821
v -0.00854823552 0.00841743406 0.0171534587
v -0.00883292407 0.0079235388 0.0173592381
v -0.00814298633 0.00765223568 0.0175670497
v -0.00777359772 0.00833314937 0.0172974225
v -0.00772568351 0.00905485265 0.0172508992
v -0.00700669037 0.00910308957 0.0175244529
v -0.00724323094 0.010061536 0.0177245643
v -0.00703126518 0.00821564253 0.0176111683
v -0.00744282454 0.00745231984 0.0179395285
v -0.00629440509 0.00916530564 0.017953217
v -0.00655932911 0.0102369487 0.0181927904
v -0.00631790515 0.0081749931 0.0180667229
v -0.00564277777 0.00924017839 0.018516222
v -0.00593323819 0.0103826188 0.0187907852
v -0.00535274949 0.00845358428 0.0188974515
v -0.00508034509 0.0093195606 0.0191971529
v -0.00539678754 0.0104806563 0.0194926653
v -0.00446540397 0.00914979354 0.0203304924
v -0.00474272715 0.00995902997 0.0201031305
v -0.00474272715 0.00995902997 0.0201031305
v -0.00446540397 0.00914979354 0.0203304924
v -0.00447452348 0.00994526222 0.0209098291
v -0.00423403364 0.00892235618 0.0216141082
v -0.00441538822 0.00842071604 0.0209083743
v -0.00448735757 0.00807834044 0.0222669803
v -0.00431767246 0.00886723679 0.0224192534
v -0.00437382981 0.00984320231 0.0217184592
v -0.00505131111 0.0108944317 0.0212692209
v -0.00491302367 0.0106508285 0.0220362376
v -0.00444765994 0.00963819958 0.0224996246
v -0.00461750338 0.00919212215 0.0231825914
v -0.00491959089 0.0102815926 0.0227641594
v -0.00535274949 0.00845358428 0.0188974515
v -0.00469069835 0.00833349023 0.0201041531
v -0.00446540397 0.00914979354 0.0203304924
v -0.00549535546 0.00794937275 0.019028632
v -0.00522797322 0.00761852739 0.0199633166
v -0.00634471048 0.00749754766 0.0185785536
v -0.00631790515 0.0081749931 0.0180667229
v -0.00744282454 0.00745231984 0.0179395285
v -0.00703126518 0.00821564253 0.0176111683
v -0.0112248696 0.00729481969 0.0226389114
v -0.0118555278 0.00788625423 0.0220281444
v -0.0111443596 0.00757306814 0.0235543773
v -0.0117798019 0.0082113659 0.022940997
v -0.0121972384 0.0086860368 0.0218199734
v -0.0118290083 0.00874712691 0.0230390951
v -0.0122572677 0.00882554892 0.0210004617
v -0.0118879629 0.00801425241 0.0207701586
v -0.0119729135 0.00868424308 0.0197421089
v -0.0114457011 0.00747300591 0.0211153366
v -0.0115004731 0.00814159401 0.0194273554
v -0.011913023 0.00965422951 0.0224706046
v -0.0118290083 0.00874712691 0.0230390951
v -0.0121972384 0.0086860368 0.0218199734
v -0.0121193361 0.00973452441 0.0216797329
v -0.0122572677 0.00882554892 0.0210004617
v -0.0121787088 0.00976942666 0.0208755247
v -0.0115619143 0.0107383216 0.0213400815
v -0.0120824855 0.00929411035 0.0197488274
v -0.0117093418 0.0105999857 0.0201834626
v -0.0119723473 0.00987046771 0.0196606684
v -0.0103084743 0.0115919216 0.0215098113
v -0.0115619143 0.0107383216 0.0213400815
v -0.0106154848 0.0115355002 0.0207784045
v -0.011321242 0.010721433 0.0221105609
v -0.00993107259 0.0115131671 0.0222243015
v -0.0109664081 0.010608023 0.022850994
v -0.00862544496 0.0115191387 0.0228324179
v -0.0100570703 0.0108736577 0.0232447907
v -0.00955345202 0.0105547449 0.0238632765
v -0.00774880871 0.0105947135 0.0239864662
v -0.00872605387 0.00996343698 0.0246307608
v -0.00663145399 0.0109601468 0.0233564992
v -0.00716846995 0.011639961 0.022504868
v -0.00672847219 0.00992460642 0.0243665222
v -0.00812157523 0.00916938949 0.0251705758
v -0.00745128514 0.00888700318 0.0251915883
v -0.00651548011 0.00934868399 0.0246690009
v 0.0107863899 0.00905470084 0.0176458228
v 0.0108641814 0.00966351945 0.0177824218
v 0.0101640308 0.0091239186 0.0173000079
v 0.0102739371 0.0101155778 0.0176676027
v 0.00956865493 0.00945615396 0.017200321
v 0.00945171341 0.0085954722 0.0171426907
v 0.00867643766 0.00917510409 0.0171131995
v 0.00905704591 0.00995404087 0.0173463896
v 0.00813204888 0.00983780995 0.0173920821
v 0.0079151215 0.00905485265 0.0172508992
v 0.00796303526 0.00833314937 0.0172974225
v 0.00873767398 0.00841743406 0.0171534587
v 0.0090223616 0.0079235388 0.0173592381
v 0.010002099 0.00803139061 0.0175330751
v 0.00970833935 0.00756929489 0.0178415421
v 0.00833242387 0.00765223568 0.0175670497
v 0.00722070318 0.00821564253 0.0176111683
v 0.00763226254 0.00745231984 0.0179395285
v 0.00637972122 0.0114754364 0.0200292245
v 0.00552070979 0.0110125346 0.0204904415
v 0.00558622507 0.0104806563 0.0194926653
v 0.00493216515 0.00995902997 0.0201031305
v 0.00466396101 0.00994526222 0.0209098291
v 0.0052407491 0.0108944317 0.0212692209
v 0.00456326781 0.00984320231 0.0217184592
v 0.00510246167 0.0106508285 0.0220362376
v 0.00526978308 0.0093195606 0.0191971529
v 0.00465484196 0.00914979354 0.0203304924
v 0.00612267619 0.0103826188 0.0187907852
v 0.00583221531 0.00924017839 0.018516222
v 0.00554218749 0.00845358428 0.0188974515
v 0.00674876664 0.0102369487 0.0181927904
v 0.00650734268 0.0081749931 0.0180667229
v 0.00648384308 0.00916530564 0.017953217
v 0.00743266847 0.010061536 0.0177245643
v 0.00719612837 0.00910308957 0.0175244529
v 0.00813204888 0.00983780995 0.0173920821
v 0.0079151215 0.00905485265 0.0172508992
v 0.00796303526 0.00833314937 0.0172974225
v 0.00722070318 0.00821564253 0.0176111683
v 0.00763226254 0.00745231984 0.0179395285
v 0.00653414847 0.00749754766 0.0185785536
v 0.00463709747 0.00963819958 0.0224996246
v 0.00480694138 0.00919212215 0.0231825914
v 0.00450711045 0.00886723679 0.0224192534
v 0.00456326781 0.00984320231 0.0217184592
v 0.00510246167 0.0106508285 0.0220362376
v 0.00510902889 0.0102815926 0.0227641594
v 0.00529651158 0.00736454828 0.0227064323
v 0.00571116665 0.00725777959 0.0204690211
v 0.00506345369 0.00762274629 0.0211827587
v 0.00541741122 0.00761852739 0.0199633166
v 0.00682273274 0.00710274745 0.019035602
v 0.00653414847 0.00749754766 0.0185785536
v 0.00763226254 0.00745231984 0.0179395285
v 0.00543272961 0.00751055405 0.0236195251
v 0.00633850088 0.00686537288 0.0239311494
v 0.00529651158 0.00736454828 0.0227064323
v 0.00633489992 0.00674831122 0.0226503313
v 0.00571116665 0.00725777959 0.0204690211
v 0.00728430506 0.006437656 0.023275096
v 0.00715207309 0.00674725277 0.0213013403
v 0.00682273274 0.00710274745 0.019035602
v 0.00795570575 0.00703370804 0.018598076
v 0.00763226254 0.00745231984 0.0179395285
v 0.00881113205 0.00717223017 0.018212799
v 0.00833242387 0.00765223568 0.0175670497
v 0.00970833935 0.00756929489 0.0178415421
v 0.0090223616 0.0079235388 0.0173592381
v 0.00866900571 0.00674904697 0.0208554119
v 0.00964971725 0.0070378352 0.0199591797
v 0.00957343262 0.00729691656 0.0184487514
v 0.00829152763 0.00648483401 0.0221462287
v 0.010952089 0.00783702265 0.0187740289
v 0.0108123301 0.0081137158 0.0180997774
v 0.0108899819 0.00746535882 0.0197068322
v 0.0116899107 0.00814159401 0.0194273554
v 0.0104714073 0.00688181445 0.0212487541
v 0.0116351387 0.00747300591 0.0211153366
v 0.0120774005 0.00801425241 0.0207701586
v 0.0120449662 0.00788625423 0.0220281444
v 0.0114143072 0.00729481969 0.0226389114
v 0.0109591484 0.0069717411 0.0223611016
v 0.00968523137 0.00651406031 0.0227501485
v 0.0100222863 0.00671854103 0.0238166656
v 0.00839606114 0.00635758042 0.0233707707
v 0.00877806731 0.00644004159 0.024048157
v 0.00716175698 0.0065713292 0.0240350757
v 0.0104829622 0.00705319038 0.0240041632
v 0.0113337981 0.00757306814 0.0235543773
v 0.00950824562 0.0069260397 0.0245895125
v 0.00811139215 0.00662165089 0.0245219469
v 0.0072891959 0.00683862949 0.0246180557
v 0.00796041265 0.00706796255 0.0249790885
v 0.00616827235 0.00735438289 0.0244077463
v 0.00633850088 0.00686537288 0.0239311494
v 0.00543272961 0.00751055405 0.0236195251
v 0.0072891959 0.00683862949 0.0246180557
v 0.00717903255 0.00729103619 0.0249650143
v 0.00716175698 0.0065713292 0.0240350757
v 0.00728430506 0.006437656 0.023275096
v 0.00970833935 0.00756929489 0.0178415421
v 0.0108123301 0.0081137158 0.0180997774
v 0.010002099 0.00803139061 0.0175330751
v 0.0105069885 0.00847368967 0.0175644197
v 0.00945171341 0.0085954722 0.0171426907
v 0.0101640308 0.0091239186 0.0173000079
v 0.0107863899 0.00905470084 0.0176458228
v 0.0112056797 0.00879163202 0.0180495828
v 0.0113281356 0.00931151025 0.0181155149
v 0.0116043966 0.00867602695 0.0186252501
v 0.010952089 0.00783702265 0.0187740289
v 0.0116899107 0.00814159401 0.0194273554
v 0.01176803 0.00953100063 0.018701788
v 0.012162351 0.00868424308 0.0197421089
v 0.0120774005 0.00801425241 0.0207701586
v 0.0122719239 0.00929411035 0.0197488274
v 0.0121617848 0.00987046771 0.0196606684
v 0.00796041265 0.00706796255 0.0249790885
v 0.00887730438 0.00707256421 0.0249334667
v 0.00811139215 0.00662165089 0.0245219469
v 0.00950824562 0.0069260397 0.0245895125
v 0.00887730438 0.00707256421 0.0249334667
v 0.00851259846 0.00768044358 0.025291685
v 0.00931788515 0.00779132312 0.0251746625
v 0.00866853818 0.00842897128 0.0253495593
v 0.00942936167 0.00849526655 0.0252092853
v 0.00788919441 0.00833610725 0.0253362954
v 0.00778092723 0.0078100143 0.0252888594
v 0.00714678084 0.00820842478 0.025180541
v 0.00919264928 0.00921845343 0.0250721537
v 0.0101499222 0.00861573592 0.0249245968
v 0.0098607596 0.00948093832 0.0247530006
v 0.00891549233 0.00996343698 0.0246307608
v 0.0104914065 0.00970274396 0.0243089832
v 0.00831101276 0.00916938949 0.0251705758
v 0.00764072267 0.00888700318 0.0251915883
v 0.00691790972 0.00992460642 0.0243665222
v 0.00671124691 0.00876502134 0.0249315873
v 0.00641666586 0.00825879164 0.0248546246
v 0.00670491811 0.00934868399 0.0246690009
v 0.00582118379 0.00867172983 0.0244368836
v 0.00605749013 0.00785786752 0.024594523
v 0.00534478901 0.00808192044 0.0239424352
v 0.00569969183 0.00937777665 0.0240998119
v 0.00522108283 0.0088639399 0.0238438509
v 0.00484768022 0.0084052654 0.0232346393
v 0.00480694138 0.00919212215 0.0231825914
v 0.00550027005 0.00996665005 0.0235767458
v 0.00682089198 0.0109601468 0.0233564992
v 0.00793824624 0.0105947135 0.0239864662
v 0.00881488342 0.0115191387 0.0228324179
v 0.00735790795 0.011639961 0.022504868
v 0.0058645946 0.0109085953 0.0228635874
v 0.00618758053 0.0115127582 0.0218410064
v 0.00510902889 0.0102815926 0.0227641594
v 0.00463709747 0.00963819958 0.0224996246
v 0.00510246167 0.0106508285 0.0220362376
v 0.0052407491 0.0108944317 0.0212692209
v 0.0106898826 0.00775701692 0.0244551264
v 0.0113552958 0.00830971822 0.0239904895
v 0.0113337981 0.00757306814 0.0235543773
v 0.0119692395 0.0082113659 0.022940997
v 0.0120449662 0.00788625423 0.0220281444
v 0.0123866759 0.0086860368 0.0218199734
v 0.0120184468 0.00874712691 0.0230390951
v 0.0113496492 0.00913807843 0.0238986909
v 0.0107935583 0.00874876697 0.0245093033
v 0.0104914065 0.00970274396 0.0243089832
v 0.0110504013 0.00990766007 0.0237427726
v 0.00974288955 0.0105547449 0.0238632765
v 0.0102465078 0.0108736577 0.0232447907
v 0.0117580174 0.00953144021 0.0232137572
v 0.0111558456 0.010608023 0.022850994
v 0.0101205111 0.0115131671 0.0222243015
v 0.0121024605 0.00965422951 0.0224706046
v 0.0115106795 0.010721433 0.0221105609
v 0.0123087736 0.00973452441 0.0216797329
v 0.0124467062 0.00882554892 0.0210004617
v 0.0117513519 0.0107383216 0.0213400815
v 0.0123681473 0.00976942666 0.0208755247
v 0.0122719239 0.00929411035 0.0197488274
v 0.0118987793 0.0105999857 0.0201834626
v 0.0121617848 0.00987046771 0.0196606684
v 0.0124467062 0.00882554892 0.0210004617
v 0.0122719239 0.00929411035 0.0197488274
v 0.012162351 0.00868424308 0.0197421089
v 0.0120774005 0.00801425241 0.0207701586
v 0.0120449662 0.00788625423 0.0220281444
v 0.0123866759 0.0086860368 0.0218199734
v 0.0114143072 0.00729481969 0.0226389114
v 0.0113337981 0.00757306814 0.0235543773
v 0.0104829622 0.00705319038 0.0240041632
v 0.0106898826 0.00775701692 0.0244551264
v 0.00950824562 0.0069260397 0.0245895125
v 0.010007658 0.00773761608 0.0248909853
v 0.00887730438 0.00707256421 0.0249334667
v 0.00931788515 0.00779132312 0.0251746625
v 0.0107863899 0.00905470084 0.0176458228
v 0.0113281356 0.00931151025 0.0181155149
v 0.0108641814 0.00966351945 0.0177824218
v 0.011174147 0.0101586403 0.0182841662
v 0.01176803 0.00953100063 0.018701788
v 0.00881488342 0.0115191387 0.0228324179
v 0.00735790795 0.011639961 0.022504868
v 0.00773824099 0.0119553274 0.0218324419
v 0.00618758053 0.0115127582 0.0218410064
v 0.00650401507 0.0117432857 0.0211075731
v 0.00847206451 0.0118281813 0.0193680972
v 0.0102014728 0.0114909904 0.0191307012
v 0.00964294281 0.0119398357 0.0200926941
v 0.00797691476 0.01200746 0.0200308599
v 0.00688409386 0.0113931429 0.0193204898
v 0.0074574342 0.0112043517 0.0186859425
v 0.00924441591 0.0113345804 0.0184986517
v 0.00637972122 0.0114754364 0.0200292245
v 0.00751215545 0.0120417327 0.0207396429
v 0.00558622507 0.0104806563 0.0194926653
v 0.00612267619 0.0103826188 0.0187907852
v 0.00674876664 0.0102369487 0.0181927904
v 0.00650401507 0.0117432857 0.0211075731
v 0.00773824099 0.0119553274 0.0218324419
v 0.00552070979 0.0110125346 0.0204904415
v 0.0052407491 0.0108944317 0.0212692209
v 0.00618758053 0.0115127582 0.0218410064
v 0.00806853455 0.0109335445 0.0181592517
v 0.00743266847 0.010061536 0.0177245643
v 0.00869031064 0.0105915545 0.0177516919
v 0.00813204888 0.00983780995 0.0173920821
v 0.00905704591 0.00995404087 0.0173463896
v 0.00987724215 0.0106197065 0.0178623386
v 0.00956865493 0.00945615396 0.017200321
v 0.0102739371 0.0101155778 0.0176676027
v 0.011174147 0.0101586403 0.0182841662
v 0.00493216515 0.00995902997 0.0201031305
v 0.00466396101 0.00994526222 0.0209098291
v 0.00465484196 0.00914979354 0.0203304924
v 0.00442347117 0.00892235618 0.0216141082
v 0.00456326781 0.00984320231 0.0217184592
v 0.00450711045 0.00886723679 0.0224192534
v 0.0046767951 0.00807834044 0.0222669803
v 0.00484768022 0.0084052654 0.0232346393
v 0.00543272961 0.00751055405 0.0236195251
v 0.00529651158 0.00736454828 0.0227064323
v 0.00506345369 0.00762274629 0.0211827587
v 0.00460482575 0.00842071604 0.0209083743
v 0.00541741122 0.00761852739 0.0199633166
v 0.00488013634 0.00833349023 0.0201041531
v 0.00554218749 0.00845358428 0.0188974515
v 0.00526978308 0.0093195606 0.0191971529
v 0.00568479346 0.00794937275 0.019028632
v 0.00653414847 0.00749754766 0.0185785536
v 0.00650734268 0.0081749931 0.0180667229
v 0.00534478901 0.00808192044 0.0239424352
v 0.00616827235 0.00735438289 0.0244077463
v 0.00543272961 0.00751055405 0.0236195251
v 0.00605749013 0.00785786752 0.024594523
v 0.00717903255 0.00729103619 0.0249650143
v 0.00687664608 0.0077848807 0.0250318591
v 0.00641666586 0.00825879164 0.0248546246
v 0.00714678084 0.00820842478 0.025180541
v 0.00778092723 0.0078100143 0.0252888594
v 0.00796041265 0.00706796255 0.0249790885
v 0.00851259846 0.00768044358 0.025291685
v 0.00887730438 0.00707256421 0.0249334667
v 0.00942936167 0.00849526655 0.0252092853
v 0.010007658 0.00773761608 0.0248909853
v 0.00931788515 0.00779132312 0.0251746625
v 0.0101499222 0.00861573592 0.0249245968
v 0.0106898826 0.00775701692 0.0244551264
v 0.0107935583 0.00874876697 0.0245093033
v 0.0113552958 0.00830971822 0.0239904895
v 0.0098607596 0.00948093832 0.0247530006
v 0.0104914065 0.00970274396 0.0243089832
v 0.00891549233 0.00996343698 0.0246307608
v 0.00974288955 0.0105547449 0.0238632765
v 0.0104914065 0.00970274396 0.0243089832
v 0.00793824624 0.0105947135 0.0239864662
v 0.00691790972 0.00992460642 0.0243665222
v 0.00831101276 0.00916938949 0.0251705758
v 0.00881488342 0.0115191387 0.0228324179
v 0.0102465078 0.0108736577 0.0232447907
v 0.00140438753 0.0145661579 -0.000757763395
v 0.00179607654 0.0165532194 -0.00387833104
v 0.0040069744 0.0139680784 -0.0010904026
v -0.000615389086 0.0141570447 0.000196237554
v -0.000118917 0.0167387463 -0.00382386195
v -0.00203389674 0.0165532175 -0.00387834292
v 0.00125805568 0.0129530113 0.00223735813
v -0.0042447499 0.013968098 -0.00109041692
v -0.0045365179 0.0158835836 -0.00435344921
v -0.00102067343 0.0130724972 0.00214559794
v -0.00546869729 0.0128962109 8.22591755E-05
v -0.00650670333 0.0145985596 -0.00390696526
v -0.00630506128 0.0153807253 -0.00602997746
v -0.00303582754 0.0125556253 0.00243028626
v -0.000609060982 0.0121159554 0.00367761124
v -0.00245081936 0.0116957044 0.00377206551
v -0.00182365114 0.0106151244 0.00482353196
v 0.00134707219 0.0119580263 0.00372924563
v 0.00279802573 0.0125556327 0.00243026717
v 0.00055579585 0.010913875 0.00478050206
v -0.00117131614 0.00925835222 0.00549416523
v 0.00299303164 0.0113026341 0.00381661649
v 0.00263244449 0.0098761525 0.00486838073
v 0.00110204436 0.00911872368 0.00549216755
v 0.00299303164 0.0113026341 0.00381661649
v 0.00279802573 0.0125556327 0.00243026717
v 0.00406269683 0.0119178556 0.0025173903
v 0.00134707219 0.0119580263 0.00372924563
v 0.00279802573 0.0125556327 0.00243026717
v 0.00523088221 0.0128962183 8.22472575E-05
v 0.00406269683 0.0119178556 0.0025173903
v 0.00602640817 0.012124748 0.000311651209
v 0.00521752564 0.0108073158 0.00257683033
v 0.00299303164 0.0113026341 0.00381661649
v 0.00626888359 0.0145985549 -0.00390694384
v 0.00429871725 0.015883578 -0.00435344689
v 0.00419991836 0.0100912936 0.00390171749
v 0.00263244449 0.0098761525 0.00486838073
v 0.00483911764 0.00789606757 0.00400932552
v 0.00339986058 0.00782501884 0.00492767338
v 0.00593591575 0.00863769185 0.00271503441
v 0.00588011788 0.00602295995 0.00259973039
v 0.00680778502 0.00754640019 0.00130063051
v 0.00633267872 0.00366756553 0.000461876392
v 0.00688720215 0.00952412561 0.000858123298
v 0.00803314988 0.00665867515 -0.00191961043
v 0.00795942266 0.00302305096 -0.00337337959
v 0.00936509669 0.0079922555 -0.00482120737
v 0.00665079104 0.0110025983 0.000456287846
v 0.0092160264 0.00512684928 -0.005314779
v 0.00911962334 0.0101169031 -0.00445989845
v 0.00853197277 0.0118927928 -0.00415378576
v 0.00835622381 0.00267837755 -0.00531296479
v 0.00734385708 0.00116772705 -0.00535845989
v 0.00840761606 0.0027977908 -0.0072184368
v 0.00915184617 0.00446127588 -0.0071325493
v 0.00968646165 0.00707929907 -0.00707040541
v 0.00951314997 0.00987284444 -0.00683693634
v 0.00902001653 0.0106617184 -0.00853207055
v 0.00901009981 0.0116022648 -0.00669435738
v 0.00814065989 0.0131871216 -0.00648803217
v 0.00761085376 0.0133635877 -0.00399038289
v 0.00606723409 0.0153807374 -0.00602998259
v 0.0025334449 0.00329854549 0.00375405769
v -0.000118922944 0.00262542837 0.0037584852
v 0.00173487316 0.00469255075 0.0048532295
v -0.00087689294 0.00427922839 0.00481634354
v -0.00277129724 0.00329856388 0.00375405769
v 0.000272329897 0.00595765701 0.00550916651
v 0.00309651438 0.00620227819 0.00488108862
v -0.00302844937 0.00561492657 0.0048810672
v -0.00450466853 0.00501160743 0.00385846128
v -0.0018904414 0.0071002054 0.00552630657
v 0.00171971368 0.00744405715 0.00551649556
v 0.00339986058 0.00782501884 0.00492767338
v -0.000118915887 0.00777306361 0.00571370125
v 0.00110204436 0.00911872368 0.00549216755
v 0.00263244449 0.0098761525 0.00486838073
v -0.00117131614 0.00925835222 0.00549416523
v 0.00055579585 0.010913875 0.00478050206
v -0.00363768917 0.00782502536 0.00492766825
v -0.00319165247 0.0093479408 0.004884772
v -0.00277129724 0.00329856388 0.00375405769
v -0.00234016823 0.00152114511 0.0022365856
v -0.00399752054 0.00236032833 0.00228783116
v -0.00502221333 0.000700814708 -0.000571985205
v -0.00413066661 -0.000738191593 -0.00316123012
v -0.00585276168 5.142808E-05 -0.0033213757
v -0.00610538106 0.00165389897 -0.000594317913
v -0.004271816 -0.000974757655 -0.00512827141
v -0.00719370367 0.00123283744 -0.00337388995
v -0.00611041952 -7.27802471E-05 -0.0052922843
v -0.00417525275 -0.000887874921 -0.00704591954
v -0.0075816866 0.00116772763 -0.00535846222
v -0.0060098446 4.8337577E-05 -0.00719463592
v -0.00752382306 0.00129957253 -0.00725318631
v -0.00560448691 0.000513770559 -0.00890089013
v -0.00705217803 0.00172244548 -0.00891694799
v -0.00344529632 0.00210108585 -0.0113549372
v -0.00571471639 0.00395223359 -0.0111975428
v -0.00560890371 0.00178462383 -0.0102549857
v -0.00773384422 0.00447093556 -0.0101466365
v -0.00701814564 0.00638978742 -0.011119823
v -0.00514000002 0.00583318807 -0.0119169326
v -0.00734300539 0.00892810617 -0.0111523196
v -0.00589713501 0.00883321837 -0.0118966624
v -0.00860480219 0.00748106185 -0.0100826453
v -0.00549435802 0.0104913041 -0.0118174143
v -0.00411789725 0.00939926226 -0.0125103164
v -0.00692443596 0.0109558199 -0.0109107681
v -0.00391631853 0.0120825358 -0.0117375897
v -0.00496142358 0.013353412 -0.0104278373
v -0.0086055994 0.00951479096 -0.00998961646
v -0.00800460763 0.011491973 -0.00978895649
v -0.00575447921 0.0144497855 -0.00900503341
v -0.00952120405 0.00726148626 -0.00874591805
v -0.00864515547 0.00392885739 -0.00884389412
v -0.00705217803 0.00172244548 -0.00891694799
v -0.00560448691 0.000513770559 -0.00890089013
v -0.00925783906 0.0106617259 -0.00853206869
v -0.00815687608 0.0128986575 -0.00813630316
v -0.006210363 0.015132267 -0.00761572365
v -0.00924791861 0.0116022658 -0.00669435505
v -0.00837847963 0.0131871207 -0.00648802985
v -0.0018904414 0.0071002054 0.00552630657
v -0.00302844937 0.00561492657 0.0048810672
v -0.00363768917 0.00782502536 0.00492766825
v -0.00509890541 0.00739644468 0.00395473465
v -0.00450466853 0.00501160743 0.00385846128
v -0.00483866548 0.00927528553 0.00392819894
v -0.00319165247 0.0093479408 0.004884772
v -0.00611794693 0.0060229646 0.00259973039
v -0.00617374247 0.00863769371 0.00271503441
v -0.00525981886 0.00361434394 0.00234381203
v -0.00277129724 0.00329856388 0.00375405769
v -0.00399752054 0.00236032833 0.00228783116
v -0.00610538106 0.00165389897 -0.000594317913
v -0.00502221333 0.000700814708 -0.000571985205
v -0.00657050777 0.00366757554 0.000461876392
v -0.00704560149 0.00754640158 0.0013006425
v -0.00819724519 0.00302305026 -0.00337338191
v -0.00719370367 0.00123283744 -0.00337388995
v -0.0082709901 0.00665865745 -0.00191965571
v -0.00945384987 0.00512685347 -0.005314779
v -0.00960292295 0.0079922583 -0.00482122181
v -0.00712503493 0.00952412281 0.000858104206
v -0.00935745053 0.0101168975 -0.00445991522
v -0.00545534585 0.0108073205 0.002576828
v -0.00688864151 0.0110026225 0.000456218695
v -0.00876980089 0.0118927909 -0.00415380951
v -0.00626425864 0.0121247787 0.000311574928
v -0.00784867536 0.0133635923 -0.00399039965
v -0.00650670333 0.0145985596 -0.00390696526
v -0.00546869729 0.0128962109 8.22591755E-05
v -0.00430052076 0.0119178547 0.0025173903
v -0.00303582754 0.0125556253 0.00243028626
v -0.00245081936 0.0116957044 0.00377206551
v -0.00389749254 0.0107686091 0.00386215677
v -0.00182365114 0.0106151244 0.00482353196
v -0.00117131614 0.00925835222 0.00549416523
v -0.0082709901 0.00665865745 -0.00191965571
v -0.00945384987 0.00512685347 -0.005314779
v -0.00960292295 0.0079922583 -0.00482122181
v -0.00992428325 0.00707929535 -0.00707040541
v -0.00975096878 0.00987284444 -0.00683693402
v -0.00935745053 0.0101168975 -0.00445991522
v -0.00924791861 0.0116022658 -0.00669435505
v -0.00876980089 0.0118927909 -0.00415380951
v -0.00925783906 0.0106617259 -0.00853206869
v -0.00837847963 0.0131871207 -0.00648802985
v -0.00952120405 0.00726148626 -0.00874591805
v -0.00784867536 0.0133635923 -0.00399039965
v -0.00630506128 0.0153807253 -0.00602997746
v -0.006210363 0.015132267 -0.00761572365
v -0.00815687608 0.0128986575 -0.00813630316
v -0.00864515547 0.00392885739 -0.00884389412
v -0.00938966963 0.00446127821 -0.00713254651
v -0.00864544231 0.00279779313 -0.0072184368
v -0.00705217803 0.00172244548 -0.00891694799
v -0.00752382306 0.00129957253 -0.00725318631
v -0.00859404914 0.00267838244 -0.00531296479
v -0.00819724519 0.00302305026 -0.00337338191
v -0.0075816866 0.00116772763 -0.00535846222
v -0.00719370367 0.00123283744 -0.00337388995
v 0.0040069744 0.0139680784 -0.0010904026
v 0.00279802573 0.0125556327 0.00243026717
v 0.00125805568 0.0129530113 0.00223735813
v 0.00140438753 0.0145661579 -0.000757763395
v 0.00179607654 0.0165532194 -0.00387833104
v 0.00429871725 0.015883578 -0.00435344689
v 0.0040069744 0.0139680784 -0.0010904026
v 0.00373474113 0.0166126341 -0.0059136916
v 0.00606723409 0.0153807374 -0.00602998259
v 0.00366200646 0.0164464824 -0.007476239
v 0.00182941882 0.0169394612 -0.00751007302
v 0.00186636439 0.0171072911 -0.00590794533
v -0.000118917 0.0167387463 -0.00382386195
v -0.000118913646 0.0172673408 -0.00592317106
v -0.000118913107 0.0170955509 -0.00754384045
v -0.00206724391 0.0169394556 -0.00751007069
v -0.00301315263 0.0169467814 -0.00587915862
v -0.00203389674 0.0165532175 -0.00387834292
v -0.0045365179 0.0158835836 -0.00435344921
v -0.00389982923 0.0164464805 -0.00747623434
v -0.00630506128 0.0153807253 -0.00602997746
v -0.006210363 0.015132267 -0.00761572365
v 0.00668660877 0.0109558245 -0.0109107709
v 0.00367852976 0.0120825125 -0.0117375944
v 0.00525653549 0.0104913069 -0.0118174143
v 0.00472360617 0.0133534214 -0.0104278279
v 0.00776678883 0.0114919757 -0.00978896115
v 0.00167283125 0.0130911702 -0.0117508555
v 0.00551667251 0.0144497752 -0.00900504552
v 0.00205154344 0.0147303427 -0.0104443021
v -0.00124475593 0.0133731961 -0.0117226932
v 0.00240952568 0.0160784498 -0.00895563606
v 0.000673077302 0.0115543455 -0.0126750208
v -0.0019471189 0.011178581 -0.0126804849
v -0.00391631853 0.0120825358 -0.0117375897
v -0.00496142358 0.013353412 -0.0104278373
v 0.00791905727 0.0128986593 -0.00813630596
v 0.00902001653 0.0106617184 -0.00853207055
v 0.00597252278 0.0151322838 -0.00761572085
v 0.00366200646 0.0164464824 -0.007476239
v 0.00182941882 0.0169394612 -0.00751007302
v -0.000118913107 0.0170955509 -0.00754384045
v -0.000118912008 0.015001528 -0.0104881404
v -0.00228938577 0.0147303343 -0.0104442975
v -0.00264736102 0.0160784423 -0.00895562861
v -0.00575447921 0.0144497855 -0.00900503341
v -0.006210363 0.015132267 -0.00761572365
v -0.00389982923 0.0164464805 -0.00747623434
v -0.00206724391 0.0169394556 -0.00751007069
v -0.000118911004 0.0163299851 -0.00905088428
v 0.00901009981 0.0116022648 -0.00669435738
v 0.00814065989 0.0131871216 -0.00648803217
v 0.00791905727 0.0128986593 -0.00813630596
v 0.00902001653 0.0106617184 -0.00853207055
v 0.00968646165 0.00707929907 -0.00707040541
v 0.00928337872 0.00726149324 -0.00874591805
v 0.00840733293 0.00392886437 -0.00884389598
v 0.00309651438 0.00620227819 0.00488108862
v 0.00339986058 0.00782501884 0.00492767338
v 0.00483911764 0.00789606757 0.00400932552
v 0.00426684041 0.00501159905 0.00385846128
v 0.00173487316 0.00469255075 0.0048532295
v 0.00588011788 0.00602295995 0.00259973039
v 0.0025334449 0.00329854549 0.00375405769
v 0.00502198935 0.00361433742 0.00234381203
v 0.00633267872 0.00366756553 0.000461876392
v 0.00326522253 0.00192620931 0.00219529145
v 0.00586755434 0.00165389956 -0.00059430598
v 0.00478438707 0.000700811739 -0.000571985205
v 0.00795942266 0.00302305096 -0.00337337959
v 0.00695587602 0.00123283616 -0.00337388995
v 0.00681435131 0.00172244245 -0.00891694799
v 0.00728599587 0.00129957136 -0.00725318631
v 0.00840761606 0.0027977908 -0.0072184368
v 0.00840733293 0.00392886437 -0.00884389598
v 0.00537108583 0.00178462674 -0.0102549857
v 0.00749603054 0.00447094673 -0.0101466412
v 0.00536666019 0.000513770559 -0.00890088733
v 0.00243378594 0.000259771332 -0.0102915782
v 0.00365042617 -0.000390028959 -0.00881210808
v 0.00192384655 0.00159755291 -0.0114063928
v 0.00495680375 0.00328268809 -0.0112375235
v -0.000797532324 0.00130815979 -0.0114062857
v -0.000988603802 -0.000103195904 -0.0102250259
v -0.0034513541 0.00056761445 -0.0102904886
v -0.00344529632 0.00210108585 -0.0113549372
v 0.00587259326 -7.27838269E-05 -0.0052922843
v 0.00695587602 0.00123283616 -0.00337388995
v 0.00734385708 0.00116772705 -0.00535845989
v 0.00577201648 4.83369804E-05 -0.00719463592
v 0.00728599587 0.00129957136 -0.00725318631
v 0.00536666019 0.000513770559 -0.00890088733
v 0.00681435131 0.00172244245 -0.00891694799
v 0.00365042617 -0.000390028959 -0.00881210808
v 0.00393742369 -0.000887876144 -0.00704591954
v 0.000872070785 -0.00113324577 -0.00862150453
v 0.00243378594 0.000259771332 -0.0102915782
v 0.00403398788 -0.000974759459 -0.00512827141
v -0.000988603802 -0.000103195904 -0.0102250259
v 0.0019292786 -0.00146243512 -0.00688811066
v 0.00199300842 -0.0015054649 -0.00495365588
v -0.000118914875 -0.0016502362 -0.00682162726
v -0.000118914875 -0.00167649088 -0.00487959152
v -0.00216710824 -0.00146243686 -0.00688811066
v -0.00302851945 -0.00072656275 -0.00878263731
v -0.0034513541 0.00056761445 -0.0102904886
v -0.00560448691 0.000513770559 -0.00890089013
v -0.0060098446 4.8337577E-05 -0.00719463592
v -0.00417525275 -0.000887874921 -0.00704591954
v -0.004271816 -0.000974757655 -0.00512827141
v -0.00223083771 -0.00150546303 -0.00495365867
v -0.000118922944 0.00262542837 0.0037584852
v 0.0025334449 0.00329854549 0.00375405769
v 0.00326522253 0.00192620931 0.00219529145
v 0.000621722837 0.00142561377 0.00241846079
v -0.00234016823 0.00152114511 0.0022365856
v -0.00277129724 0.00329856388 0.00375405769
v 0.00103646249 0.000453443528 0.000907132577
v 0.00343896286 0.000116745228 -0.000491452229
v 0.00478438707 0.000700811739 -0.000571985205
v -0.00207194127 -5.31953556E-05 -0.000160384181
v 0.00128820934 -0.000453715911 -0.000915842014
v -0.00367678702 0.000116747018 -0.000491449842
v -0.00502221333 0.000700814708 -0.000571985205
v -0.00413066661 -0.000738191593 -0.00316123012
v -0.0013363451 -0.00122903043 -0.00289195054
v 0.00194892357 -0.00113882299 -0.00299655902
v 0.00389283733 -0.000738191593 -0.00316123012
v -0.00223083771 -0.00150546303 -0.00495365867
v -0.004271816 -0.000974757655 -0.00512827141
v -0.000118914875 -0.00167649088 -0.00487959152
v -0.000118914875 -0.0016502362 -0.00682162726
v -0.00216710824 -0.00146243686 -0.00688811066
v 0.00199300842 -0.0015054649 -0.00495365588
v 0.00403398788 -0.000974759459 -0.00512827141
v 0.00561493449 5.1428673E-05 -0.0033213757
v 0.00586755434 0.00165389956 -0.00059430598
v 0.00587259326 -7.27838269E-05 -0.0052922843
v 0.00695587602 0.00123283616 -0.00337388995
v -0.00697124237 0.0089698825 0.00256732455
v -0.00545965647 0.00814065151 0.0023568559
v -0.00615825085 0.00807973742 0.00310197356
v -0.00554736471 0.007237738 0.00292449468
v -0.00545965647 0.00814065151 0.0023568559
v -0.00601379899 0.00869567413 0.000808539393
v -0.00534405652 0.0078748567 0.000964164734
v -0.00636685966 0.00811463594 -0.000278699386
v -0.00876353029 0.00938059855 -0.000963809493
v -0.0105323773 0.0104570556 -0.000868959411
v -0.00882938411 0.00862593018 -0.00173861498
v -0.0111188935 0.00986020919 -0.00309262262
v -0.0122139547 0.0107220924 -0.00216702931
v -0.0109759355 0.00825378299 -0.00412807707
v -0.0119612413 0.0094463313 -0.00413631927
v -0.0128310798 0.00991153717 -0.0040893699
v -0.0129073188 0.00818257686 -0.00513927452
v -0.0139583573 0.00894166157 -0.0047741984
v -0.00545965647 0.00814065151 0.0023568559
v -0.00534405652 0.0078748567 0.000964164734
v -0.00509424508 0.00690853689 0.00172234769
v -0.00554736471 0.007237738 0.00292449468
v -0.0058655357 0.00643021334 0.00296633248
v -0.0058655357 0.00643021334 0.00296633248
v -0.00509424508 0.00690853689 0.00172234769
v -0.00574552873 0.00602399278 0.00227921479
v -0.00575373415 0.00603501592 0.000912196643
v -0.00538175832 0.00694301957 0.0006495571
v -0.00690551382 0.00679872418 0.00354094966
v -0.0058655357 0.00643021334 0.00296633248
v -0.00746815559 0.00562697835 0.00289072026
v -0.00656523276 0.00544773228 0.00208296301
v -0.00662851008 0.00616705744 -0.000324234948
v -0.00870416127 0.00497680763 -0.000655612908
v -0.00653873384 0.00546256127 0.000877239683
v -0.0105317496 0.0040414934 -0.000865287788
v -0.0111186029 0.00464399671 -0.00309075345
v -0.0122135533 0.00378201483 -0.00216466421
v -0.0125971111 0.00434176018 -0.00362895476
v -0.0101772435 0.00416716514 0.000468790531
v -0.0125346323 0.00377087295 -0.000781507464
v -0.00656523276 0.00544773228 0.00208296301
v -0.00575373415 0.00603501592 0.000912196643
v -0.00574552873 0.00602399278 0.00227921479
v -0.0058655357 0.00643021334 0.00296633248
v -0.00884465221 0.00481604366 0.00188387395
v -0.00746815559 0.00562697835 0.00289072026
v -0.00890795235 0.00566710718 0.00294155581
v -0.0119656259 0.00437396951 0.000854158367
v -0.0125513868 0.00523215858 0.00158808229
v -0.0143285776 0.00459892256 2.48980523E-05
v -0.0144980438 0.00414989144 -0.00113457919
v -0.0137467617 0.00382548803 -0.00215649605
v -0.0136957308 0.00422413275 -0.00352997053
v -0.0149603738 0.00428361818 -0.00258631702
v -0.0125971111 0.00434176018 -0.00362895476
v -0.0119610699 0.00506047672 -0.00413517235
v -0.0135250157 0.0051115118 -0.00455697067
v -0.0127876652 0.00612288387 -0.00503518339
v -0.0142793162 0.00619552704 -0.00493648509
v -0.0129073188 0.00818257686 -0.00513927452
v -0.0145084225 0.00760753732 -0.00499356491
v -0.0149603738 0.00428361818 -0.00258631702
v -0.0136957308 0.00422413275 -0.00352997053
v -0.0149317356 0.00472734636 -0.00354348659
v -0.0135250157 0.0051115118 -0.00455697067
v -0.0125971111 0.00434176018 -0.00362895476
v -0.0122135533 0.00378201483 -0.00216466421
v -0.0160235483 0.00517234113 -0.00152212859
v -0.0149603738 0.00428361818 -0.00258631702
v -0.0159660783 0.00538417324 -0.00288823363
v -0.0165030025 0.00675196014 -0.00292592519
v -0.0153732793 0.0059228274 -0.00414497359
v -0.015658116 0.00770508498 -0.00416256674
v -0.016343873 0.00822730549 -0.00297682988
v -0.0165062975 0.00852300599 -0.00159394264
v -0.0167151634 0.00679231575 -0.00163983577
v -0.0165609978 0.00765931839 -0.000786752673
v -0.0162905362 0.00650378084 -0.000371272559
v -0.0157230049 0.00549197663 -0.000266065588
v -0.0149603738 0.00428361818 -0.00258631702
v -0.0149317356 0.00472734636 -0.00354348659
v -0.0159660783 0.00538417324 -0.00288823363
v -0.0153732793 0.0059228274 -0.00414497359
v -0.0142793162 0.00619552704 -0.00493648509
v -0.0135250157 0.0051115118 -0.00455697067
v -0.0157230049 0.00549197663 -0.000266065588
v -0.0162905362 0.00650378084 -0.000371272559
v -0.0149411438 0.00619470328 0.000830411911
v -0.0158633031 0.0075648753 0.000288105017
v -0.0165609978 0.00765931839 -0.000786752673
v -0.015881829 0.00933623686 -0.000953345268
v -0.0165062975 0.00852300599 -0.00159394264
v -0.0152144441 0.00872345921 0.000441753858
v -0.014328884 0.00990658812 2.32768052E-05
v -0.0134889465 0.00877343211 0.00146378274
v -0.0141869923 0.00769615173 0.00143041613
v -0.0136807607 0.00636706455 0.00161235093
v -0.0125513868 0.00523215858 0.00158808229
v -0.0118718334 0.00749683799 0.00256909849
v -0.0111086499 0.00592266722 0.00255004875
v -0.00890795235 0.00566710718 0.00294155581
v -0.0101675 0.00822460186 0.00300568086
v -0.0112980362 0.00907383766 0.00217421516
v -0.0084930528 0.00887679029 0.00293612946
v -0.00712112524 0.00791620463 0.00347131491
v -0.0110359611 0.00713327806 0.00292873383
v -0.0088718785 0.00696212566 0.00347184646
v -0.00690551382 0.00679872418 0.00354094966
v -0.00746815559 0.00562697835 0.00289072026
v -0.00615825085 0.00807973742 0.00310197356
v -0.00554736471 0.007237738 0.00292449468
v 0.00639100652 0.00832275767 -0.000326757436
v 0.00855767913 0.00851108506 -0.00179311272
v 0.0085257031 0.00938059855 -0.000963809493
v 0.0057759718 0.00869567413 0.000808539393
v 0.010294552 0.0104570556 -0.000868959411
v 0.00621518074 0.00905927178 0.0014787101
v 0.00994024705 0.0103274891 0.000464165205
v 0.0122973043 0.0107318331 -0.000784249278
v 0.0108776018 0.00985967182 -0.00308981887
v 0.0119761266 0.0107220924 -0.00216702931
v 0.0140769957 0.010540368 -0.00245252368
v 0.0134598333 0.0102856737 -0.00352718355
v 0.0123563288 0.0101678139 -0.00362437707
v 0.0138891693 0.00969938561 -0.00418421254
v 0.0116959941 0.00945078768 -0.00411569607
v 0.0129033905 0.00919752382 -0.00466254679
v 0.00514439074 0.00694187032 0.000648312562
v 0.00545655703 0.0078153871 0.00028408764
v 0.00485613337 0.00756581454 0.00171498535
v 0.00579340197 0.00687695201 -0.000190975668
v 0.00631421246 0.0074850074 -0.000595021236
v 0.00865074154 0.00683456752 -0.00217046263
v 0.00859826151 0.00771154696 -0.00211511855
v 0.00857728906 0.00563456351 -0.00158916228
v 0.00628186204 0.00598119712 4.96625898E-06
v 0.0110482639 0.00408195658 -0.00222982885
v 0.010694474 0.00493337307 -0.00319586042
v 0.0106947478 0.00589504465 -0.00391536206
v 0.0117172357 0.00504975254 -0.00412443141
v 0.0119239613 0.00603617588 -0.00481051439
v 0.0108036231 0.00700913602 -0.00433372473
v 0.0119065279 0.00745514687 -0.00502486434
v 0.0107682766 0.00828544982 -0.00414195517
v 0.00855767913 0.00851108506 -0.00179311272
v 0.0124982269 0.00841165427 -0.00501815788
v 0.0116959941 0.00945078768 -0.00411569607
v 0.0108776018 0.00985967182 -0.00308981887
v 0.00562770851 0.00643021334 0.00296633248
v 0.00514096254 0.00754808867 0.00265359879
v 0.00585166086 0.00723698549 0.00331843598
v 0.00590751413 0.00807322655 0.00309844734
v 0.00687143719 0.00791483186 0.00347174634
v 0.00670702336 0.00896174833 0.00256901025
v 0.00550190499 0.00844677631 0.00226893905
v 0.00485613337 0.00756581454 0.00171498535
v 0.00514439074 0.00694187032 0.000648312562
v 0.00485613337 0.00756581454 0.00171498535
v 0.00496659707 0.00662265066 0.00170119281
v 0.00578185078 0.00573515659 0.00096105336
v 0.00579340197 0.00687695201 -0.000190975668
v 0.00628186204 0.00598119712 4.96625898E-06
v 0.00576792052 0.00572155742 0.00215803133
v 0.00562770851 0.00643021334 0.00296633248
v 0.00514096254 0.00754808867 0.00265359879
v 0.0107068885 0.00647406792 0.00284025189
v 0.00839883555 0.00738323666 0.00350347511
v 0.0104866428 0.00757591054 0.00299944147
v 0.00828453433 0.00626014685 0.00331892492
v 0.0106651094 0.00547607988 0.00233338587
v 0.00799697079 0.00572485663 0.0030272936
v 0.0068059396 0.00670850463 0.00352010014
v 0.00673114695 0.00551063241 0.00257506128
v 0.00562770851 0.00643021334 0.00296633248
v 0.00673114695 0.00551063241 0.00257506128
v 0.00576792052 0.00572155742 0.00215803133
v 0.00562770851 0.00643021334 0.00296633248
v 0.00957141351 0.00429268461 0.000823819602
v 0.00578185078 0.00573515659 0.00096105336
v 0.0106872888 0.00389996707 -0.00100353477
v 0.00628186204 0.00598119712 4.96625898E-06
v 0.0123232258 0.00376729062 -0.000811717473
v 0.012424794 0.00434108591 0.000535826664
v 0.0141972369 0.00444031926 -0.000351095194
v 0.0130454367 0.003795492 -0.00239568716
v 0.0110482639 0.00408195658 -0.00222982885
v 0.01256047 0.00411561551 -0.00336761936
v 0.0139627457 0.00424551731 -0.00334712258
v 0.0132875508 0.0051135337 -0.00455824845
v 0.0143036712 0.00403950037 -0.00163852214
v 0.0154722352 0.00499955565 -0.00288390392
v 0.0157671347 0.00519031147 -0.00121044635
v 0.014691175 0.00514440099 -0.0040008137
v 0.0107068885 0.00647406792 0.00284025189
v 0.0104866428 0.00757591054 0.00299944147
v 0.0125097465 0.00704905204 0.00216923701
v 0.0114544798 0.00809748191 0.00253296131
v 0.0140524916 0.00856306124 0.00114299532
v 0.0148606263 0.00699454127 0.000945346314
v 0.0154200671 0.00857012533 0.000143923753
v 0.0137895737 0.0094823502 0.000684394792
v 0.0142572401 0.0102497777 -0.000736861199
v 0.0156370457 0.00933551602 -0.000940618513
v 0.0162717514 0.00850562379 -0.00158179516
v 0.0163225587 0.00766832987 -0.000790924998
v 0.0161073357 0.00867760181 -0.00250685215
v 0.0151508646 0.00982520636 -0.00278370129
v 0.0130454367 0.003795492 -0.00239568716
v 0.0123232258 0.00376729062 -0.000811717473
v 0.0143036712 0.00403950037 -0.00163852214
v 0.0141972369 0.00444031926 -0.000351095194
v 0.0157671347 0.00519031147 -0.00121044635
v 0.012424794 0.00434108591 0.000535826664
v 0.0136126615 0.00494302809 0.000723457313
v 0.0106651094 0.00547607988 0.00233338587
v 0.00932767708 0.00487773772 0.00203945627
v 0.00799697079 0.00572485663 0.0030272936
v 0.00957141351 0.00429268461 0.000823819602
v 0.00673114695 0.00551063241 0.00257506128
v 0.0140513098 0.00639881706 -0.00500487303
v 0.0132875508 0.0051135337 -0.00455824845
v 0.014691175 0.00514440099 -0.0040008137
v 0.0139627457 0.00424551731 -0.00334712258
v 0.0156370457 0.00933551602 -0.000940618513
v 0.0163225587 0.00766832987 -0.000790924998
v 0.0154200671 0.00857012533 0.000143923753
v 0.0158286989 0.0069220406 2.85887709E-05
v 0.0148606263 0.00699454127 0.000945346314
v 0.0160775483 0.00607875036 -0.000716555107
v 0.0151896141 0.00565903774 0.000146894454
v 0.0164762344 0.00680078007 -0.00165082933
v 0.0162717514 0.00850562379 -0.00158179516
v 0.0157671347 0.00519031147 -0.00121044635
v 0.0162648782 0.0067505273 -0.00292591099
v 0.0161073357 0.00867760181 -0.00250685215
v 0.0154722352 0.00499955565 -0.00288390392
v 0.0141972369 0.00444031926 -0.000351095194
v 0.0136126615 0.00494302809 0.000723457313
v 0.0135594867 0.00564963883 0.00126795284
v 0.0125097465 0.00704905204 0.00216923701
v 0.0106651094 0.00547607988 0.00233338587
v 0.0107068885 0.00647406792 0.00284025189
v 0.0154640637 0.00868090056 -0.00379739283
v 0.0161073357 0.00867760181 -0.00250685215
v 0.0151508646 0.00982520636 -0.00278370129
v 0.0138891693 0.00969938561 -0.00418421254
v 0.014012197 0.00833565276 -0.00494227139
v 0.0140769957 0.010540368 -0.00245252368
v 0.0134598333 0.0102856737 -0.00352718355
v 0.0129033905 0.00919752382 -0.00466254679
v 0.0123563288 0.0101678139 -0.00362437707
v -0.00712112524 0.00791620463 0.00347131491
v -0.00697124237 0.0089698825 0.00256732455
v -0.00615825085 0.00807973742 0.00310197356
v -0.0084930528 0.00887679029 0.00293612946
v -0.0088456627 0.00967131276 0.00187816611
v -0.0119662294 0.0101254601 0.000850987388
v -0.0112980362 0.00907383766 0.00217421516
v -0.0134889465 0.00877343211 0.00146378274
v -0.014328884 0.00990658812 2.32768052E-05
v -0.0125351315 0.0107318331 -0.000784249278
v -0.0144983344 0.0103567578 -0.00113615987
v -0.015881829 0.00933623686 -0.000953345268
v -0.0149411438 0.00619470328 0.000830411911
v -0.0125513868 0.00523215858 0.00158808229
v -0.0143285776 0.00459892256 2.48980523E-05
v -0.0157230049 0.00549197663 -0.000266065588
v -0.0149603738 0.00428361818 -0.00258631702
v -0.0160235483 0.00517234113 -0.00152212859
v -0.0144980438 0.00414989144 -0.00113457919
v -0.0157230049 0.00549197663 -0.000266065588
v -0.0143285776 0.00459892256 2.48980523E-05
v -0.0145084225 0.00760753732 -0.00499356491
v -0.0153732793 0.0059228274 -0.00414497359
v -0.0142793162 0.00619552704 -0.00493648509
v -0.015658116 0.00770508498 -0.00416256674
v -0.014929112 0.00936517399 -0.00400149357
v -0.0139583573 0.00894166157 -0.0047741984
v -0.015966177 0.00912559871 -0.00288881292
v -0.016343873 0.00822730549 -0.00297682988
v -0.0153695727 0.00983667094 -0.00279263011
v -0.0165062975 0.00852300599 -0.00159394264
v -0.015881829 0.00933623686 -0.000953345268
v -0.0136959404 0.0102837365 -0.00353125576
v -0.014929112 0.00936517399 -0.00400149357
v -0.0139583573 0.00894166157 -0.0047741984
v -0.0128310798 0.00991153717 -0.0040893699
v -0.0136959404 0.0102837365 -0.00353125576
v -0.0128310798 0.00991153717 -0.0040893699
v -0.0122139547 0.0107220924 -0.00216702931
v -0.0143081946 0.0105419969 -0.00245005125
v -0.014929112 0.00936517399 -0.00400149357
v -0.0153695727 0.00983667094 -0.00279263011
v -0.015881829 0.00933623686 -0.000953345268
v -0.0144983344 0.0103567578 -0.00113615987
v -0.0125351315 0.0107318331 -0.000784249278
v -0.0105323773 0.0104570556 -0.000868959411
v -0.0101780742 0.0103274891 0.000464165205
v -0.0119662294 0.0101254601 0.000850987388
v -0.0088456627 0.00967131276 0.00187816611
v -0.0064537446 0.0090599414 0.00148164749
v -0.00601379899 0.00869567413 0.000808539393
v -0.00697124237 0.0089698825 0.00256732455
v -0.00545965647 0.00814065151 0.0023568559
v 0.00859900378 0.00966962893 0.00187917461
v 0.00670702336 0.00896174833 0.00256901025
v 0.00621518074 0.00905927178 0.0014787101
v 0.00994024705 0.0103274891 0.000464165205
v 0.0117431618 0.0101292105 0.00084055186
v 0.0122973043 0.0107318331 -0.000784249278
v 0.0142572401 0.0102497777 -0.000736861199
v 0.0140769957 0.010540368 -0.00245252368
v 0.0156370457 0.00933551602 -0.000940618513
v 0.0151508646 0.00982520636 -0.00278370129
v 0.0119239613 0.00603617588 -0.00481051439
v 0.0117172357 0.00504975254 -0.00412443141
v 0.0132875508 0.0051135337 -0.00455824845
v 0.0128643 0.00681375526 -0.00520353299
v 0.0140513098 0.00639881706 -0.00500487303
v 0.0119065279 0.00745514687 -0.00502486434
v 0.014012197 0.00833565276 -0.00494227139
v 0.0124982269 0.00841165427 -0.00501815788
v -0.00599494018 0.00978822634 -0.0104742236
v -0.00622603158 0.00935889222 -0.0113565661
v -0.00542502152 0.00925030373 -0.0112236096
v -0.00730097946 0.0093933586 -0.0111370254
v -0.00736961747 0.00978929456 -0.00990901422
v -0.00819124561 0.00931389071 -0.0105198622
v -0.00786629599 0.00868356228 -0.0118952794
v -0.00876301434 0.00913299527 -0.00961916894
v -0.00789252389 0.00952505227 -0.00875528064
v -0.00893383287 0.00886839163 -0.00858484022
v -0.00677784299 0.00987589452 -0.0089428518
v -0.00676778797 0.00966812205 -0.00821586326
v -0.00624677725 0.00995255541 -0.00945757888
v -0.00531087862 0.00981967617 -0.00937588699
v -0.00477165449 0.00952749141 -0.010004661
v -0.00511354534 0.00851645693 -0.011888532
v -0.0056374846 0.00762845622 -0.0126912827
v -0.00446488848 0.00749475276 -0.0120696565
v -0.00649972679 0.00867801812 -0.0121888686
v -0.00683021406 0.00771455048 -0.0128990263
v -0.00622603158 0.00935889222 -0.0113565661
v -0.00542502152 0.00925030373 -0.0112236096
v -0.00730097946 0.0093933586 -0.0111370254
v -0.00786629599 0.00868356228 -0.0118952794
v -0.00843982026 0.00766958576 -0.0125392554
v -0.00772698317 0.00638259389 -0.0133577771
v -0.0086083347 0.00634532655 -0.0131507395
v -0.00446488848 0.00749475276 -0.0120696565
v -0.00310405809 0.00690199435 -0.0106765646
v -0.00389495213 0.00822051056 -0.0109954067
v -0.00412111124 0.00602046819 -0.0121061755
v -0.00497245183 0.00624147756 -0.0127534484
v -0.00533027574 0.00400730502 -0.0130508682
v -0.00304880855 0.00554822432 -0.0108942026
v -0.00444794772 0.00354170613 -0.0123949861
v -0.0055946419 0.000646685367 -0.0129192537
v -0.003756569 0.00295126438 -0.0116637684
v -0.00272225821 0.0033633064 -0.0102130314
v -0.00226026867 0.00475185318 -0.00920854788
v -0.00314832316 0.00147516245 -0.0105018755
v -0.00423527695 -3.50236878E-05 -0.0115745207
v -0.00552240107 -0.00140716671 -0.0123094218
v -0.00339897978 -0.000586531125 -0.00985121448
v -0.00278515671 0.000996305374 -0.00924899336
v -0.00442923885 -0.00193730765 -0.0107976478
v -0.00623646285 -0.00298936013 -0.0119962497
v -0.00399958994 -0.00244595646 -0.0090612676
v -0.00526587106 -0.00342343096 -0.0106400205
v -0.00488214474 -0.00388818141 -0.00897610374
v -0.00702673709 -0.00434436928 -0.0114432424
v -0.00621605618 -0.00473670475 -0.0102413865
v -0.00589791778 -0.00514420262 -0.0087033147
v -0.00750774192 -0.00563071109 -0.0101713445
v -0.00828570314 -0.00531853177 -0.0109912986
v -0.00310405809 0.00690199435 -0.0106765646
v -0.00238015805 0.00621329993 -0.00914798211
v -0.00298828445 0.00767339859 -0.00975822937
v -0.00304880855 0.00554822432 -0.0108942026
v -0.00226026867 0.00475185318 -0.00920854788
v -0.00232967199 0.00576907163 -0.0080962684
v -0.00225992128 0.00413683755 -0.00775467372
v -0.00238459976 0.00284520746 -0.0090229651
v -0.00237848796 0.00250992598 -0.00822217483
v -0.00272225821 0.0033633064 -0.0102130314
v -0.00314832316 0.00147516245 -0.0105018755
v -0.00278515671 0.000996305374 -0.00924899336
v -0.00276699127 0.000688453903 -0.0084075518
v -0.00339897978 -0.000586531125 -0.00985121448
v -0.00332846213 -0.001027714 -0.0085749859
v -0.00399958994 -0.00244595646 -0.0090612676
v -0.00348939374 -0.00126298598 -0.00772856688
v -0.00420488697 -0.00282059307 -0.00778025389
v -0.00488214474 -0.00388818141 -0.00897610374
v -0.00519466586 -0.00431985967 -0.00720743183
v -0.00589791778 -0.00514420262 -0.0087033147
v -0.00618795305 -0.00552314753 -0.00696795667
v -0.00583565235 -0.00453810673 -0.00597937312
v -0.00238015805 0.00621329993 -0.00914798211
v -0.00232967199 0.00576907163 -0.0080962684
v -0.00266890903 0.0071736183 -0.00851073954
v -0.00298828445 0.00767339859 -0.00975822937
v -0.00332338316 0.00837360416 -0.00906260964
v -0.00328609813 0.00803628191 -0.00807933323
v -0.00402249116 0.00911540259 -0.00895755738
v -0.00424232753 0.00871723238 -0.00761188986
v -0.00328609813 0.00803628191 -0.00807933323
v -0.00368193141 0.0077896351 -0.00719065871
v -0.00424232753 0.00871723238 -0.00761188986
v -0.00291797868 0.00678972248 -0.00736076338
v -0.00266890903 0.0071736183 -0.00851073954
v -0.00232967199 0.00576907163 -0.0080962684
v -0.00368347391 0.00653275941 -0.00637288811
v -0.00259886403 0.00545376027 -0.00716421567
v -0.00225992128 0.00413683755 -0.00775467372
v -0.0035079713 0.00513562653 -0.00603672955
v -0.0048476723 0.00643703667 -0.00568396784
v -0.00487666577 0.00502338866 -0.0052518798
v -0.00422703382 0.0034488868 -0.00534500834
v -0.00295099127 0.00367944827 -0.00640863879
v -0.00256244768 0.00223256415 -0.00744963624
v -0.00237848796 0.00250992598 -0.00822217483
v -0.00354528567 0.00110480783 -0.00608669501
v -0.00292402739 0.00201748777 -0.00672158459
v -0.00276699127 0.000688453903 -0.0084075518
v -0.00278515671 0.000996305374 -0.00924899336
v -0.00238459976 0.00284520746 -0.0090229651
v -0.00293908827 0.000434778311 -0.00759184593
v -0.00332846213 -0.001027714 -0.0085749859
v -0.00348939374 -0.00126298598 -0.00772856688
v -0.00329084392 0.000241731992 -0.00681999885
v -0.00421023741 -0.00237366674 -0.00690999487
v -0.00420488697 -0.00282059307 -0.00778025389
v -0.00519466586 -0.00431985967 -0.00720743183
v -0.00488214474 -0.00388818141 -0.00897610374
v -0.00479680486 -0.0026497161 -0.00610944023
v -0.00583565235 -0.00453810673 -0.00597937312
v -0.00417417288 0.00111114979 -0.00551235676
v -0.00639762171 -0.0044453321 -0.00512845721
v -0.00489726942 0.00174177822 -0.00503834244
v -0.00548606785 0.00294388458 -0.00480156904
v -0.00556129916 -0.0010162812 -0.00496985903
v -0.00707508205 -0.00580332009 -0.00526714558
v -0.00618795305 -0.00552314753 -0.00696795667
v -0.00755197741 -0.0065591475 -0.0059434413
v -0.00730519928 -0.00481113559 -0.00442738505
v -0.00642202422 -0.000925436616 -0.00458799815
v -0.00803470891 -0.00478733284 -0.00393448584
v -0.00830799527 -0.00587301468 -0.00397638325
v -0.00840548519 -0.00669631222 -0.00466136914
v -0.00948184449 -0.00667599682 -0.00382578839
v -0.00922885071 -0.00575058581 -0.00347220176
v -0.00869151857 -0.00454383856 -0.00362338778
v -0.00756004686 -0.00168598176 -0.00424276805
v -0.00755197741 -0.0065591475 -0.0059434413
v -0.00840548519 -0.00669631222 -0.00466136914
v -0.00707508205 -0.00580332009 -0.00526714558
v -0.00852664467 -0.00710258726 -0.00604299037
v -0.00424232753 0.00871723238 -0.00761188986
v -0.00545447273 0.00862465985 -0.00681655388
v -0.00508648623 0.00935428962 -0.00792703405
v -0.00600792561 0.00939319748 -0.00762051577
v -0.00662042387 0.00880513154 -0.00690111844
v -0.00755122583 0.00914508104 -0.00756083708
v -0.00686481781 0.00782731734 -0.00609099353
v -0.00804703776 0.00821792427 -0.006747582
v -0.0054618693 0.0076603787 -0.00610010838
v -0.00444716075 0.00765727041 -0.00649635075
v -0.0048476723 0.00643703667 -0.00568396784
v -0.00622814568 0.00652499124 -0.00541337021
v -0.00763428677 0.00673312275 -0.00559895253
v -0.00868233293 0.00854930468 -0.00757800555
v -0.00893383287 0.00886839163 -0.00858484022
v -0.00993715972 0.00798888598 -0.00861878414
v -0.00961478427 0.00758544356 -0.0073421644
v -0.0108629642 0.00685038185 -0.0086652441
v -0.00880614109 0.00716499658 -0.00629656063
v -0.0104817124 0.00638119038 -0.00716949441
v -0.0115502626 0.00524162827 -0.0078610871
v -0.00953109469 0.00588968396 -0.00595422741
v -0.010796966 0.00469786534 -0.00633343915
v -0.0123424511 0.00279308972 -0.00740695
v -0.00816153549 0.00535841472 -0.00515672425
v -0.00650346978 0.00513324654 -0.0049430728
v -0.0100438939 0.00379050733 -0.00540787214
v -0.00683027552 0.00358312787 -0.00463872915
v -0.00548606785 0.00294388458 -0.00480156904
v -0.0119234128 0.00255253376 -0.00658023823
v -0.0113243032 0.00237347605 -0.00586661091
v -0.0130350133 -0.000728179817 -0.0072019049
v -0.0130066331 0.00134328718 -0.00828236528
v -0.0126540745 -0.0012182378 -0.00626660557
v -0.0131728901 -0.00278338185 -0.00731527293
v -0.0127488049 -0.00314942119 -0.00600692956
v -0.0122231673 -0.00344076031 -0.00507944589
v -0.0127349542 -0.00445079803 -0.00606532814
v -0.0122566074 -0.0047597778 -0.00495938305
v -0.0111362804 -0.000142157078 -0.00506618246
v -0.0116591118 -0.0039792764 -0.00435609324
v -0.00929749664 0.00351364538 -0.0049978015
v -0.0117894011 -0.00501362886 -0.00426838873
v -0.0117881745 -0.00601014495 -0.00457661599
v -0.0105567081 -0.00112577912 -0.00453500031
v -0.00819274783 0.00380170392 -0.00477647781
v -0.0110645592 -0.00397712924 -0.00391887873
v -0.0112343468 -0.00525307516 -0.00374042988
v -0.0109427571 -0.0063683521 -0.00378434896
v -0.0105405971 -0.00539896358 -0.00338853104
v -0.00966816582 -0.00153127906 -0.004200859
v -0.00905680843 0.000953985436 -0.00451430539
v -0.00805531163 0.000873902405 -0.00440735323
v -0.00684636645 0.00134712632 -0.00449918257
v -0.00756004686 -0.00168598176 -0.00424276805
v -0.00861222949 -0.00159348547 -0.00412339903
v -0.0095166387 -0.00440535555 -0.00348489266
v -0.00869151857 -0.00454383856 -0.00362338778
v -0.00422703382 0.0034488868 -0.00534500834
v -0.00548606785 0.00294388458 -0.00480156904
v -0.00487666577 0.00502338866 -0.0052518798
v -0.00650346978 0.00513324654 -0.0049430728
v -0.00622814568 0.00652499124 -0.00541337021
v -0.00763428677 0.00673312275 -0.00559895253
v -0.0048476723 0.00643703667 -0.00568396784
v -0.0054618693 0.0076603787 -0.00610010838
v -0.00489726942 0.00174177822 -0.00503834244
v -0.00556129916 -0.0010162812 -0.00496985903
v -0.00642202422 -0.000925436616 -0.00458799815
v -0.00684636645 0.00134712632 -0.00449918257
v -0.00683027552 0.00358312787 -0.00463872915
v -0.00756004686 -0.00168598176 -0.00424276805
v -0.00803470891 -0.00478733284 -0.00393448584
v -0.0112154912 -0.00682514999 -0.00484009972
v -0.011857437 -0.00643959269 -0.00608493807
v -0.0117881745 -0.00601014495 -0.00457661599
v -0.0123882741 -0.00557386875 -0.00594509114
v -0.0126089379 -0.00517106149 -0.00755093805
v -0.0118689705 -0.00593182445 -0.00838314276
v -0.0117840907 -0.00476752128 -0.0102748489
v -0.0107985074 -0.00585009437 -0.00991885364
v -0.0108853132 -0.0047892509 -0.0110750366
v -0.0108629642 0.00685038185 -0.0086652441
v -0.0115502626 0.00524162827 -0.0078610871
v -0.0116297482 0.00571005372 -0.00958732795
v -0.0123272929 0.00407019956 -0.00922305323
v -0.0121819712 0.0042814631 -0.0101421326
v 0.00943506137 -0.00601713872 -0.010154793
v 0.00961525925 -0.00492189731 -0.0114105865
v 0.00853877142 -0.00516990758 -0.0112572378
v 0.00842785742 -0.00634945836 -0.00956407283
v 0.0076036104 -0.00549361436 -0.0105901547
v 0.00699006952 -0.00582997408 -0.00953860953
v 0.0101554543 -0.0066508064 -0.00870644767
v 0.0105606802 -0.00585009204 -0.00991885643
v 0.0116311433 -0.00593182445 -0.00838314276
v 0.00924825668 -0.00689155189 -0.00836929027
v 0.0078606857 -0.00682426663 -0.00770814624
v 0.0109728975 -0.00673747621 -0.00744639151
v 0.0117170233 -0.00627536047 -0.00665868493
v 0.0105688376 -0.00717049604 -0.00582074886
v 0.011445675 -0.00656001549 -0.00559940562
v 0.0109770093 -0.00682449434 -0.00483757025
v 0.0100331688 -0.00713936053 -0.00715908501
v 0.00899379514 -0.0072125718 -0.00704190461
v 0.00962561462 -0.00734411227 -0.0058713411
v 0.00958358124 -0.00717850914 -0.00461066468
v 0.01030361 -0.00704812165 -0.0044573904
v 0.01070832 -0.0063671181 -0.00378661137
v 0.0097800279 -0.00658334373 -0.00363768102
v 0.00506748306 0.00981833413 -0.00937394332
v 0.00556999305 0.00978679303 -0.008563268
v 0.00459101237 0.00951745361 -0.00858189072
v 0.00377302687 0.00910432357 -0.00893454812
v 0.00452356646 0.00952387787 -0.0100011872
v 0.00575711299 0.00978822634 -0.0104742236
v 0.00394743262 0.00894100685 -0.010469785
v 0.0032559284 0.0085488921 -0.0095428396
v 0.00489096018 0.00920202676 -0.0111234849
v 0.00598820392 0.00935889222 -0.0113565661
v 0.00487571815 0.00851645693 -0.011888532
v 0.00706315227 0.0093933586 -0.0111370254
v 0.00626190007 0.00867801812 -0.0121888686
v 0.00762847066 0.00868356135 -0.0118952822
v 0.00539965741 0.00762845622 -0.0126912827
v 0.00659238966 0.00771454908 -0.0128990309
v 0.00213053962 0.00565528637 -0.00778258778
v 0.00242225849 0.00714606885 -0.00848246831
v 0.00268744724 0.00675718253 -0.0073245191
v 0.00275635673 0.00525468402 -0.00655469391
v 0.00202161632 0.00415404746 -0.0077622151
v 0.00270398636 0.00370217138 -0.00642199721
v 0.00232462026 0.00223256461 -0.00744963624
v 0.0026862002 0.00201748777 -0.00672158459
v 0.00324316695 0.00125182443 -0.00612898357
v 0.00305301649 0.000241731992 -0.00681999885
v 0.0039010467 -0.00225433591 -0.00695029739
v 0.00442257849 -0.0024288164 -0.00616682274
v 0.00384196662 0.00132233975 -0.00556056248
v 0.00492527848 -0.00428057555 -0.00724693527
v 0.00531967916 -0.0029398452 -0.00536878593
v 0.00581525592 -0.00453372719 -0.00558834756
v 0.00676454231 -0.00444658613 -0.00454503298
v 0.00675748289 -0.00575745944 -0.00533323269
v 0.00798696931 -0.0058367406 -0.00401360029
v 0.00768328272 -0.00663928036 -0.00527671073
v 0.0086788293 -0.00670764688 -0.00417784462
v 0.00899102353 -0.00575058581 -0.00347220176
v 0.0097800279 -0.00658334373 -0.00363768102
v 0.00731339818 0.00914508104 -0.00756083708
v 0.00638254406 0.00880531501 -0.00690137595
v 0.0059782099 0.00944233593 -0.00770206423
v 0.00780920731 0.00821792614 -0.006747582
v 0.0109770093 -0.00682449434 -0.00483757025
v 0.01070832 -0.0063671181 -0.00378661137
v 0.011549836 -0.0060110162 -0.00457609631
v 0.0109965187 -0.00525307516 -0.00374042988
v 0.01030879 -0.00540138828 -0.00339098694
v 0.010826732 -0.00397712924 -0.00391887873
v 0.0115515739 -0.00501362886 -0.00426838873
v 0.0120187802 -0.0047597778 -0.00495938305
v 0.0114212846 -0.00397927407 -0.00435609324
v 0.0103188809 -0.0011257797 -0.00453500031
v 0.0119853383 -0.00344076031 -0.00507944357
v 0.010898456 -0.000142174365 -0.00506618014
v 0.011086477 0.00237347768 -0.00586661324
v 0.00904808659 0.00353087415 -0.00499649532
v 0.00980606303 0.00379051315 -0.00540787214
v 0.00826297514 0.00551787531 -0.00532638794
v 0.00929326657 0.0058896807 -0.00595422508
v 0.010559137 0.00469787046 -0.00633343915
v 0.0102438834 0.00638119131 -0.00716948975
v 0.0113124354 0.00524162641 -0.0078610871
v 0.0085683167 0.00716499565 -0.00629656063
v 0.00937695708 0.00758544169 -0.0073421644
v 0.00780920731 0.00821792614 -0.006747582
v 0.0106251389 0.00685037952 -0.00866524689
v 0.00844450668 0.00854930561 -0.00757801021
v 0.00780920731 0.00821792614 -0.006747582
v 0.00731339818 0.00914508104 -0.00756083708
v 0.00937695708 0.00758544169 -0.0073421644
v 0.00969932973 0.00798888877 -0.008618786
v 0.00869600661 0.00886839163 -0.00858484022
v 0.0106251389 0.00685037952 -0.00866524689
v 0.0103796478 0.00723370118 -0.0102158021
v 0.011391921 0.00571005326 -0.00958732795
v 0.0113124354 0.00524162641 -0.0078610871
v 0.0102438834 0.00638119131 -0.00716948975
v 0.0120894657 0.00407019956 -0.00922305323
v 0.0119441431 0.0042814631 -0.0101421326
v 0.0124426149 0.00265677855 -0.0102045108
v 0.0128086172 0.00158766867 -0.00924461149
v 0.0127679128 0.00098695152 -0.0101721119
v 0.0127933966 -0.000568056072 -0.0104796952
v 0.0120481187 0.00382402353 -0.00829981081
v 0.0130882105 -0.000958881341 -0.00856801216
v 0.0129807843 -0.00230829115 -0.00925810821
v 0.012104624 0.00279309088 -0.00740695
v 0.010559137 0.00469787046 -0.00633343915
v 0.012768806 0.00134328834 -0.00828236807
v 0.0127971862 -0.000728185172 -0.0072019049
v 0.0129350638 -0.00278337346 -0.00731527572
v 0.0116855865 0.00255253073 -0.00658024056
v 0.0124162482 -0.00121823372 -0.00626660557
v 0.0125109777 -0.00314942119 -0.00600692956
v 0.0119853383 -0.00344076031 -0.00507944357
v 0.011086477 0.00237347768 -0.00586661324
v 0.00980606303 0.00379051315 -0.00540787214
v 0.0111228786 0.00458192173 -0.0118183326
v 0.0116178375 0.00445269281 -0.0110192848
v 0.0107839126 0.00604791055 -0.0112375254
v 0.0104777254 0.0046706507 -0.0125059104
v 0.00956648774 0.00625922903 -0.0125513719
v 0.00953538343 0.00750508718 -0.0115811992
v 0.0103796478 0.00723370118 -0.0102158021
v 0.00948606152 0.00832333509 -0.00993727148
v 0.00820199307 0.00766958715 -0.0125392554
v 0.00876208302 0.00855924562 -0.0110933138
v 0.00852518808 0.00913299527 -0.00961916894
v 0.00795341749 0.00931389164 -0.0105198622
v 0.00762847066 0.00868356135 -0.0118952822
v 0.00713179028 0.00978929456 -0.00990901422
v 0.0076546967 0.00952505227 -0.00875528064
v 0.00706315227 0.0093933586 -0.0111370254
v 0.00575711299 0.00978822634 -0.0104742236
v 0.0060089496 0.00995255541 -0.00945757888
v 0.00506748306 0.00981833413 -0.00937394332
v 0.00659238966 0.00771454908 -0.0128990309
v 0.00626190007 0.00867801812 -0.0121888686
v 0.00748915598 0.00638259389 -0.0133577771
v 0.00837050751 0.00634532655 -0.0131507395
v 0.00837050751 0.00634532655 -0.0131507395
v 0.00956648774 0.00625922903 -0.0125513719
v 0.00820199307 0.00766958715 -0.0125392554
v 0.00883646682 0.00474899635 -0.0134346383
v 0.00789942499 0.00475284364 -0.0136332512
v 0.00860229321 0.0018030107 -0.013753619
v 0.00760378595 0.00159773766 -0.0137530081
v 0.009706215 0.00472385436 -0.0130527206
v 0.0104777254 0.0046706507 -0.0125059104
v 0.0104176831 0.00205204776 -0.0131717324
v 0.00954767317 0.00196136162 -0.0135554411
v 0.0109393913 0.00299680582 -0.0126245683
v 0.0111228786 0.00458192173 -0.0118183326
v 0.00943506137 -0.00601713872 -0.010154793
v 0.0105606802 -0.00585009204 -0.00991885643
v 0.00961525925 -0.00492189731 -0.0114105865
v 0.010647485 -0.0047892509 -0.0110750413
v 0.0115462625 -0.00476751896 -0.0102748508
v 0.0116311433 -0.00593182445 -0.00838314276
v 0.0121559538 -0.00489229569 -0.00906247832
v 0.0125476476 -0.00361201749 -0.00967675447
v 0.0117913615 -0.00346902595 -0.0110839456
v 0.0123925088 -0.0020465611 -0.0109785413
v 0.0106565803 -0.00350405439 -0.0120213646
v 0.0112711526 -0.00198888057 -0.0122793838
v 0.0093157161 -0.00369138829 -0.0124006988
v 0.00853877142 -0.00516990758 -0.0112572378
v 0.00793794356 -0.00395883294 -0.0122118974
v 0.00978607126 -0.0021247582 -0.0130052185
v 0.0103683267 -0.000423257938 -0.013167236
v 0.011838655 -0.000389394758 -0.012087075
v 0.0127933966 -0.000568056072 -0.0104796952
v 0.0124364495 0.00113864534 -0.0110772103
v 0.0119364243 0.00123808684 -0.0118955588
v 0.0121075744 0.00281907129 -0.0111066531
v 0.0112860473 0.00128352642 -0.0125939893
v 0.0116002876 0.00293258298 -0.0119248964
v 0.0116178375 0.00445269281 -0.0110192848
v 0.0111228786 0.00458192173 -0.0118183326
v 0.0109393913 0.00299680582 -0.0126245683
v 0.0104176831 0.00205204776 -0.0131717324
v 0.00954767317 0.00196136162 -0.0135554411
v -0.00497245183 0.00624147756 -0.0127534484
v -0.00446488848 0.00749475276 -0.0120696565
v -0.0056374846 0.00762845622 -0.0126912827
v -0.00588127226 0.00635813596 -0.0131797837
v -0.00533027574 0.00400730502 -0.0130508682
v -0.00683021406 0.00771455048 -0.0128990263
v -0.00627245242 0.00422016438 -0.0134742064
v -0.0055946419 0.000646685367 -0.0129192537
v -0.00680901436 0.00639418699 -0.013374934
v -0.00772698317 0.00638259389 -0.0133577771
v -0.00716476422 0.00473478436 -0.0136344284
v -0.00813725311 0.00475284364 -0.0136332512
v -0.0086083347 0.00634532655 -0.0131507395
v -0.00784161594 0.00159772753 -0.0137530081
v -0.00700105121 0.000833457685 -0.0135273598
v -0.00706759654 -0.00096329744 -0.0132656116
v -0.00552240107 -0.00140716671 -0.0123094218
v -0.00884011947 0.00180300174 -0.013753619
v -0.00907429401 0.00474899635 -0.0134346383
v -0.00978550129 0.00196136045 -0.0135554411
v -0.00883581117 -0.000654197298 -0.0135682244
v -0.0106061548 -0.00042325852 -0.013167236
v -0.0100238984 -0.0021247596 -0.0130052185
v -0.00724633876 -0.0026694308 -0.0126902889
v -0.00623646285 -0.00298936013 -0.0119962497
v -0.00842780434 -0.0023764919 -0.0130871246
v -0.00818110909 -0.00395345222 -0.0122159142
v -0.00702673709 -0.00434436928 -0.0114432424
v -0.00828570314 -0.00531853177 -0.0109912986
v -0.00954763405 -0.00496656168 -0.01145571
v -0.00955354329 -0.00369138946 -0.0124006988
v -0.0108944094 -0.00350405439 -0.0120213646
v -0.0108853132 -0.0047892509 -0.0110750366
v -0.00511354534 0.00851645693 -0.011888532
v -0.00446488848 0.00749475276 -0.0120696565
v -0.00389495213 0.00822051056 -0.0109954067
v -0.00464964751 0.0091008693 -0.0108333826
v -0.00542502152 0.00925030373 -0.0112236096
v -0.00599494018 0.00978822634 -0.0104742236
v -0.00477165449 0.00952749141 -0.010004661
v -0.00380384992 0.00875698961 -0.0100461096
v -0.00298828445 0.00767339859 -0.00975822937
v -0.00310405809 0.00690199435 -0.0106765646
v -0.00332338316 0.00837360416 -0.00906260964
v -0.00402249116 0.00911540259 -0.00895755738
v -0.00531087862 0.00981967617 -0.00937588699
v -0.00483289268 0.00952331536 -0.00859819353
v -0.00869146176 -0.0063337218 -0.00960274693
v -0.00750774192 -0.00563071109 -0.0101713445
v -0.00828570314 -0.00531853177 -0.0109912986
v -0.00706017017 -0.00596430525 -0.00898110121
v -0.00621605618 -0.00473670475 -0.0102413865
v -0.00808148645 -0.00681023113 -0.00776325911
v -0.00589791778 -0.00514420262 -0.0087033147
v -0.00705407886 -0.00628903275 -0.00749953231
v -0.00755197741 -0.0065591475 -0.0059434413
v -0.00618795305 -0.00552314753 -0.00696795667
v -0.00755197741 -0.0065591475 -0.0059434413
v -0.00808148645 -0.00681023113 -0.00776325911
v -0.00852664467 -0.00710258726 -0.00604299037
v -0.00935279019 -0.00729433401 -0.00657580374
v -0.00937369745 -0.00694813114 -0.00818925165
v -0.00869146176 -0.0063337218 -0.00960274693
v -0.0103089297 -0.00666670315 -0.00873807166
v -0.00911347941 -0.00719322311 -0.00514430506
v -0.00840548519 -0.00669631222 -0.00466136914
v -0.00948184449 -0.00667599682 -0.00382578839
v -0.010270996 -0.00713936053 -0.00715908501
v -0.0102771567 -0.00730646728 -0.00566687807
v -0.00981642026 -0.00717897527 -0.00461222138
v -0.0105437478 -0.00704801548 -0.00445800275
v -0.0102208396 -0.00654192455 -0.00363338948
v -0.0109427571 -0.0063683521 -0.00378434896
v -0.0112154912 -0.00682514999 -0.00484009972
v -0.0117881745 -0.00601014495 -0.00457661599
v -0.0109713245 -0.00707331067 -0.00608124956
v -0.011857437 -0.00643959269 -0.00608493807
v -0.0112102395 -0.00673709624 -0.00744866114
v -0.0118689705 -0.00593182445 -0.00838314276
v -0.0107985074 -0.00585009437 -0.00991885364
v -0.00424232753 0.00871723238 -0.00761188986
v -0.00508648623 0.00935428962 -0.00792703405
v -0.00483289268 0.00952331536 -0.00859819353
v -0.00580782024 0.00978679303 -0.008563268
v -0.00531087862 0.00981967617 -0.00937588699
v -0.00600792561 0.00939319748 -0.00762051577
v -0.00624677725 0.00995255541 -0.00945757888
v -0.00676778797 0.00966812205 -0.00821586326
v -0.00677784299 0.00987589452 -0.0089428518
v -0.0095166387 -0.00440535555 -0.00348489266
v -0.00869151857 -0.00454383856 -0.00362338778
v -0.00922885071 -0.00575058581 -0.00347220176
v -0.009931162 -0.00563208573 -0.00333021628
v -0.00948184449 -0.00667599682 -0.00382578839
v -0.0102208396 -0.00654192455 -0.00363338948
v -0.0105405971 -0.00539896358 -0.00338853104
v -0.00966816582 -0.00153127906 -0.004200859
v -0.0109427571 -0.0063683521 -0.00378434896
v -0.00600792561 0.00939319748 -0.00762051577
v -0.00755122583 0.00914508104 -0.00756083708
v -0.00676778797 0.00966812205 -0.00821586326
v -0.00789252389 0.00952505227 -0.00875528064
v -0.00893383287 0.00886839163 -0.00858484022
v -0.00972388871 0.00832333509 -0.00993727148
v -0.00893383287 0.00886839163 -0.00858484022
v -0.00993715972 0.00798888598 -0.00861878414
v -0.010617475 0.00723370165 -0.0102157993
v -0.00899991114 0.00855924468 -0.0110933138
v -0.00876301434 0.00913299527 -0.00961916894
v -0.00972388871 0.00832333509 -0.00993727148
v -0.00819124561 0.00931389071 -0.0105198622
v -0.00786629599 0.00868356228 -0.0118952794
v -0.00843982026 0.00766958576 -0.0125392554
v -0.00977321062 0.00750508672 -0.0115812011
v -0.0108853132 -0.0047892509 -0.0110750366
v -0.0120291878 -0.00346902246 -0.0110839456
v -0.0117840907 -0.00476752128 -0.0102748489
v -0.0108944094 -0.00350405439 -0.0120213646
v -0.0115089808 -0.0019888794 -0.0122793838
v -0.012630336 -0.0020465625 -0.0109785413
v -0.0100238984 -0.0021247596 -0.0130052185
v -0.0120764822 -0.000389397144 -0.012087075
v -0.0106061548 -0.00042325852 -0.013167236
v -0.0115238745 0.00128352642 -0.0125939893
v -0.0106555102 0.00205204659 -0.0131717324
v -0.00978550129 0.00196136045 -0.0135554411
v -0.0111772185 0.00299680582 -0.0126245683
v -0.0107155526 0.0046706507 -0.0125059104
v -0.00907429401 0.00474899635 -0.0134346383
v -0.00994404312 0.00472385436 -0.0130527206
v -0.00980431773 0.00625922624 -0.0125513719
v -0.0108853132 -0.0047892509 -0.0110750366
v -0.0107985074 -0.00585009437 -0.00991885364
v -0.00954763405 -0.00496656168 -0.01145571
v -0.00967990421 -0.00601348048 -0.0101579661
v -0.00828570314 -0.00531853177 -0.0109912986
v -0.0103089297 -0.00666670315 -0.00873807166
v -0.00869146176 -0.0063337218 -0.00960274693
v 0.00659238966 0.00771454908 -0.0128990309
v 0.00539965741 0.00762845622 -0.0126912827
v 0.00564344507 0.00635813596 -0.0131797837
v 0.00657118717 0.00639418699 -0.013374934
v 0.00603461917 0.00422017369 -0.0134742018
v 0.00692693703 0.00473478436 -0.0136344284
v 0.00748915598 0.00638259389 -0.0133577771
v 0.00789942499 0.00475284364 -0.0136332512
v 0.00837050751 0.00634532655 -0.0131507395
v 0.00760378595 0.00159773766 -0.0137530081
v 0.00676322402 0.000833457685 -0.0135273598
v 0.00683145318 -0.000959854689 -0.0132668251
v 0.00859798584 -0.000654202711 -0.0135682244
v 0.00860229321 0.0018030107 -0.013753619
v 0.00819268264 -0.00237285602 -0.0130884619
v 0.00700851111 -0.0026694308 -0.0126902889
v 0.00793794356 -0.00395883294 -0.0122118974
v 0.0093157161 -0.00369138829 -0.0124006988
v 0.00978607126 -0.0021247582 -0.0130052185
v 0.0103683267 -0.000423257938 -0.013167236
v 0.00954767317 0.00196136162 -0.0135554411
v 0.00883646682 0.00474899635 -0.0134346383
v 0.009706215 0.00472385436 -0.0130527206
v 0.00489096018 0.00920202676 -0.0111234849
v 0.00394743262 0.00894100685 -0.010469785
v 0.0039153886 0.00826485548 -0.0112504261
v 0.00487571815 0.00851645693 -0.011888532
v 0.00381597714 0.00729773706 -0.0117400717
v 0.00311291986 0.00792287476 -0.0103831505
v 0.00458007166 0.00750419917 -0.0123093389
v 0.00539965741 0.00762845622 -0.0126912827
v 0.00285253138 0.00688013341 -0.010660205
v 0.00262132008 0.00751980348 -0.00942945015
v 0.00213732012 0.0061985217 -0.00913496036
v 0.00473462464 0.00624147756 -0.0127534484
v 0.00564344507 0.00635813596 -0.0131797837
v 0.00388328405 0.00602046819 -0.0121061755
v 0.00281526451 0.00554722734 -0.0108992336
v 0.00202328549 0.00476033427 -0.00921146106
v 0.00248567061 0.00338805304 -0.0102238413
v 0.0051003946 0.00400357693 -0.0130526107
v 0.00603461917 0.00422017369 -0.0134742018
v 0.00536708347 0.000656311517 -0.0129261296
v 0.00676322402 0.000833457685 -0.0135273598
v 0.00683145318 -0.000959854689 -0.0132668251
v 0.00422349246 0.00359396916 -0.012410094
v 0.00351687218 0.00299704005 -0.0116704367
v 0.00290935091 0.0014680624 -0.0105004068
v 0.00429863669 0.000162022712 -0.0119417589
v 0.00348711573 -0.000343549851 -0.0107152555
v 0.00527939294 -0.00142273004 -0.0123007819
v 0.00700851111 -0.0026694308 -0.0126902889
v 0.00419142283 -0.00197776314 -0.010765776
v 0.00599260489 -0.00300333742 -0.01198461
v 0.00793794356 -0.00395883294 -0.0122118974
v 0.00502861617 -0.00346702803 -0.0105923936
v 0.00677757245 -0.00436549075 -0.0114177084
v 0.00597501639 -0.00477751344 -0.0101750614
v 0.00677757245 -0.00436549075 -0.0114177084
v 0.00853877142 -0.00516990758 -0.0112572378
v 0.00793794356 -0.00395883294 -0.0122118974
v 0.0076036104 -0.00549361436 -0.0105901547
v 0.00597501639 -0.00477751344 -0.0101750614
v 0.0039153886 0.00826485548 -0.0112504261
v 0.00394743262 0.00894100685 -0.010469785
v 0.00311291986 0.00792287476 -0.0103831505
v 0.0032559284 0.0085488921 -0.0095428396
v 0.00262132008 0.00751980348 -0.00942945015
v 0.00299992552 0.00817290228 -0.00853472669
v 0.00377302687 0.00910432357 -0.00893454812
v 0.00242225849 0.00714606885 -0.00848246831
v 0.00213732012 0.0061985217 -0.00913496036
v 0.00213053962 0.00565528637 -0.00778258778
v 0.00202328549 0.00476033427 -0.00921146106
v 0.00202161632 0.00415404746 -0.0077622151
v 0.00214677257 0.00284520746 -0.0090229651
v 0.00248567061 0.00338805304 -0.0102238413
v 0.00290935091 0.0014680624 -0.0105004068
v 0.00214066077 0.00250992598 -0.00822217483
v 0.00232462026 0.00223256461 -0.00744963624
v 0.00254732929 0.000996305374 -0.00924899336
v 0.00348711573 -0.000343549851 -0.0107152555
v 0.00252916384 0.000688453903 -0.0084075518
v 0.00304731331 -0.000883536297 -0.008969469
v 0.00419142283 -0.00197776314 -0.010765776
v 0.00270126108 0.000434778311 -0.00759184593
v 0.0026862002 0.00201748777 -0.00672158459
v 0.00305301649 0.000241731992 -0.00681999885
v 0.00325156655 -0.00126298598 -0.00772856688
v 0.0039010467 -0.00225433591 -0.00695029739
v 0.00377573725 -0.00247519021 -0.00904084649
v 0.00502861617 -0.00346702803 -0.0105923936
v 0.00396705978 -0.00282059307 -0.00778025389
v 0.00492527848 -0.00428057555 -0.00724693527
v 0.00466463482 -0.00392435445 -0.00893736072
v 0.00597501639 -0.00477751344 -0.0101750614
v 0.00568319485 -0.00517928461 -0.00864250865
v 0.00594489509 -0.00551622594 -0.0069795344
v 0.00581525592 -0.00453372719 -0.00558834756
v 0.00675748289 -0.00575745944 -0.00533323269
v 0.00597501639 -0.00477751344 -0.0101750614
v 0.00699006952 -0.00582997408 -0.00953860953
v 0.0076036104 -0.00549361436 -0.0105901547
v 0.00568319485 -0.00517928461 -0.00864250865
v 0.00677664159 -0.00615543453 -0.00819913577
v 0.00594489509 -0.00551622594 -0.0069795344
v 0.0078606857 -0.00682426663 -0.00770814624
v 0.00842785742 -0.00634945836 -0.00956407283
v 0.00701479102 -0.00643940922 -0.00669789081
v 0.00675748289 -0.00575745944 -0.00533323269
v 0.00768328272 -0.00663928036 -0.00527671073
v 0.00828759279 -0.00710228784 -0.00604420155
v 0.00899379514 -0.0072125718 -0.00704190461
v 0.00924825668 -0.00689155189 -0.00836929027
v 0.00962561462 -0.00734411227 -0.0058713411
v 0.00887421053 -0.00719307177 -0.00514434092
v 0.0086788293 -0.00670764688 -0.00417784462
v 0.00958358124 -0.00717850914 -0.00461066468
v 0.0097800279 -0.00658334373 -0.00363768102
v 0.00731339818 0.00914508104 -0.00756083708
v 0.00869600661 0.00886839163 -0.00858484022
v 0.00844450668 0.00854930561 -0.00757801021
v 0.0076546967 0.00952505227 -0.00875528064
v 0.00852518808 0.00913299527 -0.00961916894
v 0.00948606152 0.00832333509 -0.00993727148
v 0.00969932973 0.00798888877 -0.008618786
v 0.00076406158 0.0159316864 -0.00354113569
v 0.000274946186 0.0166528635 -0.002651894
v 0.00123726705 0.0168025307 -0.00287520397
v -0.000302845001 0.0158919282 -0.00348166702
v -0.000730129599 0.0165495612 -0.00279741292
v -0.00160723052 0.0165124219 -0.00328486436
v 0.000643907639 0.0156249115 -0.00422306545
v 0.00180389604 0.0161577314 -0.00402508024
v 0.00123513199 0.0156809501 -0.00483420584
v 0.000129692475 0.015496661 -0.00511802919
v -0.000308531511 0.0155635355 -0.00446996931
v -0.00109730789 0.0157875475 -0.00421096059
v -0.00100796774 0.0156908315 -0.00512632588
v -0.0022239259 0.0165510885 -0.00403142208
v -0.00234298548 0.0172257666 -0.00334774004
v -0.00224410743 0.0163565725 -0.00478287693
v -0.00199567294 0.0164096057 -0.00582047226
v 0.00217801472 0.0170031302 -0.0036028123
v 0.00142366684 0.0181632284 -0.00259265653
v 0.00219387934 0.0180725418 -0.00344955432
v 0.001738352 0.0191696938 -0.00327077624
v 0.00234160409 0.0188020431 -0.00432667974
v 0.00169664435 0.0198375192 -0.00412834855
v 0.00113171048 0.0190493725 -0.00258289091
v 0.000347253896 0.0186003204 -0.00210198876
v 0.00106531929 0.0200835411 -0.00332097057
v 0.00083590037 0.0205994975 -0.00407945877
v 0.000553879829 0.0199167468 -0.00272799004
v -8.63078749E-05 0.0206403937 -0.00325174793
v 0.00234160409 0.0188020431 -0.00432667974
v 0.00169664435 0.0198375192 -0.00412834855
v 0.0019703852 0.0194658693 -0.00545604434
v 0.00247473386 0.0183795318 -0.00545892213
v 0.00263432367 0.0176953226 -0.00456244685
v 0.00249801623 0.0173465125 -0.00571779022
v 0.00244883262 0.0167381801 -0.00473699579
v 0.0021081341 0.0164385792 -0.00562141882
v -0.0007462785 0.0208795741 -0.00369260297
v -0.00175143091 0.0206060223 -0.00372554781
v -0.00147955306 0.0208559334 -0.00412645563
v -0.000903272477 0.0204939265 -0.0030164693
v -8.63078749E-05 0.0206403937 -0.00325174793
v -0.00177713833 0.0200009048 -0.0029522751
v -0.00235679466 0.0201310478 -0.00381789682
v -0.00244723679 0.0202582646 -0.00479662418
v -0.00185144227 0.0207251403 -0.0047499896
v 0.00247473386 0.0183795318 -0.00545892213
v 0.0019431269 0.0187673364 -0.0062844418
v 0.00249801623 0.0173465125 -0.00571779022
v 0.00159699633 0.0180442035 -0.00683691492
v 0.00101372588 0.0190537889 -0.006888723
v 2.58992695E-05 0.0187184848 -0.007337966
v 0.000890773663 0.0174135845 -0.00713401288
v 0.00187365361 0.0169085674 -0.00638722628
v 0.0021081341 0.0164385792 -0.00562141882
v 0.00125932868 0.0164055638 -0.00648047682
v 0.000853380421 0.0157808308 -0.00586568331
v 0.0021081341 0.0164385792 -0.00562141882
v 0.00125932868 0.0164055638 -0.00648047682
v 0.00184500078 0.0160344057 -0.00518332236
v 0.00123513199 0.0156809501 -0.00483420584
v 0.000129692475 0.015496661 -0.00511802919
v 3.19505561E-05 0.0160149336 -0.00642364006
v -0.000853662088 0.0158323124 -0.005888958
v -0.00153259782 0.0167001057 -0.00666878186
v -0.00199567294 0.0164096057 -0.00582047226
v -0.00100796774 0.0156908315 -0.00512632588
v -0.000308531511 0.0155635355 -0.00446996931
v -2.03952277E-05 0.0202141777 -0.00647677388
v -0.000937553297 0.0201191604 -0.00661877356
v 2.58992695E-05 0.0187184848 -0.007337966
v -0.00119037449 0.0188472364 -0.00722843409
v -0.00207987311 0.01964177 -0.00650498597
v -0.00176692242 0.0201619677 -0.00623398507
v -0.00126512907 0.0208368972 -0.00543597946
v -0.0021745686 0.0203722287 -0.00544760469
v 2.58992695E-05 0.0187184848 -0.007337966
v -0.0009537976 0.0180437621 -0.0073402999
v -0.000141493176 0.0173223019 -0.00729729142
v -0.00119037449 0.0188472364 -0.00722843409
v -0.0009537976 0.0180437621 -0.0073402999
v -0.0019370669 0.0178650748 -0.00694250315
v -0.0011368033 0.0171825141 -0.007109439
v -0.000141493176 0.0173223019 -0.00729729142
v 0.000116461437 0.0165892486 -0.0069575808
v -0.00153259782 0.0167001057 -0.00666878186
v 3.19505561E-05 0.0160149336 -0.00642364006
v 0.000890773663 0.0174135845 -0.00713401288
v 2.58992695E-05 0.0187184848 -0.007337966
v 0.00125932868 0.0164055638 -0.00648047682
v 0.000853380421 0.0157808308 -0.00586568331
v -0.00176692242 0.0201619677 -0.00623398507
v -0.0021745686 0.0203722287 -0.00544760469
v -0.00207987311 0.01964177 -0.00650498597
v -0.00276388391 0.0194710754 -0.00571878906
v -0.00244723679 0.0202582646 -0.00479662418
v -0.00281141046 0.018526081 -0.00612493511
v -0.00216852059 0.0186620224 -0.00682013994
v -0.00251374068 0.0174042713 -0.00625235308
v -0.00119037449 0.0188472364 -0.00722843409
v -0.0019370669 0.0178650748 -0.00694250315
v -0.0009537976 0.0180437621 -0.0073402999
v -0.00251374068 0.0174042713 -0.00625235308
v -0.00282098656 0.0172298886 -0.00534959789
v -0.00199567294 0.0164096057 -0.00582047226
v -0.00224410743 0.0163565725 -0.00478287693
v -0.0030773445 0.0180927925 -0.00436539622
v -0.00268498296 0.0179999042 -0.00337920175
v -0.00282276212 0.0173144676 -0.00428699702
v -0.00282098656 0.0172298886 -0.00534959789
v -0.00224410743 0.0163565725 -0.00478287693
v -0.0022239259 0.0165510885 -0.00403142208
v -0.00234298548 0.0172257666 -0.00334774004
v -0.00309574325 0.0182935726 -0.00541246636
v -0.00251374068 0.0174042713 -0.00625235308
v -0.00281141046 0.018526081 -0.00612493511
v -0.00276388391 0.0194710754 -0.00571878906
v -0.002989545 0.0192872193 -0.00488103135
v -0.00286931335 0.0191337336 -0.00394725055
v -0.00244723679 0.0202582646 -0.00479662418
v -0.00235679466 0.0201310478 -0.00381789682
v -0.00160723052 0.0165124219 -0.00328486436
v -0.00234298548 0.0172257666 -0.00334774004
v -0.00187399262 0.0176675804 -0.00259766565
v -0.000730129599 0.0165495612 -0.00279741292
v -0.000478151836 0.0173037015 -0.00228250748
v -0.00123319367 0.018039491 -0.00220869062
v -8.27395925E-05 0.0178962462 -0.00206885813
v 0.000274946186 0.0166528635 -0.002651894
v 0.0011095847 0.0175448079 -0.00249706255
v 0.00123726705 0.0168025307 -0.00287520397
v -0.00187399262 0.0176675804 -0.00259766565
v -0.00176111655 0.0190954469 -0.00248531345
v -0.00123319367 0.018039491 -0.00220869062
v -0.000967173779 0.0194164999 -0.00223743916
v -0.00177713833 0.0200009048 -0.0029522751
v -8.27395925E-05 0.0178962462 -0.00206885813
v -0.000903272477 0.0204939265 -0.0030164693
v 0.000347253896 0.0186003204 -0.00210198876
v 0.0011095847 0.0175448079 -0.00249706255
v -0.000176028916 0.0197652448 -0.00238997443
v -8.63078749E-05 0.0206403937 -0.00325174793
v 0.000553879829 0.0199167468 -0.00272799004
v 0.00113171048 0.0190493725 -0.00258289091
v 0.00169664435 0.0198375192 -0.00412834855
v 0.00125407078 0.0203156937 -0.00511869648
v 0.0019703852 0.0194658693 -0.00545604434
v 0.000774676795 0.0202459339 -0.00603418797
v 3.92199872E-05 0.0209469981 -0.00492636673
v 0.00083590037 0.0205994975 -0.00407945877
v -0.000172019398 0.0208285395 -0.00550480373
v -2.03952277E-05 0.0202141777 -0.00647677388
v 0.0019431269 0.0187673364 -0.0062844418
v 0.00247473386 0.0183795318 -0.00545892213
v 0.00101372588 0.0190537889 -0.006888723
v 2.58992695E-05 0.0187184848 -0.007337966
v -0.000937553297 0.0201191604 -0.00661877356
v -2.03952277E-05 0.0202141777 -0.00647677388
v -0.000172019398 0.0208285395 -0.00550480373
v -0.00126512907 0.0208368972 -0.00543597946
v 3.92199872E-05 0.0209469981 -0.00492636673
v -0.000973115035 0.0210227612 -0.00450740801
v -0.000186757927 0.0209768582 -0.00417549582
v 0.00083590037 0.0205994975 -0.00407945877
v -8.63078749E-05 0.0206403937 -0.00325174793
v -0.0007462785 0.0208795741 -0.00369260297
v -0.00147955306 0.0208559334 -0.00412645563
v -0.00185144227 0.0207251403 -0.0047499896
v -0.00175143091 0.0206060223 -0.00372554781
v -0.0021745686 0.0203722287 -0.00544760469
v -0.00244723679 0.0202582646 -0.00479662418
v -0.0019370669 0.0178650748 -0.00694250315
v -0.00153259782 0.0167001057 -0.00666878186
v -0.0011368033 0.0171825141 -0.007109439
v -0.00251374068 0.0174042713 -0.00625235308
v -0.00199567294 0.0164096057 -0.00582047226
v -0.00268498296 0.0179999042 -0.00337920175
v -0.0030773445 0.0180927925 -0.00436539622
v -0.00286931335 0.0191337336 -0.00394725055
v -0.0024257754 0.0190784745 -0.00308233011
v -0.00235679466 0.0201310478 -0.00381789682
v -0.00177713833 0.0200009048 -0.0029522751
v -0.00176111655 0.0190954469 -0.00248531345
v -0.00187399262 0.0176675804 -0.00259766565
v -0.00234298548 0.0172257666 -0.00334774004
v -0.00282276212 0.0173144676 -0.00428699702
v 0.00311964354 0.0168505944 0.00705782976
v 0.00468024286 0.0161904693 0.00706814975
v 0.00519492477 0.016557144 0.00898551289
v 0.00263686711 0.0159003753 0.00539238937
v 0.00126437098 0.0162373465 0.00539676659
v 0.0015069833 0.0172576942 0.00705015147
v -0.000118912008 0.0163461082 0.00540020689
v 0.00397140952 0.015325713 0.00539482804
v 0.00612544036 0.0153196855 0.0070612845
v 0.00521842111 0.0145350061 0.00539541245
v 0.00738799851 0.0142677706 0.00701191509
v 0.0063167843 0.0135653326 0.00536720268
v 0.00841632858 0.0130267749 0.00690575363
v 0.0072141015 0.0124228941 0.00528853154
v 0.00410929741 0.0131904101 0.00410097605
v 0.00496529229 0.0123402709 0.00407975167
v 0.00313426065 0.0138690565 0.00410797354
v 0.00208329991 0.014352181 0.00411562901
v 0.000991001725 0.0146341641 0.00412539719
v -0.000118913646 0.0147258127 0.00413001282
v -0.00122882659 0.0146341585 0.00412539719
v -0.00150219537 0.0162373427 0.00539677124
v -0.00232112408 0.0143521754 0.00411563134
v -0.00287469104 0.0159003735 0.00539238937
v -0.00337208412 0.0138690518 0.00410797121
v -0.00174480677 0.0172576886 0.00705014821
v -0.00420923205 0.0153257083 0.00539483037
v -0.00434711901 0.0131904082 0.00410097605
v -0.00545624364 0.0145350071 0.00539540779
v -0.00335746515 0.0168505907 0.00705782743
v -0.00193904608 0.0177709013 0.00897598825
v -0.00372731755 0.0173023939 0.00898325164
v -0.00491806399 0.0161904674 0.00706814881
v -0.00636326009 0.0153196836 0.00706128357
v -0.0065546101 0.0135653326 0.00536720268
v -0.00762581825 0.0142677687 0.00701191509
v -0.00543274824 0.0165571421 0.00898551196
v -0.00394818373 0.0174215306 0.0110276239
v -0.00698893052 0.0155751975 0.00896424241
v -0.0057250401 0.0165972412 0.0110185118
v 0.00259480625 0.0140724797 0.0201244168
v 0.00382000464 0.0134286135 0.02011168
v 0.00295898365 0.0121329222 0.0212125145
v 0.00379378977 0.0114525389 0.0211948249
v 0.00489242282 0.0125622647 0.020092966
v 0.00255574193 0.0102069397 0.0218996201
v 0.00301919016 0.0096372636 0.0218750481
v 0.00447355816 0.0106239384 0.0211703684
v 0.00335782557 0.00898780487 0.0218426827
v 0.00497029629 0.00967915542 0.021137109
v 0.00355855841 0.00828376692 0.021801224
v 0.00526299234 0.00865460001 0.0210917592
v 0.00146794296 0.00858111028 0.0221754275
v 0.00164116127 0.00825093221 0.0221512578
v 0.00174583495 0.00789295323 0.0221227072
v 0.00123263046 0.00887069479 0.0221950449
v 0.00198591501 0.0106747365 0.0219176095
v -0.000118915828 0.00750620337 0.0221696701
v 0.00177834299 0.00752103375 0.0220902506
v 0.000944248866 0.0091084633 0.0222101174
v 0.00173796783 0.00714956131 0.0220548082
v 0.0036146252 0.00755253062 0.0217497591
v 0.00352620543 0.00682264054 0.021688737
v 0.0016268132 0.00679287408 0.0220177546
v 0.00144956843 0.00646468252 0.0219809171
v 0.00133247417 0.0110224914 0.0219298955
v 0.00200277613 0.0126387049 0.0212245826
v 0.000614029879 0.00928520318 0.0222207587
v 0.000963159604 0.0129502555 0.0212316327
v 0.00126465166 0.0144690238 0.0201318022
v -0.000118913646 0.0146029294 0.0201342274
v 0.000621453742 0.0112367012 0.0219370592
v -0.000118913646 0.0130554661 0.0212339517
v -0.0015024764 0.0144690201 0.0201318022
v 0.000254928804 0.00939406268 0.0222270824
v -0.00120098493 0.0129502509 0.021231629
v -0.00283263042 0.0140724797 0.0201244168
v -0.000118913646 0.0113090444 0.0219394099
v -0.000118913646 0.00943082571 0.0222291853
v -0.00224060053 0.0126386993 0.0212245826
v -0.00405782927 0.0134286135 0.02011168
v -0.00319680781 0.0121329185 0.0212125145
v -0.000859279709 0.0112366956 0.0219370574
v -0.000492755556 0.00939406175 0.0222270824
v -0.000851856254 0.00928520225 0.0222207587
v -0.00118207454 0.00910846237 0.0222101174
v -0.0015702995 0.0110224867 0.0219298955
v -0.0022237401 0.0106747337 0.0219176095
v -0.004031613 0.0114525361 0.0211948249
v -0.00279356446 0.0102069397 0.0218996201
v -0.00471138163 0.0106239384 0.0211703684
v -0.00147045555 0.00887069292 0.0221950449
v -0.00325701339 0.00963726174 0.0218750481
v -0.00520812022 0.00967915449 0.021137109
v -0.00170576863 0.00858111028 0.0221754275
v -0.00359564926 0.00898780301 0.0218426827
v -0.00187898695 0.00825093221 0.0221512578
v -0.00550081674 0.00865459908 0.0210917592
v -0.00704374397 0.00899588317 0.0199841503
v -0.00379638327 0.00828376692 0.0218012184
v -0.00557726528 0.00758976815 0.0210301951
v -0.00198366051 0.00789295323 0.0221227054
v -0.00385244936 0.00755253062 0.0217497591
v -0.00201616879 0.00752103375 0.0220902506
v -0.00543690706 0.00652616192 0.0209497381
v -0.00698892772 0.00627299352 0.0198253244
v -0.00197579409 0.00714956224 0.0220548082
v -0.00186463899 0.00679287501 0.0220177546
v -0.00168739492 0.00646468345 0.0219809171
v -0.00376402959 0.00682264194 0.021688737
v -0.00655100262 0.00496302592 0.0197093748
v -0.00792694837 0.00451444788 0.0182309411
v -0.00715497229 0.00307240128 0.0181120168
v -0.00353800505 0.00612269528 0.0216207858
v -0.00509363879 0.00550612714 0.0208535884
v -0.00318631204 0.00548009435 0.0215506628
v -0.00588009227 0.00376142072 0.0195858553
v -0.00457392214 0.00457110396 0.0207539313
v -0.00272349059 0.00491973106 0.021483928
v -0.00390515313 0.003759393 0.0206654444
v -0.0050220713 0.00272296485 0.019481862
v -0.00611923495 0.00182794034 0.018004505
v -0.00709828408 0.00109517993 0.016242208
v -0.0082779713 0.00253278017 0.0163335744
v -0.00485782651 0.000856523518 0.0179074481
v -0.00399700552 0.00189742621 0.0194014944
v -0.00310430815 0.00310349581 0.0205932092
v -0.00281211524 0.00131859118 0.0193292946
v -0.00218592538 0.00262639881 0.0205354802
v -0.00145104877 0.00617752224 0.0219464172
v -0.00216531847 0.00446271524 0.0214254614
v -0.0015297815 0.00412537623 0.0213793181
v -0.00117699744 0.00233914913 0.0204952713
v -0.00116459629 0.00594226457 0.0219165031
v -0.00083887059 0.00391884241 0.0213493947
v -0.000118913442 0.00224361359 0.0204804502
v -0.000838772801 0.00576772634 0.0218933001
v -0.000118913311 0.00384934479 0.0213389825
v 0.000939170946 0.00233914913 0.0204952713
v -0.000485782948 0.00566037232 0.0218785703
v 0.000601043692 0.00391884148 0.0213493947
v 0.00194809865 0.00262639928 0.0205354802
v -0.000118913726 0.0056241476 0.0218735281
v 0.000247955584 0.00566037232 0.0218785703
v 0.000600945728 0.00576772634 0.0218933001
v 0.00129195559 0.00412537483 0.0213793218
v 0.00286648166 0.00310349581 0.0205932092
v 0.00192749198 0.00446271338 0.0214254595
v 0.000926769455 0.00594226457 0.0219165031
v 0.00366732711 0.0037593923 0.0206654444
v 0.00248566479 0.00491973013 0.021483928
v 0.00433609681 0.00457110396 0.0207539313
v 0.00345293479 0.016220497 0.0169915818
v 0.00453373883 0.0145216007 0.0186752491
v 0.00308442791 0.0152771277 0.0186897181
v 0.005073315 0.0153859109 0.0169751681
v 0.00580626167 0.0135043953 0.0186531637
v 0.00489242282 0.0125622647 0.020092966
v 0.00382000464 0.0134286135 0.02011168
v 0.00650117034 0.0142613547 0.0169484634
v 0.0054195472 0.016012663 0.0150849102
v 0.00695404969 0.0148330545 0.0150541449
v 0.0068533835 0.0122639341 0.0186216831
v 0.00576973287 0.011506808 0.0200671554
v 0.00641663466 0.0103027532 0.0200321712
v 0.00497029629 0.00967915542 0.021137109
v 0.00768352207 0.0128875347 0.0169080608
v 0.00763554266 0.0108468505 0.018578345
v 0.00823411904 0.01338844 0.0150043266
v 0.0071515399 0.015237553 0.013043589
v 0.00857826229 0.0113136405 0.0168499611
v 0.00849143974 0.0137969591 0.0129858945
v 0.00708688283 0.0154957986 0.0109884106
v 0.0084490981 0.0141433906 0.0109257381
v 0.0092161214 0.0117254946 0.014929235
v 0.00812393799 0.00930581801 0.0185197331
v 0.00680592097 0.00899588317 0.0199841503
v 0.009156988 0.00959547516 0.0167704094
v 0.0083005866 0.00769704208 0.0184421837
v 0.00987201091 0.0098975664 0.0148232598
v 0.00953516737 0.0121263163 0.0128946397
v 0.0102551943 0.0102675864 0.0127610248
v 0.00952785462 0.0125598237 0.0108209485
v 0.00809378456 0.0143779134 0.00890228059
v 0.00917461887 0.0129658477 0.00878951512
v 0.00489242282 0.0125622647 0.020092966
v 0.00447355816 0.0106239384 0.0211703684
v 0.00379378977 0.0114525389 0.0211948249
v 0.00576973287 0.011506808 0.0200671554
v 0.00580626167 0.0135043953 0.0186531637
v 0.00497029629 0.00967915542 0.021137109
v 0.00641663466 0.0103027532 0.0200321712
v 0.00526299234 0.00865460001 0.0210917592
v 0.00680592097 0.00899588317 0.0199841503
v 0.00763554266 0.0108468505 0.018578345
v 0.0068533835 0.0122639341 0.0186216831
v 0.00533943949 0.00758976722 0.0210301951
v 0.0036146252 0.00755253062 0.0217497591
v 0.00355855841 0.00828376692 0.021801224
v 0.00352620543 0.00682264054 0.021688737
v 0.00738799851 0.0142677706 0.00701191509
v 0.00841632858 0.0130267749 0.00690575363
v 0.00917461887 0.0129658477 0.00878951512
v 0.00809378456 0.0143779134 0.00890228059
v 0.00612544036 0.0153196855 0.0070612845
v 0.00675110519 0.0155752013 0.00896424428
v 0.00468024286 0.0161904693 0.00706814975
v 0.0084490981 0.0141433906 0.0109257381
v 0.00519492477 0.016557144 0.00898551289
v 0.00708688283 0.0154957986 0.0109884106
v 0.00548721943 0.0165972468 0.0110185118
v 0.0071515399 0.015237553 0.013043589
v 0.00348949176 0.0173023995 0.00898325164
v 0.00311964354 0.0168505944 0.00705782976
v 0.0015069833 0.0172576942 0.00705015147
v 0.00556002464 0.0164109524 0.0130761098
v 0.00695404969 0.0148330545 0.0150541449
v 0.0054195472 0.016012663 0.0150849102
v 0.00371036259 0.0174215324 0.011027622
v 0.0017012204 0.0177709069 0.00897599105
v 0.00377457496 0.0172828119 0.0130916191
v -0.000118910873 0.0173927974 0.00704864366
v -0.000118912008 0.0163461082 0.00540020689
v -0.00150219537 0.0162373427 0.00539677124
v -0.00174480677 0.0172576886 0.00705014821
v -0.000118913013 0.0179298576 0.00897327065
v -0.00193904608 0.0177709013 0.00897598825
v 0.00182165112 0.0179352649 0.0110279089
v 0.00368633796 0.016887743 0.0151022077
v 0.005073315 0.0153859109 0.0169751681
v 0.00345293479 0.016220497 0.0169915818
v -0.000118913646 0.0181098636 0.0110272905
v 0.00185976468 0.0178216696 0.0130975721
v 0.00181782083 0.0174268018 0.0151105905
v 0.00170052319 0.0167342573 0.0170003213
v -0.00205947389 0.0179352555 0.011027908
v -0.00372731755 0.0173023939 0.00898325164
v -0.00394818373 0.0174215306 0.0110276239
v -0.000118913646 0.018004138 0.0130990045
v -0.000118913646 0.0176089387 0.0151130436
v -0.000118913646 0.0169077367 0.0170030445
v -0.0020975885 0.017821664 0.0130975721
v -0.00205564266 0.0174267925 0.0151105905
v -0.00193834945 0.0167342536 0.0170003194
v -0.00401239702 0.0172828082 0.0130916191
v -0.0057250401 0.0165972412 0.0110185118
v -0.00392415933 0.0168877356 0.0151022077
v -0.00579784717 0.0164109506 0.013076107
v -0.00565736881 0.0160126574 0.0150849102
v 0.00496529229 0.0123402709 0.00407975167
v 0.0072141015 0.0124228941 0.00528853154
v 0.0063167843 0.0135653326 0.00536720268
v 0.00566045986 0.0113397958 0.0040278146
v 0.00342193572 0.0108924508 0.00318772788
v 0.00284776557 0.0115166157 0.00321119768
v 0.00410929741 0.0131904101 0.00410097605
v 0.00218162779 0.0120175406 0.00322610838
v 0.00313426065 0.0138690565 0.00410797354
v 0.00144941383 0.012381224 0.0032362747
v 0.00208329991 0.014352181 0.00411562901
v 0.000675320509 0.0126004284 0.0032429623
v 0.000991001725 0.0146341641 0.00412539719
v -0.000118912794 0.0126734599 0.00324539654
v -0.000118913646 0.0147258127 0.00413001282
v -0.000913146476 0.0126004266 0.0032429623
v -0.00122882659 0.0146341585 0.00412539719
v -0.00168723904 0.0123812221 0.0032362747
v -0.00232112408 0.0143521754 0.00411563134
v -0.00241945242 0.0120175369 0.00322610838
v -0.00337208412 0.0138690518 0.00410797121
v -0.00308558927 0.0115166139 0.00321119535
v -0.00434711901 0.0131904082 0.00410097605
v -0.00365975965 0.0108924489 0.00318772788
v -0.00520311482 0.0123402691 0.00407975167
v -0.00411656732 0.0101635419 0.00315166474
v -0.0058982824 0.0113397958 0.0040278146
v -0.0001189135 0.0104253003 0.00269395113
v -0.000541027344 0.0103844069 0.00269238465
v -0.000118913646 0.00813945848 0.00244900468
v 0.000303200504 0.0103844088 0.00269238465
v -0.000949194189 0.0102629447 0.00268766168
v 0.000711367698 0.0102629466 0.00268766168
v -0.00132959487 0.0100645684 0.00267971028
v 0.0010917685 0.0100645693 0.00267971028
v -0.0016687481 0.00979547575 0.00266843801
v 0.00143092184 0.00979547761 0.00266843801
v -0.00195387634 0.00946442503 0.00265386584
v -0.00217339303 0.00908258744 0.00263625151
v -0.00231748074 0.00866333023 0.00261635776
v -0.00443330314 0.00935110636 0.00310193771
v -0.00237868866 0.00822190102 0.00259553432
v -0.00459100306 0.0084803272 0.00304229022
v 0.00171605032 0.00946442597 0.00265386584
v -0.0023525143 0.00777502032 0.00257551181
v 0.00387874315 0.0101635437 0.00315166474
v 0.00193556736 0.00908258837 0.00263625151
v -0.00223793485 0.00734031666 0.00255811214
v 0.00207965448 0.00866333023 0.00261635776
v -0.00457499363 0.00758261466 0.00298130745
v -0.00667554606 0.00893006567 0.0038162421
v -0.00670395233 0.00757478736 0.00367910368
v -0.00437619677 0.00669574365 0.00293055759
v -0.00645813625 0.00620345771 0.00355849741
v 0.00419548107 0.00935110729 0.00310193771
v 0.00616059219 0.0101983827 0.00393835548
v -0.0020378246 0.00693555176 0.00254471763
v -0.00399406953 0.00586107234 0.00290062907
v -0.00591828022 0.00490083126 0.0034931968
v -0.001759112 0.00657771621 0.00253588194
v -0.00344021409 0.00511922594 0.0028960323
v 0.00787192862 0.0110749453 0.00515238289
v 0.0091744978 0.011548779 0.00673666596
v 0.00841632858 0.0130267749 0.00690575363
v 0.00963256694 0.00976887345 0.00650033448
v 0.00825860072 0.00948719401 0.00496139284
v 0.00643772213 0.00893006474 0.0038162421
v 0.00435318006 0.0084803272 0.00304229255
v 0.00214086263 0.00822190102 0.00259553432
v 0.00433716876 0.00758261327 0.00298130512
v 0.00211468851 0.00777502125 0.00257551181
v 0.00413837144 0.00669574179 0.00293055759
v 0.00200010906 0.0073403162 0.00255811214
v 0.00179999776 0.00693555176 0.00254471763
v 0.00152128504 0.00657771435 0.00253588194
v 0.00117477681 0.00628207065 0.00253119459
v 0.0037562456 0.00586107001 0.00290062907
v 0.00320238783 0.00511922408 0.0028960323
v 0.00568045676 0.00490082987 0.00349319447
v 0.00622031093 0.00620345585 0.00355849741
v 0.00741919316 0.00398659706 0.00438501826
v 0.00485178921 0.00374686113 0.00350746629
v 0.00633094832 0.00241605099 0.00441936264
v 0.0048947921 0.0011840933 0.00459617609
v 0.00378341181 0.0028052812 0.00358712673
v 0.00250175688 0.00450584339 0.00291225896
v 0.00255377311 0.00211265497 0.00368743413
v 0.00327207381 0.000296936632 0.00480441563
v 0.00158186024 -0.000270047196 0.00496262079
v 0.00168916455 0.00404866552 0.0029377793
v 0.00123572571 0.00168669759 0.00376531598
v -0.000118913907 -0.000473147607 0.00502315024
v 0.000774583605 0.00606132485 0.00252945651
v 0.000803074508 0.00376684475 0.00295951846
v -0.000118913762 0.00154217065 0.00379428384
v 0.000337295933 0.00592496898 0.00252920389
v -0.000118913609 0.00367164845 0.00296792015
v -0.00181968836 -0.000270046003 0.00496262079
v -0.00204797764 -0.00195697369 0.00652052369
v -0.00401901128 -0.00123290415 0.00628705975
v -0.0014735522 0.00168669759 0.00376531598
v -0.0035099017 0.000296937214 0.00480441563
v -0.00595155265 -0.000228815668 0.00600384455
v -0.00513261743 0.00118409574 0.00459617609
v -0.000118913609 0.00587886013 0.0025292777
v -0.00104090176 0.00376684545 0.00295951846
v -0.00279160007 0.00211265683 0.00368743413
v -0.000575123122 0.00592496991 0.00252920389
v -0.00402123807 0.00280528353 0.00358712673
v -0.00656877505 0.00241605332 0.00441936264
v -0.00192699162 0.00404866552 0.0029377793
v -0.00101241004 0.00606132485 0.00252945651
v -0.00508961594 0.00374686299 0.00350746629
v -0.00765701896 0.00398659939 0.00438501826
v -0.00273958407 0.00450584525 0.00291225896
v -0.00141260307 0.00628207112 0.00253119459
v 0.00841632858 0.0130267749 0.00690575363
v 0.0091744978 0.011548779 0.00673666596
v 0.00996224489 0.0113197397 0.00861698296
v 0.00917461887 0.0129658477 0.00878951512
v 0.0091744978 0.011548779 0.00673666596
v 0.00963256694 0.00976887345 0.00650033448
v 0.0104356408 0.00940983556 0.00837367866
v 0.0105597079 0.00718415296 0.0080658067
v 0.00974836946 0.00763584161 0.00620950945
v 0.010832971 0.00658982759 0.0101622473
v 0.0105280215 0.00427556317 0.00988512393
v 0.0102752624 0.00472568395 0.00774937263
v 0.00972394831 0.00201064511 0.00971664675
v 0.00948953815 0.00232395646 0.00754834618
v 0.00825860072 0.00948719401 0.00496139284
v 0.00974836946 0.00763584161 0.00620950945
v 0.00963256694 0.00976887345 0.00650033448
v 0.00834062044 0.0076811295 0.00473350985
v 0.00643772213 0.00893006474 0.0038162421
v 0.00646612886 0.0075747869 0.00367910368
v 0.00435318006 0.0084803272 0.00304229255
v 0.00433716876 0.00758261327 0.00298130512
v 0.00622031093 0.00620345585 0.00355849741
v 0.00413837144 0.00669574179 0.00293055759
v 0.00807847269 0.00578882964 0.00451486558
v 0.00741919316 0.00398659706 0.00438501826
v 0.00947363582 0.0053015193 0.00591430673
v 0.0102752624 0.00472568395 0.00774937263
v 0.0105597079 0.00718415296 0.0080658067
v 0.00948953815 0.00232395646 0.00754834618
v 0.00873363111 0.00306489877 0.00572314253
v 0.00810653903 0.000307334645 0.00757293217
v 0.00744643481 0.00116340513 0.00575986365
v 0.00621947553 -0.00113477046 0.00779388519
v 0.00571372686 -0.000228816862 0.00600384455
v 0.00633094832 0.00241605099 0.00441936264
v 0.00568045676 0.00490082987 0.00349319447
v 0.0048947921 0.0011840933 0.00459617609
v 0.00378118269 -0.00123290776 0.00628705975
v 0.00327207381 0.000296936632 0.00480441563
v 0.00181014754 -0.00195697532 0.00652052369
v 0.00378341181 0.0028052812 0.00358712673
v 0.00485178921 0.00374686113 0.00350746629
v 0.00352620543 0.00682264054 0.021688737
v 0.00330017973 0.00612269342 0.0216207858
v 0.0016268132 0.00679287408 0.0220177546
v 0.00144956843 0.00646468252 0.0219809171
v 0.00294848694 0.00548009388 0.0215506647
v 0.00121322181 0.00617752178 0.0219464172
v -0.000118915828 0.00750620337 0.0221696701
v 0.00248566479 0.00491973013 0.021483928
v 0.00433609681 0.00457110396 0.0207539313
v 0.000926769455 0.00594226457 0.0219165031
v 0.000600945728 0.00576772634 0.0218933001
v 0.00588140963 0.00182793557 0.018004505
v 0.00375917996 0.00189742562 0.0194014981
v 0.00478424458 0.00272296299 0.0194818638
v 0.00286648166 0.00310349581 0.0205932092
v 0.00686045876 0.00109518168 0.016242208
v 0.00537875621 -2.56055591E-05 0.0161503647
v 0.00461999932 0.000856520492 0.0179074481
v 0.0031638511 0.000215890992 0.0178007223
v 0.00367004564 -0.0007421833 0.0160306357
v 0.00156197825 -9.84710423E-05 0.0176925994
v 0.00257428759 0.0013185906 0.0193292946
v 0.00375917996 0.00189742562 0.0194014981
v 0.00126230239 0.000989328604 0.0192687046
v 0.00194809865 0.00262639928 0.0205354802
v 0.00286648166 0.00310349581 0.0205932092
v 0.000939170946 0.00233914913 0.0204952713
v -0.000118913442 0.00224361359 0.0204804502
v -0.000118913871 0.000885121815 0.0192437004
v -0.000118914613 -0.000180207484 0.017642485
v -0.00117699744 0.00233914913 0.0204952713
v -0.00150013051 0.000989328022 0.0192687046
v -0.00218592538 0.00262639881 0.0205354802
v -0.00281211524 0.00131859118 0.0193292946
v -0.00340167922 0.000215893378 0.0178007241
v -0.00399700552 0.00189742621 0.0194014944
v -0.00485782651 0.000856523518 0.0179074481
v -0.00561658246 -2.56049625E-05 0.0161503647
v -0.00611923495 0.00182794034 0.018004505
v -0.00709828408 0.00109517993 0.016242208
v -0.00619773846 -0.000740715826 0.0141713042
v -0.00786331948 0.0005488139 0.0142160291
v -0.0082779713 0.00253278017 0.0163335744
v 0.00814323779 0.000202297568 0.0119977994
v 0.00595990987 -0.000740717631 0.0141713042
v 0.00762549369 0.000548812153 0.0142160291
v 0.00632562069 -0.00123518042 0.0120364921
v 0.00833343342 6.86979256E-05 0.00971881207
v 0.00642615976 -0.0014160549 0.00985641684
v 0.00810653903 0.000307334645 0.00757293217
v 0.00621947553 -0.00113477046 0.00779388519
v 0.00424886588 -0.00254107476 0.0100324787
v 0.00422710879 -0.0022858358 0.0120873107
v 0.00403532526 -0.00160911796 0.0141072888
v 0.00204553176 -0.00289462088 0.0121154841
v 0.00202817237 -0.00330801238 0.0101910466
v 0.00367004564 -0.0007421833 0.0160306357
v 0.00537875621 -2.56055591E-05 0.0161503647
v 0.00198230147 -0.00202567107 0.0140142702
v 0.00181385293 -0.00104657351 0.0158873908
v 0.00156197825 -9.84710423E-05 0.0176925994
v -0.000118914613 -0.000180207484 0.017642485
v -0.000118914781 -0.00307046878 0.0121202385
v -0.000118914955 -0.00357996929 0.0102607673
v -0.000118913202 -0.00110133702 0.0158135463
v -0.000118914613 -0.00212108251 0.0139620202
v -0.0017998066 -9.84692524E-05 0.0176925994
v -0.00150013051 0.000989328022 0.0192687046
v -0.00281211524 0.00131859118 0.0193292946
v -0.00340167922 0.000215893378 0.0178007241
v -0.00205167942 -0.00104657409 0.0158873908
v -0.00222013029 -0.00202566618 0.0140142702
v -0.0039078719 -0.000742183882 0.0160306357
v -0.00485782651 0.000856523518 0.0179074481
v -0.00561658246 -2.56049625E-05 0.0161503647
v -0.00427315431 -0.00160911551 0.0141072888
v -0.00619773846 -0.000740715826 0.0141713042
v -0.00228336104 -0.00289461971 0.0121154841
v -0.00446493877 -0.00228583207 0.0120873107
v -0.00226600096 -0.00330801122 0.0101910466
v -0.000118913464 -0.00338994968 0.00842598546
v -0.00656344974 -0.00123517809 0.0120364921
v -0.00786331948 0.0005488139 0.0142160291
v -0.00838106684 0.000202301133 0.0119977994
v -0.00666398741 -0.00141605141 0.00985641778
v -0.00448669493 -0.0025410736 0.0100324787
v -0.0021847703 -0.00303902966 0.00830727164
v -0.00433725771 -0.00221360312 0.0080615785
v -0.00645730179 -0.00113477046 0.00779388519
v -0.00401901128 -0.00123290415 0.00628705975
v -0.00595155265 -0.000228815668 0.00600384455
v -0.00204797764 -0.00195697369 0.00652052369
v -0.000118914133 -0.00225238805 0.00662272936
v 0.00181014754 -0.00195697532 0.00652052369
v 0.00194694439 -0.00303903222 0.00830727164
v 0.00378118269 -0.00123290776 0.00628705975
v 0.00181014754 -0.00195697532 0.00652052369
v 0.00194694439 -0.00303903222 0.00830727164
v 0.00409943145 -0.00221360312 0.00806157943
v 0.00571372686 -0.000228816862 0.00600384455
v 0.00621947553 -0.00113477046 0.00779388519
v 0.00424886588 -0.00254107476 0.0100324787
v 0.00202817237 -0.00330801238 0.0101910466
v -0.000118914955 -0.00357996929 0.0102607673
v -0.000118913464 -0.00338994968 0.00842598546
v 0.00327207381 0.000296936632 0.00480441563
v 0.00158186024 -0.000270047196 0.00496262079
v 0.00181014754 -0.00195697532 0.00652052369
v -0.000118914133 -0.00225238805 0.00662272936
v -0.000118913907 -0.000473147607 0.00502315024
v -0.00204797764 -0.00195697369 0.00652052369
v -0.00595155265 -0.000228815668 0.00600384455
v -0.00768426154 0.00116340991 0.00575986365
v -0.00834436528 0.000307335256 0.00757293217
v -0.00645730179 -0.00113477046 0.00779388519
v -0.00666398741 -0.00141605141 0.00985641778
v -0.00857125875 6.87003121E-05 0.00971881207
v -0.00838106684 0.000202301133 0.0119977994
v -0.00645730179 -0.00113477046 0.00779388519
v -0.00834436528 0.000307335256 0.00757293217
v -0.00838106684 0.000202301133 0.0119977994
v -0.0091438815 0.00217181561 0.014280715
v -0.00786331948 0.0005488139 0.0142160291
v -0.00973139238 0.00199925061 0.0120292204
v -0.00857125875 6.87003121E-05 0.00971881207
v -0.0099812746 0.00402052701 0.0143877547
v -0.00996177457 0.0020106493 0.00971664488
v -0.00834436528 0.000307335256 0.00757293217
v -0.00972736441 0.0023239553 0.00754834618
v -0.010555868 0.00404617423 0.0121595189
v -0.0103934808 0.00598139409 0.014531631
v -0.0107658468 0.00427556923 0.009885123
v -0.0105130877 0.00472568301 0.00774937263
v -0.010912518 0.00617511384 0.0123634078
v -0.0104265008 0.00796282105 0.0146862101
v -0.0110707963 0.00658983225 0.0101622473
v -0.0108771604 0.00826800242 0.0125797885
v -0.0101098344 0.00989756826 0.0148232598
v -0.0107975341 0.00718415249 0.0080658067
v -0.00971146021 0.00530152442 0.00591430673
v -0.00998619385 0.0076358458 0.00620951178
v -0.0109741809 0.00876834989 0.010441714
v -0.0104930196 0.0102675874 0.0127610248
v -0.009453943 0.0117254956 0.014929235
v -0.0106734652 0.00940983463 0.00837367866
v -0.00987038855 0.00976887718 0.00650033448
v -0.0105327005 0.0107621187 0.0106633343
v -0.00977298897 0.0121263191 0.0128946397
v -0.00847193785 0.0133884391 0.0150043247
v -0.00872926135 0.0137969591 0.0129858945
v -0.0102000702 0.0113197407 0.00861698296
v -0.0094123194 0.011548779 0.0067366669
v -0.00976567529 0.0125598246 0.0108209485
v -0.00941244327 0.0129658459 0.00878951326
v -0.00865414925 0.0130267739 0.0069057513
v -0.00868691877 0.0141433887 0.0109257372
v -0.00738936011 0.015237553 0.013043589
v -0.00732470257 0.0154957939 0.0109884106
v -0.00833161082 0.0143779106 0.00890228059
v -0.00762581825 0.0142677687 0.00701191509
v -0.00698893052 0.0155751975 0.00896424241
v -0.0082779713 0.00253278017 0.0163335744
v -0.00792694837 0.00451444788 0.0182309411
v -0.00715497229 0.00307240128 0.0181120168
v -0.00910117943 0.0041880589 0.0164381769
v -0.0091438815 0.00217181561 0.014280715
v -0.0099812746 0.00402052701 0.0143877547
v -0.00839389395 0.0060790563 0.0183446314
v -0.00698892772 0.00627299352 0.0198253244
v -0.00955079217 0.0059679579 0.0165537167
v -0.0103934808 0.00598139409 0.014531631
v -0.00715728663 0.00763539039 0.0199171342
v -0.00557726528 0.00758976815 0.0210301951
v -0.00550081674 0.00865459908 0.0210917592
v -0.00704374397 0.00899588317 0.0199841503
v -0.0085384082 0.00769704441 0.0184421837
v -0.00964283198 0.00779288495 0.016669102
v -0.0104265008 0.00796282105 0.0146862101
v -0.00836175866 0.00930581894 0.0185197275
v -0.0093948124 0.00959547423 0.0167704076
v -0.0101098344 0.00989756826 0.0148232598
v -0.00665446091 0.0103027532 0.0200321712
v -0.00520812022 0.00967915449 0.021137109
v -0.00471138163 0.0106239384 0.0211703684
v -0.00881608669 0.0113136405 0.0168499611
v -0.009453943 0.0117254956 0.014929235
v -0.00787336379 0.0108468486 0.018578345
v -0.00600755727 0.011506808 0.0200671554
v -0.004031613 0.0114525361 0.0211948249
v -0.00792134646 0.0128875347 0.0169080608
v -0.00847193785 0.0133884391 0.0150043247
v -0.00709120324 0.0122639323 0.0186216831
v -0.00513024675 0.0125622628 0.020092966
v -0.00319680781 0.0121329185 0.0212125145
v -0.00405782927 0.0134286135 0.02011168
v -0.00604408141 0.0135043943 0.0186531637
v -0.00673899567 0.0142613528 0.0169484634
v -0.0047715595 0.0145215951 0.0186752491
v -0.00283263042 0.0140724797 0.0201244168
v -0.00719187083 0.0148330498 0.0150541449
v -0.00872926135 0.0137969591 0.0129858945
v -0.00738936011 0.015237553 0.013043589
v -0.00565736881 0.0160126574 0.0150849102
v -0.00531114032 0.015385909 0.0169751681
v -0.00369075965 0.0162204914 0.0169915818
v -0.00332224998 0.0152771231 0.0186897181
v -0.0015024764 0.0144690201 0.0201318022
v -0.0017514755 0.0157422926 0.0186978504
v -0.00698893052 0.0155751975 0.00896424241
v -0.0057250401 0.0165972412 0.0110185118
v -0.00732470257 0.0154957939 0.0109884106
v -0.00579784717 0.0164109506 0.013076107
v -0.00738936011 0.015237553 0.013043589
v -0.0119612413 0.0094463313 -0.00413631927
v -0.0129073188 0.00818257686 -0.00513927452
v -0.0121087106 0.00771650299 -0.00498354435
v -0.0127876652 0.00612288387 -0.00503518339
v -0.0109759355 0.00825378299 -0.00412807707
v -0.0119176852 0.00642396323 -0.00479421858
v -0.0119610699 0.00506047672 -0.00413517235
v -0.0110760434 0.00717770495 -0.00436413521
v -0.010885465 0.00614691665 -0.00399356335
v -0.0111186029 0.00464399671 -0.00309075345
v -0.00879459083 0.00550717115 -0.00142678258
v -0.00890091248 0.00675155502 -0.00219861977
v -0.00662851008 0.00616705744 -0.000324234948
v -0.00902398955 0.00773779536 -0.00230002403
v -0.00882938411 0.00862593018 -0.00173861498
v -0.00636685966 0.00811463594 -0.000278699386
v -0.00608814927 0.00700736931 -0.000271222583
v -0.00575373415 0.00603501592 0.000912196643
v -0.00534405652 0.0078748567 0.000964164734
v -0.00538175832 0.00694301957 0.0006495571
v -0.00457456568 -0.00221052277 0.0109099569
v -0.00465473207 -0.002297058 0.0108963288
v -0.00461078854 -0.0023433005 0.0110804709
v -0.00465060957 -0.00215388462 0.0107386801
v -0.00472612679 -0.00223539886 0.0107258484
v -0.00475426298 -0.00208733068 0.0105871269
v -0.00482222624 -0.00216069398 0.0105755795
v -0.00488154311 -0.00201342348 0.0104611237
v -0.00482856622 -0.00230103009 0.0107190972
v -0.00493933959 -0.00207581278 0.0104512973
v -0.00491441786 -0.00221976149 0.0105695091
v -0.00501774438 -0.0021260439 0.0104461396
v -0.00502729509 -0.00226226146 0.0105691394
v -0.00511373812 -0.00216218876 0.0104458239
v -0.00515652122 -0.00228656409 0.0105744945
v -0.00513457041 -0.00202348339 0.010353731
v -0.00522363512 -0.00218285504 0.0104503753
v -0.00520998985 -0.00205188151 0.0103534823
v -0.0052604042 -0.00191601925 0.0102958335
v -0.00531235524 -0.00193558156 0.0102956658
v -0.00529633695 -0.00206811959 0.0103570623
v -0.00534321228 -0.00218725135 0.0104596289
v -0.00537183229 -0.0019467657 0.010298131
v -0.00541690039 -0.00181775622 0.0102745853
v -0.00539028551 -0.00207157317 0.0103643285
v -0.00546786888 -0.00217520702 0.010473215
v -0.00544722006 -0.00182345801 0.0102758417
v -0.00551960338 -0.00170293206 0.0102910651
v -0.00543654663 -0.00194914511 0.0103031378
v -0.00548823085 -0.00206211093 0.0103749996
v -0.00559282396 -0.00214718515 0.0104906112
v -0.00558640715 -0.0020400947 0.0103886696
v -0.00548020983 -0.00182467035 0.0102783972
v -0.00550401304 -0.00194262736 0.010310485
v -0.00551460497 -0.0018213474 0.010282143
v -0.00557163591 -0.00192746159 0.010319897
v -0.0056810379 -0.00200637034 0.0104048075
v -0.00563681964 -0.00190423243 0.0103310179
v -0.00554908067 -0.00181361672 0.010286944
v -0.00558231026 -0.00180177391 0.0102926148
v -0.00498219859 -0.00227257493 0.012071087
v -0.00503414869 -0.00229213596 0.0120709194
v -0.00512155518 -0.00219627307 0.0121591818
v -0.00515187718 -0.00220197439 0.0121604474
v -0.00521847513 -0.00208886503 0.0122125838
v -0.00518486788 -0.00220318721 0.0121629937
v -0.00521926023 -0.00219986425 0.0121667394
v -0.005253735 -0.00219213241 0.0121715432
v -0.00528696785 -0.00218029087 0.0121772112
v -0.00529342983 -0.00228401483 0.0120951543
v -0.00535861077 -0.00226078741 0.0121062677
v -0.00531767774 -0.0021647918 0.012183534
v -0.00541885104 -0.00223038602 0.0121186646
v -0.0053446847 -0.0021462345 0.0121902563
v -0.00536695309 -0.00212532817 0.012197122
v -0.00547183026 -0.00219398318 0.012131854
v -0.00551551394 -0.00215297565 0.0121453404
v -0.00559502747 -0.00223027635 0.0120396456
v -0.00565844448 -0.00217074319 0.0120592201
v -0.00538363028 -0.00210287981 0.0122038899
v -0.00554822246 -0.00210893876 0.0121586034
v -0.00539406948 -0.00207974785 0.0122102723
v -0.00570592983 -0.00210681325 0.012078465
v -0.00579025457 -0.00217794953 0.0119420644
v -0.00585069368 -0.00209657964 0.0119665666
v -0.00556869991 -0.00206356752 0.0121711232
v -0.00573565764 -0.00204094173 0.0120966444
v -0.00588853052 -0.00201274455 0.0119897053
v -0.00597694516 -0.00207863562 0.0118271988
v -0.00602143258 -0.00198005489 0.0118544083
v -0.00607983582 -0.00205366965 0.0116657186
v -0.00612927228 -0.00194413238 0.0116959512
v -0.00539787346 -0.00205682637 0.0122160353
v -0.00557615841 -0.00201860303 0.0121824285
v -0.00574648706 -0.00197566627 0.0121130571
v -0.0053948909 -0.00203499198 0.0122209582
v -0.0055703125 -0.00197577407 0.0121920835
v -0.00573799899 -0.00191348849 0.0121270772
v -0.0053852438 -0.00201508706 0.0122248502
v -0.00555138523 -0.00193672767 0.0121997176
v -0.00536929537 -0.00199787319 0.0122275576
v -0.00534766447 -0.00198401441 0.0122289807
v -0.00552010396 -0.00190296234 0.0122050298
v -0.00620902749 -0.00153672928 0.0114092911
v -0.00612728996 -0.00144849718 0.0114231836
v -0.00608334411 -0.00149473967 0.0116073256
v -0.00601641089 -0.00137745857 0.0114304889
v -0.00597459404 -0.0014250672 0.0116144903
v 0.00479722628 -0.0017315906 0.0114241662
v 0.00481144711 -0.00177950494 0.0116052777
v 0.00473248074 -0.00188581878 0.0115732681
v 0.0049264119 -0.0015828287 0.0112716751
v 0.00490918336 -0.00162649027 0.0114587294
v 0.00481226156 -0.00168998714 0.0112364395
v 0.00496793073 -0.00155119889 0.011083859
v 0.00485597318 -0.00165629736 0.0110492921
v 0.00503214961 -0.00153281505 0.0109025007
v 0.00492668292 -0.00163181662 0.0108699426
v 0.00502167549 -0.00161748345 0.0107052596
v 0.00484771933 -0.00173812802 0.0108379377
v 0.00495060906 -0.00171316206 0.0106764557
v 0.00513729965 -0.00161385001 0.0105615901
v 0.00507686241 -0.00169521745 0.0105370879
v 0.00526910787 -0.00162105495 0.0104444306
v 0.00522162439 -0.00168498512 0.0104251895
v 0.00473248074 -0.00188581878 0.0115732681
v 0.00473882025 -0.00202615489 0.0117167877
v 0.0046830452 -0.00199535489 0.0115430364
v 0.00627282029 -0.00149473967 0.0116073256
v 0.00609898986 -0.00149076642 0.0117845573
v 0.00616407022 -0.0014250672 0.0116144903
v 0.00639850367 -0.00153672928 0.0114092911
v 0.00635298854 -0.00158127665 0.0115936995
v 0.00631676614 -0.00144849718 0.0114231836
v 0.00644796155 -0.00163876475 0.0113893505
v 0.0064014988 -0.00168134982 0.0115741454
v 0.00641173683 -0.00150598527 0.0112188347
v 0.00633156719 -0.00141944888 0.0112324553
v -0.00548434444 -0.00159966585 0.0103321122
v -0.00537946867 -0.00153101142 0.0103973877
v -0.00544465054 -0.00150778226 0.0104085002
v -0.00545111159 -0.00161150808 0.0103264451
v -0.00531922746 -0.00156141096 0.0103849908
v -0.00542040169 -0.00162700529 0.0103201224
v -0.00526624778 -0.00159781636 0.0103718014
v -0.00539339334 -0.00164556375 0.0103134001
v -0.00522256363 -0.00163882307 0.010358314
v -0.00537112402 -0.0016664695 0.010306526
v -0.00518985512 -0.00168285845 0.010345052
v -0.00535445008 -0.00168891845 0.0102997646
v -0.00515167043 -0.00175170356 0.0121149821
v -0.00505703734 -0.00178542733 0.0120988442
v -0.00510125887 -0.00188756466 0.0121726375
v -0.00516644353 -0.0018643355 0.0121837575
v -0.00524984766 -0.00172968686 0.0121286549
v -0.00523406453 -0.00184917147 0.0121931694
v -0.00534779113 -0.00172022404 0.012139326
v -0.00530153094 -0.00184265256 0.0122005232
v -0.00515576825 -0.0019900233 0.0122110397
v -0.00518899783 -0.00197818154 0.0122167105
v -0.00521847513 -0.00208886503 0.0122125838
v -0.00522347447 -0.00197045016 0.0122215115
v -0.00512505695 -0.00200552167 0.0122047244
v -0.00504101859 -0.00191796536 0.0121602453
v -0.00525786914 -0.0019671279 0.0122252572
v -0.00536624668 -0.00184503256 0.0122055244
v -0.00509805093 -0.00202408014 0.0121979984
v -0.00498803845 -0.00195437018 0.0121470522
v -0.00529085752 -0.00196834072 0.0122278137
v -0.00542572234 -0.00185621611 0.0122079896
v -0.00507577881 -0.00204498577 0.0121911215
v -0.00494435662 -0.00199537701 0.0121335685
v -0.00505910395 -0.0020674353 0.0121843647
v -0.00504866475 -0.00209056609 0.0121779786
v -0.00504486449 -0.00211348897 0.0121722203
v -0.00504784379 -0.0021353215 0.0121672926
v -0.00505749229 -0.00215522759 0.0121634044
v -0.00507343933 -0.00217244076 0.0121606933
v -0.00509507069 -0.0021863014 0.0121592702
v -0.00512155518 -0.00219627307 0.0121591818
v -0.00498219859 -0.00227257493 0.012071087
v -0.00532117719 -0.00197404204 0.0122290617
v -0.00534766447 -0.00198401441 0.0122289807
v -0.00547767524 -0.00187577785 0.0122078285
v -0.00552010396 -0.00190296234 0.0122050298
v -0.00514525361 -0.00164461369 0.0120130433
v -0.00502481032 -0.00168753439 0.0119924927
v -0.00505703734 -0.00178542733 0.0120988442
v -0.00515167043 -0.00175170356 0.0121149821
v -0.00527020497 -0.00161659112 0.0120304404
v -0.00524984766 -0.00172968686 0.0121286549
v -0.00529436581 -0.00151422911 0.0119023044
v -0.00514743617 -0.00154717744 0.0118818497
v -0.00544095132 -0.0015000659 0.0119182821
v -0.00539486762 -0.00160454633 0.0120440256
v -0.00534779113 -0.00172022404 0.012139326
v -0.00558155635 -0.00150523544 0.01192916
v -0.00551444478 -0.00160894275 0.0120532792
v -0.00544174248 -0.00172367808 0.0121465921
v -0.00530153094 -0.00184265256 0.0122005232
v -0.00562433992 -0.00162961066 0.0120578324
v -0.00571078062 -0.00152953737 0.0119345114
v -0.00582365971 -0.00157203665 0.0119341463
v -0.00590951368 -0.00149076642 0.0117845573
v -0.00564050442 -0.00141654012 0.0117790056
v -0.00548427086 -0.00141079666 0.0117669245
v -0.00578409014 -0.00144354277 0.0117849633
v -0.0058414489 -0.00137493247 0.0116149187
v -0.00568901934 -0.00134626683 0.0116086062
v -0.00597459404 -0.0014250672 0.0116144903
v -0.00608334411 -0.00149473967 0.0116073256
v -0.00601195311 -0.00155639765 0.0117778061
v -0.00612728996 -0.00144849718 0.0114231836
v -0.00514743617 -0.00154717744 0.0118818497
v -0.00502481032 -0.00168753439 0.0119924927
v -0.00514525361 -0.00164461369 0.0120130433
v -0.00500580901 -0.00159764942 0.0118576949
v -0.00491350144 -0.00174370757 0.0119696045
v -0.00487492373 -0.00166370149 0.011830762
v -0.00500076776 -0.00151922461 0.0116996011
v -0.00485533755 -0.00159261876 0.0116696805
v -0.00481560826 -0.0018109727 0.0119452178
v -0.00489266962 -0.00188241061 0.0120616974
v -0.00482925307 -0.00194194668 0.0120421248
v -0.00475981412 -0.00174279686 0.0118021024
v -0.0047348938 -0.00188674382 0.011920305
v -0.00478176679 -0.00200587674 0.0120228725
v -0.00467445562 -0.00196811254 0.011895814
v -0.00472743111 -0.00168050523 0.0116378292
v -0.00485548982 -0.0015331906 0.011492542
v -0.00471970765 -0.00162649027 0.0114587294
v -0.00466490304 -0.00183189509 0.0117727984
v -0.00462197093 -0.00177950494 0.0116052777
v -0.0046077501 -0.0017315906 0.0114241662
v -0.00459383475 -0.001927573 0.0117439972
v -0.00463661831 -0.00205194834 0.0118726762
v -0.00454934407 -0.00202615489 0.0117167877
v -0.00454300502 -0.00188581878 0.0115732681
v -0.00452391896 -0.00184444955 0.0113901924
v -0.00462278537 -0.00168998714 0.0112364395
v -0.00449356949 -0.00199535489 0.0115430364
v -0.00453313719 -0.00212384923 0.0116922222
v -0.00447556423 -0.00210390869 0.0115157422
v -0.0044714394 -0.00196073344 0.0113580944
v -0.00445232401 -0.00207597367 0.011329121
v -0.00448380364 -0.0019236207 0.0111690694
v -0.00453731371 -0.00180505868 0.0112017924
v -0.004666497 -0.00165629736 0.0110492921
v -0.00458266726 -0.00176915817 0.0110153221
v -0.00453018816 -0.00188544148 0.0109832268
v -0.00505703734 -0.00178542733 0.0120988442
v -0.00504101859 -0.00191796536 0.0121602453
v -0.00510125887 -0.00188756466 0.0121726375
v -0.00496958476 -0.00182956213 0.0120808501
v -0.00502481032 -0.00168753439 0.0119924927
v -0.00491350144 -0.00174370757 0.0119696045
v -0.00498803845 -0.00195437018 0.0121470522
v -0.00489266962 -0.00188241061 0.0120616974
v -0.00494435662 -0.00199537701 0.0121335685
v -0.00482925307 -0.00194194668 0.0120421248
v -0.00491164904 -0.00203941274 0.0121203084
v -0.00478176679 -0.00200587674 0.0120228725
v -0.00505910395 -0.0020674353 0.0121843647
v -0.00507577881 -0.00204498577 0.0121911215
v -0.00504866475 -0.00209056609 0.0121779786
v -0.00489116786 -0.00208478444 0.0121077783
v -0.00504486449 -0.00211348897 0.0121722203
v -0.00475203618 -0.00207174546 0.0120046902
v -0.00467445562 -0.00196811254 0.011895814
v -0.00463661831 -0.00205194834 0.0118726762
v -0.00488371355 -0.00212974963 0.0120964833
v -0.00504784379 -0.0021353215 0.0121672926
v -0.00474120956 -0.00213702442 0.0119882803
v -0.004889559 -0.00217257743 0.0120868301
v -0.00505749229 -0.00215522759 0.0121634044
v -0.0047496981 -0.00219920091 0.0119742639
v -0.00490848767 -0.00221162429 0.0120791942
v -0.00507343933 -0.00217244076 0.0121606933
v -0.00477717537 -0.00225588912 0.0119631859
v -0.00493976334 -0.00224538916 0.0120738754
v -0.00482258527 -0.00230490672 0.011955468
v -0.00509507069 -0.0021863014 0.0121592702
v -0.00498219859 -0.00227257493 0.012071087
v -0.00522256363 -0.00163882307 0.010358314
v -0.00518985512 -0.00168285845 0.010345052
v -0.00503214821 -0.00168498512 0.0104251895
v -0.00507963169 -0.00162105495 0.0104444306
v -0.00526624778 -0.00159781636 0.0103718014
v -0.00488738623 -0.00169521745 0.0105370879
v -0.0051430515 -0.0015615212 0.0104640098
v -0.00531922746 -0.00156141096 0.0103849908
v -0.00494782394 -0.00161385001 0.0105615901
v -0.00476113288 -0.00171316206 0.0106764557
v -0.00521996431 -0.00150867156 0.0104831597
v -0.00537946867 -0.00153101142 0.0103973877
v -0.0050285398 -0.00153807702 0.010586502
v -0.00483219977 -0.00161748345 0.0107052596
v -0.00465824362 -0.00173812802 0.0108379377
v -0.00530741876 -0.00146453618 0.0105011612
v -0.00544465054 -0.00150778226 0.0104085002
v -0.00512643438 -0.0014708119 0.0106108785
v -0.00492711412 -0.00152838288 0.010734559
v -0.00540205278 -0.00143081299 0.0105172992
v -0.0055122734 -0.00149261707 0.0104179168
v -0.00523774 -0.00141463988 0.0106337769
v -0.00550022628 -0.00140879629 0.0105309654
v -0.00557973888 -0.001486097 0.0104252631
v -0.00559817022 -0.00139933347 0.0105416356
v -0.00548313977 -0.00134369615 0.0106717255
v -0.00535818608 -0.00137171801 0.0106543209
v -0.00504222326 -0.0014492881 0.0107632279
v -0.00473720673 -0.00163181662 0.0108699426
v -0.0053147357 -0.00133276638 0.010814311
v -0.00546166487 -0.00129981688 0.0108347703
v -0.0052733724 -0.00131545716 0.0109911105
v -0.00517310854 -0.00138323661 0.0107901487
v -0.00484267296 -0.00153281505 0.0109025007
v -0.00511600263 -0.00137153559 0.0109642623
v -0.00497057289 -0.00144492916 0.0109343454
v -0.00458266726 -0.00176915817 0.0110153221
v -0.00453018816 -0.00188544148 0.0109832268
v -0.00460880669 -0.00184766471 0.0108077051
v -0.004666497 -0.00165629736 0.0110492921
v -0.00477845455 -0.00155119889 0.011083859
v -0.00462278537 -0.00168998714 0.0112364395
v -0.00491423486 -0.00145789923 0.0111176716
v -0.00473693619 -0.0015828287 0.0112716751
v -0.0046077501 -0.0017315906 0.0114241662
v -0.00471970765 -0.00162649027 0.0114587294
v -0.00487537822 -0.00148770155 0.0113061508
v -0.00485548982 -0.0015331906 0.011492542
v -0.00506862532 -0.00137998513 0.0111494362
v -0.00503279036 -0.0014082616 0.0113385329
v -0.0052356855 -0.0013204515 0.0111779282
v -0.00543663185 -0.00127884385 0.0110138413
v -0.0050098775 -0.0014552772 0.0115243029
v -0.00485533755 -0.00159261876 0.0116696805
v -0.00500076776 -0.00151922461 0.0116996011
v -0.00540900137 -0.00128158391 0.0112020625
v -0.00559950713 -0.00126310764 0.0110315895
v -0.0052031246 -0.0013475602 0.0113675902
v -0.00517693907 -0.00139574287 0.0115528023
v -0.00537983608 -0.00130793091 0.0113921938
v -0.00558190793 -0.00126487843 0.0112209003
v -0.00515813334 -0.00146314502 0.0117264427
v -0.00500580901 -0.00159764942 0.0118576949
v -0.00514743617 -0.00154717744 0.0118818497
v -0.00575574022 -0.00126885111 0.0110436734
v -0.00574885728 -0.00129082322 0.0108616184
v -0.00574776717 -0.00127097545 0.0112337321
v -0.00555612985 -0.00129090005 0.0114114005
v -0.00535025168 -0.00135687587 0.0115769291
v -0.00532139512 -0.00142653345 0.01174918
v -0.00529436581 -0.00151422911 0.0119023044
v -0.00552316289 -0.00134016923 0.0115957744
v -0.00548427086 -0.00141079666 0.0117669245
v -0.00544095132 -0.0015000659 0.0119182821
v -0.00572523661 -0.00129711628 0.0114244819
v -0.00568901934 -0.00134626683 0.0116086062
v -0.00564050442 -0.00141654012 0.0117790056
v -0.00590019813 -0.00129964168 0.0112400521
v -0.00589932827 -0.00129585259 0.0110496292
v -0.00588065293 -0.00132634339 0.0114309238
v -0.0058414489 -0.00137493247 0.0116149187
v -0.00601641089 -0.00137745857 0.0114304889
v -0.00597459404 -0.0014250672 0.0116144903
v -0.00603334466 -0.00134977454 0.0112396162
v -0.00602475042 -0.0013430774 0.0110492175
v -0.00599095831 -0.00135762512 0.0108666122
v -0.00608315039 -0.00141669274 0.0108605307
v -0.00612718938 -0.00140870747 0.011042471
v -0.00614209101 -0.00141944888 0.0112324553
v -0.00518985512 -0.00168285845 0.010345052
v -0.00500241853 -0.00175085419 0.0104070064
v -0.00503214821 -0.00168498512 0.0104251895
v -0.00516937952 -0.00172823004 0.0103325332
v -0.00535445008 -0.00168891845 0.0102997646
v -0.00499159005 -0.00181613327 0.0103905974
v -0.00483576534 -0.00186213723 0.0104930606
v -0.00484954845 -0.00177905313 0.0105139501
v -0.00484657101 -0.00194127322 0.0104752239
v -0.00500007812 -0.00187830976 0.0103765782
v -0.00488154311 -0.00201342348 0.0104611237
v -0.0051619201 -0.00177319581 0.0103212269
v -0.00534400949 -0.00171205041 0.0102933822
v -0.00551960338 -0.00170293206 0.0102910651
v -0.00537112402 -0.0016664695 0.010306526
v -0.00539339334 -0.00164556375 0.0103134001
v -0.00542040169 -0.00162700529 0.0103201224
v -0.00545111159 -0.00161150808 0.0103264451
v -0.00548434444 -0.00159966585 0.0103321122
v -0.00551881781 -0.00159193575 0.010336916
v -0.00555321062 -0.00158861093 0.0103406608
v -0.00558620086 -0.00158982328 0.010343207
v -0.00561652333 -0.00159552635 0.0103444727
v -0.00564300688 -0.00160549756 0.0103443842
v -0.00566463778 -0.00161935738 0.0103429593
v -0.00568058575 -0.00163657125 0.0103402501
v -0.00569023378 -0.00165647687 0.0103363618
v -0.00569321495 -0.00167830999 0.0103314351
v -0.00568941236 -0.00170123274 0.010325674
v -0.00567897316 -0.00172436412 0.0103192907
v -0.00566229876 -0.00174681365 0.010312533
v -0.00564002758 -0.00176771812 0.0103056561
v -0.00561302062 -0.0017862767 0.0102989301
v -0.00575003866 -0.00183742936 0.0103566032
v -0.00569705758 -0.00187383231 0.0103434073
v -0.00558231026 -0.00180177391 0.0102926148
v -0.00563681964 -0.00190423243 0.0103310179
v -0.00534020644 -0.001734972 0.0102876211
v -0.00516776741 -0.00181602291 0.0103115719
v -0.00534318853 -0.00175680453 0.0102826972
v -0.00502755586 -0.00193499739 0.0103655038
v -0.00493933959 -0.00207581278 0.0104512973
v -0.00518669421 -0.00185506931 0.0103039378
v -0.00507296808 -0.00198401744 0.010357785
v -0.00501774438 -0.0021260439 0.0104461396
v -0.00513457041 -0.00202348339 0.010353731
v -0.00521797407 -0.00188883475 0.0102986246
v -0.0052604042 -0.00191601925 0.0102958335
v -0.00535283564 -0.00177671132 0.0102788052
v -0.00536878314 -0.00179392449 0.0102760969
v -0.0053904159 -0.00180778443 0.0102746738
v -0.00531235524 -0.00193558156 0.0102956658
v -0.00541690039 -0.00181775622 0.0102745853
v -0.00476113288 -0.00171316206 0.0106764557
v -0.00460880669 -0.00184766471 0.0108077051
v -0.00465824362 -0.00173812802 0.0108379377
v -0.0047166422 -0.00181174336 0.0106492462
v -0.00488738623 -0.00169521745 0.0105370879
v -0.00484954845 -0.00177905313 0.0105139501
v -0.00503214821 -0.00168498512 0.0104251895
v -0.00500241853 -0.00175085419 0.0104070064
v -0.00484954845 -0.00177905313 0.0105139501
v -0.00488738623 -0.00169521745 0.0105370879
v -0.0047166422 -0.00181174336 0.0106492462
v -0.00459080096 -0.00195621839 0.0107804118
v -0.00460880669 -0.00184766471 0.0108077051
v -0.00470043533 -0.00190943712 0.0106246835
v -0.00484954845 -0.00177905313 0.0105139501
v -0.00483576534 -0.00186213723 0.0104930606
v -0.00471314043 -0.00200249255 0.0106037138
v -0.00484657101 -0.00194127322 0.0104752239
v -0.00460491469 -0.00205961592 0.0107571054
v -0.00475426298 -0.00208733068 0.0105871269
v -0.00488154311 -0.00201342348 0.0104611237
v -0.00465060957 -0.00215388462 0.0107386801
v -0.00452605495 -0.0021104496 0.01092951
v -0.00451107277 -0.00200068182 0.0109542543
v -0.00457456568 -0.00221052277 0.0109099569
v -0.00465473207 -0.002297058 0.0108963288
v -0.00452905148 -0.00225506839 0.0110943653
v -0.0044795922 -0.00215303479 0.0111143049
v -0.00461078854 -0.0023433005 0.0110804709
v -0.00463661831 -0.00205194834 0.0118726762
v -0.00474120956 -0.00213702442 0.0119882803
v -0.00475203618 -0.00207174546 0.0120046902
v -0.0046228352 -0.00213503116 0.0118517792
v -0.00454934407 -0.00202615489 0.0117167877
v -0.0047496981 -0.00219920091 0.0119742639
v -0.00453313719 -0.00212384923 0.0116922222
v -0.00463363808 -0.00221416773 0.0118339397
v -0.00477717537 -0.00225588912 0.0119631859
v -0.00454584137 -0.00221690466 0.0116712488
v -0.00447556423 -0.00210390869 0.0115157422
v -0.0046686111 -0.00228631846 0.0118198432
v -0.00482258527 -0.00230490672 0.011955468
v -0.00472641084 -0.00234870729 0.0118100233
v -0.00458696391 -0.00230174465 0.0116546648
v -0.00465492811 -0.00237510679 0.0116431173
v -0.00448967796 -0.00220730598 0.0114924395
v -0.00445232401 -0.00207597367 0.011329121
v -0.00453537237 -0.00230157259 0.0114740189
v -0.00461088866 -0.00238308962 0.0114611834
v -0.00446730945 -0.00218573934 0.0113043804
v -0.00451581739 -0.00228581368 0.0112848198
v -0.00446431478 -0.00204111752 0.0111395316
v -0.00448380364 -0.0019236207 0.0111690694
v -0.00453018816 -0.00188544148 0.0109832268
v -0.0044795922 -0.00215303479 0.0111143049
v -0.00452905148 -0.00225506839 0.0110943653
v -0.00451107277 -0.00200068182 0.0109542543
v -0.00452605495 -0.0021104496 0.01092951
v -0.00460880669 -0.00184766471 0.0108077051
v -0.00459080096 -0.00195621839 0.0107804118
v -0.00452905148 -0.00225506839 0.0110943653
v -0.0045959847 -0.00237234891 0.0112711955
v -0.00451581739 -0.00228581368 0.0112848198
v -0.00461078854 -0.0023433005 0.0110804709
v -0.00470473152 -0.00244202302 0.0112640308
v -0.00472166762 -0.00241433922 0.0110731656
v -0.00465473207 -0.002297058 0.0108963288
v -0.00471332576 -0.00244872086 0.0114544295
v -0.00461088866 -0.00238308962 0.0114611834
v -0.00483874884 -0.0024959445 0.0114540225
v -0.00485999603 -0.00247667311 0.0116366828
v -0.00476348167 -0.00236673234 0.0108891679
v -0.00472612679 -0.00223539886 0.0107258484
v -0.00482856622 -0.00230103009 0.0107190972
v -0.00483787898 -0.00249215728 0.0112636024
v -0.00485742511 -0.00246545556 0.0110727316
v -0.00489662681 -0.00241686706 0.010888732
v -0.0049539851 -0.00234825537 0.0107186912
v -0.00491441786 -0.00221976149 0.0105695091
v -0.00502729509 -0.00226226146 0.0105691394
v -0.00509757642 -0.00237525813 0.0107246488
v -0.00515652122 -0.00228656409 0.0105744945
v -0.00504905824 -0.00244553084 0.0108950483
v -0.00501284236 -0.00249468326 0.0110791707
v -0.00499031181 -0.00252082292 0.0112699233
v -0.0049823341 -0.00252294843 0.0114599774
v -0.00498922076 -0.00250097574 0.011642037
v -0.00525380578 -0.0023810016 0.0107367309
v -0.00521491654 -0.00245162891 0.01090788
v -0.00518194865 -0.00250089867 0.011092254
v -0.00515616871 -0.00252691982 0.0112827541
v -0.00513857044 -0.00252869073 0.0114720613
v -0.00512982812 -0.00250614458 0.0116529148
v -0.00529712671 -0.00229173293 0.0105853733
v -0.00522363512 -0.00218285504 0.0104503753
v -0.00534321228 -0.00218725135 0.0104596289
v -0.00544371177 -0.00227756961 0.0106013501
v -0.00546786888 -0.00217520702 0.010473215
v -0.00541668339 -0.00236526481 0.0107544744
v -0.00559064141 -0.00224461965 0.0106218047
v -0.00559282396 -0.00214718515 0.0104906112
v -0.00538782403 -0.00243492122 0.0109267188
v -0.00557994237 -0.00232865335 0.0107772062
v -0.0057322681 -0.00219414942 0.0106459605
v -0.00571327005 -0.00210426329 0.0105111552
v -0.00586315431 -0.0021280956 0.0106728924
v -0.0058245752 -0.00204809126 0.0105340518
v -0.00588273909 -0.00219917833 0.0108339703
v -0.00573731074 -0.00227257307 0.0108040543
v -0.00556113897 -0.0023960548 0.0109508522
v -0.0053582429 -0.00248386548 0.0111114606
v -0.00572819915 -0.00233652117 0.0109793479
v -0.00588258775 -0.00225860719 0.0110111125
v -0.0055349539 -0.00244423747 0.0111360643
v -0.00532907574 -0.00251021329 0.0113015892
v -0.00570529047 -0.00238353666 0.0111651216
v -0.00550239254 -0.00247134618 0.0113257263
v -0.00530144572 -0.00251295511 0.0114898132
v -0.00601837039 -0.00216530846 0.011044926
v -0.00601064553 -0.00211129361 0.0108658224
v -0.00586270122 -0.00230409671 0.0111975037
v -0.00566945178 -0.00241181185 0.0113542164
v -0.00546470378 -0.00247634226 0.0115125403
v -0.0052764141 -0.00249198196 0.0116688842
v -0.00600114139 -0.00220896956 0.0112319756
v -0.00582384085 -0.00233389973 0.0113859838
v -0.00562207447 -0.00242026197 0.0115393922
v -0.00542334048 -0.002459032 0.0116893472
v -0.0061152922 -0.00210180995 0.011267215
v -0.00613032794 -0.00206020777 0.0110794883
v -0.00607157918 -0.00213549915 0.0114543568
v -0.00595962349 -0.00224060053 0.0114197964
v -0.00576750562 -0.00234686956 0.011569309
v -0.00556497136 -0.00240856176 0.011713502
v -0.00589540647 -0.00225898321 0.0116011547
v -0.00600086758 -0.00215998222 0.0116337119
v -0.00569585478 -0.00234250841 0.0117404265
v -0.00607983582 -0.00205366965 0.0116657186
v -0.00615540799 -0.00202264008 0.0114883333
v -0.00597694516 -0.00207863562 0.0118271988
v -0.00590587547 -0.00217431481 0.0117983911
v -0.00585069368 -0.00209657964 0.0119665666
v -0.00579025457 -0.00217794953 0.0119420644
v -0.00581096439 -0.00226341304 0.0117690954
v -0.00570953963 -0.00225372077 0.0119171524
v -0.00565844448 -0.00217074319 0.0120592201
v -0.00559502747 -0.00223027635 0.0120396456
v -0.00561164506 -0.00232098508 0.0118927779
v -0.00551811326 -0.00228312612 0.0120204948
v -0.00547183026 -0.00219398318 0.012131854
v -0.00541885104 -0.00223038602 0.0121186646
v -0.00550033571 -0.00237715943 0.0118698739
v -0.00543066021 -0.00232726149 0.0120024942
v -0.00535861077 -0.00226078741 0.0121062677
v -0.00537989195 -0.00242007966 0.0118493335
v -0.0053360248 -0.00236098398 0.0119863497
v -0.00529342983 -0.00228401483 0.0120951543
v -0.00525493966 -0.00244810223 0.0118319308
v -0.00523785036 -0.00238300068 0.0119726853
v -0.00513028074 -0.00246014586 0.0118183475
v -0.00522580417 -0.00229918049 0.0120857395
v -0.005253735 -0.00219213241 0.0121715432
v -0.00521926023 -0.00219986425 0.0121667394
v -0.00501070311 -0.00245575001 0.0118091004
v -0.00513990456 -0.00239246432 0.0119620115
v -0.0051583373 -0.00230570068 0.0120783811
v -0.00518486788 -0.00220318721 0.0121629937
v -0.00490080845 -0.00243508327 0.0118045462
v -0.0047471202 -0.00243417313 0.0116370423
v -0.0048048133 -0.00239893841 0.0118048545
v -0.00504595507 -0.00238901074 0.0119547499
v -0.00509362342 -0.00230332138 0.0120733809
v -0.00515187718 -0.00220197439 0.0121604474
v -0.00495961076 -0.00237277197 0.0119511718
v -0.0048841876 -0.00234437454 0.0119514102
v -0.00503414869 -0.00229213596 0.0120709194
v -0.00512155518 -0.00219627307 0.0121591818
v -0.00498219859 -0.00227257493 0.012071087
v -0.00482258527 -0.00230490672 0.011955468
v -0.00493976334 -0.00224538916 0.0120738754
v -0.00451581739 -0.00228581368 0.0112848198
v -0.0045959847 -0.00237234891 0.0112711955
v -0.00461088866 -0.00238308962 0.0114611834
v -0.00453537237 -0.00230157259 0.0114740189
v -0.00471332576 -0.00244872086 0.0114544295
v -0.0047471202 -0.00243417313 0.0116370423
v -0.00485999603 -0.00247667311 0.0116366828
v -0.00465492811 -0.00237510679 0.0116431173
v -0.0048048133 -0.00239893841 0.0118048545
v -0.00472641084 -0.00234870729 0.0118100233
v -0.0048841876 -0.00234437454 0.0119514102
v -0.00482258527 -0.00230490672 0.011955468
v -0.00558640715 -0.0020400947 0.0103886696
v -0.00571327005 -0.00210426329 0.0105111552
v -0.00559282396 -0.00214718515 0.0104906112
v -0.0056810379 -0.00200637034 0.0104048075
v -0.0058245752 -0.00204809126 0.0105340518
v -0.00576849142 -0.00196223496 0.0104228044
v -0.00563681964 -0.00190423243 0.0103310179
v -0.00569705758 -0.00187383231 0.0103434073
v -0.00584540702 -0.00190938648 0.0104419589
v -0.00592247164 -0.00198082509 0.0105584366
v -0.00597826345 -0.0020490014 0.0107015539
v -0.00586315431 -0.0021280956 0.0106728924
v -0.00600318657 -0.00190505327 0.0105833467
v -0.00590882404 -0.00184985215 0.0104615306
v -0.00601064553 -0.00211129361 0.0108658224
v -0.00588273909 -0.00219917833 0.0108339703
v -0.00607317686 -0.001959902 0.0107308533
v -0.00606362335 -0.00182368513 0.0106078424
v -0.00595631218 -0.00178592256 0.0104807829
v -0.00611610571 -0.00201229099 0.0108983731
v -0.00614424236 -0.00186422409 0.0107596572
v -0.0061014602 -0.00173984887 0.0106309857
v -0.00598603813 -0.00172005233 0.0104989661
v -0.0061887335 -0.00176564336 0.0107868668
v -0.00619507115 -0.00190598064 0.0109303826
v -0.00624450808 -0.00179644336 0.010960619
v -0.00626251195 -0.00168788969 0.0109879123
v -0.0062857531 -0.00171582401 0.0111745344
v -0.00613032794 -0.00206020777 0.0110794883
v -0.00601837039 -0.00216530846 0.011044926
v -0.00621415582 -0.0019473487 0.011113463
v -0.00626663864 -0.00183106482 0.0111455601
v -0.00620076386 -0.00198673899 0.011301863
v -0.0061152922 -0.00210180995 0.011267215
v -0.00625427393 -0.00186817639 0.011334585
v -0.00627376465 -0.00175067957 0.0113641219
v -0.00625848584 -0.00163876475 0.0113893505
v -0.00627076859 -0.00160605903 0.011199275
v -0.00622700807 -0.00179111597 0.0115494011
v -0.00620788988 -0.00190635619 0.0115204277
v -0.00615540799 -0.00202264008 0.0114883333
v -0.00607157918 -0.00213549915 0.0114543568
v -0.00612927228 -0.00194413238 0.0116959512
v -0.00607983582 -0.00205366965 0.0116657186
v -0.00569705758 -0.00187383231 0.0103434073
v -0.00575003866 -0.00183742936 0.0103566032
v -0.00584540702 -0.00190938648 0.0104419589
v -0.00590882404 -0.00184985215 0.0104615306
v -0.00579372095 -0.00179642078 0.0103700859
v -0.00564002758 -0.00176771812 0.0103056561
v -0.00595631218 -0.00178592256 0.0104807829
v -0.00566229876 -0.00174681365 0.010312533
v -0.00582643086 -0.00175238366 0.0103833461
v -0.00598603813 -0.00172005233 0.0104989661
v -0.00567897316 -0.00172436412 0.0103192907
v -0.00584690925 -0.00170701323 0.0103958761
v -0.00599686895 -0.00165477511 0.0105153741
v -0.00568941236 -0.00170123274 0.010325674
v -0.00585436309 -0.00166204863 0.0104071712
v -0.00598838087 -0.00159259676 0.0105293905
v -0.00569321495 -0.00167830999 0.0103314351
v -0.0058485209 -0.00161922094 0.0104168262
v -0.00596090313 -0.00153590972 0.0105404686
v -0.00569023378 -0.00165647687 0.0103363618
v -0.00582959084 -0.00158017396 0.0104244603
v -0.00568058575 -0.00163657125 0.0103402501
v -0.00588853052 -0.00201274455 0.0119897053
v -0.00574648706 -0.00197566627 0.0121130571
v -0.00573565764 -0.00204094173 0.0120966444
v -0.0059023127 -0.00192966161 0.0120105939
v -0.00602143258 -0.00198005489 0.0118544083
v -0.00573799899 -0.00191348849 0.0121270772
v -0.00603763945 -0.00188236171 0.0118789636
v -0.00612927228 -0.00194413238 0.0116959512
v -0.00614727661 -0.00183557859 0.0117232436
v -0.00589150796 -0.00185052445 0.0120284306
v -0.00602493761 -0.00178930571 0.0118999481
v -0.00613316149 -0.00173218187 0.0117465472
v -0.00622700807 -0.00179111597 0.0115494011
v -0.00621202262 -0.00168134982 0.0115741454
v -0.00571052171 -0.00185680145 0.012138159
v -0.00585653586 -0.00177837547 0.0120425317
v -0.00598381273 -0.0017044663 0.0119165247
v -0.00608746801 -0.0016379141 0.0117649743
v -0.00555138523 -0.00193672767 0.0121997176
v -0.0055703125 -0.00197577407 0.0121920835
v -0.00552010396 -0.00190296234 0.0122050298
v -0.00566510763 -0.00180778082 0.0121458638
v -0.00547767524 -0.00187577785 0.0122078285
v -0.00579873659 -0.00171598606 0.0120523581
v -0.00560350902 -0.00176831544 0.0121499235
v -0.00542572234 -0.00185621611 0.0122079896
v -0.005915849 -0.00163110485 0.0119280731
v -0.00616351236 -0.00158127665 0.0115936995
v -0.00625848584 -0.00163876475 0.0113893505
v -0.00620902749 -0.00153672928 0.0114092911
v -0.00608334411 -0.00149473967 0.0116073256
v -0.00601195311 -0.00155639765 0.0117778061
v -0.00572033506 -0.00166575366 0.0120575167
v -0.0055280868 -0.00173991674 0.0121501731
v -0.00536624668 -0.00184503256 0.0122055244
v -0.00582365971 -0.00157203665 0.0119341463
v -0.00590951368 -0.00149076642 0.0117845573
v -0.00562433992 -0.00162961066 0.0120578324
v -0.00544174248 -0.00172367808 0.0121465921
v -0.00530153094 -0.00184265256 0.0122005232
v -0.00620788988 -0.00190635619 0.0115204277
v -0.00614727661 -0.00183557859 0.0117232436
v -0.00612927228 -0.00194413238 0.0116959512
v -0.00622700807 -0.00179111597 0.0115494011
v -0.00627376465 -0.00175067957 0.0113641219
v -0.00621202262 -0.00168134982 0.0115741454
v -0.00625848584 -0.00163876475 0.0113893505
v -0.00626251195 -0.00168788969 0.0109879123
v -0.00627076859 -0.00160605903 0.011199275
v -0.0062857531 -0.00171582401 0.0111745344
v -0.00624840055 -0.00158449169 0.0110112149
v -0.00620493991 -0.00166794832 0.0108114323
v -0.0061887335 -0.00176564336 0.0107868668
v -0.0061014602 -0.00173984887 0.0106309857
v -0.00611524144 -0.00165676652 0.0106518734
v -0.00598603813 -0.00172005233 0.0104989661
v -0.00599686895 -0.00165477511 0.0105153741
v -0.0061922376 -0.00157489302 0.0108324056
v -0.0061044381 -0.00157763006 0.0106697083
v -0.00598838087 -0.00159259676 0.0105293905
v -0.00606946554 -0.00150548038 0.0106838131
v -0.00596090313 -0.00153590972 0.0105404686
v -0.00615111319 -0.00149005407 0.0108489906
v -0.00620270474 -0.0014902252 0.0110296365
v -0.00622226112 -0.00150598527 0.0112188347
v -0.00620902749 -0.00153672928 0.0114092911
v -0.00625848584 -0.00163876475 0.0113893505
v -0.00612728996 -0.00144849718 0.0114231836
v -0.00614209101 -0.00141944888 0.0112324553
v -0.00612718938 -0.00140870747 0.011042471
v -0.00608315039 -0.00141669274 0.0108605307
v -0.0060116672 -0.00144309097 0.0106936349
v -0.00591549044 -0.00148689153 0.0105481837
v -0.00582959084 -0.00158017396 0.0104244603
v -0.00579831516 -0.00154640852 0.0104297791
v -0.00568058575 -0.00163657125 0.0103402501
v -0.00579831516 -0.00154640852 0.0104297791
v -0.00582959084 -0.00158017396 0.0104244603
v -0.00566463778 -0.00161935738 0.0103429593
v -0.00575588085 -0.00151922228 0.0104325684
v -0.0060116672 -0.00144309097 0.0106936349
v -0.00599095831 -0.00135762512 0.0108666122
v -0.00608315039 -0.00141669274 0.0108605307
v -0.00593326427 -0.00139285973 0.0106988009
v -0.00591549044 -0.00148689153 0.0105481837
v -0.00587808061 -0.00131512457 0.0108669698
v -0.00589932827 -0.00129585259 0.0110496292
v -0.00585389137 -0.00144742371 0.0105522443
v -0.00579831516 -0.00154640852 0.0104297791
v -0.00575588085 -0.00151922228 0.0104325684
v -0.00575574022 -0.00126885111 0.0110436734
v -0.00574776717 -0.00127097545 0.0112337321
v -0.00574885728 -0.00129082322 0.0108616184
v -0.00583727239 -0.00135671557 0.0106991101
v -0.00577846682 -0.00141902617 0.0105524864
v -0.00572737539 -0.00133604708 0.010694555
v -0.00560824852 -0.00128565368 0.0108507471
v -0.00559950713 -0.00126310764 0.0110315895
v -0.00543663185 -0.00127884385 0.0110138413
v -0.00546166487 -0.00129981688 0.0108347703
v -0.0052733724 -0.00131545716 0.0109911105
v -0.00560779776 -0.00133165182 0.010685307
v -0.00548313977 -0.00134369615 0.0106717255
v -0.00559817022 -0.00139933347 0.0105416356
v -0.00569212204 -0.00140278693 0.0105489064
v -0.00570392888 -0.00149966299 0.0104327351
v -0.00564445462 -0.00148847816 0.0104302745
v -0.00557973888 -0.001486097 0.0104252631
v -0.00564300688 -0.00160549756 0.0103443842
v -0.00566463778 -0.00161935738 0.0103429593
v -0.00561652333 -0.00159552635 0.0103444727
v -0.00558620086 -0.00158982328 0.010343207
v -0.00555321062 -0.00158861093 0.0103406608
v -0.0055122734 -0.00149261707 0.0104179168
v -0.00551881781 -0.00159193575 0.010336916
v -0.00544465054 -0.00150778226 0.0104085002
v -0.00548434444 -0.00159966585 0.0103321122
v -0.00614209101 -0.00141944888 0.0112324553
v -0.00603334466 -0.00134977454 0.0112396162
v -0.00601641089 -0.00137745857 0.0114304889
v -0.00612728996 -0.00144849718 0.0114231836
v 0.00490918336 -0.00162649027 0.0114587294
v 0.00481144711 -0.00177950494 0.0116052777
v 0.00479722628 -0.0017315906 0.0114241662
v 0.00491690729 -0.00168050523 0.0116378292
v 0.00504496554 -0.0015331906 0.011492542
v 0.00504481327 -0.00159261876 0.0116696805
v 0.00519935368 -0.0014552772 0.0115243029
v 0.00519024348 -0.00151922461 0.0116996011
v 0.00536641525 -0.00139574287 0.0115528023
v 0.00534760952 -0.00146314502 0.0117264427
v 0.00485437876 -0.00183189509 0.0117727984
v 0.00494929031 -0.00174279686 0.0118021024
v 0.00506439991 -0.00166370149 0.011830762
v 0.00519528519 -0.00159764942 0.0118576949
v 0.00478331093 -0.001927573 0.0117439972
v 0.00473248074 -0.00188581878 0.0115732681
v 0.00473882025 -0.00202615489 0.0117167877
v 0.00533691235 -0.00154717744 0.0118818497
v 0.0055108713 -0.00142653345 0.01174918
v 0.00548384199 -0.00151422911 0.0119023044
v 0.00567374704 -0.00141079666 0.0117669245
v 0.00563042751 -0.0015000659 0.0119182821
v 0.00582998013 -0.00141654012 0.0117790056
v 0.00577103253 -0.00150523544 0.01192916
v 0.00597356586 -0.00144354277 0.0117849633
v 0.00590025634 -0.00152953737 0.0119345114
v 0.00609898986 -0.00149076642 0.0117845573
v 0.00558434334 -0.00160454633 0.0120440256
v 0.0057039205 -0.00160894275 0.0120532792
v 0.00545968115 -0.00161659112 0.0120304404
v 0.00533472933 -0.00164461369 0.0120130433
v 0.0052142865 -0.00168753439 0.0119924927
v 0.00543932384 -0.00172968686 0.0121286549
v 0.00553726731 -0.00172022404 0.012139326
v 0.00534114661 -0.00175170356 0.0121149821
v 0.00510297762 -0.00174370757 0.0119696045
v 0.00524651352 -0.00178542733 0.0120988442
v 0.00515906094 -0.00182956213 0.0120808501
v 0.00500508398 -0.0018109727 0.0119452178
v 0.0050821458 -0.00188241061 0.0120616974
v 0.00492436951 -0.00188674382 0.011920305
v 0.00501872879 -0.00194194668 0.0120421248
v 0.00486393133 -0.00196811254 0.011895814
v 0.00497124251 -0.00200587674 0.0120228725
v 0.00482609402 -0.00205194834 0.0118726762
v 0.00481231092 -0.00213503116 0.0118517792
v 0.00472261338 -0.00212384923 0.0116922222
v 0.00493068527 -0.00213702442 0.0119882803
v 0.00494151236 -0.00207174546 0.0120046902
v 0.00508064358 -0.00208478444 0.0121077783
v 0.00507318974 -0.00212974963 0.0120964833
v 0.00523434021 -0.00211348897 0.0121722203
v 0.00510112522 -0.00203941274 0.0121203084
v 0.00523814093 -0.00209056609 0.0121779786
v 0.00540795131 -0.00208886503 0.0122125838
v 0.00524857966 -0.0020674353 0.0121843647
v 0.00526525499 -0.00204498577 0.0121911215
v 0.0051338328 -0.00199537701 0.0121335685
v 0.00517751463 -0.00195437018 0.0121470522
v 0.00528752664 -0.00202408014 0.0121979984
v 0.00523049477 -0.00191796536 0.0121602453
v 0.00531453313 -0.00200552167 0.0122047244
v 0.00529073458 -0.00188756466 0.0121726375
v 0.00534524443 -0.0019900233 0.0122110397
v 0.00535591971 -0.0018643355 0.0121837575
v 0.00537847402 -0.00197818154 0.0122167105
v 0.00542354025 -0.00184917147 0.0121931694
v 0.00541295018 -0.00197045016 0.0122215115
v 0.00549100665 -0.00184265256 0.0122005232
v 0.0056312182 -0.00172367808 0.0121465921
v 0.00544734532 -0.0019671279 0.0122252572
v 0.00548033323 -0.00196834072 0.0122278137
v 0.0055557224 -0.00184503256 0.0122055244
v 0.00571756298 -0.00173991674 0.0121501731
v 0.00561519852 -0.00185621611 0.0122079896
v 0.00541203981 -0.00163882307 0.010358314
v 0.00522162439 -0.00168498512 0.0104251895
v 0.00537933083 -0.00168285845 0.010345052
v 0.00526910787 -0.00162105495 0.0104444306
v 0.00545572396 -0.00159781636 0.0103718014
v 0.00533252768 -0.0015615212 0.0104640098
v 0.00550870365 -0.00156141096 0.0103849908
v 0.00513729965 -0.00161385001 0.0105615901
v 0.00540944049 -0.00150867156 0.0104831597
v 0.00556894485 -0.00153101142 0.0103973877
v 0.00521801598 -0.00153807702 0.010586502
v 0.00502167549 -0.00161748345 0.0107052596
v 0.00549689448 -0.00146453618 0.0105011612
v 0.00563412672 -0.00150778226 0.0104085002
v 0.00531591056 -0.0014708119 0.0106108785
v 0.0051165903 -0.00152838288 0.010734559
v 0.00492668292 -0.00163181662 0.0108699426
v 0.00503214961 -0.00153281505 0.0109025007
v 0.00523169944 -0.0014492881 0.0107632279
v 0.00542721618 -0.00141463988 0.0106337769
v 0.00559152896 -0.00143081299 0.0105172992
v 0.00516004907 -0.00144492916 0.0109343454
v 0.00496793073 -0.00155119889 0.011083859
v 0.00536258426 -0.00138323661 0.0107901487
v 0.00510371057 -0.00145789923 0.0111176716
v 0.0049264119 -0.0015828287 0.0112716751
v 0.00570174912 -0.00149261707 0.0104179168
v 0.00570829399 -0.00159193575 0.010336916
v 0.0057426868 -0.00158861093 0.0103406608
v 0.00576921506 -0.001486097 0.0104252631
v 0.00568970246 -0.00140879629 0.0105309654
v 0.00578764593 -0.00139933347 0.0105416356
v 0.00554766227 -0.00137171801 0.0106543209
v 0.00567261549 -0.00134369615 0.0106717255
v 0.00579727395 -0.00133165182 0.010685307
v 0.00550421188 -0.00133276638 0.010814311
v 0.00565114059 -0.00129981688 0.0108347703
v 0.00530547835 -0.00137153559 0.0109642623
v 0.00546284858 -0.00131545716 0.0109911105
v 0.00579772471 -0.00128565368 0.0108507471
v 0.00591685157 -0.00133604708 0.010694555
v 0.00593833299 -0.00129082322 0.0108616184
v 0.00525810104 -0.00137998513 0.0111494362
v 0.00562610803 -0.00127884385 0.0110138413
v 0.00578898285 -0.00126310764 0.0110315895
v 0.00542516168 -0.0013204515 0.0111779282
v 0.0050648544 -0.00148770155 0.0113061508
v 0.00490918336 -0.00162649027 0.0114587294
v 0.00504496554 -0.0015331906 0.011492542
v 0.00522226607 -0.0014082616 0.0113385329
v 0.00519935368 -0.0014552772 0.0115243029
v 0.00539260078 -0.0013475602 0.0113675902
v 0.00536641525 -0.00139574287 0.0115528023
v 0.00559847755 -0.00128158391 0.0112020625
v 0.00556931179 -0.00130793091 0.0113921938
v 0.00577138411 -0.00126487843 0.0112209003
v 0.00553972786 -0.00135687587 0.0115769291
v 0.00534760952 -0.00146314502 0.0117264427
v 0.0055108713 -0.00142653345 0.01174918
v 0.00574560557 -0.00129090005 0.0114114005
v 0.00571263907 -0.00134016923 0.0115957744
v 0.00567374704 -0.00141079666 0.0117669245
v 0.0059452164 -0.00126885111 0.0110436734
v 0.00606755679 -0.00131512457 0.0108669698
v 0.00593724288 -0.00127097545 0.0112337321
v 0.00587849552 -0.00134626683 0.0116086062
v 0.00582998013 -0.00141654012 0.0117790056
v 0.00591471232 -0.00129711628 0.0114244819
v 0.00608880445 -0.00129585259 0.0110496292
v 0.00603092462 -0.00137493247 0.0116149187
v 0.00597356586 -0.00144354277 0.0117849633
v 0.00607012911 -0.00132634339 0.0114309238
v 0.00608967431 -0.00129964168 0.0112400521
v 0.00618043402 -0.00135762512 0.0108666122
v 0.00612274045 -0.00139285973 0.0106988009
v 0.00616407022 -0.0014250672 0.0116144903
v 0.00609898986 -0.00149076642 0.0117845573
v 0.00621422613 -0.0013430774 0.0110492175
v 0.00620588707 -0.00137745857 0.0114304889
v 0.00622282084 -0.00134977454 0.0112396162
v 0.00631676614 -0.00144849718 0.0114231836
v 0.00627282029 -0.00149473967 0.0116073256
v 0.00633156719 -0.00141944888 0.0112324553
v 0.00620114291 -0.00144309097 0.0106936349
v 0.00610496616 -0.00148689153 0.0105481837
v 0.00627262658 -0.00141669274 0.0108605307
v 0.00625894172 -0.00150548038 0.0106838131
v 0.00634058937 -0.00149005407 0.0108489906
v 0.00631666509 -0.00140870747 0.011042471
v 0.00639218092 -0.0014902252 0.0110296365
v 0.00641173683 -0.00150598527 0.0112188347
v 0.00537933083 -0.00168285845 0.010345052
v 0.00522162439 -0.00168498512 0.0104251895
v 0.00519189471 -0.00175085419 0.0104070064
v 0.00535885571 -0.00172823004 0.0103325332
v 0.00518106623 -0.00181613327 0.0103905974
v 0.00535139628 -0.00177319581 0.0103212269
v 0.00554392627 -0.00168891845 0.0102997646
v 0.00535885571 -0.00172823004 0.0103325332
v 0.00553348521 -0.00171205041 0.0102933822
v 0.00537933083 -0.00168285845 0.010345052
v 0.0055606002 -0.0016664695 0.010306526
v 0.00541203981 -0.00163882307 0.010358314
v 0.00558286952 -0.00164556375 0.0103134001
v 0.00545572396 -0.00159781636 0.0103718014
v 0.00560987741 -0.00162700529 0.0103201224
v 0.00550870365 -0.00156141096 0.0103849908
v 0.00564058777 -0.00161150808 0.0103264451
v 0.00556894485 -0.00153101142 0.0103973877
v 0.00567382015 -0.00159966585 0.0103321122
v 0.00563412672 -0.00150778226 0.0104085002
v 0.00570829399 -0.00159193575 0.010336916
v 0.0046830452 -0.00199535489 0.0115430364
v 0.00473882025 -0.00202615489 0.0117167877
v 0.00472261338 -0.00212384923 0.0116922222
v 0.00466504041 -0.00210390869 0.0115157422
v 0.00473531755 -0.00221690466 0.0116712488
v 0.00467915367 -0.00220730598 0.0114924395
v 0.00477643963 -0.00230174465 0.0116546648
v 0.00472484808 -0.00230157259 0.0114740189
v 0.00466091512 -0.00196073344 0.0113580944
v 0.00464179972 -0.00207597367 0.011329121
v 0.00465678563 -0.00218573934 0.0113043804
v 0.00471339514 -0.00184444955 0.0113901924
v 0.00473248074 -0.00188581878 0.0115732681
v 0.00479722628 -0.0017315906 0.0114241662
v 0.00481226156 -0.00168998714 0.0112364395
v 0.00472678989 -0.00180505868 0.0112017924
v 0.00485597318 -0.00165629736 0.0110492921
v 0.00467327936 -0.0019236207 0.0111690694
v 0.00477214344 -0.00176915817 0.0110153221
v 0.00492668292 -0.00163181662 0.0108699426
v 0.00484771933 -0.00173812802 0.0108379377
v 0.00465379097 -0.00204111752 0.0111395316
v 0.00471966388 -0.00188544148 0.0109832268
v 0.0047982824 -0.00184766471 0.0108077051
v 0.00495060906 -0.00171316206 0.0106764557
v 0.00470054848 -0.00200068182 0.0109542543
v 0.00466906838 -0.00215303479 0.0111143049
v 0.00490611792 -0.00181174336 0.0106492462
v 0.00507686241 -0.00169521745 0.0105370879
v 0.00478027668 -0.00195621839 0.0107804118
v 0.00503902417 -0.00177905313 0.0105139501
v 0.00522162439 -0.00168498512 0.0104251895
v 0.00519189471 -0.00175085419 0.0104070064
v 0.00488991151 -0.00190943712 0.0106246835
v 0.00502524106 -0.00186213723 0.0104930606
v 0.00518106623 -0.00181613327 0.0103905974
v 0.00471553067 -0.0021104496 0.01092951
v 0.00470529357 -0.00228581368 0.0112848198
v 0.00480036438 -0.00238308962 0.0114611834
v 0.00478546089 -0.00237234891 0.0112711955
v 0.0047185272 -0.00225506839 0.0110943653
v 0.00480026472 -0.0023433005 0.0110804709
v 0.0047640414 -0.00221052277 0.0109099569
v 0.00484420825 -0.002297058 0.0108963288
v 0.00479439087 -0.00205961592 0.0107571054
v 0.00484008575 -0.00215388462 0.0107386801
v 0.00491560251 -0.00223539886 0.0107258484
v 0.00490261614 -0.00200249255 0.0106037138
v 0.00494373869 -0.00208733068 0.0105871269
v 0.00503604719 -0.00194127322 0.0104752239
v 0.00501170289 -0.00216069398 0.0105755795
v 0.0050180424 -0.00230103009 0.0107190972
v 0.00510389358 -0.00221976149 0.0105695091
v 0.00507101882 -0.00201342348 0.0104611237
v 0.00512881577 -0.00207581278 0.0104512973
v 0.00518955383 -0.00187830976 0.0103765782
v 0.00535139628 -0.00177319581 0.0103212269
v 0.00521703158 -0.00193499739 0.0103655038
v 0.00535724312 -0.00181602291 0.0103115719
v 0.00537617039 -0.00185506931 0.0103039378
v 0.00553348521 -0.00171205041 0.0102933822
v 0.00535885571 -0.00172823004 0.0103325332
v 0.00535139628 -0.00177319581 0.0103212269
v 0.00552968262 -0.001734972 0.0102876211
v 0.00570907956 -0.00170293206 0.0102910651
v 0.00554392627 -0.00168891845 0.0102997646
v 0.0055606002 -0.0016664695 0.010306526
v 0.00558286952 -0.00164556375 0.0103134001
v 0.00560987741 -0.00162700529 0.0103201224
v 0.00564058777 -0.00161150808 0.0103264451
v 0.00567382015 -0.00159966585 0.0103321122
v 0.00570829399 -0.00159193575 0.010336916
v 0.0057426868 -0.00158861093 0.0103406608
v 0.00577567704 -0.00158982328 0.010343207
v 0.00580599951 -0.00159552635 0.0103444727
v 0.00583248306 -0.00160549756 0.0103443842
v 0.00535724312 -0.00181602291 0.0103115719
v 0.00585411349 -0.00161935738 0.0103429593
v 0.00553266471 -0.00175680453 0.0102826972
v 0.00537617039 -0.00185506931 0.0103039378
v 0.00587006193 -0.00163657125 0.0103402501
v 0.00554231135 -0.00177671132 0.0102788052
v 0.00555825932 -0.00179392449 0.0102760969
v 0.00540745026 -0.00188883475 0.0102986246
v 0.00598779134 -0.00154640852 0.0104297791
v 0.00544988038 -0.00191601925 0.0102958335
v 0.00601906702 -0.00158017396 0.0104244603
v 0.00557989161 -0.00180778443 0.0102746738
v 0.00550183095 -0.00193558156 0.0102956658
v 0.00560637657 -0.00181775622 0.0102745853
v 0.005561308 -0.0019467657 0.010298131
v 0.00563669624 -0.00182345801 0.0102758417
v 0.00562602282 -0.00194914511 0.0103031378
v 0.00566968601 -0.00182467035 0.0102783972
v 0.00570408115 -0.0018213474 0.010282143
v 0.00573855685 -0.00181361672 0.010286944
v 0.00577178644 -0.00180177391 0.0102926148
v 0.00580249634 -0.0017862767 0.0102989301
v 0.00582950329 -0.00176771812 0.0103056561
v 0.00593951438 -0.00183742936 0.0103566032
v 0.00598319713 -0.00179642078 0.0103700859
v 0.00585177448 -0.00174681365 0.010312533
v 0.00601590658 -0.00175238366 0.0103833461
v 0.00614578836 -0.00178592256 0.0104807829
v 0.00617551431 -0.00172005233 0.0104989661
v 0.00586844888 -0.00172436412 0.0103192907
v 0.00603638496 -0.00170701323 0.0103958761
v 0.00587888807 -0.00170123274 0.010325674
v 0.00618634513 -0.00165477511 0.0105153741
v 0.00630471762 -0.00165676652 0.0106518734
v 0.00629391428 -0.00157763006 0.0106697083
v 0.00617785659 -0.00159259676 0.0105293905
v 0.00604383927 -0.00166204863 0.0104071712
v 0.00588269113 -0.00167830999 0.0103314351
v 0.00603799708 -0.00161922094 0.0104168262
v 0.00615037885 -0.00153590972 0.0105404686
v 0.0058797095 -0.00165647687 0.0103363618
v 0.00494151236 -0.00207174546 0.0120046902
v 0.00507318974 -0.00212974963 0.0120964833
v 0.00493068527 -0.00213702442 0.0119882803
v 0.00507903518 -0.00217257743 0.0120868301
v 0.00493917381 -0.00219920091 0.0119742639
v 0.00481231092 -0.00213503116 0.0118517792
v 0.00509796385 -0.00221162429 0.0120791942
v 0.00482311426 -0.00221416773 0.0118339397
v 0.00472261338 -0.00212384923 0.0116922222
v 0.00473531755 -0.00221690466 0.0116712488
v 0.00496665156 -0.00225588912 0.0119631859
v 0.00512923952 -0.00224538916 0.0120738754
v 0.00501206145 -0.00230490672 0.011955468
v 0.00485808728 -0.00228631846 0.0118198432
v 0.00477643963 -0.00230174465 0.0116546648
v 0.00491588656 -0.00234870729 0.0118100233
v 0.00477643963 -0.00230174465 0.0116546648
v 0.00485808728 -0.00228631846 0.0118198432
v 0.00491588656 -0.00234870729 0.0118100233
v 0.00484440429 -0.00237510679 0.0116431173
v 0.00472484808 -0.00230157259 0.0114740189
v 0.00480036438 -0.00238308962 0.0114611834
v 0.00493659591 -0.00243417313 0.0116370423
v 0.00490280194 -0.00244872086 0.0114544295
v 0.00478546089 -0.00237234891 0.0112711955
v 0.00489420723 -0.00244202302 0.0112640308
v 0.00521703158 -0.00193499739 0.0103655038
v 0.00507101882 -0.00201342348 0.0104611237
v 0.00512881577 -0.00207581278 0.0104512973
v 0.0052624438 -0.00198401744 0.010357785
v 0.00501170289 -0.00216069398 0.0105755795
v 0.00510389358 -0.00221976149 0.0105695091
v 0.00520722009 -0.0021260439 0.0104461396
v 0.00537617039 -0.00185506931 0.0103039378
v 0.00521703158 -0.00193499739 0.0103655038
v 0.0052624438 -0.00198401744 0.010357785
v 0.00540745026 -0.00188883475 0.0102986246
v 0.0052624438 -0.00198401744 0.010357785
v 0.00512881577 -0.00207581278 0.0104512973
v 0.00520722009 -0.0021260439 0.0104461396
v 0.00532404659 -0.00202348339 0.010353731
v 0.00540745026 -0.00188883475 0.0102986246
v 0.00544988038 -0.00191601925 0.0102958335
v 0.00539946603 -0.00205188151 0.0103534823
v 0.00550183095 -0.00193558156 0.0102956658
v 0.0053032143 -0.00216218876 0.0104458239
v 0.00521677127 -0.00226226146 0.0105691394
v 0.00510389358 -0.00221976149 0.0105695091
v 0.0054131113 -0.00218285504 0.0104503753
v 0.00548581267 -0.00206811959 0.0103570623
v 0.005561308 -0.0019467657 0.010298131
v 0.00553268846 -0.00218725135 0.0104596289
v 0.0055797617 -0.00207157317 0.0103643285
v 0.00565734506 -0.00217520702 0.010473215
v 0.00562602282 -0.00194914511 0.0103031378
v 0.00567770703 -0.00206211093 0.0103749996
v 0.00578230014 -0.00214718515 0.0104906112
v 0.00569348922 -0.00194262736 0.010310485
v 0.00566968601 -0.00182467035 0.0102783972
v 0.00570408115 -0.0018213474 0.010282143
v 0.00577588286 -0.0020400947 0.0103886696
v 0.00576111162 -0.00192746159 0.010319897
v 0.00573855685 -0.00181361672 0.010286944
v 0.00582629535 -0.00190423243 0.0103310179
v 0.00587051362 -0.00200637034 0.0104048075
v 0.0059579676 -0.00196223496 0.0104228044
v 0.00590274623 -0.00210426329 0.0105111552
v 0.00601405138 -0.00204809126 0.0105340518
v 0.00611194782 -0.00198082509 0.0105584366
v 0.00592174381 -0.00219414942 0.0106459605
v 0.00578011759 -0.00224461965 0.0106218047
v 0.00605263049 -0.0021280956 0.0106728924
v 0.00616773963 -0.0020490014 0.0107015539
v 0.00626265258 -0.001959902 0.0107308533
v 0.00630558189 -0.00201229099 0.0108983731
v 0.00620012172 -0.00211129361 0.0108658224
v 0.00638454733 -0.00190598064 0.0109303826
v 0.00480026472 -0.0023433005 0.0110804709
v 0.00478546089 -0.00237234891 0.0112711955
v 0.00489420723 -0.00244202302 0.0112640308
v 0.0049111438 -0.00241433922 0.0110731656
v 0.00502735469 -0.00249215728 0.0112636024
v 0.00504690176 -0.00246545556 0.0110727316
v 0.00495295739 -0.00236673234 0.0108891679
v 0.00508610252 -0.00241686706 0.010888732
v 0.00502822502 -0.0024959445 0.0114540225
v 0.00490280194 -0.00244872086 0.0114544295
v 0.00504947174 -0.00247667311 0.0116366828
v 0.00493659591 -0.00243417313 0.0116370423
v 0.00517978799 -0.00252082292 0.0112699233
v 0.00520231854 -0.00249468326 0.0110791707
v 0.00517181028 -0.00252294843 0.0114599774
v 0.00517869694 -0.00250097574 0.011642037
v 0.00523853395 -0.00244553084 0.0108950483
v 0.00514346128 -0.00234825537 0.0107186912
v 0.00509028416 -0.00243508327 0.0118045462
v 0.00520017929 -0.00245575001 0.0118091004
v 0.00499428948 -0.00239893841 0.0118048545
v 0.00484440429 -0.00237510679 0.0116431173
v 0.00491588656 -0.00234870729 0.0118100233
v 0.00507366424 -0.00234437454 0.0119514102
v 0.00501206145 -0.00230490672 0.011955468
v 0.00514908647 -0.00237277197 0.0119511718
v 0.00522362441 -0.00229213596 0.0120709194
v 0.0051716743 -0.00227257493 0.012071087
v 0.00528309913 -0.00230332138 0.0120733809
v 0.00523543125 -0.00238901074 0.0119547499
v 0.00534781348 -0.00230570068 0.0120783811
v 0.00532938074 -0.00239246432 0.0119620115
v 0.00531975692 -0.00246014586 0.0118183475
v 0.0053193043 -0.00250614458 0.0116529148
v 0.00532804662 -0.00252869073 0.0114720613
v 0.00534564489 -0.00252691982 0.0112827541
v 0.00537142437 -0.00250089867 0.011092254
v 0.00541528035 -0.00229918049 0.0120857395
v 0.00542732654 -0.00238300068 0.0119726853
v 0.00544441584 -0.00244810223 0.0118319308
v 0.00546588982 -0.00249198196 0.0116688842
v 0.00549092144 -0.00251295511 0.0114898132
v 0.00540873641 -0.00219986425 0.0121667394
v 0.00537434407 -0.00220318721 0.0121629937
v 0.00544321118 -0.00219213241 0.0121715432
v 0.00548290601 -0.00228401483 0.0120951543
v 0.00547644356 -0.00218029087 0.0121772112
v 0.00552550051 -0.00236098398 0.0119863497
v 0.00554808648 -0.00226078741 0.0121062677
v 0.00550715392 -0.0021647918 0.012183534
v 0.00560832722 -0.00223038602 0.0121186646
v 0.00556936767 -0.00242007966 0.0118493335
v 0.00562013593 -0.00232726149 0.0120024942
v 0.00561281666 -0.002459032 0.0116893472
v 0.00570758944 -0.00228312612 0.0120204948
v 0.00566130644 -0.00219398318 0.012131854
v 0.00568981143 -0.00237715943 0.0118698739
v 0.00578450365 -0.00223027635 0.0120396456
v 0.00570499012 -0.00215297565 0.0121453404
v 0.00584792066 -0.00217074319 0.0120592201
v 0.00580112077 -0.00232098508 0.0118927779
v 0.00589901535 -0.00225372077 0.0119171524
v 0.00597973028 -0.00217794953 0.0119420644
v 0.00575444754 -0.00240856176 0.011713502
v 0.00565417996 -0.00247634226 0.0115125403
v 0.00588533096 -0.00234250841 0.0117404265
v 0.00600044057 -0.00226341304 0.0117690954
v 0.00609535165 -0.00217431481 0.0117983911
v 0.00581155065 -0.00242026197 0.0115393922
v 0.00551855192 -0.00251021329 0.0113015892
v 0.0059569818 -0.00234686956 0.011569309
v 0.00608488265 -0.00225898321 0.0116011547
v 0.00619034329 -0.00215998222 0.0116337119
v 0.00569186872 -0.00247134618 0.0113257263
v 0.00554771908 -0.00248386548 0.0111114606
v 0.00585892797 -0.00241181185 0.0113542164
v 0.00601331703 -0.00233389973 0.0113859838
v 0.00614909921 -0.00224060053 0.0114197964
v 0.00626105536 -0.00213549915 0.0114543568
v 0.00572443008 -0.00244423747 0.0111360643
v 0.00540439226 -0.00245162891 0.01090788
v 0.00589476619 -0.00238353666 0.0111651216
v 0.0060521774 -0.00230409671 0.0111975037
v 0.00619061757 -0.00220896956 0.0112319756
v 0.00630476838 -0.00210180995 0.011267215
v 0.00557730021 -0.00243492122 0.0109267188
v 0.00528705213 -0.00237525813 0.0107246488
v 0.00575061468 -0.0023960548 0.0109508522
v 0.00591767533 -0.00233652117 0.0109793479
v 0.00607206393 -0.00225860719 0.0110111125
v 0.00620784611 -0.00216530846 0.011044926
v 0.00631980412 -0.00206020777 0.0110794883
v 0.00544328196 -0.0023810016 0.0107367309
v 0.00521677127 -0.00226226146 0.0105691394
v 0.00510389358 -0.00221976149 0.0105695091
v 0.00534599693 -0.00228656409 0.0105744945
v 0.0053032143 -0.00216218876 0.0104458239
v 0.0054131113 -0.00218285504 0.0104503753
v 0.00548660243 -0.00229173293 0.0105853733
v 0.00553268846 -0.00218725135 0.0104596289
v 0.00560615957 -0.00236526481 0.0107544744
v 0.00563318795 -0.00227756961 0.0106013501
v 0.00565734506 -0.00217520702 0.010473215
v 0.00576941855 -0.00232865335 0.0107772062
v 0.00578011759 -0.00224461965 0.0106218047
v 0.00578230014 -0.00214718515 0.0104906112
v 0.00592678646 -0.00227257307 0.0108040543
v 0.00592174381 -0.00219414942 0.0106459605
v 0.00607221527 -0.00219917833 0.0108339703
v 0.00605263049 -0.0021280956 0.0106728924
v 0.00620012172 -0.00211129361 0.0108658224
v 0.00616773963 -0.0020490014 0.0107015539
v 0.00630558189 -0.00201229099 0.0108983731
v 0.00484420825 -0.002297058 0.0108963288
v 0.00480026472 -0.0023433005 0.0110804709
v 0.0049111438 -0.00241433922 0.0110731656
v 0.00495295739 -0.00236673234 0.0108891679
v 0.00491560251 -0.00223539886 0.0107258484
v 0.0050180424 -0.00230103009 0.0107190972
v 0.00508610252 -0.00241686706 0.010888732
v 0.00514346128 -0.00234825537 0.0107186912
v 0.00510389358 -0.00221976149 0.0105695091
v 0.00501206145 -0.00230490672 0.011955468
v 0.0051716743 -0.00227257493 0.012071087
v 0.00507366424 -0.00234437454 0.0119514102
v 0.00512923952 -0.00224538916 0.0120738754
v 0.00528454641 -0.0021863014 0.0121592702
v 0.00526291551 -0.00217244076 0.0121606933
v 0.00509796385 -0.00221162429 0.0120791942
v 0.00531103136 -0.00219627307 0.0121591818
v 0.00522362441 -0.00229213596 0.0120709194
v 0.00524696801 -0.00215522759 0.0121634044
v 0.00507903518 -0.00217257743 0.0120868301
v 0.00540795131 -0.00208886503 0.0122125838
v 0.00534135336 -0.00220197439 0.0121604474
v 0.00528309913 -0.00230332138 0.0120733809
v 0.00523731997 -0.0021353215 0.0121672926
v 0.00507318974 -0.00212974963 0.0120964833
v 0.00523434021 -0.00211348897 0.0121722203
v 0.00537434407 -0.00220318721 0.0121629937
v 0.00534781348 -0.00230570068 0.0120783811
v 0.00540873641 -0.00219986425 0.0121667394
v 0.00544321118 -0.00219213241 0.0121715432
v 0.00547644356 -0.00218029087 0.0121772112
v 0.00550715392 -0.0021647918 0.012183534
v 0.00553416042 -0.0021462345 0.0121902563
v 0.00560832722 -0.00223038602 0.0121186646
v 0.00566130644 -0.00219398318 0.012131854
v 0.0055564288 -0.00212532817 0.012197122
v 0.00570499012 -0.00215297565 0.0121453404
v 0.00557310646 -0.00210287981 0.0122038899
v 0.00558354566 -0.00207974785 0.0122102723
v 0.00573769864 -0.00210893876 0.0121586034
v 0.00575817563 -0.00206356752 0.0121711232
v 0.00558734918 -0.00205682637 0.0122160353
v 0.00576563459 -0.00201860303 0.0121824285
v 0.00558436662 -0.00203499198 0.0122209582
v 0.00575978868 -0.00197577407 0.0121920835
v 0.00557471998 -0.00201508706 0.0122248502
v 0.00574086094 -0.00193672767 0.0121997176
v 0.00592747517 -0.00191348849 0.0121270772
v 0.00555877155 -0.00199787319 0.0122275576
v 0.00570958015 -0.00190296234 0.0122050298
v 0.00553714018 -0.00198401441 0.0122289807
v 0.0055106529 -0.00197404204 0.0122290617
v 0.00548033323 -0.00196834072 0.0122278137
v 0.00573855685 -0.00181361672 0.010286944
v 0.00582629535 -0.00190423243 0.0103310179
v 0.00577178644 -0.00180177391 0.0102926148
v 0.00588653376 -0.00187383231 0.0103434073
v 0.00580249634 -0.0017862767 0.0102989301
v 0.0059579676 -0.00196223496 0.0104228044
v 0.00593951438 -0.00183742936 0.0103566032
v 0.0060348832 -0.00190938648 0.0104419589
v 0.00611194782 -0.00198082509 0.0105584366
v 0.00609830022 -0.00184985215 0.0104615306
v 0.00598319713 -0.00179642078 0.0103700859
v 0.00614578836 -0.00178592256 0.0104807829
v 0.00619266275 -0.00190505327 0.0105833467
v 0.00626265258 -0.001959902 0.0107308533
v 0.00625309907 -0.00182368513 0.0106078424
v 0.00633371808 -0.00186422409 0.0107596572
v 0.00638454733 -0.00190598064 0.0109303826
v 0.0064339838 -0.00179644336 0.010960619
v 0.00637820922 -0.00176564336 0.0107868668
v 0.00629093638 -0.00173984887 0.0106309857
v 0.00617551431 -0.00172005233 0.0104989661
v 0.00639441609 -0.00166794832 0.0108114323
v 0.00630471762 -0.00165676652 0.0106518734
v 0.00638171379 -0.00157489302 0.0108324056
v 0.00629391428 -0.00157763006 0.0106697083
v 0.00630558189 -0.00201229099 0.0108983731
v 0.006403632 -0.0019473487 0.011113463
v 0.00638454733 -0.00190598064 0.0109303826
v 0.00631980412 -0.00206020777 0.0110794883
v 0.00639024004 -0.00198673899 0.011301863
v 0.00630476838 -0.00210180995 0.011267215
v 0.0063448837 -0.00202264008 0.0114883333
v 0.00626105536 -0.00213549915 0.0114543568
v 0.00626931153 -0.00205366965 0.0116657186
v 0.00619034329 -0.00215998222 0.0116337119
v 0.00616642088 -0.00207863562 0.0118271988
v 0.00609535165 -0.00217431481 0.0117983911
v 0.00621090876 -0.00198005489 0.0118544083
v 0.00631874846 -0.00194413238 0.0116959512
v 0.00604016939 -0.00209657964 0.0119665666
v 0.00597973028 -0.00217794953 0.0119420644
v 0.0060780067 -0.00201274455 0.0119897053
v 0.00589540601 -0.00210681325 0.012078465
v 0.00584792066 -0.00217074319 0.0120592201
v 0.00609178888 -0.00192966161 0.0120105939
v 0.00622711517 -0.00188236171 0.0118789636
v 0.00593596324 -0.00197566627 0.0121130571
v 0.00592513382 -0.00204094173 0.0120966444
v 0.00573769864 -0.00210893876 0.0121586034
v 0.00570499012 -0.00215297565 0.0121453404
v 0.00575817563 -0.00206356752 0.0121711232
v 0.00576563459 -0.00201860303 0.0121824285
v 0.00575978868 -0.00197577407 0.0121920835
v 0.00592747517 -0.00191348849 0.0121270772
v 0.0063448837 -0.00202264008 0.0114883333
v 0.00626931153 -0.00205366965 0.0116657186
v 0.00631874846 -0.00194413238 0.0116959512
v 0.00639736559 -0.00190635619 0.0115204277
v 0.00639024004 -0.00198673899 0.011301863
v 0.00633675279 -0.00183557859 0.0117232436
v 0.00644375011 -0.00186817639 0.011334585
v 0.006403632 -0.0019473487 0.011113463
v 0.00641648378 -0.00179111597 0.0115494011
v 0.00632263767 -0.00173218187 0.0117465472
v 0.0064014988 -0.00168134982 0.0115741454
v 0.00646324083 -0.00175067957 0.0113641219
v 0.00644796155 -0.00163876475 0.0113893505
v 0.00645611435 -0.00183106482 0.0111455601
v 0.00638454733 -0.00190598064 0.0109303826
v 0.0064339838 -0.00179644336 0.010960619
v 0.00647522928 -0.00171582401 0.0111745344
v 0.0064602443 -0.00160605903 0.011199275
v 0.00639850367 -0.00153672928 0.0114092911
v 0.00641173683 -0.00150598527 0.0112188347
v 0.00645198813 -0.00168788969 0.0109879123
v 0.00637820922 -0.00176564336 0.0107868668
v 0.00639441609 -0.00166794832 0.0108114323
v 0.00643787673 -0.00158449169 0.0110112149
v 0.00639218092 -0.0014902252 0.0110296365
v 0.00638171379 -0.00157489302 0.0108324056
v 0.00634058937 -0.00149005407 0.0108489906
v 0.00631874846 -0.00194413238 0.0116959512
v 0.00621090876 -0.00198005489 0.0118544083
v 0.00622711517 -0.00188236171 0.0118789636
v 0.00633675279 -0.00183557859 0.0117232436
v 0.00621441333 -0.00178930571 0.0118999481
v 0.00632263767 -0.00173218187 0.0117465472
v 0.00608098367 -0.00185052445 0.0120284306
v 0.00609178888 -0.00192966161 0.0120105939
v 0.00592747517 -0.00191348849 0.0121270772
v 0.00593596324 -0.00197566627 0.0121130571
v 0.00589999789 -0.00185680145 0.012138159
v 0.00604601204 -0.00177837547 0.0120425317
v 0.00585458381 -0.00180778082 0.0121458638
v 0.00598821277 -0.00171598606 0.0120523581
v 0.00617328892 -0.0017044663 0.0119165247
v 0.00627694419 -0.0016379141 0.0117649743
v 0.0064014988 -0.00168134982 0.0115741454
v 0.00635298854 -0.00158127665 0.0115936995
v 0.00610532518 -0.00163110485 0.0119280731
v 0.00590981124 -0.00166575366 0.0120575167
v 0.00601313589 -0.00157203665 0.0119341463
v 0.00620142929 -0.00155639765 0.0117778061
v 0.00627282029 -0.00149473967 0.0116073256
v 0.00609898986 -0.00149076642 0.0117845573
v 0.00592747517 -0.00191348849 0.0121270772
v 0.00574086094 -0.00193672767 0.0121997176
v 0.00589999789 -0.00185680145 0.012138159
v 0.00570958015 -0.00190296234 0.0122050298
v 0.00585458381 -0.00180778082 0.0121458638
v 0.00566715095 -0.00187577785 0.0122078285
v 0.00553714018 -0.00198401441 0.0122289807
v 0.00555877155 -0.00199787319 0.0122275576
v 0.0055106529 -0.00197404204 0.0122290617
v 0.00579298474 -0.00176831544 0.0121499235
v 0.00598821277 -0.00171598606 0.0120523581
v 0.00590981124 -0.00166575366 0.0120575167
v 0.00561519852 -0.00185621611 0.0122079896
v 0.00548033323 -0.00196834072 0.0122278137
v 0.00571756298 -0.00173991674 0.0121501731
v 0.0058138161 -0.00162961066 0.0120578324
v 0.00601313589 -0.00157203665 0.0119341463
v 0.0056312182 -0.00172367808 0.0121465921
v 0.00590025634 -0.00152953737 0.0119345114
v 0.00609898986 -0.00149076642 0.0117845573
v 0.0057039205 -0.00160894275 0.0120532792
v 0.00577103253 -0.00150523544 0.01192916
v 0.00553726731 -0.00172022404 0.012139326
v 0.00558434334 -0.00160454633 0.0120440256
v 0.00629391428 -0.00157763006 0.0106697083
v 0.00638171379 -0.00157489302 0.0108324056
v 0.00634058937 -0.00149005407 0.0108489906
v 0.00625894172 -0.00150548038 0.0106838131
v 0.00617785659 -0.00159259676 0.0105293905
v 0.00629391428 -0.00157763006 0.0106697083
v 0.00625894172 -0.00150548038 0.0106838131
v 0.00615037885 -0.00153590972 0.0105404686
v 0.00620114291 -0.00144309097 0.0106936349
v 0.00610496616 -0.00148689153 0.0105481837
v 0.00601906702 -0.00158017396 0.0104244603
v 0.00598779134 -0.00154640852 0.0104297791
v 0.00604336709 -0.00144742371 0.0105522443
v 0.00612274045 -0.00139285973 0.0106988009
v 0.00594535703 -0.00151922228 0.0104325684
v 0.00585411349 -0.00161935738 0.0103429593
v 0.00583248306 -0.00160549756 0.0103443842
v 0.0060267481 -0.00135671557 0.0106991101
v 0.00606755679 -0.00131512457 0.0108669698
v 0.00593833299 -0.00129082322 0.0108616184
v 0.00591685157 -0.00133604708 0.010694555
v 0.005967943 -0.00141902617 0.0105524864
v 0.00589340506 -0.00149966299 0.0104327351
v 0.00580599951 -0.00159552635 0.0103444727
v 0.00588159775 -0.00140278693 0.0105489064
v 0.00579727395 -0.00133165182 0.010685307
v 0.00578764593 -0.00139933347 0.0105416356
v 0.0058339308 -0.00148847816 0.0104302745
v 0.00577567704 -0.00158982328 0.010343207
v 0.00576921506 -0.001486097 0.0104252631
v 0.0057426868 -0.00158861093 0.0103406608
vt 0.929199219 0.884277344
vt 0.942382812 0.880371094
vt 0.938476562 0.875
vt 0.219604492 0.53515625
vt 0.226074219 0.529785156
vt 0.219726562 0.5234375
vt 0.167358398 0.907226562
vt 0.174072266 0.907226562
vt 0.162597656 0.896972656
vt 0.15234375 0.895507812
vt 0.155517578 0.888183594
vt 0.181274414 0.936035156
vt 0.176269531 0.935546875
vt 0.177734375 0.945800781
vt 0.877929688 0.20324707
vt 0.886230469 0.208740234
vt 0.881347656 0.194946289
vt 0.89453125 0.210693359
vt 0.885253906 0.218261719
vt 0.896972656 0.2265625
vt 0.887695312 0.190063477
vt 0.908691406 0.224365234
vt 0.906738281 0.198120117
vt 0.901367188 0.18359375
vt 0.916503906 0.176391602
vt 0.909179688 0.212402344
vt 0.922363281 0.193969727
vt 0.924316406 0.211669922
vt 0.922851562 0.2265625
vt 0.932128906 0.191162109
vt 0.926757812 0.172241211
vt 0.936035156 0.168701172
vt 0.934082031 0.210327148
vt 0.932617188 0.226196289
vt 0.94140625 0.188354492
vt 0.947753906 0.17565918
vt 0.953125 0.193359375
vt 0.942382812 0.208007812
vt 0.940917969 0.224365234
vt 0.949707031 0.213867188
vt 0.209228516 0.259765625
vt 0.217773438 0.294189453
vt 0.217773438 0.234863281
vt 0.429199219 0.862792969
vt 0.417724609 0.845214844
vt 0.398681641 0.87890625
vt 0.722167969 0.391601562
vt 0.739746094 0.404052734
vt 0.750488281 0.376953125
vt 0.722167969 0.354492188
vt 0.703125 0.383300781
vt 0.694824219 0.416259766
vt 0.675292969 0.40625
vt 0.6484375 0.150878906
vt 0.645507812 0.124633789
vt 0.622070312 0.132080078
vt 0.647949219 0.173828125
vt 0.62890625 0.157470703
vt 0.62890625 0.181152344
vt 0.607421875 0.186035156
vt 0.615234375 0.202270508
vt 0.572753906 0.191040039
vt 0.168945312 0.480712891
vt 0.1875 0.509765625
vt 0.187255859 0.481201172
vt 0.5859375 0.62890625
vt 0.595703125 0.649902344
vt 0.608398438 0.622558594
vt 0.565429688 0.657226562
vt 0.563964844 0.624511719
vt 0.538085938 0.654785156
vt 0.569335938 0.599121094
vt 0.592773438 0.596191406
vt 0.54296875 0.614746094
vt 0.584960938 0.5625
vt 0.604003906 0.549804688
vt 0.560058594 0.566894531
vt 0.55859375 0.525390625
vt 0.542480469 0.58203125
vt 0.523925781 0.530761719
vt 0.527832031 0.637695312
vt 0.488769531 0.647460938
vt 0.5 0.665527344
vt 0.503417969 0.625
vt 0.510742188 0.600097656
vt 0.479248047 0.611816406
vt 0.461914062 0.622070312
vt 0.477783203 0.661132812
vt 0.454833984 0.642089844
vt 0.453125 0.58984375
vt 0.480712891 0.579589844
vt 0.516113281 0.583496094
vt 0.501953125 0.548828125
vt 0.465576172 0.560058594
vt 0.443847656 0.548339844
vt 0.433349609 0.573730469
vt 0.462402344 0.528320312
vt 0.483398438 0.522949219
vt 0.481689453 0.501464844
vt 0.456054688 0.506347656
vt 0.515625 0.50390625
vt 0.474365234 0.480224609
vt 0.449707031 0.487548828
vt 0.461425781 0.465332031
vt 0.505371094 0.461181641
vt 0.500976562 0.479492188
vt 0.541503906 0.489013672
vt 0.580078125 0.514160156
vt 0.550292969 0.470703125
vt 0.694824219 0
vt 0.669433594 0.013885498
vt 0.664550781 0.0307159424
vt 0.660644531 0.421142578
vt 0.649414062 0.432373047
vt 0.659667969 0.435058594
vt 0.882324219 0.0595092773
vt 0.885742188 0.0426025391
vt 0.873535156 0.0399780273
vt 0.900390625 0.0934448242
vt 0.893066406 0.100280762
vt 0.916015625 0.12310791
vt 0.90625 0.1328125
vt 0.916503906 0.14050293
vt 0.973632812 0.763183594
vt 0.966796875 0.753417969
vt 0.96484375 0.771484375
vt 0.97265625 0.73046875
vt 0.959960938 0.733398438
vt 0.973632812 0.694335938
vt 0.949707031 0.752441406
vt 0.957519531 0.697753906
vt 0.959960938 0.672851562
vt 0.973632812 0.669433594
vt 0.945800781 0.671386719
vt 0.942382812 0.69921875
vt 0.950683594 0.72265625
vt 0.937011719 0.711425781
vt 0.938476562 0.735839844
vt 0.934570312 0.7578125
vt 0.944824219 0.768066406
vt 0.937011719 0.775390625
vt 0.92578125 0.7421875
vt 0.920898438 0.749023438
vt 0.585449219 0.934082031
vt 0.588867188 0.952636719
vt 0.596191406 0.938964844
vt 0.563964844 0.957519531
vt 0.572753906 0.97265625
vt 0.547851562 0.973144531
vt 0.546875 0.988769531
vt 0.596191406 0.975585938
vt 0.572265625 0.994140625
vt 0.596191406 0.990234375
vt 0.94921875 0.254638672
vt 0.939453125 0.256103516
vt 0.940917969 0.273681641
vt 0.630371094 0.450927734
vt 0.640136719 0.459716797
vt 0.645507812 0.449707031
vt 0.923339844 0.0164489746
vt 0.928710938 0.00364875793
vt 0.909667969 0
vt 0.852539062 0.131347656
vt 0.861328125 0.118286133
vt 0.849609375 0.122375488
vt 0.830566406 0.110473633
vt 0.838867188 0.127929688
vt 0.827636719 0.116760254
vt 0.840820312 0.103271484
vt 0.831054688 0.0924682617
vt 0.841308594 0.0869140625
vt 0.830078125 0.056640625
vt 0.820800781 0.0633544922
vt 0.813476562 0.0224456787
vt 0.796386719 0.0393371582
vt 0.8125 0.0761108398
vt 0.375732422 0.723632812
vt 0.350830078 0.777832031
vt 0.361083984 0.791503906
vt 0.360839844 0.816894531
vt 0.374267578 0.796386719
vt 0.375732422 0.814453125
vt 0.367675781 0.834960938
vt 0.881347656 0.672363281
vt 0.896484375 0.682617188
vt 0.891113281 0.669433594
vt 0.90625 0.700683594
vt 0.911621094 0.688476562
vt 0.89453125 0.6953125
vt 0.898925781 0.714355469
vt 0.912597656 0.720214844
vt 0.00744247437 0.805175781
vt 0.00804901123 0.770019531
vt 0.000770568848 0.784667969
vt 0.587890625 0.925292969
vt 0.576660156 0.920410156
vt 0.577636719 0.928710938
vt 0.578125 0.909667969
vt 0.587890625 0.916503906
vt 0.568359375 0.910644531
vt 0.568847656 0.896484375
vt 0.555175781 0.90234375
vt 0.563476562 0.916015625
vt 0.56640625 0.923339844
vt 0.55078125 0.913574219
vt 0.626953125 0.947753906
vt 0.613769531 0.946777344
vt 0.621582031 0.95703125
vt 0.864746094 0.642089844
vt 0.853515625 0.640625
vt 0.859375 0.657714844
vt 0.876953125 0.278808594
vt 0.871582031 0.262207031
vt 0.865722656 0.287353516
vt 0.851074219 0.258300781
vt 0.866699219 0.247802734
vt 0.879882812 0.255126953
vt 0.876953125 0.23840332
vt 0.85546875 0.443847656
vt 0.856445312 0.454589844
vt 0.868164062 0.447509766
vt 0.833984375 0.438964844
vt 0.838867188 0.451904297
vt 0.853515625 0.4296875
vt 0.840332031 0.417236328
vt 0.818847656 0.426025391
vt 0.815917969 0.446044922
vt 0.805175781 0.430908203
vt 0.798828125 0.410644531
vt 0.818847656 0.404296875
vt 0.808105469 0.407958984
vt 0.801269531 0.372802734
vt 0.791503906 0.374267578
vt 0.830078125 0.399902344
vt 0.814453125 0.382568359
vt 0.825683594 0.378417969
vt 0.810546875 0.359863281
vt 0.841796875 0.394775391
vt 0.861328125 0.406494141
vt 0.871582031 0.419189453
vt 0.870605469 0.434814453
vt 0.853027344 0.389160156
vt 0.822265625 0.355957031
vt 0.813476562 0.3359375
vt 0.837890625 0.373535156
vt 0.833984375 0.351318359
vt 0.849609375 0.367919922
vt 0.863769531 0.383300781
vt 0.836914062 0.326904297
vt 0.823242188 0.310058594
vt 0.845703125 0.345947266
vt 0.858886719 0.350341797
vt 0.873046875 0.376953125
vt 0.87890625 0.394775391
vt 0.868652344 0.343994141
vt 0.879882812 0.360595703
vt 0.858886719 0.314941406
vt 0.873535156 0.313720703
vt 0.865722656 0.287353516
vt 0.845703125 0.300048828
vt 0.833496094 0.28515625
vt 0.813476562 0.29296875
vt 0.81640625 0.273681641
vt 0.853515625 0.274658203
vt 0.871582031 0.262207031
vt 0.851074219 0.258300781
vt 0.833496094 0.267089844
vt 0.834472656 0.252197266
vt 0.712890625 0.804199219
vt 0.720703125 0.822265625
vt 0.72265625 0.800292969
vt 0.194091797 0.873535156
vt 0.177734375 0.880371094
vt 0.183105469 0.883789062
vt 0.165161133 0.880859375
vt 0.170043945 0.888183594
vt 0.169921875 0.868164062
vt 0.184326172 0.868652344
vt 0.151855469 0.873535156
vt 0.157104492 0.88671875
vt 0.144287109 0.883789062
vt 0.133789062 0.872070312
vt 0.139526367 0.864257812
vt 0.124023438 0.859375
vt 0.131103516 0.850097656
vt 0.149902344 0.858398438
vt 0.144165039 0.842285156
vt 0.130981445 0.828125
vt 0.163208008 0.854003906
vt 0.177490234 0.852539062
vt 0.148925781 0.819824219
vt 0.126586914 0.807617188
vt 0.161132812 0.836914062
vt 0.191040039 0.853515625
vt 0.201049805 0.857910156
vt 0.209472656 0.841796875
vt 0.146240234 0.798828125
vt 0.127685547 0.774414062
vt 0.137695312 0.772460938
vt 0.170043945 0.815429688
vt 0.179443359 0.834960938
vt 0.196655273 0.8359375
vt 0.216308594 0.822753906
vt 0.205200195 0.817871094
vt 0.191162109 0.815429688
vt 0.148925781 0.772460938
vt 0.144897461 0.71484375
vt 0.161987305 0.689941406
vt 0.162353516 0.789550781
vt 0.165527344 0.7265625
vt 0.174560547 0.790039062
vt 0.198974609 0.791015625
vt 0.210693359 0.790039062
vt 0.175170898 0.684082031
vt 0.175537109 0.668457031
vt 0.177612305 0.730957031
vt 0.186767578 0.791015625
vt 0.186279297 0.682617188
vt 0.190429688 0.665527344
vt 0.19128418 0.728027344
vt 0.203979492 0.728027344
vt 0.215332031 0.7265625
vt 0.216308594 0.687011719
vt 0.208129883 0.667480469
vt 0.197753906 0.682617188
vt 0.200073242 0.665527344
vt 0.197265625 0.654296875
vt 0.208740234 0.655761719
vt 0.48828125 0.6796875
vt 0.473632812 0.673828125
vt 0.464111328 0.687988281
vt 0.448242188 0.702148438
vt 0.464599609 0.708984375
vt 0.444580078 0.723632812
vt 0.453125 0.727050781
vt 0.438964844 0.745605469
vt 0.447998047 0.748535156
vt 0.435546875 0.767578125
vt 0.444580078 0.770996094
vt 0.438964844 0.791015625
vt 0.444580078 0.770996094
vt 0.435546875 0.767578125
vt 0.433349609 0.810546875
vt 0.450927734 0.815917969
vt 0.446777344 0.833007812
vt 0.466064453 0.839355469
vt 0.454833984 0.850585938
vt 0.474121094 0.824707031
vt 0.460205078 0.798828125
vt 0.471679688 0.855957031
vt 0.46484375 0.865234375
vt 0.484863281 0.872070312
vt 0.489990234 0.848144531
vt 0.491943359 0.831054688
vt 0.505859375 0.8359375
vt 0.505859375 0.854003906
vt 0.491943359 0.86328125
vt 0.499023438 0.876953125
vt 0.511230469 0.87109375
vt 0.510253906 0.881347656
vt 0.984863281 0.654296875
vt 0.995605469 0.641113281
vt 0.981445312 0.646972656
vt 0.971191406 0.65625
vt 0.966796875 0.645507812
vt 0.379882812 0.788574219
vt 0.387451172 0.793945312
vt 0.387695312 0.784179688
vt 0.375732422 0.802246094
vt 0.384765625 0.809570312
vt 0.376953125 0.821289062
vt 0.398925781 0.799804688
vt 0.397216797 0.816894531
vt 0.410644531 0.810058594
vt 0.392822266 0.830566406
vt 0.384033203 0.830078125
vt 0.393798828 0.844238281
vt 0.954101562 0.0411376953
vt 0.945800781 0.0484313965
vt 0.961425781 0.0546569824
vt 0.977050781 0.0540771484
vt 0.971679688 0.0461120605
vt 0.971679688 0.0628051758
vt 0.420410156 0.296875
vt 0.433349609 0.292480469
vt 0.421875 0.268310547
vt 0.408447266 0.328125
vt 0.427490234 0.324707031
vt 0.403808594 0.299560547
vt 0.410644531 0.271728516
vt 0.41015625 0.358154297
vt 0.431884766 0.354248047
vt 0.409423828 0.388916016
vt 0.433349609 0.384277344
vt 0.406005859 0.418457031
vt 0.432128906 0.413330078
vt 0.398925781 0.442871094
vt 0.426025391 0.437744141
vt 0.375976562 0.417724609
vt 0.382080078 0.389160156
vt 0.345458984 0.412841797
vt 0.385742188 0.359130859
vt 0.354003906 0.385986328
vt 0.386474609 0.329101562
vt 0.316894531 0.40625
vt 0.305419922 0.428710938
vt 0.359619141 0.356933594
vt 0.280517578 0.420654297
vt 0.274902344 0.438964844
vt 0.326416016 0.380371094
vt 0.290771484 0.3984375
vt 0.259033203 0.412109375
vt 0.267089844 0.389892578
vt 0.300048828 0.373291016
vt 0.333496094 0.352783203
vt 0.307861328 0.346679688
vt 0.362792969 0.327880859
vt 0.338623047 0.324462891
vt 0.314697266 0.319580078
vt 0.342529297 0.297119141
vt 0.384765625 0.300537109
vt 0.364013672 0.299560547
vt 0.396972656 0.273925781
vt 0.380859375 0.274414062
vt 0.398681641 0.24987793
vt 0.407470703 0.247314453
vt 0.387939453 0.251464844
vt 0.363525391 0.273681641
vt 0.375488281 0.251953125
vt 0.377197266 0.233032227
vt 0.368652344 0.233154297
vt 0.362060547 0.251220703
vt 0.359375 0.232666016
vt 0.347900391 0.249633789
vt 0.345458984 0.271728516
vt 0.321289062 0.29296875
vt 0.327636719 0.268554688
vt 0.492919922 0.443603516
vt 0.469970703 0.4140625
vt 0.469238281 0.431396484
vt 0.520019531 0.453125
vt 0.493652344 0.423339844
vt 0.520019531 0.430419922
vt 0.516113281 0.24597168
vt 0.515136719 0.229614258
vt 0.488037109 0.241821289
vt 0.718261719 0.476806641
vt 0.724121094 0.462890625
vt 0.697753906 0.461181641
vt 0.741210938 0.5
vt 0.713867188 0.493408203
vt 0.744628906 0.484619141
vt 0.739746094 0.517578125
vt 0.712890625 0.513183594
vt 0.741210938 0.5390625
vt 0.714355469 0.536621094
vt 0.745117188 0.562988281
vt 0.71875 0.564941406
vt 0.750976562 0.587890625
vt 0.726074219 0.595703125
vt 0.769042969 0.562988281
vt 0.772949219 0.581054688
vt 0.778320312 0.598632812
vt 0.766601562 0.544921875
vt 0.7578125 0.611816406
vt 0.765625 0.528320312
vt 0.788574219 0.550292969
vt 0.788085938 0.538574219
vt 0.734863281 0.625488281
vt 0.699707031 0.604980469
vt 0.765625 0.6328125
vt 0.708984375 0.637207031
vt 0.766601562 0.513183594
vt 0.7890625 0.527832031
vt 0.76953125 0.499755859
vt 0.750488281 0.471679688
vt 0.7734375 0.48828125
vt 0.743652344 0.650878906
vt 0.71875 0.6640625
vt 0.7734375 0.648925781
vt 0.752929688 0.669433594
vt 0.242553711 0.0521240234
vt 0.229492188 0.0747680664
vt 0.241455078 0.0843505859
vt 0.232299805 0.108032227
vt 0.247436523 0.117614746
vt 0.242919922 0.140625
vt 0.227661133 0.132568359
vt 0.261474609 0.148071289
vt 0.261474609 0.168823242
vt 0.242919922 0.163696289
vt 0.282958984 0.172119141
vt 0.282958984 0.154541016
vt 0.286376953 0.188964844
vt 0.265625 0.188720703
vt 0.247436523 0.185913086
vt 0.293212891 0.204589844
vt 0.314697266 0.198730469
vt 0.2734375 0.20715332
vt 0.256103516 0.206542969
vt 0.302978516 0.218261719
vt 0.284912109 0.223388672
vt 0.322265625 0.209350586
vt 0.342285156 0.197021484
vt 0.348876953 0.20300293
vt 0.962402344 0.469970703
vt 0.962402344 0.482421875
vt 0.970214844 0.466796875
vt 0.971679688 0.477539062
vt 0.969238281 0.48828125
vt 0.954589844 0.489990234
vt 0.965332031 0.498535156
vt 0.975585938 0.497558594
vt 0.969726562 0.509277344
vt 0.979980469 0.486083984
vt 0.987304688 0.489501953
vt 0.977050781 0.469238281
vt 0.977539062 0.461181641
vt 0.982910156 0.464355469
vt 0.982421875 0.474365234
vt 0.989746094 0.463623047
vt 0.989257812 0.475830078
vt 0.995605469 0.480712891
vt 0.929199219 0.884277344
vt 0.934570312 0.889648438
vt 0.942382812 0.880371094
vt 0.927734375 0.897460938
vt 0.941894531 0.497070312
vt 0.9453125 0.511230469
vt 0.950683594 0.502441406
vt 0.954589844 0.489990234
vt 0.965332031 0.498535156
vt 0.940429688 0.485839844
vt 0.954589844 0.47265625
vt 0.962402344 0.482421875
vt 0.962402344 0.469970703
vt 0.975585938 0.497558594
vt 0.969726562 0.509277344
vt 0.979980469 0.510253906
vt 0.987304688 0.489501953
vt 0.989257812 0.501464844
vt 0.975585938 0.52734375
vt 0.985839844 0.521484375
vt 0.985839844 0.534179688
vt 0.9765625 0.535644531
vt 0.965820312 0.534179688
vt 0.204833984 0.538085938
vt 0.214355469 0.541015625
vt 0.21081543 0.530273438
vt 0.219604492 0.53515625
vt 0.219726562 0.5234375
vt 0.270019531 0.848144531
vt 0.258544922 0.852539062
vt 0.279785156 0.856445312
vt 0.265136719 0.865234375
vt 0.235473633 0.872558594
vt 0.239257812 0.859863281
vt 0.249023438 0.848144531
vt 0.227539062 0.872558594
vt 0.22644043 0.895019531
vt 0.218994141 0.89453125
vt 0.218994141 0.911621094
vt 0.254882812 0.883789062
vt 0.278808594 0.872070312
vt 0.228881836 0.911132812
vt 0.286621094 0.865234375
vt 0.294189453 0.862792969
vt 0.298828125 0.873046875
vt 0.297851562 0.884277344
vt 0.230102539 0.923339844
vt 0.219238281 0.922363281
vt 0.308837891 0.888671875
vt 0.308349609 0.879394531
vt 0.231689453 0.936035156
vt 0.221435547 0.931640625
vt 0.303222656 0.899902344
vt 0.308349609 0.903808594
vt 0.298828125 0.923828125
vt 0.308837891 0.916503906
vt 0.287353516 0.884277344
vt 0.288818359 0.903320312
vt 0.272460938 0.891113281
vt 0.292724609 0.920410156
vt 0.260009766 0.904296875
vt 0.276611328 0.922363281
vt 0.282470703 0.936523438
vt 0.295654297 0.935058594
vt 0.256103516 0.921386719
vt 0.261230469 0.9375
vt 0.263183594 0.948242188
vt 0.250732422 0.944335938
vt 0.237915039 0.930664062
vt 0.241943359 0.947265625
vt 0.963378906 0.885253906
vt 0.95703125 0.8828125
vt 0.955078125 0.89453125
vt 0.950683594 0.885742188
vt 0.945800781 0.895507812
vt 0.946777344 0.905273438
vt 0.958496094 0.903320312
vt 0.302734375 0.868164062
vt 0.298828125 0.873046875
vt 0.308349609 0.879394531
vt 0.294189453 0.862792969
vt 0.297363281 0.859375
vt 0.284179688 0.851074219
vt 0.279785156 0.856445312
vt 0.00160121918 0.909667969
vt 0.0100479126 0.9140625
vt 0.00898742676 0.903320312
vt 0.00946044922 0.923828125
vt 0 0.919433594
vt 0.0102233887 0.934570312
vt 0.00230026245 0.934570312
vt 0.00951385498 0.947265625
vt 0.0180664062 0.9453125
vt 0.0230102539 0.935546875
vt 0.0291748047 0.9453125
vt 0.0188903809 0.958007812
vt 0.0256195068 0.958007812
vt 0.942871094 0.938476562
vt 0.945800781 0.921875
vt 0.9375 0.921875
vt 0.935546875 0.90625
vt 0.930175781 0.919921875
vt 0.920898438 0.902832031
vt 0.927734375 0.897460938
vt 0.946777344 0.905273438
vt 0.953613281 0.915527344
vt 0.958496094 0.903320312
vt 0.938964844 0.896972656
vt 0.934570312 0.889648438
vt 0.945800781 0.895507812
vt 0.942871094 0.888183594
vt 0.942382812 0.880371094
vt 0.950683594 0.885742188
vt 0.930175781 0.919921875
vt 0.920898438 0.902832031
vt 0.920410156 0.923828125
vt 0.912597656 0.913085938
vt 0.0512390137 0.947753906
vt 0.065612793 0.937988281
vt 0.0545349121 0.934570312
vt 0.0399169922 0.942382812
vt 0.0492248535 0.925292969
vt 0.0362854004 0.932617188
vt 0.0402526855 0.911621094
vt 0.0357055664 0.953613281
vt 0.0291748047 0.9453125
vt 0.0388793945 0.961914062
vt 0.0542907715 0.956054688
vt 0.0417480469 0.968261719
vt 0.0562438965 0.962890625
vt 0.0256195068 0.958007812
vt 0.0180664062 0.9453125
vt 0.0230102539 0.935546875
vt 0.0328063965 0.922851562
vt 0.0291290283 0.912597656
vt 0.029006958 0.901367188
vt 0.0207672119 0.92578125
vt 0.0102233887 0.934570312
vt 0.00946044922 0.923828125
vt 0.0191040039 0.915039062
vt 0.0100479126 0.9140625
vt 0.0185241699 0.905273438
vt 0.00898742676 0.903320312
vt 0.0180206299 0.895507812
vt 0.0258178711 0.893066406
vt 0.0113220215 0.89453125
vt 0.0256652832 0.8828125
vt 0.0258178711 0.893066406
vt 0.033996582 0.883789062
vt 0.017364502 0.88671875
vt 0.0180206299 0.895507812
vt 0.0113220215 0.89453125
vt 0.0124206543 0.884277344
vt 0.00584793091 0.888671875
vt 0.00221443176 0.897949219
vt 0.00898742676 0.903320312
vt 0.00160121918 0.909667969
vt 0.835449219 0.225463867
vt 0.84765625 0.219360352
vt 0.848632812 0.208129883
vt 0.832519531 0.215087891
vt 0.8203125 0.22644043
vt 0.81640625 0.219360352
vt 0.847167969 0.19934082
vt 0.861816406 0.195068359
vt 0.830078125 0.206298828
vt 0.812011719 0.210449219
vt 0.817382812 0.198608398
vt 0.853515625 0.185424805
vt 0.866699219 0.176391602
vt 0.863769531 0.166870117
vt 0.836425781 0.193237305
vt 0.850585938 0.175292969
vt 0.859375 0.157714844
vt 0.833496094 0.182617188
vt 0.814453125 0.1875
vt 0.846679688 0.165283203
vt 0.830078125 0.17175293
vt 0.839355469 0.150878906
vt 0.825195312 0.155761719
vt 0.8203125 0.142700195
vt 0.850097656 0.145141602
vt 0.856445312 0.139526367
vt 0.866699219 0.150512695
vt 0.838867188 0.135498047
vt 0.831054688 0.131347656
vt 0.818359375 0.135986328
vt 0.814453125 0.1875
vt 0.833496094 0.182617188
vt 0.830078125 0.17175293
vt 0.8125 0.176025391
vt 0.825195312 0.155761719
vt 0.797851562 0.189453125
vt 0.800292969 0.200927734
vt 0.817382812 0.198608398
vt 0.812011719 0.210449219
vt 0.797851562 0.211669922
vt 0.802734375 0.220825195
vt 0.81640625 0.219360352
vt 0.796386719 0.177734375
vt 0.810546875 0.164794922
vt 0.796386719 0.166503906
vt 0.809570312 0.154296875
vt 0.797363281 0.156005859
vt 0.805175781 0.145996094
vt 0.8203125 0.142700195
vt 0.8046875 0.138427734
vt 0.818359375 0.135986328
vt 0.199707031 0.53125
vt 0.204833984 0.538085938
vt 0.21081543 0.530273438
vt 0.202392578 0.520507812
vt 0.192993164 0.524414062
vt 0.193725586 0.512695312
vt 0.212524414 0.520996094
vt 0.219726562 0.5234375
vt 0.223022461 0.514160156
vt 0.213134766 0.510742188
vt 0.203491211 0.510742188
vt 0.202758789 0.500488281
vt 0.190917969 0.502441406
vt 0.21472168 0.5
vt 0.225830078 0.503417969
vt 0.202270508 0.489257812
vt 0.188964844 0.491455078
vt 0.215576172 0.489013672
vt 0.201904297 0.478271484
vt 0.187744141 0.480712891
vt 0.212890625 0.472900391
vt 0.201904297 0.468017578
vt 0.1875 0.470458984
vt 0.206054688 0.454589844
vt 0.19519043 0.459228516
vt 0.955078125 0.535644531
vt 0.965820312 0.534179688
vt 0.955078125 0.52734375
vt 0.96875 0.51953125
vt 0.975585938 0.52734375
vt 0.979980469 0.510253906
vt 0.969726562 0.509277344
vt 0.956542969 0.518066406
vt 0.942382812 0.520019531
vt 0.9453125 0.511230469
vt 0.959472656 0.5078125
vt 0.965332031 0.498535156
vt 0.950683594 0.502441406
vt 0.212890625 0.472900391
vt 0.216430664 0.458496094
vt 0.206054688 0.454589844
vt 0.219848633 0.473876953
vt 0.226074219 0.465820312
vt 0.225708008 0.486572266
vt 0.215576172 0.489013672
vt 0.225830078 0.503417969
vt 0.21472168 0.5
vt 0.963378906 0.952636719
vt 0.955566406 0.948730469
vt 0.959472656 0.962890625
vt 0.950683594 0.958984375
vt 0.944335938 0.947753906
vt 0.943359375 0.959960938
vt 0.942871094 0.938476562
vt 0.954101562 0.934082031
vt 0.945800781 0.921875
vt 0.961425781 0.935546875
vt 0.953613281 0.915527344
vt 0.931640625 0.953125
vt 0.943359375 0.959960938
vt 0.944335938 0.947753906
vt 0.930664062 0.944824219
vt 0.942871094 0.938476562
vt 0.930664062 0.935546875
vt 0.91796875 0.936523438
vt 0.9375 0.921875
vt 0.920410156 0.923828125
vt 0.930175781 0.919921875
vt 0.0681152344 0.946289062
vt 0.0562438965 0.962890625
vt 0.0689086914 0.953613281
vt 0.0542907715 0.956054688
vt 0.065612793 0.937988281
vt 0.0512390137 0.947753906
vt 0.065246582 0.918945312
vt 0.0545349121 0.934570312
vt 0.0492248535 0.925292969
vt 0.050994873 0.90234375
vt 0.0402526855 0.911621094
vt 0.0583190918 0.891601562
vt 0.0689086914 0.90234375
vt 0.0421142578 0.887695312
vt 0.029006958 0.901367188
vt 0.0258178711 0.893066406
vt 0.033996582 0.883789062
vt 0.201416016 0.571289062
vt 0.193725586 0.568847656
vt 0.199584961 0.580566406
vt 0.1875 0.576660156
vt 0.194946289 0.588378906
vt 0.206054688 0.590820312
vt 0.198486328 0.600097656
vt 0.188842773 0.593261719
vt 0.190429688 0.604980469
vt 0.200317383 0.608886719
vt 0.209960938 0.608886719
vt 0.208496094 0.599609375
vt 0.215454102 0.595703125
vt 0.214477539 0.582519531
vt 0.221435547 0.584960938
vt 0.219604492 0.603515625
vt 0.212280273 0.616699219
vt 0.223144531 0.610839844
vt 0.375732422 0.734863281
vt 0.381591797 0.745605469
vt 0.388671875 0.733398438
vt 0.395507812 0.745117188
vt 0.395507812 0.756347656
vt 0.383056641 0.756835938
vt 0.396728516 0.766601562
vt 0.386230469 0.766601562
vt 0.404052734 0.732421875
vt 0.406005859 0.749511719
vt 0.390380859 0.722167969
vt 0.405517578 0.720703125
vt 0.415771484 0.727050781
vt 0.392578125 0.7109375
vt 0.419921875 0.711425781
vt 0.406738281 0.709960938
vt 0.395263672 0.701171875
vt 0.407958984 0.700683594
vt 0.3984375 0.693359375
vt 0.408935547 0.692871094
vt 0.418457031 0.693359375
vt 0.419677734 0.701660156
vt 0.430175781 0.703125
vt 0.428955078 0.717773438
vt 0.399414062 0.775390625
vt 0.405517578 0.782714844
vt 0.409667969 0.775390625
vt 0.396728516 0.766601562
vt 0.386230469 0.766601562
vt 0.391113281 0.775390625
vt 0.348876953 0.941894531
vt 0.325439453 0.922363281
vt 0.329589844 0.934082031
vt 0.317626953 0.921875
vt 0.316162109 0.899902344
vt 0.308837891 0.899902344
vt 0.308837891 0.8828125
vt 0.360351562 0.946289062
vt 0.369873047 0.937988281
vt 0.348876953 0.941894531
vt 0.354980469 0.9296875
vt 0.325439453 0.922363281
vt 0.368652344 0.922851562
vt 0.344726562 0.911132812
vt 0.316162109 0.899902344
vt 0.318603516 0.883789062
vt 0.308837891 0.8828125
vt 0.319824219 0.87109375
vt 0.309082031 0.872558594
vt 0.321289062 0.858398438
vt 0.311279297 0.862792969
vt 0.349609375 0.890625
vt 0.345458984 0.873046875
vt 0.327392578 0.863769531
vt 0.362060547 0.903320312
vt 0.340332031 0.849609375
vt 0.331542969 0.846679688
vt 0.350830078 0.856933594
vt 0.352783203 0.845214844
vt 0.365966797 0.872070312
vt 0.372070312 0.857421875
vt 0.37109375 0.849609375
vt 0.385498047 0.858398438
vt 0.388427734 0.870117188
vt 0.382080078 0.873535156
vt 0.378417969 0.891113281
vt 0.393066406 0.89453125
vt 0.376953125 0.910644531
vt 0.387451172 0.910644531
vt 0.376708984 0.929199219
vt 0.398193359 0.890136719
vt 0.398681641 0.876953125
vt 0.398681641 0.905273438
vt 0.388671875 0.921386719
vt 0.384277344 0.931152344
vt 0.392822266 0.92578125
vt 0.374511719 0.942871094
vt 0.369873047 0.937988281
vt 0.360351562 0.946289062
vt 0.384277344 0.931152344
vt 0.387451172 0.934570312
vt 0.376708984 0.929199219
vt 0.368652344 0.922851562
vt 0.221435547 0.584960938
vt 0.21496582 0.569824219
vt 0.214477539 0.582519531
vt 0.208862305 0.575683594
vt 0.206054688 0.590820312
vt 0.199584961 0.580566406
vt 0.201416016 0.571289062
vt 0.205932617 0.564453125
vt 0.19921875 0.562011719
vt 0.208862305 0.556640625
vt 0.220336914 0.564941406
vt 0.218017578 0.552246094
vt 0.197875977 0.553710938
vt 0.211669922 0.544433594
vt 0.223144531 0.541015625
vt 0.203735352 0.542480469
vt 0.195922852 0.543457031
vt 0.392822266 0.92578125
vt 0.3984375 0.915039062
vt 0.388671875 0.921386719
vt 0.398681641 0.905273438
vt 0.17578125 0.95703125
vt 0.169311523 0.953613281
vt 0.166015625 0.962890625
vt 0.159301758 0.955078125
vt 0.156738281 0.963378906
vt 0.162109375 0.9453125
vt 0.169067383 0.944335938
vt 0.164794922 0.935546875
vt 0.147460938 0.959472656
vt 0.153198242 0.970703125
vt 0.142089844 0.965820312
vt 0.137329102 0.952636719
vt 0.136962891 0.970703125
vt 0.150024414 0.948730469
vt 0.155029297 0.940917969
vt 0.141113281 0.926757812
vt 0.157836914 0.928222656
vt 0.164916992 0.924804688
vt 0.149658203 0.926269531
vt 0.159790039 0.915039062
vt 0.170288086 0.919433594
vt 0.167358398 0.907226562
vt 0.150024414 0.911132812
vt 0.157226562 0.904296875
vt 0.162597656 0.896972656
vt 0.15234375 0.895507812
vt 0.141723633 0.905273438
vt 0.125732422 0.919433594
vt 0.129638672 0.937011719
vt 0.11340332 0.940917969
vt 0.113952637 0.920898438
vt 0.127197266 0.905273438
vt 0.116516113 0.903320312
vt 0.13659668 0.895996094
vt 0.145385742 0.889648438
vt 0.130249023 0.892089844
vt 0.125244141 0.889648438
vt 0.952148438 0.802734375
vt 0.948730469 0.813964844
vt 0.959472656 0.815429688
vt 0.955566406 0.828613281
vt 0.963378906 0.837890625
vt 0.955078125 0.845703125
vt 0.948242188 0.830078125
vt 0.938476562 0.818847656
vt 0.939453125 0.807128906
vt 0.927734375 0.8125
vt 0.928710938 0.822753906
vt 0.917480469 0.817871094
vt 0.916992188 0.828613281
vt 0.937011719 0.830566406
vt 0.923828125 0.836914062
vt 0.912597656 0.842773438
vt 0.939453125 0.841308594
vt 0.926269531 0.84765625
vt 0.941894531 0.852050781
vt 0.956542969 0.856445312
vt 0.9296875 0.857910156
vt 0.944824219 0.861816406
vt 0.955566406 0.872070312
vt 0.936523438 0.87109375
vt 0.948242188 0.875
vt 0.956542969 0.856445312
vt 0.955566406 0.872070312
vt 0.962890625 0.868652344
vt 0.966796875 0.853515625
vt 0.963378906 0.837890625
vt 0.955078125 0.845703125
vt 0.966796875 0.825195312
vt 0.959472656 0.815429688
vt 0.962402344 0.803710938
vt 0.952148438 0.802734375
vt 0.959472656 0.791503906
vt 0.94921875 0.794433594
vt 0.954589844 0.78515625
vt 0.945800781 0.787597656
vt 0.201416016 0.571289062
vt 0.19921875 0.562011719
vt 0.193725586 0.568847656
vt 0.188598633 0.5625
vt 0.197875977 0.553710938
vt 0.953125 0.193359375
vt 0.954101562 0.173339844
vt 0.947753906 0.17565918
vt 0.94921875 0.156005859
vt 0.94140625 0.157348633
vt 0.916503906 0.176391602
vt 0.906738281 0.198120117
vt 0.922363281 0.193969727
vt 0.926757812 0.172241211
vt 0.917480469 0.15612793
vt 0.907714844 0.161376953
vt 0.901367188 0.18359375
vt 0.927734375 0.152099609
vt 0.936035156 0.168701172
vt 0.917480469 0.14074707
vt 0.907226562 0.145263672
vt 0.897949219 0.151367188
vt 0.94140625 0.157348633
vt 0.947753906 0.17565918
vt 0.932128906 0.143066406
vt 0.94140625 0.142333984
vt 0.94921875 0.156005859
vt 0.897949219 0.167602539
vt 0.889160156 0.158569336
vt 0.889648438 0.174438477
vt 0.882324219 0.166625977
vt 0.879882812 0.178222656
vt 0.887695312 0.190063477
vt 0.873535156 0.184692383
vt 0.881347656 0.194946289
vt 0.886230469 0.208740234
vt 0.395507812 0.745117188
vt 0.395507812 0.756347656
vt 0.406005859 0.749511719
vt 0.408935547 0.766113281
vt 0.396728516 0.766601562
vt 0.409667969 0.775390625
vt 0.420410156 0.772949219
vt 0.416015625 0.783203125
vt 0.428222656 0.784179688
vt 0.430175781 0.774414062
vt 0.426757812 0.757324219
vt 0.415771484 0.756835938
vt 0.427001953 0.740722656
vt 0.417236328 0.745605469
vt 0.415771484 0.727050781
vt 0.404052734 0.732421875
vt 0.422607422 0.728027344
vt 0.428955078 0.717773438
vt 0.419921875 0.711425781
vt 0.167358398 0.907226562
vt 0.176269531 0.920410156
vt 0.174072266 0.907226562
vt 0.170288086 0.919433594
vt 0.176269531 0.935546875
vt 0.170532227 0.931640625
vt 0.164916992 0.924804688
vt 0.164794922 0.935546875
vt 0.169067383 0.944335938
vt 0.177734375 0.945800781
vt 0.169311523 0.953613281
vt 0.17578125 0.95703125
vt 0.937011719 0.791015625
vt 0.94921875 0.794433594
vt 0.945800781 0.787597656
vt 0.938476562 0.798339844
vt 0.952148438 0.802734375
vt 0.939453125 0.807128906
vt 0.948730469 0.813964844
vt 0.927246094 0.803222656
vt 0.927734375 0.8125
vt 0.137329102 0.952636719
vt 0.126342773 0.958496094
vt 0.136962891 0.970703125
vt 0.129638672 0.937011719
vt 0.141113281 0.926757812
vt 0.150024414 0.948730469
vt 0.11340332 0.940917969
vt 0.119934082 0.961425781
vt 0.166870117 0.274169922
vt 0.202392578 0.276611328
vt 0.155761719 0.244995117
vt 0.161865234 0.296142578
vt 0.208007812 0.299560547
vt 0.209228516 0.32421875
vt 0.135986328 0.267822266
vt 0.170288086 0.347167969
vt 0.206665039 0.359130859
vt 0.141967773 0.296142578
vt 0.154663086 0.360351562
vt 0.192138672 0.385253906
vt 0.209228516 0.389404297
vt 0.137939453 0.321289062
vt 0.123657227 0.287353516
vt 0.121154785 0.310791016
vt 0.102600098 0.301757812
vt 0.117980957 0.263183594
vt 0.127563477 0.249145508
vt 0.102355957 0.271728516
vt 0.0817260742 0.294677734
vt 0.106384277 0.244384766
vt 0.0850830078 0.248535156
vt 0.0759277344 0.267089844
vt 0.106384277 0.244384766
vt 0.127563477 0.249145508
vt 0.116882324 0.234863281
vt 0.117980957 0.263183594
vt 0.485839844 0.0440979004
vt 0.485351562 0.0862426758
vt 0.495361328 0.0491638184
vt 0.49609375 0.0869140625
vt 0.511230469 0.0534362793
vt 0.501464844 0.0268554688
vt 0.467041016 0.142456055
vt 0.448730469 0.138671875
vt 0.518554688 0.0309906006
vt 0.51953125 0.0104751587
vt 0.548339844 0.030670166
vt 0.547363281 0.0116119385
vt 0.540527344 0.0532226562
vt 0.575683594 0.0513916016
vt 0.557128906 0.0739746094
vt 0.608886719 0.0772705078
vt 0.53125 0.0819702148
vt 0.572753906 0.118835449
vt 0.622070312 0.132080078
vt 0.55859375 0.162963867
vt 0.51171875 0.0872802734
vt 0.597167969 0.164916992
vt 0.529785156 0.159545898
vt 0.505371094 0.154663086
vt 0.62890625 0.157470703
vt 0.6484375 0.150878906
vt 0.62890625 0.181152344
vt 0.607421875 0.186035156
vt 0.572753906 0.191040039
vt 0.53515625 0.190429688
vt 0.525878906 0.209228516
vt 0.51171875 0.187866211
vt 0.489501953 0.182373047
vt 0.484619141 0.149291992
vt 0.458251953 0.16809082
vt 0.00490188599 0.273193359
vt 0.000957489014 0.307861328
vt 0.0203552246 0.274414062
vt 0.0198059082 0.308105469
vt 0.0142822266 0.338867188
vt 0.0368652344 0.286132812
vt 0.0371704102 0.253173828
vt 0.0404968262 0.330810547
vt 0.0389099121 0.354980469
vt 0.055267334 0.309570312
vt 0.053314209 0.263916016
vt 0.0572509766 0.244628906
vt 0.0600891113 0.284912109
vt 0.0759277344 0.267089844
vt 0.0850830078 0.248535156
vt 0.0817260742 0.294677734
vt 0.102355957 0.271728516
vt 0.0697021484 0.331787109
vt 0.0885620117 0.322021484
vt 0.000182628632 0.520019531
vt 0.020111084 0.524902344
vt 0.0195922852 0.502929688
vt 0.0574951172 0.488769531
vt 0.0918579102 0.5
vt 0.0941162109 0.477294922
vt 0.0579833984 0.474609375
vt 0.118103027 0.498046875
vt 0.0950927734 0.459960938
vt 0.120483398 0.473876953
vt 0.143798828 0.499267578
vt 0.121643066 0.454589844
vt 0.145996094 0.475097656
vt 0.146972656 0.455322266
vt 0.168945312 0.480712891
vt 0.169311523 0.461914062
vt 0.796386719 0.166625977
vt 0.777832031 0.143188477
vt 0.770507812 0.173461914
vt 0.751953125 0.138916016
vt 0.764648438 0.11151123
vt 0.786621094 0.116821289
vt 0.759277344 0.0778808594
vt 0.776855469 0.077331543
vt 0.741210938 0.0993652344
vt 0.775878906 0.0552978516
vt 0.793945312 0.0681152344
vt 0.755371094 0.0511779785
vt 0.781738281 0.0336303711
vt 0.7578125 0.0192871094
vt 0.736816406 0.0725097656
vt 0.734863281 0.046295166
vt 0.734375 0.00735092163
vt 0.720214844 0.104797363
vt 0.731933594 0.14855957
vt 0.74609375 0.177001953
vt 0.756835938 0.192504883
vt 0.713867188 0.0598754883
vt 0.711914062 0.0303497314
vt 0.714355469 0.000710010529
vt 0.690429688 0.0503234863
vt 0.690917969 0.0292510986
vt 0.055267334 0.309570312
vt 0.0404968262 0.330810547
vt 0.0697021484 0.331787109
vt 0.0701904297 0.355224609
vt 0.0389099121 0.354980469
vt 0.0938720703 0.346679688
vt 0.0885620117 0.322021484
vt 0.0590820312 0.377441406
vt 0.0922851562 0.370117188
vt 0.0276184082 0.374755859
vt 0.0142822266 0.338867188
vt 0.00952148438 0.362792969
vt 0.0141983032 0.403076172
vt 0 0.392333984
vt 0.0371398926 0.398681641
vt 0.0847167969 0.389892578
vt 0.0450744629 0.436767578
vt 0.0203704834 0.429443359
vt 0.086730957 0.421386719
vt 0.0809326172 0.454589844
vt 0.116210938 0.446289062
vt 0.111755371 0.387207031
vt 0.141723633 0.435546875
vt 0.119262695 0.355712891
vt 0.131713867 0.381835938
vt 0.162353516 0.421875
vt 0.145385742 0.371337891
vt 0.178955078 0.405761719
vt 0.192138672 0.385253906
vt 0.154663086 0.360351562
vt 0.131591797 0.338378906
vt 0.137939453 0.321289062
vt 0.121154785 0.310791016
vt 0.111572266 0.331054688
vt 0.102600098 0.301757812
vt 0.0817260742 0.294677734
vt 0.6484375 0.123291016
vt 0.68359375 0.138671875
vt 0.672363281 0.10144043
vt 0.698242188 0.110107422
vt 0.691894531 0.0733032227
vt 0.666015625 0.0736694336
vt 0.690429688 0.0503234863
vt 0.663085938 0.0503540039
vt 0.713867188 0.0598754883
vt 0.690917969 0.0292510986
vt 0.720214844 0.104797363
vt 0.664550781 0.0307159424
vt 0.694824219 0
vt 0.714355469 0.000710010529
vt 0.711914062 0.0303497314
vt 0.731933594 0.14855957
vt 0.706542969 0.14453125
vt 0.71484375 0.166137695
vt 0.74609375 0.177001953
vt 0.724121094 0.185546875
vt 0.692871094 0.170776367
vt 0.671875 0.169189453
vt 0.701660156 0.190307617
vt 0.680664062 0.192504883
vt 0.429199219 0.862792969
vt 0.398681641 0.87890625
vt 0.402832031 0.899902344
vt 0.429199219 0.898925781
vt 0.76953125 0.347167969
vt 0.750488281 0.376953125
vt 0.775390625 0.388427734
vt 0.740234375 0.362548828
vt 0.722167969 0.391601562
vt 0.722167969 0.354492188
vt 0.731933594 0.331298828
vt 0.750488281 0.338867188
vt 0.778808594 0.323242188
vt 0.758789062 0.313720703
vt 0.739746094 0.306396484
vt 0.746582031 0.282226562
vt 0.768554688 0.277587891
vt 0.784179688 0.299072266
vt 0.784179688 0.265625
vt 0.750976562 0.259277344
vt 0.76953125 0.235839844
vt 0.75 0.229858398
vt 0.63671875 0.378662109
vt 0.646484375 0.336669922
vt 0.629394531 0.356689453
vt 0.665039062 0.35546875
vt 0.6484375 0.397216797
vt 0.660644531 0.311035156
vt 0.685058594 0.371582031
vt 0.684082031 0.321289062
vt 0.673828125 0.274414062
vt 0.708007812 0.332275391
vt 0.644042969 0.294677734
vt 0.651855469 0.26171875
vt 0.67578125 0.240966797
vt 0.702148438 0.233398438
vt 0.675292969 0.40625
vt 0.65234375 0.418701172
vt 0.703125 0.383300781
vt 0.722167969 0.354492188
vt 0.731933594 0.331298828
vt 0.739746094 0.306396484
vt 0.693847656 0.293701172
vt 0.700683594 0.266601562
vt 0.727539062 0.268554688
vt 0.728515625 0.229614258
vt 0.75 0.229858398
vt 0.750976562 0.259277344
vt 0.746582031 0.282226562
vt 0.718261719 0.299804688
vt 0.51171875 0.187866211
vt 0.489501953 0.182373047
vt 0.494628906 0.201049805
vt 0.525878906 0.209228516
vt 0.572753906 0.191040039
vt 0.571289062 0.209472656
vt 0.615234375 0.202270508
vt 0.568847656 0.00872039795
vt 0.547363281 0.0116119385
vt 0.548339844 0.030670166
vt 0.586425781 0.026184082
vt 0.587890625 0
vt 0.575683594 0.0513916016
vt 0.607910156 0.0161590576
vt 0.606933594 0.0471801758
vt 0.608886719 0.0772705078
vt 0.628417969 0.0375671387
vt 0.636230469 0.0853881836
vt 0.6484375 0.0781860352
vt 0.622070312 0.132080078
vt 0.645507812 0.124633789
vt 0.581542969 0.489501953
vt 0.58984375 0.474853516
vt 0.568359375 0.461669922
vt 0.550292969 0.470703125
vt 0.580078125 0.514160156
vt 0.541503906 0.489013672
vt 0.599121094 0.506835938
vt 0.604003906 0.549804688
vt 0.613769531 0.526855469
vt 0.584960938 0.5625
vt 0.55859375 0.525390625
vt 0.592773438 0.596191406
vt 0.613769531 0.591796875
vt 0.608398438 0.622558594
vt 0.5859375 0.62890625
vt 0.120605469 0.634277344
vt 0.0952148438 0.648925781
vt 0.121765137 0.654296875
vt 0.146118164 0.6328125
vt 0.147094727 0.653320312
vt 0.168945312 0.627441406
vt 0.169433594 0.647460938
vt 0.167602539 0.604003906
vt 0.143798828 0.607910156
vt 0.164916992 0.566894531
vt 0.1875 0.588378906
vt 0.118164062 0.608886719
vt 0.186523438 0.541992188
vt 0.141601562 0.580566406
vt 0.115722656 0.581542969
vt 0.140625 0.553222656
vt 0.114685059 0.553222656
vt 0.141601562 0.525878906
vt 0.167114258 0.514648438
vt 0.1875 0.509765625
vt 0.168945312 0.480712891
vt 0.145996094 0.475097656
vt 0.143798828 0.499267578
vt 0.118103027 0.498046875
vt 0.115661621 0.524902344
vt 0 0.555175781
vt 0.000230073929 0.590820312
vt 0.0207977295 0.600097656
vt 0.0176696777 0.564453125
vt 0.020111084 0.524902344
vt 0.000182628632 0.520019531
vt 0.037689209 0.569824219
vt 0.0563659668 0.6015625
vt 0.0575866699 0.620117188
vt 0.0518493652 0.527832031
vt 0.0618896484 0.572753906
vt 0.0563049316 0.506347656
vt 0.0574951172 0.488769531
vt 0.0918579102 0.5
vt 0.0881347656 0.537109375
vt 0.0895996094 0.581054688
vt 0.0919189453 0.607421875
vt 0.115661621 0.524902344
vt 0.118103027 0.498046875
vt 0.114685059 0.553222656
vt 0.140625 0.553222656
vt 0.141601562 0.525878906
vt 0.115722656 0.581542969
vt 0.118164062 0.608886719
vt 0.0942382812 0.630859375
vt 0.0581054688 0.634765625
vt 0.120605469 0.634277344
vt 0.0952148438 0.648925781
vt 0.629394531 0.418701172
vt 0.635253906 0.43359375
vt 0.641113281 0.422363281
vt 0.649414062 0.432373047
vt 0.565429688 0.81640625
vt 0.556640625 0.800292969
vt 0.548828125 0.80859375
vt 0.543945312 0.7890625
vt 0.559570312 0.757324219
vt 0.577636719 0.73828125
vt 0.547363281 0.750976562
vt 0.555175781 0.716796875
vt 0.576171875 0.710449219
vt 0.533203125 0.710449219
vt 0.546875 0.699707031
vt 0.555175781 0.690429688
vt 0.534179688 0.681152344
vt 0.548828125 0.671875
vt 0.635253906 0.43359375
vt 0.630371094 0.450927734
vt 0.645507812 0.449707031
vt 0.649414062 0.432373047
vt 0.659667969 0.435058594
vt 0.659667969 0.435058594
vt 0.645507812 0.449707031
vt 0.660644531 0.4453125
vt 0.652832031 0.460205078
vt 0.640136719 0.459716797
vt 0.924316406 0.469238281
vt 0.910644531 0.461181641
vt 0.920898438 0.48046875
vt 0.905761719 0.475585938
vt 0.877929688 0.492431641
vt 0.888671875 0.519042969
vt 0.891601562 0.483398438
vt 0.898925781 0.541503906
vt 0.877441406 0.563476562
vt 0.895507812 0.569824219
vt 0.881347656 0.583984375
vt 0.912109375 0.528320312
vt 0.913574219 0.564453125
vt 0.905761719 0.475585938
vt 0.88671875 0.473876953
vt 0.90234375 0.464599609
vt 0.910644531 0.461181641
vt 0.918945312 0.503417969
vt 0.920898438 0.48046875
vt 0.931640625 0.496582031
vt 0.928710938 0.546386719
vt 0.940429688 0.547851562
vt 0.935058594 0.579101562
vt 0.922851562 0.589355469
vt 0.90625 0.587402344
vt 0.889648438 0.596191406
vt 0.909179688 0.604492188
vt 0.873535156 0.0399780273
vt 0.885742188 0.0426025391
vt 0.880859375 0.0216217041
vt 0.896972656 0.0247039795
vt 0.892578125 0.00732421875
vt 0.923339844 0.0164489746
vt 0.909667969 0
vt 0.909179688 0.604492188
vt 0.889648438 0.596191406
vt 0.897949219 0.610351562
vt 0.876464844 0.601074219
vt 0.881347656 0.583984375
vt 0.895507812 0.569824219
vt 0.843261719 0.962890625
vt 0.862304688 0.974609375
vt 0.859863281 0.959960938
vt 0.856933594 0.94140625
vt 0.878417969 0.952636719
vt 0.876953125 0.928710938
vt 0.858398438 0.921386719
vt 0.840820312 0.91796875
vt 0.840332031 0.940917969
vt 0.831054688 0.929199219
vt 0.827636719 0.944824219
vt 0.830078125 0.958984375
vt 0.862304688 0.974609375
vt 0.874023438 0.96875
vt 0.859863281 0.959960938
vt 0.878417969 0.952636719
vt 0.89453125 0.94921875
vt 0.89453125 0.963867188
vt 0.295410156 0.703613281
vt 0.281494141 0.697753906
vt 0.290039062 0.719726562
vt 0.270019531 0.708007812
vt 0.264892578 0.694335938
vt 0.243041992 0.705078125
vt 0.251220703 0.692871094
vt 0.255859375 0.71875
vt 0.239746094 0.729980469
vt 0.259521484 0.744628906
vt 0.272949219 0.734375
vt 0.291015625 0.739257812
vt 0.306396484 0.750976562
vt 0.280517578 0.768066406
vt 0.301513672 0.774414062
vt 0.307373047 0.803222656
vt 0.2734375 0.792480469
vt 0.259277344 0.775878906
vt 0.265869141 0.813964844
vt 0.281005859 0.83203125
vt 0.286865234 0.779296875
vt 0.292236328 0.80859375
vt 0.295898438 0.833007812
vt 0.308837891 0.821289062
vt 0.278320312 0.842773438
vt 0.2890625 0.848144531
vt 0.942871094 0.34765625
vt 0.942382812 0.31640625
vt 0.930175781 0.325927734
vt 0.93359375 0.362548828
vt 0.912597656 0.312255859
vt 0.921875 0.36328125
vt 0.901367188 0.322753906
vt 0.896484375 0.291748047
vt 0.934570312 0.290527344
vt 0.913085938 0.287597656
vt 0.90234375 0.261962891
vt 0.918945312 0.261474609
vt 0.928222656 0.272705078
vt 0.925292969 0.250244141
vt 0.940917969 0.273681641
vt 0.939453125 0.256103516
vt 0.853515625 0.106262207
vt 0.840820312 0.103271484
vt 0.849609375 0.122375488
vt 0.851074219 0.0925292969
vt 0.841308594 0.0869140625
vt 0.841308594 0.0526123047
vt 0.830078125 0.056640625
vt 0.858886719 0.0555114746
vt 0.862304688 0.0887451172
vt 0.873535156 0.0279388428
vt 0.859863281 0.021987915
vt 0.845214844 0.0171203613
vt 0.854003906 0.00563430786
vt 0.838867188 0
vt 0.829101562 0.0155792236
vt 0.819824219 0.00262069702
vt 0.813476562 0.0224456787
vt 0.820800781 0.0633544922
vt 0.806640625 0.00250053406
vt 0.797363281 0.021270752
vt 0.796386719 0.0393371582
vt 0.937011719 0.775390625
vt 0.953613281 0.777832031
vt 0.944824219 0.768066406
vt 0.956054688 0.764648438
vt 0.949707031 0.752441406
vt 0.966796875 0.753417969
vt 0.96484375 0.771484375
vt 0.958007812 0.78515625
vt 0.853515625 0.106262207
vt 0.849609375 0.122375488
vt 0.861328125 0.118286133
vt 0.869628906 0.101806641
vt 0.851074219 0.0925292969
vt 0.862304688 0.0887451172
vt 0.873535156 0.115539551
vt 0.8671875 0.128051758
vt 0.852539062 0.131347656
vt 0.922851562 0.713867188
vt 0.938476562 0.735839844
vt 0.937011719 0.711425781
vt 0.92578125 0.7421875
vt 0.912597656 0.720214844
vt 0.920898438 0.749023438
vt 0.934570312 0.7578125
vt 0.923828125 0.767089844
vt 0.937011719 0.775390625
vt 0.344726562 0.707519531
vt 0.356933594 0.700683594
vt 0.349365234 0.692871094
vt 0.340576172 0.751464844
vt 0.369628906 0.710449219
vt 0.350830078 0.777832031
vt 0.375732422 0.723632812
vt 0.335693359 0.793457031
vt 0.3203125 0.784179688
vt 0.315429688 0.810058594
vt 0.346679688 0.813964844
vt 0.361083984 0.791503906
vt 0.360839844 0.816894531
vt 0.349365234 0.83203125
vt 0.367675781 0.834960938
vt 0.328369141 0.821289062
vt 0.33203125 0.844726562
vt 0.311767578 0.833984375
vt 0.350341797 0.845214844
vt 0.470214844 0.881835938
vt 0.455078125 0.881347656
vt 0.466552734 0.900878906
vt 0.450683594 0.893554688
vt 0.451171875 0.925292969
vt 0.473388672 0.927734375
vt 0.455322266 0.944335938
vt 0.439697266 0.931640625
vt 0.433349609 0.953125
vt 0.447753906 0.960449219
vt 0.4609375 0.969726562
vt 0.470458984 0.958007812
vt 0.460693359 0.98046875
vt 0.444824219 0.981445312
vt 0.346679688 0.813964844
vt 0.335693359 0.793457031
vt 0.328369141 0.821289062
vt 0.315429688 0.810058594
vt 0.311767578 0.833984375
vt 0.3203125 0.784179688
vt 0.308837891 0.795410156
vt 0.315429688 0.751464844
vt 0.329589844 0.739257812
vt 0.329589844 0.717285156
vt 0.340576172 0.751464844
vt 0.344726562 0.707519531
vt 0.563964844 0.957519531
vt 0.544433594 0.953613281
vt 0.547851562 0.973144531
vt 0.533203125 0.969726562
vt 0.447753906 0.960449219
vt 0.470458984 0.958007812
vt 0.455322266 0.944335938
vt 0.477783203 0.943847656
vt 0.473388672 0.927734375
vt 0.490722656 0.952148438
vt 0.493164062 0.935546875
vt 0.483886719 0.967285156
vt 0.4609375 0.969726562
vt 0.502929688 0.954101562
vt 0.487060547 0.981445312
vt 0.460693359 0.98046875
vt 0.508789062 0.972167969
vt 0.508789062 0.93359375
vt 0.499023438 0.918457031
vt 0.488525391 0.913574219
vt 0.466552734 0.900878906
vt 0.484375 0.885253906
vt 0.470214844 0.881835938
vt 0.9140625 0.229736328
vt 0.895996094 0.229614258
vt 0.900878906 0.244506836
vt 0.925292969 0.250244141
vt 0.937988281 0.237792969
vt 0.90234375 0.261962891
vt 0.918945312 0.261474609
vt 0.939453125 0.256103516
vt 0.928222656 0.272705078
vt 0.281005859 0.83203125
vt 0.264648438 0.831542969
vt 0.278320312 0.842773438
vt 0.265869141 0.813964844
vt 0.252197266 0.806152344
vt 0.240966797 0.763183594
vt 0.259277344 0.775878906
vt 0.259521484 0.744628906
vt 0.239746094 0.729980469
vt 0.227661133 0.75
vt 0.230224609 0.723144531
vt 0.243041992 0.705078125
vt 0.290039062 0.719726562
vt 0.306396484 0.750976562
vt 0.308837891 0.720703125
vt 0.295410156 0.703613281
vt 0.909179688 0.604492188
vt 0.928222656 0.609375
vt 0.922851562 0.589355469
vt 0.940429688 0.597167969
vt 0.935058594 0.579101562
vt 0.893554688 0.930175781
vt 0.878417969 0.952636719
vt 0.89453125 0.94921875
vt 0.876953125 0.928710938
vt 0.879394531 0.906738281
vt 0.89453125 0.912597656
vt 0.859863281 0.909667969
vt 0.858398438 0.921386719
vt 0.862304688 0.900390625
vt 0.840820312 0.91796875
vt 0.837402344 0.907226562
vt 0.568359375 0.684082031
vt 0.565429688 0.665527344
vt 0.548828125 0.671875
vt 0.555175781 0.690429688
vt 0.568359375 0.684082031
vt 0.555175781 0.690429688
vt 0.576171875 0.710449219
vt 0.584960938 0.684082031
vt 0.565429688 0.665527344
vt 0.583007812 0.668457031
vt 0.6015625 0.673828125
vt 0.598144531 0.689941406
vt 0.592285156 0.715332031
vt 0.577636719 0.73828125
vt 0.588378906 0.750976562
vt 0.6015625 0.731933594
vt 0.590332031 0.774902344
vt 0.568359375 0.799804688
vt 0.556640625 0.800292969
vt 0.58203125 0.80078125
vt 0.565429688 0.81640625
vt 0.8984375 0.342041016
vt 0.907226562 0.36328125
vt 0.921875 0.36328125
vt 0.901367188 0.322753906
vt 0.885253906 0.303710938
vt 0.896484375 0.291748047
vt 0.883789062 0.267822266
vt 0.90234375 0.261962891
vt 0.879882812 0.246704102
vt 0.900878906 0.244506836
vt 0.552246094 0.93359375
vt 0.538085938 0.937011719
vt 0.544433594 0.953613281
vt 0.565917969 0.940917969
vt 0.563964844 0.957519531
vt 0.570800781 0.928710938
vt 0.588867188 0.952636719
vt 0.585449219 0.934082031
vt 0.911132812 0.402099609
vt 0.921386719 0.411132812
vt 0.92578125 0.400878906
vt 0.912109375 0.422119141
vt 0.896972656 0.414550781
vt 0.900878906 0.428466797
vt 0.920898438 0.434326172
vt 0.889648438 0.429443359
vt 0.883789062 0.413330078
vt 0.879882812 0.425048828
vt 0.890136719 0.401123047
vt 0.884277344 0.396484375
vt 0.8984375 0.3984375
vt 0.904296875 0.386962891
vt 0.915527344 0.385009766
vt 0.938964844 0.40234375
vt 0.94921875 0.414550781
vt 0.951171875 0.396972656
vt 0.932128906 0.420410156
vt 0.943359375 0.4296875
vt 0.921386719 0.411132812
vt 0.92578125 0.400878906
vt 0.912109375 0.422119141
vt 0.920898438 0.434326172
vt 0.930175781 0.446289062
vt 0.951171875 0.444335938
vt 0.943847656 0.453369141
vt 0.669921875 0.852050781
vt 0.644042969 0.848632812
vt 0.659667969 0.862792969
vt 0.661132812 0.834472656
vt 0.675292969 0.834960938
vt 0.674316406 0.805175781
vt 0.640625 0.831542969
vt 0.658691406 0.802246094
vt 0.666015625 0.761230469
vt 0.64453125 0.796386719
vt 0.625976562 0.804199219
vt 0.619628906 0.822753906
vt 0.626464844 0.778808594
vt 0.640136719 0.756347656
vt 0.655273438 0.734375
vt 0.619140625 0.750976562
vt 0.613769531 0.772949219
vt 0.632324219 0.73046875
vt 0.656738281 0.711425781
vt 0.616210938 0.724121094
vt 0.63671875 0.708007812
vt 0.621582031 0.702148438
vt 0.658691406 0.690429688
vt 0.641601562 0.6875
vt 0.627929688 0.682128906
vt 0.653808594 0.670898438
vt 0.668457031 0.672851562
vt 0.847167969 0.692382812
vt 0.858398438 0.706542969
vt 0.860351562 0.686035156
vt 0.838867188 0.708984375
vt 0.851074219 0.724609375
vt 0.868652344 0.715820312
vt 0.865722656 0.737792969
vt 0.846191406 0.749511719
vt 0.854492188 0.757324219
vt 0.836425781 0.738769531
vt 0.827636719 0.762695312
vt 0.838378906 0.772949219
vt 0.846679688 0.780273438
vt 0.828125 0.791503906
vt 0.840820312 0.802246094
vt 0.833007812 0.819335938
vt 0.850585938 0.80859375
vt 0.84765625 0.829101562
vt 0.833007812 0.838867188
vt 0.853515625 0.8515625
vt 0.836425781 0.857421875
vt 0.856445312 0.869140625
vt 0.870117188 0.859863281
vt 0.858398438 0.706542969
vt 0.868652344 0.715820312
vt 0.87109375 0.696777344
vt 0.860351562 0.686035156
vt 0.873046875 0.680175781
vt 0.883300781 0.688476562
vt 0.881347656 0.672363281
vt 0.896484375 0.682617188
vt 0.883300781 0.688476562
vt 0.89453125 0.6953125
vt 0.896484375 0.682617188
vt 0.884277344 0.706542969
vt 0.87109375 0.696777344
vt 0.868652344 0.715820312
vt 0.898925781 0.714355469
vt 0.879394531 0.724121094
vt 0.865722656 0.737792969
vt 0.895996094 0.733398438
vt 0.912597656 0.720214844
vt 0.912109375 0.739746094
vt 0.901367188 0.758789062
vt 0.883300781 0.75
vt 0.86328125 0.763671875
vt 0.854492188 0.757324219
vt 0.879394531 0.784667969
vt 0.872558594 0.770019531
vt 0.846679688 0.780273438
vt 0.838378906 0.772949219
vt 0.846191406 0.749511719
vt 0.855957031 0.786621094
vt 0.840820312 0.802246094
vt 0.850585938 0.80859375
vt 0.866210938 0.792480469
vt 0.859375 0.826660156
vt 0.84765625 0.829101562
vt 0.853515625 0.8515625
vt 0.833007812 0.838867188
vt 0.870605469 0.833984375
vt 0.870117188 0.859863281
vt 0.889648438 0.787597656
vt 0.883300781 0.862792969
vt 0.901367188 0.782226562
vt 0.912109375 0.768554688
vt 0.89453125 0.818847656
vt 0.879882812 0.880371094
vt 0.856445312 0.869140625
vt 0.871582031 0.888183594
vt 0.895019531 0.871582031
vt 0.903808594 0.8203125
vt 0.904785156 0.874023438
vt 0.901367188 0.888183594
vt 0.890625 0.895996094
vt 0.905761719 0.900390625
vt 0.912597656 0.889648438
vt 0.912597656 0.873046875
vt 0.911132812 0.832519531
vt 0.735839844 0.91015625
vt 0.740722656 0.890136719
vt 0.7265625 0.904296875
vt 0.748535156 0.907226562
vt 0.0848388672 0.877441406
vt 0.0749511719 0.870605469
vt 0.0711669922 0.8828125
vt 0.061706543 0.87890625
vt 0.0600585938 0.868164062
vt 0.0444335938 0.870117188
vt 0.0645141602 0.854003906
vt 0.0457458496 0.854980469
vt 0.0816650391 0.857421875
vt 0.0916137695 0.861816406
vt 0.0949707031 0.84375
vt 0.0797119141 0.838867188
vt 0.0613708496 0.836425781
vt 0.0327758789 0.857910156
vt 0.0234375 0.862304688
vt 0.0140609741 0.847167969
vt 0.0259246826 0.841796875
vt 0.00634384155 0.829101562
vt 0.042388916 0.838378906
vt 0.0202789307 0.822753906
vt 0.00744247437 0.805175781
vt 0.0395507812 0.818847656
vt 0.0261993408 0.799316406
vt 0.00804901123 0.770019531
vt 0.0617370605 0.81640625
vt 0.0832519531 0.819335938
vt 0.0428771973 0.7890625
vt 0.0858154297 0.798339844
vt 0.102905273 0.795410156
vt 0.0181732178 0.767578125
vt 0.0296325684 0.766601562
vt 0.0118408203 0.722167969
vt 0 0.75
vt 0.022857666 0.716308594
vt 0.0159759521 0.695800781
vt 0.0291137695 0.690917969
vt 0.0411987305 0.687988281
vt 0.032989502 0.674804688
vt 0.0455322266 0.670898438
vt 0.0439453125 0.734375
vt 0.0534057617 0.682617188
vt 0.0548095703 0.788085938
vt 0.0555419922 0.668945312
vt 0.0570068359 0.656738281
vt 0.0567016602 0.723632812
vt 0.0682373047 0.795898438
vt 0.0628051758 0.684570312
vt 0.0656738281 0.667480469
vt 0.0723876953 0.654296875
vt 0.0762329102 0.667480469
vt 0.0703125 0.721191406
vt 0.0681762695 0.755859375
vt 0.080871582 0.758789062
vt 0.0933227539 0.76953125
vt 0.0955810547 0.727539062
vt 0.0834350586 0.724609375
vt 0.0848388672 0.684570312
vt 0.0942993164 0.686035156
vt 0.11340332 0.807617188
vt 0.102905273 0.795410156
vt 0.101318359 0.824707031
vt 0.0832519531 0.819335938
vt 0.0797119141 0.838867188
vt 0.0613708496 0.836425781
vt 0.0949707031 0.84375
vt 0.0816650391 0.857421875
vt 0.112365723 0.782714844
vt 0.11340332 0.745117188
vt 0.104919434 0.7421875
vt 0.0933227539 0.76953125
vt 0.0858154297 0.798339844
vt 0.0955810547 0.727539062
vt 0.101257324 0.686035156
vt 0.867675781 0.229614258
vt 0.858886719 0.237915039
vt 0.876953125 0.23840332
vt 0.866699219 0.247802734
vt 0.851074219 0.258300781
vt 0.834472656 0.252197266
vt 0.81640625 0.273681641
vt 0.810546875 0.260009766
vt 0.801757812 0.27734375
vt 0.871582031 0.419189453
vt 0.87890625 0.394775391
vt 0.861328125 0.406494141
vt 0.863769531 0.383300781
vt 0.853027344 0.389160156
vt 0.690429688 0.903808594
vt 0.70703125 0.898925781
vt 0.698242188 0.88671875
vt 0.677246094 0.895019531
vt 0.684570312 0.879394531
vt 0.668457031 0.878417969
vt 0.676757812 0.920898438
vt 0.694335938 0.918945312
vt 0.682128906 0.940917969
vt 0.667480469 0.912109375
vt 0.651367188 0.899414062
vt 0.666503906 0.937988281
vt 0.661621094 0.952148438
vt 0.64453125 0.942871094
vt 0.647460938 0.955078125
vt 0.635253906 0.953613281
vt 0.657714844 0.928710938
vt 0.649902344 0.916992188
vt 0.639648438 0.931152344
vt 0.624023438 0.938476562
vt 0.626953125 0.947753906
vt 0.621582031 0.95703125
vt 0.613769531 0.946777344
vt 0.587890625 0.916503906
vt 0.576660156 0.920410156
vt 0.587890625 0.925292969
vt 0.600585938 0.924804688
vt 0.599121094 0.912109375
vt 0.588378906 0.900878906
vt 0.609863281 0.908203125
vt 0.611328125 0.919433594
vt 0.603515625 0.896972656
vt 0.592773438 0.888183594
vt 0.610351562 0.885253906
vt 0.579101562 0.8828125
vt 0.596679688 0.874023438
vt 0.579101562 0.8671875
vt 0.611328125 0.868652344
vt 0.599121094 0.858886719
vt 0.11920166 0.838378906
vt 0.124023438 0.859375
vt 0.131103516 0.850097656
vt 0.130981445 0.828125
vt 0.113708496 0.819335938
vt 0.126586914 0.807617188
vt 0.11340332 0.793457031
vt 0.120361328 0.787109375
vt 0.127685547 0.774414062
vt 0.119506836 0.764160156
vt 0.122497559 0.731445312
vt 0.131835938 0.725585938
vt 0.137695312 0.772460938
vt 0.128295898 0.704589844
vt 0.144897461 0.71484375
vt 0.145629883 0.693847656
vt 0.161987305 0.689941406
vt 0.154907227 0.67578125
vt 0.175537109 0.668457031
vt 0.16418457 0.662597656
vt 0.180908203 0.65625
vt 0.190429688 0.665527344
vt 0.197265625 0.654296875
vt 0.194091797 0.873535156
vt 0.184326172 0.868652344
vt 0.177734375 0.880371094
vt 0.201049805 0.857910156
vt 0.510253906 0.881347656
vt 0.525390625 0.876953125
vt 0.511230469 0.87109375
vt 0.525390625 0.861816406
vt 0.533203125 0.864257812
vt 0.525878906 0.844726562
vt 0.516113281 0.857910156
vt 0.505859375 0.854003906
vt 0.517089844 0.844238281
vt 0.524414062 0.806152344
vt 0.505859375 0.8359375
vt 0.515625 0.791992188
vt 0.5078125 0.7578125
vt 0.530761719 0.743652344
vt 0.521972656 0.739257812
vt 0.533203125 0.716796875
vt 0.520507812 0.7109375
vt 0.5078125 0.726074219
vt 0.500976562 0.702636719
vt 0.485595703 0.717285156
vt 0.521972656 0.693359375
vt 0.504882812 0.686523438
vt 0.521484375 0.679199219
vt 0.481201172 0.694824219
vt 0.508300781 0.673339844
vt 0.521484375 0.679199219
vt 0.515625 0.665527344
vt 0.504882812 0.686523438
vt 0.48828125 0.6796875
vt 0.495117188 0.66796875
vt 0.481201172 0.694824219
vt 0.464111328 0.687988281
vt 0.464599609 0.708984375
vt 0.485595703 0.717285156
vt 0.500976562 0.702636719
vt 0.463378906 0.730957031
vt 0.453125 0.727050781
vt 0.447998047 0.748535156
vt 0.456298828 0.764160156
vt 0.444580078 0.770996094
vt 0.438964844 0.791015625
vt 0.474609375 0.735351562
vt 0.460205078 0.798828125
vt 0.450927734 0.815917969
vt 0.483886719 0.75
vt 0.5078125 0.726074219
vt 0.468017578 0.768554688
vt 0.478759766 0.797363281
vt 0.474121094 0.824707031
vt 0.49609375 0.754394531
vt 0.491455078 0.805175781
vt 0.491943359 0.831054688
vt 0.505859375 0.8359375
vt 0.5078125 0.7578125
vt 0.521972656 0.739257812
vt 0.545410156 0.817871094
vt 0.534179688 0.821289062
vt 0.54296875 0.834960938
vt 0.557128906 0.81640625
vt 0.565429688 0.832519531
vt 0.557128906 0.849609375
vt 0.538085938 0.854980469
vt 0.544921875 0.870605469
vt 0.578613281 0.850585938
vt 0.561035156 0.866210938
vt 0.552246094 0.885742188
vt 0.564941406 0.882324219
vt 0.579101562 0.8671875
vt 0.568847656 0.896484375
vt 0.555175781 0.90234375
vt 0.579101562 0.8828125
vt 0.588378906 0.900878906
vt 0.578125 0.909667969
vt 0.587890625 0.916503906
vt 0.599121094 0.858886719
vt 0.596679688 0.874023438
vt 0.594726562 0.83984375
vt 0.583007812 0.835449219
vt 0.841308594 0.638671875
vt 0.82421875 0.634277344
vt 0.837890625 0.654296875
vt 0.840332031 0.618164062
vt 0.853027344 0.620117188
vt 0.851074219 0.581054688
vt 0.863769531 0.579589844
vt 0.828125 0.615722656
vt 0.815917969 0.612792969
vt 0.825195312 0.580566406
vt 0.837890625 0.581542969
vt 0.814453125 0.590820312
vt 0.805175781 0.608886719
vt 0.840332031 0.467773438
vt 0.825195312 0.468017578
vt 0.841796875 0.485595703
vt 0.827148438 0.485351562
vt 0.812011719 0.482177734
vt 0.8046875 0.461181641
vt 0.799316406 0.476318359
vt 0.794433594 0.494384766
vt 0.810058594 0.500976562
vt 0.799316406 0.518554688
vt 0.828613281 0.504882812
vt 0.818847656 0.524414062
vt 0.847167969 0.504882812
vt 0.854980469 0.483154297
vt 0.864257812 0.502441406
vt 0.840820312 0.526367188
vt 0.831054688 0.548339844
vt 0.807617188 0.544433594
vt 0.7890625 0.536132812
vt 0.792480469 0.560546875
vt 0.802246094 0.564453125
vt 0.79296875 0.582519531
vt 0.813476562 0.567871094
vt 0.803222656 0.586914062
vt 0.795410156 0.604003906
vt 0.805175781 0.608886719
vt 0.814453125 0.590820312
vt 0.825195312 0.580566406
vt 0.837890625 0.581542969
vt 0.675292969 0.834960938
vt 0.669921875 0.852050781
vt 0.6875 0.850097656
vt 0.688964844 0.833007812
vt 0.674316406 0.805175781
vt 0.702636719 0.846679688
vt 0.688476562 0.8046875
vt 0.666015625 0.761230469
vt 0.701171875 0.830078125
vt 0.711914062 0.826660156
vt 0.701171875 0.808105469
vt 0.712890625 0.804199219
vt 0.720703125 0.822265625
vt 0.700195312 0.765136719
vt 0.686523438 0.758789062
vt 0.680175781 0.735351562
vt 0.655273438 0.734375
vt 0.712402344 0.764160156
vt 0.72265625 0.800292969
vt 0.723144531 0.762207031
vt 0.703613281 0.732421875
vt 0.723144531 0.728027344
vt 0.709960938 0.708496094
vt 0.673339844 0.711914062
vt 0.656738281 0.711425781
vt 0.690429688 0.711914062
vt 0.677734375 0.691894531
vt 0.658691406 0.690429688
vt 0.668457031 0.672851562
vt 0.686523438 0.672851562
vt 0.695800781 0.689941406
vt 0.710449219 0.686523438
vt 0.701171875 0.669433594
vt 0.938964844 0.40234375
vt 0.951171875 0.396972656
vt 0.939453125 0.382568359
vt 0.927246094 0.389404297
vt 0.92578125 0.400878906
vt 0.911132812 0.402099609
vt 0.915527344 0.385009766
vt 0.926757812 0.374755859
vt 0.936035156 0.364501953
vt 0.94921875 0.372558594
vt 0.922363281 0.36328125
vt 0.912109375 0.369873047
vt 0.904296875 0.386962891
vt 0.900878906 0.376708984
vt 0.766601562 0.951171875
vt 0.754394531 0.963867188
vt 0.767578125 0.971191406
vt 0.743164062 0.951171875
vt 0.73828125 0.971191406
vt 0.750976562 0.930664062
vt 0.727050781 0.953125
vt 0.736816406 0.932128906
vt 0.735839844 0.91015625
vt 0.723144531 0.9296875
vt 0.735839844 0.91015625
vt 0.750976562 0.930664062
vt 0.748535156 0.907226562
vt 0.76171875 0.909667969
vt 0.769042969 0.930175781
vt 0.766601562 0.951171875
vt 0.783203125 0.933105469
vt 0.751953125 0.893066406
vt 0.740722656 0.890136719
vt 0.750488281 0.875
vt 0.775878906 0.913085938
vt 0.769042969 0.894042969
vt 0.758300781 0.883300781
vt 0.766601562 0.877929688
vt 0.758789062 0.869140625
vt 0.768554688 0.867675781
vt 0.776855469 0.879882812
vt 0.782714844 0.874023438
vt 0.779785156 0.896484375
vt 0.790527344 0.892578125
vt 0.788574219 0.912597656
vt 0.801269531 0.921386719
vt 0.794433594 0.945800781
vt 0.899902344 0.364257812
vt 0.894042969 0.375488281
vt 0.900878906 0.376708984
vt 0.893066406 0.387451172
vt 0.904296875 0.386962891
vt 0.884765625 0.384033203
vt 0.8984375 0.3984375
vt 0.884277344 0.396484375
vt 0.890136719 0.401123047
vt 0.0848388672 0.684570312
vt 0.0942993164 0.686035156
vt 0.0924682617 0.668457031
vt 0.0845336914 0.666992188
vt 0.0904541016 0.65625
vt 0.0822753906 0.654785156
vt 0.0762329102 0.667480469
vt 0.0703125 0.721191406
vt 0.0723876953 0.654296875
vt 0.061706543 0.87890625
vt 0.0444335938 0.870117188
vt 0.0486450195 0.880371094
vt 0.0328674316 0.875
vt 0.0234375 0.862304688
vt 0.85546875 0.443847656
vt 0.868164062 0.447509766
vt 0.870605469 0.434814453
vt 0.853515625 0.4296875
vt 0.906738281 0.442382812
vt 0.889648438 0.429443359
vt 0.892089844 0.443603516
vt 0.900878906 0.428466797
vt 0.920898438 0.434326172
vt 0.930175781 0.446289062
vt 0.913574219 0.455566406
vt 0.801757812 0.27734375
vt 0.813476562 0.29296875
vt 0.81640625 0.273681641
vt 0.795898438 0.297119141
vt 0.802246094 0.316650391
vt 0.823242188 0.310058594
vt 0.784179688 0.319335938
vt 0.813476562 0.3359375
vt 0.791992188 0.341064453
vt 0.810546875 0.359863281
vt 0.801269531 0.372802734
vt 0.791503906 0.374267578
vt 0.814453125 0.382568359
vt 0.818847656 0.404296875
vt 0.798828125 0.410644531
vt 0.808105469 0.407958984
vt 0.818847656 0.426025391
vt 0.80078125 0.960449219
vt 0.794433594 0.945800781
vt 0.785644531 0.971191406
vt 0.781738281 0.954101562
vt 0.767578125 0.971191406
vt 0.783203125 0.933105469
vt 0.766601562 0.951171875
vt 0.859375 0.657714844
vt 0.873535156 0.657226562
vt 0.875488281 0.641601562
vt 0.864746094 0.642089844
vt 0.876464844 0.614257812
vt 0.865234375 0.620605469
vt 0.853515625 0.640625
vt 0.853027344 0.620117188
vt 0.841308594 0.638671875
vt 0.863769531 0.579589844
vt 0.874511719 0.569824219
vt 0.876464844 0.545898438
vt 0.85546875 0.548828125
vt 0.851074219 0.581054688
vt 0.861816406 0.525390625
vt 0.875 0.521484375
vt 0.864257812 0.502441406
vt 0.847167969 0.504882812
vt 0.840820312 0.526367188
vt 0.831054688 0.548339844
vt 0.837890625 0.581542969
vt 0.840332031 0.618164062
vt 0.828125 0.615722656
vt 0.755859375 0.8671875
vt 0.76953125 0.864746094
vt 0.761230469 0.854980469
vt 0.747558594 0.857421875
vt 0.756835938 0.841796875
vt 0.776367188 0.8515625
vt 0.745117188 0.84375
vt 0.735351562 0.844726562
vt 0.775878906 0.837890625
vt 0.791015625 0.847167969
vt 0.798828125 0.830078125
vt 0.739746094 0.826660156
vt 0.729492188 0.827148438
vt 0.752929688 0.824707031
vt 0.774414062 0.819824219
vt 0.799804688 0.811035156
vt 0.786132812 0.791503906
vt 0.735839844 0.796386719
vt 0.725097656 0.798339844
vt 0.738769531 0.751464844
vt 0.723144531 0.752441406
vt 0.727050781 0.728515625
vt 0.749511719 0.791992188
vt 0.763183594 0.784667969
vt 0.781738281 0.765625
vt 0.757324219 0.74609375
vt 0.77734375 0.740722656
vt 0.748535156 0.724121094
vt 0.734375 0.706054688
vt 0.773925781 0.718261719
vt 0.749511719 0.702636719
vt 0.735351562 0.688476562
vt 0.771972656 0.698242188
vt 0.752441406 0.684570312
vt 0.772460938 0.680175781
vt 0.690429688 0.864746094
vt 0.698242188 0.88671875
vt 0.70703125 0.874023438
vt 0.684570312 0.879394531
vt 0.670410156 0.862792969
vt 0.761230469 0.854980469
vt 0.76953125 0.864746094
vt 0.776367188 0.8515625
vt 0.78515625 0.860351562
vt 0.791015625 0.847167969
vt 0.798828125 0.855957031
vt 0.788574219 0.867675781
vt 0.804199219 0.842773438
vt 0.798828125 0.830078125
vt 0.815429688 0.823730469
vt 0.799804688 0.811035156
vt 0.817382812 0.803710938
vt 0.802734375 0.78515625
vt 0.786132812 0.791503906
vt 0.781738281 0.765625
vt 0.812988281 0.78125
vt 0.821289062 0.777832031
vt 0.799316406 0.760253906
vt 0.77734375 0.740722656
vt 0.809570312 0.756835938
vt 0.801269531 0.734863281
vt 0.773925781 0.718261719
vt 0.818847656 0.753417969
vt 0.827636719 0.775390625
vt 0.825683594 0.751464844
vt 0.814941406 0.73046875
vt 0.821289062 0.717285156
vt 0.797363281 0.713378906
vt 0.771972656 0.698242188
vt 0.811523438 0.708984375
vt 0.812988281 0.689453125
vt 0.794433594 0.693359375
vt 0.772460938 0.680175781
vt 0.79296875 0.67578125
vt 0.811035156 0.672363281
vt 0.827636719 0.686035156
vt 0.826171875 0.669433594
vt 0.670410156 0.862792969
vt 0.668457031 0.878417969
vt 0.684570312 0.879394531
vt 0.650390625 0.868164062
vt 0.650878906 0.883789062
vt 0.631835938 0.880859375
vt 0.651367188 0.899414062
vt 0.677246094 0.895019531
vt 0.634277344 0.895507812
vt 0.616699219 0.900390625
vt 0.62109375 0.911621094
vt 0.633789062 0.9140625
vt 0.649902344 0.916992188
vt 0.667480469 0.912109375
vt 0.639648438 0.931152344
vt 0.626464844 0.926757812
vt 0.613769531 0.930175781
vt 0.624023438 0.938476562
vt 0.613769531 0.946777344
vt 0.55078125 0.913574219
vt 0.54296875 0.892578125
vt 0.5390625 0.901855469
vt 0.555175781 0.90234375
vt 0.552246094 0.885742188
vt 0.544921875 0.870605469
vt 0.533203125 0.879882812
vt 0.954101562 0.0411376953
vt 0.941894531 0.035736084
vt 0.945800781 0.0484313965
vt 0.952148438 0.0269317627
vt 0.942871094 0.0221405029
vt 0.948730469 0.00995635986
vt 0.962890625 0.0387573242
vt 0.961425781 0.0546569824
vt 0.971679688 0.0461120605
vt 0.974609375 0.0310211182
vt 0.965332031 0.0258026123
vt 0.961425781 0.0156097412
vt 0.973632812 0.015914917
vt 0.958007812 0.00104808807
vt 0.948730469 0.00036740303
vt 0.967773438 0
vt 0.981933594 0.002368927
vt 0.384765625 0.809570312
vt 0.392822266 0.830566406
vt 0.397216797 0.816894531
vt 0.408935547 0.826660156
vt 0.410644531 0.810058594
vt 0.421386719 0.820800781
vt 0.403076172 0.836914062
vt 0.393798828 0.844238281
vt 0.419433594 0.834472656
vt 0.428955078 0.829589844
vt 0.413574219 0.842773438
vt 0.423828125 0.844238281
vt 0.410644531 0.810058594
vt 0.421386719 0.820800781
vt 0.423828125 0.802734375
vt 0.411376953 0.794433594
vt 0.398925781 0.799804688
vt 0.399902344 0.786132812
vt 0.387451172 0.793945312
vt 0.387695312 0.784179688
vt 0.940917969 0.568359375
vt 0.9453125 0.555664062
vt 0.940429688 0.557128906
vt 0.947753906 0.569335938
vt 0.944335938 0.578613281
vt 0.955078125 0.559082031
vt 0.951660156 0.547363281
vt 0.947753906 0.541503906
vt 0.940917969 0.549316406
vt 0.108764648 0.939941406
vt 0.111938477 0.928222656
vt 0.0960083008 0.942871094
vt 0.10168457 0.923828125
vt 0.111938477 0.913085938
vt 0.10369873 0.899902344
vt 0.0908813477 0.916015625
vt 0.0882568359 0.93359375
vt 0.0827636719 0.942382812
vt 0.079284668 0.927734375
vt 0.984863281 0.0401000977
vt 0.982910156 0.0573425293
vt 0.993652344 0.0451965332
vt 0.977050781 0.0540771484
vt 0.971679688 0.0461120605
vt 0.974609375 0.0310211182
vt 0.991699219 0.0287017822
vt 0.983886719 0.0173187256
vt 0.993652344 0.00787353516
vt 0.981933594 0.002368927
vt 0.973632812 0.015914917
vt 0.965332031 0.0258026123
vt 0.959472656 0.622070312
vt 0.962402344 0.609863281
vt 0.940429688 0.616210938
vt 0.949707031 0.602539062
vt 0.967285156 0.596679688
vt 0.971679688 0.602539062
vt 0.980957031 0.613769531
vt 0.983398438 0.602539062
vt 0.10369873 0.899902344
vt 0.0908813477 0.891113281
vt 0.0853271484 0.903808594
vt 0.0999145508 0.886230469
vt 0.0908813477 0.891113281
vt 0.0840454102 0.8828125
vt 0.0790405273 0.893554688
vt 0.0853271484 0.903808594
vt 0.076965332 0.911132812
vt 0.0709228516 0.893066406
vt 0.0689086914 0.915039062
vt 0.0908813477 0.916015625
vt 0.10369873 0.899902344
vt 0.079284668 0.927734375
vt 0.069152832 0.928710938
vt 0.876464844 0.634765625
vt 0.876464844 0.646972656
vt 0.8828125 0.631835938
vt 0.888183594 0.64453125
vt 0.880371094 0.655761719
vt 0.899414062 0.637207031
vt 0.89453125 0.625488281
vt 0.913085938 0.630371094
vt 0.889648438 0.615722656
vt 0.904296875 0.620117188
vt 0.899414062 0.610351562
vt 0.913085938 0.630371094
vt 0.918457031 0.641601562
vt 0.926757812 0.62890625
vt 0.930664062 0.642089844
vt 0.910644531 0.657714844
vt 0.914550781 0.666015625
vt 0.920410156 0.654296875
vt 0.918457031 0.641601562
vt 0.930664062 0.642089844
vt 0.930664062 0.651367188
vt 0.924316406 0.662109375
vt 0.904785156 0.645996094
vt 0.913085938 0.630371094
vt 0.899414062 0.637207031
vt 0.888183594 0.64453125
vt 0.893554688 0.654785156
vt 0.897949219 0.664550781
vt 0.880371094 0.655761719
vt 0.884765625 0.666015625
vt 1 0.559082031
vt 0.991210938 0.549804688
vt 0.986816406 0.559082031
vt 1 0.572265625
vt 0.991210938 0.578125
vt 0.982421875 0.569335938
vt 0.983398438 0.583984375
vt 0.998046875 0.585449219
vt 0.985839844 0.596679688
vt 0.994628906 0.596679688
vt 0.986816406 0.559082031
vt 0.968261719 0.561035156
vt 0.982421875 0.569335938
vt 0.963867188 0.572265625
vt 0.955078125 0.559082031
vt 0.983398438 0.583984375
vt 0.947753906 0.569335938
vt 0.973632812 0.589355469
vt 0.985839844 0.596679688
vt 0.958007812 0.581542969
vt 0.944335938 0.578613281
vt 0.954589844 0.588867188
vt 0.965820312 0.596679688
vt 0.971191406 0.65625
vt 0.966796875 0.645507812
vt 0.953613281 0.651367188
vt 0.959472656 0.634277344
vt 0.979492188 0.6328125
vt 0.981445312 0.646972656
vt 0.974121094 0.626464844
vt 0.959472656 0.622070312
vt 0.940917969 0.645507812
vt 0.943847656 0.65625
vt 0.941894531 0.630859375
vt 0.940429688 0.616210938
vt 0.962402344 0.609863281
vt 0.959472656 0.622070312
vt 0.974121094 0.626464844
vt 0.980957031 0.613769531
vt 0.979492188 0.6328125
vt 0.990234375 0.623046875
vt 0.988769531 0.634765625
vt 0.981445312 0.646972656
vt 0.995605469 0.641113281
vt 0.996582031 0.630859375
vt 0.99609375 0.619628906
vt 0.990722656 0.611328125
vt 1 0.618652344
vt 0.983398438 0.602539062
vt 0.990722656 0.603515625
vt 0.904296875 0.620117188
vt 0.919921875 0.6171875
vt 0.911621094 0.611328125
vt 0.913085938 0.630371094
vt 0.926757812 0.62890625
vt 0.980957031 0.545410156
vt 0.977539062 0.535644531
vt 0.96484375 0.540527344
vt 0.967285156 0.550292969
vt 0.951660156 0.547363281
vt 0.955078125 0.559082031
vt 0.968261719 0.561035156
vt 0.986816406 0.559082031
vt 0.991210938 0.549804688
vt 0.987792969 0.5390625
vt 0.344970703 0.557617188
vt 0.347900391 0.535644531
vt 0.322509766 0.528808594
vt 0.370849609 0.562988281
vt 0.369628906 0.581542969
vt 0.343505859 0.580078125
vt 0.369628906 0.600097656
vt 0.373535156 0.543945312
vt 0.352294922 0.514648438
vt 0.377441406 0.525390625
vt 0.358642578 0.495361328
vt 0.383056641 0.508789062
vt 0.366699219 0.479003906
vt 0.390380859 0.494384766
vt 0.401611328 0.537597656
vt 0.406494141 0.524414062
vt 0.398193359 0.552246094
vt 0.395751953 0.566894531
vt 0.39453125 0.58203125
vt 0.39453125 0.597167969
vt 0.395751953 0.611328125
vt 0.37109375 0.618164062
vt 0.398193359 0.625
vt 0.374023438 0.635253906
vt 0.401855469 0.637695312
vt 0.345458984 0.622558594
vt 0.378173828 0.651367188
vt 0.406494141 0.648925781
vt 0.383544922 0.666015625
vt 0.348632812 0.643066406
vt 0.319335938 0.625488281
vt 0.323242188 0.647949219
vt 0.353515625 0.662109375
vt 0.359619141 0.678710938
vt 0.390380859 0.678222656
vt 0.3671875 0.692871094
vt 0.328613281 0.668457031
vt 0.298095703 0.649902344
vt 0.335693359 0.686523438
vt 0.304199219 0.671386719
vt 0.293212891 0.204589844
vt 0.302978516 0.218261719
vt 0.322265625 0.209350586
vt 0.33203125 0.218139648
vt 0.315429688 0.229614258
vt 0.348876953 0.20300293
vt 0.356689453 0.207275391
vt 0.343505859 0.224609375
vt 0.365478516 0.209960938
vt 0.356201172 0.228515625
vt 0.374755859 0.210571289
vt 0.369628906 0.229614258
vt 0.369384766 0.186889648
vt 0.373779297 0.188232422
vt 0.378417969 0.188598633
vt 0.365478516 0.184692383
vt 0.342285156 0.197021484
vt 0.381347656 0.164672852
vt 0.383300781 0.187988281
vt 0.362060547 0.181762695
vt 0.387939453 0.186401367
vt 0.384033203 0.209350586
vt 0.393066406 0.206298828
vt 0.392333984 0.184082031
vt 0.396240234 0.181030273
vt 0.336914062 0.189697266
vt 0.314697266 0.198730469
vt 0.359375 0.178100586
vt 0.309326172 0.186523438
vt 0.286376953 0.188964844
vt 0.282958984 0.172119141
vt 0.333251953 0.181396484
vt 0.306640625 0.173339844
vt 0.282958984 0.154541016
vt 0.357666016 0.173950195
vt 0.306640625 0.159667969
vt 0.286621094 0.137084961
vt 0.331542969 0.172363281
vt 0.356689453 0.169311523
vt 0.309326172 0.145874023
vt 0.293212891 0.120300293
vt 0.314697266 0.1328125
vt 0.331542969 0.162963867
vt 0.356689453 0.164550781
vt 0.357666016 0.159912109
vt 0.359619141 0.155273438
vt 0.333496094 0.153686523
vt 0.336914062 0.14465332
vt 0.322265625 0.120788574
vt 0.342285156 0.136352539
vt 0.332275391 0.110290527
vt 0.362060547 0.151123047
vt 0.349121094 0.129272461
vt 0.34375 0.101806641
vt 0.365478516 0.147460938
vt 0.356933594 0.123352051
vt 0.369628906 0.14440918
vt 0.356445312 0.0956420898
vt 0.346435547 0.0723876953
vt 0.365478516 0.11907959
vt 0.369873047 0.0919799805
vt 0.374023438 0.142089844
vt 0.374755859 0.116516113
vt 0.378662109 0.14074707
vt 0.383544922 0.0909423828
vt 0.381103516 0.0661010742
vt 0.383300781 0.140258789
vt 0.387939453 0.140625
vt 0.392333984 0.141967773
vt 0.384033203 0.115661621
vt 0.398193359 0.0680541992
vt 0.397460938 0.0434570312
vt 0.416748047 0.0492553711
vt 0.393310547 0.116577148
vt 0.396728516 0.0924072266
vt 0.401611328 0.119140625
vt 0.4140625 0.0731201172
vt 0.409179688 0.0963134766
vt 0.409423828 0.123352051
vt 0.420166016 0.102416992
vt 0.428222656 0.0809326172
vt 0.43359375 0.058807373
vt 0.436035156 0.0372619629
vt 0.416503906 0.0262756348
vt 0.447509766 0.0718383789
vt 0.439941406 0.0914916992
vt 0.429443359 0.110534668
vt 0.448730469 0.104553223
vt 0.436523438 0.120605469
vt 0.396240234 0.144042969
vt 0.415771484 0.12902832
vt 0.420654297 0.135864258
vt 0.44140625 0.132324219
vt 0.399414062 0.146972656
vt 0.424072266 0.143920898
vt 0.443847656 0.145263672
vt 0.402099609 0.150512695
vt 0.42578125 0.152709961
vt 0.443847656 0.158691406
vt 0.403808594 0.154541016
vt 0.42578125 0.161865234
vt 0.441650391 0.172119141
vt 0.404785156 0.159057617
vt 0.404785156 0.163696289
vt 0.403808594 0.168457031
vt 0.424072266 0.171020508
vt 0.436767578 0.184814453
vt 0.420654297 0.179931641
vt 0.402099609 0.172973633
vt 0.429443359 0.196655273
vt 0.415771484 0.188110352
vt 0.420166016 0.20715332
vt 0.227905273 0.276855469
vt 0.252685547 0.264648438
vt 0.242797852 0.255615234
vt 0.238647461 0.287109375
vt 0.265869141 0.273193359
vt 0.280517578 0.251953125
vt 0.269287109 0.244750977
vt 0.253417969 0.296630859
vt 0.227661133 0.311035156
vt 0.243041992 0.321533203
vt 0.282226562 0.281005859
vt 0.294433594 0.258544922
vt 0.310302734 0.263916016
vt 0.3203125 0.243530273
vt 0.271484375 0.305419922
vt 0.30078125 0.287597656
vt 0.261962891 0.331054688
vt 0.234863281 0.346435547
vt 0.291992188 0.313232422
vt 0.253662109 0.356201172
vt 0.228637695 0.370605469
vt 0.246337891 0.380615234
vt 0.283935547 0.339355469
vt 0.321289062 0.29296875
vt 0.327636719 0.268554688
vt 0.314697266 0.319580078
vt 0.342529297 0.297119141
vt 0.307861328 0.346679688
vt 0.275634766 0.365234375
vt 0.300048828 0.373291016
vt 0.267089844 0.389892578
vt 0.240478516 0.403076172
vt 0.259033203 0.412109375
vt 0.280517578 0.251953125
vt 0.307861328 0.239135742
vt 0.297119141 0.234008789
vt 0.294433594 0.258544922
vt 0.265869141 0.273193359
vt 0.3203125 0.243530273
vt 0.310302734 0.263916016
vt 0.333984375 0.247070312
vt 0.327636719 0.268554688
vt 0.30078125 0.287597656
vt 0.282226562 0.281005859
vt 0.347900391 0.249633789
vt 0.349853516 0.231445312
vt 0.340087891 0.229614258
vt 0.359375 0.232666016
vt 0.358642578 0.495361328
vt 0.366699219 0.479003906
vt 0.344238281 0.467773438
vt 0.334960938 0.485351562
vt 0.352294922 0.514648438
vt 0.327636719 0.505859375
vt 0.347900391 0.535644531
vt 0.312011719 0.479003906
vt 0.322509766 0.528808594
vt 0.303955078 0.5
vt 0.297851562 0.523925781
vt 0.280761719 0.497558594
vt 0.319091797 0.552734375
vt 0.344970703 0.557617188
vt 0.343505859 0.580078125
vt 0.274414062 0.520996094
vt 0.259277344 0.498046875
vt 0.252685547 0.520996094
vt 0.293701172 0.549316406
vt 0.317382812 0.577636719
vt 0.269775391 0.546875
vt 0.34375 0.6015625
vt 0.369628906 0.600097656
vt 0.37109375 0.618164062
vt 0.345458984 0.622558594
vt 0.317382812 0.602050781
vt 0.319335938 0.625488281
vt 0.291748047 0.575195312
vt 0.248291016 0.545898438
vt 0.234130859 0.522949219
vt 0.229858398 0.546386719
vt 0.291748047 0.601074219
vt 0.267578125 0.573242188
vt 0.24609375 0.571777344
vt 0.227661133 0.5703125
vt 0.293945312 0.626464844
vt 0.323242188 0.647949219
vt 0.298095703 0.649902344
vt 0.267822266 0.599609375
vt 0.24609375 0.59765625
vt 0.227661133 0.594726562
vt 0.270019531 0.625488281
vt 0.248291016 0.622558594
vt 0.229736328 0.618164062
vt 0.274414062 0.649414062
vt 0.304199219 0.671386719
vt 0.252685547 0.645996094
vt 0.280761719 0.670410156
vt 0.259033203 0.666503906
vt 0.209594727 0.134765625
vt 0.215576172 0.168212891
vt 0.227661133 0.155273438
vt 0.198730469 0.145019531
vt 0.1875 0.114440918
vt 0.193847656 0.106323242
vt 0.218139648 0.122680664
vt 0.198486328 0.0972290039
vt 0.223999023 0.10949707
vt 0.201049805 0.0876464844
vt 0.227172852 0.0957641602
vt 0.201538086 0.0778808594
vt 0.227661133 0.08203125
vt 0.200195312 0.0681152344
vt 0.225585938 0.0684204102
vt 0.196899414 0.0586853027
vt 0.221191406 0.0551757812
vt 0.191772461 0.0497741699
vt 0.214355469 0.0425415039
vt 0.184936523 0.0416259766
vt 0.204956055 0.0308380127
vt 0.176513672 0.034576416
vt 0.193359375 0.0204772949
vt 0.166748047 0.0288696289
vt 0.17980957 0.0118484497
vt 0.156005859 0.0247344971
vt 0.164794922 0.00532531738
vt 0.17175293 0.0700683594
vt 0.170043945 0.0650024414
vt 0.142456055 0.0736694336
vt 0.172485352 0.0752563477
vt 0.167236328 0.060333252
vt 0.172119141 0.0803833008
vt 0.163574219 0.0561218262
vt 0.170654297 0.0853881836
vt 0.159057617 0.0525512695
vt 0.168212891 0.0900268555
vt 0.153930664 0.0497131348
vt 0.1484375 0.0477905273
vt 0.142578125 0.0468444824
vt 0.14465332 0.0223846436
vt 0.13671875 0.0469665527
vt 0.13293457 0.0220489502
vt 0.164672852 0.0940551758
vt 0.130981445 0.0481262207
vt 0.179443359 0.121398926
vt 0.160400391 0.0974731445
vt 0.125732422 0.0503540039
vt 0.155395508 0.100036621
vt 0.121398926 0.0238494873
vt 0.131591797 0
vt 0.114074707 0.0018491745
vt 0.110534668 0.0278930664
vt 0.0971679688 0.00713348389
vt 0.169921875 0.126708984
vt 0.185424805 0.153076172
vt 0.121032715 0.0535888672
vt 0.100830078 0.0341491699
vt 0.0819091797 0.01612854
vt 0.1171875 0.0576782227
vt 0.0928344727 0.0424194336
vt 0.200195312 0.178344727
vt 0.208007812 0.201538086
vt 0.224731445 0.190063477
vt 0.186523438 0.209594727
vt 0.181030273 0.185424805
vt 0.170043945 0.158447266
vt 0.159179688 0.130126953
vt 0.149902344 0.1015625
vt 0.147460938 0.131591797
vt 0.144042969 0.102111816
vt 0.135498047 0.130859375
vt 0.138061523 0.1015625
vt 0.132324219 0.0999755859
vt 0.126831055 0.0973510742
vt 0.122009277 0.09375
vt 0.123535156 0.127807617
vt 0.112304688 0.122741699
vt 0.115905762 0.15637207
vt 0.134277344 0.160400391
vt 0.107910156 0.184082031
vt 0.098449707 0.148925781
vt 0.0842895508 0.174438477
vt 0.0637817383 0.160766602
vt 0.0830078125 0.138427734
vt 0.102294922 0.115661621
vt 0.0702514648 0.125610352
vt 0.0472412109 0.144165039
vt 0.0346984863 0.125732422
vt 0.0939331055 0.106933594
vt 0.060760498 0.110961914
vt 0.0270080566 0.105957031
vt 0.117919922 0.0893554688
vt 0.0876464844 0.0969848633
vt 0.0548706055 0.0950927734
vt 0.114868164 0.0844116211
vt 0.0836791992 0.0860595703
vt 0.0247497559 0.0846557617
vt 0 0.0938110352
vt 0.00395202637 0.067199707
vt 0.0528259277 0.0782470703
vt 0.0273742676 0.0621337891
vt 0.01171875 0.0401611328
vt 0.0344238281 0.0395202637
vt 0.112976074 0.0789794922
vt 0.0822143555 0.0747070312
vt 0.0545959473 0.0609741211
vt 0.112243652 0.0733642578
vt 0.0601501465 0.0440673828
vt 0.0464477539 0.0185546875
vt 0.0833129883 0.0632324219
vt 0.112731934 0.0678100586
vt 0.0693359375 0.0287017822
vt 0.0637207031 0.00182914734
vt 0.0869140625 0.0523071289
vt 0.114379883 0.0624694824
vt 0.366699219 0.479003906
vt 0.377197266 0.465576172
vt 0.355712891 0.453613281
vt 0.344238281 0.467773438
vt 0.274902344 0.438964844
vt 0.298339844 0.446533203
vt 0.305419922 0.428710938
vt 0.334716797 0.436035156
vt 0.326171875 0.453613281
vt 0.345458984 0.412841797
vt 0.375976562 0.417724609
vt 0.366943359 0.441650391
vt 0.406005859 0.418457031
vt 0.398925781 0.442871094
vt 0.181030273 0.185424805
vt 0.159545898 0.214111328
vt 0.186523438 0.209594727
vt 0.158081055 0.189086914
vt 0.170043945 0.158447266
vt 0.152709961 0.161010742
vt 0.159179688 0.130126953
vt 0.147460938 0.131591797
vt 0.134277344 0.160400391
vt 0.135498047 0.130859375
vt 0.133056641 0.188842773
vt 0.107910156 0.184082031
vt 0.12890625 0.214233398
vt 0.121154785 0.234863281
vt 0.153442383 0.234741211
vt 0.0879516602 0.229492188
vt 0.0979003906 0.209106445
vt 0.0577087402 0.217285156
vt 0.0693969727 0.197753906
vt 0.0331420898 0.198730469
vt 0.0458984375 0.181152344
vt 0.0842895508 0.174438477
vt 0.115905762 0.15637207
vt 0.0637817383 0.160766602
vt 0.0268096924 0.161499023
vt 0.0472412109 0.144165039
vt 0.0113067627 0.14050293
vt 0.0830078125 0.138427734
vt 0.098449707 0.148925781
vt 0.393066406 0.206298828
vt 0.401611328 0.201660156
vt 0.392333984 0.184082031
vt 0.396240234 0.181030273
vt 0.409179688 0.19543457
vt 0.399414062 0.177246094
vt 0.381347656 0.164672852
vt 0.415771484 0.188110352
vt 0.420166016 0.20715332
vt 0.402099609 0.172973633
vt 0.403808594 0.168457031
vt 0.420410156 0.296875
vt 0.421875 0.268310547
vt 0.410644531 0.271728516
vt 0.407470703 0.247314453
vt 0.492919922 0.443603516
vt 0.493652344 0.423339844
vt 0.469970703 0.4140625
vt 0.470947266 0.394287109
vt 0.494628906 0.400146484
vt 0.471923828 0.372802734
vt 0.450439453 0.387451172
vt 0.449951172 0.403320312
vt 0.450927734 0.369628906
vt 0.434570312 0.379882812
vt 0.434082031 0.392333984
vt 0.434814453 0.366210938
vt 0.434570312 0.352050781
vt 0.450927734 0.351074219
vt 0.472167969 0.350341797
vt 0.434082031 0.337890625
vt 0.450195312 0.332763672
vt 0.433349609 0.324462891
vt 0.44921875 0.315185547
vt 0.469238281 0.306640625
vt 0.447998047 0.299804688
vt 0.467529297 0.287353516
vt 0.490722656 0.276367188
vt 0.466064453 0.270996094
vt 0.489257812 0.257080078
vt 0.516601562 0.267822266
vt 0.516113281 0.24597168
vt 0.488037109 0.241821289
vt 0.549804688 0.459228516
vt 0.520019531 0.430419922
vt 0.520019531 0.453125
vt 0.548339844 0.434570312
vt 0.580566406 0.461181641
vt 0.577636719 0.435058594
vt 0.608886719 0.457763672
vt 0.60546875 0.431884766
vt 0.574707031 0.405517578
vt 0.546875 0.406005859
vt 0.520019531 0.404296875
vt 0.545898438 0.376464844
vt 0.571777344 0.375732422
vt 0.494628906 0.400146484
vt 0.493652344 0.423339844
vt 0.520996094 0.376464844
vt 0.495849609 0.375244141
vt 0.471923828 0.372802734
vt 0.472167969 0.350341797
vt 0.545410156 0.347412109
vt 0.569824219 0.346923828
vt 0.496337891 0.349365234
vt 0.520996094 0.348388672
vt 0.470947266 0.327880859
vt 0.450195312 0.332763672
vt 0.44921875 0.315185547
vt 0.469238281 0.306640625
vt 0.494873047 0.323486328
vt 0.51953125 0.3203125
vt 0.492431641 0.298828125
vt 0.467529297 0.287353516
vt 0.490722656 0.276367188
vt 0.518066406 0.293212891
vt 0.516601562 0.267822266
vt 0.544921875 0.318603516
vt 0.544921875 0.289794922
vt 0.5703125 0.318115234
vt 0.594726562 0.346435547
vt 0.544921875 0.261962891
vt 0.516113281 0.24597168
vt 0.545410156 0.23828125
vt 0.57421875 0.260009766
vt 0.572265625 0.288818359
vt 0.595703125 0.318847656
vt 0.598632812 0.290283203
vt 0.602050781 0.262451172
vt 0.622558594 0.294433594
vt 0.625976562 0.269042969
vt 0.620117188 0.320556641
vt 0.619140625 0.346435547
vt 0.62109375 0.372314453
vt 0.596679688 0.374023438
vt 0.625 0.398925781
vt 0.62109375 0.372314453
vt 0.596679688 0.374023438
vt 0.601074219 0.403076172
vt 0.629394531 0.425048828
vt 0.60546875 0.431884766
vt 0.574707031 0.405517578
vt 0.571777344 0.375732422
vt 0.569824219 0.346923828
vt 0.594726562 0.346435547
vt 0.0472412109 0.144165039
vt 0.0346984863 0.125732422
vt 0.0113067627 0.14050293
vt 0.0016746521 0.118347168
vt 0.0270080566 0.105957031
vt 0 0.0938110352
vt 0.625976562 0.269042969
vt 0.629394531 0.246337891
vt 0.604492188 0.237670898
vt 0.602050781 0.262451172
vt 0.57421875 0.260009766
vt 0.575683594 0.235107422
vt 0.545410156 0.23828125
vt 0.602050781 0.262451172
vt 0.604492188 0.237670898
vt 0.666503906 0.669433594
vt 0.6328125 0.645507812
vt 0.643066406 0.666992188
vt 0.65625 0.645507812
vt 0.692382812 0.668945312
vt 0.625 0.620605469
vt 0.682128906 0.643066406
vt 0.71875 0.6640625
vt 0.708984375 0.637207031
vt 0.647949219 0.618164062
vt 0.619140625 0.594726562
vt 0.673339844 0.61328125
vt 0.699707031 0.604980469
vt 0.641113281 0.590332031
vt 0.615234375 0.568359375
vt 0.666015625 0.582519531
vt 0.637207031 0.5625
vt 0.613769531 0.542480469
vt 0.692382812 0.572753906
vt 0.726074219 0.595703125
vt 0.71875 0.564941406
vt 0.661621094 0.553710938
vt 0.635742188 0.535644531
vt 0.615234375 0.518554688
vt 0.6875 0.543457031
vt 0.714355469 0.536621094
vt 0.659667969 0.52734375
vt 0.63671875 0.511230469
vt 0.618652344 0.49609375
vt 0.640625 0.488769531
vt 0.685546875 0.518066406
vt 0.712890625 0.513183594
vt 0.661132812 0.503417969
vt 0.687011719 0.49609375
vt 0.713867188 0.493408203
vt 0.665039062 0.482177734
vt 0.646972656 0.469482422
vt 0.671875 0.464111328
vt 0.69140625 0.477294922
vt 0.718261719 0.476806641
vt 0.697753906 0.461181641
vt 0.416503906 0.0262756348
vt 0.397460938 0.0434570312
vt 0.416748047 0.0492553711
vt 0.394287109 0.0202789307
vt 0.413330078 0.00571060181
vt 0.388671875 1.13248825E-06
vt 0.376953125 0.0417480469
vt 0.381103516 0.0661010742
vt 0.37109375 0.0192718506
vt 0.36328125 0
vt 0.363525391 0.067565918
vt 0.369873047 0.0919799805
vt 0.356445312 0.0956420898
vt 0.346435547 0.0723876953
vt 0.356201172 0.0440673828
vt 0.347900391 0.0228271484
vt 0.338134766 0.00481033325
vt 0.3359375 0.0503234863
vt 0.325195312 0.0304870605
vt 0.313964844 0.0137863159
vt 0.330078125 0.0804443359
vt 0.34375 0.101806641
vt 0.332275391 0.110290527
vt 0.303955078 0.0419921875
vt 0.291503906 0.0266113281
vt 0.316894531 0.0601806641
vt 0.315429688 0.0914306641
vt 0.322265625 0.120788574
vt 0.284912109 0.0569763184
vt 0.271484375 0.04296875
vt 0.299804688 0.0733642578
vt 0.302978516 0.104858398
vt 0.314697266 0.1328125
vt 0.293212891 0.120300293
vt 0.28515625 0.0893554688
vt 0.268798828 0.075012207
vt 0.2734375 0.10760498
vt 0.286621094 0.137084961
vt 0.254638672 0.0624389648
vt 0.259277344 0.0318908691
vt 0.242553711 0.0521240234
vt 0.241455078 0.0843505859
vt 0.256103516 0.0954589844
vt 0.247436523 0.117614746
vt 0.265625 0.127441406
vt 0.282958984 0.154541016
vt 0.261474609 0.148071289
vt 0.335693359 0.686523438
vt 0.304199219 0.671386719
vt 0.312255859 0.689453125
vt 0.280761719 0.670410156
vt 0.289306641 0.688964844
vt 0.941894531 0.0292510986
vt 0.923339844 0.0164489746
vt 0.919921875 0.0281829834
vt 0.896972656 0.0247039795
vt 0.930175781 0.0446166992
vt 0.903808594 0.0354003906
vt 0.885742188 0.0426025391
vt 0.916503906 0.0454101562
vt 0.903320312 0.0528259277
vt 0.882324219 0.0595092773
vt 0.900390625 0.0934448242
vt 0.916992188 0.0842285156
vt 0.916015625 0.12310791
vt 0.929199219 0.0792236328
vt 0.940429688 0.0818481445
vt 0.941894531 0.120483398
vt 0.928710938 0.127197266
vt 0.916503906 0.14050293
vt 0.94140625 0.140136719
vt 0.9296875 0.14074707
vt 0.214355469 0.416503906
vt 0.215698242 0.417236328
vt 0.216308594 0.415527344
vt 0.213745117 0.418701172
vt 0.215087891 0.419189453
vt 0.213256836 0.420898438
vt 0.214477539 0.421386719
vt 0.212768555 0.423339844
vt 0.216430664 0.420166016
vt 0.213745117 0.423828125
vt 0.215576172 0.422363281
vt 0.21472168 0.424560547
vt 0.216552734 0.423583984
vt 0.215576172 0.425537109
vt 0.217407227 0.425048828
vt 0.213867188 0.426757812
vt 0.216308594 0.426757812
vt 0.214477539 0.427490234
vt 0.213012695 0.428955078
vt 0.213378906 0.429443359
vt 0.215087891 0.428466797
vt 0.216918945 0.428222656
vt 0.213867188 0.430175781
vt 0.212402344 0.431396484
vt 0.215576172 0.4296875
vt 0.217285156 0.429443359
vt 0.212524414 0.431640625
vt 0.211303711 0.432861328
vt 0.214111328 0.430908203
vt 0.215820312 0.430664062
vt 0.217407227 0.430908203
vt 0.215942383 0.431884766
vt 0.212768555 0.431884766
vt 0.214355469 0.431640625
vt 0.212768555 0.432373047
vt 0.214477539 0.432373047
vt 0.215942383 0.433105469
vt 0.214477539 0.433349609
vt 0.212890625 0.432861328
vt 0.212890625 0.433105469
vt 0.211669922 0.333496094
vt 0.211181641 0.333984375
vt 0.211914062 0.334960938
vt 0.211669922 0.335205078
vt 0.212646484 0.336181641
vt 0.211425781 0.335693359
vt 0.211303711 0.3359375
vt 0.211303711 0.336425781
vt 0.211303711 0.336669922
vt 0.209960938 0.336914062
vt 0.209960938 0.337646484
vt 0.211303711 0.337158203
vt 0.210083008 0.338378906
vt 0.211425781 0.337402344
vt 0.211547852 0.337890625
vt 0.210327148 0.339111328
vt 0.210571289 0.339599609
vt 0.209350586 0.340820312
vt 0.209716797 0.341796875
vt 0.211791992 0.338134766
vt 0.2109375 0.340087891
vt 0.212036133 0.338134766
vt 0.210327148 0.342529297
vt 0.209228516 0.343994141
vt 0.209838867 0.344726562
vt 0.211425781 0.340576172
vt 0.21105957 0.343017578
vt 0.210693359 0.345458984
vt 0.209716797 0.347167969
vt 0.210693359 0.347900391
vt 0.209594727 0.349365234
vt 0.210693359 0.350097656
vt 0.212280273 0.338378906
vt 0.211914062 0.340820312
vt 0.211791992 0.343261719
vt 0.212524414 0.338378906
vt 0.212524414 0.340820312
vt 0.212524414 0.343261719
vt 0.212890625 0.338378906
vt 0.213134766 0.340576172
vt 0.213134766 0.338134766
vt 0.213378906 0.337890625
vt 0.213623047 0.340332031
vt 0.215698242 0.354248047
vt 0.217163086 0.353515625
vt 0.216674805 0.351806641
vt 0.21862793 0.352539062
vt 0.218017578 0.350830078
vt 0.2109375 0.390380859
vt 0.211425781 0.392578125
vt 0.212768555 0.392822266
vt 0.209350586 0.387695312
vt 0.209594727 0.390136719
vt 0.210693359 0.388183594
vt 0.209228516 0.385009766
vt 0.210449219 0.385498047
vt 0.209228516 0.382568359
vt 0.210449219 0.383056641
vt 0.210571289 0.380371094
vt 0.211791992 0.383300781
vt 0.211791992 0.380615234
vt 0.21081543 0.377929688
vt 0.211914062 0.378173828
vt 0.211181641 0.375732422
vt 0.212036133 0.375976562
vt 0.216674805 0.315673828
vt 0.21887207 0.31640625
vt 0.218139648 0.314941406
vt 0.21875 0.245605469
vt 0.218261719 0.242553711
vt 0.217773438 0.245117188
vt 0.219726562 0.248657227
vt 0.220092773 0.24609375
vt 0.218505859 0.248168945
vt 0.221191406 0.248901367
vt 0.221435547 0.246337891
vt 0.219604492 0.250976562
vt 0.218383789 0.250488281
vt 0.409423828 0.502929688
vt 0.409912109 0.504394531
vt 0.410400391 0.50390625
vt 0.408935547 0.503417969
vt 0.409179688 0.505371094
vt 0.408691406 0.503417969
vt 0.408691406 0.505859375
vt 0.408447266 0.50390625
vt 0.407958984 0.506347656
vt 0.407958984 0.50390625
vt 0.407226562 0.506347656
vt 0.407714844 0.504394531
vt 0.217285156 0.337158203
vt 0.217407227 0.336181641
vt 0.215820312 0.335693359
vt 0.215820312 0.336669922
vt 0.217163086 0.338378906
vt 0.215698242 0.337402344
vt 0.216796875 0.339599609
vt 0.215454102 0.338134766
vt 0.214233398 0.3359375
vt 0.214233398 0.336181641
vt 0.212646484 0.336181641
vt 0.214111328 0.336669922
vt 0.214233398 0.335449219
vt 0.215698242 0.334960938
vt 0.213989258 0.336914062
vt 0.215087891 0.338867188
vt 0.214111328 0.335205078
vt 0.215576172 0.334472656
vt 0.213867188 0.337402344
vt 0.214599609 0.339599609
vt 0.213989258 0.334716797
vt 0.215209961 0.333740234
vt 0.213745117 0.334472656
vt 0.213500977 0.334472656
vt 0.213256836 0.334228516
vt 0.213012695 0.334228516
vt 0.212646484 0.334228516
vt 0.212402344 0.334472656
vt 0.212158203 0.334716797
vt 0.211914062 0.334960938
vt 0.211669922 0.333496094
vt 0.213623047 0.337646484
vt 0.213378906 0.337890625
vt 0.214233398 0.340087891
vt 0.213623047 0.340332031
vt 0.21875 0.338134766
vt 0.21887207 0.336669922
vt 0.217407227 0.336181641
vt 0.217285156 0.337158203
vt 0.218505859 0.339599609
vt 0.217163086 0.338378906
vt 0.219848633 0.341064453
vt 0.220092773 0.339355469
vt 0.219360352 0.342529297
vt 0.218139648 0.341064453
vt 0.216796875 0.339599609
vt 0.21862793 0.344238281
vt 0.217529297 0.342285156
vt 0.216308594 0.340576172
vt 0.215454102 0.338134766
vt 0.216674805 0.343505859
vt 0.217651367 0.345458984
vt 0.216674805 0.346679688
vt 0.217407227 0.348876953
vt 0.219604492 0.345947266
vt 0.220336914 0.344238281
vt 0.218505859 0.34765625
vt 0.219238281 0.349365234
vt 0.220336914 0.347900391
vt 0.218017578 0.350830078
vt 0.216674805 0.351806641
vt 0.216064453 0.349853516
vt 0.217163086 0.353515625
vt 0.21081543 0.356689453
vt 0.212768555 0.356445312
vt 0.212402344 0.35546875
vt 0.211181641 0.357910156
vt 0.213378906 0.357421875
vt 0.211914062 0.359130859
vt 0.209716797 0.359375
vt 0.210449219 0.360839844
vt 0.214111328 0.358398438
vt 0.215454102 0.356933594
vt 0.216064453 0.357666016
vt 0.212768555 0.360351562
vt 0.21496582 0.359375
vt 0.216796875 0.358398438
vt 0.215820312 0.360351562
vt 0.211425781 0.362060547
vt 0.209228516 0.362792969
vt 0.210205078 0.364257812
vt 0.213745117 0.361328125
vt 0.212524414 0.363525391
vt 0.211303711 0.365478516
vt 0.21484375 0.362304688
vt 0.216918945 0.361083984
vt 0.215942383 0.36328125
vt 0.213745117 0.364501953
vt 0.212646484 0.366699219
vt 0.210205078 0.367431641
vt 0.215087891 0.365478516
vt 0.217163086 0.364013672
vt 0.216308594 0.366210938
vt 0.213989258 0.367675781
vt 0.215454102 0.368408203
vt 0.213012695 0.369873047
vt 0.211547852 0.368652344
vt 0.209350586 0.369384766
vt 0.210571289 0.370605469
vt 0.212036133 0.371582031
vt 0.214477539 0.355224609
vt 0.216308594 0.354980469
vt 0.216064453 0.354492188
vt 0.21484375 0.355957031
vt 0.212768555 0.356445312
vt 0.213378906 0.357421875
vt 0.216674805 0.35546875
vt 0.215454102 0.356933594
vt 0.217163086 0.355957031
vt 0.216064453 0.357666016
vt 0.217651367 0.356445312
vt 0.216796875 0.358398438
vt 0.218383789 0.354980469
vt 0.218139648 0.354736328
vt 0.21862793 0.355224609
vt 0.218261719 0.356933594
vt 0.21887207 0.35546875
vt 0.217651367 0.358886719
vt 0.215820312 0.360351562
vt 0.216918945 0.361083984
vt 0.21875 0.357177734
vt 0.219116211 0.35546875
vt 0.218383789 0.359375
vt 0.219238281 0.357421875
vt 0.219482422 0.355712891
vt 0.219238281 0.359619141
vt 0.219726562 0.357666016
vt 0.219604492 0.35546875
vt 0.219848633 0.359863281
vt 0.220214844 0.357666016
vt 0.220581055 0.359863281
vt 0.219848633 0.35546875
vt 0.220581055 0.357421875
vt 0.407958984 0.506347656
vt 0.407226562 0.506347656
vt 0.407226562 0.508789062
vt 0.408203125 0.508300781
vt 0.408691406 0.505859375
vt 0.407714844 0.511230469
vt 0.409179688 0.5078125
vt 0.409179688 0.505371094
vt 0.408691406 0.510742188
vt 0.408447266 0.513671875
vt 0.41015625 0.506835938
vt 0.409912109 0.504394531
vt 0.409912109 0.509765625
vt 0.409667969 0.512695312
vt 0.409423828 0.515625
vt 0.411132812 0.506347656
vt 0.410400391 0.50390625
vt 0.411132812 0.508789062
vt 0.411132812 0.512207031
vt 0.411865234 0.504882812
vt 0.411132812 0.502929688
vt 0.412353516 0.5078125
vt 0.412597656 0.50390625
vt 0.411621094 0.502441406
vt 0.413330078 0.502929688
vt 0.414550781 0.504882812
vt 0.413574219 0.506347656
vt 0.412353516 0.510742188
vt 0.410644531 0.515136719
vt 0.415283203 0.5078125
vt 0.416503906 0.506347656
vt 0.416992188 0.509277344
vt 0.413818359 0.509277344
vt 0.412353516 0.514160156
vt 0.415527344 0.511230469
vt 0.413818359 0.512695312
vt 0.410644531 0.517578125
vt 0.409179688 0.518066406
vt 0.407958984 0.516113281
vt 0.412109375 0.517089844
vt 0.413818359 0.515625
vt 0.413574219 0.518554688
vt 0.415527344 0.514648438
vt 0.415283203 0.517578125
vt 0.415283203 0.51953125
vt 0.416748047 0.518554688
vt 0.416992188 0.516113281
vt 0.418457031 0.517089844
vt 0.416992188 0.512695312
vt 0.418701172 0.514160156
vt 0.418701172 0.510742188
vt 0.418212891 0.5078125
vt 0.420166016 0.515625
vt 0.419921875 0.518066406
vt 0.421630859 0.516601562
vt 0.420166016 0.509277344
vt 0.419433594 0.505859375
vt 0.420166016 0.512695312
vt 0.421875 0.513671875
vt 0.421630859 0.510253906
vt 0.421386719 0.507324219
vt 0.423095703 0.515136719
vt 0.422851562 0.517578125
vt 0.424072266 0.516113281
vt 0.420410156 0.50390625
vt 0.418212891 0.502929688
vt 0.422363281 0.505371094
vt 0.422851562 0.508300781
vt 0.423095703 0.51171875
vt 0.424316406 0.513183594
vt 0.425292969 0.514160156
vt 0.424316406 0.509765625
vt 0.425537109 0.511230469
vt 0.426269531 0.512695312
vt 0.424072266 0.506347656
vt 0.425292969 0.5078125
vt 0.426513672 0.509765625
vt 0.422851562 0.503417969
vt 0.420898438 0.502441406
vt 0.424560547 0.504882812
vt 0.426025391 0.506347656
vt 0.425048828 0.502929688
vt 0.426513672 0.504394531
vt 0.423339844 0.501464844
vt 0.421386719 0.500488281
vt 0.419189453 0.5
vt 0.419189453 0.498779297
vt 0.421386719 0.499511719
vt 0.423339844 0.500488281
vt 0.209716797 0.428710938
vt 0.209838867 0.426025391
vt 0.209228516 0.426513672
vt 0.210205078 0.428466797
vt 0.210449219 0.430908203
vt 0.210693359 0.42578125
vt 0.210693359 0.423095703
vt 0.209716797 0.423583984
vt 0.211669922 0.423095703
vt 0.211425781 0.425537109
vt 0.212768555 0.423339844
vt 0.21081543 0.428222656
vt 0.210693359 0.430664062
vt 0.211303711 0.432861328
vt 0.210327148 0.431152344
vt 0.210083008 0.431396484
vt 0.209960938 0.431640625
vt 0.209960938 0.432128906
vt 0.209960938 0.432617188
vt 0.209960938 0.432861328
vt 0.210083008 0.433349609
vt 0.210205078 0.43359375
vt 0.210449219 0.434082031
vt 0.210693359 0.434326172
vt 0.2109375 0.434570312
vt 0.211181641 0.434570312
vt 0.211547852 0.434814453
vt 0.211791992 0.434814453
vt 0.212036133 0.434570312
vt 0.212280273 0.434326172
vt 0.212524414 0.434082031
vt 0.212646484 0.433837891
vt 0.212768555 0.43359375
vt 0.214111328 0.434570312
vt 0.214355469 0.434082031
vt 0.212890625 0.433105469
vt 0.214477539 0.433349609
vt 0.2109375 0.430664062
vt 0.211303711 0.428222656
vt 0.211303711 0.430664062
vt 0.212280273 0.42578125
vt 0.213745117 0.423828125
vt 0.211914062 0.428222656
vt 0.213134766 0.426269531
vt 0.21472168 0.424560547
vt 0.213867188 0.426757812
vt 0.212402344 0.428466797
vt 0.213012695 0.428955078
vt 0.211547852 0.430664062
vt 0.211914062 0.430908203
vt 0.212158203 0.430908203
vt 0.213378906 0.429443359
vt 0.212402344 0.431396484
vt 0.408447266 0.513671875
vt 0.407958984 0.516113281
vt 0.409423828 0.515625
vt 0.407226562 0.513671875
vt 0.407714844 0.511230469
vt 0.406738281 0.51171875
vt 0.407226562 0.508789062
vt 0.406494141 0.509277344
vt 0.406738281 0.51171875
vt 0.407714844 0.511230469
vt 0.209594727 0.421142578
vt 0.21105957 0.418457031
vt 0.209716797 0.418701172
vt 0.21081543 0.420654297
vt 0.209716797 0.423583984
vt 0.210693359 0.423095703
vt 0.212036133 0.420654297
vt 0.211669922 0.423095703
vt 0.212402344 0.418212891
vt 0.213256836 0.420898438
vt 0.212768555 0.423339844
vt 0.213745117 0.418701172
vt 0.212890625 0.416259766
vt 0.211425781 0.416259766
vt 0.214355469 0.416503906
vt 0.215698242 0.417236328
vt 0.21484375 0.414794922
vt 0.213378906 0.414550781
vt 0.216308594 0.415527344
vt 0.216918945 0.361083984
vt 0.218383789 0.359375
vt 0.217651367 0.358886719
vt 0.217895508 0.361572266
vt 0.215942383 0.36328125
vt 0.219238281 0.359619141
vt 0.217163086 0.364013672
vt 0.21887207 0.362060547
vt 0.219848633 0.359863281
vt 0.218383789 0.364501953
vt 0.216308594 0.366210938
vt 0.219848633 0.362060547
vt 0.220581055 0.359863281
vt 0.220581055 0.362060547
vt 0.219482422 0.364501953
vt 0.220458984 0.364501953
vt 0.217651367 0.366699219
vt 0.215454102 0.368408203
vt 0.21887207 0.366943359
vt 0.219970703 0.366943359
vt 0.216796875 0.369140625
vt 0.218017578 0.369384766
vt 0.214355469 0.370605469
vt 0.213012695 0.369873047
vt 0.212036133 0.371582031
vt 0.215820312 0.37109375
vt 0.217163086 0.371337891
vt 0.213378906 0.372314453
vt 0.21472168 0.373046875
vt 0.21105957 0.373046875
vt 0.212402344 0.374023438
vt 0.408935547 0.472412109
vt 0.408691406 0.469970703
vt 0.407470703 0.470214844
vt 0.41015625 0.471923828
vt 0.409912109 0.469238281
vt 0.411376953 0.471435547
vt 0.411865234 0.473876953
vt 0.408691406 0.467041016
vt 0.407470703 0.467529297
vt 0.41015625 0.466064453
vt 0.409423828 0.463867188
vt 0.413085938 0.473144531
vt 0.413574219 0.475341797
vt 0.415039062 0.474853516
vt 0.411621094 0.468261719
vt 0.413085938 0.470458984
vt 0.414550781 0.472412109
vt 0.416503906 0.473876953
vt 0.416992188 0.476074219
vt 0.418212891 0.475341797
vt 0.41796875 0.472900391
vt 0.419677734 0.474365234
vt 0.416503906 0.471191406
vt 0.414794922 0.469238281
vt 0.413330078 0.467285156
vt 0.411865234 0.465087891
vt 0.410888672 0.462890625
vt 0.419921875 0.471679688
vt 0.418212891 0.469970703
vt 0.416748047 0.468017578
vt 0.415039062 0.466064453
vt 0.413574219 0.463867188
vt 0.412353516 0.461914062
vt 0.421386719 0.473388672
vt 0.421386719 0.475341797
vt 0.422607422 0.474365234
vt 0.422851562 0.472167969
vt 0.424072266 0.473388672
vt 0.421630859 0.470458984
vt 0.424560547 0.470947266
vt 0.425292969 0.472412109
vt 0.420166016 0.46875
vt 0.423339844 0.469238281
vt 0.426025391 0.469726562
vt 0.426513672 0.471435547
vt 0.427246094 0.468505859
vt 0.427734375 0.470458984
vt 0.426513672 0.466552734
vt 0.425048828 0.467773438
vt 0.421875 0.467285156
vt 0.418701172 0.466552734
vt 0.423828125 0.465820312
vt 0.425292969 0.464599609
vt 0.420410156 0.465332031
vt 0.416992188 0.464599609
vt 0.422363281 0.463867188
vt 0.418945312 0.463134766
vt 0.415527344 0.462646484
vt 0.426513672 0.463134766
vt 0.427734375 0.465332031
vt 0.423828125 0.462402344
vt 0.420654297 0.461914062
vt 0.417236328 0.461181641
vt 0.4140625 0.460693359
vt 0.425292969 0.461181641
vt 0.422119141 0.460449219
vt 0.418701172 0.459960938
vt 0.415527344 0.459472656
vt 0.426269531 0.459960938
vt 0.427734375 0.462158203
vt 0.424560547 0.458007812
vt 0.423583984 0.459228516
vt 0.420410156 0.458740234
vt 0.416992188 0.458251953
vt 0.421630859 0.457519531
vt 0.422607422 0.456542969
vt 0.418457031 0.457275391
vt 0.423339844 0.455566406
vt 0.425292969 0.457275391
vt 0.420898438 0.454345703
vt 0.420410156 0.455078125
vt 0.418701172 0.453613281
vt 0.41796875 0.454345703
vt 0.419433594 0.456054688
vt 0.417236328 0.455078125
vt 0.415771484 0.453857422
vt 0.415283203 0.454345703
vt 0.416259766 0.456054688
vt 0.414306641 0.455078125
vt 0.413085938 0.454101562
vt 0.412597656 0.454589844
vt 0.415283203 0.45703125
vt 0.413574219 0.455810547
vt 0.411865234 0.455078125
vt 0.4140625 0.458007812
vt 0.412597656 0.456787109
vt 0.411376953 0.455810547
vt 0.412597656 0.458984375
vt 0.411376953 0.457519531
vt 0.411376953 0.459960938
vt 0.410644531 0.456298828
vt 0.410400391 0.455078125
vt 0.409912109 0.455322266
vt 0.409912109 0.4609375
vt 0.410400391 0.458251953
vt 0.409912109 0.456787109
vt 0.409667969 0.455566406
vt 0.408691406 0.461669922
vt 0.407958984 0.464599609
vt 0.407470703 0.462158203
vt 0.409423828 0.458984375
vt 0.409179688 0.457275391
vt 0.409179688 0.455810547
vt 0.408447266 0.459472656
vt 0.407470703 0.459960938
vt 0.408447266 0.457763672
vt 0.408935547 0.456054688
vt 0.407714844 0.458007812
vt 0.406738281 0.460449219
vt 0.407226562 0.458251953
vt 0.407470703 0.470214844
vt 0.408691406 0.469970703
vt 0.407470703 0.467529297
vt 0.406494141 0.468017578
vt 0.408691406 0.467041016
vt 0.407958984 0.464599609
vt 0.409423828 0.463867188
vt 0.406738281 0.465087891
vt 0.407470703 0.462158203
vt 0.406494141 0.462646484
vt 0.407470703 0.459960938
vt 0.406738281 0.460449219
vt 0.216796875 0.395019531
vt 0.217773438 0.397216797
vt 0.218261719 0.396240234
vt 0.216308594 0.395996094
vt 0.217163086 0.398193359
vt 0.215820312 0.396728516
vt 0.21484375 0.394775391
vt 0.214477539 0.395507812
vt 0.215087891 0.397460938
vt 0.216308594 0.399169922
vt 0.217407227 0.401123047
vt 0.218383789 0.399902344
vt 0.215332031 0.400146484
vt 0.214355469 0.398193359
vt 0.218383789 0.403320312
vt 0.219482422 0.401855469
vt 0.216186523 0.402099609
vt 0.214233398 0.400878906
vt 0.213623047 0.398681641
vt 0.217163086 0.404296875
vt 0.21496582 0.403076172
vt 0.213134766 0.401367188
vt 0.212768555 0.399169922
vt 0.213745117 0.403808594
vt 0.215820312 0.405273438
vt 0.214355469 0.40625
vt 0.213012695 0.406738281
vt 0.213623047 0.409179688
vt 0.218017578 0.406494141
vt 0.219360352 0.405273438
vt 0.216552734 0.407714844
vt 0.215087891 0.408447266
vt 0.217407227 0.409667969
vt 0.21887207 0.408691406
vt 0.215820312 0.410644531
vt 0.214355469 0.411132812
vt 0.212890625 0.411621094
vt 0.212158203 0.409423828
vt 0.215087891 0.413085938
vt 0.216552734 0.412353516
vt 0.218017578 0.411621094
vt 0.219482422 0.410644531
vt 0.217285156 0.4140625
vt 0.21875 0.413085938
vt 0.214477539 0.395507812
vt 0.213989258 0.395996094
vt 0.215087891 0.397460938
vt 0.214355469 0.398193359
vt 0.213500977 0.396484375
vt 0.213012695 0.394775391
vt 0.213623047 0.398681641
vt 0.212768555 0.395019531
vt 0.213012695 0.396728516
vt 0.212768555 0.399169922
vt 0.212524414 0.395263672
vt 0.212402344 0.397216797
vt 0.211914062 0.399658203
vt 0.212158203 0.395263672
vt 0.211791992 0.397460938
vt 0.21105957 0.399658203
vt 0.211914062 0.395507812
vt 0.211303711 0.397460938
vt 0.210327148 0.399902344
vt 0.211547852 0.395507812
vt 0.210693359 0.397460938
vt 0.211303711 0.395507812
vt 0.210693359 0.345458984
vt 0.211791992 0.343261719
vt 0.21105957 0.343017578
vt 0.211669922 0.345703125
vt 0.210693359 0.347900391
vt 0.212524414 0.343261719
vt 0.211791992 0.348388672
vt 0.210693359 0.350097656
vt 0.212036133 0.350585938
vt 0.212768555 0.345947266
vt 0.213012695 0.348388672
vt 0.213378906 0.350585938
vt 0.212402344 0.352539062
vt 0.213745117 0.352783203
vt 0.213378906 0.343261719
vt 0.213745117 0.345703125
vt 0.214233398 0.348144531
vt 0.21472168 0.350341797
vt 0.213134766 0.340576172
vt 0.212524414 0.340820312
vt 0.213623047 0.340332031
vt 0.214233398 0.342773438
vt 0.214233398 0.340087891
vt 0.21484375 0.345214844
vt 0.21496582 0.342285156
vt 0.214599609 0.339599609
vt 0.215454102 0.34765625
vt 0.215209961 0.352539062
vt 0.214233398 0.354492188
vt 0.215698242 0.354248047
vt 0.216674805 0.351806641
vt 0.216064453 0.349853516
vt 0.215820312 0.344482422
vt 0.215698242 0.341552734
vt 0.215087891 0.338867188
vt 0.216674805 0.346679688
vt 0.217407227 0.348876953
vt 0.216674805 0.343505859
vt 0.216308594 0.340576172
vt 0.215454102 0.338134766
vt 0.216552734 0.412353516
vt 0.215942383 0.414550781
vt 0.217285156 0.4140625
vt 0.215087891 0.413085938
vt 0.214355469 0.411132812
vt 0.213623047 0.413330078
vt 0.212890625 0.411621094
vt 0.213012695 0.406738281
vt 0.212158203 0.409423828
vt 0.213623047 0.409179688
vt 0.211669922 0.406982422
vt 0.212524414 0.404296875
vt 0.213745117 0.403808594
vt 0.213134766 0.401367188
vt 0.212158203 0.401855469
vt 0.212768555 0.399169922
vt 0.211914062 0.399658203
vt 0.211303711 0.404541016
vt 0.21105957 0.402099609
vt 0.21105957 0.399658203
vt 0.210083008 0.402099609
vt 0.210327148 0.399902344
vt 0.210205078 0.404785156
vt 0.210449219 0.407226562
vt 0.21081543 0.409423828
vt 0.211547852 0.411621094
vt 0.212890625 0.411621094
vt 0.210327148 0.411376953
vt 0.209716797 0.409179688
vt 0.209350586 0.406982422
vt 0.209228516 0.404541016
vt 0.209350586 0.402099609
vt 0.209716797 0.399658203
vt 0.210693359 0.397460938
vt 0.210327148 0.397460938
vt 0.41015625 0.500488281
vt 0.412353516 0.499755859
vt 0.412353516 0.499267578
vt 0.41015625 0.500976562
vt 0.412353516 0.500488281
vt 0.416992188 0.498779297
vt 0.419189453 0.5
vt 0.419189453 0.498779297
vt 0.416748047 0.499755859
vt 0.414550781 0.499023438
vt 0.418945312 0.501464844
vt 0.420898438 0.502441406
vt 0.414550781 0.499755859
vt 0.412353516 0.499755859
vt 0.412353516 0.500488281
vt 0.420410156 0.50390625
vt 0.422363281 0.505371094
vt 0.418212891 0.502929688
vt 0.416503906 0.500976562
vt 0.414306641 0.500976562
vt 0.416015625 0.502441406
vt 0.417480469 0.504394531
vt 0.419433594 0.505859375
vt 0.418212891 0.5078125
vt 0.416503906 0.506347656
vt 0.416992188 0.509277344
vt 0.415283203 0.503417969
vt 0.414550781 0.504882812
vt 0.413330078 0.502929688
vt 0.4140625 0.501953125
vt 0.412109375 0.500976562
vt 0.411865234 0.501464844
vt 0.411621094 0.502441406
vt 0.41015625 0.500976562
vt 0.41015625 0.500976562
vt 0.41015625 0.501464844
vt 0.409912109 0.501953125
vt 0.409912109 0.501953125
vt 0.411132812 0.502929688
vt 0.409667969 0.502441406
vt 0.410400391 0.50390625
vt 0.409423828 0.502929688
vt 0.423339844 0.500488281
vt 0.423339844 0.501464844
vt 0.425048828 0.502929688
vt 0.425048828 0.501464844
vt 0.212768555 0.317138672
vt 0.215209961 0.316650391
vt 0.214233398 0.315673828
vt 0.213867188 0.318115234
vt 0.211425781 0.318847656
vt 0.212524414 0.319824219
vt 0.210205078 0.320800781
vt 0.211425781 0.321777344
vt 0.209228516 0.322998047
vt 0.210449219 0.323730469
vt 0.216186523 0.318115234
vt 0.21496582 0.319335938
vt 0.213745117 0.320800781
vt 0.212768555 0.322509766
vt 0.217529297 0.317138672
vt 0.216674805 0.315673828
vt 0.21887207 0.31640625
vt 0.211914062 0.324462891
vt 0.209838867 0.325927734
vt 0.211303711 0.326416016
vt 0.209350586 0.327880859
vt 0.2109375 0.328125
vt 0.209228516 0.329833984
vt 0.21081543 0.330078125
vt 0.209350586 0.331787109
vt 0.2109375 0.331542969
vt 0.209716797 0.333251953
vt 0.212646484 0.328369141
vt 0.212524414 0.329833984
vt 0.213012695 0.326660156
vt 0.213500977 0.325195312
vt 0.214233398 0.323486328
vt 0.21472168 0.327148438
vt 0.214477539 0.328369141
vt 0.215087891 0.325683594
vt 0.215087891 0.322021484
vt 0.215698242 0.324462891
vt 0.216308594 0.323486328
vt 0.216064453 0.320800781
vt 0.217163086 0.322509766
vt 0.217163086 0.319824219
vt 0.218017578 0.321533203
vt 0.218261719 0.318847656
vt 0.21887207 0.320800781
vt 0.219360352 0.318359375
vt 0.220458984 0.318115234
vt 0.220092773 0.316162109
vt 0.220581055 0.3203125
vt 0.219726562 0.320556641
vt 0.219848633 0.322753906
vt 0.220458984 0.322509766
vt 0.220214844 0.324951172
vt 0.219238281 0.322998047
vt 0.219848633 0.324951172
vt 0.219604492 0.327392578
vt 0.219604492 0.325195312
vt 0.219238281 0.325439453
vt 0.21875 0.323486328
vt 0.218139648 0.323974609
vt 0.218994141 0.325683594
vt 0.217529297 0.324707031
vt 0.21875 0.326171875
vt 0.217163086 0.325439453
vt 0.218505859 0.326416016
vt 0.216674805 0.326416016
vt 0.218261719 0.326904297
vt 0.216430664 0.327148438
vt 0.218139648 0.327392578
vt 0.216308594 0.328125
vt 0.214355469 0.329589844
vt 0.218017578 0.327880859
vt 0.218017578 0.328125
vt 0.216186523 0.328857422
vt 0.214477539 0.330566406
vt 0.216308594 0.329589844
vt 0.224365234 0.312744141
vt 0.22277832 0.314453125
vt 0.224487305 0.313232422
vt 0.222412109 0.313720703
vt 0.224243164 0.312011719
vt 0.222290039 0.312744141
vt 0.224121094 0.311279297
vt 0.220458984 0.314453125
vt 0.222290039 0.311767578
vt 0.224243164 0.310546875
vt 0.220214844 0.313232422
vt 0.218261719 0.314941406
vt 0.222290039 0.310546875
vt 0.224365234 0.309570312
vt 0.220092773 0.312011719
vt 0.218017578 0.313476562
vt 0.216186523 0.314941406
vt 0.215820312 0.313476562
vt 0.217895508 0.312011719
vt 0.220214844 0.310546875
vt 0.22253418 0.309326172
vt 0.215820312 0.311523438
vt 0.213745117 0.312988281
vt 0.218139648 0.310058594
vt 0.213623047 0.311035156
vt 0.211791992 0.312255859
vt 0.224609375 0.308837891
vt 0.226074219 0.309326172
vt 0.226196289 0.308837891
vt 0.224975586 0.307861328
vt 0.222900391 0.308105469
vt 0.223266602 0.306884766
vt 0.220581055 0.308837891
vt 0.220947266 0.307373047
vt 0.221557617 0.305664062
vt 0.218383789 0.308349609
vt 0.21887207 0.306396484
vt 0.215942383 0.309570312
vt 0.216308594 0.307617188
vt 0.219604492 0.3046875
vt 0.222167969 0.304199219
vt 0.220336914 0.302978516
vt 0.213867188 0.309082031
vt 0.216796875 0.305419922
vt 0.217529297 0.303466797
vt 0.214233398 0.306884766
vt 0.211791992 0.310302734
vt 0.210083008 0.311279297
vt 0.210083008 0.309326172
vt 0.211914062 0.308105469
vt 0.210205078 0.307373047
vt 0.212280273 0.305908203
vt 0.210571289 0.305175781
vt 0.21484375 0.3046875
vt 0.212890625 0.303710938
vt 0.215576172 0.302490234
vt 0.211181641 0.302978516
vt 0.209228516 0.304199219
vt 0.209716797 0.302246094
vt 0.213745117 0.301513672
vt 0.212036133 0.30078125
vt 0.210449219 0.300048828
vt 0.218505859 0.301513672
vt 0.221313477 0.301513672
vt 0.216552734 0.300537109
vt 0.212890625 0.298828125
vt 0.211425781 0.298339844
vt 0.21472168 0.299560547
vt 0.219482422 0.300048828
vt 0.213989258 0.296875
vt 0.212402344 0.296630859
vt 0.215820312 0.297607422
vt 0.217651367 0.298583984
vt 0.222290039 0.300048828
vt 0.223754883 0.302001953
vt 0.215209961 0.295410156
vt 0.213500977 0.295166016
vt 0.220581055 0.298583984
vt 0.216918945 0.296142578
vt 0.21875 0.297119141
vt 0.218139648 0.294921875
vt 0.216308594 0.294189453
vt 0.219970703 0.296142578
vt 0.224731445 0.301025391
vt 0.225830078 0.303222656
vt 0.223266602 0.299072266
vt 0.225585938 0.300537109
vt 0.224365234 0.298583984
vt 0.221679688 0.297363281
vt 0.22277832 0.296630859
vt 0.221191406 0.295166016
vt 0.212280273 0.374023438
vt 0.212036133 0.375976562
vt 0.212890625 0.375976562
vt 0.212890625 0.374267578
vt 0.213745117 0.375976562
vt 0.213500977 0.374023438
vt 0.226074219 0.311523438
vt 0.224853516 0.313476562
vt 0.226196289 0.311767578
vt 0.224487305 0.313232422
vt 0.225952148 0.311279297
vt 0.224365234 0.312744141
vt 0.225830078 0.311035156
vt 0.224243164 0.312011719
vt 0.225830078 0.310546875
vt 0.224121094 0.311279297
vt 0.225952148 0.310302734
vt 0.224243164 0.310546875
vt 0.225952148 0.309814453
vt 0.224365234 0.309570312
vt 0.226074219 0.309326172
vt 0.214233398 0.393066406
vt 0.214477539 0.394775391
vt 0.215698242 0.394775391
vt 0.215698242 0.393066406
vt 0.217041016 0.39453125
vt 0.217041016 0.392822266
vt 0.218261719 0.394287109
vt 0.218383789 0.392333984
vt 0.213989258 0.390869141
vt 0.215454102 0.390869141
vt 0.217041016 0.390625
vt 0.212402344 0.390869141
vt 0.212768555 0.392822266
vt 0.2109375 0.390380859
vt 0.210693359 0.388183594
vt 0.212158203 0.388427734
vt 0.210449219 0.385498047
vt 0.213745117 0.388427734
vt 0.211914062 0.385742188
vt 0.210449219 0.383056641
vt 0.211791992 0.383300781
vt 0.215332031 0.388427734
vt 0.213500977 0.385986328
vt 0.213256836 0.383300781
vt 0.211791992 0.380615234
vt 0.215087891 0.385986328
vt 0.216796875 0.388183594
vt 0.213134766 0.380859375
vt 0.211914062 0.378173828
vt 0.21472168 0.383300781
vt 0.213012695 0.378417969
vt 0.212036133 0.375976562
vt 0.212890625 0.375976562
vt 0.214477539 0.380615234
vt 0.214111328 0.378173828
vt 0.213745117 0.375976562
vt 0.216552734 0.385742188
vt 0.218383789 0.390380859
vt 0.219604492 0.391845703
vt 0.219604492 0.389648438
vt 0.218261719 0.387939453
vt 0.219482422 0.387451172
vt 0.217895508 0.385253906
vt 0.219238281 0.384765625
vt 0.216186523 0.383056641
vt 0.217529297 0.3828125
vt 0.21862793 0.382324219
vt 0.215698242 0.380615234
vt 0.216918945 0.380371094
vt 0.215209961 0.378173828
vt 0.218017578 0.379882812
vt 0.219604492 0.381591797
vt 0.21887207 0.379394531
vt 0.216186523 0.377929688
vt 0.217163086 0.377441406
vt 0.214599609 0.375976562
vt 0.213500977 0.374023438
vt 0.215454102 0.375732422
vt 0.214111328 0.374023438
vt 0.214599609 0.374023438
vt 0.225952148 0.260742188
vt 0.225830078 0.258789062
vt 0.225219727 0.258544922
vt 0.225708008 0.260742188
vt 0.225830078 0.262939453
vt 0.226196289 0.260986328
vt 0.22644043 0.261230469
vt 0.22668457 0.26171875
vt 0.226806641 0.261962891
vt 0.227050781 0.262451172
vt 0.227050781 0.262939453
vt 0.227172852 0.263427734
vt 0.227172852 0.263916016
vt 0.227050781 0.264404297
vt 0.226928711 0.264648438
vt 0.226806641 0.264892578
vt 0.224731445 0.258544922
vt 0.2265625 0.265136719
vt 0.225341797 0.260742188
vt 0.224243164 0.258544922
vt 0.22644043 0.265380859
vt 0.225097656 0.260742188
vt 0.224853516 0.260742188
vt 0.223754883 0.258789062
vt 0.227172852 0.267333984
vt 0.223388672 0.259277344
vt 0.22668457 0.267822266
vt 0.224731445 0.260986328
vt 0.223022461 0.260009766
vt 0.224487305 0.261474609
vt 0.22277832 0.260742188
vt 0.224365234 0.26171875
vt 0.22265625 0.261474609
vt 0.224365234 0.262207031
vt 0.224365234 0.262695312
vt 0.224365234 0.263183594
vt 0.224487305 0.263671875
vt 0.224609375 0.263916016
vt 0.224853516 0.264404297
vt 0.223632812 0.265869141
vt 0.224121094 0.266601562
vt 0.225097656 0.264648438
vt 0.224609375 0.267089844
vt 0.223754883 0.269042969
vt 0.224487305 0.269775391
vt 0.225341797 0.265136719
vt 0.225097656 0.267578125
vt 0.225585938 0.265380859
vt 0.225219727 0.270019531
vt 0.224731445 0.272216797
vt 0.225708008 0.272216797
vt 0.226074219 0.270019531
vt 0.225708008 0.267822266
vt 0.225830078 0.265380859
vt 0.226196289 0.267822266
vt 0.226806641 0.270019531
vt 0.226074219 0.265380859
vt 0.219726562 0.320556641
vt 0.220458984 0.322509766
vt 0.220581055 0.3203125
vt 0.220947266 0.322753906
vt 0.221313477 0.3203125
vt 0.220458984 0.318115234
vt 0.221435547 0.322998047
vt 0.221435547 0.318359375
vt 0.220092773 0.316162109
vt 0.221191406 0.31640625
vt 0.222045898 0.320800781
vt 0.221801758 0.323242188
vt 0.22253418 0.321289062
vt 0.222290039 0.318603516
vt 0.222167969 0.316894531
vt 0.222900391 0.319335938
vt 0.423828125 0.479003906
vt 0.422119141 0.477539062
vt 0.421386719 0.477783203
vt 0.423095703 0.479492188
vt 0.425537109 0.480957031
vt 0.424560547 0.481445312
vt 0.422119141 0.479980469
vt 0.423339844 0.482177734
vt 0.42578125 0.483886719
vt 0.424560547 0.484375
vt 0.215454102 0.375732422
vt 0.216186523 0.377929688
vt 0.217163086 0.377441406
vt 0.216186523 0.375488281
vt 0.218017578 0.379882812
vt 0.21887207 0.379394531
vt 0.217895508 0.376953125
vt 0.224243164 0.258544922
vt 0.223144531 0.256835938
vt 0.22253418 0.257080078
vt 0.223754883 0.258789062
vt 0.22253418 0.257080078
vt 0.221191406 0.255859375
vt 0.220458984 0.256591797
vt 0.221923828 0.2578125
vt 0.223754883 0.258789062
vt 0.223388672 0.259277344
vt 0.221435547 0.258789062
vt 0.223022461 0.260009766
vt 0.219848633 0.2578125
vt 0.218261719 0.257080078
vt 0.218994141 0.255615234
vt 0.219482422 0.259033203
vt 0.221191406 0.259765625
vt 0.22277832 0.260742188
vt 0.219238281 0.260498047
vt 0.220947266 0.260986328
vt 0.219238281 0.262207031
vt 0.22265625 0.261474609
vt 0.220947266 0.262207031
vt 0.219360352 0.263916016
vt 0.22265625 0.262451172
vt 0.224365234 0.262207031
vt 0.224365234 0.262695312
vt 0.221069336 0.263671875
vt 0.22277832 0.263183594
vt 0.224365234 0.263183594
vt 0.223022461 0.264160156
vt 0.221435547 0.264892578
vt 0.221801758 0.266113281
vt 0.219726562 0.265625
vt 0.220336914 0.267089844
vt 0.220947266 0.268554688
vt 0.218139648 0.266113281
vt 0.217773438 0.264160156
vt 0.21875 0.268066406
vt 0.219604492 0.269775391
vt 0.220581055 0.271240234
vt 0.219360352 0.272460938
vt 0.218261719 0.270751953
vt 0.220581055 0.273925781
vt 0.426513672 0.486328125
vt 0.42578125 0.483886719
vt 0.424560547 0.484375
vt 0.425292969 0.486816406
vt 0.422851562 0.485107422
vt 0.423583984 0.487548828
vt 0.42578125 0.489501953
vt 0.424072266 0.489990234
vt 0.421875 0.482910156
vt 0.423339844 0.482177734
vt 0.420654297 0.480712891
vt 0.422119141 0.479980469
vt 0.420898438 0.485839844
vt 0.421630859 0.48828125
vt 0.420166016 0.483398438
vt 0.418945312 0.481201172
vt 0.422363281 0.490722656
vt 0.424316406 0.492431641
vt 0.419189453 0.478759766
vt 0.41796875 0.479248047
vt 0.420410156 0.478271484
vt 0.423095703 0.479492188
vt 0.421386719 0.477783203
vt 0.418701172 0.477050781
vt 0.419433594 0.4765625
vt 0.417724609 0.477294922
vt 0.416259766 0.476318359
vt 0.416748047 0.476074219
vt 0.415527344 0.4765625
vt 0.416748047 0.477783203
vt 0.414550781 0.476806641
vt 0.415527344 0.478271484
vt 0.416503906 0.479980469
vt 0.417236328 0.481933594
vt 0.418212891 0.484130859
vt 0.418945312 0.486572266
vt 0.419677734 0.489013672
vt 0.413818359 0.477050781
vt 0.414306641 0.478515625
vt 0.414794922 0.48046875
vt 0.415283203 0.482421875
vt 0.416015625 0.484863281
vt 0.413330078 0.476074219
vt 0.413818359 0.476074219
vt 0.412841797 0.476318359
vt 0.412841797 0.477294922
vt 0.412597656 0.476318359
vt 0.412841797 0.479003906
vt 0.412109375 0.477539062
vt 0.412109375 0.4765625
vt 0.411132812 0.477783203
vt 0.413085938 0.480712891
vt 0.411621094 0.479248047
vt 0.413574219 0.482910156
vt 0.410400391 0.479492188
vt 0.410400391 0.477783203
vt 0.411621094 0.481201172
vt 0.409423828 0.479736328
vt 0.409912109 0.478027344
vt 0.408447266 0.479736328
vt 0.41015625 0.481445312
vt 0.408691406 0.481689453
vt 0.407470703 0.481933594
vt 0.411621094 0.483398438
vt 0.413818359 0.485351562
vt 0.409912109 0.483886719
vt 0.408203125 0.484130859
vt 0.406982422 0.484375
vt 0.411865234 0.485839844
vt 0.416748047 0.487304688
vt 0.409912109 0.486328125
vt 0.407958984 0.486572266
vt 0.406494141 0.486816406
vt 0.414306641 0.487792969
vt 0.417236328 0.489746094
vt 0.412109375 0.488525391
vt 0.41015625 0.488769531
vt 0.408203125 0.489257812
vt 0.406738281 0.489501953
vt 0.415039062 0.490478516
vt 0.420166016 0.491455078
vt 0.412841797 0.490966797
vt 0.410644531 0.491455078
vt 0.408691406 0.491699219
vt 0.406982422 0.491943359
vt 0.41796875 0.4921875
vt 0.422607422 0.493164062
vt 0.415527344 0.492919922
vt 0.413330078 0.493408203
vt 0.411376953 0.493896484
vt 0.409423828 0.494140625
vt 0.407958984 0.494384766
vt 0.420654297 0.493896484
vt 0.424072266 0.494873047
vt 0.425537109 0.494140625
vt 0.422607422 0.495361328
vt 0.423828125 0.496826172
vt 0.422363281 0.497314453
vt 0.420654297 0.49609375
vt 0.420898438 0.497802734
vt 0.418457031 0.494384766
vt 0.418945312 0.496582031
vt 0.419189453 0.498291016
vt 0.416259766 0.495117188
vt 0.416992188 0.497070312
vt 0.417480469 0.498779297
vt 0.414306641 0.495605469
vt 0.415039062 0.497558594
vt 0.412353516 0.49609375
vt 0.413330078 0.498046875
vt 0.410400391 0.496337891
vt 0.411621094 0.498291016
vt 0.408935547 0.496582031
vt 0.427001953 0.488769531
vt 0.426513672 0.486328125
vt 0.425292969 0.486816406
vt 0.42578125 0.489501953
vt 0.427001953 0.491210938
vt 0.42578125 0.491943359
vt 0.424072266 0.489990234
vt 0.424316406 0.492431641
vt 0.425537109 0.494140625
vt 0.22253418 0.321289062
vt 0.222167969 0.323730469
vt 0.222900391 0.322021484
vt 0.221801758 0.323242188
vt 0.220947266 0.325683594
vt 0.220825195 0.325439453
vt 0.221435547 0.322998047
vt 0.221069336 0.325927734
vt 0.222290039 0.324462891
vt 0.220703125 0.325195312
vt 0.220947266 0.322753906
vt 0.219604492 0.327392578
vt 0.221069336 0.326416016
vt 0.222412109 0.325195312
vt 0.220458984 0.324951172
vt 0.220458984 0.322509766
vt 0.220214844 0.324951172
vt 0.221069336 0.326660156
vt 0.222290039 0.326171875
vt 0.220947266 0.327148438
vt 0.220825195 0.327636719
vt 0.220703125 0.328125
vt 0.220458984 0.328369141
vt 0.220092773 0.328857422
vt 0.220947266 0.329345703
vt 0.220458984 0.330078125
vt 0.219848633 0.329101562
vt 0.219848633 0.330810547
vt 0.219604492 0.329345703
vt 0.219238281 0.329589844
vt 0.219238281 0.331054688
vt 0.21862793 0.331542969
vt 0.218994141 0.329589844
vt 0.218139648 0.331542969
vt 0.21862793 0.329589844
vt 0.217529297 0.331542969
vt 0.218383789 0.329345703
vt 0.217041016 0.331298828
vt 0.216308594 0.333251953
vt 0.218261719 0.329101562
vt 0.216674805 0.330810547
vt 0.218139648 0.328857422
vt 0.218017578 0.328613281
vt 0.218017578 0.328125
vt 0.224365234 0.263183594
vt 0.223022461 0.264160156
vt 0.224487305 0.263671875
vt 0.223266602 0.265136719
vt 0.224609375 0.263916016
vt 0.221801758 0.266113281
vt 0.223632812 0.265869141
vt 0.222412109 0.267333984
vt 0.220947266 0.268554688
vt 0.223022461 0.268310547
vt 0.224121094 0.266601562
vt 0.223754883 0.269042969
vt 0.221801758 0.269775391
vt 0.220581055 0.271240234
vt 0.22277832 0.270996094
vt 0.221679688 0.272460938
vt 0.220581055 0.273925781
vt 0.221801758 0.274902344
vt 0.22277832 0.2734375
vt 0.223754883 0.271728516
vt 0.224487305 0.269775391
vt 0.223999023 0.273925781
vt 0.224731445 0.272216797
vt 0.225097656 0.274169922
vt 0.225708008 0.272216797
vt 0.22668457 0.253417969
vt 0.225585938 0.251464844
vt 0.225341797 0.253662109
vt 0.227050781 0.251220703
vt 0.225830078 0.249145508
vt 0.227294922 0.248901367
vt 0.226074219 0.246582031
vt 0.227539062 0.246337891
vt 0.226074219 0.243896484
vt 0.227539062 0.243652344
vt 0.226074219 0.241333008
vt 0.227294922 0.241210938
vt 0.224853516 0.241455078
vt 0.224731445 0.244018555
vt 0.226074219 0.239013672
vt 0.227050781 0.238769531
vt 0.224975586 0.239013672
vt 0.225830078 0.236816406
vt 0.22668457 0.236694336
vt 0.223754883 0.239013672
vt 0.223510742 0.241455078
vt 0.224121094 0.236816406
vt 0.224975586 0.236816406
vt 0.225585938 0.234985352
vt 0.226196289 0.234863281
vt 0.224975586 0.234985352
vt 0.224365234 0.234985352
vt 0.223754883 0.234985352
vt 0.223266602 0.236694336
vt 0.226074219 0.246582031
vt 0.226074219 0.243896484
vt 0.224731445 0.244018555
vt 0.224487305 0.246582031
vt 0.225830078 0.249145508
vt 0.223266602 0.244018555
vt 0.224365234 0.249145508
vt 0.225585938 0.251464844
vt 0.222900391 0.246582031
vt 0.221801758 0.243774414
vt 0.221435547 0.246337891
vt 0.22277832 0.249145508
vt 0.221191406 0.248901367
vt 0.224121094 0.251708984
vt 0.225341797 0.253662109
vt 0.223876953 0.25390625
vt 0.22253418 0.251464844
vt 0.221069336 0.251464844
vt 0.219726562 0.248657227
vt 0.219604492 0.250976562
vt 0.222412109 0.253662109
vt 0.223632812 0.255615234
vt 0.222290039 0.255615234
vt 0.220947266 0.253662109
vt 0.219604492 0.253173828
vt 0.221069336 0.255371094
vt 0.219848633 0.255126953
vt 0.224731445 0.244018555
vt 0.224853516 0.241455078
vt 0.223510742 0.241455078
vt 0.223266602 0.244018555
vt 0.222167969 0.241210938
vt 0.221801758 0.243774414
vt 0.22277832 0.238891602
vt 0.223754883 0.239013672
vt 0.223266602 0.236694336
vt 0.224121094 0.236816406
vt 0.222412109 0.236572266
vt 0.221679688 0.238647461
vt 0.221801758 0.236328125
vt 0.220825195 0.23828125
vt 0.221069336 0.240966797
vt 0.220458984 0.243530273
vt 0.221435547 0.246337891
vt 0.220092773 0.24609375
vt 0.219970703 0.240600586
vt 0.220092773 0.237915039
vt 0.219116211 0.240112305
vt 0.219238281 0.243041992
vt 0.21875 0.245605469
vt 0.218261719 0.242553711
vt 0.216308594 0.333251953
vt 0.217041016 0.331298828
vt 0.215698242 0.333007812
vt 0.216674805 0.330810547
vt 0.215087891 0.332275391
vt 0.216430664 0.330322266
vt 0.218139648 0.328857422
vt 0.218261719 0.329101562
vt 0.218017578 0.328613281
vt 0.21472168 0.331542969
vt 0.213500977 0.333496094
vt 0.212890625 0.332519531
vt 0.216308594 0.329589844
vt 0.218017578 0.328125
vt 0.214477539 0.330566406
vt 0.212646484 0.331298828
vt 0.211303711 0.333007812
vt 0.214355469 0.329589844
vt 0.2109375 0.331542969
vt 0.209716797 0.333251953
vt 0.212524414 0.329833984
vt 0.21081543 0.330078125
vt 0.214477539 0.328369141
vt 0.212646484 0.328369141
vt 0.226318359 0.300292969
vt 0.225219727 0.298339844
vt 0.224365234 0.298583984
vt 0.225585938 0.300537109
vt 0.227172852 0.302734375
vt 0.226318359 0.300292969
vt 0.225585938 0.300537109
vt 0.22644043 0.302734375
vt 0.224731445 0.301025391
vt 0.225830078 0.303222656
vt 0.227050781 0.305175781
vt 0.22668457 0.305419922
vt 0.225097656 0.303955078
vt 0.223754883 0.302001953
vt 0.226196289 0.305908203
vt 0.227172852 0.307617188
vt 0.226928711 0.307861328
vt 0.223022461 0.302978516
vt 0.221313477 0.301513672
vt 0.220336914 0.302978516
vt 0.222167969 0.304199219
vt 0.224487305 0.3046875
vt 0.225708008 0.306396484
vt 0.22668457 0.308105469
vt 0.223876953 0.305664062
vt 0.221557617 0.305664062
vt 0.223266602 0.306884766
vt 0.225341797 0.307128906
vt 0.22644043 0.30859375
vt 0.224975586 0.307861328
vt 0.226196289 0.308837891
vn -0.3515625 0.4609375 -0.814941406
vn -0.358886719 0.0559692383 -0.931640625
vn -0.159667969 0.244262695 -0.956542969
vn -0.359863281 -0.529296875 -0.768066406
vn -0.297119141 -0.784179688 -0.544921875
vn -0.0669555664 -0.5546875 -0.829589844
vn -0.7734375 -0.224609375 0.593261719
vn -0.732421875 -0.571289062 0.369873047
vn -0.890136719 -0.210083008 0.403808594
vn -0.8515625 0.185668945 0.489990234
vn -0.9765625 -0.0473937988 0.209716797
vn -0.270263672 -0.754882812 0.597167969
vn -0.303710938 -0.493408203 0.814941406
vn -0.0657348633 -0.583007812 0.810058594
vn 0.552246094 0.268554688 -0.7890625
vn 0.623535156 0.451416016 -0.638183594
vn 0.3515625 0.4609375 -0.814941406
vn 0.613769531 0.608886719 -0.502441406
vn 0.837402344 0.134521484 -0.529296875
vn 0.901367188 0.308349609 -0.303710938
vn 0.239135742 0.630859375 -0.73828125
vn 0.787109375 0.602539062 -0.129882812
vn 0.32421875 0.854003906 -0.406982422
vn 0.0779418945 0.814941406 -0.57421875
vn -0.0469665527 0.916503906 -0.397216797
vn 0.569335938 0.789550781 -0.229248047
vn 0.225097656 0.958007812 -0.176635742
vn 0.490966797 0.87109375 0.011505127
vn 0.732910156 0.66796875 0.129516602
vn 0.153808594 0.98828125 0.0111999512
vn -0.12902832 0.963378906 -0.23425293
vn -0.193969727 0.979003906 -0.0621643066
vn 0.415039062 0.887695312 0.199707031
vn 0.658691406 0.68359375 0.313720703
vn 0.0892944336 0.9765625 0.196777344
vn -0.109985352 0.962402344 0.247924805
vn 0.0803222656 0.857421875 0.508300781
vn 0.323730469 0.873046875 0.364746094
vn 0.567871094 0.6796875 0.464111328
vn 0.341064453 0.761230469 0.551269531
vn 0.257568359 0.83203125 0.490966797
vn 0.37890625 0.852539062 0.359863281
vn 0.461914062 0.747558594 0.477294922
vn 0.257568359 0.83203125 0.490966797
vn 0.461914062 0.747558594 0.477294922
vn 0.265625 0.805664062 0.529296875
vn 0.595703125 0.802734375 0.0274505615
vn 0.571289062 0.753417969 0.324951172
vn 0.37890625 0.852539062 0.359863281
vn 0.364501953 0.880371094 -0.303955078
vn 0.561035156 0.754394531 -0.340087891
vn 0.804199219 0.593261719 -0.0351867676
vn 0.731445312 0.577148438 -0.362548828
vn 0.749023438 -0.66015625 0.0604553223
vn 0.744628906 -0.605957031 0.279785156
vn 0.875488281 -0.346191406 0.337402344
vn 0.715820312 -0.665527344 -0.2109375
vn 0.883300781 -0.453857422 0.118896484
vn 0.856445312 -0.488769531 -0.165527344
vn 0.948730469 -0.293457031 -0.118408203
vn 0.803710938 -0.362304688 -0.471923828
vn 0.995117188 -0.0639038086 -0.0734863281
vn -0.465820312 -0.750488281 -0.468505859
vn -0.269042969 -0.666503906 -0.6953125
vn -0.455566406 -0.529785156 -0.715332031
vn -0.25390625 -0.442626953 -0.859863281
vn -0.455566406 -0.529785156 -0.715332031
vn -0.269042969 -0.666503906 -0.6953125
vn -0.415039062 -0.302490234 -0.857910156
vn -0.210327148 -0.291259766 -0.933105469
vn -0.347412109 -0.165405273 -0.922851562
vn -0.0383605957 -0.343994141 -0.937988281
vn -0.0487060547 -0.524902344 -0.850097656
vn -0.122009277 -0.196166992 -0.973144531
vn 0.159667969 -0.498535156 -0.852050781
vn 0.205444336 -0.693847656 -0.690429688
vn 0.172485352 -0.309082031 -0.935058594
vn 0.378173828 -0.347167969 -0.858398438
vn 0.0960083008 -0.207641602 -0.973632812
vn 0.346191406 -0.171630859 -0.922363281
vn -0.240966797 -0.126708984 -0.962402344
vn -0.276611328 0.0949707031 -0.956542969
vn -0.398925781 0.0273742676 -0.916503906
vn -0.167114258 -0.0513305664 -0.984375
vn -0.0153579712 -0.087890625 -0.99609375
vn -0.067565918 0.099609375 -0.992675781
vn -0.159301758 0.305419922 -0.938964844
vn -0.382568359 0.286376953 -0.878417969
vn -0.300537109 0.435546875 -0.848632812
vn 0.0698852539 0.342773438 -0.937011719
vn 0.131347656 0.0606689453 -0.989257812
vn 0.126708984 -0.114685059 -0.985351562
vn 0.265380859 -0.0667724609 -0.961914062
vn 0.243652344 0.210205078 -0.946777344
vn 0.299804688 0.449462891 -0.841308594
vn 0.164672852 0.515625 -0.840820312
vn 0.377685547 0.263671875 -0.887695312
vn 0.392822266 0.0340881348 -0.918945312
vn 0.55078125 0.0682373047 -0.83203125
vn 0.504882812 0.357421875 -0.785644531
vn 0.512695312 -0.149291992 -0.845703125
vn 0.751464844 0.149169922 -0.642578125
vn 0.645996094 0.43359375 -0.627929688
vn 0.88671875 0.281738281 -0.366455078
vn 0.908691406 -0.0659179688 -0.412597656
vn 0.738769531 -0.0675048828 -0.670410156
vn 0.62890625 -0.29296875 -0.720214844
vn 0.446777344 -0.538574219 -0.714355469
vn 0.803710938 -0.362304688 -0.471923828
vn -0.586425781 0.809082031 0.0339050293
vn -0.571289062 0.753417969 0.324951172
vn -0.751464844 0.596191406 0.282958984
vn 0.189575195 -0.212158203 0.958496094
vn 0.741210938 0.00380134583 0.671386719
vn 0.572265625 -0.455322266 0.681640625
vn 0.492431641 -0.696289062 -0.521972656
vn 0.378662109 -0.572265625 -0.727539062
vn 0.180786133 -0.815917969 -0.549316406
vn 0.574707031 -0.541503906 -0.613769531
vn 0.488769531 -0.750976562 -0.443603516
vn 0.579101562 -0.529296875 -0.620605469
vn 0.4921875 -0.845214844 -0.207397461
vn 0.717773438 -0.640136719 -0.274169922
vn -0.454589844 0.889648438 0.04296875
vn -0.275146484 0.817871094 0.505859375
vn -0.673828125 0.680175781 0.288574219
vn -0.104675293 0.899414062 0.424804688
vn 0.0232543945 0.628417969 0.777832031
vn 0.156005859 0.835449219 0.52734375
vn -0.114990234 0.342041016 0.932617188
vn 0.255859375 0.590820312 0.765136719
vn 0.402099609 0.646484375 0.6484375
vn 0.423095703 0.847167969 0.322021484
vn 0.474853516 0.334960938 0.813964844
vn 0.358886719 0.277587891 0.891113281
vn 0.186401367 0.422363281 0.887207031
vn 0.288085938 0.110412598 0.951171875
vn 0.130371094 0.0756225586 0.988769531
vn -0.140991211 -0.281005859 0.94921875
vn -0.467041016 0.00205612183 0.884277344
vn -0.606445312 -0.444824219 0.659179688
vn 0.117919922 -0.360351562 0.925292969
vn -0.0161895752 -0.645996094 0.763183594
vn -0.166015625 0.295654297 -0.940917969
vn 0.320068359 0.266601562 -0.909179688
vn -0.0518188477 0.555175781 -0.830078125
vn 0.286376953 -0.217895508 -0.933105469
vn 0.662597656 -0.0942382812 -0.742675781
vn 0.523925781 -0.55078125 -0.649902344
vn 0.726074219 -0.616210938 -0.305664062
vn 0.708984375 0.366699219 -0.602050781
vn 0.919433594 -0.14831543 -0.364501953
vn 0.890136719 0.391845703 -0.232421875
vn -0.166015625 0.295654297 -0.940917969
vn -0.0518188477 0.555175781 -0.830078125
vn -0.375732422 0.579101562 -0.723632812
vn 0.889160156 0.356201172 -0.287597656
vn 0.872070312 -0.158325195 -0.462890625
vn 0.980957031 -0.185058594 0.0575256348
vn 0.117797852 0.236572266 -0.964355469
vn -0.226318359 0.467285156 -0.854492188
vn -0.374511719 0.080078125 -0.923828125
vn -0.842773438 0.148071289 0.517578125
vn -0.921386719 -0.384521484 0.0539855957
vn -0.979492188 0.200195312 0.0287475586
vn -0.658203125 0.701660156 -0.2734375
vn -0.673828125 0.680175781 0.288574219
vn -0.454589844 0.889648438 0.04296875
vn -0.791503906 0.310791016 -0.526367188
vn -0.572265625 0.503417969 -0.647460938
vn -0.603027344 0.131713867 -0.787109375
vn -0.639160156 0.139770508 -0.755859375
vn -0.6015625 0.418701172 -0.680175781
vn -0.595703125 0.28515625 -0.750976562
vn -0.496337891 0.694335938 -0.520996094
vn -0.508789062 0.703125 -0.497070312
vn -0.574707031 -0.606933594 -0.548828125
vn -0.262939453 -0.961425781 -0.08203125
vn -0.352050781 -0.857910156 -0.373535156
vn -0.126098633 -0.866699219 -0.482910156
vn -0.525390625 -0.614746094 -0.588378906
vn -0.364501953 -0.611816406 -0.702148438
vn 0.063659668 -0.58984375 -0.805175781
vn 0.62109375 0.77734375 0.0998535156
vn 0.513183594 0.700195312 0.496337891
vn 0.410888672 0.880859375 0.234375
vn 0.426025391 0.512207031 0.745605469
vn 0.212890625 0.675292969 0.706054688
vn 0.624023438 0.522949219 0.580566406
vn 0.58984375 0.33203125 0.735839844
vn 0.3359375 0.337158203 0.879394531
vn -0.839355469 0.420898438 0.343505859
vn -0.872558594 0.282226562 0.3984375
vn -0.915527344 0.337890625 0.21875
vn -0.409912109 0.87890625 0.244750977
vn -0.128295898 0.953125 0.273681641
vn -0.270019531 0.827636719 0.4921875
vn -0.0173034668 0.999511719 -0.0141372681
vn -0.291259766 0.956542969 0.00435638428
vn 0.140380859 0.977050781 0.161010742
vn 0.260986328 0.957519531 -0.124389648
vn 0.387695312 0.896972656 0.212890625
vn 0.133178711 0.917480469 0.374267578
vn -0.0207977295 0.8515625 0.5234375
vn 0.287109375 0.802734375 0.522949219
vn 0.274169922 -0.885253906 0.375244141
vn -0.00314903259 -0.604003906 0.797363281
vn 0.486328125 -0.483886719 0.727539062
vn -0.104492188 0.232421875 -0.966796875
vn 0.125366211 0.299560547 -0.945800781
vn -0.00360679626 0.486572266 -0.873535156
vn -0.909667969 0.044342041 0.412597656
vn -0.953125 -0.158325195 0.258544922
vn -0.983398438 -0.0424499512 0.176269531
vn -0.887695312 -0.452880859 -0.0820922852
vn -0.903808594 -0.397949219 0.157592773
vn -0.875488281 -0.0731201172 0.477539062
vn -0.802246094 -0.404785156 0.438476562
vn -0.695800781 0.710449219 -0.106689453
vn -0.556640625 0.830078125 -0.0306396484
vn -0.572265625 0.781738281 0.248046875
vn -0.640625 0.586914062 -0.494873047
vn -0.557128906 0.725585938 -0.404052734
vn -0.7890625 0.591796875 -0.164550781
vn -0.790527344 0.454101562 -0.410644531
vn -0.564941406 0.404296875 -0.719238281
vn -0.364501953 0.551269531 -0.750488281
vn -0.31640625 0.344482422 -0.883789062
vn -0.311035156 0.190307617 -0.931152344
vn -0.645507812 0.291015625 -0.706054688
vn -0.479736328 0.232788086 -0.845703125
vn -0.504882812 0.0803222656 -0.859375
vn -0.304443359 0.0366210938 -0.951660156
vn -0.768554688 0.320800781 -0.553710938
vn -0.650390625 0.186035156 -0.736328125
vn -0.788574219 0.205200195 -0.579589844
vn -0.654785156 0.0447998047 -0.754394531
vn -0.868164062 0.345458984 -0.356201172
vn -0.887207031 0.459716797 -0.0350952148
vn -0.8046875 0.562011719 0.190917969
vn -0.712402344 0.668457031 0.214355469
vn -0.921386719 0.347900391 -0.172973633
vn -0.803222656 0.085144043 -0.589355469
vn -0.736328125 -0.0603027344 -0.673828125
vn -0.889160156 0.22644043 -0.397949219
vn -0.898925781 0.100830078 -0.426757812
vn -0.94921875 0.245361328 -0.197265625
vn -0.937988281 0.344238281 0.0437316895
vn -0.942871094 -0.0101165771 -0.332763672
vn -0.842773438 -0.19128418 -0.502929688
vn -0.968261719 0.112487793 -0.22253418
vn -0.981445312 0.190429688 -0.0241394043
vn -0.915527344 0.337890625 0.21875
vn -0.839355469 0.420898438 0.343505859
vn -0.958496094 0.196289062 0.205932617
vn -0.872558594 0.282226562 0.3984375
vn -0.999023438 0.0378417969 0.0266876221
vn -0.935058594 0.127319336 0.330322266
vn -0.983398438 -0.0424499512 0.176269531
vn -0.975585938 -0.131469727 -0.176757812
vn -0.879394531 -0.333496094 -0.33984375
vn -0.703613281 -0.393310547 -0.591796875
vn -0.649902344 -0.556640625 -0.517578125
vn -0.964355469 -0.260009766 -0.0526123047
vn -0.953125 -0.158325195 0.258544922
vn -0.887695312 -0.452880859 -0.0820922852
vn -0.807617188 -0.494873047 -0.320556641
vn -0.658203125 -0.693847656 -0.292724609
vn -0.106018066 0.129882812 -0.985839844
vn -0.31640625 0.344482422 -0.883789062
vn -0.311035156 0.190307617 -0.931152344
vn 0.287109375 0.802734375 0.522949219
vn -0.0207977295 0.8515625 0.5234375
vn 0.133178711 0.917480469 0.374267578
vn -0.270019531 0.827636719 0.4921875
vn -0.128295898 0.953125 0.273681641
vn -0.205200195 0.67578125 0.708007812
vn 0.0640869141 0.719238281 0.691894531
vn -0.513183594 0.6953125 0.502929688
vn -0.409912109 0.87890625 0.244750977
vn -0.624511719 0.773925781 0.104431152
vn -0.791503906 0.581542969 0.186645508
vn -0.706542969 0.538574219 0.459228516
vn -0.909667969 0.391113281 0.141357422
vn -0.793457031 0.363769531 0.487792969
vn -0.519042969 0.508300781 0.687011719
vn -0.580078125 0.34375 0.738769531
vn -0.755859375 0.155517578 0.636230469
vn -0.321777344 0.504394531 0.801269531
vn -0.0852050781 0.524902344 0.846679688
vn -0.487792969 0.172485352 0.855957031
vn -0.784667969 0.00523757935 0.619628906
vn -0.330810547 0.348876953 0.876953125
vn 0.135009766 0.579589844 0.803710938
vn 0.33984375 0.641113281 0.687988281
vn 0.430175781 0.524414062 0.734863281
vn -0.514648438 0.0463562012 0.855957031
vn -0.750976562 -0.162719727 0.639648438
vn -0.626464844 -0.119567871 0.770019531
vn -0.203491211 0.21105957 0.956054688
vn -0.0718994141 0.384277344 0.920410156
vn 0.193237305 0.444335938 0.875
vn 0.48828125 0.416015625 0.767089844
vn 0.297119141 0.335693359 0.894042969
vn 0.0754394531 0.272216797 0.959472656
vn -0.458984375 -0.0610046387 0.886230469
vn -0.657714844 -0.230224609 0.717285156
vn -0.62109375 -0.231445312 0.748535156
vn -0.301757812 0.0538024902 0.951660156
vn -0.348632812 -0.0140304565 0.937011719
vn -0.140991211 0.0994262695 0.984863281
vn 0.163696289 0.185791016 0.96875
vn 0.326904297 0.22644043 0.917480469
vn -0.464599609 -0.0784912109 0.881835938
vn -0.540039062 -0.386474609 0.747558594
vn -0.182128906 0.063293457 0.981445312
vn 4.64916229E-05 0.141967773 0.989746094
vn -0.296630859 0.0296173096 0.954589844
vn -0.297851562 -0.225585938 0.927734375
vn -0.00476455688 0.145507812 0.989257812
vn 0.169067383 0.189941406 0.967285156
vn 0.350341797 0.217895508 0.910644531
vn 0.44140625 0.233154297 0.866699219
vn 0.267822266 -0.0112686157 0.963378906
vn -0.0559997559 0.159423828 0.985839844
vn -0.00352478027 -0.115905762 0.993164062
vn -0.00314903259 -0.604003906 0.797363281
vn 0.486328125 -0.483886719 0.727539062
vn 0.712402344 0.668457031 0.214355469
vn 0.695800781 0.710449219 -0.106689453
vn 0.7890625 0.591796875 -0.164550781
vn 0.790527344 0.454101562 -0.410644531
vn 0.887207031 0.459716797 -0.0350952148
vn 0.868164062 0.345458984 -0.356201172
vn 0.921386719 0.347900391 -0.172973633
vn 0.889160156 0.22644043 -0.397949219
vn 0.94921875 0.245361328 -0.197265625
vn 0.898925781 0.100830078 -0.426757812
vn 0.968261719 0.112487793 -0.22253418
vn 0.942871094 -0.0101165771 -0.332763672
vn 0.968261719 0.112487793 -0.22253418
vn 0.898925781 0.100830078 -0.426757812
vn 0.842773438 -0.19128418 -0.502929688
vn 0.975585938 -0.131469727 -0.176757812
vn 0.879394531 -0.333496094 -0.33984375
vn 0.964355469 -0.260009766 -0.0526123047
vn 0.807617188 -0.494873047 -0.320556641
vn 0.983398438 -0.0424499512 0.176269531
vn 0.999023438 0.0378417969 0.0266876221
vn 0.891601562 -0.4453125 -0.083984375
vn 0.658203125 -0.690917969 -0.299316406
vn 0.736328125 -0.673828125 -0.061920166
vn 0.953125 -0.158325195 0.258544922
vn 0.909667969 0.044342041 0.412597656
vn 0.794433594 0.127075195 0.59375
vn 0.875488281 -0.0731201172 0.477539062
vn 0.90234375 -0.401855469 0.156494141
vn 0.712890625 -0.695800781 0.0866088867
vn 0.801757812 -0.399658203 0.444091797
vn 0.581054688 -0.768554688 0.267333984
vn 0.574707031 0.660644531 0.483154297
vn 0.201904297 0.831054688 0.518066406
vn 0.495361328 0.848632812 0.186157227
vn 0.767089844 0.61328125 0.187988281
vn 0.600585938 0.781738281 -0.167236328
vn 0.601074219 -0.787109375 -0.139648438
vn 0.8984375 -0.433837891 0.0689697266
vn 0.723632812 -0.594726562 -0.350097656
vn 0.593261719 -0.721679688 0.356689453
vn 0.791503906 -0.324951172 0.517578125
vn 0.448242188 -0.479492188 0.754394531
vn 0.991210938 0.00044798851 0.132568359
vn 0.850585938 0.082824707 0.51953125
vn 0.916015625 0.361572266 0.173828125
vn 0.610351562 0.0121841431 0.791992188
vn 0.430908203 -0.248291016 0.867675781
vn 0.229248047 0.119628906 0.965820312
vn 0.237426758 -0.81640625 0.526367188
vn 0.448242188 -0.479492188 0.754394531
vn 0.593261719 -0.721679688 0.356689453
vn 0.601074219 -0.787109375 -0.139648438
vn 0.354980469 -0.934570312 0.0164794922
vn 0.8984375 -0.433837891 0.0689697266
vn 0.516601562 -0.58984375 0.620605469
vn 0.377441406 -0.705566406 0.599609375
vn 0.329833984 -0.611816406 0.71875
vn 0.721191406 -0.493896484 0.485351562
vn 0.591796875 -0.643066406 0.485839844
vn 0.621582031 -0.467285156 0.628417969
vn 0.436767578 -0.519042969 0.734863281
vn 0.80078125 -0.500488281 0.328613281
vn 0.657226562 -0.673339844 0.337890625
vn 0.856933594 -0.488525391 0.164672852
vn 0.703613281 -0.687988281 0.177246094
vn 0.884765625 -0.463867188 -0.0429992676
vn 0.71875 -0.694335938 -0.0359191895
vn 0.848632812 -0.416748047 -0.325439453
vn 0.668945312 -0.661621094 -0.338134766
vn 0.971191406 -0.23425293 -0.0467224121
vn 0.948730469 -0.279052734 0.149658203
vn 0.998535156 -0.044342041 -0.0366210938
vn 0.895996094 -0.3125 0.315185547
vn 0.985839844 -0.0897827148 0.142333984
vn 0.814941406 -0.330810547 0.476074219
vn 0.991699219 0.128173828 -0.0145874023
vn 0.958007812 0.172973633 -0.228393555
vn 0.944335938 -0.129150391 0.302246094
vn 0.916503906 0.348876953 -0.195678711
vn 0.79296875 0.358398438 -0.492431641
vn 0.985839844 0.0859985352 0.144897461
vn 0.952636719 0.303466797 0.00801849365
vn 0.833984375 0.522460938 -0.176513672
vn 0.877441406 0.479248047 0.0199890137
vn 0.953613281 0.260498047 0.151489258
vn 0.954101562 0.0471801758 0.295166016
vn 0.930175781 0.222045898 0.292724609
vn 0.872070312 -0.160644531 0.462158203
vn 0.892578125 0.0112304688 0.450683594
vn 0.876953125 0.183349609 0.444580078
vn 0.794433594 -0.0230865479 0.607421875
vn 0.705078125 -0.334228516 0.625488281
vn 0.765625 -0.184326172 0.616210938
vn 0.517089844 -0.425292969 0.742675781
vn 0.58203125 -0.320068359 0.747558594
vn 0.331787109 -0.42578125 0.841796875
vn 0.253417969 -0.486816406 0.8359375
vn 0.392333984 -0.358154297 0.847167969
vn 0.6328125 -0.193847656 0.749511719
vn 0.438720703 -0.277832031 0.854492188
vn 0.232910156 -0.262695312 0.936523438
vn 0.262451172 -0.210571289 0.941894531
vn 0.472412109 -0.179931641 0.862792969
vn 0.282714844 -0.14855957 0.947753906
vn 0.489013672 -0.0697631836 0.869628906
vn 0.659667969 -0.0518493652 0.75
vn 0.786621094 0.140869141 0.601074219
vn 0.655761719 0.0935668945 0.749511719
vn 0.591796875 -0.643066406 0.485839844
vn 0.377441406 -0.705566406 0.599609375
vn 0.516601562 -0.58984375 0.620605469
vn 0.657226562 -0.673339844 0.337890625
vn 0.423583984 -0.768066406 0.479980469
vn 0.478515625 -0.8046875 0.351806641
vn -0.657226562 -0.673339844 0.337890625
vn -0.80078125 -0.500488281 0.328613281
vn -0.721191406 -0.493896484 0.485351562
vn -0.625976562 0.637207031 -0.449707031
vn -0.525390625 0.732910156 -0.432373047
vn -0.594238281 0.784667969 -0.177246094
vn -0.544433594 0.404785156 -0.734863281
vn -0.720214844 0.510742188 -0.469238281
vn -0.489257812 0.500976562 -0.713867188
vn -0.587890625 0.294677734 -0.752929688
vn -0.79296875 0.358398438 -0.492431641
vn -0.613769531 0.180053711 -0.768554688
vn -0.831542969 0.199707031 -0.518554688
vn -0.615234375 0.064453125 -0.785644531
vn -0.8359375 0.0466918945 -0.546875
vn -0.581542969 -0.0665893555 -0.810546875
vn -0.804199219 -0.118713379 -0.582519531
vn -0.404296875 0.0573425293 -0.912597656
vn -0.373291016 -0.0386047363 -0.926757812
vn -0.31640625 -0.151123047 -0.936523438
vn -0.412841797 0.138549805 -0.900390625
vn -0.497802734 -0.227294922 -0.836914062
vn -0.403808594 0.212036133 -0.890136719
vn -0.260742188 0.0942382812 -0.9609375
vn -0.259521484 0.141479492 -0.955566406
vn -0.708496094 -0.327392578 -0.625
vn -0.9375 -0.180419922 -0.298095703
vn -0.370117188 -0.390869141 -0.842773438
vn -0.848632812 -0.416748047 -0.325439453
vn -0.382568359 0.279785156 -0.880371094
vn -0.248413086 0.182617188 -0.951171875
vn -0.351318359 0.341064453 -0.872070312
vn -0.424804688 0.58203125 -0.693359375
vn -0.306884766 0.395996094 -0.865234375
vn -0.536132812 -0.543945312 -0.645507812
vn -0.668945312 -0.661621094 -0.338134766
vn -0.248657227 -0.5078125 -0.824707031
vn -0.361572266 -0.682617188 -0.635253906
vn -0.659667969 0.737792969 0.143432617
vn -0.513671875 0.84765625 0.1328125
vn -0.513183594 0.812011719 0.278320312
vn -0.352539062 0.895019531 0.273681641
vn -0.337158203 0.836914062 0.431396484
vn -0.17175293 0.886230469 0.429931641
vn -0.17980957 0.945800781 0.271240234
vn -0.155517578 0.791503906 0.591308594
vn -1.60932541E-06 0.806640625 0.590820312
vn -1.54972076E-06 0.903320312 0.429443359
vn -1.49011612E-06 0.66796875 0.744140625
vn -0.130615234 0.654785156 0.744628906
vn 0.130615234 0.654785156 0.744628906
vn 0.155517578 0.791503906 0.591308594
vn 0.17175293 0.886230469 0.429931641
vn 0.256591797 0.615722656 0.745117188
vn 0.190917969 0.445556641 0.874511719
vn 0.305419922 0.745605469 0.592285156
vn 0.337158203 0.836914062 0.431396484
vn 0.373046875 0.552246094 0.745605469
vn 0.444580078 0.670898438 0.59375
vn 0.27734375 0.396728516 0.875
vn 0.166748047 0.21496582 0.962402344
vn 0.211914062 0.172607422 0.961914062
vn 0.343017578 0.461181641 0.818359375
vn 0.555175781 0.388671875 0.735351562
vn 0.389404297 0.254394531 0.885253906
vn 0.602539062 0.128173828 0.787597656
vn 0.756347656 0.121643066 0.642578125
vn 0.580078125 0.513671875 0.632324219
vn 0.8515625 0.185668945 0.489990234
vn 0.890136719 -0.210083008 0.403808594
vn 0.9765625 -0.0473937988 0.209716797
vn 0.7734375 -0.224609375 0.593261719
vn 0.732421875 -0.571289062 0.369873047
vn 0.484375 0.0117645264 0.875
vn 0.301513672 0.0144348145 0.953125
vn 0.390625 -0.235717773 0.890136719
vn 0.599609375 -0.231445312 0.766113281
vn 0.303710938 -0.493408203 0.814941406
vn 0.5546875 -0.535644531 0.63671875
vn 0.479736328 -0.811523438 0.333496094
vn -0.3515625 0.4609375 -0.814941406
vn -0.552246094 0.268554688 -0.7890625
vn -0.358886719 0.0559692383 -0.931640625
vn -0.623535156 0.451416016 -0.638183594
vn 0.468994141 0.748046875 0.469238281
vn 0.735839844 0.649902344 0.190307617
vn 0.728027344 0.550292969 0.408935547
vn 0.580078125 0.513671875 0.632324219
vn 0.8515625 0.185668945 0.489990234
vn 0.246582031 0.756835938 0.604980469
vn 0.262207031 0.596679688 0.758789062
vn 0.555175781 0.388671875 0.735351562
vn 0.343017578 0.461181641 0.818359375
vn 0.890136719 -0.210083008 0.403808594
vn 0.9765625 -0.0473937988 0.209716797
vn 0.889648438 -0.445068359 0.101928711
vn 0.732421875 -0.571289062 0.369873047
vn 0.667480469 -0.739257812 0.0896606445
vn 0.925292969 -0.333251953 -0.181396484
vn 0.717285156 -0.687988281 -0.109313965
vn 0.673339844 -0.668945312 -0.314697266
vn 0.866699219 -0.338867188 -0.365722656
vn 0.943359375 0.0303039551 -0.331054688
vn -0.358886719 0.0559692383 -0.931640625
vn -0.502441406 -0.329101562 -0.799316406
vn -0.167114258 -0.180419922 -0.969238281
vn -0.359863281 -0.529296875 -0.768066406
vn -0.0669555664 -0.5546875 -0.829589844
vn 0.732421875 -0.571289062 0.369873047
vn 0.667480469 -0.739257812 0.0896606445
vn 0.479736328 -0.811523438 0.333496094
vn 0.382324219 -0.923339844 -0.0293884277
vn 0.465576172 -0.868164062 -0.171875
vn 0.717285156 -0.687988281 -0.109313965
vn 0.889648438 -0.445068359 0.101928711
vn 0.673339844 -0.668945312 -0.314697266
vn 0.304931641 -0.905761719 -0.294189453
vn 0.486328125 -0.685058594 -0.542480469
vn 0.259521484 -0.714355469 -0.649902344
vn 0.1640625 -0.975585938 -0.14453125
vn 0.192626953 -0.980957031 0.026763916
vn 0.0617370605 -0.947753906 -0.313476562
vn 0.249511719 -0.92578125 0.283447266
vn 0.270263672 -0.754882812 0.597167969
vn 0.0284423828 -0.869628906 0.492919922
vn -0.114929199 -0.948242188 0.296142578
vn -0.0908203125 -0.911621094 -0.400390625
vn 0.102355957 -0.650390625 -0.752441406
vn -0.316650391 -0.706054688 0.633300781
vn -0.16796875 -0.619140625 0.767089844
vn -0.297119141 -0.784179688 -0.544921875
vn -0.0669555664 -0.5546875 -0.829589844
vn -0.364257812 -0.893066406 0.263671875
vn -0.527832031 -0.716308594 0.456054688
vn -0.656738281 -0.737792969 0.156494141
vn -0.723144531 -0.547851562 0.420654297
vn -0.00313949585 -0.999511719 0.0253295898
vn -0.212280273 -0.9765625 -0.0342102051
vn 0.00813293457 -0.987792969 -0.15637207
vn -0.459472656 -0.887695312 0.0220947266
vn -0.0510559082 -0.984375 -0.169189453
vn -0.286376953 -0.942382812 -0.173461914
vn -0.604003906 -0.78515625 -0.13684082
vn -0.836914062 -0.5390625 0.0950317383
vn -0.192871094 -0.961914062 -0.194580078
vn -0.431884766 -0.862304688 -0.263916016
vn -0.698242188 -0.629394531 -0.341064453
vn -0.548339844 -0.751953125 -0.366455078
vn -0.298095703 -0.917480469 -0.262939453
vn -0.588378906 -0.604980469 -0.536621094
vn -0.297119141 -0.784179688 -0.544921875
vn -0.359863281 -0.529296875 -0.768066406
vn -0.588378906 -0.604980469 -0.536621094
vn -0.502441406 -0.329101562 -0.799316406
vn -0.712890625 -0.24621582 -0.656738281
vn -0.794433594 -0.345458984 -0.499755859
vn -0.548339844 -0.751953125 -0.366455078
vn 0.0657348633 -0.583007812 0.810058594
vn 0.0284423828 -0.869628906 0.492919922
vn -0.16796875 -0.619140625 0.767089844
vn 0.270263672 -0.754882812 0.597167969
vn 0.303710938 -0.493408203 0.814941406
vn 0.5546875 -0.535644531 0.63671875
vn 0.479736328 -0.811523438 0.333496094
vn -0.16796875 -0.619140625 0.767089844
vn -0.273193359 -0.268798828 0.923828125
vn -0.0578918457 -0.281738281 0.957519531
vn -0.444580078 -0.328857422 0.833007812
vn -0.316650391 -0.706054688 0.633300781
vn -0.594238281 -0.353759766 0.722167969
vn -0.527832031 -0.716308594 0.456054688
vn -0.723144531 -0.547851562 0.420654297
vn -0.759765625 -0.134399414 0.636230469
vn -0.587890625 0.124572754 0.799316406
vn -0.709472656 0.233032227 0.665039062
vn -0.875976562 -0.329101562 0.352294922
vn -0.898925781 0.00241088867 0.437988281
vn -0.987792969 -0.147705078 -0.0473937988
vn -0.892089844 -0.322021484 -0.31640625
vn -0.957519531 -0.0170593262 -0.287841797
vn -0.837402344 0.134521484 -0.529296875
vn -0.901367188 0.308349609 -0.303710938
vn -0.613769531 0.608886719 -0.502441406
vn -0.623535156 0.451416016 -0.638183594
vn -0.794433594 -0.345458984 -0.499755859
vn -0.698242188 -0.629394531 -0.341064453
vn -0.548339844 -0.751953125 -0.366455078
vn -0.73828125 0.061706543 -0.671875
vn -0.552246094 0.268554688 -0.7890625
vn -0.712890625 -0.24621582 -0.656738281
vn -0.570800781 -0.0262756348 -0.820800781
vn -0.358886719 0.0559692383 -0.931640625
vn -0.502441406 -0.329101562 -0.799316406
vn -0.901367188 0.308349609 -0.303710938
vn -0.613769531 0.608886719 -0.502441406
vn -0.787109375 0.602539062 -0.129882812
vn -0.569335938 0.789550781 -0.229248047
vn -0.567871094 0.6796875 0.464111328
vn -0.323730469 0.873046875 0.364746094
vn -0.341064453 0.761230469 0.551269531
vn -0.55859375 0.532714844 0.635742188
vn -0.224853516 0.71875 0.657714844
vn -0.437988281 0.501464844 0.74609375
vn -0.0673828125 0.642578125 0.763183594
vn -0.779296875 0.346923828 0.521484375
vn -0.709472656 0.233032227 0.665039062
vn -0.872558594 0.342041016 0.349365234
vn -0.658691406 0.68359375 0.313720703
vn -0.930664062 0.319091797 0.179199219
vn -0.732910156 0.66796875 0.129516602
vn -0.898925781 0.00241088867 0.437988281
vn -0.759765625 -0.134399414 0.636230469
vn -0.587890625 0.124572754 0.799316406
vn -0.320068359 0.462158203 0.827148438
vn -0.176513672 0.392089844 0.902832031
vn 0.0408325195 0.424316406 0.904785156
vn -0.447021484 0.0974731445 0.889160156
vn -0.594238281 -0.353759766 0.722167969
vn -0.444580078 -0.328857422 0.833007812
vn -0.265869141 0.0830688477 0.960449219
vn -0.273193359 -0.268798828 0.923828125
vn -0.076171875 0.0791015625 0.994140625
vn -0.0578918457 -0.281738281 0.957519531
vn 0.105102539 0.0643920898 0.9921875
vn 0.192382812 0.331054688 0.923828125
vn 0.133300781 -0.221069336 0.966308594
vn 0.389404297 0.254394531 0.885253906
vn 0.192382812 0.331054688 0.923828125
vn 0.343017578 0.461181641 0.818359375
vn 0.301513672 0.0144348145 0.953125
vn 0.105102539 0.0643920898 0.9921875
vn 0.133300781 -0.221069336 0.966308594
vn 0.390625 -0.235717773 0.890136719
vn 0.303710938 -0.493408203 0.814941406
vn 0.0657348633 -0.583007812 0.810058594
vn -0.0578918457 -0.281738281 0.957519531
vn -0.16796875 -0.619140625 0.767089844
vn 0.468994141 0.748046875 0.469238281
vn 0.246582031 0.756835938 0.604980469
vn 0.168945312 0.885742188 0.432617188
vn 0.439941406 0.872070312 0.21484375
vn 0.735839844 0.649902344 0.190307617
vn 0.717285156 0.696777344 -0.0188446045
vn 0.109985352 0.962402344 0.247924805
vn -0.0803222656 0.857421875 0.508300781
vn 0.399414062 0.916992188 0.00204086304
vn 0.668457031 0.706542969 -0.231201172
vn 0.469482422 0.824707031 -0.315917969
vn -0.0892944336 0.9765625 0.196777344
vn -0.323730469 0.873046875 0.364746094
vn -0.415039062 0.887695312 0.199707031
vn 0.193969727 0.979003906 -0.0621643066
vn -0.153808594 0.98828125 0.0111999512
vn -0.490966797 0.87109375 0.011505127
vn 0.12902832 0.963378906 -0.23425293
vn 0.390869141 0.795410156 -0.462890625
vn -0.225097656 0.958007812 -0.176635742
vn 0.0469665527 0.916503906 -0.397216797
vn -0.32421875 0.854003906 -0.406982422
vn -0.0779418945 0.814941406 -0.57421875
vn -0.239135742 0.630859375 -0.73828125
vn -0.569335938 0.789550781 -0.229248047
vn -0.787109375 0.602539062 -0.129882812
vn -0.732910156 0.66796875 0.129516602
vn -0.613769531 0.608886719 -0.502441406
vn -0.623535156 0.451416016 -0.638183594
vn -0.3515625 0.4609375 -0.814941406
vn 0.390869141 0.795410156 -0.462890625
vn 0.12902832 0.963378906 -0.23425293
vn 0.0469665527 0.916503906 -0.397216797
vn 0.291992188 0.751464844 -0.591308594
vn -0.0779418945 0.814941406 -0.57421875
vn 0.594726562 0.508300781 -0.622558594
vn 0.687011719 0.532226562 -0.494628906
vn 0.469482422 0.824707031 -0.315917969
vn 0.668457031 0.706542969 -0.231201172
vn 0.846679688 0.375244141 -0.376953125
vn 0.915039062 0.368896484 -0.163452148
vn 0.717285156 0.696777344 -0.0188446045
vn 0.482910156 0.478027344 -0.733886719
vn 0.190795898 0.693359375 -0.694824219
vn 0.354248047 0.440429688 -0.825195312
vn 0.0653686523 0.610351562 -0.789550781
vn 0.212768555 0.385253906 -0.897949219
vn -0.0216827393 0.432617188 -0.901367188
vn -0.239135742 0.630859375 -0.73828125
vn -0.159667969 0.244262695 -0.956542969
vn -0.3515625 0.4609375 -0.814941406
vn -0.159667969 0.244262695 -0.956542969
vn -0.358886719 0.0559692383 -0.931640625
vn -0.167114258 -0.180419922 -0.969238281
vn 0.0794677734 0.118652344 -0.989746094
vn -0.0216827393 0.432617188 -0.901367188
vn 0.212768555 0.385253906 -0.897949219
vn 0.0645751953 -0.237548828 -0.969238281
vn -0.0669555664 -0.5546875 -0.829589844
vn 0.102355957 -0.650390625 -0.752441406
vn 0.249633789 -0.274658203 -0.928710938
vn 0.280761719 0.0733032227 -0.95703125
vn 0.439697266 0.0918579102 -0.893554688
vn 0.354248047 0.440429688 -0.825195312
vn 0.420898438 -0.323486328 -0.84765625
vn 0.259521484 -0.714355469 -0.649902344
vn 0.583984375 0.102600098 -0.805175781
vn 0.482910156 0.478027344 -0.733886719
vn 0.565429688 -0.330078125 -0.755859375
vn 0.696777344 0.127929688 -0.705566406
vn 0.594726562 0.508300781 -0.622558594
vn 0.768066406 -0.206298828 -0.606445312
vn 0.817382812 0.129760742 -0.561035156
vn 0.687011719 0.532226562 -0.494628906
vn 0.943359375 0.0303039551 -0.331054688
vn 0.846679688 0.375244141 -0.376953125
vn 0.846679688 0.375244141 -0.376953125
vn 0.943359375 0.0303039551 -0.331054688
vn 0.915039062 0.368896484 -0.163452148
vn 0.998535156 -0.0517578125 -0.0223999023
vn 0.925292969 -0.333251953 -0.181396484
vn 0.889648438 -0.445068359 0.101928711
vn 0.9765625 -0.0473937988 0.209716797
vn 0.938476562 0.342285156 0.0456237793
vn 0.717285156 0.696777344 -0.0188446045
vn 0.735839844 0.649902344 0.190307617
vn 0.903320312 0.313232422 0.292724609
vn 0.8515625 0.185668945 0.489990234
vn 0.728027344 0.550292969 0.408935547
vn 0.768066406 -0.206298828 -0.606445312
vn 0.866699219 -0.338867188 -0.365722656
vn 0.943359375 0.0303039551 -0.331054688
vn 0.688964844 -0.510253906 -0.514648438
vn 0.673339844 -0.668945312 -0.314697266
vn 0.486328125 -0.685058594 -0.542480469
vn 0.565429688 -0.330078125 -0.755859375
vn 0.259521484 -0.714355469 -0.649902344
vn 0.420898438 -0.323486328 -0.84765625
vn -0.656738281 -0.737792969 0.156494141
vn -0.836914062 -0.5390625 0.0950317383
vn -0.723144531 -0.547851562 0.420654297
vn -0.875976562 -0.329101562 0.352294922
vn -0.979003906 -0.14831543 0.138305664
vn -0.898925781 0.00241088867 0.437988281
vn -0.987792969 -0.147705078 -0.0473937988
vn -0.818359375 -0.554199219 -0.153320312
vn -0.892089844 -0.322021484 -0.31640625
vn -0.604003906 -0.78515625 -0.13684082
vn -0.698242188 -0.629394531 -0.341064453
vn -0.872558594 0.342041016 0.349365234
vn -0.898925781 0.00241088867 0.437988281
vn -0.979003906 -0.14831543 0.138305664
vn -0.930664062 0.319091797 0.179199219
vn -0.987792969 -0.147705078 -0.0473937988
vn -0.956054688 0.293457031 -0.0117263794
vn -0.732910156 0.66796875 0.129516602
vn -0.957519531 -0.0170593262 -0.287841797
vn -0.787109375 0.602539062 -0.129882812
vn -0.901367188 0.308349609 -0.303710938
vn -0.415039062 0.887695312 0.199707031
vn -0.732910156 0.66796875 0.129516602
vn -0.490966797 0.87109375 0.011505127
vn -0.658691406 0.68359375 0.313720703
vn -0.323730469 0.873046875 0.364746094
vn -0.567871094 0.6796875 0.464111328
vn -0.0803222656 0.857421875 0.508300781
vn -0.341064453 0.761230469 0.551269531
vn -0.224853516 0.71875 0.657714844
vn 0.0664672852 0.720214844 0.690917969
vn -0.0673828125 0.642578125 0.763183594
vn 0.246582031 0.756835938 0.604980469
vn 0.168945312 0.885742188 0.432617188
vn 0.262207031 0.596679688 0.758789062
vn 0.0408325195 0.424316406 0.904785156
vn 0.192382812 0.331054688 0.923828125
vn 0.343017578 0.461181641 0.818359375
vn 0.570800781 -0.0262756348 -0.820800781
vn 0.552246094 0.268554688 -0.7890625
vn 0.358886719 0.0559692383 -0.931640625
vn 0.3515625 0.4609375 -0.814941406
vn 0.159667969 0.244262695 -0.956542969
vn 0.167114258 -0.180419922 -0.969238281
vn -0.0794677734 0.118652344 -0.989746094
vn 0.0216827393 0.432617188 -0.901367188
vn -0.212768555 0.385253906 -0.897949219
vn -0.280761719 0.0733032227 -0.95703125
vn -0.249633789 -0.274658203 -0.928710938
vn -0.0645751953 -0.237548828 -0.969238281
vn 0.0669555664 -0.5546875 -0.829589844
vn 0.359863281 -0.529296875 -0.768066406
vn 0.297119141 -0.784179688 -0.544921875
vn -0.102355957 -0.650390625 -0.752441406
vn -0.420898438 -0.323486328 -0.84765625
vn -0.259521484 -0.714355469 -0.649902344
vn -0.469482422 0.824707031 -0.315917969
vn -0.668457031 0.706542969 -0.231201172
vn -0.687011719 0.532226562 -0.494628906
vn -0.846679688 0.375244141 -0.376953125
vn -0.915039062 0.368896484 -0.163452148
vn -0.717285156 0.696777344 -0.0188446045
vn -0.938476562 0.342285156 0.0456237793
vn -0.735839844 0.649902344 0.190307617
vn -0.817382812 0.129760742 -0.561035156
vn -0.943359375 0.0303039551 -0.331054688
vn -0.594726562 0.508300781 -0.622558594
vn -0.696777344 0.127929688 -0.705566406
vn -0.768066406 -0.206298828 -0.606445312
vn -0.482910156 0.478027344 -0.733886719
vn -0.565429688 -0.330078125 -0.755859375
vn -0.583984375 0.102600098 -0.805175781
vn -0.354248047 0.440429688 -0.825195312
vn -0.439697266 0.0918579102 -0.893554688
vn -0.212768555 0.385253906 -0.897949219
vn -0.280761719 0.0733032227 -0.95703125
vn -0.249633789 -0.274658203 -0.928710938
vn -0.420898438 -0.323486328 -0.84765625
vn -0.259521484 -0.714355469 -0.649902344
vn -0.486328125 -0.685058594 -0.542480469
vn -0.903320312 0.313232422 0.292724609
vn -0.8515625 0.185668945 0.489990234
vn -0.9765625 -0.0473937988 0.209716797
vn -0.938476562 0.342285156 0.0456237793
vn -0.735839844 0.649902344 0.190307617
vn -0.728027344 0.550292969 0.408935547
vn -0.667480469 -0.739257812 0.0896606445
vn -0.465576172 -0.868164062 -0.171875
vn -0.717285156 -0.687988281 -0.109313965
vn -0.673339844 -0.668945312 -0.314697266
vn -0.304931641 -0.905761719 -0.294189453
vn -0.486328125 -0.685058594 -0.542480469
vn -0.259521484 -0.714355469 -0.649902344
vn -0.732421875 -0.571289062 0.369873047
vn -0.479736328 -0.811523438 0.333496094
vn -0.667480469 -0.739257812 0.0896606445
vn -0.382324219 -0.923339844 -0.0293884277
vn -0.465576172 -0.868164062 -0.171875
vn -0.192626953 -0.980957031 0.026763916
vn -0.1640625 -0.975585938 -0.14453125
vn -0.304931641 -0.905761719 -0.294189453
vn -0.0617370605 -0.947753906 -0.313476562
vn -0.259521484 -0.714355469 -0.649902344
vn 0.0908203125 -0.911621094 -0.400390625
vn -0.102355957 -0.650390625 -0.752441406
vn 0.297119141 -0.784179688 -0.544921875
vn 0.0669555664 -0.5546875 -0.829589844
vn 0.0510559082 -0.984375 -0.169189453
vn 0.192871094 -0.961914062 -0.194580078
vn 0.298095703 -0.917480469 -0.262939453
vn -0.00813293457 -0.987792969 -0.15637207
vn 0.548339844 -0.751953125 -0.366455078
vn 0.588378906 -0.604980469 -0.536621094
vn 0.431884766 -0.862304688 -0.263916016
vn 0.698242188 -0.629394531 -0.341064453
vn 0.286376953 -0.942382812 -0.173461914
vn 0.604003906 -0.78515625 -0.13684082
vn 0.818359375 -0.554199219 -0.153320312
vn 0.836914062 -0.5390625 0.0950317383
vn 0.656738281 -0.737792969 0.156494141
vn 0.459472656 -0.887695312 0.0220947266
vn 0.212280273 -0.9765625 -0.0342102051
vn 0.364257812 -0.893066406 0.263671875
vn 0.00313949585 -0.999511719 0.0253295898
vn 0.114929199 -0.948242188 0.296142578
vn -0.249511719 -0.92578125 0.283447266
vn 0.527832031 -0.716308594 0.456054688
vn 0.723144531 -0.547851562 0.420654297
vn 0.316650391 -0.706054688 0.633300781
vn -0.0284423828 -0.869628906 0.492919922
vn -0.270263672 -0.754882812 0.597167969
vn -0.0657348633 -0.583007812 0.810058594
vn -0.5546875 -0.535644531 0.63671875
vn -0.479736328 -0.811523438 0.333496094
vn -0.732421875 -0.571289062 0.369873047
vn -0.270263672 -0.754882812 0.597167969
vn -0.303710938 -0.493408203 0.814941406
vn -0.249511719 -0.92578125 0.283447266
vn -0.192626953 -0.980957031 0.026763916
vn 0.297119141 -0.784179688 -0.544921875
vn 0.588378906 -0.604980469 -0.536621094
vn 0.359863281 -0.529296875 -0.768066406
vn 0.502441406 -0.329101562 -0.799316406
vn 0.167114258 -0.180419922 -0.969238281
vn 0.358886719 0.0559692383 -0.931640625
vn 0.570800781 -0.0262756348 -0.820800781
vn 0.712890625 -0.24621582 -0.656738281
vn 0.73828125 0.061706543 -0.671875
vn 0.794433594 -0.345458984 -0.499755859
vn 0.548339844 -0.751953125 -0.366455078
vn 0.698242188 -0.629394531 -0.341064453
vn 0.837402344 0.134521484 -0.529296875
vn 0.892089844 -0.322021484 -0.31640625
vn 0.818359375 -0.554199219 -0.153320312
vn 0.957519531 -0.0170593262 -0.287841797
vn 0.901367188 0.308349609 -0.303710938
vn -0.0657348633 -0.583007812 0.810058594
vn 0.16796875 -0.619140625 0.767089844
vn -0.0284423828 -0.869628906 0.492919922
vn 0.316650391 -0.706054688 0.633300781
vn 0.16796875 -0.619140625 0.767089844
vn 0.0578918457 -0.281738281 0.957519531
vn 0.273193359 -0.268798828 0.923828125
vn 0.076171875 0.0791015625 0.994140625
vn 0.265869141 0.0830688477 0.960449219
vn -0.105102539 0.0643920898 0.9921875
vn -0.133300781 -0.221069336 0.966308594
vn -0.301513672 0.0144348145 0.953125
vn 0.176513672 0.392089844 0.902832031
vn 0.447021484 0.0974731445 0.889160156
vn 0.320068359 0.462158203 0.827148438
vn 0.0673828125 0.642578125 0.763183594
vn 0.437988281 0.501464844 0.74609375
vn -0.0408325195 0.424316406 0.904785156
vn -0.192382812 0.331054688 0.923828125
vn -0.262207031 0.596679688 0.758789062
vn -0.389404297 0.254394531 0.885253906
vn -0.484375 0.0117645264 0.875
vn -0.343017578 0.461181641 0.818359375
vn -0.602539062 0.128173828 0.787597656
vn -0.599609375 -0.231445312 0.766113281
vn -0.7734375 -0.224609375 0.593261719
vn -0.555175781 0.388671875 0.735351562
vn -0.756347656 0.121643066 0.642578125
vn -0.890136719 -0.210083008 0.403808594
vn -0.8515625 0.185668945 0.489990234
vn -0.580078125 0.513671875 0.632324219
vn -0.246582031 0.756835938 0.604980469
vn -0.0664672852 0.720214844 0.690917969
vn 0.0803222656 0.857421875 0.508300781
vn -0.168945312 0.885742188 0.432617188
vn -0.468994141 0.748046875 0.469238281
vn -0.439941406 0.872070312 0.21484375
vn -0.728027344 0.550292969 0.408935547
vn -0.903320312 0.313232422 0.292724609
vn -0.735839844 0.649902344 0.190307617
vn -0.717285156 0.696777344 -0.0188446045
vn 0.594238281 -0.353759766 0.722167969
vn 0.759765625 -0.134399414 0.636230469
vn 0.723144531 -0.547851562 0.420654297
vn 0.875976562 -0.329101562 0.352294922
vn 0.836914062 -0.5390625 0.0950317383
vn 0.979003906 -0.14831543 0.138305664
vn 0.898925781 0.00241279602 0.437988281
vn 0.709472656 0.233032227 0.665039062
vn 0.587890625 0.124572754 0.799316406
vn 0.437988281 0.501464844 0.74609375
vn 0.55859375 0.532714844 0.635742188
vn 0.224853516 0.71875 0.657714844
vn 0.341064453 0.761230469 0.551269531
vn 0.779296875 0.346923828 0.521484375
vn 0.567871094 0.6796875 0.464111328
vn 0.323730469 0.873046875 0.364746094
vn 0.872558594 0.342041016 0.349365234
vn 0.658691406 0.68359375 0.313720703
vn 0.930664062 0.319091797 0.179199219
vn 0.987792969 -0.147705078 -0.0473937988
vn 0.732910156 0.66796875 0.129516602
vn 0.956054688 0.293457031 -0.0117263794
vn 0.957519531 -0.0170593262 -0.287841797
vn 0.787109375 0.602539062 -0.129882812
vn 0.901367188 0.308349609 -0.303710938
vn 0.987792969 -0.147705078 -0.0473937988
vn 0.957519531 -0.0170593262 -0.287841797
vn 0.892089844 -0.322021484 -0.31640625
vn 0.818359375 -0.554199219 -0.153320312
vn 0.836914062 -0.5390625 0.0950317383
vn 0.979003906 -0.14831543 0.138305664
vn 0.656738281 -0.737792969 0.156494141
vn 0.723144531 -0.547851562 0.420654297
vn 0.527832031 -0.716308594 0.456054688
vn 0.594238281 -0.353759766 0.722167969
vn 0.316650391 -0.706054688 0.633300781
vn 0.444580078 -0.328857422 0.833007812
vn 0.16796875 -0.619140625 0.767089844
vn 0.273193359 -0.268798828 0.923828125
vn 0.570800781 -0.0262756348 -0.820800781
vn 0.73828125 0.061706543 -0.671875
vn 0.552246094 0.268554688 -0.7890625
vn 0.623535156 0.451416016 -0.638183594
vn 0.837402344 0.134521484 -0.529296875
vn 0.0803222656 0.857421875 0.508300781
vn -0.168945312 0.885742188 0.432617188
vn -0.109985352 0.962402344 0.247924805
vn -0.439941406 0.872070312 0.21484375
vn -0.399414062 0.916992188 0.00204086304
vn -0.0469665527 0.916503906 -0.397216797
vn 0.32421875 0.854003906 -0.406982422
vn 0.225097656 0.958007812 -0.176635742
vn -0.12902832 0.963378906 -0.23425293
vn -0.390869141 0.795410156 -0.462890625
vn -0.291992188 0.751464844 -0.591308594
vn 0.0779418945 0.814941406 -0.57421875
vn -0.469482422 0.824707031 -0.315917969
vn -0.193969727 0.979003906 -0.0621643066
vn -0.687011719 0.532226562 -0.494628906
vn -0.594726562 0.508300781 -0.622558594
vn -0.482910156 0.478027344 -0.733886719
vn -0.399414062 0.916992188 0.00204086304
vn -0.109985352 0.962402344 0.247924805
vn -0.668457031 0.706542969 -0.231201172
vn -0.717285156 0.696777344 -0.0188446045
vn -0.439941406 0.872070312 0.21484375
vn -0.190795898 0.693359375 -0.694824219
vn -0.354248047 0.440429688 -0.825195312
vn -0.0653686523 0.610351562 -0.789550781
vn -0.212768555 0.385253906 -0.897949219
vn 0.0216827393 0.432617188 -0.901367188
vn 0.239135742 0.630859375 -0.73828125
vn 0.159667969 0.244262695 -0.956542969
vn 0.3515625 0.4609375 -0.814941406
vn 0.623535156 0.451416016 -0.638183594
vn -0.846679688 0.375244141 -0.376953125
vn -0.915039062 0.368896484 -0.163452148
vn -0.943359375 0.0303039551 -0.331054688
vn -0.998535156 -0.0517578125 -0.0223999023
vn -0.938476562 0.342285156 0.0456237793
vn -0.9765625 -0.0473937988 0.209716797
vn -0.889648438 -0.445068359 0.101928711
vn -0.890136719 -0.210083008 0.403808594
vn -0.732421875 -0.571289062 0.369873047
vn -0.667480469 -0.739257812 0.0896606445
vn -0.717285156 -0.687988281 -0.109313965
vn -0.925292969 -0.333251953 -0.181396484
vn -0.673339844 -0.668945312 -0.314697266
vn -0.866699219 -0.338867188 -0.365722656
vn -0.768066406 -0.206298828 -0.606445312
vn -0.817382812 0.129760742 -0.561035156
vn -0.688964844 -0.510253906 -0.514648438
vn -0.486328125 -0.685058594 -0.542480469
vn -0.565429688 -0.330078125 -0.755859375
vn -0.7734375 -0.224609375 0.593261719
vn -0.5546875 -0.535644531 0.63671875
vn -0.732421875 -0.571289062 0.369873047
vn -0.599609375 -0.231445312 0.766113281
vn -0.303710938 -0.493408203 0.814941406
vn -0.390625 -0.235717773 0.890136719
vn -0.484375 0.0117645264 0.875
vn -0.301513672 0.0144348145 0.953125
vn -0.133300781 -0.221069336 0.966308594
vn -0.0657348633 -0.583007812 0.810058594
vn 0.0578918457 -0.281738281 0.957519531
vn 0.16796875 -0.619140625 0.767089844
vn 0.265869141 0.0830688477 0.960449219
vn 0.444580078 -0.328857422 0.833007812
vn 0.273193359 -0.268798828 0.923828125
vn 0.447021484 0.0974731445 0.889160156
vn 0.594238281 -0.353759766 0.722167969
vn 0.587890625 0.124572754 0.799316406
vn 0.759765625 -0.134399414 0.636230469
vn 0.320068359 0.462158203 0.827148438
vn 0.437988281 0.501464844 0.74609375
vn 0.0673828125 0.642578125 0.763183594
vn 0.224853516 0.71875 0.657714844
vn 0.437988281 0.501464844 0.74609375
vn -0.0664672852 0.720214844 0.690917969
vn -0.262207031 0.596679688 0.758789062
vn -0.0408325195 0.424316406 0.904785156
vn 0.0803222656 0.857421875 0.508300781
vn 0.341064453 0.761230469 0.551269531
vn 0.156860352 0.845703125 0.510253906
vn 0.189697266 0.892089844 0.409912109
vn 0.257568359 0.83203125 0.490966797
vn -0.0662841797 0.865234375 0.497314453
vn -0.0015745163 0.916992188 0.3984375
vn -0.189575195 0.893554688 0.406982422
vn 0.11126709 0.857421875 0.502441406
vn -0.25 0.83203125 0.494873047
vn -0.385742188 0.854003906 0.349365234
vn -0.0812988281 0.860839844 0.502441406
vn -0.461914062 0.747558594 0.477294922
vn -0.571289062 0.753417969 0.324951172
vn -0.586425781 0.809082031 0.0339050293
vn -0.260009766 0.805664062 0.532226562
vn -0.0457763672 0.761230469 0.646972656
vn -0.233642578 0.694335938 0.680664062
vn -0.18762207 0.499755859 0.845703125
vn 0.142456055 0.73046875 0.66796875
vn 0.265625 0.805664062 0.529296875
vn 0.071105957 0.541992188 0.837402344
vn -0.125854492 0.244506836 0.961425781
vn 0.344482422 0.605957031 0.717285156
vn 0.336181641 0.350585938 0.874023438
vn 0.146850586 0.232788086 0.961425781
vn 0.344482422 0.605957031 0.717285156
vn 0.265625 0.805664062 0.529296875
vn 0.441650391 0.680664062 0.584472656
vn 0.142456055 0.73046875 0.66796875
vn 0.265625 0.805664062 0.529296875
vn 0.461914062 0.747558594 0.477294922
vn 0.441650391 0.680664062 0.584472656
vn 0.663085938 0.572265625 0.482666016
vn 0.647460938 0.445556641 0.618164062
vn 0.344482422 0.605957031 0.717285156
vn 0.571289062 0.753417969 0.324951172
vn 0.37890625 0.852539062 0.359863281
vn 0.549804688 0.359863281 0.75390625
vn 0.336181641 0.350585938 0.874023438
vn 0.64453125 0.0352478027 0.763671875
vn 0.449951172 0.0328979492 0.892578125
vn 0.786621094 0.130493164 0.603515625
vn 0.793457031 -0.191162109 0.578125
vn 0.892089844 -0.0572814941 0.447998047
vn 0.827636719 -0.326416016 0.456054688
vn 0.868652344 0.172241211 0.464599609
vn 0.910644531 -0.141479492 0.387939453
vn 0.875488281 -0.346191406 0.337402344
vn 0.963867188 -0.00862121582 0.265380859
vn 0.806152344 0.358398438 0.470458984
vn 0.954589844 -0.213256836 0.208251953
vn 0.94921875 0.165161133 0.267822266
vn 0.883300781 0.379882812 0.274658203
vn 0.883300781 -0.453857422 0.118896484
vn 0.749023438 -0.66015625 0.0604553223
vn 0.856445312 -0.488769531 -0.165527344
vn 0.948730469 -0.293457031 -0.118408203
vn 0.995117188 -0.0639038086 -0.0734863281
vn 0.985839844 0.163452148 -0.0310058594
vn 0.88671875 0.281738281 -0.366455078
vn 0.917480469 0.396972656 -0.0319519043
vn 0.804199219 0.593261719 -0.0351867676
vn 0.751464844 0.596191406 0.282958984
vn 0.595703125 0.802734375 0.0274505615
vn 0.302978516 -0.568847656 0.764648438
vn 0.00679016113 -0.648925781 0.760742188
vn 0.216186523 -0.406738281 0.887695312
vn -0.0936279297 -0.450927734 0.887695312
vn -0.303466797 -0.558105469 0.772460938
vn 0.0391845703 -0.250732422 0.967285156
vn 0.399658203 -0.2109375 0.892089844
vn -0.346435547 -0.285644531 0.893554688
vn -0.55078125 -0.336425781 0.763671875
vn -0.212524414 -0.0893554688 0.973144531
vn 0.23046875 -0.0405578613 0.972167969
vn 0.449951172 0.0328979492 0.892578125
vn -0.00167369843 0.00879669189 1
vn 0.146850586 0.232788086 0.961425781
vn 0.336181641 0.350585938 0.874023438
vn -0.125854492 0.244506836 0.961425781
vn 0.071105957 0.541992188 0.837402344
vn -0.442871094 0.0141067505 0.896484375
vn -0.376953125 0.257080078 0.889648438
vn -0.303466797 -0.558105469 0.772460938
vn -0.201904297 -0.759277344 0.618652344
vn -0.440429688 -0.635742188 0.633789062
vn -0.493408203 -0.743164062 0.452148438
vn -0.31640625 -0.916503906 0.245117188
vn -0.5390625 -0.808105469 0.237548828
vn -0.692871094 -0.563476562 0.450195312
vn -0.344970703 -0.9375 0.0468444824
vn -0.744628906 -0.605957031 0.279785156
vn -0.55078125 -0.833984375 0.0286560059
vn -0.353759766 -0.917480469 -0.182495117
vn -0.749023438 -0.66015625 0.0604553223
vn -0.528320312 -0.822753906 -0.2109375
vn -0.715820312 -0.665527344 -0.2109375
vn -0.465820312 -0.750488281 -0.468505859
vn -0.642089844 -0.583007812 -0.497558594
vn -0.25390625 -0.442626953 -0.859863281
vn -0.415039062 -0.302490234 -0.857910156
vn -0.455566406 -0.529785156 -0.715332031
vn -0.632324219 -0.293945312 -0.716796875
vn -0.514648438 -0.144897461 -0.845214844
vn -0.347412109 -0.165405273 -0.922851562
vn -0.55078125 0.0682373047 -0.83203125
vn -0.398925781 0.0273742676 -0.916503906
vn -0.738769531 -0.0675048828 -0.670410156
vn -0.382568359 0.286376953 -0.878417969
vn -0.276611328 0.0949707031 -0.956542969
vn -0.504882812 0.357421875 -0.785644531
vn -0.300537109 0.435546875 -0.848632812
vn -0.378173828 0.559570312 -0.737792969
vn -0.751464844 0.149169922 -0.642578125
vn -0.645996094 0.43359375 -0.627929688
vn -0.460693359 0.651855469 -0.602050781
vn -0.908691406 -0.0659179688 -0.412597656
vn -0.803710938 -0.362304688 -0.471923828
vn -0.642089844 -0.583007812 -0.497558594
vn -0.465820312 -0.750488281 -0.468505859
vn -0.88671875 0.281738281 -0.366455078
vn -0.731445312 0.577148438 -0.362548828
vn -0.55859375 0.760742188 -0.330322266
vn -0.917480469 0.396972656 -0.0319519043
vn -0.804199219 0.593261719 -0.0351867676
vn -0.212524414 -0.0893554688 0.973144531
vn -0.346435547 -0.285644531 0.893554688
vn -0.442871094 0.0141067505 0.896484375
vn -0.647949219 -0.0498046875 0.759765625
vn -0.55078125 -0.336425781 0.763671875
vn -0.606933594 0.239135742 0.7578125
vn -0.376953125 0.257080078 0.889648438
vn -0.796386719 -0.193115234 0.572753906
vn -0.790527344 0.12298584 0.600097656
vn -0.638183594 -0.460693359 0.616699219
vn -0.303466797 -0.558105469 0.772460938
vn -0.440429688 -0.635742188 0.633789062
vn -0.692871094 -0.563476562 0.450195312
vn -0.493408203 -0.743164062 0.452148438
vn -0.827636719 -0.326416016 0.456054688
vn -0.892089844 -0.0572814941 0.447998047
vn -0.875488281 -0.346191406 0.337402344
vn -0.744628906 -0.605957031 0.279785156
vn -0.910644531 -0.141479492 0.387939453
vn -0.954589844 -0.213256836 0.208251953
vn -0.963867188 -0.00862121582 0.265380859
vn -0.868652344 0.172241211 0.464599609
vn -0.94921875 0.165161133 0.267822266
vn -0.65234375 0.451416016 0.608398438
vn -0.806152344 0.358398438 0.470458984
vn -0.883300781 0.379882812 0.274658203
vn -0.663085938 0.572265625 0.482666016
vn -0.751464844 0.596191406 0.282958984
vn -0.571289062 0.753417969 0.324951172
vn -0.461914062 0.747558594 0.477294922
vn -0.438964844 0.686035156 0.580078125
vn -0.260009766 0.805664062 0.532226562
vn -0.233642578 0.694335938 0.680664062
vn -0.443359375 0.506835938 0.739257812
vn -0.18762207 0.499755859 0.845703125
vn -0.125854492 0.244506836 0.961425781
vn -0.910644531 -0.141479492 0.387939453
vn -0.954589844 -0.213256836 0.208251953
vn -0.963867188 -0.00862121582 0.265380859
vn -0.995117188 -0.0639038086 -0.0734863281
vn -0.985839844 0.163452148 -0.0310058594
vn -0.94921875 0.165161133 0.267822266
vn -0.917480469 0.396972656 -0.0319519043
vn -0.883300781 0.379882812 0.274658203
vn -0.88671875 0.281738281 -0.366455078
vn -0.804199219 0.593261719 -0.0351867676
vn -0.908691406 -0.0659179688 -0.412597656
vn -0.751464844 0.596191406 0.282958984
vn -0.586425781 0.809082031 0.0339050293
vn -0.55859375 0.760742188 -0.330322266
vn -0.731445312 0.577148438 -0.362548828
vn -0.803710938 -0.362304688 -0.471923828
vn -0.948730469 -0.293457031 -0.118408203
vn -0.856445312 -0.488769531 -0.165527344
vn -0.642089844 -0.583007812 -0.497558594
vn -0.715820312 -0.665527344 -0.2109375
vn -0.883300781 -0.453857422 0.118896484
vn -0.875488281 -0.346191406 0.337402344
vn -0.749023438 -0.66015625 0.0604553223
vn -0.744628906 -0.605957031 0.279785156
vn 0.257568359 0.83203125 0.490966797
vn 0.265625 0.805664062 0.529296875
vn 0.11126709 0.857421875 0.502441406
vn 0.156860352 0.845703125 0.510253906
vn 0.189697266 0.892089844 0.409912109
vn 0.37890625 0.852539062 0.359863281
vn 0.257568359 0.83203125 0.490966797
vn 0.362304688 0.929199219 0.0751953125
vn 0.595703125 0.802734375 0.0274505615
vn 0.364501953 0.880371094 -0.303955078
vn 0.161499023 0.945800781 -0.281738281
vn 0.179321289 0.979980469 0.0836181641
vn -0.0015745163 0.916992188 0.3984375
vn -0.00804138184 0.997070312 0.0762329102
vn -0.00461959839 0.958007812 -0.286376953
vn -0.153442383 0.947265625 -0.28125
vn -0.269287109 0.959960938 0.0780029297
vn -0.189575195 0.893554688 0.406982422
vn -0.385742188 0.854003906 0.349365234
vn -0.377685547 0.876464844 -0.299072266
vn -0.586425781 0.809082031 0.0339050293
vn -0.55859375 0.760742188 -0.330322266
vn 0.504882812 0.357421875 -0.785644531
vn 0.299804688 0.449462891 -0.841308594
vn 0.377685547 0.263671875 -0.887695312
vn 0.380859375 0.560058594 -0.735839844
vn 0.645996094 0.43359375 -0.627929688
vn 0.164672852 0.515625 -0.840820312
vn 0.460693359 0.651855469 -0.602050781
vn 0.200927734 0.64453125 -0.737792969
vn -0.101928711 0.537597656 -0.836914062
vn 0.232421875 0.784667969 -0.574707031
vn 0.0698852539 0.342773438 -0.937011719
vn -0.159301758 0.305419922 -0.938964844
vn -0.300537109 0.435546875 -0.848632812
vn -0.378173828 0.559570312 -0.737792969
vn 0.731445312 0.577148438 -0.362548828
vn 0.88671875 0.281738281 -0.366455078
vn 0.561035156 0.754394531 -0.340087891
vn 0.364501953 0.880371094 -0.303955078
vn 0.161499023 0.945800781 -0.281738281
vn -0.00461959839 0.958007812 -0.286376953
vn 0.0062789917 0.676757812 -0.736328125
vn -0.214477539 0.649414062 -0.729492188
vn -0.232421875 0.784667969 -0.574707031
vn -0.460693359 0.651855469 -0.602050781
vn -0.55859375 0.760742188 -0.330322266
vn -0.377685547 0.876464844 -0.299072266
vn -0.153442383 0.947265625 -0.28125
vn -1.66893005E-06 0.815917969 -0.578125
vn 0.917480469 0.396972656 -0.0319519043
vn 0.804199219 0.593261719 -0.0351867676
vn 0.731445312 0.577148438 -0.362548828
vn 0.88671875 0.281738281 -0.366455078
vn 0.995117188 -0.0639038086 -0.0734863281
vn 0.908691406 -0.0659179688 -0.412597656
vn 0.803710938 -0.362304688 -0.471923828
vn 0.399658203 -0.2109375 0.892089844
vn 0.449951172 0.0328979492 0.892578125
vn 0.64453125 0.0352478027 0.763671875
vn 0.548339844 -0.337402344 0.765136719
vn 0.216186523 -0.406738281 0.887695312
vn 0.793457031 -0.191162109 0.578125
vn 0.302978516 -0.568847656 0.764648438
vn 0.633789062 -0.467529297 0.616210938
vn 0.827636719 -0.326416016 0.456054688
vn 0.360351562 -0.684082031 0.634277344
vn 0.688964844 -0.565917969 0.453125
vn 0.495361328 -0.743652344 0.44921875
vn 0.875488281 -0.346191406 0.337402344
vn 0.744628906 -0.605957031 0.279785156
vn 0.642089844 -0.583007812 -0.497558594
vn 0.715820312 -0.665527344 -0.2109375
vn 0.856445312 -0.488769531 -0.165527344
vn 0.803710938 -0.362304688 -0.471923828
vn 0.446777344 -0.538574219 -0.714355469
vn 0.62890625 -0.29296875 -0.720214844
vn 0.469238281 -0.743652344 -0.476318359
vn 0.205444336 -0.693847656 -0.690429688
vn 0.316162109 -0.833007812 -0.454345703
vn 0.159667969 -0.498535156 -0.852050781
vn 0.378173828 -0.347167969 -0.858398438
vn -0.0487060547 -0.524902344 -0.850097656
vn -0.0618896484 -0.74609375 -0.663085938
vn -0.269042969 -0.666503906 -0.6953125
vn -0.25390625 -0.442626953 -0.859863281
vn 0.55078125 -0.833984375 0.0286560059
vn 0.744628906 -0.605957031 0.279785156
vn 0.749023438 -0.66015625 0.0604553223
vn 0.532226562 -0.820800781 -0.206542969
vn 0.715820312 -0.665527344 -0.2109375
vn 0.469238281 -0.743652344 -0.476318359
vn 0.642089844 -0.583007812 -0.497558594
vn 0.316162109 -0.833007812 -0.454345703
vn 0.343261719 -0.920410156 -0.186645508
vn 0.0737304688 -0.90625 -0.416015625
vn 0.205444336 -0.693847656 -0.690429688
vn 0.348876953 -0.936035156 0.0421142578
vn -0.0618896484 -0.74609375 -0.663085938
vn 0.178222656 -0.971679688 -0.155273438
vn 0.161376953 -0.983398438 0.0802612305
vn -0.0130157471 -0.987792969 -0.153930664
vn 0.00415802002 -0.995605469 0.0941162109
vn -0.158081055 -0.973632812 -0.16418457
vn -0.239990234 -0.865234375 -0.439941406
vn -0.269042969 -0.666503906 -0.6953125
vn -0.465820312 -0.750488281 -0.468505859
vn -0.528320312 -0.822753906 -0.2109375
vn -0.353759766 -0.917480469 -0.182495117
vn -0.344970703 -0.9375 0.0468444824
vn -0.172119141 -0.982421875 0.0736083984
vn 0.00679016113 -0.648925781 0.760742188
vn 0.302978516 -0.568847656 0.764648438
vn 0.360351562 -0.684082031 0.634277344
vn 0.07421875 -0.779785156 0.621582031
vn -0.201904297 -0.759277344 0.618652344
vn -0.303466797 -0.558105469 0.772460938
vn 0.0814208984 -0.851074219 0.519042969
vn 0.283203125 -0.8515625 0.440917969
vn 0.495361328 -0.743652344 0.44921875
vn -0.115539551 -0.885742188 0.449707031
vn 0.083190918 -0.915527344 0.393554688
vn -0.294433594 -0.849609375 0.437744141
vn -0.493408203 -0.743164062 0.452148438
vn -0.31640625 -0.916503906 0.245117188
vn -0.0835571289 -0.958007812 0.275146484
vn 0.138183594 -0.954589844 0.264404297
vn 0.323730469 -0.915039062 0.241455078
vn -0.172119141 -0.982421875 0.0736083984
vn -0.344970703 -0.9375 0.0468444824
vn 0.00415802002 -0.995605469 0.0941162109
vn -0.0130157471 -0.987792969 -0.153930664
vn -0.158081055 -0.973632812 -0.16418457
vn 0.161376953 -0.983398438 0.0802612305
vn 0.348876953 -0.936035156 0.0421142578
vn 0.5390625 -0.808105469 0.237548828
vn 0.688964844 -0.565917969 0.453125
vn 0.55078125 -0.833984375 0.0286560059
vn 0.744628906 -0.605957031 0.279785156
vn 0.287353516 0.815917969 0.501464844
vn 0.79296875 0.519042969 0.318359375
vn 0.434326172 0.456542969 0.776367188
vn 0.741210938 0.00380134583 0.671386719
vn 0.79296875 0.519042969 0.318359375
vn 0.641601562 0.714355469 -0.279296875
vn 0.889160156 0.356201172 -0.287597656
vn 0.631835938 0.397949219 -0.665039062
vn 0.509765625 0.704101562 -0.493896484
vn 0.318359375 0.936523438 -0.14855957
vn 0.587890625 0.458007812 -0.666503906
vn 0.487304688 0.698242188 -0.524414062
vn 0.150756836 0.964355469 -0.216918945
vn 0.596679688 0.290527344 -0.748046875
vn 0.400634766 0.55078125 -0.731933594
vn 0.112365723 0.733398438 -0.670410156
vn 0.117797852 0.236572266 -0.964355469
vn -0.226318359 0.467285156 -0.854492188
vn 0.79296875 0.519042969 0.318359375
vn 0.889160156 0.356201172 -0.287597656
vn 0.980957031 -0.185058594 0.0575256348
vn 0.741210938 0.00380134583 0.671386719
vn 0.572265625 -0.455322266 0.681640625
vn 0.572265625 -0.455322266 0.681640625
vn 0.980957031 -0.185058594 0.0575256348
vn 0.670898438 -0.681640625 0.291992188
vn 0.717773438 -0.640136719 -0.274169922
vn 0.872070312 -0.158325195 -0.462890625
vn 0.189575195 -0.212158203 0.958496094
vn 0.572265625 -0.455322266 0.681640625
vn 0.15637207 -0.713378906 0.683105469
vn 0.41015625 -0.874511719 0.258300781
vn 0.579101562 -0.529296875 -0.620605469
vn 0.488769531 -0.750976562 -0.443603516
vn 0.4921875 -0.845214844 -0.207397461
vn 0.312988281 -0.938476562 -0.145996094
vn 0.492431641 -0.696289062 -0.521972656
vn 0.164794922 -0.963378906 -0.211669922
vn 0.180786133 -0.815917969 -0.549316406
vn 0.150634766 -0.966796875 0.206298828
vn -0.0678710938 -0.977050781 0.201293945
vn 0.41015625 -0.874511719 0.258300781
vn 0.717773438 -0.640136719 -0.274169922
vn 0.670898438 -0.681640625 0.291992188
vn 0.572265625 -0.455322266 0.681640625
vn 0.0878295898 -0.894042969 0.439453125
vn 0.15637207 -0.713378906 0.683105469
vn -0.095703125 -0.58984375 0.801757812
vn -0.151367188 -0.838867188 0.522460938
vn -0.3203125 -0.581542969 0.748046875
vn -0.412109375 -0.739746094 0.531738281
vn -0.410888672 -0.880371094 0.236938477
vn -0.183105469 -0.979003906 -0.0888671875
vn -0.137939453 -0.860839844 -0.489746094
vn -0.501953125 -0.84765625 -0.171630859
vn 0.180786133 -0.815917969 -0.549316406
vn 0.378662109 -0.572265625 -0.727539062
vn -0.0921630859 -0.594726562 -0.798828125
vn 0.153686523 -0.280517578 -0.947265625
vn -0.316894531 -0.266845703 -0.91015625
vn 0.117797852 0.236572266 -0.964355469
vn -0.374511719 0.080078125 -0.923828125
vn -0.501953125 -0.84765625 -0.171630859
vn -0.137939453 -0.860839844 -0.489746094
vn -0.487548828 -0.682128906 -0.544921875
vn -0.0921630859 -0.594726562 -0.798828125
vn 0.180786133 -0.815917969 -0.549316406
vn 0.164794922 -0.963378906 -0.211669922
vn -0.787109375 -0.606445312 0.111206055
vn -0.501953125 -0.84765625 -0.171630859
vn -0.799804688 -0.510253906 -0.31640625
vn -0.92578125 -0.139648438 -0.350585938
vn -0.626953125 -0.342773438 -0.69921875
vn -0.698242188 0.12109375 -0.705566406
vn -0.891601562 0.249511719 -0.378173828
vn -0.926757812 0.372558594 0.0448303223
vn -0.986816406 -0.157348633 0.0371398926
vn -0.922851562 0.149291992 0.355224609
vn -0.844238281 -0.238647461 0.480224609
vn -0.68359375 -0.530273438 0.501464844
vn -0.501953125 -0.84765625 -0.171630859
vn -0.487548828 -0.682128906 -0.544921875
vn -0.799804688 -0.510253906 -0.31640625
vn -0.626953125 -0.342773438 -0.69921875
vn -0.316894531 -0.266845703 -0.91015625
vn -0.0921630859 -0.594726562 -0.798828125
vn -0.68359375 -0.530273438 0.501464844
vn -0.844238281 -0.238647461 0.480224609
vn -0.549804688 -0.303466797 0.778320312
vn -0.717285156 0.10369873 0.689453125
vn -0.922851562 0.149291992 0.355224609
vn -0.724121094 0.625 0.291503906
vn -0.926757812 0.372558594 0.0448303223
vn -0.600585938 0.424316406 0.677734375
vn -0.395019531 0.748535156 0.532714844
vn -0.393066406 0.457275391 0.797851562
vn -0.499755859 0.107971191 0.859375
vn -0.454345703 -0.242553711 0.857421875
vn -0.3203125 -0.581542969 0.748046875
vn -0.395996094 0.115478516 0.911132812
vn -0.276367188 -0.436767578 0.855957031
vn -0.095703125 -0.58984375 0.801757812
vn -0.224365234 0.341796875 0.912597656
vn -0.24621582 0.590332031 0.769042969
vn -0.0237121582 0.626464844 0.779296875
vn 0.129394531 0.329345703 0.935546875
vn -0.315917969 -0.0549316406 0.947265625
vn -0.141845703 -0.0933837891 0.985351562
vn 0.189575195 -0.212158203 0.958496094
vn 0.15637207 -0.713378906 0.683105469
vn 0.434326172 0.456542969 0.776367188
vn 0.741210938 0.00380134583 0.671386719
vn -0.572265625 0.503417969 -0.647460938
vn -0.6015625 0.418701172 -0.680175781
vn -0.508789062 0.703125 -0.497070312
vn -0.658203125 0.701660156 -0.2734375
vn -0.318115234 0.936523438 -0.14855957
vn -0.454589844 0.889648438 0.04296875
vn -0.146972656 0.965820312 0.213867188
vn 0.0682373047 0.979492188 0.189331055
vn -0.496337891 0.694335938 -0.520996094
vn -0.151123047 0.966796875 -0.205322266
vn 0.334960938 0.932128906 -0.136474609
vn 0.137329102 0.867675781 -0.477783203
vn -0.170654297 0.817382812 -0.55078125
vn 0.276611328 0.669433594 -0.689453125
vn -0.375732422 0.579101562 -0.723632812
vn -0.0518188477 0.555175781 -0.830078125
vn -0.883300781 -0.190673828 -0.428710938
vn -0.791503906 0.310791016 -0.526367188
vn -0.979492188 0.200195312 0.0287475586
vn -0.696777344 -0.21887207 -0.683105469
vn -0.603027344 0.131713867 -0.787109375
vn -0.645019531 -0.150878906 -0.749023438
vn -0.639160156 0.139770508 -0.755859375
vn -0.586425781 -0.496582031 -0.640136719
vn -0.574707031 -0.606933594 -0.548828125
vn -0.352050781 -0.857910156 -0.373535156
vn -0.525390625 -0.614746094 -0.588378906
vn -0.607910156 -0.34765625 -0.713867188
vn -0.364501953 -0.611816406 -0.702148438
vn -0.322753906 -0.332763672 -0.886230469
vn -0.61328125 -0.0654907227 -0.787109375
vn -0.369628906 0.0583190918 -0.927246094
vn -0.595703125 0.28515625 -0.750976562
vn -0.6015625 0.418701172 -0.680175781
vn -0.166015625 0.295654297 -0.940917969
vn -0.375732422 0.579101562 -0.723632812
vn -0.496337891 0.694335938 -0.520996094
vn -0.606445312 -0.444824219 0.659179688
vn -0.842773438 0.148071289 0.517578125
vn -0.467041016 0.00205612183 0.884277344
vn -0.444824219 0.491210938 0.749023438
vn -0.114990234 0.342041016 0.932617188
vn -0.275146484 0.817871094 0.505859375
vn -0.673828125 0.680175781 0.288574219
vn -0.979492188 0.200195312 0.0287475586
vn -0.883300781 -0.190673828 -0.428710938
vn -0.979492188 0.200195312 0.0287475586
vn -0.921386719 -0.384521484 0.0539855957
vn -0.614746094 -0.750976562 -0.241210938
vn -0.696777344 -0.21887207 -0.683105469
vn -0.574707031 -0.606933594 -0.548828125
vn -0.563476562 -0.788574219 0.245117188
vn -0.606445312 -0.444824219 0.659179688
vn -0.842773438 0.148071289 0.517578125
vn 0.301025391 -0.262451172 0.916503906
vn 0.130371094 0.0756225586 0.988769531
vn 0.288085938 0.110412598 0.951171875
vn 0.117919922 -0.360351562 0.925292969
vn 0.235717773 -0.587402344 0.774414062
vn -0.0161895752 -0.645996094 0.763183594
vn -0.140991211 -0.281005859 0.94921875
vn -0.252197266 -0.81640625 0.51953125
vn -0.606445312 -0.444824219 0.659179688
vn -0.252197266 -0.81640625 0.51953125
vn -0.563476562 -0.788574219 0.245117188
vn -0.606445312 -0.444824219 0.659179688
vn -0.159790039 -0.961425781 0.223388672
vn -0.614746094 -0.750976562 -0.241210938
vn -0.262939453 -0.961425781 -0.08203125
vn -0.574707031 -0.606933594 -0.548828125
vn 0.0697631836 -0.98046875 0.18347168
vn 0.192504883 -0.833984375 0.517578125
vn 0.423339844 -0.799316406 0.426269531
vn 0.0682983398 -0.985839844 -0.154296875
vn -0.352050781 -0.857910156 -0.373535156
vn -0.126098633 -0.866699219 -0.482910156
vn 0.299804688 -0.853515625 -0.426513672
vn 0.063659668 -0.58984375 -0.805175781
vn 0.408203125 -0.909667969 0.0748291016
vn 0.726074219 -0.616210938 -0.305664062
vn 0.764648438 -0.6171875 0.185668945
vn 0.523925781 -0.55078125 -0.649902344
vn 0.301025391 -0.262451172 0.916503906
vn 0.288085938 0.110412598 0.951171875
vn 0.437011719 -0.0557250977 0.897949219
vn 0.358886719 0.277587891 0.891113281
vn 0.474853516 0.334960938 0.813964844
vn 0.577148438 -0.0660400391 0.813964844
vn 0.674316406 0.386474609 0.62890625
vn 0.402099609 0.646484375 0.6484375
vn 0.423095703 0.847167969 0.322021484
vn 0.713867188 0.640625 0.282714844
vn 0.928710938 0.366943359 0.0540466309
vn 0.925292969 0.129272461 0.356201172
vn 0.890136719 0.391845703 -0.232421875
vn 0.624511719 0.739746094 -0.250244141
vn 0.0682983398 -0.985839844 -0.154296875
vn 0.0697631836 -0.98046875 0.18347168
vn 0.408203125 -0.909667969 0.0748291016
vn 0.423339844 -0.799316406 0.426269531
vn 0.764648438 -0.6171875 0.185668945
vn 0.192504883 -0.833984375 0.517578125
vn 0.391845703 -0.655273438 0.645996094
vn 0.235717773 -0.587402344 0.774414062
vn 0.0259552002 -0.818359375 0.57421875
vn -0.0161895752 -0.645996094 0.763183594
vn -0.159790039 -0.961425781 0.223388672
vn -0.252197266 -0.81640625 0.51953125
vn 0.286376953 -0.217895508 -0.933105469
vn 0.063659668 -0.58984375 -0.805175781
vn 0.523925781 -0.55078125 -0.649902344
vn 0.299804688 -0.853515625 -0.426513672
vn 0.713867188 0.640625 0.282714844
vn 0.925292969 0.129272461 0.356201172
vn 0.674316406 0.386474609 0.62890625
vn 0.776367188 -0.084777832 0.624511719
vn 0.577148438 -0.0660400391 0.813964844
vn 0.863769531 -0.337646484 0.374023438
vn 0.615234375 -0.474609375 0.629882812
vn 0.989257812 -0.146484375 0.0109405518
vn 0.928710938 0.366943359 0.0540466309
vn 0.764648438 -0.6171875 0.185668945
vn 0.919433594 -0.14831543 -0.364501953
vn 0.890136719 0.391845703 -0.232421875
vn 0.726074219 -0.616210938 -0.305664062
vn 0.423339844 -0.799316406 0.426269531
vn 0.391845703 -0.655273438 0.645996094
vn 0.422607422 -0.413330078 0.806640625
vn 0.437011719 -0.0557250977 0.897949219
vn 0.235717773 -0.587402344 0.774414062
vn 0.301025391 -0.262451172 0.916503906
vn 0.708984375 0.366699219 -0.602050781
vn 0.890136719 0.391845703 -0.232421875
vn 0.624511719 0.739746094 -0.250244141
vn 0.276611328 0.669433594 -0.689453125
vn 0.320068359 0.266601562 -0.909179688
vn 0.334960938 0.932128906 -0.136474609
vn 0.137329102 0.867675781 -0.477783203
vn -0.0518188477 0.555175781 -0.830078125
vn -0.170654297 0.817382812 -0.55078125
vn 0.129394531 0.329345703 0.935546875
vn 0.287353516 0.815917969 0.501464844
vn 0.434326172 0.456542969 0.776367188
vn -0.0237121582 0.626464844 0.779296875
vn 0.102539062 0.8984375 0.427246094
vn -0.170776367 0.826171875 0.537109375
vn -0.24621582 0.590332031 0.769042969
vn -0.393066406 0.457275391 0.797851562
vn -0.395019531 0.748535156 0.532714844
vn -0.0717163086 0.978515625 0.193725586
vn -0.405517578 0.887695312 0.218383789
vn -0.724121094 0.625 0.291503906
vn -0.549804688 -0.303466797 0.778320312
vn -0.3203125 -0.581542969 0.748046875
vn -0.412109375 -0.739746094 0.531738281
vn -0.68359375 -0.530273438 0.501464844
vn -0.501953125 -0.84765625 -0.171630859
vn -0.787109375 -0.606445312 0.111206055
vn -0.410888672 -0.880371094 0.236938477
vn -0.68359375 -0.530273438 0.501464844
vn -0.412109375 -0.739746094 0.531738281
vn -0.374511719 0.080078125 -0.923828125
vn -0.626953125 -0.342773438 -0.69921875
vn -0.316894531 -0.266845703 -0.91015625
vn -0.698242188 0.12109375 -0.705566406
vn -0.501464844 0.574707031 -0.646972656
vn -0.226318359 0.467285156 -0.854492188
vn -0.788085938 0.5234375 -0.32421875
vn -0.891601562 0.249511719 -0.378173828
vn -0.612304688 0.75390625 -0.237915039
vn -0.926757812 0.372558594 0.0448303223
vn -0.724121094 0.625 0.291503906
vn -0.155761719 0.856445312 -0.4921875
vn -0.501464844 0.574707031 -0.646972656
vn -0.226318359 0.467285156 -0.854492188
vn 0.112365723 0.733398438 -0.670410156
vn -0.155761719 0.856445312 -0.4921875
vn 0.112365723 0.733398438 -0.670410156
vn 0.150756836 0.964355469 -0.216918945
vn -0.332763672 0.931152344 -0.149780273
vn -0.501464844 0.574707031 -0.646972656
vn -0.612304688 0.75390625 -0.237915039
vn -0.724121094 0.625 0.291503906
vn -0.405517578 0.887695312 0.218383789
vn -0.0717163086 0.978515625 0.193725586
vn 0.318359375 0.936523438 -0.14855957
vn 0.146972656 0.965820312 0.213378906
vn -0.170776367 0.826171875 0.537109375
vn 0.102539062 0.8984375 0.427246094
vn 0.46875 0.881347656 0.059967041
vn 0.641601562 0.714355469 -0.279296875
vn 0.287353516 0.815917969 0.501464844
vn 0.79296875 0.519042969 0.318359375
vn -0.104675293 0.899414062 0.424804688
vn -0.275146484 0.817871094 0.505859375
vn -0.454589844 0.889648438 0.04296875
vn -0.146972656 0.965820312 0.213867188
vn 0.156005859 0.835449219 0.52734375
vn 0.0682373047 0.979492188 0.189331055
vn 0.423095703 0.847167969 0.322021484
vn 0.334960938 0.932128906 -0.136474609
vn 0.713867188 0.640625 0.282714844
vn 0.624511719 0.739746094 -0.250244141
vn -0.322753906 -0.332763672 -0.886230469
vn -0.364501953 -0.611816406 -0.702148438
vn 0.063659668 -0.58984375 -0.805175781
vn -0.0412597656 -0.113586426 -0.992675781
vn 0.286376953 -0.217895508 -0.933105469
vn -0.369628906 0.0583190918 -0.927246094
vn 0.320068359 0.266601562 -0.909179688
vn -0.166015625 0.295654297 -0.940917969
vn 0.108947754 0.944824219 -0.309570312
vn 0.0631103516 0.823730469 -0.563964844
vn 0.302734375 0.789550781 -0.533691406
vn -0.212402344 0.861328125 -0.461914062
vn -0.260986328 0.957519531 -0.124389648
vn -0.441894531 0.8515625 -0.282226562
vn -0.304443359 0.71484375 -0.629394531
vn -0.556640625 0.830078125 -0.0306396484
vn -0.387695312 0.896972656 0.212890625
vn -0.572265625 0.781738281 0.248046875
vn -0.140380859 0.977050781 0.161010742
vn -0.129516602 0.915039062 0.382568359
vn 0.0170593262 0.999511719 -0.0140914917
vn 0.289794922 0.95703125 0.00367546082
vn 0.456542969 0.865234375 -0.20715332
vn 0.404541016 0.590332031 -0.698242188
vn 0.323730469 0.406005859 -0.854492188
vn 0.611328125 0.317626953 -0.725097656
vn 0.0362548828 0.675292969 -0.736816406
vn 0.00360679626 0.486572266 -0.873535156
vn 0.0631103516 0.823730469 -0.563964844
vn 0.302734375 0.789550781 -0.533691406
vn -0.212402344 0.861328125 -0.461914062
vn -0.304443359 0.71484375 -0.629394531
vn -0.364501953 0.551269531 -0.750488281
vn -0.125366211 0.299560547 -0.945800781
vn -0.31640625 0.344482422 -0.883789062
vn 0.611328125 0.317626953 -0.725097656
vn 0.841796875 0.228881836 -0.488769531
vn 0.706542969 0.482666016 -0.517578125
vn 0.691894531 0.0848999023 -0.716796875
vn 0.524414062 0.129638672 -0.841796875
vn 0.497314453 -0.0180358887 -0.867675781
vn 0.837890625 0.057220459 -0.54296875
vn 0.653808594 -0.049407959 -0.755371094
vn 0.522460938 -0.142700195 -0.840820312
vn 0.752929688 -0.0880737305 -0.65234375
vn 0.893554688 -0.0850830078 -0.441162109
vn 0.978515625 0.015914917 -0.206054688
vn 0.8671875 -0.172241211 -0.467285156
vn 0.745117188 -0.224609375 -0.628417969
vn 0.580078125 -0.321289062 -0.748535156
vn 0.892089844 -0.312744141 -0.325439453
vn 0.94921875 -0.223388672 -0.221923828
vn 0.771972656 -0.405517578 -0.489257812
vn 0.513183594 -0.473632812 -0.715820312
vn 0.869628906 -0.467041016 -0.160644531
vn 0.696777344 -0.536132812 -0.476318359
vn 0.795410156 -0.580566406 -0.174438477
vn 0.415039062 -0.625488281 -0.660644531
vn 0.591796875 -0.671386719 -0.446289062
vn 0.695800781 -0.696289062 -0.17590332
vn 0.374023438 -0.793945312 -0.479248047
vn 0.177734375 -0.748046875 -0.639648438
vn 0.841796875 0.228881836 -0.488769531
vn 0.969726562 0.183349609 -0.162597656
vn 0.876953125 0.415039062 -0.241699219
vn 0.837890625 0.057220459 -0.54296875
vn 0.978515625 0.015914917 -0.206054688
vn 0.969238281 0.174926758 0.173950195
vn 0.975097656 -0.0141830444 0.222167969
vn 0.975585938 -0.126586914 -0.180664062
vn 0.987304688 -0.153808594 0.0448608398
vn 0.893554688 -0.0850830078 -0.441162109
vn 0.8671875 -0.172241211 -0.467285156
vn 0.94921875 -0.223388672 -0.221923828
vn 0.965332031 -0.260986328 -9.48905945E-05
vn 0.892089844 -0.312744141 -0.325439453
vn 0.933105469 -0.356689453 -0.0407104492
vn 0.869628906 -0.467041016 -0.160644531
vn 0.913085938 -0.363525391 0.185302734
vn 0.871582031 -0.477539062 0.111999512
vn 0.795410156 -0.580566406 -0.174438477
vn 0.814453125 -0.553222656 0.175292969
vn 0.695800781 -0.696289062 -0.17590332
vn 0.730957031 -0.670410156 0.125854492
vn 0.771972656 -0.475341797 0.422119141
vn 0.969726562 0.183349609 -0.162597656
vn 0.969238281 0.174926758 0.173950195
vn 0.913085938 0.387695312 0.126708984
vn 0.876953125 0.415039062 -0.241699219
vn 0.80078125 0.598632812 0.0159454346
vn 0.758300781 0.569824219 0.316650391
vn 0.62109375 0.77734375 0.0998535156
vn 0.513183594 0.700195312 0.496337891
vn 0.758300781 0.569824219 0.316650391
vn 0.624023438 0.522949219 0.580566406
vn 0.513183594 0.700195312 0.496337891
vn 0.801269531 0.354736328 0.481689453
vn 0.913085938 0.387695312 0.126708984
vn 0.969238281 0.174926758 0.173950195
vn 0.58984375 0.33203125 0.735839844
vn 0.854980469 0.176879883 0.487792969
vn 0.975097656 -0.0141830444 0.222167969
vn 0.62109375 0.180053711 0.762695312
vn 0.3359375 0.337158203 0.879394531
vn 0.336914062 0.201782227 0.919433594
vn 0.517578125 0.0364074707 0.854980469
vn 0.784667969 -0.0059928894 0.619628906
vn 0.942382812 -0.154663086 0.295898438
vn 0.987304688 -0.153808594 0.0448608398
vn 0.743652344 -0.166015625 0.647460938
vn 0.858398438 -0.140014648 0.493896484
vn 0.965332031 -0.260986328 -9.48905945E-05
vn 0.94921875 -0.223388672 -0.221923828
vn 0.975585938 -0.126586914 -0.180664062
vn 0.93359375 -0.268798828 0.237548828
vn 0.933105469 -0.356689453 -0.0407104492
vn 0.913085938 -0.363525391 0.185302734
vn 0.854492188 -0.269775391 0.444335938
vn 0.846191406 -0.380615234 0.373291016
vn 0.871582031 -0.477539062 0.111999512
vn 0.814453125 -0.553222656 0.175292969
vn 0.795410156 -0.580566406 -0.174438477
vn 0.759277344 -0.324707031 0.563964844
vn 0.771972656 -0.475341797 0.422119141
vn 0.599609375 -0.119445801 0.791503906
vn 0.697265625 -0.315917969 0.643066406
vn 0.433105469 -0.0483093262 0.899902344
vn 0.276123047 0.0585632324 0.959472656
vn 0.502929688 -0.118835449 0.856445312
vn 0.696289062 -0.5546875 0.455078125
vn 0.730957031 -0.670410156 0.125854492
vn 0.577148438 -0.798828125 0.169555664
vn 0.6015625 -0.236206055 0.763183594
vn 0.352294922 -0.0223846436 0.935546875
vn 0.469726562 -0.0832519531 0.87890625
vn 0.534179688 -0.375 0.7578125
vn 0.500976562 -0.741699219 0.446044922
vn 0.23046875 -0.672363281 0.703125
vn 0.287597656 -0.21081543 0.934082031
vn 0.307128906 0.0328979492 0.951171875
vn 0.197753906 0.0780639648 0.977050781
vn 0.577148438 -0.798828125 0.169555664
vn 0.500976562 -0.741699219 0.446044922
vn 0.696289062 -0.5546875 0.455078125
vn 0.366943359 -0.928710938 0.0568237305
vn 0.513183594 0.700195312 0.496337891
vn 0.212890625 0.675292969 0.706054688
vn 0.313720703 0.831542969 0.458251953
vn 0.0663452148 0.842773438 0.534179688
vn -0.0693359375 0.719238281 0.69140625
vn -0.283203125 0.802246094 0.525390625
vn -0.0895385742 0.568359375 0.817871094
vn -0.335205078 0.639160156 0.692382812
vn 0.194946289 0.513183594 0.8359375
vn 0.426025391 0.512207031 0.745605469
vn 0.3359375 0.337158203 0.879394531
vn 0.0716552734 0.373046875 0.924804688
vn -0.196044922 0.43359375 0.879394531
vn -0.499511719 0.718261719 0.484375
vn -0.572265625 0.781738281 0.248046875
vn -0.712402344 0.668457031 0.214355469
vn -0.615234375 0.602050781 0.508789062
vn -0.8046875 0.562011719 0.190917969
vn -0.426025391 0.521972656 0.738769531
vn -0.694824219 0.500488281 0.516601562
vn -0.839355469 0.420898438 0.343505859
vn -0.483886719 0.413085938 0.771484375
vn -0.671875 0.357910156 0.6484375
vn -0.872558594 0.282226562 0.3984375
vn -0.225585938 0.31640625 0.921386719
vn 0.0599975586 0.246704102 0.967285156
vn -0.479980469 0.274902344 0.833007812
vn 0.0469055176 0.142211914 0.988769531
vn 0.276123047 0.0585632324 0.959472656
vn -0.780761719 0.261474609 0.567382812
vn -0.640136719 0.237060547 0.730957031
vn -0.935058594 0.127319336 0.330322266
vn -0.958496094 0.196289062 0.205932617
vn -0.842285156 0.151123047 0.517578125
vn -0.983398438 -0.0424499512 0.176269531
vn -0.909667969 0.044342041 0.412597656
vn -0.794433594 0.127075195 0.59375
vn -0.953125 -0.158325195 0.258544922
vn -0.875488281 -0.0731201172 0.477539062
vn -0.530761719 0.20715332 0.821777344
vn -0.666503906 0.182006836 0.72265625
vn -0.328125 0.22253418 0.91796875
vn -0.747558594 -0.0196685791 0.663574219
vn -0.802246094 -0.404785156 0.438476562
vn -0.352050781 0.213745117 0.911132812
vn -0.156860352 0.188720703 0.969238281
vn -0.441894531 0.233276367 0.866210938
vn -0.583007812 -0.0152282715 0.812011719
vn -0.495849609 -0.480224609 0.723632812
vn -0.270751953 -0.00352668762 0.962402344
vn -0.170166016 0.204711914 0.963867188
vn -0.166259766 0.149780273 0.974609375
vn -0.0108032227 0.103393555 0.994628906
vn 0.140991211 0.0399780273 0.989257812
vn 0.197753906 0.0780639648 0.977050781
vn 0.0201263428 0.153198242 0.987792969
vn 0.0434875488 0.161621094 0.985839844
vn 0.307128906 0.0328979492 0.951171875
vn 0.517578125 0.0364074707 0.854980469
vn 0.276123047 0.0585632324 0.959472656
vn 0.336914062 0.201782227 0.919433594
vn 0.0599975586 0.246704102 0.967285156
vn 0.0716552734 0.373046875 0.924804688
vn -0.196044922 0.43359375 0.879394531
vn 0.3359375 0.337158203 0.879394531
vn 0.194946289 0.513183594 0.8359375
vn 0.433105469 -0.0483093262 0.899902344
vn 0.502929688 -0.118835449 0.856445312
vn 0.352294922 -0.0223846436 0.935546875
vn 0.140991211 0.0399780273 0.989257812
vn 0.0469055176 0.142211914 0.988769531
vn 0.197753906 0.0780639648 0.977050781
vn 0.469726562 -0.0832519531 0.87890625
vn -0.581054688 -0.774414062 0.25
vn -0.734375 -0.678222656 0.0216064453
vn -0.802246094 -0.404785156 0.438476562
vn -0.903808594 -0.397949219 0.157592773
vn -0.887695312 -0.452880859 -0.0820922852
vn -0.658203125 -0.693847656 -0.292724609
vn -0.649902344 -0.556640625 -0.517578125
vn -0.401855469 -0.759765625 -0.511230469
vn -0.422607422 -0.610351562 -0.669921875
vn -0.8046875 0.562011719 0.190917969
vn -0.839355469 0.420898438 0.343505859
vn -0.887207031 0.459716797 -0.0350952148
vn -0.937988281 0.344238281 0.0437316895
vn -0.921386719 0.347900391 -0.172973633
vn 0.102783203 -0.826660156 -0.552734375
vn 0.182128906 -0.663574219 -0.725585938
vn -0.0751953125 -0.719726562 -0.689941406
vn -0.148925781 -0.888671875 -0.43359375
vn -0.294189453 -0.768066406 -0.569335938
vn -0.447021484 -0.809570312 -0.380859375
vn 0.269287109 -0.885253906 -0.378662109
vn 0.401855469 -0.760742188 -0.509277344
vn 0.658203125 -0.690917969 -0.299316406
vn -0.0150985718 -0.946777344 -0.322265625
vn -0.342529297 -0.920898438 -0.186035156
vn 0.488525391 -0.845703125 -0.214355469
vn 0.736328125 -0.673828125 -0.061920166
vn 0.371582031 -0.928222656 0.00212287903
vn 0.712890625 -0.695800781 0.0866088867
vn 0.581054688 -0.768554688 0.267333984
vn 0.194213867 -0.961425781 -0.19543457
vn -0.113586426 -0.982421875 -0.149658203
vn 0.0246734619 -0.999511719 0.00834655762
vn -0.0408325195 -0.94140625 0.334472656
vn 0.274169922 -0.885253906 0.375244141
vn 0.486328125 -0.483886719 0.727539062
vn -0.00314903259 -0.604003906 0.797363281
vn -0.291259766 0.956542969 0.00435638428
vn -0.128295898 0.953125 0.273681641
vn -0.409912109 0.87890625 0.244750977
vn -0.624511719 0.773925781 0.104431152
vn -0.463623047 0.862304688 -0.203491211
vn -0.10559082 0.944824219 -0.310302734
vn -0.626953125 0.690429688 -0.360595703
vn -0.770019531 0.624511719 -0.130249023
vn -0.379882812 0.767578125 -0.515625
vn -0.0725708008 0.82421875 -0.561523438
vn -0.408203125 0.591308594 -0.695800781
vn 0.212402344 0.861328125 -0.461914062
vn -0.0388793945 0.677734375 -0.734375
vn 0.304443359 0.71484375 -0.629394531
vn -0.312988281 0.407958984 -0.857910156
vn -0.00360679626 0.486572266 -0.873535156
vn -0.947753906 0.161132812 0.275390625
vn -0.909667969 0.391113281 0.141357422
vn -0.793457031 0.363769531 0.487792969
vn -0.755859375 0.155517578 0.636230469
vn -0.973144531 -0.00385856628 0.231079102
vn -0.784667969 0.00523757935 0.619628906
vn -0.942871094 -0.154052734 0.295654297
vn -0.860351562 -0.139526367 0.490478516
vn -0.750976562 -0.162719727 0.639648438
vn -0.854980469 -0.268798828 0.443115234
vn -0.848144531 -0.380371094 0.369384766
vn -0.767578125 -0.324462891 0.552246094
vn -0.626464844 -0.119567871 0.770019531
vn -0.815917969 -0.549804688 0.180053711
vn -0.657714844 -0.230224609 0.717285156
vn -0.751953125 -0.430664062 0.499511719
vn -0.62109375 -0.231445312 0.748535156
vn -0.701171875 -0.561035156 0.439941406
vn -0.540039062 -0.386474609 0.747558594
vn -0.565429688 -0.7578125 0.325195312
vn -0.395751953 -0.702636719 0.591308594
vn -0.297851562 -0.225585938 0.927734375
vn -0.00314903259 -0.604003906 0.797363281
vn 0.287109375 0.802734375 0.522949219
vn 0.0640869141 0.719238281 0.691894531
vn -0.0207977295 0.8515625 0.5234375
vn 0.33984375 0.641113281 0.687988281
vn 0.581054688 -0.768554688 0.267333984
vn 0.486328125 -0.483886719 0.727539062
vn 0.801757812 -0.399658203 0.444091797
vn 0.583007812 -0.0149765015 0.812011719
vn 0.267822266 -0.0112686157 0.963378906
vn 0.44140625 0.233154297 0.866699219
vn 0.748046875 -0.0195770264 0.663574219
vn 0.875488281 -0.0731201172 0.477539062
vn 0.666503906 0.182006836 0.72265625
vn 0.350341797 0.217895508 0.910644531
vn 0.794433594 0.127075195 0.59375
vn 0.530761719 0.20715332 0.821777344
vn 0.640136719 0.237060547 0.730957031
vn 0.326904297 0.22644043 0.917480469
vn 0.484375 0.2734375 0.831054688
vn 0.297119141 0.335693359 0.894042969
vn 0.48828125 0.416015625 0.767089844
vn 0.671875 0.357910156 0.6484375
vn 0.694824219 0.500488281 0.516601562
vn 0.839355469 0.420898438 0.343505859
vn 0.430175781 0.524414062 0.734863281
vn 0.615234375 0.602050781 0.508789062
vn 0.33984375 0.641113281 0.687988281
vn 0.8046875 0.562011719 0.190917969
vn 0.499511719 0.718261719 0.484375
vn 0.33984375 0.641113281 0.687988281
vn 0.287109375 0.802734375 0.522949219
vn 0.615234375 0.602050781 0.508789062
vn 0.712402344 0.668457031 0.214355469
vn 0.572265625 0.781738281 0.248046875
vn 0.8046875 0.562011719 0.190917969
vn 0.7890625 0.591796875 -0.164550781
vn 0.887207031 0.459716797 -0.0350952148
vn 0.839355469 0.420898438 0.343505859
vn 0.694824219 0.500488281 0.516601562
vn 0.937988281 0.344238281 0.0437316895
vn 0.921386719 0.347900391 -0.172973633
vn 0.94921875 0.245361328 -0.197265625
vn 0.981445312 0.190429688 -0.0241394043
vn 0.968261719 0.112487793 -0.22253418
vn 0.942871094 -0.0101165771 -0.332763672
vn 0.915527344 0.337890625 0.21875
vn 0.999023438 0.0378417969 0.0266876221
vn 0.975585938 -0.131469727 -0.176757812
vn 0.872558594 0.282226562 0.3984375
vn 0.671875 0.357910156 0.6484375
vn 0.958496094 0.196289062 0.205932617
vn 0.935058594 0.127319336 0.330322266
vn 0.983398438 -0.0424499512 0.176269531
vn 0.780761719 0.261474609 0.567382812
vn 0.842285156 0.151123047 0.517578125
vn 0.909667969 0.044342041 0.412597656
vn 0.794433594 0.127075195 0.59375
vn 0.640136719 0.237060547 0.730957031
vn 0.484375 0.2734375 0.831054688
vn 0.768554688 0.320800781 -0.553710938
vn 0.868164062 0.345458984 -0.356201172
vn 0.790527344 0.454101562 -0.410644531
vn 0.645507812 0.291015625 -0.706054688
vn 0.564941406 0.404296875 -0.719238281
vn 0.640625 0.586914062 -0.494873047
vn 0.7890625 0.591796875 -0.164550781
vn 0.695800781 0.710449219 -0.106689453
vn 0.364501953 0.551269531 -0.750488281
vn 0.557128906 0.725585938 -0.404052734
vn 0.556640625 0.830078125 -0.0306396484
vn 0.441894531 0.8515625 -0.282226562
vn 0.304443359 0.71484375 -0.629394531
vn 0.260986328 0.957519531 -0.124389648
vn 0.387695312 0.896972656 0.212890625
vn 0.212402344 0.861328125 -0.461914062
vn -0.10559082 0.944824219 -0.310302734
vn -0.0173034668 0.999511719 -0.0141372681
vn -0.291259766 0.956542969 0.00435638428
vn -0.00360679626 0.486572266 -0.873535156
vn -0.0388793945 0.677734375 -0.734375
vn 0.125366211 0.299560547 -0.945800781
vn 0.31640625 0.344482422 -0.883789062
vn 0.31640625 0.344482422 -0.883789062
vn 0.564941406 0.404296875 -0.719238281
vn 0.364501953 0.551269531 -0.750488281
vn 0.311035156 0.190307617 -0.931152344
vn 0.106018066 0.129882812 -0.985839844
vn 0.116821289 -0.00481796265 -0.993164062
vn -0.0995483398 -0.0451965332 -0.994140625
vn 0.479736328 0.232788086 -0.845703125
vn 0.645507812 0.291015625 -0.706054688
vn 0.504882812 0.0803222656 -0.859375
vn 0.304443359 0.0366210938 -0.951660156
vn 0.650390625 0.186035156 -0.736328125
vn 0.768554688 0.320800781 -0.553710938
vn 0.102783203 -0.826660156 -0.552734375
vn 0.401855469 -0.760742188 -0.509277344
vn 0.182128906 -0.663574219 -0.725585938
vn 0.430664062 -0.606445312 -0.66796875
vn 0.649902344 -0.556640625 -0.517578125
vn 0.658203125 -0.690917969 -0.299316406
vn 0.807617188 -0.494873047 -0.320556641
vn 0.879394531 -0.333496094 -0.33984375
vn 0.703613281 -0.393310547 -0.591796875
vn 0.842773438 -0.19128418 -0.502929688
vn 0.448730469 -0.450683594 -0.771972656
vn 0.597167969 -0.245727539 -0.763671875
vn 0.145996094 -0.512207031 -0.846191406
vn -0.0751953125 -0.719726562 -0.689941406
vn -0.162475586 -0.573242188 -0.803222656
vn 0.2734375 -0.303710938 -0.912597656
vn 0.416748047 -0.109191895 -0.90234375
vn 0.736328125 -0.0603027344 -0.673828125
vn 0.942871094 -0.0101165771 -0.332763672
vn 0.898925781 0.100830078 -0.426757812
vn 0.803222656 0.085144043 -0.589355469
vn 0.889160156 0.22644043 -0.397949219
vn 0.654785156 0.0447998047 -0.754394531
vn 0.788574219 0.205200195 -0.579589844
vn 0.868164062 0.345458984 -0.356201172
vn 0.768554688 0.320800781 -0.553710938
vn 0.650390625 0.186035156 -0.736328125
vn 0.504882812 0.0803222656 -0.859375
vn 0.304443359 0.0366210938 -0.951660156
vn 0.524414062 0.129638672 -0.841796875
vn 0.611328125 0.317626953 -0.725097656
vn 0.323730469 0.406005859 -0.854492188
vn 0.324707031 0.188720703 -0.926757812
vn 0.497314453 -0.0180358887 -0.867675781
vn 0.00360679626 0.486572266 -0.873535156
vn 0.305664062 0.0131225586 -0.952148438
vn 0.522460938 -0.142700195 -0.840820312
vn 0.104492188 0.232421875 -0.966796875
vn -0.125366211 0.299560547 -0.945800781
vn 0.0997314453 0.0837402344 -0.991699219
vn -0.106018066 0.129882812 -0.985839844
vn -0.31640625 0.344482422 -0.883789062
vn 0.099609375 -0.0452270508 -0.994140625
vn 0.270751953 -0.109130859 -0.956542969
vn 0.295898438 -0.241210938 -0.924316406
vn 0.580078125 -0.321289062 -0.748535156
vn -0.116821289 -0.00481796265 -0.993164062
vn -0.311035156 0.190307617 -0.931152344
vn -0.304443359 0.0366210938 -0.951660156
vn -0.0534057617 -0.168945312 -0.984375
vn -0.416748047 -0.109191895 -0.90234375
vn -0.2734375 -0.303710938 -0.912597656
vn 0.316650391 -0.418212891 -0.8515625
vn 0.513183594 -0.473632812 -0.715820312
vn 0.058807373 -0.362304688 -0.930175781
vn 0.164306641 -0.567871094 -0.806640625
vn 0.415039062 -0.625488281 -0.660644531
vn 0.177734375 -0.748046875 -0.639648438
vn -0.11517334 -0.684570312 -0.719726562
vn -0.148925781 -0.5078125 -0.848632812
vn -0.445800781 -0.454101562 -0.771484375
vn -0.422607422 -0.610351562 -0.669921875
vn 0.404541016 0.590332031 -0.698242188
vn 0.611328125 0.317626953 -0.725097656
vn 0.706542969 0.482666016 -0.517578125
vn 0.505859375 0.735839844 -0.449951172
vn 0.302734375 0.789550781 -0.533691406
vn 0.108947754 0.944824219 -0.309570312
vn 0.456542969 0.865234375 -0.20715332
vn 0.709960938 0.655761719 -0.2578125
vn 0.876953125 0.415039062 -0.241699219
vn 0.841796875 0.228881836 -0.488769531
vn 0.80078125 0.598632812 0.0159454346
vn 0.62109375 0.77734375 0.0998535156
vn 0.289794922 0.95703125 0.00367546082
vn 0.410888672 0.880859375 0.234375
vn 0.14453125 -0.883789062 -0.4453125
vn 0.374023438 -0.793945312 -0.479248047
vn 0.177734375 -0.748046875 -0.639648438
vn 0.484619141 -0.823242188 -0.296142578
vn 0.591796875 -0.671386719 -0.446289062
vn 0.345703125 -0.919921875 -0.184692383
vn 0.695800781 -0.696289062 -0.17590332
vn 0.5703125 -0.819335938 -0.061706543
vn 0.577148438 -0.798828125 0.169555664
vn 0.730957031 -0.670410156 0.125854492
vn 0.577148438 -0.798828125 0.169555664
vn 0.345703125 -0.919921875 -0.184692383
vn 0.366943359 -0.928710938 0.0568237305
vn 0.0930786133 -0.991699219 -0.0881347656
vn 0.0421447754 -0.954101562 -0.297119141
vn 0.14453125 -0.883789062 -0.4453125
vn -0.248901367 -0.891113281 -0.379638672
vn 0.258544922 -0.942382812 0.212280273
vn 0.500976562 -0.741699219 0.446044922
vn 0.23046875 -0.672363281 0.703125
vn -0.192993164 -0.961425781 -0.196411133
vn -0.161865234 -0.985839844 0.0426025391
vn 0.0673828125 -0.940429688 0.333251953
vn -0.274414062 -0.884277344 0.378417969
vn -0.101196289 -0.580566406 0.808105469
vn -0.495849609 -0.480224609 0.723632812
vn -0.581054688 -0.774414062 0.25
vn -0.802246094 -0.404785156 0.438476562
vn -0.434814453 -0.899902344 -0.0351867676
vn -0.734375 -0.678222656 0.0216064453
vn -0.494384766 -0.840820312 -0.221069336
vn -0.658203125 -0.693847656 -0.292724609
vn -0.401855469 -0.759765625 -0.511230469
vn 0.513183594 0.700195312 0.496337891
vn 0.313720703 0.831542969 0.458251953
vn 0.410888672 0.880859375 0.234375
vn 0.127685547 0.953125 0.273925781
vn 0.289794922 0.95703125 0.00367546082
vn 0.0663452148 0.842773438 0.534179688
vn 0.0170593262 0.999511719 -0.0140914917
vn -0.129516602 0.915039062 0.382568359
vn -0.140380859 0.977050781 0.161010742
vn 0.0434875488 0.161621094 0.985839844
vn 0.307128906 0.0328979492 0.951171875
vn 0.287597656 -0.21081543 0.934082031
vn 0.0130157471 -0.127197266 0.991699219
vn 0.23046875 -0.672363281 0.703125
vn -0.101196289 -0.580566406 0.808105469
vn -0.270751953 -0.00352668762 0.962402344
vn -0.170166016 0.204711914 0.963867188
vn -0.495849609 -0.480224609 0.723632812
vn 0.0663452148 0.842773438 0.534179688
vn -0.283203125 0.802246094 0.525390625
vn -0.129516602 0.915039062 0.382568359
vn -0.387695312 0.896972656 0.212890625
vn -0.572265625 0.781738281 0.248046875
vn -0.695800781 0.710449219 -0.106689453
vn -0.572265625 0.781738281 0.248046875
vn -0.712402344 0.668457031 0.214355469
vn -0.7890625 0.591796875 -0.164550781
vn -0.557128906 0.725585938 -0.404052734
vn -0.556640625 0.830078125 -0.0306396484
vn -0.695800781 0.710449219 -0.106689453
vn -0.441894531 0.8515625 -0.282226562
vn -0.304443359 0.71484375 -0.629394531
vn -0.364501953 0.551269531 -0.750488281
vn -0.640625 0.586914062 -0.494873047
vn -0.422607422 -0.610351562 -0.669921875
vn -0.703613281 -0.393310547 -0.591796875
vn -0.649902344 -0.556640625 -0.517578125
vn -0.445800781 -0.454101562 -0.771484375
vn -0.597167969 -0.245727539 -0.763671875
vn -0.842773438 -0.19128418 -0.502929688
vn -0.2734375 -0.303710938 -0.912597656
vn -0.736328125 -0.0603027344 -0.673828125
vn -0.416748047 -0.109191895 -0.90234375
vn -0.654785156 0.0447998047 -0.754394531
vn -0.504882812 0.0803222656 -0.859375
vn -0.304443359 0.0366210938 -0.951660156
vn -0.650390625 0.186035156 -0.736328125
vn -0.645507812 0.291015625 -0.706054688
vn -0.311035156 0.190307617 -0.931152344
vn -0.479736328 0.232788086 -0.845703125
vn -0.564941406 0.404296875 -0.719238281
vn -0.422607422 -0.610351562 -0.669921875
vn -0.401855469 -0.759765625 -0.511230469
vn -0.11517334 -0.684570312 -0.719726562
vn -0.105773926 -0.822265625 -0.559082031
vn 0.177734375 -0.748046875 -0.639648438
vn -0.248901367 -0.891113281 -0.379638672
vn 0.14453125 -0.883789062 -0.4453125
vn -0.00360679626 0.486572266 -0.873535156
vn -0.312988281 0.407958984 -0.857910156
vn -0.320068359 0.186279297 -0.928710938
vn -0.104492188 0.232421875 -0.966796875
vn -0.305908203 0.013168335 -0.952148438
vn -0.0997314453 0.0837402344 -0.991699219
vn 0.125366211 0.299560547 -0.945800781
vn 0.106018066 0.129882812 -0.985839844
vn 0.31640625 0.344482422 -0.883789062
vn -0.0995483398 -0.0451965332 -0.994140625
vn -0.270507812 -0.109069824 -0.956542969
vn -0.295898438 -0.241210938 -0.924316406
vn 0.0534362793 -0.168945312 -0.984375
vn 0.116821289 -0.00481796265 -0.993164062
vn -0.0584411621 -0.362060547 -0.930175781
vn -0.316650391 -0.418212891 -0.851074219
vn -0.162475586 -0.573242188 -0.803222656
vn 0.145996094 -0.512207031 -0.846191406
vn 0.2734375 -0.303710938 -0.912597656
vn 0.416748047 -0.109191895 -0.90234375
vn 0.304443359 0.0366210938 -0.951660156
vn 0.311035156 0.190307617 -0.931152344
vn 0.479736328 0.232788086 -0.845703125
vn -0.379882812 0.767578125 -0.515625
vn -0.626953125 0.690429688 -0.360595703
vn -0.65234375 0.499755859 -0.569824219
vn -0.408203125 0.591308594 -0.695800781
vn -0.692871094 0.280029297 -0.664550781
vn -0.811035156 0.435058594 -0.390625
vn -0.535644531 0.332519531 -0.776367188
vn -0.312988281 0.407958984 -0.857910156
vn -0.851074219 0.21862793 -0.477050781
vn -0.900390625 0.402832031 -0.163574219
vn -0.971191406 0.181396484 -0.153320312
vn -0.525390625 0.128662109 -0.841308594
vn -0.320068359 0.186279297 -0.928710938
vn -0.686523438 0.0847167969 -0.722167969
vn -0.838867188 0.0516357422 -0.541992188
vn -0.979492188 0.0204620361 -0.200195312
vn -0.893066406 -0.0838623047 -0.441894531
vn -0.495849609 -0.0183258057 -0.868164062
vn -0.305908203 0.013168335 -0.952148438
vn -0.514160156 -0.140258789 -0.846191406
vn -0.270507812 -0.109069824 -0.956542969
vn -0.295898438 -0.241210938 -0.924316406
vn -0.649414062 -0.0450134277 -0.759277344
vn -0.751464844 -0.0870361328 -0.653808594
vn -0.866699219 -0.179931641 -0.465576172
vn -0.703613281 -0.201171875 -0.681640625
vn -0.83203125 -0.281005859 -0.478027344
vn -0.5859375 -0.322998047 -0.743164062
vn -0.316650391 -0.418212891 -0.851074219
vn -0.77734375 -0.405273438 -0.481201172
vn -0.514648438 -0.475830078 -0.713378906
vn -0.162475586 -0.573242188 -0.803222656
vn -0.698242188 -0.540527344 -0.469238281
vn -0.414550781 -0.633789062 -0.653320312
vn -0.590332031 -0.6796875 -0.435058594
vn -0.414550781 -0.633789062 -0.653320312
vn -0.0751953125 -0.719726562 -0.689941406
vn -0.162475586 -0.573242188 -0.803222656
vn -0.294189453 -0.768066406 -0.569335938
vn -0.590332031 -0.6796875 -0.435058594
vn -0.65234375 0.499755859 -0.569824219
vn -0.626953125 0.690429688 -0.360595703
vn -0.811035156 0.435058594 -0.390625
vn -0.770019531 0.624511719 -0.130249023
vn -0.900390625 0.402832031 -0.163574219
vn -0.791503906 0.581542969 0.186645508
vn -0.624511719 0.773925781 0.104431152
vn -0.909667969 0.391113281 0.141357422
vn -0.971191406 0.181396484 -0.153320312
vn -0.947753906 0.161132812 0.275390625
vn -0.979492188 0.0204620361 -0.200195312
vn -0.973144531 -0.00385856628 0.231079102
vn -0.975585938 -0.126342773 -0.180541992
vn -0.893066406 -0.0838623047 -0.441894531
vn -0.866699219 -0.179931641 -0.465576172
vn -0.987304688 -0.153198242 0.0452270508
vn -0.942871094 -0.154052734 0.295654297
vn -0.946777344 -0.227050781 -0.228393555
vn -0.83203125 -0.281005859 -0.478027344
vn -0.966796875 -0.255371094 0.00979614258
vn -0.926269531 -0.348632812 -0.142211914
vn -0.77734375 -0.405273438 -0.481201172
vn -0.934570312 -0.270996094 0.229980469
vn -0.860351562 -0.139526367 0.490478516
vn -0.854980469 -0.268798828 0.443115234
vn -0.915527344 -0.362304688 0.174438477
vn -0.848144531 -0.380371094 0.369384766
vn -0.872070312 -0.461425781 -0.162963867
vn -0.698242188 -0.540527344 -0.469238281
vn -0.872558594 -0.475830078 0.111877441
vn -0.815917969 -0.549804688 0.180053711
vn -0.794921875 -0.583007812 -0.169189453
vn -0.590332031 -0.6796875 -0.435058594
vn -0.69140625 -0.702636719 -0.169311523
vn -0.732421875 -0.668945312 0.127075195
vn -0.751953125 -0.430664062 0.499511719
vn -0.701171875 -0.561035156 0.439941406
vn -0.590332031 -0.6796875 -0.435058594
vn -0.447021484 -0.809570312 -0.380859375
vn -0.294189453 -0.768066406 -0.569335938
vn -0.69140625 -0.702636719 -0.169311523
vn -0.545410156 -0.819824219 -0.174804688
vn -0.732421875 -0.668945312 0.127075195
vn -0.342529297 -0.920898438 -0.186035156
vn -0.148925781 -0.888671875 -0.43359375
vn -0.587402344 -0.807128906 0.0640869141
vn -0.701171875 -0.561035156 0.439941406
vn -0.565429688 -0.7578125 0.325195312
vn -0.352050781 -0.934570312 0.0465698242
vn -0.113586426 -0.982421875 -0.149658203
vn -0.0150985718 -0.946777344 -0.322265625
vn 0.0246734619 -0.999511719 0.00834655762
vn -0.268554688 -0.940917969 0.205322266
vn -0.395751953 -0.702636719 0.591308594
vn -0.0408325195 -0.94140625 0.334472656
vn -0.00314903259 -0.604003906 0.797363281
vn 0.287109375 0.802734375 0.522949219
vn 0.572265625 0.781738281 0.248046875
vn 0.499511719 0.718261719 0.484375
vn 0.387695312 0.896972656 0.212890625
vn 0.556640625 0.830078125 -0.0306396484
vn 0.695800781 0.710449219 -0.106689453
vn 0.712402344 0.668457031 0.214355469
vn 0.237426758 -0.81640625 0.526367188
vn 0.123291016 -0.579589844 0.805664062
vn 0.448242188 -0.479492188 0.754394531
vn -0.101379395 -0.855957031 0.507324219
vn -0.21484375 -0.642089844 0.735839844
vn -0.459716797 -0.684570312 0.565917969
vn 0.165771484 -0.953613281 0.251464844
vn 0.593261719 -0.721679688 0.356689453
vn 0.354980469 -0.934570312 0.0164794922
vn 0.00964355469 -0.992675781 -0.121704102
vn -0.111755371 -0.979980469 0.163696289
vn -0.355224609 -0.900390625 0.250488281
vn -0.338623047 -0.936523438 -0.0916137695
vn -0.666992188 -0.675292969 0.314941406
vn -0.717285156 -0.454589844 0.527832031
vn -0.668457031 -0.743652344 0.0064125061
vn -0.595703125 -0.71875 -0.358398438
vn 0.791503906 -0.324951172 0.517578125
vn 0.610351562 0.0121841431 0.791992188
vn 0.850585938 0.082824707 0.51953125
vn 0.758789062 0.392578125 0.520019531
vn 0.916015625 0.361572266 0.173828125
vn 0.767089844 0.61328125 0.187988281
vn 0.543457031 0.321044922 0.775390625
vn 0.229248047 0.119628906 0.965820312
vn 0.574707031 0.660644531 0.483154297
vn 0.495361328 0.848632812 0.186157227
vn 0.389160156 0.5703125 0.723144531
vn 0.201904297 0.831054688 0.518066406
vn 0.916015625 0.361572266 0.173828125
vn 0.767089844 0.61328125 0.187988281
vn 0.788574219 0.561035156 -0.251464844
vn 0.939453125 0.247070312 -0.236572266
vn 0.991210938 0.00044798851 0.132568359
vn 0.916992188 -0.136230469 -0.374755859
vn 0.8984375 -0.433837891 0.0689697266
vn 0.723632812 -0.594726562 -0.350097656
vn -0.0746459961 0.934570312 0.348144531
vn -0.475097656 0.797851562 0.37109375
vn -0.342773438 0.920898438 0.184814453
vn -0.153808594 0.75390625 0.639160156
vn 0.201904297 0.831054688 0.518066406
vn -0.506835938 0.549804688 0.6640625
vn -0.746582031 0.577636719 0.330322266
vn -0.76171875 0.647949219 -0.00410461426
vn -0.490234375 0.87109375 -0.031829834
vn 0.939453125 0.247070312 -0.236572266
vn 0.739257812 0.346679688 -0.577148438
vn 0.916992188 -0.136230469 -0.374755859
vn 0.589355469 0.0534667969 -0.806152344
vn 0.430419922 0.407714844 -0.805175781
vn 0.133422852 0.235473633 -0.962890625
vn 0.328125 -0.196655273 -0.923828125
vn 0.6484375 -0.349609375 -0.67578125
vn 0.723632812 -0.594726562 -0.350097656
vn 0.396972656 -0.614746094 -0.681640625
vn 0.245605469 -0.880371094 -0.405761719
vn 0.723632812 -0.594726562 -0.350097656
vn 0.396972656 -0.614746094 -0.681640625
vn 0.601074219 -0.787109375 -0.139648438
vn 0.354980469 -0.934570312 0.0164794922
vn 0.00964355469 -0.992675781 -0.121704102
vn -0.0117721558 -0.798339844 -0.602050781
vn -0.265380859 -0.878417969 -0.397949219
vn -0.422607422 -0.589355469 -0.688476562
vn -0.595703125 -0.71875 -0.358398438
vn -0.338623047 -0.936523438 -0.0916137695
vn -0.111755371 -0.979980469 0.163696289
vn 0.163574219 0.701171875 -0.693847656
vn -0.107727051 0.658203125 -0.745117188
vn 0.133422852 0.235473633 -0.962890625
vn -0.234130859 0.254882812 -0.937988281
vn -0.548339844 0.46484375 -0.6953125
vn -0.408203125 0.703125 -0.58203125
vn -0.210449219 0.919433594 -0.332519531
vn -0.605957031 0.729980469 -0.315429688
vn 0.133422852 0.235473633 -0.962890625
vn -0.190185547 -0.0497131348 -0.98046875
vn 0.0266723633 -0.250976562 -0.967773438
vn -0.234130859 0.254882812 -0.937988281
vn -0.190185547 -0.0497131348 -0.98046875
vn -0.534179688 -0.162109375 -0.829589844
vn -0.272216797 -0.377441406 -0.885253906
vn 0.0266723633 -0.250976562 -0.967773438
vn 0.0553588867 -0.556152344 -0.829101562
vn -0.422607422 -0.589355469 -0.688476562
vn -0.0117721558 -0.798339844 -0.602050781
vn 0.328125 -0.196655273 -0.923828125
vn 0.133422852 0.235473633 -0.962890625
vn 0.396972656 -0.614746094 -0.681640625
vn 0.245605469 -0.880371094 -0.405761719
vn -0.408203125 0.703125 -0.58203125
vn -0.605957031 0.729980469 -0.315429688
vn -0.548339844 0.46484375 -0.6953125
vn -0.839355469 0.398925781 -0.369628906
vn -0.76171875 0.647949219 -0.00410461426
vn -0.855957031 0.0569152832 -0.513671875
vn -0.599609375 0.122924805 -0.790527344
vn -0.758789062 -0.350341797 -0.549316406
vn -0.234130859 0.254882812 -0.937988281
vn -0.534179688 -0.162109375 -0.829589844
vn -0.190185547 -0.0497131348 -0.98046875
vn -0.758789062 -0.350341797 -0.549316406
vn -0.8828125 -0.43359375 -0.179199219
vn -0.595703125 -0.71875 -0.358398438
vn -0.668457031 -0.743652344 0.0064125061
vn -0.978027344 -0.0985107422 0.184082031
vn -0.838378906 -0.13269043 0.528808594
vn -0.887695312 -0.413818359 0.202392578
vn -0.8828125 -0.43359375 -0.179199219
vn -0.668457031 -0.743652344 0.0064125061
vn -0.666992188 -0.675292969 0.314941406
vn -0.717285156 -0.454589844 0.527832031
vn -0.982421875 -0.0420837402 -0.182983398
vn -0.758789062 -0.350341797 -0.549316406
vn -0.855957031 0.0569152832 -0.513671875
vn -0.839355469 0.398925781 -0.369628906
vn -0.951171875 0.308837891 -0.0131225586
vn -0.924316406 0.237426758 0.298583984
vn -0.76171875 0.647949219 -0.00410461426
vn -0.746582031 0.577636719 0.330322266
vn -0.459716797 -0.684570312 0.565917969
vn -0.717285156 -0.454589844 0.527832031
vn -0.544921875 -0.285400391 0.788574219
vn -0.21484375 -0.642089844 0.735839844
vn -0.113952637 -0.412597656 0.903808594
vn -0.301025391 -0.132080078 0.944335938
vn 0.0626831055 -0.168823242 0.983886719
vn 0.123291016 -0.579589844 0.805664062
vn 0.430908203 -0.248291016 0.867675781
vn 0.448242188 -0.479492188 0.754394531
vn -0.544921875 -0.285400391 0.788574219
vn -0.528808594 0.182250977 0.828613281
vn -0.301025391 -0.132080078 0.944335938
vn -0.189575195 0.328125 0.925292969
vn -0.506835938 0.549804688 0.6640625
vn 0.0626831055 -0.168823242 0.983886719
vn -0.153808594 0.75390625 0.639160156
vn 0.229248047 0.119628906 0.965820312
vn 0.430908203 -0.248291016 0.867675781
vn 0.117797852 0.497802734 0.859375
vn 0.201904297 0.831054688 0.518066406
vn 0.389160156 0.5703125 0.723144531
vn 0.543457031 0.321044922 0.775390625
vn 0.767089844 0.61328125 0.187988281
vn 0.600585938 0.781738281 -0.167236328
vn 0.788574219 0.561035156 -0.251464844
vn 0.449462891 0.734375 -0.508300781
vn 0.247192383 0.959472656 -0.134155273
vn 0.495361328 0.848632812 0.186157227
vn 0.141967773 0.919433594 -0.366699219
vn 0.163574219 0.701171875 -0.693847656
vn 0.739257812 0.346679688 -0.577148438
vn 0.939453125 0.247070312 -0.236572266
vn 0.430419922 0.407714844 -0.805175781
vn 0.133422852 0.235473633 -0.962890625
vn -0.107727051 0.658203125 -0.745117188
vn 0.163574219 0.701171875 -0.693847656
vn 0.141967773 0.919433594 -0.366699219
vn -0.210449219 0.919433594 -0.332519531
vn 0.247192383 0.959472656 -0.134155273
vn -0.11895752 0.992675781 -0.00150489807
vn 0.172729492 0.97265625 0.156738281
vn 0.495361328 0.848632812 0.186157227
vn 0.201904297 0.831054688 0.518066406
vn -0.0746459961 0.934570312 0.348144531
vn -0.342773438 0.920898438 0.184814453
vn -0.490234375 0.87109375 -0.031829834
vn -0.475097656 0.797851562 0.37109375
vn -0.605957031 0.729980469 -0.315429688
vn -0.76171875 0.647949219 -0.00410461426
vn -0.534179688 -0.162109375 -0.829589844
vn -0.422607422 -0.589355469 -0.688476562
vn -0.272216797 -0.377441406 -0.885253906
vn -0.758789062 -0.350341797 -0.549316406
vn -0.595703125 -0.71875 -0.358398438
vn -0.838378906 -0.13269043 0.528808594
vn -0.978027344 -0.0985107422 0.184082031
vn -0.924316406 0.237426758 0.298583984
vn -0.773925781 0.192871094 0.603027344
vn -0.746582031 0.577636719 0.330322266
vn -0.506835938 0.549804688 0.6640625
vn -0.528808594 0.182250977 0.828613281
vn -0.544921875 -0.285400391 0.788574219
vn -0.717285156 -0.454589844 0.527832031
vn -0.887695312 -0.413818359 0.202392578
vn 0.293457031 0.865234375 -0.406738281
vn 0.417724609 0.807128906 -0.416992188
vn 0.464111328 0.8671875 -0.181030273
vn 0.236328125 0.704589844 -0.669433594
vn 0.118469238 0.735839844 -0.666503906
vn 0.150878906 0.902832031 -0.402832031
vn -1.84774399E-06 0.745605469 -0.666015625
vn 0.341796875 0.650878906 -0.677734375
vn 0.525390625 0.732910156 -0.432373047
vn 0.424804688 0.58203125 -0.693359375
vn 0.625976562 0.637207031 -0.449707031
vn 0.489257812 0.500976562 -0.713867188
vn 0.720214844 0.510742188 -0.469238281
vn 0.544433594 0.404785156 -0.734863281
vn 0.306884766 0.395996094 -0.865234375
vn 0.351318359 0.341064453 -0.872070312
vn 0.243896484 0.4453125 -0.861328125
vn 0.164794922 0.484375 -0.859375
vn 0.0809326172 0.5078125 -0.857910156
vn -1.60932541E-06 0.515136719 -0.856933594
vn -0.0809326172 0.5078125 -0.857910156
vn -0.118469238 0.735839844 -0.666503906
vn -0.164794922 0.484375 -0.859375
vn -0.236328125 0.704589844 -0.669433594
vn -0.243896484 0.4453125 -0.861328125
vn -0.150878906 0.902832031 -0.402832031
vn -0.341796875 0.650878906 -0.677734375
vn -0.306884766 0.395996094 -0.865234375
vn -0.424804688 0.58203125 -0.693359375
vn -0.293457031 0.865234375 -0.406738281
vn -0.168701172 0.969726562 -0.177856445
vn -0.324951172 0.928222656 -0.180419922
vn -0.417724609 0.807128906 -0.416992188
vn -0.525390625 0.732910156 -0.432373047
vn -0.489257812 0.500976562 -0.713867188
vn -0.625976562 0.637207031 -0.449707031
vn -0.464111328 0.8671875 -0.181030273
vn -0.343261719 0.938964844 -0.0164642334
vn -0.594238281 0.784667969 -0.177246094
vn -0.495605469 0.868652344 -0.00937652588
vn 0.256591797 0.615722656 0.745117188
vn 0.373046875 0.552246094 0.745605469
vn 0.27734375 0.396728516 0.875
vn 0.353027344 0.329833984 0.875488281
vn 0.475585938 0.465087891 0.746582031
vn 0.211914062 0.172607422 0.961914062
vn 0.248535156 0.119934082 0.9609375
vn 0.414794922 0.247192383 0.875488281
vn 0.274902344 0.0587158203 0.959472656
vn 0.459716797 0.150512695 0.875
vn 0.289550781 -0.00888061523 0.95703125
vn 0.485107422 0.0431518555 0.873535156
vn 0.0980834961 0.00274658203 0.995117188
vn 0.109558105 -0.0244445801 0.993652344
vn 0.116271973 -0.0550231934 0.991699219
vn 0.0827636719 0.0255584717 0.99609375
vn 0.166748047 0.21496582 0.962402344
vn 1.78813934E-07 -0.0928955078 0.995605469
vn 0.117492676 -0.0873413086 0.989257812
vn 0.064453125 0.0434875488 0.997070312
vn 0.113037109 -0.11920166 0.986328125
vn 0.292236328 -0.0795288086 0.953125
vn 0.282714844 -0.14855957 0.947753906
vn 0.103393555 -0.1484375 0.983398438
vn 0.0895385742 -0.173339844 0.980957031
vn 0.114990234 0.24609375 0.962402344
vn 0.190917969 0.445556641 0.874511719
vn 0.0440673828 0.0563049316 0.997558594
vn 0.0972900391 0.475341797 0.874511719
vn 0.130615234 0.654785156 0.744628906
vn -1.49011612E-06 0.66796875 0.744140625
vn 0.0586547852 0.265136719 0.962402344
vn -1.96695328E-06 0.485351562 0.874511719
vn -0.130615234 0.654785156 0.744628906
vn 0.022354126 0.0640258789 0.997558594
vn -0.0972900391 0.475341797 0.874511719
vn -0.256591797 0.615722656 0.745117188
vn -2.08616257E-06 0.271484375 0.962402344
vn -7.74860382E-07 0.0665283203 0.997558594
vn -0.190917969 0.445556641 0.874511719
vn -0.373046875 0.552246094 0.745605469
vn -0.27734375 0.396728516 0.875
vn -0.0586547852 0.265136719 0.962402344
vn -0.022354126 0.0640258789 0.997558594
vn -0.0440673828 0.0563049316 0.997558594
vn -0.064453125 0.0434875488 0.997070312
vn -0.114990234 0.24609375 0.962402344
vn -0.166748047 0.21496582 0.962402344
vn -0.353027344 0.329833984 0.875488281
vn -0.211914062 0.172607422 0.961914062
vn -0.414794922 0.247192383 0.875488281
vn -0.0827636719 0.0255584717 0.99609375
vn -0.248535156 0.119934082 0.9609375
vn -0.459716797 0.150512695 0.875
vn -0.0980834961 0.00274658203 0.995117188
vn -0.274902344 0.0587158203 0.959472656
vn -0.109558105 -0.0244445801 0.993652344
vn -0.485107422 0.0431518555 0.873535156
vn -0.655761719 0.0935668945 0.749511719
vn -0.289550781 -0.00888061523 0.95703125
vn -0.489013672 -0.0697631836 0.869628906
vn -0.116271973 -0.0550231934 0.991699219
vn -0.292236328 -0.0795288086 0.953125
vn -0.117492676 -0.0873413086 0.989257812
vn -0.472412109 -0.179931641 0.862792969
vn -0.6328125 -0.193847656 0.749511719
vn -0.113037109 -0.11920166 0.986328125
vn -0.103393555 -0.1484375 0.983398438
vn -0.0895385742 -0.173339844 0.980957031
vn -0.282714844 -0.14855957 0.947753906
vn -0.58203125 -0.320068359 0.747558594
vn -0.705078125 -0.334228516 0.625488281
vn -0.621582031 -0.467285156 0.628417969
vn -0.262451172 -0.210571289 0.941894531
vn -0.438720703 -0.277832031 0.854492188
vn -0.232910156 -0.262695312 0.936523438
vn -0.517089844 -0.425292969 0.742675781
vn -0.392333984 -0.358154297 0.847167969
vn -0.194458008 -0.305419922 0.932128906
vn -0.331787109 -0.42578125 0.841796875
vn -0.436767578 -0.519042969 0.734863281
vn -0.516601562 -0.58984375 0.620605469
vn -0.591796875 -0.643066406 0.485839844
vn -0.721191406 -0.493896484 0.485351562
vn -0.377441406 -0.705566406 0.599609375
vn -0.329833984 -0.611816406 0.71875
vn -0.253417969 -0.486816406 0.8359375
vn -0.204101562 -0.69140625 0.692871094
vn -0.16418457 -0.537109375 0.827148438
vn -0.0727539062 -0.193359375 0.978515625
vn -0.148071289 -0.340087891 0.928710938
vn -0.0975341797 -0.365966797 0.925292969
vn -0.0780639648 -0.569335938 0.818359375
vn -0.0542602539 -0.208496094 0.9765625
vn -0.0476379395 -0.381835938 0.922851562
vn -0 -0.580078125 0.814453125
vn -0.0354003906 -0.21887207 0.975097656
vn -0 -0.386962891 0.921875
vn 0.0780639648 -0.569335938 0.818359375
vn -0.0173034668 -0.224609375 0.974121094
vn 0.0476379395 -0.381835938 0.922851562
vn 0.16418457 -0.537109375 0.827148438
vn -0 -0.2265625 0.974121094
vn 0.0173034668 -0.224609375 0.974121094
vn 0.0354003906 -0.21887207 0.975097656
vn 0.0975341797 -0.365966797 0.925292969
vn 0.253417969 -0.486816406 0.8359375
vn 0.148071289 -0.340087891 0.928710938
vn 0.0542602539 -0.208496094 0.9765625
vn 0.331787109 -0.42578125 0.841796875
vn 0.194458008 -0.305419922 0.932128906
vn 0.392333984 -0.358154297 0.847167969
vn 0.337158203 0.836914062 0.431396484
vn 0.444580078 0.670898438 0.59375
vn 0.305419922 0.745605469 0.592285156
vn 0.490722656 0.755371094 0.434082031
vn 0.567382812 0.569335938 0.595214844
vn 0.475585938 0.465087891 0.746582031
vn 0.373046875 0.552246094 0.745605469
vn 0.626953125 0.645019531 0.437011719
vn 0.513183594 0.812011719 0.278320312
vn 0.656738281 0.698242188 0.284179688
vn 0.668457031 0.443847656 0.596679688
vn 0.559570312 0.357666016 0.747558594
vn 0.62109375 0.232299805 0.748535156
vn 0.459716797 0.150512695 0.875
vn 0.740722656 0.508300781 0.439697266
vn 0.743652344 0.299072266 0.598144531
vn 0.778320312 0.557128906 0.289306641
vn 0.659667969 0.737792969 0.143432617
vn 0.825195312 0.351806641 0.441650391
vn 0.786621094 0.598144531 0.152709961
vn 0.637695312 0.770019531 0.00411605835
vn 0.768554688 0.639648438 0.0171661377
vn 0.87109375 0.394775391 0.291992188
vn 0.786621094 0.140869141 0.601074219
vn 0.655761719 0.0935668945 0.749511719
vn 0.876953125 0.183349609 0.444580078
vn 0.794433594 -0.0230865479 0.607421875
vn 0.930175781 0.222045898 0.292724609
vn 0.88671875 0.434814453 0.155639648
vn 0.953613281 0.260498047 0.151489258
vn 0.877441406 0.479248047 0.0199890137
vn 0.720214844 0.671875 -0.172607422
vn 0.833984375 0.522460938 -0.176513672
vn 0.475585938 0.465087891 0.746582031
vn 0.414794922 0.247192383 0.875488281
vn 0.353027344 0.329833984 0.875488281
vn 0.559570312 0.357666016 0.747558594
vn 0.567382812 0.569335938 0.595214844
vn 0.459716797 0.150512695 0.875
vn 0.62109375 0.232299805 0.748535156
vn 0.485107422 0.0431518555 0.873535156
vn 0.655761719 0.0935668945 0.749511719
vn 0.743652344 0.299072266 0.598144531
vn 0.668457031 0.443847656 0.596679688
vn 0.489013672 -0.0697631836 0.869628906
vn 0.292236328 -0.0795288086 0.953125
vn 0.289550781 -0.00888061523 0.95703125
vn 0.282714844 -0.14855957 0.947753906
vn 0.625976562 0.637207031 -0.449707031
vn 0.720214844 0.510742188 -0.469238281
vn 0.833984375 0.522460938 -0.176513672
vn 0.720214844 0.671875 -0.172607422
vn 0.525390625 0.732910156 -0.432373047
vn 0.594238281 0.784667969 -0.177246094
vn 0.417724609 0.807128906 -0.416992188
vn 0.768554688 0.639648438 0.0171661377
vn 0.464111328 0.8671875 -0.181030273
vn 0.637695312 0.770019531 0.00411605835
vn 0.495605469 0.868652344 -0.00937652588
vn 0.659667969 0.737792969 0.143432617
vn 0.324951172 0.928222656 -0.180419922
vn 0.293457031 0.865234375 -0.406738281
vn 0.150878906 0.902832031 -0.402832031
vn 0.513671875 0.84765625 0.1328125
vn 0.656738281 0.698242188 0.284179688
vn 0.513183594 0.812011719 0.278320312
vn 0.343261719 0.938964844 -0.0164642334
vn 0.168701172 0.969726562 -0.177856445
vn 0.353515625 0.926757812 0.125610352
vn -1.31130219E-06 0.915527344 -0.40234375
vn -1.84774399E-06 0.745605469 -0.666015625
vn -0.118469238 0.735839844 -0.666503906
vn -0.150878906 0.902832031 -0.402832031
vn -1.60932541E-06 0.984375 -0.176513672
vn -0.168701172 0.969726562 -0.177856445
vn 0.177124023 0.983886719 -0.0175018311
vn 0.352539062 0.895019531 0.273681641
vn 0.490722656 0.755371094 0.434082031
vn 0.337158203 0.836914062 0.431396484
vn -1.96695328E-06 1 -0.0170440674
vn 0.181030273 0.975585938 0.12298584
vn 0.17980957 0.945800781 0.271240234
vn 0.17175293 0.886230469 0.429931641
vn -0.177124023 0.983886719 -0.0175018311
vn -0.324951172 0.928222656 -0.180419922
vn -0.343261719 0.938964844 -0.0164642334
vn -1.96695328E-06 0.992675781 0.122558594
vn -1.66893005E-06 0.962890625 0.270507812
vn -1.54972076E-06 0.903320312 0.429443359
vn -0.181030273 0.975585938 0.12298584
vn -0.17980957 0.945800781 0.271240234
vn -0.17175293 0.886230469 0.429931641
vn -0.353515625 0.926757812 0.125610352
vn -0.495605469 0.868652344 -0.00937652588
vn -0.352539062 0.895019531 0.273681641
vn -0.513671875 0.84765625 0.1328125
vn -0.513183594 0.812011719 0.278320312
vn 0.351318359 0.341064453 -0.872070312
vn 0.544433594 0.404785156 -0.734863281
vn 0.489257812 0.500976562 -0.713867188
vn 0.382568359 0.279785156 -0.880371094
vn 0.227783203 0.21875 -0.948730469
vn 0.196533203 0.250976562 -0.947753906
vn 0.306884766 0.395996094 -0.865234375
vn 0.154296875 0.279541016 -0.947753906
vn 0.243896484 0.4453125 -0.861328125
vn 0.103942871 0.302490234 -0.947265625
vn 0.164794922 0.484375 -0.859375
vn 0.0514831543 0.317138672 -0.946777344
vn 0.0809326172 0.5078125 -0.857910156
vn -7.15255737E-07 0.322021484 -0.946777344
vn -1.60932541E-06 0.515136719 -0.856933594
vn -0.0514831543 0.317138672 -0.946777344
vn -0.0809326172 0.5078125 -0.857910156
vn -0.103942871 0.302490234 -0.947265625
vn -0.164794922 0.484375 -0.859375
vn -0.154296875 0.279541016 -0.947753906
vn -0.243896484 0.4453125 -0.861328125
vn -0.196533203 0.250976562 -0.947753906
vn -0.306884766 0.395996094 -0.865234375
vn -0.227783203 0.21875 -0.948730469
vn -0.351318359 0.341064453 -0.872070312
vn -0.248413086 0.182617188 -0.951171875
vn -0.382568359 0.279785156 -0.880371094
vn -5.36441803E-07 0.176757812 -0.984375
vn -0.0266265869 0.174438477 -0.984375
vn -0 0.0380859375 -0.999511719
vn 0.0266265869 0.174438477 -0.984375
vn -0.0526123047 0.167480469 -0.984375
vn 0.0526123047 0.167480469 -0.984375
vn -0.0765991211 0.156616211 -0.984863281
vn 0.0765991211 0.156616211 -0.984863281
vn -0.0968017578 0.142578125 -0.984863281
vn 0.0968017578 0.142578125 -0.984863281
vn -0.112304688 0.126220703 -0.985839844
vn -0.122924805 0.107666016 -0.986328125
vn -0.12890625 0.0861206055 -0.987792969
vn -0.259521484 0.141479492 -0.955566406
vn -0.130126953 0.060760498 -0.989746094
vn -0.260742188 0.0942382812 -0.9609375
vn 0.112304688 0.126220703 -0.985839844
vn -0.126098633 0.0311737061 -0.991699219
vn 0.248413086 0.182617188 -0.951171875
vn 0.122924805 0.107666016 -0.986328125
vn -0.116088867 -0.00175762177 -0.993164062
vn 0.12890625 0.0861206055 -0.987792969
vn -0.251220703 0.0393676758 -0.967285156
vn -0.412841797 0.138549805 -0.900390625
vn -0.404296875 0.0573425293 -0.912597656
vn -0.229858398 -0.024230957 -0.973144531
vn -0.373291016 -0.0386047363 -0.926757812
vn 0.259521484 0.141479492 -0.955566406
vn 0.403808594 0.212036133 -0.890136719
vn -0.100280762 -0.0354309082 -0.994140625
vn -0.197021484 -0.0938110352 -0.976074219
vn -0.31640625 -0.151123047 -0.936523438
vn -0.0803222656 -0.0660400391 -0.994628906
vn -0.15637207 -0.160644531 -0.974609375
vn 0.587890625 0.294677734 -0.752929688
vn 0.79296875 0.358398438 -0.492431641
vn 0.720214844 0.510742188 -0.469238281
vn 0.831542969 0.199707031 -0.518554688
vn 0.613769531 0.180053711 -0.768554688
vn 0.412841797 0.138549805 -0.900390625
vn 0.260742188 0.0942382812 -0.9609375
vn 0.130126953 0.060760498 -0.989746094
vn 0.251220703 0.0393676758 -0.967285156
vn 0.126098633 0.0311737061 -0.991699219
vn 0.229858398 -0.024230957 -0.973144531
vn 0.116088867 -0.00175762177 -0.993164062
vn 0.100280762 -0.0354309082 -0.994140625
vn 0.0803222656 -0.0660400391 -0.994628906
vn 0.0586547852 -0.0904541016 -0.994140625
vn 0.197021484 -0.0938110352 -0.976074219
vn 0.15637207 -0.160644531 -0.974609375
vn 0.31640625 -0.151123047 -0.936523438
vn 0.373291016 -0.0386047363 -0.926757812
vn 0.497802734 -0.227294922 -0.836914062
vn 0.24206543 -0.263183594 -0.934082031
vn 0.370117188 -0.390869141 -0.842773438
vn 0.248657227 -0.5078125 -0.824707031
vn 0.170532227 -0.350830078 -0.920898438
vn 0.114440918 -0.215209961 -0.969726562
vn 0.11114502 -0.406738281 -0.906738281
vn 0.163696289 -0.568847656 -0.806152344
vn 0.0888061523 -0.595703125 -0.798339844
vn 0.0747680664 -0.253417969 -0.964355469
vn 0.056640625 -0.436767578 -0.897949219
vn -2.38418579E-07 -0.603515625 -0.797363281
vn 0.037689209 -0.10736084 -0.993652344
vn 0.0371704102 -0.275634766 -0.960449219
vn -1.1920929E-07 -0.446289062 -0.895019531
vn 0.0182800293 -0.116943359 -0.993164062
vn -1.1920929E-07 -0.282958984 -0.958984375
vn -0.0888061523 -0.595703125 -0.798339844
vn -0.147460938 -0.763183594 -0.62890625
vn -0.249145508 -0.738769531 -0.626464844
vn -0.056640625 -0.436767578 -0.897949219
vn -0.163696289 -0.568847656 -0.806152344
vn -0.361572266 -0.682617188 -0.635253906
vn -0.248657227 -0.5078125 -0.824707031
vn -0 -0.120056152 -0.992675781
vn -0.0371704102 -0.275634766 -0.960449219
vn -0.11114502 -0.406738281 -0.906738281
vn -0.0182800293 -0.116943359 -0.993164062
vn -0.170532227 -0.350830078 -0.920898438
vn -0.370117188 -0.390869141 -0.842773438
vn -0.0747680664 -0.253417969 -0.964355469
vn -0.037689209 -0.10736084 -0.993652344
vn -0.24206543 -0.263183594 -0.934082031
vn -0.497802734 -0.227294922 -0.836914062
vn -0.114440918 -0.215209961 -0.969726562
vn -0.0586547852 -0.0904541016 -0.994140625
vn 0.720214844 0.510742188 -0.469238281
vn 0.79296875 0.358398438 -0.492431641
vn 0.916503906 0.348876953 -0.195678711
vn 0.833984375 0.522460938 -0.176513672
vn 0.79296875 0.358398438 -0.492431641
vn 0.831542969 0.199707031 -0.518554688
vn 0.958007812 0.172973633 -0.228393555
vn 0.964355469 0.00416183472 -0.265136719
vn 0.8359375 0.0466918945 -0.546875
vn 0.998535156 -0.044342041 -0.0366210938
vn 0.971191406 -0.23425293 -0.0467224121
vn 0.9375 -0.180419922 -0.298095703
vn 0.884765625 -0.463867188 -0.0429992676
vn 0.848632812 -0.416748047 -0.325439453
vn 0.613769531 0.180053711 -0.768554688
vn 0.8359375 0.0466918945 -0.546875
vn 0.831542969 0.199707031 -0.518554688
vn 0.615234375 0.064453125 -0.785644531
vn 0.412841797 0.138549805 -0.900390625
vn 0.404296875 0.0573425293 -0.912597656
vn 0.260742188 0.0942382812 -0.9609375
vn 0.251220703 0.0393676758 -0.967285156
vn 0.373291016 -0.0386047363 -0.926757812
vn 0.229858398 -0.024230957 -0.973144531
vn 0.581542969 -0.0665893555 -0.810546875
vn 0.497802734 -0.227294922 -0.836914062
vn 0.804199219 -0.118713379 -0.582519531
vn 0.9375 -0.180419922 -0.298095703
vn 0.964355469 0.00416183472 -0.265136719
vn 0.848632812 -0.416748047 -0.325439453
vn 0.708496094 -0.327392578 -0.625
vn 0.668945312 -0.661621094 -0.338134766
vn 0.536132812 -0.543945312 -0.645507812
vn 0.475097656 -0.812011719 -0.338378906
vn 0.361572266 -0.682617188 -0.635253906
vn 0.370117188 -0.390869141 -0.842773438
vn 0.31640625 -0.151123047 -0.936523438
vn 0.248657227 -0.5078125 -0.824707031
vn 0.249145508 -0.738769531 -0.626464844
vn 0.163696289 -0.568847656 -0.806152344
vn 0.147460938 -0.763183594 -0.62890625
vn 0.170532227 -0.350830078 -0.920898438
vn 0.24206543 -0.263183594 -0.934082031
vn 0.282714844 -0.14855957 0.947753906
vn 0.262451172 -0.210571289 0.941894531
vn 0.103393555 -0.1484375 0.983398438
vn 0.0895385742 -0.173339844 0.980957031
vn 0.232910156 -0.262695312 0.936523438
vn 0.0727539062 -0.193359375 0.978515625
vn 1.78813934E-07 -0.0928955078 0.995605469
vn 0.194458008 -0.305419922 0.932128906
vn 0.392333984 -0.358154297 0.847167969
vn 0.0542602539 -0.208496094 0.9765625
vn 0.0354003906 -0.21887207 0.975097656
vn 0.516601562 -0.58984375 0.620605469
vn 0.329833984 -0.611816406 0.71875
vn 0.436767578 -0.519042969 0.734863281
vn 0.253417969 -0.486816406 0.8359375
vn 0.591796875 -0.643066406 0.485839844
vn 0.423583984 -0.768066406 0.479980469
vn 0.377441406 -0.705566406 0.599609375
vn 0.213989258 -0.797363281 0.564453125
vn 0.229370117 -0.850585938 0.47265625
vn 0.0787353516 -0.846679688 0.526367188
vn 0.204101562 -0.69140625 0.692871094
vn 0.329833984 -0.611816406 0.71875
vn 0.0897216797 -0.740722656 0.665527344
vn 0.16418457 -0.537109375 0.827148438
vn 0.253417969 -0.486816406 0.8359375
vn 0.0780639648 -0.569335938 0.818359375
vn -0 -0.580078125 0.814453125
vn -0 -0.756835938 0.653808594
vn -1.1920929E-07 -0.859863281 0.510253906
vn -0.0780639648 -0.569335938 0.818359375
vn -0.0897216797 -0.740722656 0.665527344
vn -0.16418457 -0.537109375 0.827148438
vn -0.204101562 -0.69140625 0.692871094
vn -0.213989258 -0.797363281 0.564453125
vn -0.329833984 -0.611816406 0.71875
vn -0.377441406 -0.705566406 0.599609375
vn -0.423583984 -0.768066406 0.479980469
vn -0.516601562 -0.58984375 0.620605469
vn -0.591796875 -0.643066406 0.485839844
vn -0.478515625 -0.8046875 0.351806641
vn -0.657226562 -0.673339844 0.337890625
vn -0.721191406 -0.493896484 0.485351562
vn 0.703613281 -0.687988281 0.177246094
vn 0.478515625 -0.8046875 0.351806641
vn 0.657226562 -0.673339844 0.337890625
vn 0.524902344 -0.829101562 0.19152832
vn 0.71875 -0.694335938 -0.0359191895
vn 0.532714844 -0.845703125 -0.0337219238
vn 0.668945312 -0.661621094 -0.338134766
vn 0.475097656 -0.812011719 -0.338378906
vn 0.383789062 -0.923339844 -0.0182189941
vn 0.348876953 -0.907226562 0.234130859
vn 0.280517578 -0.878417969 0.386474609
vn 0.170410156 -0.937988281 0.302001953
vn 0.220092773 -0.975097656 0.0289306641
vn 0.229370117 -0.850585938 0.47265625
vn 0.423583984 -0.768066406 0.479980469
vn 0.107177734 -0.895019531 0.432861328
vn 0.0737304688 -0.880859375 0.467529297
vn 0.0787353516 -0.846679688 0.526367188
vn -1.1920929E-07 -0.859863281 0.510253906
vn -4.17232513E-07 -0.94140625 0.337646484
vn -4.17232513E-07 -0.998046875 0.0593566895
vn -2.98023224E-07 -0.884765625 0.466064453
vn -4.76837158E-07 -0.890136719 0.455322266
vn -0.0787353516 -0.846679688 0.526367188
vn -0.0897216797 -0.740722656 0.665527344
vn -0.204101562 -0.69140625 0.692871094
vn -0.213989258 -0.797363281 0.564453125
vn -0.0737304688 -0.880859375 0.467529297
vn -0.107177734 -0.895019531 0.432861328
vn -0.229370117 -0.850585938 0.47265625
vn -0.377441406 -0.705566406 0.599609375
vn -0.423583984 -0.768066406 0.479980469
vn -0.280517578 -0.878417969 0.386474609
vn -0.478515625 -0.8046875 0.351806641
vn -0.170410156 -0.937988281 0.302001953
vn -0.348876953 -0.907226562 0.234130859
vn -0.220092773 -0.975097656 0.0289306641
vn -4.76837158E-07 -0.946777344 -0.321289062
vn -0.524902344 -0.829101562 0.19152832
vn -0.657226562 -0.673339844 0.337890625
vn -0.703613281 -0.687988281 0.177246094
vn -0.532714844 -0.845703125 -0.0337219238
vn -0.383789062 -0.923339844 -0.0182189941
vn -0.210327148 -0.919433594 -0.332763672
vn -0.344238281 -0.875 -0.340332031
vn -0.475097656 -0.812011719 -0.338378906
vn -0.249145508 -0.738769531 -0.626464844
vn -0.361572266 -0.682617188 -0.635253906
vn -0.147460938 -0.763183594 -0.62890625
vn -4.76837158E-07 -0.774902344 -0.631835938
vn 0.147460938 -0.763183594 -0.62890625
vn 0.210327148 -0.919433594 -0.332763672
vn 0.249145508 -0.738769531 -0.626464844
vn 0.147460938 -0.763183594 -0.62890625
vn 0.210327148 -0.919433594 -0.332763672
vn 0.344238281 -0.875 -0.340332031
vn 0.361572266 -0.682617188 -0.635253906
vn 0.475097656 -0.812011719 -0.338378906
vn 0.383789062 -0.923339844 -0.0182189941
vn 0.220092773 -0.975097656 0.0289306641
vn -4.17232513E-07 -0.998046875 0.0593566895
vn -4.76837158E-07 -0.946777344 -0.321289062
vn 0.163696289 -0.568847656 -0.806152344
vn 0.0888061523 -0.595703125 -0.798339844
vn 0.147460938 -0.763183594 -0.62890625
vn -4.76837158E-07 -0.774902344 -0.631835938
vn -2.38418579E-07 -0.603515625 -0.797363281
vn -0.147460938 -0.763183594 -0.62890625
vn -0.361572266 -0.682617188 -0.635253906
vn -0.536132812 -0.543945312 -0.645507812
vn -0.668945312 -0.661621094 -0.338134766
vn -0.475097656 -0.812011719 -0.338378906
vn -0.532714844 -0.845703125 -0.0337219238
vn -0.71875 -0.694335938 -0.0359191895
vn -0.703613281 -0.687988281 0.177246094
vn -0.475097656 -0.812011719 -0.338378906
vn -0.668945312 -0.661621094 -0.338134766
vn -0.703613281 -0.687988281 0.177246094
vn -0.80078125 -0.500488281 0.328613281
vn -0.657226562 -0.673339844 0.337890625
vn -0.856933594 -0.488525391 0.164672852
vn -0.71875 -0.694335938 -0.0359191895
vn -0.895996094 -0.3125 0.315185547
vn -0.884765625 -0.463867188 -0.0429992676
vn -0.668945312 -0.661621094 -0.338134766
vn -0.848632812 -0.416748047 -0.325439453
vn -0.948730469 -0.279052734 0.149658203
vn -0.944335938 -0.129150391 0.302246094
vn -0.971191406 -0.23425293 -0.0467224121
vn -0.9375 -0.180419922 -0.298095703
vn -0.985839844 -0.0897827148 0.142333984
vn -0.954101562 0.0471801758 0.295166016
vn -0.998535156 -0.044342041 -0.0366210938
vn -0.985839844 0.0859985352 0.144897461
vn -0.930175781 0.222045898 0.292724609
vn -0.964355469 0.00416183472 -0.265136719
vn -0.804199219 -0.118713379 -0.582519531
vn -0.8359375 0.0466918945 -0.546875
vn -0.991699219 0.128173828 -0.0145874023
vn -0.953613281 0.260498047 0.151489258
vn -0.87109375 0.394775391 0.291992188
vn -0.958007812 0.172973633 -0.228393555
vn -0.831542969 0.199707031 -0.518554688
vn -0.952636719 0.303466797 0.00801849365
vn -0.88671875 0.434814453 0.155639648
vn -0.778320312 0.557128906 0.289306641
vn -0.786621094 0.598144531 0.152709961
vn -0.916503906 0.348876953 -0.195678711
vn -0.79296875 0.358398438 -0.492431641
vn -0.877441406 0.479248047 0.0199890137
vn -0.833984375 0.522460938 -0.176513672
vn -0.720214844 0.510742188 -0.469238281
vn -0.768554688 0.639648438 0.0171661377
vn -0.659667969 0.737792969 0.143432617
vn -0.637695312 0.770019531 0.00411605835
vn -0.720214844 0.671875 -0.172607422
vn -0.625976562 0.637207031 -0.449707031
vn -0.594238281 0.784667969 -0.177246094
vn -0.721191406 -0.493896484 0.485351562
vn -0.705078125 -0.334228516 0.625488281
vn -0.621582031 -0.467285156 0.628417969
vn -0.814941406 -0.330810547 0.476074219
vn -0.80078125 -0.500488281 0.328613281
vn -0.895996094 -0.3125 0.315185547
vn -0.765625 -0.184326172 0.616210938
vn -0.6328125 -0.193847656 0.749511719
vn -0.872070312 -0.160644531 0.462158203
vn -0.944335938 -0.129150391 0.302246094
vn -0.659667969 -0.0518493652 0.75
vn -0.489013672 -0.0697631836 0.869628906
vn -0.485107422 0.0431518555 0.873535156
vn -0.655761719 0.0935668945 0.749511719
vn -0.794433594 -0.0230865479 0.607421875
vn -0.892578125 0.0112304688 0.450683594
vn -0.954101562 0.0471801758 0.295166016
vn -0.786621094 0.140869141 0.601074219
vn -0.876953125 0.183349609 0.444580078
vn -0.930175781 0.222045898 0.292724609
vn -0.62109375 0.232299805 0.748535156
vn -0.459716797 0.150512695 0.875
vn -0.414794922 0.247192383 0.875488281
vn -0.825195312 0.351806641 0.441650391
vn -0.87109375 0.394775391 0.291992188
vn -0.743652344 0.299072266 0.598144531
vn -0.559570312 0.357666016 0.747558594
vn -0.353027344 0.329833984 0.875488281
vn -0.740722656 0.508300781 0.439697266
vn -0.778320312 0.557128906 0.289306641
vn -0.668457031 0.443847656 0.596679688
vn -0.475585938 0.465087891 0.746582031
vn -0.27734375 0.396728516 0.875
vn -0.373046875 0.552246094 0.745605469
vn -0.567382812 0.569335938 0.595214844
vn -0.626953125 0.645019531 0.437011719
vn -0.444580078 0.670898438 0.59375
vn -0.256591797 0.615722656 0.745117188
vn -0.656738281 0.698242188 0.284179688
vn -0.786621094 0.598144531 0.152709961
vn -0.659667969 0.737792969 0.143432617
vn -0.513183594 0.812011719 0.278320312
vn -0.490722656 0.755371094 0.434082031
vn -0.337158203 0.836914062 0.431396484
vn -0.305419922 0.745605469 0.592285156
vn -0.130615234 0.654785156 0.744628906
vn -0.155517578 0.791503906 0.591308594
vn -0.594238281 0.784667969 -0.177246094
vn -0.495605469 0.868652344 -0.00937652588
vn -0.637695312 0.770019531 0.00411605835
vn -0.513671875 0.84765625 0.1328125
vn -0.659667969 0.737792969 0.143432617
vn 0.400634766 0.55078125 -0.731933594
vn 0.117797852 0.236572266 -0.964355469
vn 0.380615234 0.121459961 -0.916503906
vn 0.153686523 -0.280517578 -0.947265625
vn 0.596679688 0.290527344 -0.748046875
vn 0.437988281 -0.227661133 -0.869628906
vn 0.378662109 -0.572265625 -0.727539062
vn 0.611816406 -0.0223388672 -0.790527344
vn 0.608398438 -0.315917969 -0.728027344
vn 0.492431641 -0.696289062 -0.521972656
vn 0.574707031 -0.541503906 -0.613769531
vn 0.647949219 -0.177734375 -0.740722656
vn 0.579101562 -0.529296875 -0.620605469
vn 0.66015625 0.147949219 -0.736328125
vn 0.587890625 0.458007812 -0.666503906
vn 0.631835938 0.397949219 -0.665039062
vn 0.703125 -0.107116699 -0.702636719
vn 0.717773438 -0.640136719 -0.274169922
vn 0.889160156 0.356201172 -0.287597656
vn 0.872070312 -0.158325195 -0.462890625
vn 0.788574219 -0.467041016 -0.400390625
vn 0.613769531 -0.677734375 -0.405029297
vn 0.639648438 -0.728515625 -0.246337891
vn 0.729003906 -0.400146484 -0.555175781
vn 0.569824219 -0.606933594 -0.553710938
vn 0.645996094 -0.319824219 -0.693359375
vn 0.507324219 -0.515625 -0.690429688
vn 0.5390625 -0.22668457 -0.811035156
vn 0.39453125 -0.75 -0.530761719
vn 0.424804688 -0.403320312 -0.810546875
vn 0.351806641 -0.658691406 -0.665039062
vn 0.294433594 -0.539550781 -0.7890625
vn 0.198242188 -0.751464844 -0.629394531
vn 0.161743164 -0.633789062 -0.756347656
vn 0.0551757812 -0.804199219 -0.591308594
vn 0.220825195 -0.388916016 -0.89453125
vn 0.0342102051 -0.692871094 -0.720214844
vn 0.114196777 -0.477783203 -0.87109375
vn 0.130737305 -0.20690918 -0.969726562
vn 0.0550537109 -0.27734375 -0.958984375
vn 0.00833892822 -0.537109375 -0.843261719
vn -0.0855102539 -0.722167969 -0.686523438
vn -0.022354126 -0.327880859 -0.944335938
vn -0.0133972168 -0.037902832 -0.999023438
vn -0.0938110352 -0.5703125 -0.815917969
vn -0.197753906 -0.727539062 -0.657226562
vn -0.0554504395 -0.0664672852 -0.99609375
vn -0.0844726562 0.228759766 -0.969726562
vn -0.0989379883 -0.358154297 -0.928222656
vn -0.19128418 -0.580078125 -0.791992188
vn -0.303710938 -0.711425781 -0.633300781
vn -0.283935547 -0.568359375 -0.771972656
vn -0.0974121094 -0.0841674805 -0.991699219
vn -0.173217773 -0.369140625 -0.913085938
vn -0.138183594 -0.0908203125 -0.986328125
vn -0.244018555 -0.361572266 -0.899902344
vn -0.372070312 -0.536132812 -0.7578125
vn -0.310302734 -0.335449219 -0.889648438
vn -0.177001953 -0.086730957 -0.98046875
vn -0.212768555 -0.0720214844 -0.974609375
vn 0.278564453 -0.610839844 0.740722656
vn 0.198364258 -0.667480469 0.717773438
vn 0.146972656 -0.477050781 0.866699219
vn 0.104309082 -0.500488281 0.859375
vn 0.0844726562 -0.228759766 0.969726562
vn 0.0624389648 -0.513671875 0.855957031
vn 0.0225524902 -0.517089844 0.85546875
vn -0.0147094727 -0.511230469 0.859375
vn -0.048614502 -0.496337891 0.866699219
vn -0.0978393555 -0.711425781 0.695800781
vn -0.159179688 -0.685058594 0.7109375
vn -0.0784301758 -0.472412109 0.877929688
vn -0.213989258 -0.645019531 0.733886719
vn -0.10345459 -0.439941406 0.892089844
vn -0.122558594 -0.399414062 0.908691406
vn -0.260986328 -0.590332031 0.763671875
vn -0.298339844 -0.520996094 0.799804688
vn -0.382080078 -0.688476562 0.616210938
vn -0.438720703 -0.602539062 0.666503906
vn -0.135009766 -0.350830078 0.926757812
vn -0.324462891 -0.436279297 0.839355469
vn -0.139770508 -0.295166016 0.9453125
vn -0.481933594 -0.494140625 0.723632812
vn -0.545410156 -0.65234375 0.526367188
vn -0.606933594 -0.528808594 0.593261719
vn -0.336181641 -0.336914062 0.879394531
vn -0.506347656 -0.362060547 0.782714844
vn -0.647460938 -0.372314453 0.665039062
vn -0.703125 -0.544433594 0.456787109
vn -0.760253906 -0.370605469 0.533203125
vn -0.775390625 -0.545898438 0.317382812
vn -0.847167969 -0.358398438 0.391845703
vn -0.135498047 -0.233886719 0.962890625
vn -0.330810547 -0.225341797 0.916503906
vn -0.504882812 -0.208251953 0.837402344
vn -0.121032715 -0.169799805 0.978027344
vn -0.305664062 -0.106811523 0.946289062
vn -0.473144531 -0.0417785645 0.879882812
vn -0.0968017578 -0.107055664 0.989746094
vn -0.261230469 0.0101928711 0.965332031
vn -0.0646362305 -0.0498962402 0.996582031
vn -0.0270996094 -0.00108242035 0.999511719
vn -0.201049805 0.116760254 0.97265625
vn -0.822265625 0.51953125 0.232666016
vn -0.639648438 0.728515625 0.246337891
vn -0.613769531 0.677734375 0.405029297
vn -0.443359375 0.862792969 0.242919922
vn -0.424560547 0.817382812 0.389892578
vn -0.762207031 0.629394531 0.151977539
vn -0.758789062 0.58203125 0.29296875
vn -0.862792969 0.427001953 0.271484375
vn -0.636230469 0.76953125 0.055267334
vn -0.647949219 0.739746094 0.181518555
vn -0.75 0.661132812 0.0158843994
vn -0.614746094 0.785644531 -0.069519043
vn -0.723632812 0.680175781 -0.117675781
vn -0.58203125 0.7890625 -0.196533203
vn -0.682617188 0.686035156 -0.251464844
vn -0.625 0.677734375 -0.387451172
vn -0.775390625 0.545898438 -0.317382812
vn -0.703125 0.544433594 -0.456787109
vn -0.545410156 0.65234375 -0.526367188
vn -0.606933594 0.528808594 -0.593261719
vn -0.438720703 0.602539062 -0.666503906
vn -0.481933594 0.494140625 -0.723632812
vn -0.862792969 0.427001953 0.271484375
vn -0.895507812 0.161743164 0.415039062
vn -0.944335938 0.219970703 0.244995117
vn 0.613769531 0.677734375 0.405029297
vn 0.39453125 0.75 0.530761719
vn 0.424560547 0.817382812 0.389892578
vn 0.822265625 0.51953125 0.232666016
vn 0.788574219 0.467041016 0.400390625
vn 0.639648438 0.728515625 0.246337891
vn 0.948730469 0.24621582 0.197143555
vn 0.908203125 0.198242188 0.367919922
vn 0.829589844 0.555664062 0.0549926758
vn 0.646484375 0.758789062 0.0797119141
vn 0.0147323608 0.511230469 -0.859375
vn 0.159179688 0.685058594 -0.7109375
vn 0.0978393555 0.711425781 -0.695800781
vn 0.048614502 0.496337891 -0.866699219
vn 0.213989258 0.645019531 -0.733886719
vn 0.0784912109 0.472412109 -0.877929688
vn 0.260986328 0.590332031 -0.763671875
vn 0.10345459 0.440185547 -0.892089844
vn 0.298339844 0.520996094 -0.799804688
vn 0.122558594 0.399414062 -0.908691406
vn 0.324462891 0.436279297 -0.839355469
vn 0.135131836 0.350830078 -0.926757812
vn 0.283935547 0.568359375 0.771972656
vn 0.372070312 0.536132812 0.7578125
vn 0.310302734 0.335449219 0.889648438
vn 0.244018555 0.361572266 0.899902344
vn 0.19128418 0.580078125 0.791992188
vn 0.173217773 0.369140625 0.913085938
vn 0.0938110352 0.5703125 0.815917969
vn 0.0989379883 0.358154297 0.928222656
vn 0.212768555 0.0719604492 0.974609375
vn 0.177001953 0.0866699219 0.98046875
vn 0.0844726562 -0.228759766 0.969726562
vn 0.138305664 0.0908203125 0.986328125
vn 0.244628906 0.0468139648 0.968261719
vn 0.370849609 0.291259766 0.881835938
vn 0.0974731445 0.0841064453 0.991699219
vn 0.0223083496 0.327636719 0.944335938
vn 0.271728516 0.011428833 0.962402344
vn 0.424072266 0.228759766 0.876464844
vn 0.0553894043 0.06640625 0.99609375
vn -0.0550231934 0.277587891 0.958984375
vn 0.292724609 -0.0335083008 0.955566406
vn 0.467773438 0.147583008 0.871582031
vn 0.306396484 -0.0872192383 0.947753906
vn 0.311523438 -0.148071289 0.938476562
vn 0.306396484 -0.213745117 0.927734375
vn 0.290039062 -0.280517578 0.915039062
vn 0.263427734 -0.343261719 0.901367188
vn 0.228637695 -0.398193359 0.888183594
vn 0.188964844 -0.442871094 0.876464844
vn 0.146972656 -0.477050781 0.866699219
vn 0.278564453 -0.610839844 0.740722656
vn 0.0134277344 0.037902832 0.999023438
vn -0.0270996094 -0.00108242035 0.999511719
vn -0.130737305 0.206787109 0.969726562
vn -0.201049805 0.116760254 0.97265625
vn 0.303955078 0.711425781 0.633300781
vn 0.405273438 0.67578125 0.615722656
vn 0.372070312 0.536132812 0.7578125
vn 0.283935547 0.568359375 0.771972656
vn 0.197753906 0.727539062 0.657226562
vn 0.19128418 0.580078125 0.791992188
vn 0.197143555 0.827636719 0.525878906
vn 0.311035156 0.808105469 0.5
vn 0.0759887695 0.827636719 0.556152344
vn 0.0855102539 0.722167969 0.686523438
vn 0.0938110352 0.5703125 0.815917969
vn -0.0552062988 0.804199219 0.591308594
vn -0.0342102051 0.692871094 0.720214844
vn -0.00834655762 0.537109375 0.843261719
vn 0.0989379883 0.358154297 0.928222656
vn -0.161743164 0.634277344 0.756347656
vn -0.198242188 0.751464844 0.629394531
vn -0.351806641 0.658691406 0.665039062
vn -0.39453125 0.75 0.530761719
vn -0.0721435547 0.883300781 0.463378906
vn 0.0661621094 0.899902344 0.430908203
vn -0.225830078 0.837402344 0.498046875
vn -0.24597168 0.897949219 0.364990234
vn -0.0861206055 0.9375 0.337158203
vn -0.424560547 0.817382812 0.389892578
vn -0.613769531 0.677734375 0.405029297
vn -0.569824219 0.606933594 0.553710938
vn -0.639648438 0.728515625 0.246337891
vn 0.311035156 0.808105469 0.5
vn 0.405273438 0.67578125 0.615722656
vn 0.303955078 0.711425781 0.633300781
vn 0.420410156 0.770019531 0.479492188
vn 0.503417969 0.618164062 0.603515625
vn 0.52734375 0.711914062 0.463378906
vn 0.424072266 0.833984375 0.352539062
vn 0.535644531 0.776367188 0.331787109
vn 0.597167969 0.536132812 0.596679688
vn 0.53125 0.405029297 0.744140625
vn 0.598144531 0.302490234 0.741699219
vn 0.6328125 0.629394531 0.450683594
vn 0.684570312 0.424316406 0.592773438
vn 0.650878906 0.172851562 0.739257812
vn 0.759277344 0.277587891 0.588867188
vn 0.647460938 0.694824219 0.3125
vn 0.533691406 0.819824219 0.208007812
vn 0.647949219 0.739746094 0.181518555
vn 0.734863281 0.515625 0.440429688
vn 0.758789062 0.58203125 0.29296875
vn 0.762207031 0.629394531 0.151977539
vn 0.827148438 0.361816406 0.4296875
vn 0.80859375 0.0936889648 0.580566406
vn 0.895507812 0.161743164 0.415039062
vn 0.862792969 0.427001953 0.271484375
vn 0.871582031 0.475830078 0.117675781
vn 0.75 0.661132812 0.0158843994
vn 0.944335938 0.219970703 0.244995117
vn 0.916992188 -0.0798339844 0.391113281
vn 0.9765625 -0.0372924805 0.21105957
vn 0.960449219 0.268310547 0.0770263672
vn 0.999511719 0.00518035889 0.03074646
vn 0.947753906 0.307128906 -0.0857543945
vn 0.858886719 0.511230469 -0.0310821533
vn 0.723632812 0.680175781 -0.117675781
vn 0.826660156 0.534179688 -0.17565918
vn 0.909667969 0.337158203 -0.2421875
vn 0.372070312 0.536132812 0.7578125
vn 0.370849609 0.291259766 0.881835938
vn 0.310302734 0.335449219 0.889648438
vn 0.454833984 0.482177734 0.749023438
vn 0.405273438 0.67578125 0.615722656
vn 0.503417969 0.618164062 0.603515625
vn 0.424072266 0.228759766 0.876464844
vn 0.53125 0.405029297 0.744140625
vn 0.467773438 0.147583008 0.871582031
vn 0.598144531 0.302490234 0.741699219
vn 0.498291016 0.0486450195 0.865722656
vn 0.650878906 0.172851562 0.739257812
vn 0.306396484 -0.0872192383 0.947753906
vn 0.292724609 -0.0335083008 0.955566406
vn 0.311523438 -0.148071289 0.938476562
vn 0.512207031 -0.065612793 0.856445312
vn 0.306396484 -0.213745117 0.927734375
vn 0.680664062 0.0168151855 0.732421875
vn 0.759277344 0.277587891 0.588867188
vn 0.80859375 0.0936889648 0.580566406
vn 0.505371094 -0.190185547 0.841796875
vn 0.290039062 -0.280517578 0.915039062
vn 0.678710938 -0.158447266 0.716796875
vn 0.475341797 -0.31640625 0.820800781
vn 0.263427734 -0.343261719 0.901367188
vn 0.639160156 -0.338378906 0.690917969
vn 0.423583984 -0.43359375 0.795410156
vn 0.228637695 -0.398193359 0.888183594
vn 0.562988281 -0.502929688 0.655761719
vn 0.355712891 -0.533203125 0.767578125
vn 0.461669922 -0.637695312 0.616699219
vn 0.188964844 -0.442871094 0.876464844
vn 0.278564453 -0.610839844 0.740722656
vn 0.298339844 0.520996094 -0.799804688
vn 0.324462891 0.436279297 -0.839355469
vn 0.481933594 0.494140625 -0.723632812
vn 0.438720703 0.602539062 -0.666503906
vn 0.260986328 0.590332031 -0.763671875
vn 0.606933594 0.528808594 -0.593261719
vn 0.382080078 0.688476562 -0.616210938
vn 0.213989258 0.645019531 -0.733886719
vn 0.545410156 0.65234375 -0.526367188
vn 0.703125 0.544433594 -0.456787109
vn 0.315917969 0.754882812 -0.575195312
vn 0.159179688 0.685058594 -0.7109375
vn 0.471191406 0.747070312 -0.468994141
vn 0.625 0.677734375 -0.387451172
vn 0.775390625 0.545898438 -0.317382812
vn 0.241821289 0.803710938 -0.543945312
vn 0.0978393555 0.711425781 -0.695800781
vn 0.388916016 0.818847656 -0.422363281
vn 0.535644531 0.777832031 -0.328857422
vn 0.160766602 0.836914062 -0.522949219
vn 0.0305328369 0.724121094 -0.688964844
vn 0.300537109 0.871582031 -0.386962891
vn 0.0728759766 0.85546875 -0.513183594
vn -0.0419311523 0.721679688 -0.690917969
vn -0.0223236084 0.857421875 -0.514160156
vn 0.104980469 0.931152344 -0.349365234
vn 0.206298828 0.908691406 -0.362792969
vn 0.440917969 0.852050781 -0.281738281
vn 0.682617188 0.686035156 -0.251464844
vn 0.239135742 0.945800781 -0.219604492
vn 0.129394531 0.970703125 -0.202880859
vn 0.263427734 0.960449219 -0.0905151367
vn 0.342529297 0.906738281 -0.245727539
vn 0.58203125 0.7890625 -0.196533203
vn 0.372558594 0.920410156 -0.11730957
vn 0.478271484 0.864746094 -0.15222168
vn 0.826660156 0.534179688 -0.17565918
vn 0.909667969 0.337158203 -0.2421875
vn 0.847167969 0.358398438 -0.391601562
vn 0.723632812 0.680175781 -0.117675781
vn 0.614746094 0.785644531 -0.069519043
vn 0.75 0.661132812 0.0158843994
vn 0.504882812 0.862792969 -0.030090332
vn 0.636230469 0.76953125 0.055267334
vn 0.762207031 0.629394531 0.151977539
vn 0.647949219 0.739746094 0.181518555
vn 0.522949219 0.84765625 0.088684082
vn 0.533691406 0.819824219 0.208007812
vn 0.39453125 0.918945312 0.00233459473
vn 0.409912109 0.904296875 0.117736816
vn 0.281494141 0.958984375 0.0290679932
vn 0.148193359 0.986328125 -0.0709228516
vn 0.419921875 0.876953125 0.233154297
vn 0.535644531 0.776367188 0.331787109
vn 0.424072266 0.833984375 0.352539062
vn 0.163085938 0.985351562 0.0510864258
vn 0.0232696533 0.998046875 -0.0582885742
vn 0.295166016 0.944335938 0.143798828
vn 0.304931641 0.916992188 0.2578125
vn 0.175170898 0.970214844 0.167724609
vn 0.0350341797 0.997070312 0.0687866211
vn 0.310546875 0.873046875 0.375488281
vn 0.420410156 0.770019531 0.479492188
vn 0.311035156 0.808105469 0.5
vn -0.115478516 0.991699219 -0.0530395508
vn -0.121643066 0.97265625 -0.197998047
vn -0.107421875 0.990722656 0.0820922852
vn 0.0458679199 0.98046875 0.190063477
vn 0.184936523 0.940917969 0.283203125
vn 0.192382812 0.895507812 0.401367188
vn 0.197143555 0.827636719 0.525878906
vn 0.0561523438 0.94921875 0.309570312
vn 0.0661621094 0.899902344 0.430908203
vn 0.0759887695 0.827636719 0.556152344
vn -0.0977172852 0.97265625 0.2109375
vn -0.0861206055 0.9375 0.337158203
vn -0.0721435547 0.883300781 0.463378906
vn -0.268798828 0.958984375 0.0899047852
vn -0.271972656 0.960449219 -0.0561218262
vn -0.260253906 0.937988281 0.229492188
vn -0.24597168 0.897949219 0.364990234
vn -0.443359375 0.862792969 0.242919922
vn -0.424560547 0.817382812 0.389892578
vn -0.450927734 0.888183594 0.0902099609
vn -0.447265625 0.891601562 -0.069152832
vn -0.430664062 0.87109375 -0.235351562
vn -0.600097656 0.752441406 -0.270507812
vn -0.633789062 0.767578125 -0.0934448242
vn -0.646484375 0.758789062 0.0797119141
vn 0.324462891 0.436279297 -0.839355469
vn 0.506347656 0.362060547 -0.782714844
vn 0.481933594 0.494140625 -0.723632812
vn 0.336181641 0.336914062 -0.879394531
vn 0.135131836 0.350830078 -0.926757812
vn 0.504882812 0.208251953 -0.837402344
vn 0.654785156 0.184448242 -0.732910156
vn 0.647460938 0.372314453 -0.665039062
vn 0.619140625 -0.0229034424 -0.784667969
vn 0.473144531 0.0417480469 -0.879882812
vn 0.5390625 -0.22668457 -0.811035156
vn 0.330810547 0.225341797 -0.916503906
vn 0.139770508 0.295166016 -0.9453125
vn -0.0844726562 0.228759766 -0.969726562
vn 0.122558594 0.399414062 -0.908691406
vn 0.10345459 0.440185547 -0.892089844
vn 0.0784912109 0.472412109 -0.877929688
vn 0.048614502 0.496337891 -0.866699219
vn 0.0147323608 0.511230469 -0.859375
vn -0.0225067139 0.517089844 -0.85546875
vn -0.0624084473 0.513671875 -0.855957031
vn -0.104370117 0.500488281 -0.859375
vn -0.146972656 0.477050781 -0.866699219
vn -0.188964844 0.442871094 -0.876464844
vn -0.228637695 0.398193359 -0.888183594
vn -0.263427734 0.343261719 -0.901367188
vn -0.290039062 0.280517578 -0.915039062
vn -0.306396484 0.213745117 -0.927734375
vn -0.311523438 0.148071289 -0.938476562
vn -0.306396484 0.0871582031 -0.947753906
vn -0.292724609 0.0335083008 -0.955566406
vn -0.271728516 -0.0114440918 -0.962402344
vn -0.244628906 -0.0468444824 -0.968261719
vn -0.424072266 -0.228759766 -0.876464844
vn -0.370849609 -0.291259766 -0.881835938
vn -0.212768555 -0.0720214844 -0.974609375
vn -0.310302734 -0.335449219 -0.889648438
vn 0.135498047 0.233764648 -0.962890625
vn 0.305664062 0.106811523 -0.946289062
vn 0.12109375 0.169799805 -0.978027344
vn 0.409912109 -0.122741699 -0.903808594
vn 0.424804688 -0.403320312 -0.810546875
vn 0.261230469 -0.0101623535 -0.965332031
vn 0.322509766 -0.26953125 -0.907226562
vn 0.294433594 -0.539550781 -0.7890625
vn 0.220825195 -0.388916016 -0.89453125
vn 0.201049805 -0.116760254 -0.97265625
vn 0.130737305 -0.20690918 -0.969726562
vn 0.096862793 0.107055664 -0.989746094
vn 0.0646362305 0.0498657227 -0.996582031
vn 0.0271453857 0.00110721588 -0.999511719
vn 0.0550537109 -0.27734375 -0.958984375
vn -0.0133972168 -0.037902832 -0.999023438
vn 0.703125 0.544433594 -0.456787109
vn 0.847167969 0.358398438 -0.391601562
vn 0.775390625 0.545898438 -0.317382812
vn 0.760253906 0.370605469 -0.533203125
vn 0.606933594 0.528808594 -0.593261719
vn 0.647460938 0.372314453 -0.665039062
vn 0.481933594 0.494140625 -0.723632812
vn 0.506347656 0.362060547 -0.782714844
vn 0.647460938 0.372314453 -0.665039062
vn 0.606933594 0.528808594 -0.593261719
vn 0.760253906 0.370605469 -0.533203125
vn 0.876464844 0.122192383 -0.466064453
vn 0.847167969 0.358398438 -0.391601562
vn 0.778808594 0.155395508 -0.607421875
vn 0.647460938 0.372314453 -0.665039062
vn 0.654785156 0.184448242 -0.732910156
vn 0.741699219 -0.0853881836 -0.665039062
vn 0.619140625 -0.0229034424 -0.784667969
vn 0.838867188 -0.144165039 -0.524902344
vn 0.645996094 -0.319824219 -0.693359375
vn 0.5390625 -0.22668457 -0.811035156
vn 0.729003906 -0.400146484 -0.555175781
vn 0.908203125 -0.198242188 -0.367919922
vn 0.946777344 0.0856323242 -0.310791016
vn 0.788574219 -0.467041016 -0.400390625
vn 0.613769531 -0.677734375 -0.405029297
vn 0.822265625 -0.51953125 -0.232666016
vn 0.948730469 -0.24621582 -0.197143555
vn 0.639648438 -0.728515625 -0.246337891
vn 0.80859375 0.0936889648 0.580566406
vn 0.678710938 -0.158447266 0.716796875
vn 0.680664062 0.0168151855 0.732421875
vn 0.817382812 -0.12097168 0.562988281
vn 0.895507812 0.161743164 0.415039062
vn 0.639160156 -0.338378906 0.690917969
vn 0.916992188 -0.0798339844 0.391113281
vn 0.772949219 -0.345458984 0.532714844
vn 0.562988281 -0.502929688 0.655761719
vn 0.87109375 -0.338134766 0.355957031
vn 0.9765625 -0.0372924805 0.21105957
vn 0.675292969 -0.549804688 0.491699219
vn 0.461669922 -0.637695312 0.616699219
vn 0.543457031 -0.710449219 0.447265625
vn 0.757324219 -0.572753906 0.313232422
vn 0.600097656 -0.752441406 0.270507812
vn 0.932617188 -0.317871094 0.170288086
vn 0.999511719 0.00518035889 0.03074646
vn 0.80859375 -0.57421875 0.128662109
vn 0.633789062 -0.767578125 0.0934448242
vn 0.958007812 -0.286621094 -0.0161590576
vn 0.829589844 -0.555664062 -0.0549926758
vn 0.98828125 0.0464172363 -0.14440918
vn 0.947753906 0.307128906 -0.0857543945
vn 0.909667969 0.337158203 -0.2421875
vn 0.948730469 -0.24621582 -0.197143555
vn 0.822265625 -0.51953125 -0.232666016
vn 0.946777344 0.0856323242 -0.310791016
vn 0.908203125 -0.198242188 -0.367919922
vn 0.847167969 0.358398438 -0.391601562
vn 0.876464844 0.122192383 -0.466064453
vn 0.822265625 -0.51953125 -0.232666016
vn 0.646484375 -0.758789062 -0.0797119141
vn 0.829589844 -0.555664062 -0.0549926758
vn 0.639648438 -0.728515625 -0.246337891
vn 0.450927734 -0.888183594 -0.0902099609
vn 0.443359375 -0.862792969 -0.242919922
vn 0.613769531 -0.677734375 -0.405029297
vn 0.447265625 -0.891601562 0.069152832
vn 0.633789062 -0.767578125 0.0934448242
vn 0.271972656 -0.960449219 0.0561218262
vn 0.268554688 -0.939941406 0.21105957
vn 0.424560547 -0.817382812 -0.389892578
vn 0.569824219 -0.606933594 -0.553710938
vn 0.39453125 -0.75 -0.530761719
vn 0.268798828 -0.958984375 -0.0899047852
vn 0.260253906 -0.937988281 -0.229492188
vn 0.24597168 -0.897949219 -0.364990234
vn 0.225830078 -0.837402344 -0.498046875
vn 0.351806641 -0.658691406 -0.665039062
vn 0.198242188 -0.751464844 -0.629394531
vn 0.0721435547 -0.883300781 -0.463378906
vn 0.0551757812 -0.804199219 -0.591308594
vn 0.0860595703 -0.9375 -0.337158203
vn 0.0977172852 -0.97265625 -0.2109375
vn 0.107421875 -0.990722656 -0.0820922852
vn 0.115478516 -0.991699219 0.0530395508
vn 0.121643066 -0.97265625 0.197998047
vn -0.0661621094 -0.899902344 -0.430664062
vn -0.0561523438 -0.94921875 -0.309570312
vn -0.0458679199 -0.98046875 -0.190063477
vn -0.0350341797 -0.997070312 -0.0687866211
vn -0.0232696533 -0.998046875 0.0582885742
vn -0.0101165771 -0.98046875 0.195556641
vn -0.0759887695 -0.827636719 -0.556152344
vn 0.0342102051 -0.692871094 -0.720214844
vn -0.0855102539 -0.722167969 -0.686523438
vn -0.197143555 -0.827636719 -0.525878906
vn -0.197753906 -0.727539062 -0.657226562
vn -0.192382812 -0.895507812 -0.401367188
vn -0.311035156 -0.808105469 -0.5
vn -0.303710938 -0.711425781 -0.633300781
vn -0.184936523 -0.940917969 -0.283203125
vn -0.310546875 -0.873046875 -0.375488281
vn -0.420410156 -0.770019531 -0.479492188
vn -0.405273438 -0.67578125 -0.615722656
vn -0.52734375 -0.711914062 -0.463378906
vn -0.503417969 -0.618164062 -0.603515625
vn -0.535644531 -0.776367188 -0.331787109
vn -0.424072266 -0.833984375 -0.352539062
vn -0.304931641 -0.916992188 -0.2578125
vn -0.175170898 -0.970214844 -0.167724609
vn -0.419921875 -0.876953125 -0.233154297
vn -0.533691406 -0.819824219 -0.208129883
vn -0.295166016 -0.944335938 -0.143798828
vn -0.163085938 -0.985351562 -0.0510864258
vn -0.409912109 -0.904296875 -0.117736816
vn -0.281494141 -0.958984375 -0.0290679932
vn -0.148193359 -0.986328125 0.0708618164
vn -0.647949219 -0.739746094 -0.181518555
vn -0.647460938 -0.694824219 -0.3125
vn -0.522949219 -0.84765625 -0.088684082
vn -0.39453125 -0.918945312 -0.00233268738
vn -0.263427734 -0.960449219 0.0904541016
vn -0.129394531 -0.970703125 0.202880859
vn -0.636230469 -0.76953125 -0.055267334
vn -0.504882812 -0.862792969 0.030090332
vn -0.372558594 -0.920410156 0.11730957
vn -0.239257812 -0.945800781 0.219604492
vn -0.75 -0.661132812 -0.0158691406
vn -0.762207031 -0.629394531 -0.151977539
vn -0.723632812 -0.680175781 0.117675781
vn -0.614746094 -0.785644531 0.0695800781
vn -0.478271484 -0.864746094 0.15222168
vn -0.342529297 -0.906738281 0.245727539
vn -0.58203125 -0.7890625 0.196533203
vn -0.682617188 -0.686035156 0.251464844
vn -0.440917969 -0.852050781 0.281738281
vn -0.775390625 -0.545898438 0.317382812
vn -0.826660156 -0.534179688 0.17565918
vn -0.703125 -0.544433594 0.456787109
vn -0.625 -0.677734375 0.387451172
vn -0.606933594 -0.528808594 0.593261719
vn -0.545410156 -0.65234375 0.526367188
vn -0.535644531 -0.777832031 0.328857422
vn -0.471191406 -0.747070312 0.468994141
vn -0.438720703 -0.602539062 0.666503906
vn -0.382080078 -0.688476562 0.616210938
vn -0.388916016 -0.818847656 0.422363281
vn -0.315917969 -0.754882812 0.575195312
vn -0.260986328 -0.590332031 0.763671875
vn -0.213989258 -0.645019531 0.733886719
vn -0.300537109 -0.871582031 0.386962891
vn -0.241821289 -0.803710938 0.543457031
vn -0.159179688 -0.685058594 0.7109375
vn -0.206298828 -0.908691406 0.362792969
vn -0.160766602 -0.836914062 0.522949219
vn -0.0978393555 -0.711425781 0.695800781
vn -0.104980469 -0.931152344 0.349365234
vn -0.0728759766 -0.85546875 0.513183594
vn 0.00492858887 -0.937988281 0.346923828
vn -0.0305023193 -0.724121094 0.688964844
vn -0.0147094727 -0.511230469 0.859375
vn 0.0225524902 -0.517089844 0.85546875
vn 0.125244141 -0.926269531 0.35546875
vn 0.0223083496 -0.857421875 0.514160156
vn 0.0419311523 -0.721679688 0.690917969
vn 0.0624389648 -0.513671875 0.855957031
vn 0.257080078 -0.890136719 0.375732422
vn 0.430664062 -0.87109375 0.235351562
vn 0.398681641 -0.821777344 0.406982422
vn 0.124938965 -0.841308594 0.525878906
vn 0.118713379 -0.703613281 0.700683594
vn 0.104309082 -0.500488281 0.859375
vn 0.234619141 -0.803222656 0.547851562
vn 0.348876953 -0.736816406 0.579101562
vn 0.198364258 -0.667480469 0.717773438
vn 0.146972656 -0.477050781 0.866699219
vn 0.278564453 -0.610839844 0.740722656
vn 0.461669922 -0.637695312 0.616699219
vn 0.355712891 -0.533203125 0.767578125
vn 0.829589844 -0.555664062 -0.0549926758
vn 0.646484375 -0.758789062 -0.0797119141
vn 0.633789062 -0.767578125 0.0934448242
vn 0.80859375 -0.57421875 0.128662109
vn 0.447265625 -0.891601562 0.069152832
vn 0.430664062 -0.87109375 0.235351562
vn 0.268554688 -0.939941406 0.21105957
vn 0.600097656 -0.752441406 0.270507812
vn 0.398681641 -0.821777344 0.406982422
vn 0.543457031 -0.710449219 0.447265625
vn 0.348876953 -0.736816406 0.579101562
vn 0.461669922 -0.637695312 0.616699219
vn -0.283935547 -0.568359375 -0.771972656
vn -0.405273438 -0.67578125 -0.615722656
vn -0.303710938 -0.711425781 -0.633300781
vn -0.372070312 -0.536132812 -0.7578125
vn -0.503417969 -0.618164062 -0.603515625
vn -0.454833984 -0.482177734 -0.749023438
vn -0.310302734 -0.335449219 -0.889648438
vn -0.370849609 -0.291259766 -0.881835938
vn -0.53125 -0.405029297 -0.744140625
vn -0.597167969 -0.536132812 -0.596679688
vn -0.6328125 -0.629394531 -0.450683594
vn -0.52734375 -0.711914062 -0.463378906
vn -0.684570312 -0.424316406 -0.592773438
vn -0.598144531 -0.302490234 -0.741699219
vn -0.647460938 -0.694824219 -0.3125
vn -0.535644531 -0.776367188 -0.331787109
vn -0.734863281 -0.515625 -0.440429688
vn -0.759277344 -0.277587891 -0.588867188
vn -0.650878906 -0.172729492 -0.739257812
vn -0.758789062 -0.58203125 -0.29296875
vn -0.827148438 -0.361816406 -0.4296875
vn -0.80859375 -0.0936889648 -0.580566406
vn -0.680664062 -0.0168151855 -0.732421875
vn -0.895507812 -0.161743164 -0.415039062
vn -0.862792969 -0.427001953 -0.271484375
vn -0.944335938 -0.219970703 -0.244995117
vn -0.9765625 0.0372924805 -0.21105957
vn -0.999511719 -0.00518035889 -0.03074646
vn -0.762207031 -0.629394531 -0.151977539
vn -0.647949219 -0.739746094 -0.181518555
vn -0.871582031 -0.476074219 -0.117675781
vn -0.960449219 -0.268310547 -0.0770874023
vn -0.858886719 -0.511230469 0.0310821533
vn -0.75 -0.661132812 -0.0158691406
vn -0.947753906 -0.307128906 0.0857543945
vn -0.98828125 -0.0464172363 0.14440918
vn -0.948730469 0.24621582 0.197143555
vn -0.958007812 0.286621094 0.0161590576
vn -0.946777344 -0.0856323242 0.310791016
vn -0.909667969 -0.337158203 0.2421875
vn -0.826660156 -0.534179688 0.17565918
vn -0.723632812 -0.680175781 0.117675781
vn -0.847167969 -0.358398438 0.391845703
vn -0.775390625 -0.545898438 0.317382812
vn -0.370849609 -0.291259766 -0.881835938
vn -0.424072266 -0.228759766 -0.876464844
vn -0.53125 -0.405029297 -0.744140625
vn -0.598144531 -0.302490234 -0.741699219
vn -0.467773438 -0.147583008 -0.871582031
vn -0.271728516 -0.0114440918 -0.962402344
vn -0.650878906 -0.172729492 -0.739257812
vn -0.292724609 0.0335083008 -0.955566406
vn -0.498291016 -0.0486755371 -0.865722656
vn -0.680664062 -0.0168151855 -0.732421875
vn -0.306396484 0.0871582031 -0.947753906
vn -0.512207031 0.065612793 -0.856445312
vn -0.678710938 0.158447266 -0.716796875
vn -0.311523438 0.148071289 -0.938476562
vn -0.505371094 0.190185547 -0.841796875
vn -0.639160156 0.338378906 -0.690917969
vn -0.306396484 0.213745117 -0.927734375
vn -0.475341797 0.31640625 -0.820800781
vn -0.562988281 0.502929688 -0.655761719
vn -0.290039062 0.280517578 -0.915039062
vn -0.423583984 0.43359375 -0.795410156
vn -0.263427734 0.343261719 -0.901367188
vn -0.647460938 -0.372314453 0.665039062
vn -0.504882812 -0.208251953 0.837402344
vn -0.506347656 -0.362060547 0.782714844
vn -0.654785156 -0.184448242 0.732910156
vn -0.760253906 -0.370605469 0.533203125
vn -0.473144531 -0.0417785645 0.879882812
vn -0.778808594 -0.155395508 0.607421875
vn -0.847167969 -0.358398438 0.391845703
vn -0.876464844 -0.122192383 0.466064453
vn -0.619140625 0.0228881836 0.784667969
vn -0.741699219 0.0853271484 0.665039062
vn -0.838867188 0.144165039 0.524902344
vn -0.946777344 -0.0856323242 0.310791016
vn -0.908203125 0.198242188 0.367919922
vn -0.409912109 0.122741699 0.903808594
vn -0.5390625 0.22668457 0.811035156
vn -0.645996094 0.319824219 0.693359375
vn -0.729003906 0.400146484 0.555175781
vn -0.261230469 0.0101928711 0.965332031
vn -0.305664062 -0.106811523 0.946289062
vn -0.201049805 0.116760254 0.97265625
vn -0.322509766 0.269775391 0.907226562
vn -0.130737305 0.206787109 0.969726562
vn -0.424804688 0.403320312 0.810546875
vn -0.220825195 0.388916016 0.89453125
vn -0.0550231934 0.277587891 0.958984375
vn -0.507324219 0.515625 0.690429688
vn -0.788574219 0.467041016 0.400390625
vn -0.948730469 0.24621582 0.197143555
vn -0.822265625 0.51953125 0.232666016
vn -0.613769531 0.677734375 0.405029297
vn -0.569824219 0.606933594 0.553710938
vn -0.294433594 0.539550781 0.7890625
vn -0.114196777 0.477783203 0.87109375
vn 0.0223083496 0.327636719 0.944335938
vn -0.351806641 0.658691406 0.665039062
vn -0.39453125 0.75 0.530761719
vn -0.161743164 0.634277344 0.756347656
vn -0.00834655762 0.537109375 0.843261719
vn 0.0989379883 0.358154297 0.928222656
vn -0.909667969 -0.337158203 0.2421875
vn -0.876464844 -0.122192383 0.466064453
vn -0.847167969 -0.358398438 0.391845703
vn -0.946777344 -0.0856323242 0.310791016
vn -0.98828125 -0.0464172363 0.14440918
vn -0.908203125 0.198242188 0.367919922
vn -0.948730469 0.24621582 0.197143555
vn -0.9765625 0.0372924805 -0.21105957
vn -0.958007812 0.286621094 0.0161590576
vn -0.999511719 -0.00518035889 -0.03074646
vn -0.932617188 0.317871094 -0.170288086
vn -0.916992188 0.0798339844 -0.391113281
vn -0.895507812 -0.161743164 -0.415039062
vn -0.80859375 -0.0936889648 -0.580566406
vn -0.817382812 0.120910645 -0.562988281
vn -0.680664062 -0.0168151855 -0.732421875
vn -0.678710938 0.158447266 -0.716796875
vn -0.87109375 0.338134766 -0.355957031
vn -0.772460938 0.345458984 -0.532714844
vn -0.639160156 0.338378906 -0.690917969
vn -0.675292969 0.549804688 -0.491699219
vn -0.562988281 0.502929688 -0.655761719
vn -0.757324219 0.572753906 -0.313232422
vn -0.80859375 0.57421875 -0.128662109
vn -0.829589844 0.555664062 0.0549926758
vn -0.822265625 0.51953125 0.232666016
vn -0.948730469 0.24621582 0.197143555
vn -0.639648438 0.728515625 0.246337891
vn -0.646484375 0.758789062 0.0797119141
vn -0.633789062 0.767578125 -0.0934448242
vn -0.600097656 0.752441406 -0.270507812
vn -0.543457031 0.710449219 -0.447265625
vn -0.461669922 0.637695312 -0.616699219
vn -0.423583984 0.43359375 -0.795410156
vn -0.355712891 0.533203125 -0.767578125
vn -0.263427734 0.343261719 -0.901367188
vn -0.355712891 0.533203125 -0.767578125
vn -0.423583984 0.43359375 -0.795410156
vn -0.228637695 0.398193359 -0.888183594
vn -0.278564453 0.611328125 -0.740722656
vn -0.543457031 0.710449219 -0.447265625
vn -0.430664062 0.87109375 -0.235351562
vn -0.600097656 0.752441406 -0.270507812
vn -0.398681641 0.821777344 -0.406982422
vn -0.461669922 0.637695312 -0.616699219
vn -0.268554688 0.939941406 -0.21105957
vn -0.271972656 0.960449219 -0.0561218262
vn -0.348876953 0.736816406 -0.579101562
vn -0.355712891 0.533203125 -0.767578125
vn -0.278564453 0.611328125 -0.740722656
vn -0.115478516 0.991699219 -0.0530395508
vn -0.107421875 0.990722656 0.0820922852
vn -0.121643066 0.97265625 -0.197998047
vn -0.257080078 0.890136719 -0.375732422
vn -0.234619141 0.803222656 -0.547851562
vn -0.125244141 0.926269531 -0.35546875
vn 0.0101242065 0.98046875 -0.195556641
vn 0.0232696533 0.998046875 -0.0582885742
vn 0.148193359 0.986328125 -0.0709228516
vn 0.129394531 0.970703125 -0.202880859
vn 0.263427734 0.960449219 -0.0905151367
vn -0.00493240356 0.937988281 -0.346923828
vn 0.104980469 0.931152344 -0.349365234
vn -0.0223236084 0.857421875 -0.514160156
vn -0.125 0.841308594 -0.525878906
vn -0.198364258 0.667480469 -0.717773438
vn -0.118713379 0.703613281 -0.700683594
vn -0.0419311523 0.721679688 -0.690917969
vn -0.188964844 0.442871094 -0.876464844
vn -0.228637695 0.398193359 -0.888183594
vn -0.146972656 0.477050781 -0.866699219
vn -0.104370117 0.500488281 -0.859375
vn -0.0624084473 0.513671875 -0.855957031
vn 0.0305328369 0.724121094 -0.688964844
vn -0.0225067139 0.517089844 -0.85546875
vn 0.0978393555 0.711425781 -0.695800781
vn 0.0147323608 0.511230469 -0.859375
vn -0.646484375 0.758789062 0.0797119141
vn -0.450927734 0.888183594 0.0902099609
vn -0.443359375 0.862792969 0.242919922
vn -0.639648438 0.728515625 0.246337891
vn -0.647949219 0.739746094 0.181518555
vn -0.758789062 0.58203125 0.29296875
vn -0.762207031 0.629394531 0.151977539
vn -0.647460938 0.694824219 0.3125
vn -0.533691406 0.819824219 0.208007812
vn -0.535644531 0.776367188 0.331787109
vn -0.419921875 0.876953125 0.233154297
vn -0.424072266 0.833984375 0.352539062
vn -0.304931641 0.916992188 0.2578125
vn -0.310546875 0.873046875 0.375488281
vn -0.734863281 0.515625 0.440429688
vn -0.6328125 0.629394531 0.450683594
vn -0.52734375 0.711914062 0.463378906
vn -0.420410156 0.770019531 0.479492188
vn -0.827148438 0.361816406 0.4296875
vn -0.862792969 0.427001953 0.271484375
vn -0.895507812 0.161743164 0.415039062
vn -0.311035156 0.808105469 0.5
vn -0.192382812 0.895507812 0.401367188
vn -0.197143555 0.827636719 0.525878906
vn -0.0661621094 0.899902344 0.430908203
vn -0.0759887695 0.827636719 0.556152344
vn 0.0721435547 0.883300781 0.463378906
vn 0.0552062988 0.804199219 0.591308594
vn 0.225830078 0.837402344 0.498046875
vn 0.198242188 0.751464844 0.629394531
vn 0.39453125 0.75 0.530761719
vn -0.0855102539 0.722167969 0.686523438
vn 0.0342102051 0.692871094 0.720214844
vn -0.197753906 0.727539062 0.657226562
vn -0.303955078 0.711425781 0.633300781
vn -0.405273438 0.67578125 0.615722656
vn -0.19128418 0.580078125 0.791992188
vn -0.0938110352 0.5703125 0.815917969
vn -0.283935547 0.568359375 0.771972656
vn -0.503417969 0.618164062 0.603515625
vn -0.372070312 0.536132812 0.7578125
vn -0.454833984 0.482177734 0.749023438
vn -0.597167969 0.536132812 0.596679688
vn -0.53125 0.405029297 0.744140625
vn -0.684570312 0.424316406 0.592773438
vn -0.598144531 0.302490234 0.741699219
vn -0.759277344 0.277587891 0.588867188
vn -0.650878906 0.172851562 0.739257812
vn -0.80859375 0.0936889648 0.580566406
vn -0.817382812 -0.12097168 0.562988281
vn -0.916992188 -0.0798339844 0.391113281
vn -0.678710938 -0.158447266 0.716796875
vn -0.680664062 0.0168151855 0.732421875
vn -0.512207031 -0.065612793 0.856445312
vn -0.505371094 -0.190185547 0.841796875
vn -0.306396484 -0.213745117 0.927734375
vn -0.498291016 0.0486450195 0.865722656
vn -0.311523438 -0.148071289 0.938476562
vn -0.0844726562 -0.228759766 0.969726562
vn -0.306396484 -0.0872192383 0.947753906
vn -0.292724609 -0.0335083008 0.955566406
vn -0.467773438 0.147583008 0.871582031
vn -0.424072266 0.228759766 0.876464844
vn -0.271728516 0.0114364624 0.962402344
vn -0.370849609 0.291259766 0.881835938
vn -0.244628906 0.0468139648 0.968261719
vn -0.310302734 0.335449219 0.889648438
vn -0.212768555 0.0719604492 0.974609375
vn -0.244018555 0.361572266 0.899902344
vn -0.177001953 0.0866699219 0.98046875
vn -0.173217773 0.369140625 0.913085938
vn -0.138305664 0.0908203125 0.986328125
vn -0.0989379883 0.358154297 0.928222656
vn 0.00834655762 0.537109375 0.843261719
vn -0.0974731445 0.0841064453 0.991699219
vn -0.0553588867 0.06640625 0.99609375
vn -0.0223083496 0.327636719 0.944335938
vn 0.114196777 0.477783203 0.87109375
vn 0.0550231934 0.277587891 0.958984375
vn -0.298339844 0.520996094 -0.799804688
vn -0.481933594 0.494140625 -0.723632812
vn -0.324462891 0.436279297 -0.839355469
vn -0.438720703 0.602539062 -0.666503906
vn -0.260986328 0.590332031 -0.763671875
vn -0.382080078 0.688476562 -0.616210938
vn -0.213989258 0.645019531 -0.733886719
vn -0.545410156 0.65234375 -0.526367188
vn -0.315917969 0.754882812 -0.575195312
vn -0.159179688 0.685058594 -0.7109375
vn -0.471191406 0.747070312 -0.468994141
vn -0.625 0.677734375 -0.387451172
vn -0.241821289 0.803710938 -0.543945312
vn -0.0978393555 0.711425781 -0.695800781
vn -0.388916016 0.818847656 -0.422363281
vn -0.535644531 0.777832031 -0.328857422
vn -0.682617188 0.686035156 -0.251464844
vn -0.58203125 0.7890625 -0.196533203
vn -0.440917969 0.852050781 -0.281738281
vn -0.300537109 0.871582031 -0.386962891
vn -0.160766602 0.836914062 -0.522949219
vn -0.478271484 0.864746094 -0.15222168
vn -0.614746094 0.785644531 -0.069519043
vn -0.342529297 0.906738281 -0.245727539
vn -0.504882812 0.862792969 -0.030090332
vn -0.636230469 0.76953125 0.055267334
vn -0.0305328369 0.724121094 -0.688964844
vn 0.0225067139 0.517089844 -0.85546875
vn 0.0624084473 0.513671875 -0.855957031
vn 0.0419311523 0.721679688 -0.690917969
vn -0.0728759766 0.85546875 -0.513183594
vn 0.0223236084 0.857421875 -0.514160156
vn -0.206298828 0.908691406 -0.362792969
vn -0.104980469 0.931152344 -0.349365234
vn 0.00493240356 0.937988281 -0.346923828
vn -0.239135742 0.945800781 -0.219604492
vn -0.129394531 0.970703125 -0.202880859
vn -0.372558594 0.920410156 -0.11730957
vn -0.263427734 0.960449219 -0.0905151367
vn -0.0101242065 0.98046875 -0.195556641
vn 0.125244141 0.926269531 -0.35546875
vn 0.121643066 0.97265625 -0.197998047
vn -0.39453125 0.918945312 0.00233459473
vn -0.148193359 0.986328125 -0.0709228516
vn -0.0232696533 0.998046875 -0.0582885742
vn -0.281494141 0.958984375 0.0290679932
vn -0.522949219 0.84765625 0.088684082
vn -0.647949219 0.739746094 0.181518555
vn -0.533691406 0.819824219 0.208007812
vn -0.409912109 0.904296875 0.117736816
vn -0.419921875 0.876953125 0.233154297
vn -0.295166016 0.944335938 0.143798828
vn -0.304931641 0.916992188 0.2578125
vn -0.163085938 0.985351562 0.0510864258
vn -0.175170898 0.970214844 0.167724609
vn -0.0350341797 0.997070312 0.0687866211
vn -0.184936523 0.940917969 0.283203125
vn -0.310546875 0.873046875 0.375488281
vn -0.192382812 0.895507812 0.401367188
vn -0.0458679199 0.98046875 0.190063477
vn -0.0561523438 0.94921875 0.309570312
vn -0.0661621094 0.899902344 0.430908203
vn 0.115478516 0.991699219 -0.0530395508
vn 0.268554688 0.939941406 -0.21105957
vn 0.107421875 0.990722656 0.0820922852
vn 0.0861206055 0.9375 0.337158203
vn 0.0721435547 0.883300781 0.463378906
vn 0.0977172852 0.97265625 0.2109375
vn 0.271972656 0.960449219 -0.0561218262
vn 0.24597168 0.897949219 0.364990234
vn 0.225830078 0.837402344 0.498046875
vn 0.260253906 0.937988281 0.229492188
vn 0.268798828 0.958984375 0.0899047852
vn 0.430664062 0.87109375 -0.235351562
vn 0.398681641 0.821777344 -0.406982422
vn 0.424560547 0.817382812 0.389892578
vn 0.39453125 0.75 0.530761719
vn 0.447265625 0.891601562 -0.069152832
vn 0.443359375 0.862792969 0.242919922
vn 0.450927734 0.888183594 0.0902099609
vn 0.639648438 0.728515625 0.246337891
vn 0.613769531 0.677734375 0.405029297
vn 0.646484375 0.758789062 0.0797119141
vn 0.543457031 0.710449219 -0.447265625
vn 0.461669922 0.637695312 -0.616699219
vn 0.600097656 0.752441406 -0.270507812
vn 0.675292969 0.549804688 -0.491699219
vn 0.757324219 0.572753906 -0.313232422
vn 0.633789062 0.767578125 -0.0934448242
vn 0.80859375 0.57421875 -0.128662109
vn 0.829589844 0.555664062 0.0549926758
vn -0.324462891 0.436279297 -0.839355469
vn -0.481933594 0.494140625 -0.723632812
vn -0.506347656 0.362060547 -0.782714844
vn -0.336181641 0.336914062 -0.879394531
vn -0.504882812 0.208251953 -0.837402344
vn -0.330810547 0.225341797 -0.916503906
vn -0.135131836 0.350830078 -0.926757812
vn -0.336181641 0.336914062 -0.879394531
vn -0.139770508 0.295166016 -0.9453125
vn -0.324462891 0.436279297 -0.839355469
vn -0.122619629 0.399414062 -0.908691406
vn -0.298339844 0.520996094 -0.799804688
vn -0.10345459 0.440185547 -0.892089844
vn -0.260986328 0.590332031 -0.763671875
vn -0.0784912109 0.472412109 -0.877929688
vn -0.213989258 0.645019531 -0.733886719
vn -0.048614502 0.496337891 -0.866699219
vn -0.159179688 0.685058594 -0.7109375
vn -0.0147323608 0.511230469 -0.859375
vn -0.0978393555 0.711425781 -0.695800781
vn 0.0225067139 0.517089844 -0.85546875
vn -0.944335938 0.219970703 0.244995117
vn -0.895507812 0.161743164 0.415039062
vn -0.916992188 -0.0798339844 0.391113281
vn -0.9765625 -0.0372924805 0.21105957
vn -0.87109375 -0.338134766 0.355957031
vn -0.932617188 -0.317871094 0.170288086
vn -0.757324219 -0.572753906 0.313232422
vn -0.80859375 -0.57421875 0.128662109
vn -0.960449219 0.268310547 0.0770263672
vn -0.999511719 0.00517654419 0.03074646
vn -0.958007812 -0.286621094 -0.0161590576
vn -0.871582031 0.475830078 0.117675781
vn -0.862792969 0.427001953 0.271484375
vn -0.762207031 0.629394531 0.151977539
vn -0.75 0.661132812 0.0158843994
vn -0.858886719 0.511230469 -0.0310821533
vn -0.723632812 0.680175781 -0.117675781
vn -0.947753906 0.307128906 -0.0857543945
vn -0.826660156 0.534179688 -0.17565918
vn -0.682617188 0.686035156 -0.251464844
vn -0.775390625 0.545898438 -0.317382812
vn -0.98828125 0.0464172363 -0.14440918
vn -0.909667969 0.337158203 -0.2421875
vn -0.847167969 0.358398438 -0.391601562
vn -0.703125 0.544433594 -0.456787109
vn -0.946777344 0.0856323242 -0.310791016
vn -0.948730469 -0.24621582 -0.197143555
vn -0.760253906 0.370605469 -0.533203125
vn -0.606933594 0.528808594 -0.593261719
vn -0.876464844 0.122192383 -0.466064453
vn -0.647460938 0.372314453 -0.665039062
vn -0.481933594 0.494140625 -0.723632812
vn -0.506347656 0.362060547 -0.782714844
vn -0.778808594 0.155395508 -0.607421875
vn -0.654785156 0.184448242 -0.732910156
vn -0.504882812 0.208251953 -0.837402344
vn -0.908203125 -0.198242188 -0.367919922
vn -0.829589844 -0.555664062 -0.0549926758
vn -0.633789062 -0.767578125 0.0934448242
vn -0.646484375 -0.758789062 -0.0797119141
vn -0.822265625 -0.51953125 -0.232666016
vn -0.639648438 -0.728515625 -0.246337891
vn -0.788574219 -0.467041016 -0.400390625
vn -0.613769531 -0.677734375 -0.405029297
vn -0.838867188 -0.144287109 -0.524902344
vn -0.729003906 -0.400146484 -0.555175781
vn -0.569824219 -0.606933594 -0.553710938
vn -0.741699219 -0.0853881836 -0.665039062
vn -0.645996094 -0.319824219 -0.693359375
vn -0.619140625 -0.0229034424 -0.784667969
vn -0.507324219 -0.515625 -0.690429688
vn -0.39453125 -0.75 -0.530761719
vn -0.351806641 -0.658691406 -0.665039062
vn -0.5390625 -0.22668457 -0.811035156
vn -0.424804688 -0.403320312 -0.810546875
vn -0.473144531 0.0417480469 -0.879882812
vn -0.330810547 0.225341797 -0.916503906
vn -0.409912109 -0.122741699 -0.903808594
vn -0.305664062 0.106811523 -0.946289062
vn -0.261230469 -0.0101623535 -0.965332031
vn -0.139770508 0.295166016 -0.9453125
vn -0.336181641 0.336914062 -0.879394531
vn -0.330810547 0.225341797 -0.916503906
vn -0.135498047 0.233764648 -0.962890625
vn 0.0844726562 0.228759766 -0.969726562
vn -0.135131836 0.350830078 -0.926757812
vn -0.122619629 0.399414062 -0.908691406
vn -0.10345459 0.440185547 -0.892089844
vn -0.0784912109 0.472412109 -0.877929688
vn -0.048614502 0.496337891 -0.866699219
vn -0.0147323608 0.511230469 -0.859375
vn 0.0225067139 0.517089844 -0.85546875
vn 0.0624084473 0.513671875 -0.855957031
vn 0.104370117 0.500488281 -0.859375
vn 0.146972656 0.477050781 -0.866699219
vn 0.188964844 0.442871094 -0.876464844
vn -0.305664062 0.106811523 -0.946289062
vn 0.228637695 0.398193359 -0.888183594
vn -0.12109375 0.169799805 -0.978027344
vn -0.261230469 -0.0101623535 -0.965332031
vn 0.263427734 0.343261719 -0.901367188
vn -0.096862793 0.107055664 -0.989746094
vn -0.0646362305 0.0498657227 -0.996582031
vn -0.201049805 -0.116760254 -0.97265625
vn 0.355712891 0.533203125 -0.767578125
vn -0.130737305 -0.20690918 -0.969726562
vn 0.423583984 0.43359375 -0.795410156
vn -0.0271453857 0.00110721588 -0.999511719
vn -0.0550537109 -0.27734375 -0.958984375
vn 0.0133972168 -0.037902832 -0.999023438
vn 0.022354126 -0.327880859 -0.944335938
vn 0.0554504395 -0.0664672852 -0.99609375
vn 0.0989379883 -0.358154297 -0.928222656
vn 0.0974121094 -0.0841674805 -0.991699219
vn 0.138183594 -0.0908203125 -0.986328125
vn 0.177001953 -0.086730957 -0.98046875
vn 0.212768555 -0.0720214844 -0.974609375
vn 0.244628906 -0.0468444824 -0.968261719
vn 0.271728516 -0.0114440918 -0.962402344
vn 0.424072266 -0.228759766 -0.876464844
vn 0.467773438 -0.147583008 -0.871582031
vn 0.292724609 0.0335083008 -0.955566406
vn 0.498291016 -0.0486450195 -0.865722656
vn 0.650878906 -0.172729492 -0.739257812
vn 0.680664062 -0.0168151855 -0.732421875
vn 0.306396484 0.0872192383 -0.947753906
vn 0.512207031 0.065612793 -0.856445312
vn 0.311523438 0.148071289 -0.938476562
vn 0.678710938 0.158447266 -0.716796875
vn 0.817382812 0.120910645 -0.562988281
vn 0.772460938 0.345458984 -0.532714844
vn 0.639160156 0.338378906 -0.690917969
vn 0.505371094 0.190185547 -0.841796875
vn 0.306396484 0.213745117 -0.927734375
vn 0.475341797 0.31640625 -0.820800781
vn 0.562988281 0.502929688 -0.655761719
vn 0.290039062 0.280517578 -0.915039062
vn -0.680664062 0.0168151855 0.732421875
vn -0.505371094 -0.190185547 0.841796875
vn -0.678710938 -0.158447266 0.716796875
vn -0.475341797 -0.31640625 0.820800781
vn -0.639160156 -0.338378906 0.690917969
vn -0.817382812 -0.12097168 0.562988281
vn -0.423583984 -0.43359375 0.795410156
vn -0.772949219 -0.345458984 0.532714844
vn -0.916992188 -0.0798339844 0.391113281
vn -0.87109375 -0.338134766 0.355957031
vn -0.562988281 -0.502929688 0.655761719
vn -0.355712891 -0.533203125 0.767578125
vn -0.461669922 -0.637695312 0.616699219
vn -0.675292969 -0.549804688 0.491699219
vn -0.757324219 -0.572753906 0.313232422
vn -0.543457031 -0.710449219 0.447265625
vn -0.757324219 -0.572753906 0.313232422
vn -0.675292969 -0.549804688 0.491699219
vn -0.543457031 -0.710449219 0.447265625
vn -0.600097656 -0.752441406 0.270507812
vn -0.80859375 -0.57421875 0.128662109
vn -0.633789062 -0.767578125 0.0934448242
vn -0.430664062 -0.87109375 0.235351562
vn -0.447265625 -0.891601562 0.069152832
vn -0.646484375 -0.758789062 -0.0797119141
vn -0.450927734 -0.888183594 -0.0902099609
vn -0.409912109 -0.122741699 -0.903808594
vn -0.5390625 -0.22668457 -0.811035156
vn -0.424804688 -0.403320312 -0.810546875
vn -0.322509766 -0.26953125 -0.907226562
vn -0.507324219 -0.515625 -0.690429688
vn -0.351806641 -0.658691406 -0.665039062
vn -0.294433594 -0.539550781 -0.7890625
vn -0.261230469 -0.0101623535 -0.965332031
vn -0.409912109 -0.122741699 -0.903808594
vn -0.322509766 -0.26953125 -0.907226562
vn -0.201049805 -0.116760254 -0.97265625
vn -0.322509766 -0.26953125 -0.907226562
vn -0.424804688 -0.403320312 -0.810546875
vn -0.294433594 -0.539550781 -0.7890625
vn -0.220825195 -0.388916016 -0.89453125
vn -0.201049805 -0.116760254 -0.97265625
vn -0.130737305 -0.20690918 -0.969726562
vn -0.114196777 -0.477783203 -0.87109375
vn -0.0550537109 -0.27734375 -0.958984375
vn -0.161743164 -0.633789062 -0.756347656
vn -0.198242188 -0.751464844 -0.629394531
vn -0.351806641 -0.658691406 -0.665039062
vn -0.0342102051 -0.692871094 -0.720214844
vn -0.00833892822 -0.537109375 -0.843261719
vn 0.022354126 -0.327880859 -0.944335938
vn 0.0855102539 -0.722167969 -0.686523438
vn 0.0938110352 -0.5703125 -0.815917969
vn 0.197753906 -0.727539062 -0.657226562
vn 0.0989379883 -0.358154297 -0.928222656
vn 0.19128418 -0.580078125 -0.791992188
vn 0.303710938 -0.711425781 -0.633300781
vn 0.173217773 -0.369140625 -0.913085938
vn 0.0974121094 -0.0841674805 -0.991699219
vn 0.138183594 -0.0908203125 -0.986328125
vn 0.283935547 -0.568359375 -0.771972656
vn 0.244018555 -0.361572266 -0.899902344
vn 0.177001953 -0.086730957 -0.98046875
vn 0.310302734 -0.335449219 -0.889648438
vn 0.372070312 -0.536132812 -0.7578125
vn 0.454833984 -0.482177734 -0.749023438
vn 0.405273438 -0.67578125 -0.615722656
vn 0.503417969 -0.618164062 -0.603515625
vn 0.597167969 -0.536132812 -0.596679688
vn 0.420410156 -0.770019531 -0.479492188
vn 0.311035156 -0.808105469 -0.5
vn 0.52734375 -0.711914062 -0.463378906
vn 0.6328125 -0.629394531 -0.450683594
vn 0.734863281 -0.515625 -0.440429688
vn 0.758789062 -0.58203125 -0.29296875
vn 0.647460938 -0.694824219 -0.3125
vn 0.862792969 -0.427001953 -0.271484375
vn -0.639648438 -0.728515625 -0.246337891
vn -0.646484375 -0.758789062 -0.0797119141
vn -0.450927734 -0.888183594 -0.0902099609
vn -0.443359375 -0.862792969 -0.242919922
vn -0.268798828 -0.958984375 -0.0899047852
vn -0.260253906 -0.937988281 -0.229370117
vn -0.424560547 -0.817382812 -0.389892578
vn -0.24597168 -0.897949219 -0.364990234
vn -0.271972656 -0.960449219 0.0561218262
vn -0.447265625 -0.891601562 0.069152832
vn -0.268554688 -0.939941406 0.21105957
vn -0.430664062 -0.87109375 0.235351562
vn -0.107421875 -0.990722656 -0.0820922852
vn -0.0977172852 -0.97265625 -0.2109375
vn -0.115478516 -0.991699219 0.0530395508
vn -0.121643066 -0.97265625 0.197998047
vn -0.0860595703 -0.9375 -0.337158203
vn -0.225830078 -0.837402344 -0.498046875
vn -0.257080078 -0.890136719 0.375732422
vn -0.125244141 -0.926269531 0.35546875
vn -0.398681641 -0.821777344 0.406982422
vn -0.600097656 -0.752441406 0.270507812
vn -0.543457031 -0.710449219 0.447265625
vn -0.348876953 -0.736816406 0.579101562
vn -0.461669922 -0.637695312 0.616699219
vn -0.234619141 -0.803222656 0.547851562
vn -0.198364258 -0.667480469 0.717773438
vn -0.278564453 -0.610839844 0.740722656
vn -0.118713379 -0.703613281 0.700683594
vn -0.124938965 -0.841308594 0.525878906
vn -0.0419311523 -0.721679688 0.690917969
vn -0.0223083496 -0.857421875 0.514160156
vn -0.00493240356 -0.937988281 0.346923828
vn 0.0101165771 -0.98046875 0.195556641
vn 0.0232696533 -0.998046875 0.0582885742
vn 0.0350341797 -0.997070312 -0.0687866211
vn 0.0458679199 -0.98046875 -0.190063477
vn 0.0305023193 -0.724121094 0.688964844
vn 0.0728759766 -0.85546875 0.513183594
vn 0.104980469 -0.931152344 0.349365234
vn 0.129394531 -0.970703125 0.202880859
vn 0.148193359 -0.986328125 0.0708618164
vn -0.0225524902 -0.517089844 0.85546875
vn -0.0624389648 -0.513671875 0.855957031
vn 0.0147094727 -0.511230469 0.859375
vn 0.0978393555 -0.711425781 0.695800781
vn 0.048614502 -0.496337891 0.866699219
vn 0.160766602 -0.836914062 0.522949219
vn 0.159179688 -0.685058594 0.7109375
vn 0.0784301758 -0.472412109 0.877929688
vn 0.213989258 -0.645019531 0.733886719
vn 0.206298828 -0.908691406 0.362792969
vn 0.241821289 -0.803710938 0.543457031
vn 0.239257812 -0.945800781 0.219604492
vn 0.315917969 -0.754882812 0.575195312
vn 0.260986328 -0.590332031 0.763671875
vn 0.300537109 -0.871582031 0.386962891
vn 0.382080078 -0.688476562 0.616210938
vn 0.298339844 -0.520996094 0.799804688
vn 0.438720703 -0.602539062 0.666503906
vn 0.388916016 -0.818847656 0.422363281
vn 0.471191406 -0.747070312 0.468994141
vn 0.545410156 -0.65234375 0.526367188
vn 0.342529297 -0.906738281 0.245727539
vn 0.263427734 -0.960449219 0.0904541016
vn 0.440917969 -0.852050781 0.281738281
vn 0.535644531 -0.777832031 0.328857422
vn 0.625 -0.677734375 0.387451172
vn 0.372558594 -0.920410156 0.11730957
vn 0.163085938 -0.985351562 -0.0510864258
vn 0.478271484 -0.864746094 0.15222168
vn 0.58203125 -0.7890625 0.196533203
vn 0.682617188 -0.686035156 0.251464844
vn 0.281494141 -0.958984375 -0.0290679932
vn 0.175170898 -0.970214844 -0.167724609
vn 0.39453125 -0.918945312 -0.00233268738
vn 0.504882812 -0.862792969 0.030090332
vn 0.614746094 -0.785644531 0.0695800781
vn 0.723632812 -0.680175781 0.117675781
vn 0.295166016 -0.944335938 -0.143798828
vn 0.0561523438 -0.94921875 -0.309570312
vn 0.409912109 -0.904296875 -0.117736816
vn 0.522949219 -0.84765625 -0.088684082
vn 0.636230469 -0.76953125 -0.055267334
vn 0.75 -0.661132812 -0.0158691406
vn 0.184936523 -0.940917969 -0.283203125
vn -0.0721435547 -0.883300781 -0.463378906
vn 0.304931641 -0.916992188 -0.2578125
vn 0.419921875 -0.876953125 -0.233154297
vn 0.533691406 -0.819824219 -0.208129883
vn 0.647949219 -0.739746094 -0.181518555
vn 0.762207031 -0.629394531 -0.151977539
vn 0.0661621094 -0.899902344 -0.430664062
vn -0.198242188 -0.751464844 -0.629394531
vn -0.351806641 -0.658691406 -0.665039062
vn -0.0551757812 -0.804199219 -0.591308594
vn -0.161743164 -0.633789062 -0.756347656
vn -0.0342102051 -0.692871094 -0.720214844
vn 0.0759887695 -0.827636719 -0.556152344
vn 0.0855102539 -0.722167969 -0.686523438
vn 0.192382812 -0.895507812 -0.401367188
vn 0.197143555 -0.827636719 -0.525878906
vn 0.197753906 -0.727539062 -0.657226562
vn 0.310546875 -0.873046875 -0.375488281
vn 0.311035156 -0.808105469 -0.5
vn 0.303710938 -0.711425781 -0.633300781
vn 0.424072266 -0.833984375 -0.352539062
vn 0.420410156 -0.770019531 -0.479492188
vn 0.535644531 -0.776367188 -0.331787109
vn 0.52734375 -0.711914062 -0.463378906
vn 0.647460938 -0.694824219 -0.3125
vn 0.6328125 -0.629394531 -0.450683594
vn 0.758789062 -0.58203125 -0.29296875
vn -0.613769531 -0.677734375 -0.405029297
vn -0.639648438 -0.728515625 -0.246337891
vn -0.443359375 -0.862792969 -0.242919922
vn -0.424560547 -0.817382812 -0.389892578
vn -0.569824219 -0.606933594 -0.553710938
vn -0.39453125 -0.75 -0.530761719
vn -0.24597168 -0.897949219 -0.364990234
vn -0.225830078 -0.837402344 -0.498046875
vn -0.351806641 -0.658691406 -0.665039062
vn -0.461669922 -0.637695312 0.616699219
vn -0.278564453 -0.610839844 0.740722656
vn -0.348876953 -0.736816406 0.579101562
vn -0.355712891 -0.533203125 0.767578125
vn -0.188964844 -0.442871094 0.876464844
vn -0.228637695 -0.398193359 0.888183594
vn -0.423583984 -0.43359375 0.795410156
vn -0.146972656 -0.477050781 0.866699219
vn -0.198364258 -0.667480469 0.717773438
vn -0.263427734 -0.343261719 0.901367188
vn -0.475341797 -0.31640625 0.820800781
vn -0.0844726562 -0.228759766 0.969726562
vn -0.104309082 -0.500488281 0.859375
vn -0.118713379 -0.703613281 0.700683594
vn -0.290039062 -0.280517578 0.915039062
vn -0.505371094 -0.190185547 0.841796875
vn -0.306396484 -0.213745117 0.927734375
vn -0.0624389648 -0.513671875 0.855957031
vn -0.0419311523 -0.721679688 0.690917969
vn -0.0225524902 -0.517089844 0.85546875
vn 0.0147094727 -0.511230469 0.859375
vn 0.048614502 -0.496337891 0.866699219
vn 0.0784301758 -0.472412109 0.877929688
vn 0.10345459 -0.439941406 0.892089844
vn 0.213989258 -0.645019531 0.733886719
vn 0.260986328 -0.590332031 0.763671875
vn 0.122558594 -0.399414062 0.908691406
vn 0.298339844 -0.520996094 0.799804688
vn 0.135009766 -0.350830078 0.926757812
vn 0.139770508 -0.295166016 0.9453125
vn 0.324462891 -0.436279297 0.839355469
vn 0.336181641 -0.336914062 0.879394531
vn 0.135498047 -0.233886719 0.962890625
vn 0.330810547 -0.225341797 0.916503906
vn 0.121032715 -0.169799805 0.978027344
vn 0.305664062 -0.106811523 0.946289062
vn 0.0968017578 -0.107055664 0.989746094
vn 0.261230469 0.0101928711 0.965332031
vn 0.473144531 -0.0417785645 0.879882812
vn 0.0646362305 -0.0498962402 0.996582031
vn 0.201049805 0.116760254 0.97265625
vn 0.0270996094 -0.00108242035 0.999511719
vn -0.013420105 0.037902832 0.999023438
vn -0.0553588867 0.06640625 0.99609375
vn 0.177001953 -0.086730957 -0.98046875
vn 0.310302734 -0.335449219 -0.889648438
vn 0.212768555 -0.0720214844 -0.974609375
vn 0.370849609 -0.291259766 -0.881835938
vn 0.244628906 -0.0468444824 -0.968261719
vn 0.454833984 -0.482177734 -0.749023438
vn 0.424072266 -0.228759766 -0.876464844
vn 0.53125 -0.405029297 -0.744140625
vn 0.597167969 -0.536132812 -0.596679688
vn 0.598144531 -0.302490234 -0.741699219
vn 0.467773438 -0.147583008 -0.871582031
vn 0.650878906 -0.172729492 -0.739257812
vn 0.684570312 -0.424316406 -0.592773438
vn 0.734863281 -0.515625 -0.440429688
vn 0.759277344 -0.277587891 -0.588867188
vn 0.827148438 -0.361816406 -0.4296875
vn 0.862792969 -0.427001953 -0.271484375
vn 0.944335938 -0.219970703 -0.244995117
vn 0.895507812 -0.161743164 -0.415039062
vn 0.80859375 -0.0936889648 -0.580566406
vn 0.680664062 -0.0168151855 -0.732421875
vn 0.916992188 0.0798339844 -0.391113281
vn 0.817382812 0.120910645 -0.562988281
vn 0.87109375 0.338134766 -0.355957031
vn 0.772460938 0.345458984 -0.532714844
vn 0.758789062 -0.58203125 -0.29296875
vn 0.871582031 -0.476074219 -0.117675781
vn 0.862792969 -0.427001953 -0.271484375
vn 0.762207031 -0.629394531 -0.151977539
vn 0.858886719 -0.511230469 0.0310821533
vn 0.75 -0.661132812 -0.0158691406
vn 0.826660156 -0.534179688 0.17565918
vn 0.723632812 -0.680175781 0.117675781
vn 0.775390625 -0.545898438 0.317382812
vn 0.682617188 -0.686035156 0.251464844
vn 0.703125 -0.544433594 0.456787109
vn 0.625 -0.677734375 0.387451172
vn 0.760253906 -0.370605469 0.533203125
vn 0.847167969 -0.358398438 0.391845703
vn 0.606933594 -0.528808594 0.593261719
vn 0.545410156 -0.65234375 0.526367188
vn 0.647460938 -0.372314453 0.665039062
vn 0.481933594 -0.494140625 0.723632812
vn 0.438720703 -0.602539062 0.666503906
vn 0.654785156 -0.184448242 0.732910156
vn 0.778808594 -0.155395508 0.607421875
vn 0.504882812 -0.208251953 0.837402344
vn 0.506347656 -0.362060547 0.782714844
vn 0.324462891 -0.436279297 0.839355469
vn 0.298339844 -0.520996094 0.799804688
vn 0.336181641 -0.336914062 0.879394531
vn 0.330810547 -0.225341797 0.916503906
vn 0.305664062 -0.106811523 0.946289062
vn 0.473144531 -0.0417785645 0.879882812
vn 0.826660156 -0.534179688 0.17565918
vn 0.775390625 -0.545898438 0.317382812
vn 0.847167969 -0.358398438 0.391845703
vn 0.909667969 -0.337158203 0.2421875
vn 0.858886719 -0.511230469 0.0310821533
vn 0.876464844 -0.122192383 0.466064453
vn 0.947753906 -0.307128906 0.0857543945
vn 0.871582031 -0.476074219 -0.117675781
vn 0.946777344 -0.0856323242 0.310791016
vn 0.838867188 0.144165039 0.524902344
vn 0.908203125 0.198242188 0.367919922
vn 0.98828125 -0.0464172363 0.14440918
vn 0.948730469 0.24621582 0.197143555
vn 0.960449219 -0.268310547 -0.0770874023
vn 0.862792969 -0.427001953 -0.271484375
vn 0.944335938 -0.219970703 -0.244995117
vn 0.999511719 -0.00518035889 -0.03074646
vn 0.958007812 0.286621094 0.0161590576
vn 0.822265625 0.51953125 0.232666016
vn 0.829589844 0.555664062 0.0549926758
vn 0.9765625 0.0372924805 -0.21105957
vn 0.895507812 -0.161743164 -0.415039062
vn 0.916992188 0.0798339844 -0.391113281
vn 0.932617188 0.317871094 -0.170288086
vn 0.80859375 0.57421875 -0.128662109
vn 0.87109375 0.338134766 -0.355957031
vn 0.757324219 0.572753906 -0.313232422
vn 0.847167969 -0.358398438 0.391845703
vn 0.760253906 -0.370605469 0.533203125
vn 0.778808594 -0.155395508 0.607421875
vn 0.876464844 -0.122192383 0.466064453
vn 0.741699219 0.0853271484 0.665039062
vn 0.838867188 0.144165039 0.524902344
vn 0.619140625 0.0228881836 0.784667969
vn 0.654785156 -0.184448242 0.732910156
vn 0.473144531 -0.0417785645 0.879882812
vn 0.504882812 -0.208251953 0.837402344
vn 0.409912109 0.122741699 0.903808594
vn 0.5390625 0.22668457 0.811035156
vn 0.322509766 0.269775391 0.907226562
vn 0.424804688 0.403320312 0.810546875
vn 0.645996094 0.319824219 0.693359375
vn 0.729003906 0.400146484 0.555175781
vn 0.908203125 0.198242188 0.367919922
vn 0.788574219 0.467041016 0.400390625
vn 0.507324219 0.515625 0.690429688
vn 0.294433594 0.539550781 0.7890625
vn 0.351806641 0.658691406 0.665039062
vn 0.569824219 0.606933594 0.553710938
vn 0.613769531 0.677734375 0.405029297
vn 0.39453125 0.75 0.530761719
vn 0.473144531 -0.0417785645 0.879882812
vn 0.261230469 0.0101928711 0.965332031
vn 0.409912109 0.122741699 0.903808594
vn 0.201049805 0.116760254 0.97265625
vn 0.322509766 0.269775391 0.907226562
vn 0.130737305 0.206787109 0.969726562
vn 0.0270996094 -0.00108242035 0.999511719
vn 0.0646362305 -0.0498962402 0.996582031
vn -0.013420105 0.037902832 0.999023438
vn 0.220825195 0.388916016 0.89453125
vn 0.424804688 0.403320312 0.810546875
vn 0.294433594 0.539550781 0.7890625
vn 0.0550231934 0.277587891 0.958984375
vn -0.0553588867 0.06640625 0.99609375
vn 0.114196777 0.477783203 0.87109375
vn 0.161743164 0.633789062 0.756347656
vn 0.351806641 0.658691406 0.665039062
vn 0.00834655762 0.537109375 0.843261719
vn 0.198242188 0.751464844 0.629394531
vn 0.39453125 0.75 0.530761719
vn 0.0342102051 0.692871094 0.720214844
vn 0.0552062988 0.804199219 0.591308594
vn -0.0938110352 0.5703125 0.815917969
vn -0.0855102539 0.722167969 0.686523438
vn 0.772460938 0.345458984 -0.532714844
vn 0.87109375 0.338134766 -0.355957031
vn 0.757324219 0.572753906 -0.313232422
vn 0.675292969 0.549804688 -0.491699219
vn 0.639160156 0.338378906 -0.690917969
vn 0.772460938 0.345458984 -0.532714844
vn 0.675292969 0.549804688 -0.491699219
vn 0.562988281 0.502929688 -0.655761719
vn 0.543457031 0.710449219 -0.447265625
vn 0.461669922 0.637695312 -0.616699219
vn 0.423583984 0.43359375 -0.795410156
vn 0.355712891 0.533203125 -0.767578125
vn 0.348876953 0.736816406 -0.579101562
vn 0.398681641 0.821777344 -0.406982422
vn 0.278564453 0.611328125 -0.740722656
vn 0.228637695 0.398193359 -0.888183594
vn 0.188964844 0.442871094 -0.876464844
vn 0.257080078 0.890136719 -0.375732422
vn 0.268554688 0.939941406 -0.21105957
vn 0.121643066 0.97265625 -0.197998047
vn 0.125244141 0.926269531 -0.35546875
vn 0.234619141 0.803222656 -0.547851562
vn 0.198364258 0.667480469 -0.717773438
vn 0.146972656 0.477050781 -0.866699219
vn 0.125 0.841308594 -0.525878906
vn 0.00493240356 0.937988281 -0.346923828
vn 0.0223236084 0.857421875 -0.514160156
vn 0.118713379 0.703613281 -0.700683594
vn 0.104370117 0.500488281 -0.859375
vn 0.0419311523 0.721679688 -0.690917969
vn 0.0624084473 0.513671875 -0.855957031
g bear_0
f 3/3/3 2/2/2 1/1/1
f 6/6/6 5/5/5 4/4/4
f 9/9/9 8/8/8 7/7/7
f 11/11/11 9/9/9 10/10/10
f 14/14/14 13/13/13 12/12/12
f 17/17/17 16/16/16 15/15/15
f 19/19/19 16/16/16 18/18/18
f 20/20/20 19/19/19 18/18/18
f 18/18/18 16/16/16 21/21/21
f 18/18/18 22/22/22 20/20/20
f 21/21/21 23/23/23 18/18/18
f 24/24/24 23/23/23 21/21/21
f 23/23/23 24/24/24 25/25/25
f 23/23/23 26/26/26 18/18/18
f 26/26/26 22/22/22 18/18/18
f 26/26/26 23/23/23 27/27/27
f 22/22/22 26/26/26 28/28/28
f 28/28/28 26/26/26 27/27/27
f 29/29/29 22/22/22 28/28/28
f 28/28/28 27/27/27 30/30/30
f 30/30/30 27/27/27 31/31/31
f 30/30/30 31/31/31 32/32/32
f 29/29/29 28/28/28 33/33/33
f 33/33/33 28/28/28 30/30/30
f 34/34/34 29/29/29 33/33/33
f 35/35/35 30/30/30 32/32/32
f 33/33/33 30/30/30 35/35/35
f 32/32/32 36/36/36 35/35/35
f 36/36/36 37/37/37 35/35/35
f 34/34/34 33/33/33 38/38/38
f 38/38/38 33/33/33 35/35/35
f 35/35/35 37/37/37 38/38/38
f 39/39/39 34/34/34 38/38/38
f 37/37/37 40/40/40 38/38/38
f 43/43/43 42/42/42 41/41/41
f 46/46/46 45/45/45 44/44/44
f 49/49/49 48/48/48 47/47/47
f 51/51/51 50/50/50 47/47/47
f 51/51/51 47/47/47 52/52/52
f 53/53/53 51/51/51 52/52/52
f 56/56/56 55/55/55 54/54/54
f 58/58/58 54/54/54 57/57/57
f 59/59/59 58/58/58 57/57/57
f 59/59/59 61/61/61 60/60/60
f 62/62/62 60/60/60 61/61/61
f 65/65/65 64/64/64 63/63/63
f 68/68/68 67/67/67 66/66/66
f 70/70/70 66/66/66 69/69/69
f 71/71/71 70/70/70 69/69/69
f 70/70/70 72/72/72 66/66/66
f 72/72/72 73/73/73 66/66/66
f 74/74/74 70/70/70 71/71/71
f 72/72/72 70/70/70 74/74/74
f 75/75/75 73/73/73 72/72/72
f 75/75/75 76/76/76 73/73/73
f 77/77/77 75/75/75 72/72/72
f 75/75/75 77/77/77 78/78/78
f 72/72/72 79/79/79 77/77/77
f 72/72/72 74/74/74 79/79/79
f 77/77/77 80/80/80 78/78/78
f 80/80/80 77/77/77 79/79/79
f 81/81/81 74/74/74 71/71/71
f 81/81/81 71/71/71 82/82/82
f 71/71/71 83/83/83 82/82/82
f 74/74/74 81/81/81 84/84/84
f 82/82/82 84/84/84 81/81/81
f 74/74/74 84/84/84 85/85/85
f 79/79/79 74/74/74 85/85/85
f 86/86/86 84/84/84 82/82/82
f 84/84/84 86/86/86 85/85/85
f 87/87/87 86/86/86 82/82/82
f 82/82/82 88/88/88 87/87/87
f 88/88/88 89/89/89 87/87/87
f 90/90/90 86/86/86 87/87/87
f 86/86/86 91/91/91 85/85/85
f 90/90/90 91/91/91 86/86/86
f 85/85/85 92/92/92 79/79/79
f 91/91/91 92/92/92 85/85/85
f 79/79/79 92/92/92 93/93/93
f 92/92/92 91/91/91 93/93/93
f 93/93/93 80/80/80 79/79/79
f 90/90/90 94/94/94 91/91/91
f 94/94/94 93/93/93 91/91/91
f 94/94/94 90/90/90 95/95/95
f 90/90/90 96/96/96 95/95/95
f 95/95/95 97/97/97 94/94/94
f 93/93/93 94/94/94 98/98/98
f 94/94/94 97/97/97 98/98/98
f 98/98/98 80/80/80 93/93/93
f 98/98/98 97/97/97 99/99/99
f 98/98/98 99/99/99 80/80/80
f 97/97/97 100/100/100 99/99/99
f 99/99/99 101/101/101 80/80/80
f 78/78/78 80/80/80 101/101/101
f 99/99/99 100/100/100 102/102/102
f 100/100/100 103/103/103 102/102/102
f 104/104/104 102/102/102 103/103/103
f 102/102/102 104/104/104 105/105/105
f 102/102/102 106/106/106 99/99/99
f 101/101/101 99/99/99 106/106/106
f 106/106/106 102/102/102 105/105/105
f 78/78/78 101/101/101 107/107/107
f 107/107/107 101/101/101 106/106/106
f 106/106/106 105/105/105 107/107/107
f 108/108/108 78/78/78 107/107/107
f 105/105/105 109/109/109 107/107/107
f 112/112/112 111/111/111 110/110/110
f 115/115/115 114/114/114 113/113/113
f 118/118/118 117/117/117 116/116/116
f 120/120/120 116/116/116 119/119/119
f 120/120/120 119/119/119 121/121/121
f 123/123/123 122/122/122 121/121/121
f 126/126/126 125/125/125 124/124/124
f 125/125/125 128/128/128 127/127/127
f 128/128/128 129/129/129 127/127/127
f 128/128/128 125/125/125 130/130/130
f 128/128/128 131/131/131 129/129/129
f 131/131/131 132/132/132 129/129/129
f 132/132/132 133/133/133 129/129/129
f 134/134/134 132/132/132 131/131/131
f 135/135/135 134/134/134 131/131/131
f 136/136/136 135/135/135 131/131/131
f 128/128/128 136/136/136 131/131/131
f 137/137/137 135/135/135 136/136/136
f 138/138/138 137/137/137 136/136/136
f 136/136/136 128/128/128 138/138/138
f 128/128/128 130/130/130 138/138/138
f 139/139/139 138/138/138 130/130/130
f 140/140/140 139/139/139 130/130/130
f 139/139/139 140/140/140 141/141/141
f 138/138/138 139/139/139 142/142/142
f 142/142/142 139/139/139 143/143/143
f 146/146/146 145/145/145 144/144/144
f 145/145/145 148/148/148 147/147/147
f 148/148/148 149/149/149 147/147/147
f 149/149/149 148/148/148 150/150/150
f 145/145/145 151/151/151 148/148/148
f 148/148/148 152/152/152 150/150/150
f 151/151/151 152/152/152 148/148/148
f 151/151/151 153/153/153 152/152/152
f 156/156/156 155/155/155 154/154/154
f 159/159/159 158/158/158 157/157/157
f 162/162/162 161/161/161 160/160/160
f 165/165/165 164/164/164 163/163/163
f 167/167/167 166/166/166 165/165/165
f 167/167/167 168/168/168 166/166/166
f 165/165/165 166/166/166 169/169/169
f 166/166/166 170/170/170 169/169/169
f 169/169/169 170/170/170 171/171/171
f 171/171/171 170/170/170 172/172/172
f 170/170/170 173/173/173 172/172/172
f 173/173/173 175/175/175 174/174/174
f 176/176/176 175/175/175 173/173/173
f 179/179/179 178/178/178 177/177/177
f 179/179/179 181/181/181 180/180/180
f 181/181/181 182/182/182 180/180/180
f 180/180/180 182/182/182 183/183/183
f 186/186/186 185/185/185 184/184/184
f 185/185/185 188/188/188 187/187/187
f 185/185/185 187/187/187 189/189/189
f 189/189/189 187/187/187 190/190/190
f 187/187/187 191/191/191 190/190/190
f 194/194/194 193/193/193 192/192/192
f 197/197/197 196/196/196 195/195/195
f 199/199/199 196/196/196 198/198/198
f 198/198/198 196/196/196 200/200/200
f 198/198/198 200/200/200 201/201/201
f 200/200/200 202/202/202 201/201/201
f 200/200/200 196/196/196 203/203/203
f 200/200/200 203/203/203 202/202/202
f 203/203/203 196/196/196 204/204/204
f 203/203/203 205/205/205 202/202/202
f 208/208/208 207/207/207 206/206/206
f 211/211/211 210/210/210 209/209/209
f 214/214/214 213/213/213 212/212/212
f 216/216/216 213/213/213 215/215/215
f 217/217/217 213/213/213 216/216/216
f 218/218/218 217/217/217 216/216/216
f 221/221/221 220/220/220 219/219/219
f 219/219/219 223/223/223 222/222/222
f 224/224/224 219/219/219 222/222/222
f 222/222/222 225/225/225 224/224/224
f 226/226/226 225/225/225 222/222/222
f 227/227/227 226/226/226 222/222/222
f 228/228/228 226/226/226 227/227/227
f 226/226/226 228/228/228 229/229/229
f 225/225/225 226/226/226 230/230/230
f 231/231/231 230/230/230 226/226/226
f 230/230/230 231/231/231 232/232/232
f 232/232/232 231/231/231 233/233/233
f 234/234/234 225/225/225 230/230/230
f 234/234/234 230/230/230 235/235/235
f 236/236/236 234/234/234 235/235/235
f 236/236/236 235/235/235 237/237/237
f 234/234/234 238/238/238 225/225/225
f 238/238/238 234/234/234 236/236/236
f 225/225/225 239/239/239 224/224/224
f 239/239/239 225/225/225 238/238/238
f 224/224/224 239/239/239 240/240/240
f 240/240/240 241/241/241 224/224/224
f 242/242/242 239/239/239 238/238/238
f 243/243/243 236/236/236 237/237/237
f 237/237/237 244/244/244 243/243/243
f 245/245/245 238/238/238 236/236/236
f 242/242/242 238/238/238 245/245/245
f 245/245/245 236/236/236 243/243/243
f 246/246/246 243/243/243 244/244/244
f 246/246/246 245/245/245 243/243/243
f 247/247/247 242/242/242 245/245/245
f 247/247/247 245/245/245 246/246/246
f 248/248/248 242/242/242 247/247/247
f 249/249/249 246/246/246 244/244/244
f 244/244/244 250/250/250 249/249/249
f 251/251/251 247/247/247 246/246/246
f 246/246/246 249/249/249 251/251/251
f 247/247/247 251/251/251 252/252/252
f 252/252/252 248/248/248 247/247/247
f 252/252/252 251/251/251 249/249/249
f 253/253/253 248/248/248 252/252/252
f 253/253/253 254/254/254 248/248/248
f 255/255/255 253/253/253 252/252/252
f 253/253/253 255/255/255 256/256/256
f 252/252/252 257/257/257 255/255/255
f 257/257/257 252/252/252 249/249/249
f 255/255/255 257/257/257 258/258/258
f 257/257/257 259/259/259 258/258/258
f 249/249/249 260/260/260 257/257/257
f 250/250/250 260/260/260 249/249/249
f 260/260/260 259/259/259 257/257/257
f 250/250/250 261/261/261 260/260/260
f 262/262/262 261/261/261 250/250/250
f 261/261/261 262/262/262 263/263/263
f 260/260/260 264/264/264 259/259/259
f 261/261/261 264/264/264 260/260/260
f 264/264/264 265/265/265 259/259/259
f 265/265/265 264/264/264 266/266/266
f 267/267/267 261/261/261 263/263/263
f 264/264/264 261/261/261 267/267/267
f 266/266/266 264/264/264 267/267/267
f 263/263/263 268/268/268 267/267/267
f 267/267/267 268/268/268 266/266/266
f 271/271/271 270/270/270 269/269/269
f 274/274/274 273/273/273 272/272/272
f 273/273/273 276/276/276 275/275/275
f 273/273/273 275/275/275 277/277/277
f 273/273/273 277/277/277 278/278/278
f 277/277/277 275/275/275 279/279/279
f 275/275/275 280/280/280 279/279/279
f 279/279/279 280/280/280 281/281/281
f 281/281/281 282/282/282 279/279/279
f 282/282/282 283/283/283 279/279/279
f 282/282/282 284/284/284 283/283/283
f 284/284/284 285/285/285 283/283/283
f 286/286/286 279/279/279 283/283/283
f 283/283/283 285/285/285 286/286/286
f 279/279/279 286/286/286 277/277/277
f 285/285/285 287/287/287 286/286/286
f 287/287/287 285/285/285 288/288/288
f 286/286/286 289/289/289 277/277/277
f 286/286/286 287/287/287 289/289/289
f 277/277/277 290/290/290 278/278/278
f 290/290/290 277/277/277 289/289/289
f 291/291/291 287/287/287 288/288/288
f 288/288/288 292/292/292 291/291/291
f 287/287/287 293/293/293 289/289/289
f 289/289/289 293/293/293 290/290/290
f 293/293/293 287/287/287 291/291/291
f 290/290/290 294/294/294 278/278/278
f 294/294/294 295/295/295 278/278/278
f 296/296/296 295/295/295 294/294/294
f 292/292/292 297/297/297 291/291/291
f 292/292/292 298/298/298 297/297/297
f 298/298/298 299/299/299 297/297/297
f 300/300/300 293/293/293 291/291/291
f 291/291/291 297/297/297 300/300/300
f 293/293/293 301/301/301 290/290/290
f 290/290/290 301/301/301 294/294/294
f 301/301/301 293/293/293 300/300/300
f 302/302/302 296/296/296 294/294/294
f 301/301/301 302/302/302 294/294/294
f 303/303/303 296/296/296 302/302/302
f 304/304/304 303/303/303 302/302/302
f 302/302/302 301/301/301 305/305/305
f 304/304/304 302/302/302 305/305/305
f 305/305/305 301/301/301 300/300/300
f 306/306/306 297/297/297 299/299/299
f 299/299/299 307/307/307 306/306/306
f 307/307/307 308/308/308 306/306/306
f 297/297/297 309/309/309 300/300/300
f 309/309/309 297/297/297 306/306/306
f 310/310/310 306/306/306 308/308/308
f 310/310/310 309/309/309 306/306/306
f 311/311/311 300/300/300 309/309/309
f 300/300/300 311/311/311 305/305/305
f 309/309/309 310/310/310 311/311/311
f 305/305/305 312/312/312 304/304/304
f 312/312/312 313/313/313 304/304/304
f 314/314/314 310/310/310 308/308/308
f 314/314/314 308/308/308 315/315/315
f 310/310/310 316/316/316 311/311/311
f 310/310/310 314/314/314 316/316/316
f 311/311/311 317/317/317 305/305/305
f 312/312/312 305/305/305 317/317/317
f 311/311/311 316/316/316 317/317/317
f 314/314/314 315/315/315 318/318/318
f 314/314/314 318/318/318 316/316/316
f 315/315/315 319/319/319 318/318/318
f 316/316/316 320/320/320 317/317/317
f 317/317/317 320/320/320 312/312/312
f 320/320/320 316/316/316 318/318/318
f 312/312/312 321/321/321 313/313/313
f 320/320/320 321/321/321 312/312/312
f 313/313/313 321/321/321 322/322/322
f 323/323/323 322/322/322 321/321/321
f 324/324/324 323/323/323 321/321/321
f 325/325/325 320/320/320 318/318/318
f 320/320/320 325/325/325 321/321/321
f 318/318/318 319/319/319 325/325/325
f 325/325/325 324/324/324 321/321/321
f 319/319/319 326/326/326 325/325/325
f 324/324/324 325/325/325 326/326/326
f 326/326/326 319/319/319 327/327/327
f 326/326/326 327/327/327 324/324/324
f 327/327/327 328/328/328 324/324/324
f 331/331/331 330/330/330 329/329/329
f 331/331/331 333/333/333 332/332/332
f 334/334/334 332/332/332 333/333/333
f 335/335/335 334/334/334 333/333/333
f 336/336/336 334/334/334 335/335/335
f 337/337/337 336/336/336 335/335/335
f 338/338/338 336/336/336 337/337/337
f 339/339/339 338/338/338 337/337/337
f 342/342/342 341/341/341 340/340/340
f 340/340/340 344/344/344 343/343/343
f 343/343/343 344/344/344 345/345/345
f 344/344/344 346/346/346 345/345/345
f 347/347/347 345/345/345 346/346/346
f 344/344/344 348/348/348 346/346/346
f 349/349/349 348/348/348 344/344/344
f 350/350/350 347/347/347 346/346/346
f 347/347/347 350/350/350 351/351/351
f 350/350/350 352/352/352 351/351/351
f 348/348/348 353/353/353 346/346/346
f 350/350/350 346/346/346 353/353/353
f 348/348/348 354/354/354 353/353/353
f 353/353/353 354/354/354 355/355/355
f 356/356/356 353/353/353 355/355/355
f 350/350/350 357/357/357 352/352/352
f 357/357/357 350/350/350 353/353/353
f 357/357/357 353/353/353 356/356/356
f 357/357/357 358/358/358 352/352/352
f 359/359/359 357/357/357 356/356/356
f 357/357/357 359/359/359 358/358/358
f 358/358/358 359/359/359 360/360/360
f 363/363/363 362/362/362 361/361/361
f 365/365/365 363/363/363 364/364/364
f 368/368/368 367/367/367 366/366/366
f 367/367/367 370/370/370 369/369/369
f 370/370/370 371/371/371 369/369/369
f 367/367/367 372/372/372 370/370/370
f 372/372/372 373/373/373 370/370/370
f 372/372/372 374/374/374 373/373/373
f 371/371/371 370/370/370 375/375/375
f 376/376/376 371/371/371 375/375/375
f 375/375/375 377/377/377 376/376/376
f 380/380/380 379/379/379 378/378/378
f 382/382/382 381/381/381 380/380/380
f 381/381/381 383/383/383 380/380/380
f 386/386/386 385/385/385 384/384/384
f 384/384/384 388/388/388 387/387/387
f 389/389/389 384/384/384 387/387/387
f 390/390/390 384/384/384 389/389/389
f 387/387/387 388/388/388 391/391/391
f 388/388/388 392/392/392 391/391/391
f 391/391/391 392/392/392 393/393/393
f 392/392/392 394/394/394 393/393/393
f 393/393/393 394/394/394 395/395/395
f 394/394/394 396/396/396 395/395/395
f 395/395/395 396/396/396 397/397/397
f 396/396/396 398/398/398 397/397/397
f 393/393/393 395/395/395 399/399/399
f 400/400/400 393/393/393 399/399/399
f 391/391/391 393/393/393 400/400/400
f 400/400/400 399/399/399 401/401/401
f 387/387/387 391/391/391 402/402/402
f 402/402/402 391/391/391 400/400/400
f 403/403/403 400/400/400 401/401/401
f 402/402/402 400/400/400 403/403/403
f 404/404/404 387/387/387 402/402/402
f 389/389/389 387/387/387 404/404/404
f 403/403/403 401/401/401 405/405/405
f 405/405/405 401/401/401 406/406/406
f 407/407/407 402/402/402 403/403/403
f 404/404/404 402/402/402 407/407/407
f 405/405/405 406/406/406 408/408/408
f 408/408/408 406/406/406 409/409/409
f 410/410/410 403/403/403 405/405/405
f 407/407/407 403/403/403 410/410/410
f 411/411/411 405/405/405 408/408/408
f 410/410/410 405/405/405 411/411/411
f 411/411/411 408/408/408 412/412/412
f 413/413/413 411/411/411 412/412/412
f 414/414/414 411/411/411 413/413/413
f 414/414/414 410/410/410 411/411/411
f 415/415/415 410/410/410 414/414/414
f 415/415/415 407/407/407 410/410/410
f 416/416/416 415/415/415 414/414/414
f 417/417/417 404/404/404 407/407/407
f 417/417/417 407/407/407 415/415/415
f 418/418/418 415/415/415 416/416/416
f 418/418/418 417/417/417 415/415/415
f 419/419/419 418/418/418 416/416/416
f 420/420/420 418/418/418 419/419/419
f 421/421/421 404/404/404 417/417/417
f 421/421/421 389/389/389 404/404/404
f 422/422/422 417/417/417 418/418/418
f 420/420/420 422/422/422 418/418/418
f 422/422/422 421/421/421 417/417/417
f 423/423/423 389/389/389 421/421/421
f 423/423/423 390/390/390 389/389/389
f 424/424/424 421/421/421 422/422/422
f 424/424/424 423/423/423 421/421/421
f 425/425/425 390/390/390 423/423/423
f 425/425/425 426/426/426 390/390/390
f 427/427/427 425/425/425 423/423/423
f 427/427/427 423/423/423 424/424/424
f 428/428/428 422/422/422 420/420/420
f 428/428/428 424/424/424 422/422/422
f 429/429/429 427/427/427 424/424/424
f 429/429/429 424/424/424 428/428/428
f 430/430/430 427/427/427 429/429/429
f 431/431/431 430/430/430 429/429/429
f 431/431/431 429/429/429 432/432/432
f 432/432/432 429/429/429 428/428/428
f 433/433/433 431/431/431 432/432/432
f 433/433/433 432/432/432 434/434/434
f 435/435/435 428/428/428 420/420/420
f 432/432/432 428/428/428 435/435/435
f 434/434/434 432/432/432 435/435/435
f 435/435/435 420/420/420 436/436/436
f 434/434/434 435/435/435 437/437/437
f 437/437/437 435/435/435 436/436/436
f 440/440/440 439/439/439 438/438/438
f 438/438/438 442/442/442 441/441/441
f 442/442/442 443/443/443 441/441/441
f 446/446/446 445/445/445 444/444/444
f 449/449/449 448/448/448 447/447/447
f 451/451/451 447/447/447 450/450/450
f 447/447/447 452/452/452 450/450/450
f 451/451/451 450/450/450 453/453/453
f 454/454/454 451/451/451 453/453/453
f 454/454/454 453/453/453 455/455/455
f 456/456/456 454/454/454 455/455/455
f 456/456/456 455/455/455 457/457/457
f 458/458/458 456/456/456 457/457/457
f 458/458/458 457/457/457 459/459/459
f 460/460/460 458/458/458 459/459/459
f 457/457/457 455/455/455 461/461/461
f 457/457/457 461/461/461 462/462/462
f 459/459/459 457/457/457 462/462/462
f 459/459/459 462/462/462 463/463/463
f 455/455/455 464/464/464 461/461/461
f 455/455/455 453/453/453 464/464/464
f 465/465/465 459/459/459 463/463/463
f 460/460/460 459/459/459 465/465/465
f 453/453/453 466/466/466 464/464/464
f 453/453/453 450/450/450 466/466/466
f 464/464/464 466/466/466 467/467/467
f 466/466/466 468/468/468 467/467/467
f 469/469/469 460/460/460 465/465/465
f 470/470/470 460/460/460 469/469/469
f 469/469/469 465/465/465 471/471/471
f 472/472/472 470/470/470 469/469/469
f 450/450/450 473/473/473 466/466/466
f 466/466/466 473/473/473 468/468/468
f 473/473/473 474/474/474 468/468/468
f 450/450/450 452/452/452 473/473/473
f 452/452/452 475/475/475 473/473/473
f 452/452/452 476/476/476 475/475/475
f 476/476/476 477/477/477 475/475/475
f 478/478/478 469/469/469 471/471/471
f 472/472/472 469/469/469 478/478/478
f 479/479/479 472/472/472 478/478/478
f 478/478/478 471/471/471 480/480/480
f 481/481/481 478/478/478 480/480/480
f 484/484/484 483/483/483 482/482/482
f 486/486/486 485/485/485 484/484/484
f 486/486/486 487/487/487 485/485/485
f 487/487/487 488/488/488 485/485/485
f 489/489/489 487/487/487 486/486/486
f 489/489/489 490/490/490 487/487/487
f 490/490/490 491/491/491 487/487/487
f 492/492/492 490/490/490 489/489/489
f 493/493/493 492/492/492 489/489/489
f 492/492/492 494/494/494 490/490/490
f 490/490/490 495/495/495 491/491/491
f 494/494/494 495/495/495 490/490/490
f 495/495/495 496/496/496 491/491/491
f 494/494/494 497/497/497 495/495/495
f 498/498/498 497/497/497 494/494/494
f 495/495/495 499/499/499 496/496/496
f 497/497/497 499/499/499 495/495/495
f 499/499/499 500/500/500 496/496/496
f 497/497/497 501/501/501 499/499/499
f 501/501/501 502/502/502 499/499/499
f 498/498/498 503/503/503 497/497/497
f 504/504/504 503/503/503 498/498/498
f 504/504/504 505/505/505 503/503/503
f 508/508/508 507/507/507 506/506/506
f 508/508/508 509/509/509 507/507/507
f 509/509/509 510/510/510 507/507/507
f 511/511/511 507/507/507 510/510/510
f 512/512/512 511/511/511 510/510/510
f 512/512/512 510/510/510 513/513/513
f 513/513/513 514/514/514 512/512/512
f 510/510/510 515/515/515 513/513/513
f 510/510/510 509/509/509 515/515/515
f 516/516/516 513/513/513 515/515/515
f 517/517/517 509/509/509 508/508/508
f 517/517/517 508/508/508 518/518/518
f 517/517/517 518/518/518 519/519/519
f 517/517/517 520/520/520 509/509/509
f 517/517/517 519/519/519 520/520/520
f 509/509/509 520/520/520 515/515/515
f 520/520/520 519/519/519 521/521/521
f 521/521/521 522/522/522 520/520/520
f 522/522/522 515/515/515 520/520/520
f 522/522/522 516/516/516 515/515/515
f 523/523/523 516/516/516 522/522/522
f 526/526/526 525/525/525 524/524/524
f 527/527/527 524/524/524 525/525/525
f 530/530/530 529/529/529 528/528/528
f 531/531/531 530/530/530 528/528/528
f 530/530/530 531/531/531 532/532/532
f 528/528/528 533/533/533 531/531/531
f 533/533/533 534/534/534 531/531/531
f 531/531/531 534/534/534 535/535/535
f 534/534/534 536/536/536 535/535/535
f 539/539/539 538/538/538 537/537/537
f 540/540/540 539/539/539 537/537/537
f 541/541/541 539/539/539 540/540/540
f 543/543/543 542/542/542 539/539/539
f 542/542/542 543/543/543 544/544/544
f 545/545/545 542/542/542 544/544/544
f 542/542/542 545/545/545 546/546/546
f 549/549/549 548/548/548 547/547/547
f 549/549/549 550/550/550 548/548/548
f 551/551/551 550/550/550 549/549/549
f 554/554/554 553/553/553 552/552/552
f 554/554/554 555/555/555 553/553/553
f 555/555/555 556/556/556 553/553/553
f 556/556/556 557/557/557 553/553/553
f 553/553/553 557/557/557 558/558/558
f 556/556/556 559/559/559 557/557/557
f 559/559/559 556/556/556 560/560/560
f 561/561/561 559/559/559 560/560/560
f 560/560/560 562/562/562 561/561/561
f 556/556/556 555/555/555 563/563/563
f 560/560/560 556/556/556 563/563/563
f 555/555/555 554/554/554 564/564/564
f 564/564/564 563/563/563 555/555/555
f 565/565/565 562/562/562 560/560/560
f 563/563/563 565/565/565 560/560/560
f 554/554/554 566/566/566 564/564/564
f 567/567/567 566/566/566 554/554/554
f 568/568/568 566/566/566 567/567/567
f 566/566/566 568/568/568 569/569/569
f 564/564/564 566/566/566 569/569/569
f 562/562/562 565/565/565 570/570/570
f 571/571/571 562/562/562 570/570/570
f 569/569/569 568/568/568 572/572/572
f 568/568/568 573/573/573 572/572/572
f 571/571/571 570/570/570 574/574/574
f 575/575/575 571/571/571 574/574/574
f 572/572/572 576/576/576 569/569/569
f 577/577/577 576/576/576 572/572/572
f 576/576/576 577/577/577 578/578/578
f 579/579/579 578/578/578 577/577/577
f 569/569/569 580/580/580 564/564/564
f 576/576/576 581/581/581 569/569/569
f 569/569/569 581/581/581 580/580/580
f 580/580/580 582/582/582 564/564/564
f 581/581/581 582/582/582 580/580/580
f 582/582/582 563/563/563 564/564/564
f 583/583/583 576/576/576 578/578/578
f 576/576/576 583/583/583 581/581/581
f 582/582/582 584/584/584 563/563/563
f 584/584/584 565/565/565 563/563/563
f 582/582/582 581/581/581 585/585/585
f 583/583/583 585/585/585 581/581/581
f 584/584/584 582/582/582 585/585/585
f 578/578/578 586/586/586 583/583/583
f 583/583/583 586/586/586 585/585/585
f 587/587/587 586/586/586 578/578/578
f 588/588/588 565/565/565 584/584/584
f 585/585/585 588/588/588 584/584/584
f 588/588/588 570/570/570 565/565/565
f 586/586/586 589/589/589 585/585/585
f 585/585/585 589/589/589 588/588/588
f 586/586/586 590/590/590 589/589/589
f 590/590/590 591/591/591 589/589/589
f 588/588/588 592/592/592 570/570/570
f 589/589/589 592/592/592 588/588/588
f 592/592/592 589/589/589 591/591/591
f 592/592/592 574/574/574 570/570/570
f 574/574/574 592/592/592 591/591/591
f 591/591/591 593/593/593 574/574/574
f 596/596/596 595/595/595 594/594/594
f 596/596/596 597/597/597 595/595/595
f 598/598/598 597/597/597 596/596/596
f 599/599/599 598/598/598 596/596/596
f 596/596/596 600/600/600 599/599/599
f 603/603/603 602/602/602 601/601/601
f 601/601/601 602/602/602 604/604/604
f 605/605/605 601/601/601 604/604/604
f 606/606/606 605/605/605 604/604/604
f 607/607/607 606/606/606 604/604/604
f 610/610/610 609/609/609 608/608/608
f 608/608/608 609/609/609 611/611/611
f 612/612/612 608/608/608 611/611/611
f 612/612/612 611/611/611 613/613/613
f 614/614/614 612/612/612 613/613/613
f 613/613/613 615/615/615 614/614/614
f 616/616/616 615/615/615 613/613/613
f 617/617/617 616/616/616 613/613/613
f 617/617/617 618/618/618 616/616/616
f 616/616/616 619/619/619 615/615/615
f 620/620/620 619/619/619 616/616/616
f 623/623/623 622/622/622 621/621/621
f 622/622/622 623/623/623 624/624/624
f 623/623/623 625/625/625 624/624/624
f 624/624/624 625/625/625 626/626/626
f 627/627/627 624/624/624 626/626/626
f 628/628/628 622/622/622 624/624/624
f 622/622/622 628/628/628 629/629/629
f 630/630/630 629/629/629 628/628/628
f 631/631/631 624/624/624 627/627/627
f 628/628/628 624/624/624 631/631/631
f 632/632/632 631/631/631 627/627/627
f 633/633/633 628/628/628 631/631/631
f 631/631/631 632/632/632 634/634/634
f 633/633/633 631/631/631 634/634/634
f 632/632/632 635/635/635 634/634/634
f 636/636/636 633/633/633 634/634/634
f 635/635/635 636/636/636 634/634/634
f 639/639/639 638/638/638 637/637/637
f 639/639/639 640/640/640 638/638/638
f 643/643/643 642/642/642 641/641/641
f 644/644/644 643/643/643 641/641/641
f 643/643/643 644/644/644 645/645/645
f 644/644/644 646/646/646 645/645/645
f 645/645/645 646/646/646 647/647/647
f 644/644/644 641/641/641 648/648/648
f 644/644/644 649/649/649 646/646/646
f 649/649/649 644/644/644 648/648/648
f 650/650/650 648/648/648 641/641/641
f 651/651/651 650/650/650 641/641/641
f 652/652/652 650/650/650 651/651/651
f 653/653/653 652/652/652 651/651/651
f 648/648/648 650/650/650 654/654/654
f 648/648/648 654/654/654 649/649/649
f 654/654/654 655/655/655 649/649/649
f 649/649/649 656/656/656 646/646/646
f 646/646/646 657/657/657 647/647/647
f 646/646/646 656/656/656 657/657/657
f 658/658/658 647/647/647 657/657/657
f 647/647/647 658/658/658 659/659/659
f 656/656/656 660/660/660 657/657/657
f 657/657/657 660/660/660 658/658/658
f 656/656/656 661/661/661 660/660/660
f 661/661/661 662/662/662 660/660/660
f 660/660/660 662/662/662 663/663/663
f 660/660/660 663/663/663 658/658/658
f 662/662/662 664/664/664 663/663/663
f 663/663/663 665/665/665 658/658/658
f 663/663/663 664/664/664 665/665/665
f 665/665/665 659/659/659 658/658/658
f 664/664/664 666/666/666 665/665/665
f 665/665/665 667/667/667 659/659/659
f 665/665/665 666/666/666 667/667/667
f 667/667/667 668/668/668 659/659/659
f 666/666/666 669/669/669 667/667/667
f 672/672/672 671/671/671 670/670/670
f 670/670/670 671/671/671 673/673/673
f 671/671/671 674/674/674 673/673/673
f 673/673/673 674/674/674 675/675/675
f 676/676/676 673/673/673 675/675/675
f 676/676/676 675/675/675 677/677/677
f 678/678/678 677/677/677 675/675/675
f 679/679/679 678/678/678 675/675/675
f 678/678/678 679/679/679 680/680/680
f 683/683/683 682/682/682 681/681/681
f 684/684/684 683/683/683 681/681/681
f 684/684/684 681/681/681 685/685/685
f 686/686/686 684/684/684 685/685/685
f 687/687/687 683/683/683 684/684/684
f 683/683/683 687/687/687 688/688/688
f 689/689/689 684/684/684 686/686/686
f 689/689/689 687/687/687 684/684/684
f 690/690/690 689/689/689 686/686/686
f 689/689/689 690/690/690 691/691/691
f 688/688/688 687/687/687 692/692/692
f 688/688/688 692/692/692 693/693/693
f 694/694/694 693/693/693 692/692/692
f 687/687/687 689/689/689 695/695/695
f 689/689/689 691/691/691 695/695/695
f 687/687/687 695/695/695 692/692/692
f 696/696/696 694/694/694 692/692/692
f 696/696/696 692/692/692 695/695/695
f 697/697/697 694/694/694 696/696/696
f 698/698/698 695/695/695 691/691/691
f 698/698/698 696/696/696 695/695/695
f 699/699/699 698/698/698 691/691/691
f 700/700/700 696/696/696 698/698/698
f 700/700/700 697/697/697 696/696/696
f 701/701/701 700/700/700 698/698/698
f 702/702/702 700/700/700 701/701/701
f 703/703/703 702/702/702 701/701/701
f 702/702/702 703/703/703 704/704/704
f 705/705/705 697/697/697 700/700/700
f 702/702/702 705/705/705 700/700/700
f 705/705/705 706/706/706 697/697/697
f 706/706/706 707/707/707 697/697/697
f 705/705/705 702/702/702 708/708/708
f 702/702/702 704/704/704 708/708/708
f 709/709/709 708/708/708 704/704/704
f 710/710/710 709/709/709 704/704/704
f 713/713/713 712/712/712 711/711/711
f 714/714/714 713/713/713 711/711/711
f 715/715/715 713/713/713 714/714/714
f 714/714/714 711/711/711 716/716/716
f 716/716/716 711/711/711 717/717/717
f 711/711/711 718/718/718 717/717/717
f 719/719/719 717/717/717 718/718/718
f 719/719/719 720/720/720 717/717/717
f 720/720/720 719/719/719 721/721/721
f 719/719/719 722/722/722 721/721/721
f 723/723/723 714/714/714 716/716/716
f 724/724/724 714/714/714 723/723/723
f 724/724/724 715/715/715 714/714/714
f 725/725/725 724/724/724 723/723/723
f 724/724/724 726/726/726 715/715/715
f 726/726/726 724/724/724 725/725/725
f 727/727/727 726/726/726 725/725/725
f 727/727/727 728/728/728 726/726/726
f 715/715/715 726/726/726 729/729/729
f 726/726/726 728/728/728 729/729/729
f 729/729/729 728/728/728 730/730/730
f 731/731/731 729/729/729 730/730/730
f 734/734/734 733/733/733 732/732/732
f 734/734/734 732/732/732 735/735/735
f 735/735/735 732/732/732 736/736/736
f 735/735/735 736/736/736 737/737/737
f 735/735/735 738/738/738 734/734/734
f 738/738/738 739/739/739 734/734/734
f 739/739/739 738/738/738 740/740/740
f 738/738/738 735/735/735 741/741/741
f 738/738/738 741/741/741 740/740/740
f 742/742/742 735/735/735 737/737/737
f 735/735/735 742/742/742 741/741/741
f 742/742/742 737/737/737 743/743/743
f 742/742/742 743/743/743 741/741/741
f 737/737/737 744/744/744 743/743/743
f 741/741/741 745/745/745 740/740/740
f 743/743/743 745/745/745 741/741/741
f 745/745/745 746/746/746 740/740/740
f 743/743/743 744/744/744 747/747/747
f 743/743/743 747/747/747 745/745/745
f 744/744/744 748/748/748 747/747/747
f 747/747/747 749/749/749 745/745/745
f 747/747/747 748/748/748 750/750/750
f 747/747/747 750/750/750 749/749/749
f 748/748/748 751/751/751 750/750/750
f 750/750/750 752/752/752 749/749/749
f 750/750/750 751/751/751 753/753/753
f 752/752/752 750/750/750 753/753/753
f 751/751/751 754/754/754 753/753/753
f 753/753/753 755/755/755 752/752/752
f 756/756/756 753/753/753 754/754/754
f 756/756/756 755/755/755 753/753/753
f 759/759/759 758/758/758 757/757/757
f 758/758/758 759/759/759 760/760/760
f 761/761/761 758/758/758 760/760/760
f 762/762/762 761/761/761 760/760/760
f 762/762/762 760/760/760 763/763/763
f 759/759/759 764/764/764 760/760/760
f 760/760/760 764/764/764 763/763/763
f 759/759/759 765/765/765 764/764/764
f 765/765/765 766/766/766 764/764/764
f 764/764/764 767/767/767 763/763/763
f 764/764/764 766/766/766 767/767/767
f 768/768/768 763/763/763 767/767/767
f 766/766/766 769/769/769 767/767/767
f 767/767/767 769/769/769 768/768/768
f 772/772/772 771/771/771 770/770/770
f 773/773/773 770/770/770 771/771/771
f 774/774/774 773/773/773 771/771/771
f 774/774/774 775/775/775 773/773/773
f 773/773/773 776/776/776 770/770/770
f 775/775/775 776/776/776 773/773/773
f 776/776/776 775/775/775 777/777/777
f 778/778/778 776/776/776 777/777/777
f 781/781/781 780/780/780 779/779/779
f 782/782/782 780/780/780 781/781/781
f 782/782/782 783/783/783 780/780/780
f 784/784/784 783/783/783 782/782/782
f 780/780/780 783/783/783 785/785/785
f 786/786/786 780/780/780 785/785/785
f 785/785/785 787/787/787 786/786/786
f 780/780/780 786/786/786 788/788/788
f 787/787/787 789/789/789 786/786/786
f 786/786/786 789/789/789 788/788/788
f 792/792/792 791/791/791 790/790/790
f 793/793/793 792/792/792 790/790/790
f 794/794/794 792/792/792 793/793/793
f 795/795/795 794/794/794 793/793/793
f 795/795/795 793/793/793 796/796/796
f 797/797/797 794/794/794 795/795/795
f 798/798/798 795/795/795 796/796/796
f 799/799/799 797/797/797 795/795/795
f 795/795/795 798/798/798 799/799/799
f 802/802/802 801/801/801 800/800/800
f 801/801/801 803/803/803 800/800/800
f 800/800/800 803/803/803 804/804/804
f 803/803/803 805/805/805 804/804/804
f 807/807/807 806/806/806 804/804/804
f 808/808/808 806/806/806 807/807/807
f 806/806/806 808/808/808 809/809/809
f 808/808/808 810/810/810 809/809/809
f 806/806/806 809/809/809 811/811/811
f 812/812/812 806/806/806 811/811/811
f 813/813/813 811/811/811 809/809/809
f 809/809/809 810/810/810 813/813/813
f 810/810/810 814/814/814 813/813/813
f 814/814/814 815/815/815 813/813/813
f 815/815/815 816/816/816 813/813/813
f 819/819/819 818/818/818 817/817/817
f 818/818/818 819/819/819 820/820/820
f 819/819/819 821/821/821 820/820/820
f 819/819/819 822/822/822 821/821/821
f 821/821/821 822/822/822 823/823/823
f 821/821/821 823/823/823 824/824/824
f 824/824/824 823/823/823 825/825/825
f 823/823/823 826/826/826 825/825/825
f 826/826/826 823/823/823 827/827/827
f 828/828/828 823/823/823 822/822/822
f 823/823/823 828/828/828 827/827/827
f 829/829/829 828/828/828 822/822/822
f 830/830/830 829/829/829 822/822/822
f 831/831/831 829/829/829 830/830/830
f 828/828/828 829/829/829 832/832/832
f 827/827/827 828/828/828 832/832/832
f 833/833/833 827/827/827 832/832/832
f 834/834/834 833/833/833 832/832/832
f 837/837/837 836/836/836 835/835/835
f 838/838/838 836/836/836 837/837/837
f 836/836/836 838/838/838 839/839/839
f 840/840/840 836/836/836 839/839/839
f 840/840/840 839/839/839 841/841/841
f 842/842/842 840/840/840 841/841/841
f 843/843/843 838/838/838 837/837/837
f 844/844/844 838/838/838 843/843/843
f 837/837/837 845/845/845 843/843/843
f 845/845/845 846/846/846 843/843/843
f 846/846/846 847/847/847 843/843/843
f 845/845/845 848/848/848 846/846/846
f 847/847/847 846/846/846 849/849/849
f 848/848/848 850/850/850 846/846/846
f 846/846/846 850/850/850 849/849/849
f 848/848/848 851/851/851 850/850/850
f 851/851/851 852/852/852 850/850/850
f 851/851/851 853/853/853 852/852/852
f 853/853/853 854/854/854 852/852/852
f 852/852/852 854/854/854 855/855/855
f 856/856/856 852/852/852 855/855/855
f 850/850/850 852/852/852 856/856/856
f 849/849/849 850/850/850 856/856/856
f 849/849/849 856/856/856 857/857/857
f 858/858/858 849/849/849 857/857/857
f 861/861/861 860/860/860 859/859/859
f 859/859/859 862/862/862 861/861/861
f 863/863/863 862/862/862 859/859/859
f 864/864/864 863/863/863 859/859/859
f 867/867/867 866/866/866 865/865/865
f 868/868/868 866/866/866 867/867/867
f 866/866/866 868/868/868 869/869/869
f 868/868/868 870/870/870 869/869/869
f 871/871/871 869/869/869 870/870/870
f 874/874/874 873/873/873 872/872/872
f 875/875/875 873/873/873 874/874/874
f 876/876/876 875/875/875 874/874/874
f 873/873/873 875/875/875 877/877/877
f 875/875/875 876/876/876 878/878/878
f 878/878/878 877/877/877 875/875/875
f 876/876/876 879/879/879 878/878/878
f 880/880/880 878/878/878 879/879/879
f 881/881/881 880/880/880 879/879/879
f 880/880/880 881/881/881 882/882/882
f 881/881/881 883/883/883 882/882/882
f 882/882/882 883/883/883 884/884/884
f 883/883/883 885/885/885 884/884/884
f 880/880/880 886/886/886 878/878/878
f 882/882/882 887/887/887 880/880/880
f 880/880/880 887/887/887 886/886/886
f 884/884/884 888/888/888 882/882/882
f 888/888/888 887/887/887 882/882/882
f 886/886/886 889/889/889 878/878/878
f 878/878/878 889/889/889 877/877/877
f 888/888/888 884/884/884 890/890/890
f 891/891/891 890/890/890 884/884/884
f 892/892/892 888/888/888 890/890/890
f 888/888/888 892/892/892 887/887/887
f 890/890/890 893/893/893 892/892/892
f 887/887/887 894/894/894 886/886/886
f 892/892/892 894/894/894 887/887/887
f 889/889/889 886/886/886 894/894/894
f 893/893/893 895/895/895 892/892/892
f 892/892/892 895/895/895 894/894/894
f 893/893/893 896/896/896 895/895/895
f 896/896/896 897/897/897 895/895/895
f 895/895/895 897/897/897 898/898/898
f 895/895/895 899/899/899 894/894/894
f 895/895/895 898/898/898 899/899/899
f 900/900/900 889/889/889 894/894/894
f 894/894/894 899/899/899 900/900/900
f 901/901/901 899/899/899 898/898/898
f 899/899/899 901/901/901 900/900/900
f 889/889/889 900/900/900 902/902/902
f 889/889/889 902/902/902 877/877/877
f 900/900/900 903/903/903 902/902/902
f 902/902/902 903/903/903 877/877/877
f 900/900/900 901/901/901 903/903/903
f 904/904/904 877/877/877 903/903/903
f 905/905/905 901/901/901 898/898/898
f 898/898/898 906/906/906 905/905/905
f 901/901/901 905/905/905 907/907/907
f 901/901/901 907/907/907 903/903/903
f 908/908/908 903/903/903 907/907/907
f 908/908/908 904/904/904 903/903/903
f 904/904/904 908/908/908 909/909/909
f 908/908/908 910/910/910 909/909/909
f 913/913/913 912/912/912 911/911/911
f 911/911/911 912/912/912 914/914/914
f 915/915/915 911/911/911 914/914/914
f 916/916/916 914/914/914 912/912/912
f 916/916/916 912/912/912 917/917/917
f 920/920/920 919/919/919 918/918/918
f 921/921/921 919/919/919 920/920/920
f 920/920/920 922/922/922 921/921/921
f 921/921/921 922/922/922 923/923/923
f 921/921/921 923/923/923 924/924/924
f 925/925/925 921/921/921 924/924/924
f 921/921/921 925/925/925 919/919/919
f 926/926/926 925/925/925 924/924/924
f 925/925/925 927/927/927 919/919/919
f 927/927/927 925/925/925 926/926/926
f 928/928/928 919/919/919 927/927/927
f 929/929/929 928/928/928 927/927/927
f 930/930/930 927/927/927 926/926/926
f 927/927/927 931/931/931 929/929/929
f 931/931/931 927/927/927 930/930/930
f 929/929/929 931/931/931 932/932/932
f 933/933/933 931/931/931 930/930/930
f 934/934/934 933/933/933 930/930/930
f 937/937/937 936/936/936 935/935/935
f 936/936/936 937/937/937 938/938/938
f 941/941/941 940/940/940 939/939/939
f 940/940/940 941/941/941 942/942/942
f 941/941/941 943/943/943 942/942/942
f 940/940/940 942/942/942 944/944/944
f 945/945/945 940/940/940 944/944/944
f 944/944/944 946/946/946 945/945/945
f 942/942/942 943/943/943 947/947/947
f 943/943/943 948/948/948 947/947/947
f 948/948/948 949/949/949 947/947/947
f 950/950/950 947/947/947 949/949/949
f 949/949/949 951/951/951 950/950/950
f 947/947/947 950/950/950 952/952/952
f 952/952/952 942/942/942 947/947/947
f 944/944/944 942/942/942 952/952/952
f 953/953/953 944/944/944 952/952/952
f 944/944/944 953/953/953 946/946/946
f 953/953/953 952/952/952 954/954/954
f 953/953/953 955/955/955 946/946/946
f 955/955/955 956/956/956 946/946/946
f 957/957/957 953/953/953 954/954/954
f 953/953/953 957/957/957 955/955/955
f 958/958/958 956/956/956 955/955/955
f 959/959/959 956/956/956 958/958/958
f 959/959/959 958/958/958 960/960/960
f 961/961/961 955/955/955 957/957/957
f 958/958/958 955/955/955 961/961/961
f 957/957/957 954/954/954 961/961/961
f 958/958/958 962/962/962 960/960/960
f 962/962/962 958/958/958 961/961/961
f 960/960/960 962/962/962 963/963/963
f 962/962/962 964/964/964 963/963/963
f 961/961/961 965/965/965 962/962/962
f 954/954/954 965/965/965 961/961/961
f 965/965/965 964/964/964 962/962/962
f 954/954/954 966/966/966 965/965/965
f 966/966/966 954/954/954 967/967/967
f 967/967/967 968/968/968 966/966/966
f 968/968/968 969/969/969 966/966/966
f 966/966/966 969/969/969 970/970/970
f 966/966/966 970/970/970 965/965/965
f 969/969/969 971/971/971 970/970/970
f 965/965/965 972/972/972 964/964/964
f 972/972/972 965/965/965 970/970/970
f 972/972/972 973/973/973 964/964/964
f 974/974/974 972/972/972 970/970/970
f 970/970/970 971/971/971 974/974/974
f 971/971/971 975/975/975 974/974/974
f 978/978/978 977/977/977 976/976/976
f 979/979/979 977/977/977 978/978/978
f 980/980/980 979/979/979 978/978/978
f 981/981/981 979/979/979 980/980/980
f 979/979/979 982/982/982 977/977/977
f 981/981/981 982/982/982 979/979/979
f 977/977/977 982/982/982 983/983/983
f 983/983/983 984/984/984 977/977/977
f 984/984/984 983/983/983 985/985/985
f 983/983/983 986/986/986 985/985/985
f 985/985/985 986/986/986 987/987/987
f 986/986/986 988/988/988 987/987/987
f 982/982/982 989/989/989 983/983/983
f 986/986/986 983/983/983 989/989/989
f 988/988/988 986/986/986 990/990/990
f 990/990/990 986/986/986 989/989/989
f 991/991/991 988/988/988 990/990/990
f 992/992/992 989/989/989 982/982/982
f 989/989/989 992/992/992 990/990/990
f 982/982/982 981/981/981 992/992/992
f 992/992/992 993/993/993 990/990/990
f 981/981/981 994/994/994 992/992/992
f 992/992/992 994/994/994 993/993/993
f 981/981/981 995/995/995 994/994/994
f 994/994/994 996/996/996 993/993/993
f 995/995/995 997/997/997 994/994/994
f 994/994/994 997/997/997 996/996/996
f 995/995/995 998/998/998 997/997/997
f 997/997/997 999/999/999 996/996/996
f 998/998/998 1000/1000/1000 997/997/997
f 999/999/999 997/997/997 1000/1000/1000
f 1003/1003/1003 1002/1002/1002 1001/1001/1001
f 1003/1003/1003 1001/1001/1001 1004/1004/1004
f 1005/1005/1005 1004/1004/1004 1001/1001/1001
f 1006/1006/1006 1005/1005/1005 1001/1001/1001
f 1005/1005/1005 1008/1008/1008 1007/1007/1007
f 1008/1008/1008 1010/1010/1010 1009/1009/1009
f 1011/1011/1011 1009/1009/1009 1010/1010/1010
f 1012/1012/1012 1011/1011/1011 1010/1010/1010
f 1013/1013/1013 1011/1011/1011 1012/1012/1012
f 1014/1014/1014 1013/1013/1013 1012/1012/1012
f 1017/1017/1017 1016/1016/1016 1015/1015/1015
f 1016/1016/1016 1017/1017/1017 1018/1018/1018
f 1019/1019/1019 1016/1016/1016 1018/1018/1018
f 1022/1022/1022 1021/1021/1021 1020/1020/1020
f 1021/1021/1021 1022/1022/1022 1023/1023/1023
f 1022/1022/1022 1024/1024/1024 1023/1023/1023
f 1027/1027/1027 1026/1026/1026 1025/1025/1025
f 1027/1027/1027 1025/1025/1025 1028/1028/1028
f 1028/1028/1028 1025/1025/1025 1029/1029/1029
f 1025/1025/1025 1030/1030/1030 1029/1029/1029
f 1025/1025/1025 1031/1031/1031 1030/1030/1030
f 1028/1028/1028 1029/1029/1029 1032/1032/1032
f 1033/1033/1033 1028/1028/1028 1032/1032/1032
f 1032/1032/1032 1029/1029/1029 1034/1034/1034
f 1029/1029/1029 1035/1035/1035 1034/1034/1034
f 1029/1029/1029 1030/1030/1030 1035/1035/1035
f 1030/1030/1030 1036/1036/1036 1035/1035/1035
f 1032/1032/1032 1037/1037/1037 1033/1033/1033
f 1037/1037/1037 1038/1038/1038 1033/1033/1033
f 1039/1039/1039 1037/1037/1037 1032/1032/1032
f 1037/1037/1037 1039/1039/1039 1040/1040/1040
f 1041/1041/1041 1037/1037/1037 1040/1040/1040
f 1030/1030/1030 1042/1042/1042 1036/1036/1036
f 1031/1031/1031 1042/1042/1042 1030/1030/1030
f 1042/1042/1042 1043/1043/1043 1036/1036/1036
f 1044/1044/1044 1042/1042/1042 1031/1031/1031
f 1042/1042/1042 1044/1044/1044 1043/1043/1043
f 1044/1044/1044 1045/1045/1045 1043/1043/1043
f 1046/1046/1046 1045/1045/1045 1044/1044/1044
f 1044/1044/1044 1031/1031/1031 1047/1047/1047
f 1046/1046/1046 1044/1044/1044 1047/1047/1047
f 1046/1046/1046 1047/1047/1047 1048/1048/1048
f 1047/1047/1047 1049/1049/1049 1048/1048/1048
f 1050/1050/1050 1049/1049/1049 1047/1047/1047
f 1053/1053/1053 1052/1052/1052 1051/1051/1051
f 1052/1052/1052 1053/1053/1053 1054/1054/1054
f 1055/1055/1055 1052/1052/1052 1054/1054/1054
f 1055/1055/1055 1054/1054/1054 1056/1056/1056
f 1054/1054/1054 1057/1057/1057 1056/1056/1056
f 1056/1056/1056 1057/1057/1057 1058/1058/1058
f 1057/1057/1057 1059/1059/1059 1058/1058/1058
f 1057/1057/1057 1060/1060/1060 1059/1059/1059
f 1061/1061/1061 1060/1060/1060 1057/1057/1057
f 1062/1062/1062 1057/1057/1057 1054/1054/1054
f 1062/1062/1062 1061/1061/1061 1057/1057/1057
f 1053/1053/1053 1062/1062/1062 1054/1054/1054
f 1061/1061/1061 1062/1062/1062 1063/1063/1063
f 1064/1064/1064 1062/1062/1062 1053/1053/1053
f 1062/1062/1062 1064/1064/1064 1063/1063/1063
f 1064/1064/1064 1053/1053/1053 1065/1065/1065
f 1053/1053/1053 1066/1066/1066 1065/1065/1065
f 1067/1067/1067 1063/1063/1063 1064/1064/1064
f 1065/1065/1065 1067/1067/1067 1064/1064/1064
f 1068/1068/1068 1063/1063/1063 1067/1067/1067
f 1069/1069/1069 1067/1067/1067 1065/1065/1065
f 1069/1069/1069 1068/1068/1068 1067/1067/1067
f 1072/1072/1072 1071/1071/1071 1070/1070/1070
f 1070/1070/1070 1071/1071/1071 1073/1073/1073
f 1071/1071/1071 1074/1074/1074 1073/1073/1073
f 1075/1075/1075 1073/1073/1073 1074/1074/1074
f 1075/1075/1075 1076/1076/1076 1073/1073/1073
f 1077/1077/1077 1076/1076/1076 1075/1075/1075
f 1077/1077/1077 1075/1075/1075 1078/1078/1078
f 1078/1078/1078 1075/1075/1075 1074/1074/1074
f 1074/1074/1074 1079/1079/1079 1078/1078/1078
f 1079/1079/1079 1080/1080/1080 1078/1078/1078
f 1080/1080/1080 1079/1079/1079 1081/1081/1081
f 1084/1084/1084 1083/1083/1083 1082/1082/1082
f 1083/1083/1083 1085/1085/1085 1082/1082/1082
f 1083/1083/1083 1086/1086/1086 1085/1085/1085
f 1086/1086/1086 1087/1087/1087 1085/1085/1085
f 1088/1088/1088 1087/1087/1087 1086/1086/1086
f 1085/1085/1085 1087/1087/1087 1089/1089/1089
f 1087/1087/1087 1090/1090/1090 1089/1089/1089
f 1093/1093/1093 1092/1092/1092 1091/1091/1091
f 1091/1091/1091 1092/1092/1092 1094/1094/1094
f 1091/1091/1091 1094/1094/1094 1095/1095/1095
f 1096/1096/1096 1091/1091/1091 1095/1095/1095
f 1092/1092/1092 1097/1097/1097 1094/1094/1094
f 1097/1097/1097 1092/1092/1092 1098/1098/1098
f 1101/1101/1101 1100/1100/1100 1099/1099/1099
f 1102/1102/1102 1099/1099/1099 1100/1100/1100
f 1103/1103/1103 1102/1102/1102 1100/1100/1100
f 1102/1102/1102 1103/1103/1103 1104/1104/1104
f 1105/1105/1105 1099/1099/1099 1102/1102/1102
f 1102/1102/1102 1104/1104/1104 1106/1106/1106
f 1106/1106/1106 1104/1104/1104 1107/1107/1107
f 1105/1105/1105 1102/1102/1102 1108/1108/1108
f 1102/1102/1102 1106/1106/1106 1108/1108/1108
f 1109/1109/1109 1106/1106/1106 1107/1107/1107
f 1109/1109/1109 1107/1107/1107 1110/1110/1110
f 1107/1107/1107 1111/1111/1111 1110/1110/1110
f 1112/1112/1112 1106/1106/1106 1109/1109/1109
f 1106/1106/1106 1112/1112/1112 1108/1108/1108
f 1108/1108/1108 1112/1112/1112 1113/1113/1113
f 1108/1108/1108 1113/1113/1113 1105/1105/1105
f 1112/1112/1112 1114/1114/1114 1113/1113/1113
f 1115/1115/1115 1113/1113/1113 1114/1114/1114
f 1113/1113/1113 1116/1116/1116 1105/1105/1105
f 1117/1117/1117 1105/1105/1105 1116/1116/1116
f 1115/1115/1115 1118/1118/1118 1113/1113/1113
f 1116/1116/1116 1113/1113/1113 1118/1118/1118
f 1119/1119/1119 1118/1118/1118 1115/1115/1115
f 1116/1116/1116 1118/1118/1118 1120/1120/1120
f 1118/1118/1118 1121/1121/1121 1120/1120/1120
f 1121/1121/1121 1118/1118/1118 1122/1122/1122
f 1125/1125/1125 1124/1124/1124 1123/1123/1123
f 1123/1123/1123 1124/1124/1124 1126/1126/1126
f 1129/1129/1129 1128/1128/1128 1127/1127/1127
f 1128/1128/1128 1129/1129/1129 1130/1130/1130
f 1129/1129/1129 1131/1131/1131 1130/1130/1130
f 1129/1129/1129 1132/1132/1132 1131/1131/1131
f 1133/1133/1133 1128/1128/1128 1130/1130/1130
f 1128/1128/1128 1133/1133/1133 1134/1134/1134
f 1132/1132/1132 1135/1135/1135 1131/1131/1131
f 1135/1135/1135 1132/1132/1132 1136/1136/1136
f 1135/1135/1135 1136/1136/1136 1137/1137/1137
f 1136/1136/1136 1138/1138/1138 1137/1137/1137
f 1135/1135/1135 1137/1137/1137 1139/1139/1139
f 1131/1131/1131 1135/1135/1135 1139/1139/1139
f 1137/1137/1137 1140/1140/1140 1139/1139/1139
f 1139/1139/1139 1140/1140/1140 1141/1141/1141
f 1140/1140/1140 1142/1142/1142 1141/1141/1141
f 1131/1131/1131 1139/1139/1139 1143/1143/1143
f 1141/1141/1141 1143/1143/1143 1139/1139/1139
f 1141/1141/1141 1142/1142/1142 1144/1144/1144
f 1142/1142/1142 1145/1145/1145 1144/1144/1144
f 1141/1141/1141 1144/1144/1144 1146/1146/1146
f 1143/1143/1143 1141/1141/1141 1146/1146/1146
f 1147/1147/1147 1131/1131/1131 1143/1143/1143
f 1147/1147/1147 1130/1130/1130 1131/1131/1131
f 1144/1144/1144 1145/1145/1145 1148/1148/1148
f 1144/1144/1144 1148/1148/1148 1146/1146/1146
f 1147/1147/1147 1143/1143/1143 1149/1149/1149
f 1149/1149/1149 1143/1143/1143 1146/1146/1146
f 1130/1130/1130 1147/1147/1147 1150/1150/1150
f 1150/1150/1150 1147/1147/1147 1149/1149/1149
f 1145/1145/1145 1151/1151/1151 1148/1148/1148
f 1151/1151/1151 1145/1145/1145 1152/1152/1152
f 1148/1148/1148 1151/1151/1151 1153/1153/1153
f 1154/1154/1154 1148/1148/1148 1153/1153/1153
f 1148/1148/1148 1154/1154/1154 1155/1155/1155
f 1146/1146/1146 1148/1148/1148 1155/1155/1155
f 1155/1155/1155 1156/1156/1156 1146/1146/1146
f 1156/1156/1156 1149/1149/1149 1146/1146/1146
f 1157/1157/1157 1156/1156/1156 1155/1155/1155
f 1158/1158/1158 1156/1156/1156 1157/1157/1157
f 1156/1156/1156 1158/1158/1158 1149/1149/1149
f 1158/1158/1158 1150/1150/1150 1149/1149/1149
f 1158/1158/1158 1159/1159/1159 1150/1150/1150
f 1160/1160/1160 1130/1130/1130 1150/1150/1150
f 1159/1159/1159 1160/1160/1160 1150/1150/1150
f 1160/1160/1160 1133/1133/1133 1130/1130/1130
f 1159/1159/1159 1161/1161/1161 1160/1160/1160
f 1161/1161/1161 1133/1133/1133 1160/1160/1160
f 1164/1164/1164 1163/1163/1163 1162/1162/1162
f 1164/1164/1164 1165/1165/1165 1163/1163/1163
f 1166/1166/1166 1163/1163/1163 1165/1165/1165
f 1167/1167/1167 1165/1165/1165 1164/1164/1164
f 1164/1164/1164 1168/1168/1168 1167/1167/1167
f 1169/1169/1169 1166/1166/1166 1165/1165/1165
f 1165/1165/1165 1167/1167/1167 1169/1169/1169
f 1170/1170/1170 1166/1166/1166 1169/1169/1169
f 1167/1167/1167 1171/1171/1171 1169/1169/1169
f 1168/1168/1168 1172/1172/1172 1167/1167/1167
f 1172/1172/1172 1168/1168/1168 1173/1173/1173
f 1174/1174/1174 1171/1171/1171 1167/1167/1167
f 1174/1174/1174 1167/1167/1167 1172/1172/1172
f 1175/1175/1175 1172/1172/1172 1173/1173/1173
f 1174/1174/1174 1172/1172/1172 1175/1175/1175
f 1176/1176/1176 1175/1175/1175 1173/1173/1173
f 1174/1174/1174 1177/1177/1177 1171/1171/1171
f 1174/1174/1174 1175/1175/1175 1177/1177/1177
f 1175/1175/1175 1178/1178/1178 1177/1177/1177
f 1179/1179/1179 1171/1171/1171 1177/1177/1177
f 1180/1180/1180 1179/1179/1179 1177/1177/1177
f 1183/1183/1183 1182/1182/1182 1181/1181/1181
f 1182/1182/1182 1183/1183/1183 1184/1184/1184
f 1186/1186/1186 1185/1185/1185 1184/1184/1184
f 1186/1186/1186 1184/1184/1184 1187/1187/1187
f 1188/1188/1188 1185/1185/1185 1186/1186/1186
f 1189/1189/1189 1186/1186/1186 1187/1187/1187
f 1190/1190/1190 1188/1188/1188 1186/1186/1186
f 1190/1190/1190 1186/1186/1186 1189/1189/1189
f 1191/1191/1191 1188/1188/1188 1190/1190/1190
f 1192/1192/1192 1190/1190/1190 1189/1189/1189
f 1193/1193/1193 1191/1191/1191 1190/1190/1190
f 1193/1193/1193 1190/1190/1190 1192/1192/1192
f 1194/1194/1194 1193/1193/1193 1192/1192/1192
f 1195/1195/1195 1193/1193/1193 1194/1194/1194
f 1196/1196/1196 1195/1195/1195 1194/1194/1194
f 1199/1199/1199 1198/1198/1198 1197/1197/1197
f 1199/1199/1199 1200/1200/1200 1198/1198/1198
f 1200/1200/1200 1201/1201/1201 1198/1198/1198
f 1198/1198/1198 1201/1201/1201 1202/1202/1202
f 1202/1202/1202 1201/1201/1201 1203/1203/1203
f 1204/1204/1204 1202/1202/1202 1203/1203/1203
f 1200/1200/1200 1205/1205/1205 1201/1201/1201
f 1205/1205/1205 1203/1203/1203 1201/1201/1201
f 1204/1204/1204 1203/1203/1203 1206/1206/1206
f 1206/1206/1206 1207/1207/1207 1204/1204/1204
f 1203/1203/1203 1208/1208/1208 1206/1206/1206
f 1206/1206/1206 1208/1208/1208 1209/1209/1209
f 1208/1208/1208 1210/1210/1210 1209/1209/1209
f 1211/1211/1211 1203/1203/1203 1205/1205/1205
f 1203/1203/1203 1211/1211/1211 1208/1208/1208
f 1208/1208/1208 1212/1212/1212 1210/1210/1210
f 1211/1211/1211 1212/1212/1212 1208/1208/1208
f 1212/1212/1212 1213/1213/1213 1210/1210/1210
f 1205/1205/1205 1200/1200/1200 1214/1214/1214
f 1205/1205/1205 1214/1214/1214 1211/1211/1211
f 1200/1200/1200 1215/1215/1215 1214/1214/1214
f 1200/1200/1200 1199/1199/1199 1215/1215/1215
f 1199/1199/1199 1216/1216/1216 1215/1215/1215
f 1217/1217/1217 1216/1216/1216 1199/1199/1199
f 1214/1214/1214 1218/1218/1218 1211/1211/1211
f 1212/1212/1212 1211/1211/1211 1218/1218/1218
f 1212/1212/1212 1219/1219/1219 1213/1213/1213
f 1219/1219/1219 1212/1212/1212 1218/1218/1218
f 1219/1219/1219 1220/1220/1220 1213/1213/1213
f 1218/1218/1218 1221/1221/1221 1219/1219/1219
f 1221/1221/1221 1222/1222/1222 1219/1219/1219
f 1225/1225/1225 1224/1224/1224 1223/1223/1223
f 1224/1224/1224 1225/1225/1225 1226/1226/1226
f 1227/1227/1227 1224/1224/1224 1226/1226/1226
f 1225/1225/1225 1228/1228/1228 1226/1226/1226
f 1225/1225/1225 1229/1229/1229 1228/1228/1228
f 1226/1226/1226 1230/1230/1230 1227/1227/1227
f 1226/1226/1226 1228/1228/1228 1231/1231/1231
f 1231/1231/1231 1230/1230/1230 1226/1226/1226
f 1230/1230/1230 1232/1232/1232 1227/1227/1227
f 1233/1233/1233 1227/1227/1227 1232/1232/1232
f 1234/1234/1234 1233/1233/1233 1232/1232/1232
f 1234/1234/1234 1232/1232/1232 1235/1235/1235
f 1236/1236/1236 1234/1234/1234 1235/1235/1235
f 1230/1230/1230 1237/1237/1237 1232/1232/1232
f 1237/1237/1237 1235/1235/1235 1232/1232/1232
f 1231/1231/1231 1238/1238/1238 1230/1230/1230
f 1238/1238/1238 1237/1237/1237 1230/1230/1230
f 1235/1235/1235 1237/1237/1237 1239/1239/1239
f 1240/1240/1240 1235/1235/1235 1239/1239/1239
f 1241/1241/1241 1239/1239/1239 1237/1237/1237
f 1238/1238/1238 1241/1241/1241 1237/1237/1237
f 1241/1241/1241 1242/1242/1242 1239/1239/1239
f 1238/1238/1238 1243/1243/1243 1241/1241/1241
f 1243/1243/1243 1238/1238/1238 1244/1244/1244
f 1231/1231/1231 1244/1244/1244 1238/1238/1238
f 1245/1245/1245 1243/1243/1243 1244/1244/1244
f 1244/1244/1244 1231/1231/1231 1246/1246/1246
f 1228/1228/1228 1246/1246/1246 1231/1231/1231
f 1245/1245/1245 1244/1244/1244 1247/1247/1247
f 1247/1247/1247 1244/1244/1244 1246/1246/1246
f 1248/1248/1248 1245/1245/1245 1247/1247/1247
f 1248/1248/1248 1247/1247/1247 1249/1249/1249
f 1246/1246/1246 1249/1249/1249 1247/1247/1247
f 1250/1250/1250 1248/1248/1248 1249/1249/1249
f 1250/1250/1250 1249/1249/1249 1251/1251/1251
f 1249/1249/1249 1252/1252/1252 1251/1251/1251
f 1252/1252/1252 1249/1249/1249 1253/1253/1253
f 1249/1249/1249 1246/1246/1246 1253/1253/1253
f 1254/1254/1254 1252/1252/1252 1253/1253/1253
f 1254/1254/1254 1253/1253/1253 1255/1255/1255
f 1228/1228/1228 1256/1256/1256 1246/1246/1246
f 1256/1256/1256 1253/1253/1253 1246/1246/1246
f 1253/1253/1253 1256/1256/1256 1255/1255/1255
f 1229/1229/1229 1256/1256/1256 1228/1228/1228
f 1257/1257/1257 1255/1255/1255 1256/1256/1256
f 1229/1229/1229 1257/1257/1257 1256/1256/1256
f 1258/1258/1258 1257/1257/1257 1229/1229/1229
f 1261/1261/1261 1260/1260/1260 1259/1259/1259
f 1261/1261/1261 1262/1262/1262 1260/1260/1260
f 1262/1262/1262 1261/1261/1261 1263/1263/1263
f 1261/1261/1261 1264/1264/1264 1263/1263/1263
f 1263/1263/1263 1264/1264/1264 1265/1265/1265
f 1264/1264/1264 1266/1266/1266 1265/1265/1265
f 1265/1265/1265 1267/1267/1267 1263/1263/1263
f 1262/1262/1262 1263/1263/1263 1267/1267/1267
f 1265/1265/1265 1266/1266/1266 1268/1268/1268
f 1269/1269/1269 1262/1262/1262 1267/1267/1267
f 1266/1266/1266 1270/1270/1270 1268/1268/1268
f 1268/1268/1268 1270/1270/1270 1271/1271/1271
f 1268/1268/1268 1271/1271/1271 1272/1272/1272
f 1273/1273/1273 1268/1268/1268 1272/1272/1272
f 1269/1269/1269 1274/1274/1274 1262/1262/1262
f 1274/1274/1274 1275/1275/1275 1262/1262/1262
f 1262/1262/1262 1275/1275/1275 1260/1260/1260
f 1276/1276/1276 1275/1275/1275 1274/1274/1274
f 1275/1275/1275 1276/1276/1276 1260/1260/1260
f 1274/1274/1274 1277/1277/1277 1276/1276/1276
f 1277/1277/1277 1278/1278/1278 1276/1276/1276
f 1276/1276/1276 1279/1279/1279 1260/1260/1260
f 1276/1276/1276 1278/1278/1278 1279/1279/1279
f 1260/1260/1260 1279/1279/1279 1280/1280/1280
f 1278/1278/1278 1281/1281/1281 1279/1279/1279
f 1279/1279/1279 1281/1281/1281 1280/1280/1280
f 1281/1281/1281 1282/1282/1282 1280/1280/1280
f 1285/1285/1285 1284/1284/1284 1283/1283/1283
f 1286/1286/1286 1285/1285/1285 1283/1283/1283
f 1289/1289/1289 1288/1288/1288 1287/1287/1287
f 1287/1287/1287 1288/1288/1288 1290/1290/1290
f 1291/1291/1291 1290/1290/1290 1288/1288/1288
f 1292/1292/1292 1290/1290/1290 1291/1291/1291
f 1292/1292/1292 1293/1293/1293 1290/1290/1290
f 1294/1294/1294 1287/1287/1287 1290/1290/1290
f 1293/1293/1293 1294/1294/1294 1290/1290/1290
f 1295/1295/1295 1287/1287/1287 1294/1294/1294
f 1296/1296/1296 1294/1294/1294 1293/1293/1293
f 1296/1296/1296 1295/1295/1295 1294/1294/1294
f 1297/1297/1297 1296/1296/1296 1293/1293/1293
f 1297/1297/1297 1298/1298/1298 1296/1296/1296
f 1296/1296/1296 1299/1299/1299 1295/1295/1295
f 1298/1298/1298 1299/1299/1299 1296/1296/1296
f 1299/1299/1299 1300/1300/1300 1295/1295/1295
f 1301/1301/1301 1300/1300/1300 1299/1299/1299
f 1298/1298/1298 1302/1302/1302 1299/1299/1299
f 1301/1301/1301 1299/1299/1299 1303/1303/1303
f 1303/1303/1303 1299/1299/1299 1302/1302/1302
f 1304/1304/1304 1303/1303/1303 1302/1302/1302
f 1307/1307/1307 1306/1306/1306 1305/1305/1305
f 1306/1306/1306 1308/1308/1308 1305/1305/1305
f 1305/1305/1305 1308/1308/1308 1309/1309/1309
f 1306/1306/1306 1310/1310/1310 1308/1308/1308
f 1308/1308/1308 1311/1311/1311 1309/1309/1309
f 1310/1310/1310 1312/1312/1312 1308/1308/1308
f 1308/1308/1308 1312/1312/1312 1311/1311/1311
f 1310/1310/1310 1313/1313/1313 1312/1312/1312
f 1312/1312/1312 1314/1314/1314 1311/1311/1311
f 1313/1313/1313 1310/1310/1310 1315/1315/1315
f 1315/1315/1315 1316/1316/1316 1313/1313/1313
f 1313/1313/1313 1316/1316/1316 1317/1317/1317
f 1317/1317/1317 1318/1318/1318 1313/1313/1313
f 1309/1309/1309 1311/1311/1311 1319/1319/1319
f 1319/1319/1319 1320/1320/1320 1309/1309/1309
f 1311/1311/1311 1321/1321/1321 1319/1319/1319
f 1311/1311/1311 1314/1314/1314 1321/1321/1321
f 1314/1314/1314 1322/1322/1322 1321/1321/1321
f 1323/1323/1323 1322/1322/1322 1314/1314/1314
f 1324/1324/1324 1323/1323/1323 1314/1314/1314
f 1312/1312/1312 1325/1325/1325 1314/1314/1314
f 1313/1313/1313 1325/1325/1325 1312/1312/1312
f 1318/1318/1318 1326/1326/1326 1313/1313/1313
f 1325/1325/1325 1313/1313/1313 1326/1326/1326
f 1326/1326/1326 1327/1327/1327 1325/1325/1325
f 1318/1318/1318 1328/1328/1328 1326/1326/1326
f 1328/1328/1328 1327/1327/1327 1326/1326/1326
f 1328/1328/1328 1329/1329/1329 1327/1327/1327
f 1329/1329/1329 1330/1330/1330 1327/1327/1327
f 1331/1331/1331 1327/1327/1327 1330/1330/1330
f 1327/1327/1327 1331/1331/1331 1324/1324/1324
f 1332/1332/1332 1324/1324/1324 1314/1314/1314
f 1325/1325/1325 1332/1332/1332 1314/1314/1314
f 1332/1332/1332 1327/1327/1327 1324/1324/1324
f 1327/1327/1327 1332/1332/1332 1325/1325/1325
f 1335/1335/1335 1334/1334/1334 1333/1333/1333
f 1336/1336/1336 1335/1335/1335 1333/1333/1333
f 1338/1338/1338 1336/1336/1336 1337/1337/1337
f 1338/1338/1338 1337/1337/1337 1339/1339/1339
f 1342/1342/1342 1341/1341/1341 1340/1340/1340
f 1343/1343/1343 1342/1342/1342 1340/1340/1340
f 1340/1340/1340 1344/1344/1344 1343/1343/1343
f 1342/1342/1342 1343/1343/1343 1345/1345/1345
f 1344/1344/1344 1346/1346/1346 1343/1343/1343
f 1343/1343/1343 1347/1347/1347 1345/1345/1345
f 1347/1347/1347 1343/1343/1343 1346/1346/1346
f 1345/1345/1345 1347/1347/1347 1348/1348/1348
f 1349/1349/1349 1347/1347/1347 1346/1346/1346
f 1347/1347/1347 1350/1350/1350 1348/1348/1348
f 1350/1350/1350 1347/1347/1347 1349/1349/1349
f 1351/1351/1351 1350/1350/1350 1349/1349/1349
f 1352/1352/1352 1348/1348/1348 1350/1350/1350
f 1353/1353/1353 1352/1352/1352 1350/1350/1350
f 1356/1356/1356 1355/1355/1355 1354/1354/1354
f 1357/1357/1357 1356/1356/1356 1354/1354/1354
f 1357/1357/1357 1354/1354/1354 1358/1358/1358
f 1359/1359/1359 1357/1357/1357 1358/1358/1358
f 1360/1360/1360 1358/1358/1358 1354/1354/1354
f 1358/1358/1358 1360/1360/1360 1361/1361/1361
f 1360/1360/1360 1362/1362/1362 1361/1361/1361
f 1358/1358/1358 1361/1361/1361 1363/1363/1363
f 1364/1364/1364 1358/1358/1358 1363/1363/1363
f 1361/1361/1361 1366/1366/1366 1365/1365/1365
f 1365/1365/1365 1366/1366/1366 1367/1367/1367
f 1368/1368/1368 1365/1365/1365 1367/1367/1367
f 1371/1371/1371 1370/1370/1370 1369/1369/1369
f 1371/1371/1371 1369/1369/1369 1372/1372/1372
f 1373/1373/1373 1371/1371/1371 1372/1372/1372
f 1373/1373/1373 1372/1372/1372 1374/1374/1374
f 1375/1375/1375 1373/1373/1373 1374/1374/1374
f 1374/1374/1374 1372/1372/1372 1376/1376/1376
f 1372/1372/1372 1369/1369/1369 1377/1377/1377
f 1372/1372/1372 1377/1377/1377 1376/1376/1376
f 1376/1376/1376 1377/1377/1377 1378/1378/1378
f 1378/1378/1378 1379/1379/1379 1376/1376/1376
f 1369/1369/1369 1380/1380/1380 1377/1377/1377
f 1381/1381/1381 1379/1379/1379 1378/1378/1378
f 1377/1377/1377 1380/1380/1380 1382/1382/1382
f 1377/1377/1377 1382/1382/1382 1378/1378/1378
f 1380/1380/1380 1383/1383/1383 1382/1382/1382
f 1382/1382/1382 1383/1383/1383 1384/1384/1384
f 1384/1384/1384 1378/1378/1378 1382/1382/1382
f 1383/1383/1383 1385/1385/1385 1384/1384/1384
f 1378/1378/1378 1384/1384/1384 1386/1386/1386
f 1378/1378/1378 1387/1387/1387 1381/1381/1381
f 1387/1387/1387 1378/1378/1378 1386/1386/1386
f 1387/1387/1387 1388/1388/1388 1381/1381/1381
f 1388/1388/1388 1387/1387/1387 1389/1389/1389
f 1389/1389/1389 1387/1387/1387 1390/1390/1390
f 1387/1387/1387 1391/1391/1391 1390/1390/1390
f 1386/1386/1386 1391/1391/1391 1387/1387/1387
f 1391/1391/1391 1386/1386/1386 1392/1392/1392
f 1386/1386/1386 1393/1393/1393 1392/1392/1392
f 1396/1396/1396 1395/1395/1395 1394/1394/1394
f 1397/1397/1397 1396/1396/1396 1394/1394/1394
f 1394/1394/1394 1398/1398/1398 1397/1397/1397
f 1399/1399/1399 1398/1398/1398 1394/1394/1394
f 1396/1396/1396 1397/1397/1397 1400/1400/1400
f 1400/1400/1400 1397/1397/1397 1398/1398/1398
f 1401/1401/1401 1396/1396/1396 1400/1400/1400
f 1396/1396/1396 1401/1401/1401 1402/1402/1402
f 1403/1403/1403 1400/1400/1400 1398/1398/1398
f 1400/1400/1400 1404/1404/1404 1401/1401/1401
f 1400/1400/1400 1403/1403/1403 1404/1404/1404
f 1398/1398/1398 1405/1405/1405 1403/1403/1403
f 1405/1405/1405 1398/1398/1398 1406/1406/1406
f 1407/1407/1407 1405/1405/1405 1406/1406/1406
f 1408/1408/1408 1403/1403/1403 1405/1405/1405
f 1404/1404/1404 1403/1403/1403 1408/1408/1408
f 1407/1407/1407 1408/1408/1408 1405/1405/1405
f 1401/1401/1401 1404/1404/1404 1409/1409/1409
f 1408/1408/1408 1409/1409/1409 1404/1404/1404
f 1402/1402/1402 1401/1401/1401 1410/1410/1410
f 1410/1410/1410 1401/1401/1401 1409/1409/1409
f 1411/1411/1411 1408/1408/1408 1407/1407/1407
f 1412/1412/1412 1411/1411/1411 1407/1407/1407
f 1409/1409/1409 1408/1408/1408 1413/1413/1413
f 1408/1408/1408 1411/1411/1411 1413/1413/1413
f 1414/1414/1414 1413/1413/1413 1411/1411/1411
f 1415/1415/1415 1414/1414/1414 1411/1411/1411
f 1416/1416/1416 1409/1409/1409 1413/1413/1413
f 1410/1410/1410 1409/1409/1409 1416/1416/1416
f 1417/1417/1417 1410/1410/1410 1416/1416/1416
f 1418/1418/1418 1402/1402/1402 1410/1410/1410
f 1418/1418/1418 1410/1410/1410 1417/1417/1417
f 1419/1419/1419 1402/1402/1402 1418/1418/1418
f 1420/1420/1420 1418/1418/1418 1417/1417/1417
f 1421/1421/1421 1419/1419/1419 1418/1418/1418
f 1421/1421/1421 1418/1418/1418 1420/1420/1420
f 1424/1424/1424 1423/1423/1423 1422/1422/1422
f 1424/1424/1424 1425/1425/1425 1423/1423/1423
f 1428/1428/1428 1427/1427/1427 1426/1426/1426
f 1428/1428/1428 1429/1429/1429 1427/1427/1427
f 1429/1429/1429 1430/1430/1430 1427/1427/1427
f 1427/1427/1427 1430/1430/1430 1431/1431/1431
f 1429/1429/1429 1432/1432/1432 1430/1430/1430
f 1430/1430/1430 1433/1433/1433 1431/1431/1431
f 1430/1430/1430 1432/1432/1432 1433/1433/1433
f 1431/1431/1431 1433/1433/1433 1434/1434/1434
f 1432/1432/1432 1435/1435/1435 1433/1433/1433
f 1436/1436/1436 1433/1433/1433 1435/1435/1435
f 1433/1433/1433 1437/1437/1437 1434/1434/1434
f 1433/1433/1433 1436/1436/1436 1437/1437/1437
f 1437/1437/1437 1436/1436/1436 1438/1438/1438
f 1439/1439/1439 1437/1437/1437 1438/1438/1438
f 1442/1442/1442 1441/1441/1441 1440/1440/1440
f 1443/1443/1443 1442/1442/1442 1440/1440/1440
f 1444/1444/1444 1442/1442/1442 1443/1443/1443
f 1447/1447/1447 1446/1446/1446 1445/1445/1445
f 1447/1447/1447 1448/1448/1448 1446/1446/1446
f 1446/1446/1446 1448/1448/1448 1449/1449/1449
f 1452/1452/1452 1451/1451/1451 1450/1450/1450
f 1451/1451/1451 1452/1452/1452 1453/1453/1453
f 1456/1456/1456 1455/1455/1455 1454/1454/1454
f 1456/1456/1456 1457/1457/1457 1455/1455/1455
f 1457/1457/1457 1458/1458/1458 1455/1455/1455
f 1457/1457/1457 1459/1459/1459 1458/1458/1458
f 1459/1459/1459 1460/1460/1460 1458/1458/1458
f 1461/1461/1461 1457/1457/1457 1456/1456/1456
f 1459/1459/1459 1457/1457/1457 1462/1462/1462
f 1457/1457/1457 1461/1461/1461 1462/1462/1462
f 1463/1463/1463 1461/1461/1461 1456/1456/1456
f 1456/1456/1456 1464/1464/1464 1463/1463/1463
f 1464/1464/1464 1465/1465/1465 1463/1463/1463
f 1465/1465/1465 1466/1466/1466 1463/1463/1463
f 1467/1467/1467 1461/1461/1461 1463/1463/1463
f 1467/1467/1467 1463/1463/1463 1468/1468/1468
f 1469/1469/1469 1467/1467/1467 1468/1468/1468
f 1470/1470/1470 1461/1461/1461 1467/1467/1467
f 1469/1469/1469 1470/1470/1470 1467/1467/1467
f 1470/1470/1470 1462/1462/1462 1461/1461/1461
f 1471/1471/1471 1470/1470/1470 1469/1469/1469
f 1471/1471/1471 1472/1472/1472 1470/1470/1470
f 1462/1462/1462 1470/1470/1470 1472/1472/1472
f 1473/1473/1473 1462/1462/1462 1472/1472/1472
f 1462/1462/1462 1474/1474/1474 1459/1459/1459
f 1473/1473/1473 1474/1474/1474 1462/1462/1462
f 1474/1474/1474 1475/1475/1475 1459/1459/1459
f 1473/1473/1473 1476/1476/1476 1474/1474/1474
f 1474/1474/1474 1476/1476/1476 1475/1475/1475
f 1479/1479/1479 1478/1478/1478 1477/1477/1477
f 1479/1479/1479 1480/1480/1480 1478/1478/1478
f 1481/1481/1481 1480/1480/1480 1479/1479/1479
f 1480/1480/1480 1481/1481/1481 1482/1482/1482
f 1481/1481/1481 1483/1483/1483 1482/1482/1482
f 1486/1486/1486 1485/1485/1485 1484/1484/1484
f 1486/1486/1486 1487/1487/1487 1485/1485/1485
f 1485/1485/1485 1487/1487/1487 1488/1488/1488
f 1489/1489/1489 1485/1485/1485 1488/1488/1488
f 1492/1492/1492 1491/1491/1491 1490/1490/1490
f 1492/1492/1492 1490/1490/1490 1493/1493/1493
f 1493/1493/1493 1494/1494/1494 1492/1492/1492
f 1495/1495/1495 1494/1494/1494 1493/1493/1493
f 1493/1493/1493 1496/1496/1496 1495/1495/1495
f 1496/1496/1496 1493/1493/1493 1497/1497/1497
f 1493/1493/1493 1498/1498/1498 1497/1497/1497
f 1490/1490/1490 1498/1498/1498 1493/1493/1493
f 1497/1497/1497 1498/1498/1498 1499/1499/1499
f 1500/1500/1500 1499/1499/1499 1498/1498/1498
f 1498/1498/1498 1490/1490/1490 1500/1500/1500
f 1490/1490/1490 1501/1501/1501 1500/1500/1500
f 1504/1504/1504 1503/1503/1503 1502/1502/1502
f 1504/1504/1504 1505/1505/1505 1503/1503/1503
f 1503/1503/1503 1505/1505/1505 1506/1506/1506
f 1507/1507/1507 1503/1503/1503 1506/1506/1506
f 1510/1510/1510 1509/1509/1509 1508/1508/1508
f 1510/1510/1510 1511/1511/1511 1509/1509/1509
f 1511/1511/1511 1512/1512/1512 1509/1509/1509
f 1512/1512/1512 1511/1511/1511 1513/1513/1513
f 1513/1513/1513 1514/1514/1514 1512/1512/1512
f 1511/1511/1511 1515/1515/1515 1513/1513/1513
f 1516/1516/1516 1513/1513/1513 1515/1515/1515
f 1517/1517/1517 1516/1516/1516 1515/1515/1515
f 1515/1515/1515 1511/1511/1511 1518/1518/1518
f 1511/1511/1511 1510/1510/1510 1518/1518/1518
f 1517/1517/1517 1515/1515/1515 1518/1518/1518
f 1510/1510/1510 1519/1519/1519 1518/1518/1518
f 1519/1519/1519 1510/1510/1510 1520/1520/1520
f 1517/1517/1517 1518/1518/1518 1521/1521/1521
f 1521/1521/1521 1518/1518/1518 1519/1519/1519
f 1519/1519/1519 1520/1520/1520 1522/1522/1522
f 1520/1520/1520 1523/1523/1523 1522/1522/1522
f 1524/1524/1524 1517/1517/1517 1521/1521/1521
f 1524/1524/1524 1525/1525/1525 1517/1517/1517
f 1525/1525/1525 1524/1524/1524 1526/1526/1526
f 1524/1524/1524 1527/1527/1527 1526/1526/1526
f 1528/1528/1528 1521/1521/1521 1519/1519/1519
f 1528/1528/1528 1519/1519/1519 1522/1522/1522
f 1521/1521/1521 1528/1528/1528 1524/1524/1524
f 1522/1522/1522 1529/1529/1529 1528/1528/1528
f 1528/1528/1528 1529/1529/1529 1524/1524/1524
f 1522/1522/1522 1523/1523/1523 1529/1529/1529
f 1524/1524/1524 1529/1529/1529 1527/1527/1527
f 1523/1523/1523 1530/1530/1530 1529/1529/1529
f 1529/1529/1529 1530/1530/1530 1527/1527/1527
f 1523/1523/1523 1531/1531/1531 1530/1530/1530
f 1532/1532/1532 1527/1527/1527 1530/1530/1530
f 1533/1533/1533 1532/1532/1532 1530/1530/1530
f 1536/1536/1536 1535/1535/1535 1534/1534/1534
f 1537/1537/1537 1536/1536/1536 1534/1534/1534
f 1537/1537/1537 1538/1538/1538 1536/1536/1536
f 1539/1539/1539 1538/1538/1538 1537/1537/1537
f 1540/1540/1540 1538/1538/1538 1539/1539/1539
f 1538/1538/1538 1540/1540/1540 1541/1541/1541
f 1538/1538/1538 1542/1542/1542 1536/1536/1536
f 1543/1543/1543 1538/1538/1538 1541/1541/1541
f 1538/1538/1538 1543/1543/1543 1542/1542/1542
f 1541/1541/1541 1544/1544/1544 1543/1543/1543
f 1544/1544/1544 1545/1545/1545 1543/1543/1543
f 1543/1543/1543 1546/1546/1546 1542/1542/1542
f 1543/1543/1543 1545/1545/1545 1546/1546/1546
f 1545/1545/1545 1547/1547/1547 1546/1546/1546
f 1546/1546/1546 1548/1548/1548 1542/1542/1542
f 1549/1549/1549 1548/1548/1548 1546/1546/1546
f 1552/1552/1552 1551/1551/1551 1550/1550/1550
f 1550/1550/1550 1551/1551/1551 1553/1553/1553
f 1553/1553/1553 1551/1551/1551 1554/1554/1554
f 1555/1555/1555 1553/1553/1553 1554/1554/1554
f 1554/1554/1554 1556/1556/1556 1555/1555/1555
f 1557/1557/1557 1553/1553/1553 1555/1555/1555
f 1557/1557/1557 1558/1558/1558 1553/1553/1553
f 1558/1558/1558 1557/1557/1557 1559/1559/1559
f 1557/1557/1557 1560/1560/1560 1559/1559/1559
f 1560/1560/1560 1557/1557/1557 1561/1561/1561
f 1561/1561/1561 1557/1557/1557 1555/1555/1555
f 1562/1562/1562 1560/1560/1560 1561/1561/1561
f 1562/1562/1562 1561/1561/1561 1563/1563/1563
f 1564/1564/1564 1561/1561/1561 1555/1555/1555
f 1563/1563/1563 1561/1561/1561 1564/1564/1564
f 1555/1555/1555 1556/1556/1556 1564/1564/1564
f 1565/1565/1565 1563/1563/1563 1564/1564/1564
f 1556/1556/1556 1566/1566/1566 1564/1564/1564
f 1566/1566/1566 1565/1565/1565 1564/1564/1564
f 1567/1567/1567 1566/1566/1566 1556/1556/1556
f 1566/1566/1566 1568/1568/1568 1565/1565/1565
f 1569/1569/1569 1568/1568/1568 1566/1566/1566
f 1570/1570/1570 1569/1569/1569 1566/1566/1566
f 1573/1573/1573 1572/1572/1572 1571/1571/1571
f 1573/1573/1573 1574/1574/1574 1572/1572/1572
f 1573/1573/1573 1575/1575/1575 1574/1574/1574
f 1576/1576/1576 1574/1574/1574 1575/1575/1575
f 1577/1577/1577 1574/1574/1574 1576/1576/1576
f 1572/1572/1572 1574/1574/1574 1577/1577/1577
f 1578/1578/1578 1572/1572/1572 1577/1577/1577
f 1581/1581/1581 1580/1580/1580 1579/1579/1579
f 1582/1582/1582 1581/1581/1581 1579/1579/1579
f 1579/1579/1579 1583/1583/1583 1582/1582/1582
f 1583/1583/1583 1584/1584/1584 1582/1582/1582
f 1582/1582/1582 1585/1585/1585 1581/1581/1581
f 1586/1586/1586 1581/1581/1581 1585/1585/1585
f 1581/1581/1581 1586/1586/1586 1587/1587/1587
f 1590/1590/1590 1589/1589/1589 1588/1588/1588
f 1588/1588/1588 1589/1589/1589 1591/1591/1591
f 1588/1588/1588 1591/1591/1591 1592/1592/1592
f 1591/1591/1591 1593/1593/1593 1592/1592/1592
f 1595/1595/1595 1593/1593/1593 1594/1594/1594
f 1596/1596/1596 1595/1595/1595 1594/1594/1594
f 1599/1599/1599 1598/1598/1598 1597/1597/1597
f 1600/1600/1600 1597/1597/1597 1598/1598/1598
f 1598/1598/1598 1601/1601/1601 1600/1600/1600
f 1601/1601/1601 1602/1602/1602 1600/1600/1600
f 1602/1602/1602 1601/1601/1601 1603/1603/1603
f 1604/1604/1604 1600/1600/1600 1602/1602/1602
f 1600/1600/1600 1604/1604/1604 1605/1605/1605
f 1605/1605/1605 1604/1604/1604 1606/1606/1606
f 1607/1607/1607 1604/1604/1604 1602/1602/1602
f 1602/1602/1602 1608/1608/1608 1607/1607/1607
f 1608/1608/1608 1609/1609/1609 1607/1607/1607
f 1610/1610/1610 1607/1607/1607 1609/1609/1609
f 1611/1611/1611 1610/1610/1610 1609/1609/1609
f 1610/1610/1610 1612/1612/1612 1607/1607/1607
f 1612/1612/1612 1610/1610/1610 1613/1613/1613
f 1613/1613/1613 1614/1614/1614 1612/1612/1612
f 1613/1613/1613 1610/1610/1610 1615/1615/1615
f 1618/1618/1618 1617/1617/1617 1616/1616/1616
f 1619/1619/1619 1617/1617/1617 1618/1618/1618
f 1620/1620/1620 1619/1619/1619 1618/1618/1618
f 1621/1621/1621 1620/1620/1620 1618/1618/1618
f 1620/1620/1620 1621/1621/1621 1622/1622/1622
f 1620/1620/1620 1622/1622/1622 1623/1623/1623
f 1624/1624/1624 1623/1623/1623 1622/1622/1622
f 1625/1625/1625 1624/1624/1624 1622/1622/1622
f 1625/1625/1625 1627/1627/1627 1626/1626/1626
f 1626/1626/1626 1628/1628/1628 1625/1625/1625
f 1628/1628/1628 1629/1629/1629 1625/1625/1625
f 1632/1632/1632 1631/1631/1631 1630/1630/1630
f 1631/1631/1631 1632/1632/1632 1633/1633/1633
f 1634/1634/1634 1633/1633/1633 1632/1632/1632
f 1633/1633/1633 1636/1636/1636 1635/1635/1635
f 1636/1636/1636 1637/1637/1637 1635/1635/1635
f 1635/1635/1635 1637/1637/1637 1638/1638/1638
f 1637/1637/1637 1639/1639/1639 1638/1638/1638
f 1638/1638/1638 1640/1640/1640 1635/1635/1635
f 1639/1639/1639 1641/1641/1641 1638/1638/1638
f 1638/1638/1638 1641/1641/1641 1640/1640/1640
f 1644/1644/1644 1643/1643/1643 1642/1642/1642
f 1644/1644/1644 1645/1645/1645 1643/1643/1643
f 1648/1648/1648 1647/1647/1647 1646/1646/1646
f 1648/1648/1648 1649/1649/1649 1647/1647/1647
f 1650/1650/1650 1649/1649/1649 1648/1648/1648
f 1647/1647/1647 1649/1649/1649 1651/1651/1651
f 1649/1649/1649 1650/1650/1650 1652/1652/1652
f 1649/1649/1649 1652/1652/1652 1651/1651/1651
f 1647/1647/1647 1651/1651/1651 1653/1653/1653
f 1647/1647/1647 1653/1653/1653 1654/1654/1654
f 1653/1653/1653 1651/1651/1651 1655/1655/1655
f 1651/1651/1651 1652/1652/1652 1655/1655/1655
f 1653/1653/1653 1656/1656/1656 1654/1654/1654
f 1656/1656/1656 1653/1653/1653 1655/1655/1655
f 1656/1656/1656 1657/1657/1657 1654/1654/1654
f 1658/1658/1658 1656/1656/1656 1655/1655/1655
f 1659/1659/1659 1655/1655/1655 1652/1652/1652
f 1660/1660/1660 1659/1659/1659 1652/1652/1652
f 1650/1650/1650 1661/1661/1661 1652/1652/1652
f 1652/1652/1652 1661/1661/1661 1660/1660/1660
f 1661/1661/1661 1650/1650/1650 1662/1662/1662
f 1660/1660/1660 1661/1661/1661 1663/1663/1663
f 1664/1664/1664 1661/1661/1661 1662/1662/1662
f 1661/1661/1661 1664/1664/1664 1663/1663/1663
f 1667/1667/1667 1666/1666/1666 1665/1665/1665
f 1668/1668/1668 1667/1667/1667 1665/1665/1665
f 1668/1668/1668 1665/1665/1665 1669/1669/1669
f 1667/1667/1667 1668/1668/1668 1670/1670/1670
f 1668/1668/1668 1671/1671/1671 1670/1670/1670
f 1672/1672/1672 1668/1668/1668 1669/1669/1669
f 1668/1668/1668 1672/1672/1672 1673/1673/1673
f 1676/1676/1676 1675/1675/1675 1674/1674/1674
f 1675/1675/1675 1677/1677/1677 1674/1674/1674
f 1677/1677/1677 1675/1675/1675 1678/1678/1678
f 1677/1677/1677 1678/1678/1678 1679/1679/1679
f 1680/1680/1680 1677/1677/1677 1679/1679/1679
f 1681/1681/1681 1680/1680/1680 1679/1679/1679
f 1682/1682/1682 1681/1681/1681 1679/1679/1679
f 1682/1682/1682 1679/1679/1679 1683/1683/1683
f 1684/1684/1684 1682/1682/1682 1683/1683/1683
f 1682/1682/1682 1684/1684/1684 1685/1685/1685
f 1688/1688/1688 1687/1687/1687 1686/1686/1686
f 1689/1689/1689 1688/1688/1688 1686/1686/1686
f 1692/1692/1692 1691/1691/1691 1690/1690/1690
f 1691/1691/1691 1692/1692/1692 1693/1693/1693
f 1692/1692/1692 1694/1694/1694 1693/1693/1693
f 1697/1697/1697 1696/1696/1696 1695/1695/1695
f 1696/1696/1696 1698/1698/1698 1695/1695/1695
f 1695/1695/1695 1698/1698/1698 1699/1699/1699
f 1700/1700/1700 1695/1695/1695 1699/1699/1699
f 1699/1699/1699 1698/1698/1698 1701/1701/1701
f 1698/1698/1698 1702/1702/1702 1701/1701/1701
f 1701/1701/1701 1703/1703/1703 1699/1699/1699
f 1704/1704/1704 1701/1701/1701 1702/1702/1702
f 1703/1703/1703 1701/1701/1701 1705/1705/1705
f 1701/1701/1701 1704/1704/1704 1705/1705/1705
f 1708/1708/1708 1707/1707/1707 1706/1706/1706
f 1709/1709/1709 1708/1708/1708 1706/1706/1706
f 1712/1712/1712 1711/1711/1711 1710/1710/1710
f 1712/1712/1712 1710/1710/1710 1713/1713/1713
f 1710/1710/1710 1714/1714/1714 1713/1713/1713
f 1714/1714/1714 1715/1715/1715 1713/1713/1713
f 1715/1715/1715 1716/1716/1716 1713/1713/1713
f 1716/1716/1716 1717/1717/1717 1713/1713/1713
f 1718/1718/1718 1713/1713/1713 1717/1717/1717
f 1718/1718/1718 1712/1712/1712 1713/1713/1713
f 1712/1712/1712 1718/1718/1718 1719/1719/1719
f 1718/1718/1718 1720/1720/1720 1719/1719/1719
f 1720/1720/1720 1718/1718/1718 1721/1721/1721
f 1722/1722/1722 1720/1720/1720 1721/1721/1721
f 1723/1723/1723 1719/1719/1719 1720/1720/1720
f 1720/1720/1720 1722/1722/1722 1723/1723/1723
f 1723/1723/1723 1724/1724/1724 1719/1719/1719
f 1722/1722/1722 1725/1725/1725 1723/1723/1723
f 1726/1726/1726 1724/1724/1724 1723/1723/1723
f 1725/1725/1725 1726/1726/1726 1723/1723/1723
f 1729/1729/1729 1728/1728/1728 1727/1727/1727
f 1730/1730/1730 1729/1729/1729 1727/1727/1727
f 1731/1731/1731 1730/1730/1730 1727/1727/1727
f 1731/1731/1731 1732/1732/1732 1730/1730/1730
f 1731/1731/1731 1733/1733/1733 1732/1732/1732
f 1733/1733/1733 1734/1734/1734 1732/1732/1732
f 1734/1734/1734 1733/1733/1733 1735/1735/1735
f 1736/1736/1736 1734/1734/1734 1735/1735/1735
f 1739/1739/1739 1738/1738/1738 1737/1737/1737
f 1737/1737/1737 1740/1740/1740 1739/1739/1739
f 1740/1740/1740 1741/1741/1741 1739/1739/1739
f 1740/1740/1740 1737/1737/1737 1742/1742/1742
f 1741/1741/1741 1740/1740/1740 1743/1743/1743
f 1744/1744/1744 1740/1740/1740 1742/1742/1742
f 1740/1740/1740 1744/1744/1744 1743/1743/1743
f 1747/1747/1747 1746/1746/1746 1745/1745/1745
f 1746/1746/1746 1748/1748/1748 1745/1745/1745
f 1745/1745/1745 1748/1748/1748 1749/1749/1749
f 1748/1748/1748 1750/1750/1750 1749/1749/1749
f 1750/1750/1750 1748/1748/1748 1751/1751/1751
f 1750/1750/1750 1752/1752/1752 1749/1749/1749
f 1749/1749/1749 1752/1752/1752 1753/1753/1753
f 1752/1752/1752 1754/1754/1754 1753/1753/1753
f 1749/1749/1749 1753/1753/1753 1755/1755/1755
f 1755/1755/1755 1753/1753/1753 1756/1756/1756
f 1757/1757/1757 1749/1749/1749 1755/1755/1755
f 1745/1745/1745 1749/1749/1749 1757/1757/1757
f 1758/1758/1758 1745/1745/1745 1757/1757/1757
f 1759/1759/1759 1745/1745/1745 1758/1758/1758
f 1762/1762/1762 1761/1761/1761 1760/1760/1760
f 1763/1763/1763 1760/1760/1760 1761/1761/1761
f 1764/1764/1764 1763/1763/1763 1761/1761/1761
f 1763/1763/1763 1765/1765/1765 1760/1760/1760
f 1765/1765/1765 1766/1766/1766 1760/1760/1760
f 1767/1767/1767 1765/1765/1765 1763/1763/1763
f 1768/1768/1768 1767/1767/1767 1763/1763/1763
f 1768/1768/1768 1763/1763/1763 1764/1764/1764
f 1769/1769/1769 1768/1768/1768 1764/1764/1764
f 1769/1769/1769 1764/1764/1764 1770/1770/1770
f 1771/1771/1771 1769/1769/1769 1770/1770/1770
f 1774/1774/1774 1773/1773/1773 1772/1772/1772
f 1775/1775/1775 1772/1772/1772 1773/1773/1773
f 1775/1775/1775 1776/1776/1776 1772/1772/1772
f 1777/1777/1777 1776/1776/1776 1775/1775/1775
f 1778/1778/1778 1775/1775/1775 1773/1773/1773
f 1779/1779/1779 1777/1777/1777 1775/1775/1775
f 1779/1779/1779 1775/1775/1775 1778/1778/1778
f 1779/1779/1779 1780/1780/1780 1777/1777/1777
f 1781/1781/1781 1779/1779/1779 1778/1778/1778
f 1780/1780/1780 1779/1779/1779 1781/1781/1781
f 1778/1778/1778 1782/1782/1782 1781/1781/1781
f 1778/1778/1778 1783/1783/1783 1782/1782/1782
f 1782/1782/1782 1784/1784/1784 1781/1781/1781
f 1785/1785/1785 1780/1780/1780 1781/1781/1781
f 1781/1781/1781 1784/1784/1784 1785/1785/1785
f 1780/1780/1780 1785/1785/1785 1786/1786/1786
f 1784/1784/1784 1787/1787/1787 1785/1785/1785
f 1784/1784/1784 1788/1788/1788 1787/1787/1787
f 1785/1785/1785 1789/1789/1789 1786/1786/1786
f 1785/1785/1785 1787/1787/1787 1789/1789/1789
f 1790/1790/1790 1786/1786/1786 1789/1789/1789
f 1787/1787/1787 1791/1791/1791 1789/1789/1789
f 1792/1792/1792 1790/1790/1790 1789/1789/1789
f 1792/1792/1792 1789/1789/1789 1791/1791/1791
f 1793/1793/1793 1792/1792/1792 1791/1791/1791
f 1794/1794/1794 1790/1790/1790 1792/1792/1792
f 1795/1795/1795 1792/1792/1792 1793/1793/1793
f 1795/1795/1795 1794/1794/1794 1792/1792/1792
f 1796/1796/1796 1795/1795/1795 1793/1793/1793
f 1794/1794/1794 1795/1795/1795 1797/1797/1797
f 1794/1794/1794 1797/1797/1797 1798/1798/1798
f 1801/1801/1801 1800/1800/1800 1799/1799/1799
f 1802/1802/1802 1799/1799/1799 1800/1800/1800
f 1803/1803/1803 1802/1802/1802 1800/1800/1800
f 1803/1803/1803 1800/1800/1800 1804/1804/1804
f 1805/1805/1805 1803/1803/1803 1804/1804/1804
f 1806/1806/1806 1803/1803/1803 1805/1805/1805
f 1807/1807/1807 1806/1806/1806 1805/1805/1805
f 1803/1803/1803 1806/1806/1806 1808/1808/1808
f 1809/1809/1809 1808/1808/1808 1806/1806/1806
f 1810/1810/1810 1809/1809/1809 1806/1806/1806
f 1812/1812/1812 1810/1810/1810 1811/1811/1811
f 1813/1813/1813 1812/1812/1812 1811/1811/1811
f 1812/1812/1812 1813/1813/1813 1814/1814/1814
f 1814/1814/1814 1813/1813/1813 1815/1815/1815
f 1816/1816/1816 1814/1814/1814 1815/1815/1815
f 1817/1817/1817 1814/1814/1814 1816/1816/1816
f 1819/1819/1819 1817/1817/1817 1818/1818/1818
f 1820/1820/1820 1819/1819/1819 1818/1818/1818
f 1820/1820/1820 1818/1818/1818 1821/1821/1821
f 1824/1824/1824 1823/1823/1823 1822/1822/1822
f 1825/1825/1825 1824/1824/1824 1822/1822/1822
f 1826/1826/1826 1824/1824/1824 1825/1825/1825
f 1826/1826/1826 1827/1827/1827 1824/1824/1824
f 1828/1828/1828 1827/1827/1827 1826/1826/1826
f 1828/1828/1828 1829/1829/1829 1827/1827/1827
f 1832/1832/1832 1831/1831/1831 1830/1830/1830
f 1830/1830/1830 1831/1831/1831 1833/1833/1833
f 1830/1830/1830 1833/1833/1833 1834/1834/1834
f 1835/1835/1835 1834/1834/1834 1833/1833/1833
f 1831/1831/1831 1836/1836/1836 1833/1833/1833
f 1837/1837/1837 1835/1835/1835 1833/1833/1833
f 1837/1837/1837 1833/1833/1833 1836/1836/1836
f 1835/1835/1835 1837/1837/1837 1838/1838/1838
f 1839/1839/1839 1837/1837/1837 1836/1836/1836
f 1839/1839/1839 1836/1836/1836 1840/1840/1840
f 1841/1841/1841 1839/1839/1839 1840/1840/1840
f 1839/1839/1839 1841/1841/1841 1842/1842/1842
f 1837/1837/1837 1839/1839/1839 1843/1843/1843
f 1837/1837/1837 1843/1843/1843 1838/1838/1838
f 1839/1839/1839 1842/1842/1842 1843/1843/1843
f 1844/1844/1844 1838/1838/1838 1843/1843/1843
f 1838/1838/1838 1844/1844/1844 1845/1845/1845
f 1846/1846/1846 1843/1843/1843 1842/1842/1842
f 1847/1847/1847 1844/1844/1844 1843/1843/1843
f 1843/1843/1843 1846/1846/1846 1847/1847/1847
f 1848/1848/1848 1845/1845/1845 1844/1844/1844
f 1848/1848/1848 1849/1849/1849 1845/1845/1845
f 1849/1849/1849 1850/1850/1850 1845/1845/1845
f 1851/1851/1851 1848/1848/1848 1844/1844/1844
f 1851/1851/1851 1844/1844/1844 1847/1847/1847
f 1852/1852/1852 1848/1848/1848 1851/1851/1851
f 1853/1853/1853 1852/1852/1852 1851/1851/1851
f 1854/1854/1854 1851/1851/1851 1847/1847/1847
f 1853/1853/1853 1851/1851/1851 1854/1854/1854
f 1847/1847/1847 1846/1846/1846 1854/1854/1854
f 1855/1855/1855 1853/1853/1853 1854/1854/1854
f 1855/1855/1855 1854/1854/1854 1846/1846/1846
f 1853/1853/1853 1855/1855/1855 1856/1856/1856
f 1856/1856/1856 1855/1855/1855 1857/1857/1857
f 1857/1857/1857 1858/1858/1858 1856/1856/1856
f 1857/1857/1857 1855/1855/1855 1859/1859/1859
f 1859/1859/1859 1855/1855/1855 1846/1846/1846
f 1860/1860/1860 1857/1857/1857 1859/1859/1859
f 1859/1859/1859 1846/1846/1846 1861/1861/1861
f 1861/1861/1861 1846/1846/1846 1842/1842/1842
f 1859/1859/1859 1862/1862/1862 1860/1860/1860
f 1862/1862/1862 1859/1859/1859 1861/1861/1861
f 1842/1842/1842 1863/1863/1863 1861/1861/1861
f 1842/1842/1842 1864/1864/1864 1863/1863/1863
f 1863/1863/1863 1865/1865/1865 1861/1861/1861
f 1861/1861/1861 1865/1865/1865 1862/1862/1862
f 1860/1860/1860 1862/1862/1862 1866/1866/1866
f 1866/1866/1866 1867/1867/1867 1860/1860/1860
f 1867/1867/1867 1866/1866/1866 1868/1868/1868
f 1865/1865/1865 1869/1869/1869 1862/1862/1862
f 1866/1866/1866 1862/1862/1862 1869/1869/1869
f 1869/1869/1869 1865/1865/1865 1870/1870/1870
f 1871/1871/1871 1869/1869/1869 1870/1870/1870
f 1872/1872/1872 1866/1866/1866 1869/1869/1869
f 1869/1869/1869 1871/1871/1871 1872/1872/1872
f 1866/1866/1866 1872/1872/1872 1873/1873/1873
f 1872/1872/1872 1874/1874/1874 1873/1873/1873
f 1872/1872/1872 1875/1875/1875 1874/1874/1874
f 1875/1875/1875 1872/1872/1872 1876/1876/1876
f 1872/1872/1872 1871/1871/1871 1876/1876/1876
f 1877/1877/1877 1876/1876/1876 1871/1871/1871
f 1880/1880/1880 1879/1879/1879 1878/1878/1878
f 1881/1881/1881 1878/1878/1878 1879/1879/1879
f 1884/1884/1884 1883/1883/1883 1882/1882/1882
f 1884/1884/1884 1885/1885/1885 1883/1883/1883
f 1886/1886/1886 1883/1883/1883 1885/1885/1885
f 1887/1887/1887 1886/1886/1886 1885/1885/1885
f 1883/1883/1883 1886/1886/1886 1888/1888/1888
f 1886/1886/1886 1887/1887/1887 1889/1889/1889
f 1888/1888/1888 1886/1886/1886 1889/1889/1889
f 1883/1883/1883 1888/1888/1888 1890/1890/1890
f 1883/1883/1883 1890/1890/1890 1891/1891/1891
f 1891/1891/1891 1890/1890/1890 1892/1892/1892
f 1890/1890/1890 1888/1888/1888 1893/1893/1893
f 1888/1888/1888 1894/1894/1894 1893/1893/1893
f 1895/1895/1895 1889/1889/1889 1887/1887/1887
f 1895/1895/1895 1887/1887/1887 1896/1896/1896
f 1895/1895/1895 1896/1896/1896 1897/1897/1897
f 1898/1898/1898 1895/1895/1895 1897/1897/1897
f 1889/1889/1889 1895/1895/1895 1898/1898/1898
f 1898/1898/1898 1897/1897/1897 1899/1899/1899
f 1888/1888/1888 1889/1889/1889 1900/1900/1900
f 1900/1900/1900 1889/1889/1889 1898/1898/1898
f 1894/1894/1894 1888/1888/1888 1900/1900/1900
f 1901/1901/1901 1898/1898/1898 1899/1899/1899
f 1900/1900/1900 1898/1898/1898 1901/1901/1901
f 1899/1899/1899 1902/1902/1902 1901/1901/1901
f 1894/1894/1894 1900/1900/1900 1903/1903/1903
f 1903/1903/1903 1900/1900/1900 1901/1901/1901
f 1902/1902/1902 1904/1904/1904 1901/1901/1901
f 1901/1901/1901 1904/1904/1904 1903/1903/1903
f 1904/1904/1904 1902/1902/1902 1905/1905/1905
f 1906/1906/1906 1894/1894/1894 1903/1903/1903
f 1906/1906/1906 1907/1907/1907 1894/1894/1894
f 1904/1904/1904 1908/1908/1908 1903/1903/1903
f 1906/1906/1906 1903/1903/1903 1908/1908/1908
f 1909/1909/1909 1907/1907/1907 1906/1906/1906
f 1909/1909/1909 1910/1910/1910 1907/1907/1907
f 1911/1911/1911 1904/1904/1904 1905/1905/1905
f 1904/1904/1904 1912/1912/1912 1908/1908/1908
f 1911/1911/1911 1912/1912/1912 1904/1904/1904
f 1911/1911/1911 1905/1905/1905 1913/1913/1913
f 1914/1914/1914 1913/1913/1913 1905/1905/1905
f 1915/1915/1915 1911/1911/1911 1913/1913/1913
f 1912/1912/1912 1911/1911/1911 1915/1915/1915
f 1915/1915/1915 1913/1913/1913 1916/1916/1916
f 1917/1917/1917 1915/1915/1915 1916/1916/1916
f 1915/1915/1915 1917/1917/1917 1918/1918/1918
f 1918/1918/1918 1912/1912/1912 1915/1915/1915
f 1918/1918/1918 1917/1917/1917 1919/1919/1919
f 1920/1920/1920 1918/1918/1918 1919/1919/1919
f 1912/1912/1912 1921/1921/1921 1908/1908/1908
f 1912/1912/1912 1918/1918/1918 1921/1921/1921
f 1922/1922/1922 1918/1918/1918 1920/1920/1920
f 1918/1918/1918 1922/1922/1922 1921/1921/1921
f 1908/1908/1908 1921/1921/1921 1923/1923/1923
f 1923/1923/1923 1906/1906/1906 1908/1908/1908
f 1924/1924/1924 1922/1922/1922 1920/1920/1920
f 1920/1920/1920 1925/1925/1925 1924/1924/1924
f 1921/1921/1921 1922/1922/1922 1926/1926/1926
f 1921/1921/1921 1926/1926/1926 1923/1923/1923
f 1906/1906/1906 1923/1923/1923 1927/1927/1927
f 1927/1927/1927 1909/1909/1909 1906/1906/1906
f 1928/1928/1928 1922/1922/1922 1924/1924/1924
f 1922/1922/1922 1928/1928/1928 1926/1926/1926
f 1929/1929/1929 1924/1924/1924 1925/1925/1925
f 1929/1929/1929 1928/1928/1928 1924/1924/1924
f 1930/1930/1930 1929/1929/1929 1925/1925/1925
f 1929/1929/1929 1930/1930/1930 1931/1931/1931
f 1928/1928/1928 1929/1929/1929 1931/1931/1931
f 1931/1931/1931 1932/1932/1932 1928/1928/1928
f 1932/1932/1932 1926/1926/1926 1928/1928/1928
f 1933/1933/1933 1923/1923/1923 1926/1926/1926
f 1927/1927/1927 1923/1923/1923 1933/1933/1933
f 1932/1932/1932 1933/1933/1933 1926/1926/1926
f 1934/1934/1934 1909/1909/1909 1927/1927/1927
f 1933/1933/1933 1934/1934/1934 1927/1927/1927
f 1909/1909/1909 1934/1934/1934 1935/1935/1935
f 1936/1936/1936 1935/1935/1935 1934/1934/1934
f 1932/1932/1932 1937/1937/1937 1933/1933/1933
f 1937/1937/1937 1934/1934/1934 1933/1933/1933
f 1937/1937/1937 1936/1936/1936 1934/1934/1934
f 1938/1938/1938 1937/1937/1937 1932/1932/1932
f 1939/1939/1939 1936/1936/1936 1937/1937/1937
f 1938/1938/1938 1939/1939/1939 1937/1937/1937
f 1942/1942/1942 1941/1941/1941 1940/1940/1940
f 1941/1941/1941 1942/1942/1942 1943/1943/1943
f 1943/1943/1943 1942/1942/1942 1944/1944/1944
f 1943/1943/1943 1944/1944/1944 1945/1945/1945
f 1942/1942/1942 1946/1946/1946 1944/1944/1944
f 1947/1947/1947 1944/1944/1944 1946/1946/1946
f 1949/1949/1949 1948/1948/1948 1941/1941/1941
f 1950/1950/1950 1949/1949/1949 1941/1941/1941
f 1941/1941/1941 1951/1951/1951 1950/1950/1950
f 1952/1952/1952 1951/1951/1951 1941/1941/1941
f 1951/1951/1951 1953/1953/1953 1950/1950/1950
f 1950/1950/1950 1953/1953/1953 1954/1954/1954
f 1957/1957/1957 1956/1956/1956 1955/1955/1955
f 1958/1958/1958 1956/1956/1956 1957/1957/1957
f 1959/1959/1959 1956/1956/1956 1958/1958/1958
f 1960/1960/1960 1956/1956/1956 1959/1959/1959
f 1962/1962/1962 1960/1960/1960 1961/1961/1961
f 1963/1963/1963 1962/1962/1962 1961/1961/1961
f 1966/1966/1966 1965/1965/1965 1964/1964/1964
f 1965/1965/1965 1966/1966/1966 1967/1967/1967
f 1968/1968/1968 1967/1967/1967 1966/1966/1966
f 1971/1971/1971 1970/1970/1970 1969/1969/1969
f 1972/1972/1972 1971/1971/1971 1969/1969/1969
f 1973/1973/1973 1971/1971/1971 1972/1972/1972
f 1974/1974/1974 1973/1973/1973 1972/1972/1972
f 1969/1969/1969 1975/1975/1975 1972/1972/1972
f 1969/1969/1969 1976/1976/1976 1975/1975/1975
f 1975/1975/1975 1976/1976/1976 1977/1977/1977
f 1975/1975/1975 1978/1978/1978 1972/1972/1972
f 1972/1972/1972 1978/1978/1978 1979/1979/1979
f 1980/1980/1980 1975/1975/1975 1977/1977/1977
f 1977/1977/1977 1981/1981/1981 1980/1980/1980
f 1982/1982/1982 1980/1980/1980 1981/1981/1981
f 1983/1983/1983 1982/1982/1982 1981/1981/1981
f 1983/1983/1983 1984/1984/1984 1982/1982/1982
f 1978/1978/1978 1975/1975/1975 1985/1985/1985
f 1975/1975/1975 1980/1980/1980 1985/1985/1985
f 1980/1980/1980 1982/1982/1982 1985/1985/1985
f 1986/1986/1986 1978/1978/1978 1985/1985/1985
f 1987/1987/1987 1986/1986/1986 1985/1985/1985
f 1982/1982/1982 1987/1987/1987 1985/1985/1985
f 1987/1987/1987 1982/1982/1982 1988/1988/1988
f 1984/1984/1984 1989/1989/1989 1982/1982/1982
f 1982/1982/1982 1989/1989/1989 1988/1988/1988
f 1984/1984/1984 1990/1990/1990 1989/1989/1989
f 1991/1991/1991 1988/1988/1988 1989/1989/1989
f 1994/1994/1994 1993/1993/1993 1992/1992/1992
f 1994/1994/1994 1992/1992/1992 1995/1995/1995
f 1995/1995/1995 1992/1992/1992 1996/1996/1996
f 1992/1992/1992 1997/1997/1997 1996/1996/1996
f 1996/1996/1996 1998/1998/1998 1995/1995/1995
f 1998/1998/1998 1999/1999/1999 1995/1995/1995
f 1996/1996/1996 2000/2000/2000 1998/1998/1998
f 1996/1996/1996 1997/1997/1997 2000/2000/2000
f 1997/1997/1997 2001/2001/2001 2000/2000/2000
f 2002/2002/2002 2000/2000/2000 2001/2001/2001
f 1997/1997/1997 2003/2003/2003 2001/2001/2001
f 2004/2004/2004 2002/2002/2002 2001/2001/2001
f 2004/2004/2004 2001/2001/2001 2003/2003/2003
f 2005/2005/2005 2004/2004/2004 2003/2003/2003
f 2006/2006/2006 2002/2002/2002 2004/2004/2004
f 2007/2007/2007 2006/2006/2006 2004/2004/2004
f 2010/2010/2010 2009/2009/2009 2008/2008/2008
f 2011/2011/2011 2010/2010/2010 2008/2008/2008
f 2008/2008/2008 2012/2012/2012 2011/2011/2011
f 2012/2012/2012 2013/2013/2013 2011/2011/2011
f 2012/2012/2012 2014/2014/2014 2013/2013/2013
f 2014/2014/2014 2015/2015/2015 2013/2013/2013
f 2016/2016/2016 2013/2013/2013 2015/2015/2015
f 2016/2016/2016 2015/2015/2015 2017/2017/2017
f 2017/2017/2017 2018/2018/2018 2016/2016/2016
f 2018/2018/2018 2019/2019/2019 2016/2016/2016
f 2016/2016/2016 2019/2019/2019 2020/2020/2020
f 2018/2018/2018 2021/2021/2021 2019/2019/2019
f 2019/2019/2019 2022/2022/2022 2020/2020/2020
f 2021/2021/2021 2023/2023/2023 2019/2019/2019
f 2022/2022/2022 2019/2019/2019 2023/2023/2023
f 2024/2024/2024 2022/2022/2022 2023/2023/2023
f 2023/2023/2023 2025/2025/2025 2024/2024/2024
f 2025/2025/2025 2026/2026/2026 2024/2024/2024
f 2025/2025/2025 2027/2027/2027 2026/2026/2026
f 2027/2027/2027 2028/2028/2028 2026/2026/2026
f 2026/2026/2026 2028/2028/2028 2029/2029/2029
f 2028/2028/2028 2030/2030/2030 2029/2029/2029
f 2033/2033/2033 2032/2032/2032 2031/2031/2031
f 2034/2034/2034 2031/2031/2031 2032/2032/2032
f 2037/2037/2037 2036/2036/2036 2035/2035/2035
f 2036/2036/2036 2037/2037/2037 2038/2038/2038
f 2038/2038/2038 2039/2039/2039 2036/2036/2036
f 2040/2040/2040 2039/2039/2039 2038/2038/2038
f 2037/2037/2037 2041/2041/2041 2038/2038/2038
f 2038/2038/2038 2041/2041/2041 2040/2040/2040
f 2042/2042/2042 2041/2041/2041 2037/2037/2037
f 2041/2041/2041 2043/2043/2043 2040/2040/2040
f 2041/2041/2041 2042/2042/2042 2043/2043/2043
f 2044/2044/2044 2040/2040/2040 2043/2043/2043
f 2042/2042/2042 2045/2045/2045 2043/2043/2043
f 2046/2046/2046 2044/2044/2044 2043/2043/2043
f 2046/2046/2046 2043/2043/2043 2045/2045/2045
f 2047/2047/2047 2046/2046/2046 2045/2045/2045
f 2048/2048/2048 2044/2044/2044 2046/2046/2046
f 2049/2049/2049 2046/2046/2046 2047/2047/2047
f 2049/2049/2049 2048/2048/2048 2046/2046/2046
f 2048/2048/2048 2049/2049/2049 2050/2050/2050
f 2049/2049/2049 2051/2051/2051 2050/2050/2050
f 2051/2051/2051 2049/2049/2049 2052/2052/2052
f 2053/2053/2053 2051/2051/2051 2052/2052/2052
f 2053/2053/2053 2052/2052/2052 2054/2054/2054
f 2051/2051/2051 2053/2053/2053 2055/2055/2055
f 2053/2053/2053 2056/2056/2056 2055/2055/2055
f 2055/2055/2055 2056/2056/2056 2057/2057/2057
f 2053/2053/2053 2058/2058/2058 2056/2056/2056
f 2061/2061/2061 2060/2060/2060 2059/2059/2059
f 2062/2062/2062 2059/2059/2059 2060/2060/2060
f 2062/2062/2062 2063/2063/2063 2059/2059/2059
f 2063/2063/2063 2064/2064/2064 2059/2059/2059
f 2065/2065/2065 2063/2063/2063 2062/2062/2062
f 2065/2065/2065 2066/2066/2066 2063/2063/2063
f 2066/2066/2066 2065/2065/2065 2067/2067/2067
f 2065/2065/2065 2068/2068/2068 2067/2067/2067
f 2065/2065/2065 2069/2069/2069 2068/2068/2068
f 2070/2070/2070 2067/2067/2067 2068/2068/2068
f 2067/2067/2067 2070/2070/2070 2071/2071/2071
f 2072/2072/2072 2071/2071/2071 2070/2070/2070
f 2073/2073/2073 2072/2072/2072 2070/2070/2070
f 2072/2072/2072 2073/2073/2073 2074/2074/2074
f 2075/2075/2075 2074/2074/2074 2073/2073/2073
f 2076/2076/2076 2070/2070/2070 2068/2068/2068
f 2073/2073/2073 2070/2070/2070 2076/2076/2076
f 2077/2077/2077 2075/2075/2075 2073/2073/2073
f 2075/2075/2075 2077/2077/2077 2078/2078/2078
f 2068/2068/2068 2079/2079/2079 2076/2076/2076
f 2079/2079/2079 2068/2068/2068 2080/2080/2080
f 2081/2081/2081 2073/2073/2073 2076/2076/2076
f 2073/2073/2073 2081/2081/2081 2077/2077/2077
f 2076/2076/2076 2079/2079/2079 2081/2081/2081
f 2081/2081/2081 2082/2082/2082 2077/2077/2077
f 2079/2079/2079 2082/2082/2082 2081/2081/2081
f 2077/2077/2077 2082/2082/2082 2083/2083/2083
f 2084/2084/2084 2079/2079/2079 2080/2080/2080
f 2082/2082/2082 2079/2079/2079 2084/2084/2084
f 2083/2083/2083 2082/2082/2082 2085/2085/2085
f 2085/2085/2085 2082/2082/2082 2084/2084/2084
f 2086/2086/2086 2083/2083/2083 2085/2085/2085
f 2085/2085/2085 2087/2087/2087 2086/2086/2086
f 2087/2087/2087 2085/2085/2085 2088/2088/2088
f 2085/2085/2085 2084/2084/2084 2088/2088/2088
f 2080/2080/2080 2088/2088/2088 2084/2084/2084
f 2080/2080/2080 2089/2089/2089 2088/2088/2088
f 2092/2092/2092 2091/2091/2091 2090/2090/2090
f 2090/2090/2090 2093/2093/2093 2092/2092/2092
f 2093/2093/2093 2094/2094/2094 2092/2092/2092
f 2095/2095/2095 2092/2092/2092 2094/2094/2094
f 2095/2095/2095 2096/2096/2096 2092/2092/2092
f 2096/2096/2096 2095/2095/2095 2097/2097/2097
f 2098/2098/2098 2095/2095/2095 2094/2094/2094
f 2095/2095/2095 2099/2099/2099 2097/2097/2097
f 2095/2095/2095 2098/2098/2098 2099/2099/2099
f 2097/2097/2097 2099/2099/2099 2100/2100/2100
f 2099/2099/2099 2101/2101/2101 2100/2100/2100
f 2098/2098/2098 2102/2102/2102 2099/2099/2099
f 2099/2099/2099 2102/2102/2102 2101/2101/2101
f 2103/2103/2103 2100/2100/2100 2101/2101/2101
f 2103/2103/2103 2104/2104/2104 2100/2100/2100
f 2102/2102/2102 2105/2105/2105 2101/2101/2101
f 2103/2103/2103 2101/2101/2101 2105/2105/2105
f 2106/2106/2106 2103/2103/2103 2105/2105/2105
f 2107/2107/2107 2103/2103/2103 2106/2106/2106
f 2108/2108/2108 2107/2107/2107 2106/2106/2106
f 2098/2098/2098 2109/2109/2109 2102/2102/2102
f 2109/2109/2109 2110/2110/2110 2102/2102/2102
f 2111/2111/2111 2109/2109/2109 2098/2098/2098
f 2112/2112/2112 2111/2111/2111 2098/2098/2098
f 2115/2115/2115 2114/2114/2114 2113/2113/2113
f 2116/2116/2116 2113/2113/2113 2114/2114/2114
f 2116/2116/2116 2117/2117/2117 2113/2113/2113
f 2118/2118/2118 2117/2117/2117 2116/2116/2116
f 2118/2118/2118 2119/2119/2119 2117/2117/2117
f 2120/2120/2120 2116/2116/2116 2114/2114/2114
f 2114/2114/2114 2121/2121/2121 2120/2120/2120
f 2122/2122/2122 2120/2120/2120 2121/2121/2121
f 2122/2122/2122 2123/2123/2123 2120/2120/2120
f 2124/2124/2124 2122/2122/2122 2121/2121/2121
f 2124/2124/2124 2121/2121/2121 2125/2125/2125
f 2128/2128/2128 2127/2127/2127 2126/2126/2126
f 2128/2128/2128 2129/2129/2129 2127/2127/2127
f 2129/2129/2129 2130/2130/2130 2127/2127/2127
f 2130/2130/2130 2131/2131/2131 2127/2127/2127
f 2130/2130/2130 2132/2132/2132 2131/2131/2131
f 2132/2132/2132 2130/2130/2130 2133/2133/2133
f 2130/2130/2130 2134/2134/2134 2133/2133/2133
f 2130/2130/2130 2129/2129/2129 2134/2134/2134
f 2135/2135/2135 2133/2133/2133 2134/2134/2134
f 2129/2129/2129 2128/2128/2128 2136/2136/2136
f 2129/2129/2129 2136/2136/2136 2134/2134/2134
f 2137/2137/2137 2135/2135/2135 2134/2134/2134
f 2137/2137/2137 2134/2134/2134 2136/2136/2136
f 2128/2128/2128 2138/2138/2138 2136/2136/2136
f 2128/2128/2128 2139/2139/2139 2138/2138/2138
f 2139/2139/2139 2140/2140/2140 2138/2138/2138
f 2141/2141/2141 2136/2136/2136 2138/2138/2138
f 2141/2141/2141 2137/2137/2137 2136/2136/2136
f 2142/2142/2142 2137/2137/2137 2141/2141/2141
f 2143/2143/2143 2135/2135/2135 2137/2137/2137
f 2142/2142/2142 2143/2143/2143 2137/2137/2137
f 2143/2143/2143 2144/2144/2144 2135/2135/2135
f 2144/2144/2144 2143/2143/2143 2145/2145/2145
f 2143/2143/2143 2146/2146/2146 2145/2145/2145
f 2145/2145/2145 2146/2146/2146 2147/2147/2147
f 2143/2143/2143 2142/2142/2142 2148/2148/2148
f 2148/2148/2148 2146/2146/2146 2143/2143/2143
f 2146/2146/2146 2149/2149/2149 2147/2147/2147
f 2146/2146/2146 2148/2148/2148 2149/2149/2149
f 2147/2147/2147 2149/2149/2149 2150/2150/2150
f 2149/2149/2149 2151/2151/2151 2150/2150/2150
f 2149/2149/2149 2152/2152/2152 2151/2151/2151
f 2148/2148/2148 2152/2152/2152 2149/2149/2149
f 2152/2152/2152 2148/2148/2148 2153/2153/2153
f 2142/2142/2142 2153/2153/2153 2148/2148/2148
f 2154/2154/2154 2153/2153/2153 2142/2142/2142
f 2157/2157/2157 2156/2156/2156 2155/2155/2155
f 2158/2158/2158 2157/2157/2157 2155/2155/2155
f 2158/2158/2158 2155/2155/2155 2159/2159/2159
f 2160/2160/2160 2157/2157/2157 2158/2158/2158
f 2161/2161/2161 2158/2158/2158 2159/2159/2159
f 2161/2161/2161 2159/2159/2159 2162/2162/2162
f 2163/2163/2163 2160/2160/2160 2158/2158/2158
f 2163/2163/2163 2158/2158/2158 2161/2161/2161
f 2163/2163/2163 2164/2164/2164 2160/2160/2160
f 2164/2164/2164 2163/2163/2163 2165/2165/2165
f 2165/2165/2165 2163/2163/2163 2161/2161/2161
f 2166/2166/2166 2164/2164/2164 2165/2165/2165
f 2167/2167/2167 2164/2164/2164 2166/2166/2166
f 2161/2161/2161 2168/2168/2168 2165/2165/2165
f 2166/2166/2166 2165/2165/2165 2168/2168/2168
f 2169/2169/2169 2161/2161/2161 2162/2162/2162
f 2161/2161/2161 2169/2169/2169 2168/2168/2168
f 2162/2162/2162 2170/2170/2170 2169/2169/2169
f 2168/2168/2168 2169/2169/2169 2170/2170/2170
f 2171/2171/2171 2170/2170/2170 2162/2162/2162
f 2172/2172/2172 2166/2166/2166 2168/2168/2168
f 2173/2173/2173 2166/2166/2166 2172/2172/2172
f 2174/2174/2174 2173/2173/2173 2172/2172/2172
f 2168/2168/2168 2175/2175/2175 2172/2172/2172
f 2174/2174/2174 2172/2172/2172 2175/2175/2175
f 2175/2175/2175 2168/2168/2168 2170/2170/2170
f 2176/2176/2176 2174/2174/2174 2175/2175/2175
f 2175/2175/2175 2177/2177/2177 2176/2176/2176
f 2178/2178/2178 2170/2170/2170 2171/2171/2171
f 2179/2179/2179 2178/2178/2178 2171/2171/2171
f 2170/2170/2170 2180/2180/2180 2175/2175/2175
f 2180/2180/2180 2177/2177/2177 2175/2175/2175
f 2178/2178/2178 2180/2180/2180 2170/2170/2170
f 2181/2181/2181 2178/2178/2178 2179/2179/2179
f 2180/2180/2180 2178/2178/2178 2181/2181/2181
f 2182/2182/2182 2181/2181/2181 2179/2179/2179
f 2181/2181/2181 2182/2182/2182 2183/2183/2183
f 2181/2181/2181 2183/2183/2183 2184/2184/2184
f 2180/2180/2180 2185/2185/2185 2177/2177/2177
f 2181/2181/2181 2185/2185/2185 2180/2180/2180
f 2181/2181/2181 2184/2184/2184 2185/2185/2185
f 2185/2185/2185 2186/2186/2186 2177/2177/2177
f 2186/2186/2186 2185/2185/2185 2184/2184/2184
f 2187/2187/2187 2186/2186/2186 2184/2184/2184
f 2190/2190/2190 2189/2189/2189 2188/2188/2188
f 2190/2190/2190 2188/2188/2188 2191/2191/2191
f 2191/2191/2191 2188/2188/2188 2192/2192/2192
f 2192/2192/2192 2193/2193/2193 2191/2191/2191
f 2193/2193/2193 2194/2194/2194 2191/2191/2191
f 2191/2191/2191 2195/2195/2195 2190/2190/2190
f 2194/2194/2194 2195/2195/2195 2191/2191/2191
f 2195/2195/2195 2196/2196/2196 2190/2190/2190
f 2190/2190/2190 2196/2196/2196 2197/2197/2197
f 2195/2195/2195 2198/2198/2198 2196/2196/2196
f 2199/2199/2199 2198/2198/2198 2195/2195/2195
f 2194/2194/2194 2199/2199/2199 2195/2195/2195
f 2200/2200/2200 2199/2199/2199 2194/2194/2194
f 2200/2200/2200 2201/2201/2201 2199/2199/2199
f 2204/2204/2204 2203/2203/2203 2202/2202/2202
f 2202/2202/2202 2203/2203/2203 2205/2205/2205
f 2206/2206/2206 2205/2205/2205 2203/2203/2203
f 2207/2207/2207 2202/2202/2202 2205/2205/2205
f 2206/2206/2206 2208/2208/2208 2205/2205/2205
f 2205/2205/2205 2209/2209/2209 2207/2207/2207
f 2208/2208/2208 2209/2209/2209 2205/2205/2205
f 2207/2207/2207 2209/2209/2209 2210/2210/2210
f 2208/2208/2208 2211/2211/2211 2209/2209/2209
f 2211/2211/2211 2210/2210/2210 2209/2209/2209
f 2214/2214/2214 2213/2213/2213 2212/2212/2212
f 2213/2213/2213 2214/2214/2214 2215/2215/2215
f 2213/2213/2213 2215/2215/2215 2216/2216/2216
f 2217/2217/2217 2213/2213/2213 2216/2216/2216
f 2217/2217/2217 2216/2216/2216 2218/2218/2218
f 2219/2219/2219 2215/2215/2215 2214/2214/2214
f 2219/2219/2219 2214/2214/2214 2220/2220/2220
f 2219/2219/2219 2220/2220/2220 2221/2221/2221
f 2216/2216/2216 2215/2215/2215 2222/2222/2222
f 2218/2218/2218 2216/2216/2216 2222/2222/2222
f 2215/2215/2215 2219/2219/2219 2223/2223/2223
f 2215/2215/2215 2223/2223/2223 2222/2222/2222
f 2224/2224/2224 2219/2219/2219 2221/2221/2221
f 2219/2219/2219 2224/2224/2224 2223/2223/2223
f 2224/2224/2224 2221/2221/2221 2225/2225/2225
f 2225/2225/2225 2223/2223/2223 2224/2224/2224
f 2221/2221/2221 2226/2226/2226 2225/2225/2225
f 2226/2226/2226 2227/2227/2227 2225/2225/2225
f 2227/2227/2227 2228/2228/2228 2225/2225/2225
f 2223/2223/2223 2225/2225/2225 2228/2228/2228
f 2227/2227/2227 2229/2229/2229 2228/2228/2228
f 2230/2230/2230 2223/2223/2223 2228/2228/2228
f 2223/2223/2223 2230/2230/2230 2222/2222/2222
f 2228/2228/2228 2231/2231/2231 2230/2230/2230
f 2230/2230/2230 2232/2232/2232 2222/2222/2222
f 2231/2231/2231 2232/2232/2232 2230/2230/2230
f 2232/2232/2232 2218/2218/2218 2222/2222/2222
f 2233/2233/2233 2232/2232/2232 2231/2231/2231
f 2232/2232/2232 2233/2233/2233 2218/2218/2218
f 2233/2233/2233 2234/2234/2234 2218/2218/2218
f 2237/2237/2237 2236/2236/2236 2235/2235/2235
f 2238/2238/2238 2236/2236/2236 2237/2237/2237
f 2238/2238/2238 2237/2237/2237 2239/2239/2239
f 2238/2238/2238 2240/2240/2240 2236/2236/2236
f 2238/2238/2238 2239/2239/2239 2241/2241/2241
f 2238/2238/2238 2242/2242/2242 2240/2240/2240
f 2238/2238/2238 2241/2241/2241 2243/2243/2243
f 2238/2238/2238 2243/2243/2243 2242/2242/2242
f 2246/2246/2246 2245/2245/2245 2244/2244/2244
f 2247/2247/2247 2246/2246/2246 2244/2244/2244
f 2248/2248/2248 2246/2246/2246 2247/2247/2247
f 2249/2249/2249 2248/2248/2248 2247/2247/2247
f 2244/2244/2244 2250/2250/2250 2247/2247/2247
f 2249/2249/2249 2247/2247/2247 2250/2250/2250
f 2250/2250/2250 2244/2244/2244 2251/2251/2251
f 2252/2252/2252 2249/2249/2249 2250/2250/2250
f 2255/2255/2255 2254/2254/2254 2253/2253/2253
f 2256/2256/2256 2254/2254/2254 2255/2255/2255
f 2254/2254/2254 2256/2256/2256 2257/2257/2257
f 2260/2260/2260 2259/2259/2259 2258/2258/2258
f 2260/2260/2260 2258/2258/2258 2261/2261/2261
f 2264/2264/2264 2263/2263/2263 2262/2262/2262
f 2263/2263/2263 2265/2265/2265 2262/2262/2262
f 2262/2262/2262 2265/2265/2265 2266/2266/2266
f 2262/2262/2262 2266/2266/2266 2267/2267/2267
f 2268/2268/2268 2262/2262/2262 2267/2267/2267
f 2271/2271/2271 2270/2270/2270 2269/2269/2269
f 2270/2270/2270 2272/2272/2272 2269/2269/2269
f 2272/2272/2272 2270/2270/2270 2273/2273/2273
f 2273/2273/2273 2270/2270/2270 2274/2274/2274
f 2275/2275/2275 2272/2272/2272 2273/2273/2273
f 2273/2273/2273 2274/2274/2274 2276/2276/2276
f 2275/2275/2275 2273/2273/2273 2277/2277/2277
f 2277/2277/2277 2273/2273/2273 2276/2276/2276
f 2276/2276/2276 2278/2278/2278 2277/2277/2277
f 2278/2278/2278 2279/2279/2279 2277/2277/2277
f 2280/2280/2280 2277/2277/2277 2279/2279/2279
f 2279/2279/2279 2278/2278/2278 2281/2281/2281
f 2281/2281/2281 2282/2282/2282 2279/2279/2279
f 2284/2284/2284 2283/2283/2283 2280/2280/2280
f 2284/2284/2284 2285/2285/2285 2283/2283/2283
f 2288/2288/2288 2287/2287/2287 2286/2286/2286
f 2289/2289/2289 2287/2287/2287 2288/2288/2288
f 2289/2289/2289 2288/2288/2288 2290/2290/2290
f 2289/2289/2289 2291/2291/2291 2287/2287/2287
f 2292/2292/2292 2289/2289/2289 2290/2290/2290
f 2289/2289/2289 2292/2292/2292 2291/2291/2291
f 2295/2295/2295 2294/2294/2294 2293/2293/2293
f 2296/2296/2296 2295/2295/2295 2293/2293/2293
f 2297/2297/2297 2295/2295/2295 2296/2296/2296
f 2298/2298/2298 2297/2297/2297 2296/2296/2296
f 2298/2298/2298 2296/2296/2296 2299/2299/2299
f 2300/2300/2300 2298/2298/2298 2299/2299/2299
f 2300/2300/2300 2299/2299/2299 2301/2301/2301
f 2302/2302/2302 2298/2298/2298 2300/2300/2300
f 2298/2298/2298 2302/2302/2302 2297/2297/2297
f 2297/2297/2297 2302/2302/2302 2303/2303/2303
f 2304/2304/2304 2303/2303/2303 2302/2302/2302
f 2305/2305/2305 2304/2304/2304 2302/2302/2302
f 2302/2302/2302 2306/2306/2306 2305/2305/2305
f 2304/2304/2304 2305/2305/2305 2307/2307/2307
f 2304/2304/2304 2307/2307/2307 2308/2308/2308
f 2308/2308/2308 2307/2307/2307 2309/2309/2309
f 2307/2307/2307 2310/2310/2310 2309/2309/2309
f 2307/2307/2307 2311/2311/2311 2310/2310/2310
f 2305/2305/2305 2311/2311/2311 2307/2307/2307
f 2305/2305/2305 2312/2312/2312 2311/2311/2311
f 2312/2312/2312 2305/2305/2305 2313/2313/2313
f 2305/2305/2305 2306/2306/2306 2313/2313/2313
f 2313/2313/2313 2306/2306/2306 2314/2314/2314
f 2313/2313/2313 2314/2314/2314 2315/2315/2315
f 2318/2318/2318 2317/2317/2317 2316/2316/2316
f 2319/2319/2319 2318/2318/2318 2316/2316/2316
f 2320/2320/2320 2318/2318/2318 2319/2319/2319
f 2318/2318/2318 2320/2320/2320 2321/2321/2321
f 2322/2322/2322 2320/2320/2320 2319/2319/2319
f 2319/2319/2319 2323/2323/2323 2322/2322/2322
f 2320/2320/2320 2324/2324/2324 2321/2321/2321
f 2321/2321/2321 2324/2324/2324 2325/2325/2325
f 2324/2324/2324 2326/2326/2326 2325/2325/2325
f 2327/2327/2327 2322/2322/2322 2323/2323/2323
f 2328/2328/2328 2327/2327/2327 2323/2323/2323
f 2329/2329/2329 2320/2320/2320 2322/2322/2322
f 2320/2320/2320 2329/2329/2329 2324/2324/2324
f 2327/2327/2327 2329/2329/2329 2322/2322/2322
f 2324/2324/2324 2330/2330/2330 2326/2326/2326
f 2329/2329/2329 2330/2330/2330 2324/2324/2324
f 2330/2330/2330 2331/2331/2331 2326/2326/2326
f 2331/2331/2331 2330/2330/2330 2332/2332/2332
f 2333/2333/2333 2327/2327/2327 2328/2328/2328
f 2327/2327/2327 2333/2333/2333 2329/2329/2329
f 2334/2334/2334 2333/2333/2333 2328/2328/2328
f 2335/2335/2335 2333/2333/2333 2334/2334/2334
f 2336/2336/2336 2335/2335/2335 2334/2334/2334
f 2335/2335/2335 2336/2336/2336 2337/2337/2337
f 2333/2333/2333 2338/2338/2338 2329/2329/2329
f 2329/2329/2329 2338/2338/2338 2330/2330/2330
f 2338/2338/2338 2333/2333/2333 2335/2335/2335
f 2332/2332/2332 2330/2330/2330 2339/2339/2339
f 2338/2338/2338 2339/2339/2339 2330/2330/2330
f 2338/2338/2338 2335/2335/2335 2339/2339/2339
f 2340/2340/2340 2332/2332/2332 2339/2339/2339
f 2339/2339/2339 2341/2341/2341 2340/2340/2340
f 2335/2335/2335 2341/2341/2341 2339/2339/2339
f 2341/2341/2341 2342/2342/2342 2340/2340/2340
f 2335/2335/2335 2337/2337/2337 2343/2343/2343
f 2341/2341/2341 2335/2335/2335 2343/2343/2343
f 2341/2341/2341 2343/2343/2343 2342/2342/2342
f 2337/2337/2337 2344/2344/2344 2343/2343/2343
f 2343/2343/2343 2345/2345/2345 2342/2342/2342
f 2344/2344/2344 2346/2346/2346 2343/2343/2343
f 2343/2343/2343 2346/2346/2346 2345/2345/2345
f 2344/2344/2344 2347/2347/2347 2346/2346/2346
f 2346/2346/2346 2348/2348/2348 2345/2345/2345
f 2347/2347/2347 2349/2349/2349 2346/2346/2346
f 2346/2346/2346 2349/2349/2349 2348/2348/2348
f 2349/2349/2349 2350/2350/2350 2348/2348/2348
f 2353/2353/2353 2352/2352/2352 2351/2351/2351
f 2352/2352/2352 2354/2354/2354 2351/2351/2351
f 2351/2351/2351 2354/2354/2354 2355/2355/2355
f 2358/2358/2358 2357/2357/2357 2356/2356/2356
f 2359/2359/2359 2357/2357/2357 2358/2358/2358
f 2360/2360/2360 2359/2359/2359 2358/2358/2358
f 2359/2359/2359 2360/2360/2360 2361/2361/2361
f 2361/2361/2361 2362/2362/2362 2359/2359/2359
f 2360/2360/2360 2363/2363/2363 2361/2361/2361
f 2363/2363/2363 2360/2360/2360 2364/2364/2364
f 2365/2365/2365 2363/2363/2363 2364/2364/2364
f 2364/2364/2364 2366/2366/2366 2365/2365/2365
f 2366/2366/2366 2367/2367/2367 2365/2365/2365
f 2366/2366/2366 2368/2368/2368 2367/2367/2367
f 2368/2368/2368 2366/2366/2366 2369/2369/2369
f 2369/2369/2369 2370/2370/2370 2368/2368/2368
f 2368/2368/2368 2371/2371/2371 2367/2367/2367
f 2372/2372/2372 2367/2367/2367 2371/2371/2371
f 2370/2370/2370 2373/2373/2373 2368/2368/2368
f 2368/2368/2368 2373/2373/2373 2371/2371/2371
f 2370/2370/2370 2374/2374/2374 2373/2373/2373
f 2371/2371/2371 2375/2375/2375 2372/2372/2372
f 2373/2373/2373 2375/2375/2375 2371/2371/2371
f 2374/2374/2374 2376/2376/2376 2373/2373/2373
f 2375/2375/2375 2373/2373/2373 2376/2376/2376
f 2374/2374/2374 2377/2377/2377 2376/2376/2376
f 2375/2375/2375 2378/2378/2378 2372/2372/2372
f 2375/2375/2375 2376/2376/2376 2378/2378/2378
f 2372/2372/2372 2378/2378/2378 2379/2379/2379
f 2378/2378/2378 2380/2380/2380 2379/2379/2379
f 2378/2378/2378 2381/2381/2381 2380/2380/2380
f 2376/2376/2376 2381/2381/2381 2378/2378/2378
f 2381/2381/2381 2382/2382/2382 2380/2380/2380
f 2377/2377/2377 2383/2383/2383 2376/2376/2376
f 2376/2376/2376 2383/2383/2383 2381/2381/2381
f 2377/2377/2377 2384/2384/2384 2383/2383/2383
f 2382/2382/2382 2381/2381/2381 2385/2385/2385
f 2383/2383/2383 2385/2385/2385 2381/2381/2381
f 2382/2382/2382 2385/2385/2385 2386/2386/2386
f 2384/2384/2384 2387/2387/2387 2383/2383/2383
f 2383/2383/2383 2387/2387/2387 2385/2385/2385
f 2387/2387/2387 2386/2386/2386 2385/2385/2385
f 2384/2384/2384 2388/2388/2388 2387/2387/2387
f 2388/2388/2388 2389/2389/2389 2387/2387/2387
f 2387/2387/2387 2389/2389/2389 2386/2386/2386
f 2389/2389/2389 2390/2390/2390 2386/2386/2386
f 2386/2386/2386 2390/2390/2390 2391/2391/2391
f 2390/2390/2390 2392/2392/2392 2391/2391/2391
f 2395/2395/2395 2394/2394/2394 2393/2393/2393
f 2393/2393/2393 2394/2394/2394 2396/2396/2396
f 2394/2394/2394 2397/2397/2397 2396/2396/2396
f 2396/2396/2396 2397/2397/2397 2398/2398/2398
f 2397/2397/2397 2394/2394/2394 2399/2399/2399
f 2399/2399/2399 2394/2394/2394 2400/2400/2400
f 2397/2397/2397 2401/2401/2401 2398/2398/2398
f 2401/2401/2401 2397/2397/2397 2399/2399/2399
f 2398/2398/2398 2401/2401/2401 2402/2402/2402
f 2401/2401/2401 2403/2403/2403 2402/2402/2402
f 2404/2404/2404 2401/2401/2401 2399/2399/2399
f 2403/2403/2403 2401/2401/2401 2404/2404/2404
f 2404/2404/2404 2399/2399/2399 2405/2405/2405
f 2406/2406/2406 2405/2405/2405 2399/2399/2399
f 2405/2405/2405 2407/2407/2407 2404/2404/2404
f 2408/2408/2408 2403/2403/2403 2404/2404/2404
f 2407/2407/2407 2408/2408/2408 2404/2404/2404
f 2409/2409/2409 2403/2403/2403 2408/2408/2408
f 2410/2410/2410 2408/2408/2408 2407/2407/2407
f 2410/2410/2410 2409/2409/2409 2408/2408/2408
f 2411/2411/2411 2409/2409/2409 2410/2410/2410
f 2414/2414/2414 2413/2413/2413 2412/2412/2412
f 2413/2413/2413 2415/2415/2415 2412/2412/2412
f 2415/2415/2415 2413/2413/2413 2416/2416/2416
f 2417/2417/2417 2416/2416/2416 2413/2413/2413
f 2418/2418/2418 2417/2417/2417 2413/2413/2413
f 2421/2421/2421 2420/2420/2420 2419/2419/2419
f 2419/2419/2419 2420/2420/2420 2422/2422/2422
f 2420/2420/2420 2423/2423/2423 2422/2422/2422
f 2423/2423/2423 2424/2424/2424 2422/2422/2422
f 2419/2419/2419 2422/2422/2422 2425/2425/2425
f 2425/2425/2425 2426/2426/2426 2419/2419/2419
f 2425/2425/2425 2427/2427/2427 2426/2426/2426
f 2428/2428/2428 2427/2427/2427 2425/2425/2425
f 2425/2425/2425 2429/2429/2429 2428/2428/2428
f 2425/2425/2425 2422/2422/2422 2429/2429/2429
f 2422/2422/2422 2430/2430/2430 2429/2429/2429
f 2422/2422/2422 2424/2424/2424 2430/2430/2430
f 2429/2429/2429 2430/2430/2430 2431/2431/2431
f 2424/2424/2424 2432/2432/2432 2430/2430/2430
f 2424/2424/2424 2433/2433/2433 2432/2432/2432
f 2430/2430/2430 2432/2432/2432 2434/2434/2434
f 2430/2430/2430 2434/2434/2434 2431/2431/2431
f 2434/2434/2434 2435/2435/2435 2431/2431/2431
f 2438/2438/2438 2437/2437/2437 2436/2436/2436
f 2437/2437/2437 2438/2438/2438 2439/2439/2439
f 2440/2440/2440 2439/2439/2439 2438/2438/2438
f 2440/2440/2440 2441/2441/2441 2439/2439/2439
f 2442/2442/2442 2437/2437/2437 2439/2439/2439
f 2437/2437/2437 2442/2442/2442 2443/2443/2443
f 2441/2441/2441 2444/2444/2444 2439/2439/2439
f 2442/2442/2442 2439/2439/2439 2444/2444/2444
f 2441/2441/2441 2445/2445/2445 2444/2444/2444
f 2446/2446/2446 2442/2442/2442 2444/2444/2444
f 2444/2444/2444 2447/2447/2447 2446/2446/2446
f 2450/2450/2450 2449/2449/2449 2448/2448/2448
f 2451/2451/2451 2450/2450/2450 2448/2448/2448
f 2451/2451/2451 2448/2448/2448 2452/2452/2452
f 2453/2453/2453 2451/2451/2451 2452/2452/2452
f 2454/2454/2454 2453/2453/2453 2452/2452/2452
f 2455/2455/2455 2453/2453/2453 2454/2454/2454
f 2458/2458/2458 2457/2457/2457 2456/2456/2456
f 2457/2457/2457 2459/2459/2459 2456/2456/2456
f 2460/2460/2460 2456/2456/2456 2459/2459/2459
f 2459/2459/2459 2457/2457/2457 2461/2461/2461
f 2461/2461/2461 2457/2457/2457 2462/2462/2462
f 2463/2463/2463 2462/2462/2462 2457/2457/2457
f 2463/2463/2463 2457/2457/2457 2464/2464/2464
f 2467/2467/2467 2466/2466/2466 2465/2465/2465
f 2467/2467/2467 2468/2468/2468 2466/2466/2466
f 2468/2468/2468 2469/2469/2469 2466/2466/2466
f 2468/2468/2468 2470/2470/2470 2469/2469/2469
f 2471/2471/2471 2470/2470/2470 2468/2468/2468
f 2472/2472/2472 2468/2468/2468 2467/2467/2467
f 2472/2472/2472 2471/2471/2471 2468/2468/2468
f 2473/2473/2473 2472/2472/2472 2467/2467/2467
f 2474/2474/2474 2471/2471/2471 2472/2472/2472
f 2474/2474/2474 2472/2472/2472 2473/2473/2473
f 2477/2477/2477 2476/2476/2476 2475/2475/2475
f 2475/2475/2475 2476/2476/2476 2478/2478/2478
f 2475/2475/2475 2478/2478/2478 2479/2479/2479
f 2480/2480/2480 2475/2475/2475 2479/2479/2479
f 2481/2481/2481 2475/2475/2475 2480/2480/2480
f 2482/2482/2482 2481/2481/2481 2480/2480/2480
f 2481/2481/2481 2482/2482/2482 2483/2483/2483
f 2482/2482/2482 2484/2484/2484 2483/2483/2483
f 2484/2484/2484 2482/2482/2482 2485/2485/2485
f 2480/2480/2480 2485/2485/2485 2482/2482/2482
f 2486/2486/2486 2485/2485/2485 2480/2480/2480
f 2489/2489/2489 2488/2488/2488 2487/2487/2487
f 2489/2489/2489 2490/2490/2490 2488/2488/2488
f 2490/2490/2490 2491/2491/2491 2488/2488/2488
f 2491/2491/2491 2492/2492/2492 2488/2488/2488
f 2488/2488/2488 2492/2492/2492 2493/2493/2493
f 2492/2492/2492 2494/2494/2494 2493/2493/2493
f 2497/2497/2497 2496/2496/2496 2495/2495/2495
f 2496/2496/2496 2498/2498/2498 2495/2495/2495
f 2501/2501/2501 2500/2500/2500 2499/2499/2499
f 2502/2502/2502 2501/2501/2501 2499/2499/2499
f 2503/2503/2503 2501/2501/2501 2502/2502/2502
f 2503/2503/2503 2504/2504/2504 2501/2501/2501
f 2505/2505/2505 2504/2504/2504 2503/2503/2503
f 2503/2503/2503 2502/2502/2502 2506/2506/2506
f 2506/2506/2506 2502/2502/2502 2507/2507/2507
f 2508/2508/2508 2503/2503/2503 2506/2506/2506
f 2508/2508/2508 2505/2505/2505 2503/2503/2503
f 2509/2509/2509 2505/2505/2505 2508/2508/2508
f 2512/2512/2512 2511/2511/2511 2510/2510/2510
f 2512/2512/2512 2513/2513/2513 2511/2511/2511
f 2513/2513/2513 2514/2514/2514 2511/2511/2511
f 2513/2513/2513 2512/2512/2512 2515/2515/2515
f 2512/2512/2512 2516/2516/2516 2515/2515/2515
f 2515/2515/2515 2516/2516/2516 2517/2517/2517
f 2518/2518/2518 2516/2516/2516 2512/2512/2512
f 2516/2516/2516 2519/2519/2519 2517/2517/2517
f 2516/2516/2516 2518/2518/2518 2519/2519/2519
f 2518/2518/2518 2520/2520/2520 2519/2519/2519
f 2523/2523/2523 2522/2522/2522 2521/2521/2521
f 2523/2523/2523 2524/2524/2524 2522/2522/2522
f 2527/2527/2527 2526/2526/2526 2525/2525/2525
f 2528/2528/2528 2527/2527/2527 2525/2525/2525
f 2529/2529/2529 2527/2527/2527 2528/2528/2528
f 2530/2530/2530 2527/2527/2527 2529/2529/2529
f 2531/2531/2531 2527/2527/2527 2530/2530/2530
f 2528/2528/2528 2525/2525/2525 2532/2532/2532
f 2533/2533/2533 2528/2528/2528 2532/2532/2532
f 2533/2533/2533 2532/2532/2532 2534/2534/2534
f 2535/2535/2535 2534/2534/2534 2532/2532/2532
f 2536/2536/2536 2532/2532/2532 2525/2525/2525
f 2536/2536/2536 2535/2535/2535 2532/2532/2532
f 2537/2537/2537 2536/2536/2536 2525/2525/2525
f 2535/2535/2535 2536/2536/2536 2538/2538/2538
f 2536/2536/2536 2537/2537/2537 2539/2539/2539
f 2536/2536/2536 2539/2539/2539 2538/2538/2538
f 2542/2542/2542 2541/2541/2541 2540/2540/2540
f 2543/2543/2543 2542/2542/2542 2540/2540/2540
f 2544/2544/2544 2542/2542/2542 2543/2543/2543
f 2544/2544/2544 2545/2545/2545 2542/2542/2542
f 2546/2546/2546 2545/2545/2545 2544/2544/2544
f 2547/2547/2547 2544/2544/2544 2543/2543/2543
f 2546/2546/2546 2544/2544/2544 2547/2547/2547
f 2546/2546/2546 2547/2547/2547 2548/2548/2548
f 2547/2547/2547 2549/2549/2549 2548/2548/2548
f 2552/2552/2552 2551/2551/2551 2550/2550/2550
f 2553/2553/2553 2551/2551/2551 2552/2552/2552
f 2553/2553/2553 2554/2554/2554 2551/2551/2551
f 2555/2555/2555 2553/2553/2553 2552/2552/2552
f 2553/2553/2553 2556/2556/2556 2554/2554/2554
f 2557/2557/2557 2553/2553/2553 2555/2555/2555
f 2558/2558/2558 2557/2557/2557 2555/2555/2555
f 2559/2559/2559 2556/2556/2556 2553/2553/2553
f 2557/2557/2557 2559/2559/2559 2553/2553/2553
f 2560/2560/2560 2556/2556/2556 2559/2559/2559
f 2561/2561/2561 2560/2560/2560 2559/2559/2559
f 2559/2559/2559 2557/2557/2557 2561/2561/2561
f 2557/2557/2557 2562/2562/2562 2561/2561/2561
f 2565/2565/2565 2564/2564/2564 2563/2563/2563
f 2565/2565/2565 2566/2566/2566 2564/2564/2564
f 2567/2567/2567 2564/2564/2564 2566/2566/2566
f 2564/2564/2564 2567/2567/2567 2568/2568/2568
f 2569/2569/2569 2567/2567/2567 2566/2566/2566
f 2566/2566/2566 2570/2570/2570 2569/2569/2569
f 2571/2571/2571 2566/2566/2566 2565/2565/2565
f 2572/2572/2572 2571/2571/2571 2565/2565/2565
f 2571/2571/2571 2573/2573/2573 2566/2566/2566
f 2573/2573/2573 2570/2570/2570 2566/2566/2566
f 2573/2573/2573 2574/2574/2574 2570/2570/2570
f 2577/2577/2577 2576/2576/2576 2575/2575/2575
f 2578/2578/2578 2577/2577/2577 2575/2575/2575
f 2577/2577/2577 2578/2578/2578 2579/2579/2579
f 2579/2579/2579 2578/2578/2578 2580/2580/2580
f 2579/2579/2579 2580/2580/2580 2581/2581/2581
f 2582/2582/2582 2579/2579/2579 2581/2581/2581
f 2581/2581/2581 2583/2583/2583 2582/2582/2582
f 2581/2581/2581 2584/2584/2584 2583/2583/2583
f 2584/2584/2584 2581/2581/2581 2580/2580/2580
f 2585/2585/2585 2584/2584/2584 2580/2580/2580
f 2580/2580/2580 2578/2578/2578 2586/2586/2586
f 2585/2585/2585 2580/2580/2580 2586/2586/2586
f 2586/2586/2586 2587/2587/2587 2585/2585/2585
f 2588/2588/2588 2586/2586/2586 2578/2578/2578
f 2588/2588/2588 2589/2589/2589 2586/2586/2586
f 2592/2592/2592 2591/2591/2591 2590/2590/2590
f 2591/2591/2591 2593/2593/2593 2590/2590/2590
f 2591/2591/2591 2594/2594/2594 2593/2593/2593
f 2597/2597/2597 2596/2596/2596 2595/2595/2595
f 2598/2598/2598 2597/2597/2597 2595/2595/2595
f 2597/2597/2597 2598/2598/2598 2599/2599/2599
f 2600/2600/2600 2599/2599/2599 2598/2598/2598
f 2601/2601/2601 2600/2600/2600 2598/2598/2598
f 2601/2601/2601 2598/2598/2598 2602/2602/2602
f 2598/2598/2598 2595/2595/2595 2602/2602/2602
f 2603/2603/2603 2602/2602/2602 2595/2595/2595
f 2604/2604/2604 2603/2603/2603 2595/2595/2595
f 2607/2607/2607 2606/2606/2606 2605/2605/2605
f 2605/2605/2605 2606/2606/2606 2608/2608/2608
f 2605/2605/2605 2608/2608/2608 2609/2609/2609
f 2610/2610/2610 2605/2605/2605 2609/2609/2609
f 2610/2610/2610 2609/2609/2609 2611/2611/2611
f 2606/2606/2606 2612/2612/2612 2608/2608/2608
f 2606/2606/2606 2613/2613/2613 2612/2612/2612
f 2613/2613/2613 2614/2614/2614 2612/2612/2612
f 2613/2613/2613 2615/2615/2615 2614/2614/2614
f 2615/2615/2615 2616/2616/2616 2614/2614/2614
f 2615/2615/2615 2617/2617/2617 2616/2616/2616
f 2617/2617/2617 2618/2618/2618 2616/2616/2616
f 2614/2614/2614 2616/2616/2616 2619/2619/2619
f 2616/2616/2616 2620/2620/2620 2619/2619/2619
f 2614/2614/2614 2619/2619/2619 2621/2621/2621
f 2612/2612/2612 2614/2614/2614 2621/2621/2621
f 2612/2612/2612 2621/2621/2621 2622/2622/2622
f 2608/2608/2608 2612/2612/2612 2622/2622/2622
f 2608/2608/2608 2622/2622/2622 2623/2623/2623
f 2609/2609/2609 2608/2608/2608 2623/2623/2623
f 2609/2609/2609 2623/2623/2623 2624/2624/2624
f 2611/2611/2611 2609/2609/2609 2624/2624/2624
f 2611/2611/2611 2624/2624/2624 2625/2625/2625
f 2626/2626/2626 2611/2611/2611 2625/2625/2625
f 2626/2626/2626 2625/2625/2625 2627/2627/2627
f 2628/2628/2628 2626/2626/2626 2627/2627/2627
f 2628/2628/2628 2627/2627/2627 2629/2629/2629
f 2630/2630/2630 2626/2626/2626 2628/2628/2628
f 2631/2631/2631 2628/2628/2628 2629/2629/2629
f 2631/2631/2631 2629/2629/2629 2632/2632/2632
f 2633/2633/2633 2631/2631/2631 2632/2632/2632
f 2634/2634/2634 2630/2630/2630 2628/2628/2628
f 2634/2634/2634 2628/2628/2628 2631/2631/2631
f 2635/2635/2635 2630/2630/2630 2634/2634/2634
f 2636/2636/2636 2635/2635/2635 2634/2634/2634
f 2637/2637/2637 2634/2634/2634 2631/2631/2631
f 2637/2637/2637 2631/2631/2631 2633/2633/2633
f 2636/2636/2636 2634/2634/2634 2637/2637/2637
f 2638/2638/2638 2637/2637/2637 2633/2633/2633
f 2638/2638/2638 2633/2633/2633 2639/2639/2639
f 2640/2640/2640 2638/2638/2638 2639/2639/2639
f 2641/2641/2641 2636/2636/2636 2637/2637/2637
f 2641/2641/2641 2637/2637/2637 2638/2638/2638
f 2642/2642/2642 2636/2636/2636 2641/2641/2641
f 2643/2643/2643 2641/2641/2641 2638/2638/2638
f 2644/2644/2644 2642/2642/2642 2641/2641/2641
f 2644/2644/2644 2641/2641/2641 2643/2643/2643
f 2647/2647/2647 2646/2646/2646 2645/2645/2645
f 2647/2647/2647 2648/2648/2648 2646/2646/2646
f 2648/2648/2648 2649/2649/2649 2646/2646/2646
f 2650/2650/2650 2648/2648/2648 2647/2647/2647
f 2650/2650/2650 2651/2651/2651 2648/2648/2648
f 2651/2651/2651 2652/2652/2652 2648/2648/2648
f 2651/2651/2651 2653/2653/2653 2652/2652/2652
f 2653/2653/2653 2654/2654/2654 2652/2652/2652
f 2653/2653/2653 2655/2655/2655 2654/2654/2654
f 2655/2655/2655 2656/2656/2656 2654/2654/2654
f 2657/2657/2657 2651/2651/2651 2650/2650/2650
f 2658/2658/2658 2653/2653/2653 2651/2651/2651
f 2657/2657/2657 2658/2658/2658 2651/2651/2651
f 2659/2659/2659 2655/2655/2655 2653/2653/2653
f 2658/2658/2658 2659/2659/2659 2653/2653/2653
f 2660/2660/2660 2657/2657/2657 2650/2650/2650
f 2660/2660/2660 2650/2650/2650 2661/2661/2661
f 2662/2662/2662 2658/2658/2658 2657/2657/2657
f 2662/2662/2662 2659/2659/2659 2658/2658/2658
f 2662/2662/2662 2657/2657/2657 2660/2660/2660
f 2659/2659/2659 2663/2663/2663 2655/2655/2655
f 2662/2662/2662 2663/2663/2663 2659/2659/2659
f 2662/2662/2662 2660/2660/2660 2664/2664/2664
f 2664/2664/2664 2660/2660/2660 2661/2661/2661
f 2662/2662/2662 2665/2665/2665 2663/2663/2663
f 2663/2663/2663 2666/2666/2666 2655/2655/2655
f 2663/2663/2663 2665/2665/2665 2666/2666/2666
f 2665/2665/2665 2667/2667/2667 2666/2666/2666
f 2665/2665/2665 2668/2668/2668 2667/2667/2667
f 2662/2662/2662 2668/2668/2668 2665/2665/2665
f 2662/2662/2662 2669/2669/2669 2668/2668/2668
f 2664/2664/2664 2661/2661/2661 2670/2670/2670
f 2670/2670/2670 2661/2661/2661 2671/2671/2671
f 2662/2662/2662 2664/2664/2664 2672/2672/2672
f 2672/2672/2672 2664/2664/2664 2670/2670/2670
f 2670/2670/2670 2671/2671/2671 2673/2673/2673
f 2673/2673/2673 2671/2671/2671 2674/2674/2674
f 2673/2673/2673 2674/2674/2674 2675/2675/2675
f 2672/2672/2672 2670/2670/2670 2676/2676/2676
f 2676/2676/2676 2670/2670/2670 2673/2673/2673
f 2677/2677/2677 2673/2673/2673 2675/2675/2675
f 2676/2676/2676 2673/2673/2673 2677/2677/2677
f 2677/2677/2677 2675/2675/2675 2678/2678/2678
f 2679/2679/2679 2672/2672/2672 2676/2676/2676
f 2662/2662/2662 2672/2672/2672 2679/2679/2679
f 2680/2680/2680 2677/2677/2677 2678/2678/2678
f 2680/2680/2680 2678/2678/2678 2681/2681/2681
f 2682/2682/2682 2676/2676/2676 2677/2677/2677
f 2679/2679/2679 2676/2676/2676 2682/2682/2682
f 2682/2682/2682 2677/2677/2677 2680/2680/2680
f 2662/2662/2662 2679/2679/2679 2683/2683/2683
f 2683/2683/2683 2679/2679/2679 2682/2682/2682
f 2684/2684/2684 2680/2680/2680 2681/2681/2681
f 2684/2684/2684 2681/2681/2681 2685/2685/2685
f 2686/2686/2686 2684/2684/2684 2685/2685/2685
f 2687/2687/2687 2682/2682/2682 2680/2680/2680
f 2683/2683/2683 2682/2682/2682 2687/2687/2687
f 2687/2687/2687 2680/2680/2680 2684/2684/2684
f 2662/2662/2662 2683/2683/2683 2688/2688/2688
f 2688/2688/2688 2683/2683/2683 2687/2687/2687
f 2662/2662/2662 2688/2688/2688 2689/2689/2689
f 2662/2662/2662 2689/2689/2689 2690/2690/2690
f 2691/2691/2691 2687/2687/2687 2684/2684/2684
f 2688/2688/2688 2687/2687/2687 2691/2691/2691
f 2691/2691/2691 2684/2684/2684 2686/2686/2686
f 2689/2689/2689 2688/2688/2688 2691/2691/2691
f 2692/2692/2692 2691/2691/2691 2686/2686/2686
f 2689/2689/2689 2691/2691/2691 2692/2692/2692
f 2690/2690/2690 2689/2689/2689 2692/2692/2692
f 2692/2692/2692 2686/2686/2686 2693/2693/2693
f 2694/2694/2694 2692/2692/2692 2693/2693/2693
f 2690/2690/2690 2692/2692/2692 2694/2694/2694
f 2694/2694/2694 2693/2693/2693 2695/2695/2695
f 2696/2696/2696 2690/2690/2690 2694/2694/2694
f 2662/2662/2662 2690/2690/2690 2696/2696/2696
f 2697/2697/2697 2694/2694/2694 2695/2695/2695
f 2696/2696/2696 2694/2694/2694 2697/2697/2697
f 2697/2697/2697 2695/2695/2695 2698/2698/2698
f 2699/2699/2699 2696/2696/2696 2697/2697/2697
f 2662/2662/2662 2696/2696/2696 2699/2699/2699
f 2700/2700/2700 2697/2697/2697 2698/2698/2698
f 2699/2699/2699 2697/2697/2697 2700/2700/2700
f 2662/2662/2662 2699/2699/2699 2701/2701/2701
f 2701/2701/2701 2699/2699/2699 2700/2700/2700
f 2700/2700/2700 2698/2698/2698 2702/2702/2702
f 2702/2702/2702 2698/2698/2698 2703/2703/2703
f 2704/2704/2704 2700/2700/2700 2702/2702/2702
f 2701/2701/2701 2700/2700/2700 2704/2704/2704
f 2704/2704/2704 2702/2702/2702 2705/2705/2705
f 2706/2706/2706 2701/2701/2701 2704/2704/2704
f 2662/2662/2662 2701/2701/2701 2706/2706/2706
f 2707/2707/2707 2704/2704/2704 2705/2705/2705
f 2706/2706/2706 2704/2704/2704 2707/2707/2707
f 2662/2662/2662 2706/2706/2706 2708/2708/2708
f 2708/2708/2708 2706/2706/2706 2707/2707/2707
f 2707/2707/2707 2705/2705/2705 2709/2709/2709
f 2709/2709/2709 2705/2705/2705 2710/2710/2710
f 2662/2662/2662 2708/2708/2708 2711/2711/2711
f 2662/2662/2662 2711/2711/2711 2712/2712/2712
f 2662/2662/2662 2712/2712/2712 2713/2713/2713
f 2708/2708/2708 2707/2707/2707 2714/2714/2714
f 2711/2711/2711 2708/2708/2708 2714/2714/2714
f 2714/2714/2714 2707/2707/2707 2709/2709/2709
f 2709/2709/2709 2710/2710/2710 2715/2715/2715
f 2715/2715/2715 2710/2710/2710 2716/2716/2716
f 2715/2715/2715 2716/2716/2716 2717/2717/2717
f 2712/2712/2712 2711/2711/2711 2718/2718/2718
f 2711/2711/2711 2714/2714/2714 2718/2718/2718
f 2714/2714/2714 2709/2709/2709 2719/2719/2719
f 2719/2719/2719 2709/2709/2709 2715/2715/2715
f 2718/2718/2718 2714/2714/2714 2719/2719/2719
f 2712/2712/2712 2718/2718/2718 2720/2720/2720
f 2713/2713/2713 2712/2712/2712 2720/2720/2720
f 2719/2719/2719 2715/2715/2715 2721/2721/2721
f 2721/2721/2721 2715/2715/2715 2717/2717/2717
f 2718/2718/2718 2719/2719/2719 2722/2722/2722
f 2720/2720/2720 2718/2718/2718 2722/2722/2722
f 2722/2722/2722 2719/2719/2719 2721/2721/2721
f 2713/2713/2713 2720/2720/2720 2723/2723/2723
f 2720/2720/2720 2722/2722/2722 2724/2724/2724
f 2723/2723/2723 2720/2720/2720 2724/2724/2724
f 2722/2722/2722 2721/2721/2721 2725/2725/2725
f 2724/2724/2724 2722/2722/2722 2725/2725/2725
f 2721/2721/2721 2717/2717/2717 2726/2726/2726
f 2725/2725/2725 2721/2721/2721 2726/2726/2726
f 2726/2726/2726 2717/2717/2717 2727/2727/2727
f 2717/2717/2717 2728/2728/2728 2727/2727/2727
f 2725/2725/2725 2726/2726/2726 2729/2729/2729
f 2730/2730/2730 2725/2725/2725 2729/2729/2729
f 2724/2724/2724 2725/2725/2725 2730/2730/2730
f 2731/2731/2731 2724/2724/2724 2730/2730/2730
f 2723/2723/2723 2724/2724/2724 2731/2731/2731
f 2731/2731/2731 2730/2730/2730 2732/2732/2732
f 2733/2733/2733 2731/2731/2731 2732/2732/2732
f 2734/2734/2734 2713/2713/2713 2723/2723/2723
f 2662/2662/2662 2713/2713/2713 2734/2734/2734
f 2735/2735/2735 2723/2723/2723 2731/2731/2731
f 2735/2735/2735 2731/2731/2731 2733/2733/2733
f 2734/2734/2734 2723/2723/2723 2735/2735/2735
f 2736/2736/2736 2735/2735/2735 2733/2733/2733
f 2736/2736/2736 2733/2733/2733 2737/2737/2737
f 2738/2738/2738 2734/2734/2734 2735/2735/2735
f 2662/2662/2662 2734/2734/2734 2738/2738/2738
f 2738/2738/2738 2735/2735/2735 2736/2736/2736
f 2739/2739/2739 2736/2736/2736 2737/2737/2737
f 2739/2739/2739 2737/2737/2737 2740/2740/2740
f 2741/2741/2741 2738/2738/2738 2736/2736/2736
f 2662/2662/2662 2738/2738/2738 2741/2741/2741
f 2741/2741/2741 2736/2736/2736 2739/2739/2739
f 2742/2742/2742 2739/2739/2739 2740/2740/2740
f 2742/2742/2742 2740/2740/2740 2743/2743/2743
f 2744/2744/2744 2741/2741/2741 2739/2739/2739
f 2662/2662/2662 2741/2741/2741 2744/2744/2744
f 2744/2744/2744 2739/2739/2739 2742/2742/2742
f 2745/2745/2745 2742/2742/2742 2743/2743/2743
f 2745/2745/2745 2743/2743/2743 2746/2746/2746
f 2747/2747/2747 2744/2744/2744 2742/2742/2742
f 2662/2662/2662 2744/2744/2744 2747/2747/2747
f 2747/2747/2747 2742/2742/2742 2745/2745/2745
f 2662/2662/2662 2747/2747/2747 2748/2748/2748
f 2748/2748/2748 2747/2747/2747 2745/2745/2745
f 2662/2662/2662 2748/2748/2748 2749/2749/2749
f 2750/2750/2750 2745/2745/2745 2746/2746/2746
f 2748/2748/2748 2745/2745/2745 2750/2750/2750
f 2749/2749/2749 2748/2748/2748 2750/2750/2750
f 2750/2750/2750 2746/2746/2746 2751/2751/2751
f 2749/2749/2749 2750/2750/2750 2752/2752/2752
f 2752/2752/2752 2750/2750/2750 2751/2751/2751
f 2753/2753/2753 2749/2749/2749 2752/2752/2752
f 2752/2752/2752 2751/2751/2751 2754/2754/2754
f 2753/2753/2753 2752/2752/2752 2755/2755/2755
f 2755/2755/2755 2752/2752/2752 2754/2754/2754
f 2755/2755/2755 2754/2754/2754 2756/2756/2756
f 2759/2759/2759 2758/2758/2758 2757/2757/2757
f 2758/2758/2758 2760/2760/2760 2757/2757/2757
f 2758/2758/2758 2761/2761/2761 2760/2760/2760
f 2762/2762/2762 2761/2761/2761 2758/2758/2758
f 2763/2763/2763 2762/2762/2762 2758/2758/2758
f 2761/2761/2761 2764/2764/2764 2760/2760/2760
f 2760/2760/2760 2764/2764/2764 2765/2765/2765
f 2764/2764/2764 2766/2766/2766 2765/2765/2765
f 2761/2761/2761 2767/2767/2767 2764/2764/2764
f 2768/2768/2768 2767/2767/2767 2761/2761/2761
f 2768/2768/2768 2769/2769/2769 2767/2767/2767
f 2770/2770/2770 2769/2769/2769 2768/2768/2768
f 2767/2767/2767 2771/2771/2771 2764/2764/2764
f 2764/2764/2764 2771/2771/2771 2766/2766/2766
f 2767/2767/2767 2772/2772/2772 2771/2771/2771
f 2771/2771/2771 2773/2773/2773 2766/2766/2766
f 2766/2766/2766 2773/2773/2773 2774/2774/2774
f 2772/2772/2772 2775/2775/2775 2771/2771/2771
f 2771/2771/2771 2775/2775/2775 2773/2773/2773
f 2773/2773/2773 2776/2776/2776 2774/2774/2774
f 2774/2774/2774 2776/2776/2776 2777/2777/2777
f 2776/2776/2776 2778/2778/2778 2777/2777/2777
f 2773/2773/2773 2779/2779/2779 2776/2776/2776
f 2775/2775/2775 2779/2779/2779 2773/2773/2773
f 2772/2772/2772 2780/2780/2780 2775/2775/2775
f 2781/2781/2781 2780/2780/2780 2772/2772/2772
f 2780/2780/2780 2782/2782/2782 2775/2775/2775
f 2775/2775/2775 2782/2782/2782 2779/2779/2779
f 2780/2780/2780 2783/2783/2783 2782/2782/2782
f 2782/2782/2782 2784/2784/2784 2779/2779/2779
f 2779/2779/2779 2785/2785/2785 2776/2776/2776
f 2779/2779/2779 2784/2784/2784 2785/2785/2785
f 2776/2776/2776 2785/2785/2785 2778/2778/2778
f 2784/2784/2784 2786/2786/2786 2785/2785/2785
f 2785/2785/2785 2786/2786/2786 2787/2787/2787
f 2785/2785/2785 2787/2787/2787 2778/2778/2778
f 2778/2778/2778 2787/2787/2787 2788/2788/2788
f 2787/2787/2787 2789/2789/2789 2788/2788/2788
f 2792/2792/2792 2791/2791/2791 2790/2790/2790
f 2791/2791/2791 2793/2793/2793 2790/2790/2790
f 2790/2790/2790 2793/2793/2793 2794/2794/2794
f 2791/2791/2791 2795/2795/2795 2793/2793/2793
f 2795/2795/2795 2797/2797/2797 2796/2796/2796
f 2797/2797/2797 2798/2798/2798 2796/2796/2796
f 2796/2796/2796 2798/2798/2798 2799/2799/2799
f 2796/2796/2796 2799/2799/2799 2800/2800/2800
f 2797/2797/2797 2801/2801/2801 2798/2798/2798
f 2802/2802/2802 2801/2801/2801 2797/2797/2797
f 2803/2803/2803 2802/2802/2802 2797/2797/2797
f 2802/2802/2802 2804/2804/2804 2801/2801/2801
f 2807/2807/2807 2806/2806/2806 2805/2805/2805
f 2808/2808/2808 2807/2807/2807 2805/2805/2805
f 2808/2808/2808 2805/2805/2805 2809/2809/2809
f 2810/2810/2810 2808/2808/2808 2809/2809/2809
f 2810/2810/2810 2809/2809/2809 2811/2811/2811
f 2812/2812/2812 2808/2808/2808 2810/2810/2810
f 2813/2813/2813 2810/2810/2810 2811/2811/2811
f 2814/2814/2814 2812/2812/2812 2810/2810/2810
f 2814/2814/2814 2810/2810/2810 2813/2813/2813
f 2815/2815/2815 2814/2814/2814 2813/2813/2813
f 2816/2816/2816 2814/2814/2814 2815/2815/2815
f 2815/2815/2815 2813/2813/2813 2817/2817/2817
f 2817/2817/2817 2813/2813/2813 2818/2818/2818
f 2817/2817/2817 2818/2818/2818 2819/2819/2819
f 2820/2820/2820 2816/2816/2816 2815/2815/2815
f 2821/2821/2821 2816/2816/2816 2820/2820/2820
f 2822/2822/2822 2821/2821/2821 2820/2820/2820
f 2823/2823/2823 2815/2815/2815 2817/2817/2817
f 2820/2820/2820 2815/2815/2815 2823/2823/2823
f 2824/2824/2824 2817/2817/2817 2819/2819/2819
f 2823/2823/2823 2817/2817/2817 2824/2824/2824
f 2822/2822/2822 2820/2820/2820 2825/2825/2825
f 2825/2825/2825 2820/2820/2820 2823/2823/2823
f 2824/2824/2824 2819/2819/2819 2826/2826/2826
f 2826/2826/2826 2819/2819/2819 2827/2827/2827
f 2826/2826/2826 2827/2827/2827 2828/2828/2828
f 2829/2829/2829 2826/2826/2826 2828/2828/2828
f 2830/2830/2830 2826/2826/2826 2829/2829/2829
f 2830/2830/2830 2824/2824/2824 2826/2826/2826
f 2831/2831/2831 2830/2830/2830 2829/2829/2829
f 2832/2832/2832 2823/2823/2823 2824/2824/2824
f 2832/2832/2832 2824/2824/2824 2830/2830/2830
f 2825/2825/2825 2823/2823/2823 2832/2832/2832
f 2833/2833/2833 2822/2822/2822 2825/2825/2825
f 2834/2834/2834 2822/2822/2822 2833/2833/2833
f 2835/2835/2835 2834/2834/2834 2833/2833/2833
f 2836/2836/2836 2830/2830/2830 2831/2831/2831
f 2836/2836/2836 2832/2832/2832 2830/2830/2830
f 2837/2837/2837 2825/2825/2825 2832/2832/2832
f 2833/2833/2833 2825/2825/2825 2837/2837/2837
f 2837/2837/2837 2832/2832/2832 2836/2836/2836
f 2835/2835/2835 2833/2833/2833 2838/2838/2838
f 2838/2838/2838 2833/2833/2833 2837/2837/2837
f 2839/2839/2839 2835/2835/2835 2838/2838/2838
f 2840/2840/2840 2836/2836/2836 2831/2831/2831
f 2840/2840/2840 2831/2831/2831 2841/2841/2841
f 2842/2842/2842 2840/2840/2840 2841/2841/2841
f 2843/2843/2843 2837/2837/2837 2836/2836/2836
f 2838/2838/2838 2837/2837/2837 2843/2843/2843
f 2843/2843/2843 2836/2836/2836 2840/2840/2840
f 2839/2839/2839 2838/2838/2838 2844/2844/2844
f 2844/2844/2844 2838/2838/2838 2843/2843/2843
f 2845/2845/2845 2839/2839/2839 2844/2844/2844
f 2846/2846/2846 2843/2843/2843 2840/2840/2840
f 2846/2846/2846 2840/2840/2840 2842/2842/2842
f 2844/2844/2844 2843/2843/2843 2846/2846/2846
f 2845/2845/2845 2844/2844/2844 2847/2847/2847
f 2847/2847/2847 2844/2844/2844 2846/2846/2846
f 2848/2848/2848 2845/2845/2845 2847/2847/2847
f 2849/2849/2849 2846/2846/2846 2842/2842/2842
f 2847/2847/2847 2846/2846/2846 2849/2849/2849
f 2849/2849/2849 2842/2842/2842 2850/2850/2850
f 2851/2851/2851 2847/2847/2847 2849/2849/2849
f 2852/2852/2852 2849/2849/2849 2850/2850/2850
f 2851/2851/2851 2849/2849/2849 2852/2852/2852
f 2853/2853/2853 2851/2851/2851 2852/2852/2852
f 2856/2856/2856 2855/2855/2855 2854/2854/2854
f 2855/2855/2855 2857/2857/2857 2854/2854/2854
f 2854/2854/2854 2857/2857/2857 2858/2858/2858
f 2854/2854/2854 2858/2858/2858 2859/2859/2859
f 2860/2860/2860 2854/2854/2854 2859/2859/2859
f 2860/2860/2860 2859/2859/2859 2861/2861/2861
f 2862/2862/2862 2860/2860/2860 2861/2861/2861
f 2862/2862/2862 2861/2861/2861 2863/2863/2863
f 2864/2864/2864 2862/2862/2862 2863/2863/2863
f 2864/2864/2864 2863/2863/2863 2865/2865/2865
f 2866/2866/2866 2864/2864/2864 2865/2865/2865
f 2866/2866/2866 2865/2865/2865 2867/2867/2867
f 2868/2868/2868 2866/2866/2866 2867/2867/2867
f 2868/2868/2868 2867/2867/2867 2869/2869/2869
f 2870/2870/2870 2868/2868/2868 2869/2869/2869
f 2870/2870/2870 2869/2869/2869 2871/2871/2871
f 2872/2872/2872 2870/2870/2870 2871/2871/2871
f 2872/2872/2872 2871/2871/2871 2873/2873/2873
f 2874/2874/2874 2872/2872/2872 2873/2873/2873
f 2874/2874/2874 2873/2873/2873 2875/2875/2875
f 2876/2876/2876 2874/2874/2874 2875/2875/2875
f 2876/2876/2876 2875/2875/2875 2877/2877/2877
f 2878/2878/2878 2876/2876/2876 2877/2877/2877
f 2878/2878/2878 2877/2877/2877 2879/2879/2879
f 2880/2880/2880 2878/2878/2878 2879/2879/2879
f 2867/2867/2867 2865/2865/2865 2881/2881/2881
f 2869/2869/2869 2867/2867/2867 2882/2882/2882
f 2867/2867/2867 2881/2881/2881 2882/2882/2882
f 2882/2882/2882 2881/2881/2881 2883/2883/2883
f 2865/2865/2865 2884/2884/2884 2881/2881/2881
f 2881/2881/2881 2884/2884/2884 2883/2883/2883
f 2865/2865/2865 2863/2863/2863 2884/2884/2884
f 2869/2869/2869 2882/2882/2882 2885/2885/2885
f 2885/2885/2885 2882/2882/2882 2883/2883/2883
f 2871/2871/2871 2869/2869/2869 2885/2885/2885
f 2863/2863/2863 2886/2886/2886 2884/2884/2884
f 2884/2884/2884 2886/2886/2886 2883/2883/2883
f 2863/2863/2863 2861/2861/2861 2886/2886/2886
f 2871/2871/2871 2885/2885/2885 2887/2887/2887
f 2887/2887/2887 2885/2885/2885 2883/2883/2883
f 2873/2873/2873 2871/2871/2871 2887/2887/2887
f 2861/2861/2861 2888/2888/2888 2886/2886/2886
f 2886/2886/2886 2888/2888/2888 2883/2883/2883
f 2861/2861/2861 2859/2859/2859 2888/2888/2888
f 2873/2873/2873 2887/2887/2887 2889/2889/2889
f 2889/2889/2889 2887/2887/2887 2883/2883/2883
f 2888/2888/2888 2890/2890/2890 2883/2883/2883
f 2859/2859/2859 2890/2890/2890 2888/2888/2888
f 2891/2891/2891 2889/2889/2889 2883/2883/2883
f 2875/2875/2875 2873/2873/2873 2889/2889/2889
f 2875/2875/2875 2889/2889/2889 2891/2891/2891
f 2877/2877/2877 2875/2875/2875 2891/2891/2891
f 2859/2859/2859 2858/2858/2858 2890/2890/2890
f 2877/2877/2877 2891/2891/2891 2892/2892/2892
f 2892/2892/2892 2891/2891/2891 2883/2883/2883
f 2879/2879/2879 2877/2877/2877 2892/2892/2892
f 2879/2879/2879 2892/2892/2892 2893/2893/2893
f 2893/2893/2893 2892/2892/2892 2883/2883/2883
f 2894/2894/2894 2879/2879/2879 2893/2893/2893
f 2894/2894/2894 2893/2893/2893 2895/2895/2895
f 2895/2895/2895 2893/2893/2893 2883/2883/2883
f 2896/2896/2896 2894/2894/2894 2895/2895/2895
f 2858/2858/2858 2897/2897/2897 2890/2890/2890
f 2890/2890/2890 2897/2897/2897 2883/2883/2883
f 2896/2896/2896 2895/2895/2895 2898/2898/2898
f 2898/2898/2898 2895/2895/2895 2883/2883/2883
f 2858/2858/2858 2899/2899/2899 2897/2897/2897
f 2857/2857/2857 2899/2899/2899 2858/2858/2858
f 2897/2897/2897 2900/2900/2900 2883/2883/2883
f 2899/2899/2899 2900/2900/2900 2897/2897/2897
f 2901/2901/2901 2898/2898/2898 2883/2883/2883
f 2900/2900/2900 2902/2902/2902 2883/2883/2883
f 2903/2903/2903 2896/2896/2896 2898/2898/2898
f 2903/2903/2903 2898/2898/2898 2901/2901/2901
f 2904/2904/2904 2896/2896/2896 2903/2903/2903
f 2905/2905/2905 2904/2904/2904 2903/2903/2903
f 2905/2905/2905 2903/2903/2903 2906/2906/2906
f 2906/2906/2906 2903/2903/2903 2901/2901/2901
f 2907/2907/2907 2905/2905/2905 2906/2906/2906
f 2899/2899/2899 2908/2908/2908 2900/2900/2900
f 2908/2908/2908 2902/2902/2902 2900/2900/2900
f 2857/2857/2857 2909/2909/2909 2899/2899/2899
f 2909/2909/2909 2908/2908/2908 2899/2899/2899
f 2906/2906/2906 2901/2901/2901 2910/2910/2910
f 2910/2910/2910 2901/2901/2901 2883/2883/2883
f 2907/2907/2907 2906/2906/2906 2911/2911/2911
f 2911/2911/2911 2906/2906/2906 2910/2910/2910
f 2912/2912/2912 2907/2907/2907 2911/2911/2911
f 2911/2911/2911 2910/2910/2910 2913/2913/2913
f 2913/2913/2913 2910/2910/2910 2883/2883/2883
f 2912/2912/2912 2911/2911/2911 2914/2914/2914
f 2914/2914/2914 2911/2911/2911 2913/2913/2913
f 2915/2915/2915 2909/2909/2909 2857/2857/2857
f 2855/2855/2855 2915/2915/2915 2857/2857/2857
f 2916/2916/2916 2915/2915/2915 2855/2855/2855
f 2917/2917/2917 2916/2916/2916 2855/2855/2855
f 2916/2916/2916 2918/2918/2918 2915/2915/2915
f 2918/2918/2918 2919/2919/2919 2915/2915/2915
f 2915/2915/2915 2919/2919/2919 2909/2909/2909
f 2919/2919/2919 2920/2920/2920 2909/2909/2909
f 2909/2909/2909 2920/2920/2920 2908/2908/2908
f 2920/2920/2920 2921/2921/2921 2908/2908/2908
f 2908/2908/2908 2921/2921/2921 2902/2902/2902
f 2921/2921/2921 2922/2922/2922 2902/2902/2902
f 2921/2921/2921 2923/2923/2923 2922/2922/2922
f 2902/2902/2902 2922/2922/2922 2883/2883/2883
f 2923/2923/2923 2924/2924/2924 2922/2922/2922
f 2922/2922/2922 2924/2924/2924 2883/2883/2883
f 2923/2923/2923 2925/2925/2925 2924/2924/2924
f 2924/2924/2924 2926/2926/2926 2883/2883/2883
f 2925/2925/2925 2926/2926/2926 2924/2924/2924
f 2926/2926/2926 2927/2927/2927 2883/2883/2883
f 2927/2927/2927 2928/2928/2928 2883/2883/2883
f 2928/2928/2928 2929/2929/2929 2883/2883/2883
f 2925/2925/2925 2930/2930/2930 2926/2926/2926
f 2930/2930/2930 2927/2927/2927 2926/2926/2926
f 2931/2931/2931 2928/2928/2928 2927/2927/2927
f 2930/2930/2930 2931/2931/2931 2927/2927/2927
f 2932/2932/2932 2930/2930/2930 2925/2925/2925
f 2933/2933/2933 2932/2932/2932 2925/2925/2925
f 2934/2934/2934 2932/2932/2932 2933/2933/2933
f 2932/2932/2932 2935/2935/2935 2930/2930/2930
f 2935/2935/2935 2931/2931/2931 2930/2930/2930
f 2936/2936/2936 2935/2935/2935 2932/2932/2932
f 2936/2936/2936 2937/2937/2937 2935/2935/2935
f 2935/2935/2935 2938/2938/2938 2931/2931/2931
f 2931/2931/2931 2939/2939/2939 2928/2928/2928
f 2938/2938/2938 2939/2939/2939 2931/2931/2931
f 2939/2939/2939 2929/2929/2929 2928/2928/2928
f 2938/2938/2938 2940/2940/2940 2939/2939/2939
f 2941/2941/2941 2940/2940/2940 2938/2938/2938
f 2941/2941/2941 2942/2942/2942 2940/2940/2940
f 2939/2939/2939 2943/2943/2943 2929/2929/2929
f 2940/2940/2940 2943/2943/2943 2939/2939/2939
f 2942/2942/2942 2944/2944/2944 2940/2940/2940
f 2940/2940/2940 2944/2944/2944 2943/2943/2943
f 2942/2942/2942 2945/2945/2945 2944/2944/2944
f 2943/2943/2943 2946/2946/2946 2929/2929/2929
f 2929/2929/2929 2946/2946/2946 2883/2883/2883
f 2944/2944/2944 2947/2947/2947 2943/2943/2943
f 2943/2943/2943 2947/2947/2947 2946/2946/2946
f 2945/2945/2945 2948/2948/2948 2944/2944/2944
f 2944/2944/2944 2948/2948/2948 2947/2947/2947
f 2947/2947/2947 2949/2949/2949 2946/2946/2946
f 2946/2946/2946 2949/2949/2949 2883/2883/2883
f 2947/2947/2947 2950/2950/2950 2949/2949/2949
f 2948/2948/2948 2950/2950/2950 2947/2947/2947
f 2945/2945/2945 2951/2951/2951 2948/2948/2948
f 2952/2952/2952 2951/2951/2951 2945/2945/2945
f 2952/2952/2952 2953/2953/2953 2951/2951/2951
f 2951/2951/2951 2954/2954/2954 2948/2948/2948
f 2948/2948/2948 2954/2954/2954 2950/2950/2950
f 2953/2953/2953 2955/2955/2955 2951/2951/2951
f 2951/2951/2951 2955/2955/2955 2954/2954/2954
f 2953/2953/2953 2956/2956/2956 2955/2955/2955
f 2956/2956/2956 2957/2957/2957 2955/2955/2955
f 2950/2950/2950 2958/2958/2958 2949/2949/2949
f 2949/2949/2949 2958/2958/2958 2883/2883/2883
f 2954/2954/2954 2959/2959/2959 2950/2950/2950
f 2950/2950/2950 2959/2959/2959 2958/2958/2958
f 2955/2955/2955 2960/2960/2960 2954/2954/2954
f 2955/2955/2955 2957/2957/2957 2960/2960/2960
f 2954/2954/2954 2960/2960/2960 2959/2959/2959
f 2959/2959/2959 2961/2961/2961 2958/2958/2958
f 2958/2958/2958 2961/2961/2961 2883/2883/2883
f 2957/2957/2957 2962/2962/2962 2960/2960/2960
f 2957/2957/2957 2963/2963/2963 2962/2962/2962
f 2960/2960/2960 2964/2964/2964 2959/2959/2959
f 2959/2959/2959 2964/2964/2964 2961/2961/2961
f 2960/2960/2960 2962/2962/2962 2964/2964/2964
f 2961/2961/2961 2965/2965/2965 2883/2883/2883
f 2964/2964/2964 2965/2965/2965 2961/2961/2961
f 2963/2963/2963 2966/2966/2966 2962/2962/2962
f 2963/2963/2963 2967/2967/2967 2966/2966/2966
f 2967/2967/2967 2912/2912/2912 2966/2966/2966
f 2966/2966/2966 2912/2912/2912 2914/2914/2914
f 2962/2962/2962 2968/2968/2968 2964/2964/2964
f 2962/2962/2962 2966/2966/2966 2968/2968/2968
f 2964/2964/2964 2968/2968/2968 2965/2965/2965
f 2966/2966/2966 2914/2914/2914 2968/2968/2968
f 2965/2965/2965 2969/2969/2969 2883/2883/2883
f 2968/2968/2968 2969/2969/2969 2965/2965/2965
f 2968/2968/2968 2914/2914/2914 2969/2969/2969
f 2969/2969/2969 2913/2913/2913 2883/2883/2883
f 2914/2914/2914 2913/2913/2913 2969/2969/2969
f 2972/2972/2972 2971/2971/2971 2970/2970/2970
f 2973/2973/2973 2972/2972/2972 2970/2970/2970
f 2976/2976/2976 2975/2975/2975 2974/2974/2974
f 2976/2976/2976 2977/2977/2977 2975/2975/2975
f 2977/2977/2977 2978/2978/2978 2975/2975/2975
f 2979/2979/2979 2977/2977/2977 2976/2976/2976
f 2979/2979/2979 2980/2980/2980 2977/2977/2977
f 2980/2980/2980 2981/2981/2981 2977/2977/2977
f 2980/2980/2980 2982/2982/2982 2981/2981/2981
f 2982/2982/2982 2983/2983/2983 2981/2981/2981
f 2986/2986/2986 2985/2985/2985 2984/2984/2984
f 2985/2985/2985 2987/2987/2987 2984/2984/2984
f 2984/2984/2984 2987/2987/2987 2988/2988/2988
f 2987/2987/2987 2989/2989/2989 2988/2988/2988
f 2988/2988/2988 2989/2989/2989 2990/2990/2990
f 2989/2989/2989 2991/2991/2991 2990/2990/2990
f 2989/2989/2989 2992/2992/2992 2991/2991/2991
f 2992/2992/2992 2993/2993/2993 2991/2991/2991
f 2994/2994/2994 2992/2992/2992 2989/2989/2989
f 2987/2987/2987 2994/2994/2994 2989/2989/2989
f 2994/2994/2994 2995/2995/2995 2992/2992/2992
f 2985/2985/2985 2996/2996/2996 2987/2987/2987
f 2996/2996/2996 2994/2994/2994 2987/2987/2987
f 2997/2997/2997 2996/2996/2996 2985/2985/2985
f 2998/2998/2998 2997/2997/2997 2985/2985/2985
f 2997/2997/2997 2999/2999/2999 2996/2996/2996
f 2996/2996/2996 3000/3000/3000 2994/2994/2994
f 2999/2999/2999 3000/3000/3000 2996/2996/2996
f 3000/3000/3000 2995/2995/2995 2994/2994/2994
f 2999/2999/2999 3001/3001/3001 3000/3000/3000
f 3001/3001/3001 3002/3002/3002 3000/3000/3000
f 3000/3000/3000 3002/3002/3002 2995/2995/2995
f 3001/3001/3001 3003/3003/3003 3002/3002/3002
f 3003/3003/3003 3004/3004/3004 3002/3002/3002
f 3002/3002/3002 3005/3005/3005 2995/2995/2995
f 3002/3002/3002 3004/3004/3004 3005/3005/3005
f 2995/2995/2995 3005/3005/3005 3006/3006/3006
f 3004/3004/3004 3007/3007/3007 3005/3005/3005
f 3004/3004/3004 3008/3008/3008 3007/3007/3007
f 3008/3008/3008 3009/3009/3009 3007/3007/3007
f 3008/3008/3008 3010/3010/3010 3009/3009/3009
f 3007/3007/3007 3009/3009/3009 3011/3011/3011
f 3007/3007/3007 3011/3011/3011 3012/3012/3012
f 3015/3015/3015 3014/3014/3014 3013/3013/3013
f 3015/3015/3015 3016/3016/3016 3014/3014/3014
f 3016/3016/3016 3017/3017/3017 3014/3014/3014
f 3016/3016/3016 3018/3018/3018 3017/3017/3017
f 3019/3019/3019 3018/3018/3018 3016/3016/3016
f 3018/3018/3018 3020/3020/3020 3017/3017/3017
f 3017/3017/3017 3020/3020/3020 3021/3021/3021
f 3018/3018/3018 3022/3022/3022 3020/3020/3020
f 3019/3019/3019 3022/3022/3022 3018/3018/3018
f 3019/3019/3019 3023/3023/3023 3022/3022/3022
f 3026/3026/3026 3025/3025/3025 3024/3024/3024
f 3027/3027/3027 3025/3025/3025 3026/3026/3026
f 3030/3030/3030 3029/3029/3029 3028/3028/3028
f 3030/3030/3030 3031/3031/3031 3029/3029/3029
f 3031/3031/3031 3032/3032/3032 3029/3029/3029
f 3031/3031/3031 3033/3033/3033 3032/3032/3032
f 3034/3034/3034 3031/3031/3031 3030/3030/3030
f 3035/3035/3035 3034/3034/3034 3030/3030/3030
f 3036/3036/3036 3033/3033/3033 3031/3031/3031
f 3034/3034/3034 3036/3036/3036 3031/3031/3031
f 3037/3037/3037 3034/3034/3034 3035/3035/3035
f 3038/3038/3038 3037/3037/3037 3035/3035/3035
f 3037/3037/3037 3039/3039/3039 3034/3034/3034
f 3039/3039/3039 3036/3036/3036 3034/3034/3034
f 3039/3039/3039 3040/3040/3040 3036/3036/3036
f 3036/3036/3036 3041/3041/3041 3033/3033/3033
f 3040/3040/3040 3041/3041/3041 3036/3036/3036
f 3041/3041/3041 3042/3042/3042 3033/3033/3033
f 3040/3040/3040 3043/3043/3043 3041/3041/3041
f 3041/3041/3041 3044/3044/3044 3042/3042/3042
f 3043/3043/3043 3044/3044/3044 3041/3041/3041
f 3043/3043/3043 3045/3045/3045 3044/3044/3044
f 3045/3045/3045 3046/3046/3046 3044/3044/3044
f 3046/3046/3046 3048/3048/3048 3047/3047/3047
f 3048/3048/3048 3049/3049/3049 3047/3047/3047
f 3049/3049/3049 3051/3051/3051 3050/3050/3050
f 3051/3051/3051 3052/3052/3052 3050/3050/3050
f 3050/3050/3050 3052/3052/3052 3053/3053/3053
f 3052/3052/3052 3054/3054/3054 3053/3053/3053
f 3052/3052/3052 3055/3055/3055 3054/3054/3054
f 3058/3058/3058 3057/3057/3057 3056/3056/3056
f 3057/3057/3057 3059/3059/3059 3056/3056/3056
f 3056/3056/3056 3059/3059/3059 3060/3060/3060
f 3059/3059/3059 3061/3061/3061 3060/3060/3060
f 3060/3060/3060 3061/3061/3061 3062/3062/3062
f 3061/3061/3061 3063/3063/3063 3062/3062/3062
f 3061/3061/3061 3064/3064/3064 3063/3063/3063
f 3059/3059/3059 3065/3065/3065 3061/3061/3061
f 3065/3065/3065 3064/3064/3064 3061/3061/3061
f 3057/3057/3057 3066/3066/3066 3059/3059/3059
f 3066/3066/3066 3065/3065/3065 3059/3059/3059
f 3065/3065/3065 3067/3067/3067 3064/3064/3064
f 3067/3067/3067 3068/3068/3068 3064/3064/3064
f 3069/3069/3069 3066/3066/3066 3057/3057/3057
f 3070/3070/3070 3069/3069/3069 3057/3057/3057
f 3066/3066/3066 3071/3071/3071 3065/3065/3065
f 3071/3071/3071 3067/3067/3067 3065/3065/3065
f 3069/3069/3069 3072/3072/3072 3066/3066/3066
f 3072/3072/3072 3071/3071/3071 3066/3066/3066
f 3073/3073/3073 3072/3072/3072 3069/3069/3069
f 3073/3073/3073 3074/3074/3074 3072/3072/3072
f 3067/3067/3067 3075/3075/3075 3068/3068/3068
f 3075/3075/3075 3076/3076/3076 3068/3068/3068
f 3072/3072/3072 3077/3077/3077 3071/3071/3071
f 3074/3074/3074 3077/3077/3077 3072/3072/3072
f 3071/3071/3071 3078/3078/3078 3067/3067/3067
f 3078/3078/3078 3075/3075/3075 3067/3067/3067
f 3077/3077/3077 3078/3078/3078 3071/3071/3071
f 3074/3074/3074 3079/3079/3079 3077/3077/3077
f 3080/3080/3080 3079/3079/3079 3074/3074/3074
f 3080/3080/3080 3081/3081/3081 3079/3079/3079
f 3081/3081/3081 3082/3082/3082 3079/3079/3079
f 3079/3079/3079 3083/3083/3083 3077/3077/3077
f 3077/3077/3077 3083/3083/3083 3078/3078/3078
f 3079/3079/3079 3082/3082/3082 3083/3083/3083
f 3078/3078/3078 3084/3084/3084 3075/3075/3075
f 3083/3083/3083 3084/3084/3084 3078/3078/3078
f 3082/3082/3082 3085/3085/3085 3083/3083/3083
f 3083/3083/3083 3085/3085/3085 3084/3084/3084
f 3082/3082/3082 3086/3086/3086 3085/3085/3085
f 3086/3086/3086 3087/3087/3087 3085/3085/3085
f 3085/3085/3085 3087/3087/3087 3088/3088/3088
f 3085/3085/3085 3088/3088/3088 3084/3084/3084
f 3087/3087/3087 3089/3089/3089 3088/3088/3088
f 3084/3084/3084 3090/3090/3090 3075/3075/3075
f 3084/3084/3084 3088/3088/3088 3090/3090/3090
f 3075/3075/3075 3090/3090/3090 3076/3076/3076
f 3088/3088/3088 3089/3089/3089 3091/3091/3091
f 3088/3088/3088 3091/3091/3091 3090/3090/3090
f 3090/3090/3090 3092/3092/3092 3076/3076/3076
f 3090/3090/3090 3091/3091/3091 3092/3092/3092
f 3076/3076/3076 3092/3092/3092 3093/3093/3093
f 3089/3089/3089 3094/3094/3094 3091/3091/3091
f 3089/3089/3089 3095/3095/3095 3094/3094/3094
f 3095/3095/3095 3096/3096/3096 3094/3094/3094
f 3094/3094/3094 3096/3096/3096 3097/3097/3097
f 3091/3091/3091 3094/3094/3094 3098/3098/3098
f 3091/3091/3091 3098/3098/3098 3092/3092/3092
f 3094/3094/3094 3097/3097/3097 3098/3098/3098
f 3092/3092/3092 3098/3098/3098 3099/3099/3099
f 3092/3092/3092 3099/3099/3099 3093/3093/3093
f 3098/3098/3098 3097/3097/3097 3100/3100/3100
f 3098/3098/3098 3100/3100/3100 3099/3099/3099
f 3097/3097/3097 3101/3101/3101 3100/3100/3100
f 3100/3100/3100 3101/3101/3101 3102/3102/3102
f 3101/3101/3101 3103/3103/3103 3102/3102/3102
f 3100/3100/3100 3102/3102/3102 3104/3104/3104
f 3099/3099/3099 3100/3100/3100 3104/3104/3104
f 3099/3099/3099 3104/3104/3104 3105/3105/3105
f 3093/3093/3093 3099/3099/3099 3105/3105/3105
f 3093/3093/3093 3105/3105/3105 3106/3106/3106
f 3107/3107/3107 3093/3093/3093 3106/3106/3106
f 3110/3110/3110 3109/3109/3109 3108/3108/3108
f 3111/3111/3111 3110/3110/3110 3108/3108/3108
f 3111/3111/3111 3108/3108/3108 3112/3112/3112
f 3113/3113/3113 3111/3111/3111 3112/3112/3112
f 3114/3114/3114 3111/3111/3111 3113/3113/3113
f 3114/3114/3114 3115/3115/3115 3111/3111/3111
f 3115/3115/3115 3110/3110/3110 3111/3111/3111
f 3115/3115/3115 3116/3116/3116 3110/3110/3110
f 3116/3116/3116 3117/3117/3117 3110/3110/3110
f 3120/3120/3120 3119/3119/3119 3118/3118/3118
f 3120/3120/3120 3121/3121/3121 3119/3119/3119
f 3121/3121/3121 3122/3122/3122 3119/3119/3119
f 3121/3121/3121 3123/3123/3123 3122/3122/3122
f 3126/3126/3126 3125/3125/3125 3124/3124/3124
f 3127/3127/3127 3126/3126/3126 3124/3124/3124
f 3130/3130/3130 3129/3129/3129 3128/3128/3128
f 3128/3128/3128 3129/3129/3129 3131/3131/3131
f 3129/3129/3129 3132/3132/3132 3131/3131/3131
f 3135/3135/3135 3134/3134/3134 3133/3133/3133
f 3134/3134/3134 3136/3136/3136 3133/3133/3133
f 3133/3133/3133 3136/3136/3136 3137/3137/3137
f 3134/3134/3134 3138/3138/3138 3136/3136/3136
f 3136/3136/3136 3139/3139/3139 3137/3137/3137
f 3137/3137/3137 3139/3139/3139 3140/3140/3140
f 3139/3139/3139 3141/3141/3141 3140/3140/3140
f 3138/3138/3138 3142/3142/3142 3136/3136/3136
f 3136/3136/3136 3142/3142/3142 3139/3139/3139
f 3138/3138/3138 3143/3143/3143 3142/3142/3142
f 3139/3139/3139 3144/3144/3144 3141/3141/3141
f 3142/3142/3142 3144/3144/3144 3139/3139/3139
f 3144/3144/3144 3145/3145/3145 3141/3141/3141
f 3143/3143/3143 3146/3146/3146 3142/3142/3142
f 3142/3142/3142 3146/3146/3146 3144/3144/3144
f 3143/3143/3143 3147/3147/3147 3146/3146/3146
f 3144/3144/3144 3148/3148/3148 3145/3145/3145
f 3146/3146/3146 3148/3148/3148 3144/3144/3144
f 3147/3147/3147 3149/3149/3149 3146/3146/3146
f 3146/3146/3146 3149/3149/3149 3148/3148/3148
f 3147/3147/3147 3150/3150/3150 3149/3149/3149
f 3148/3148/3148 3151/3151/3151 3145/3145/3145
f 3145/3145/3145 3151/3151/3151 3152/3152/3152
f 3151/3151/3151 3153/3153/3153 3152/3152/3152
f 3149/3149/3149 3154/3154/3154 3148/3148/3148
f 3148/3148/3148 3154/3154/3154 3151/3151/3151
f 3150/3150/3150 3155/3155/3155 3149/3149/3149
f 3149/3149/3149 3155/3155/3155 3154/3154/3154
f 3150/3150/3150 3156/3156/3156 3155/3155/3155
f 3151/3151/3151 3157/3157/3157 3153/3153/3153
f 3154/3154/3154 3157/3157/3157 3151/3151/3151
f 3157/3157/3157 3158/3158/3158 3153/3153/3153
f 3155/3155/3155 3159/3159/3159 3154/3154/3154
f 3154/3154/3154 3159/3159/3159 3157/3157/3157
f 3156/3156/3156 3160/3160/3160 3155/3155/3155
f 3155/3155/3155 3160/3160/3160 3159/3159/3159
f 3156/3156/3156 3161/3161/3161 3160/3160/3160
f 3161/3161/3161 3162/3162/3162 3160/3160/3160
f 3157/3157/3157 3163/3163/3163 3158/3158/3158
f 3159/3159/3159 3163/3163/3163 3157/3157/3157
f 3163/3163/3163 3164/3164/3164 3158/3158/3158
f 3160/3160/3160 3165/3165/3165 3159/3159/3159
f 3160/3160/3160 3162/3162/3162 3165/3165/3165
f 3159/3159/3159 3165/3165/3165 3163/3163/3163
f 3163/3163/3163 3166/3166/3166 3164/3164/3164
f 3165/3165/3165 3166/3166/3166 3163/3163/3163
f 3166/3166/3166 3167/3167/3167 3164/3164/3164
f 3162/3162/3162 3168/3168/3168 3165/3165/3165
f 3165/3165/3165 3168/3168/3168 3166/3166/3166
f 3162/3162/3162 3169/3169/3169 3168/3168/3168
f 3169/3169/3169 3170/3170/3170 3168/3168/3168
f 3166/3166/3166 3171/3171/3171 3167/3167/3167
f 3168/3168/3168 3171/3171/3171 3166/3166/3166
f 3168/3168/3168 3170/3170/3170 3171/3171/3171
f 3171/3171/3171 3172/3172/3172 3167/3167/3167
f 3170/3170/3170 3173/3173/3173 3171/3171/3171
f 3171/3171/3171 3173/3173/3173 3172/3172/3172
f 3176/3176/3176 3175/3175/3175 3174/3174/3174
f 3175/3175/3175 3177/3177/3177 3174/3174/3174
f 3174/3174/3174 3177/3177/3177 3178/3178/3178
f 3177/3177/3177 3179/3179/3179 3178/3178/3178
f 3175/3175/3175 3180/3180/3180 3177/3177/3177
f 3181/3181/3181 3180/3180/3180 3175/3175/3175
f 3177/3177/3177 3182/3182/3182 3179/3179/3179
f 3180/3180/3180 3182/3182/3182 3177/3177/3177
f 3182/3182/3182 3183/3183/3183 3179/3179/3179
f 3181/3181/3181 3184/3184/3184 3180/3180/3180
f 3185/3185/3185 3184/3184/3184 3181/3181/3181
f 3185/3185/3185 3186/3186/3186 3184/3184/3184
f 3186/3186/3186 3187/3187/3187 3184/3184/3184
f 3184/3184/3184 3188/3188/3188 3180/3180/3180
f 3180/3180/3180 3188/3188/3188 3182/3182/3182
f 3184/3184/3184 3187/3187/3187 3188/3188/3188
f 3182/3182/3182 3189/3189/3189 3183/3183/3183
f 3188/3188/3188 3189/3189/3189 3182/3182/3182
f 3189/3189/3189 3190/3190/3190 3183/3183/3183
f 3187/3187/3187 3191/3191/3191 3188/3188/3188
f 3188/3188/3188 3191/3191/3191 3189/3189/3189
f 3189/3189/3189 3192/3192/3192 3190/3190/3190
f 3191/3191/3191 3192/3192/3192 3189/3189/3189
f 3192/3192/3192 3193/3193/3193 3190/3190/3190
f 3187/3187/3187 3194/3194/3194 3191/3191/3191
f 3195/3195/3195 3194/3194/3194 3187/3187/3187
f 3195/3195/3195 3196/3196/3196 3194/3194/3194
f 3192/3192/3192 3197/3197/3197 3193/3193/3193
f 3197/3197/3197 3198/3198/3198 3193/3193/3193
f 3191/3191/3191 3199/3199/3199 3192/3192/3192
f 3194/3194/3194 3199/3199/3199 3191/3191/3191
f 3199/3199/3199 3197/3197/3197 3192/3192/3192
f 3196/3196/3196 3200/3200/3200 3194/3194/3194
f 3194/3194/3194 3200/3200/3200 3199/3199/3199
f 3196/3196/3196 3201/3201/3201 3200/3200/3200
f 3197/3197/3197 3202/3202/3202 3198/3198/3198
f 3202/3202/3202 3203/3203/3203 3198/3198/3198
f 3199/3199/3199 3204/3204/3204 3197/3197/3197
f 3200/3200/3200 3204/3204/3204 3199/3199/3199
f 3204/3204/3204 3202/3202/3202 3197/3197/3197
f 3201/3201/3201 3205/3205/3205 3200/3200/3200
f 3200/3200/3200 3205/3205/3205 3204/3204/3204
f 3201/3201/3201 3206/3206/3206 3205/3205/3205
f 3206/3206/3206 3207/3207/3207 3205/3205/3205
f 3205/3205/3205 3208/3208/3208 3204/3204/3204
f 3204/3204/3204 3208/3208/3208 3202/3202/3202
f 3205/3205/3205 3207/3207/3207 3208/3208/3208
f 3202/3202/3202 3209/3209/3209 3203/3203/3203
f 3208/3208/3208 3209/3209/3209 3202/3202/3202
f 3207/3207/3207 3210/3210/3210 3208/3208/3208
f 3208/3208/3208 3210/3210/3210 3209/3209/3209
f 3207/3207/3207 3211/3211/3211 3210/3210/3210
f 3209/3209/3209 3212/3212/3212 3203/3203/3203
f 3203/3203/3203 3212/3212/3212 3213/3213/3213
f 3212/3212/3212 3214/3214/3214 3213/3213/3213
f 3212/3212/3212 3215/3215/3215 3214/3214/3214
f 3209/3209/3209 3216/3216/3216 3212/3212/3212
f 3216/3216/3216 3215/3215/3215 3212/3212/3212
f 3210/3210/3210 3216/3216/3216 3209/3209/3209
f 3216/3216/3216 3217/3217/3217 3215/3215/3215
f 3211/3211/3211 3218/3218/3218 3210/3210/3210
f 3210/3210/3210 3218/3218/3218 3216/3216/3216
f 3218/3218/3218 3217/3217/3217 3216/3216/3216
f 3211/3211/3211 3219/3219/3219 3218/3218/3218
f 3218/3218/3218 3220/3220/3220 3217/3217/3217
f 3219/3219/3219 3220/3220/3220 3218/3218/3218
f 3223/3223/3223 3222/3222/3222 3221/3221/3221
f 3224/3224/3224 3222/3222/3222 3223/3223/3223
f 3225/3225/3225 3224/3224/3224 3223/3223/3223
f 3228/3228/3228 3227/3227/3227 3226/3226/3226
f 3227/3227/3227 3228/3228/3228 3229/3229/3229
f 3230/3230/3230 3228/3228/3228 3226/3226/3226
f 3228/3228/3228 3231/3231/3231 3229/3229/3229
f 3232/3232/3232 3229/3229/3229 3231/3231/3231
f 3228/3228/3228 3230/3230/3230 3233/3233/3233
f 3228/3228/3228 3233/3233/3233 3231/3231/3231
f 3234/3234/3234 3232/3232/3232 3231/3231/3231
f 3231/3231/3231 3233/3233/3233 3234/3234/3234
f 3232/3232/3232 3234/3234/3234 3235/3235/3235
f 3236/3236/3236 3235/3235/3235 3234/3234/3234
f 3236/3236/3236 3234/3234/3234 3237/3237/3237
f 3237/3237/3237 3234/3234/3234 3233/3233/3233
f 3238/3238/3238 3236/3236/3236 3237/3237/3237
f 3230/3230/3230 3239/3239/3239 3233/3233/3233
f 3239/3239/3239 3237/3237/3237 3233/3233/3233
f 3240/3240/3240 3239/3239/3239 3230/3230/3230
f 3241/3241/3241 3239/3239/3239 3240/3240/3240
f 3237/3237/3237 3239/3239/3239 3241/3241/3241
f 3242/3242/3242 3238/3238/3238 3237/3237/3237
f 3242/3242/3242 3237/3237/3237 3241/3241/3241
f 3238/3238/3238 3242/3242/3242 3243/3243/3243
f 3241/3241/3241 3244/3244/3244 3242/3242/3242
f 3242/3242/3242 3245/3245/3245 3243/3243/3243
f 3244/3244/3244 3245/3245/3245 3242/3242/3242
g bear_1
f 3248/3248/3248 3247/3247/3247 3246/3246/3246
f 3247/3247/3247 3250/3250/3250 3249/3249/3249
f 3249/3249/3249 3250/3250/3250 3251/3251/3251
f 3250/3250/3250 3252/3252/3252 3251/3251/3251
f 3251/3251/3251 3252/3252/3252 3253/3253/3253
f 3250/3250/3250 3254/3254/3254 3252/3252/3252
f 3252/3252/3252 3255/3255/3255 3253/3253/3253
f 3254/3254/3254 3256/3256/3256 3252/3252/3252
f 3252/3252/3252 3256/3256/3256 3255/3255/3255
f 3256/3256/3256 3257/3257/3257 3255/3255/3255
f 3256/3256/3256 3258/3258/3258 3257/3257/3257
f 3258/3258/3258 3259/3259/3259 3257/3257/3257
f 3258/3258/3258 3260/3260/3260 3259/3259/3259
f 3257/3257/3257 3259/3259/3259 3261/3261/3261
f 3260/3260/3260 3262/3262/3262 3259/3259/3259
f 3259/3259/3259 3263/3263/3263 3261/3261/3261
f 3259/3259/3259 3262/3262/3262 3263/3263/3263
f 3261/3261/3261 3263/3263/3263 3264/3264/3264
f 3263/3263/3263 3265/3265/3265 3264/3264/3264
f 3262/3262/3262 3266/3266/3266 3263/3263/3263
f 3263/3263/3263 3266/3266/3266 3265/3265/3265
f 3262/3262/3262 3267/3267/3267 3266/3266/3266
f 3266/3266/3266 3268/3268/3268 3265/3265/3265
f 3265/3265/3265 3268/3268/3268 3269/3269/3269
f 3267/3267/3267 3270/3270/3270 3266/3266/3266
f 3266/3266/3266 3270/3270/3270 3268/3268/3268
f 3267/3267/3267 3271/3271/3271 3270/3270/3270
f 3268/3268/3268 3272/3272/3272 3269/3269/3269
f 3269/3269/3269 3272/3272/3272 3273/3273/3273
f 3270/3270/3270 3274/3274/3274 3268/3268/3268
f 3268/3268/3268 3274/3274/3274 3272/3272/3272
f 3271/3271/3271 3275/3275/3275 3270/3270/3270
f 3270/3270/3270 3275/3275/3275 3274/3274/3274
f 3271/3271/3271 3276/3276/3276 3275/3275/3275
f 3276/3276/3276 3277/3277/3277 3275/3275/3275
f 3274/3274/3274 3278/3278/3278 3272/3272/3272
f 3272/3272/3272 3278/3278/3278 3273/3273/3273
f 3275/3275/3275 3279/3279/3279 3274/3274/3274
f 3275/3275/3275 3277/3277/3277 3279/3279/3279
f 3274/3274/3274 3279/3279/3279 3278/3278/3278
f 3278/3278/3278 3280/3280/3280 3273/3273/3273
f 3279/3279/3279 3280/3280/3280 3278/3278/3278
f 3277/3277/3277 3281/3281/3281 3279/3279/3279
f 3279/3279/3279 3281/3281/3281 3280/3280/3280
f 3277/3277/3277 3282/3282/3282 3281/3281/3281
f 3282/3282/3282 3283/3283/3283 3281/3281/3281
f 3280/3280/3280 3284/3284/3284 3273/3273/3273
f 3281/3281/3281 3284/3284/3284 3280/3280/3280
f 3281/3281/3281 3283/3283/3283 3284/3284/3284
f 3284/3284/3284 3285/3285/3285 3273/3273/3273
f 3283/3283/3283 3285/3285/3285 3284/3284/3284
f 3288/3288/3288 3287/3287/3287 3286/3286/3286
f 3290/3290/3290 3289/3289/3289 3288/3288/3288
f 3290/3290/3290 3291/3291/3291 3289/3289/3289
f 3290/3290/3290 3292/3292/3292 3291/3291/3291
f 3290/3290/3290 3293/3293/3293 3292/3292/3292
f 3290/3290/3290 3294/3294/3294 3293/3293/3293
f 3293/3293/3293 3294/3294/3294 3295/3295/3295
f 3294/3294/3294 3296/3296/3296 3295/3295/3295
f 3290/3290/3290 3297/3297/3297 3294/3294/3294
f 3294/3294/3294 3297/3297/3297 3296/3296/3296
f 3297/3297/3297 3298/3298/3298 3296/3296/3296
f 3290/3290/3290 3299/3299/3299 3297/3297/3297
f 3297/3297/3297 3299/3299/3299 3298/3298/3298
f 3290/3290/3290 3300/3300/3300 3299/3299/3299
f 3299/3299/3299 3301/3301/3301 3298/3298/3298
f 3299/3299/3299 3300/3300/3300 3301/3301/3301
f 3300/3300/3300 3302/3302/3302 3301/3301/3301
f 3301/3301/3301 3302/3302/3302 3303/3303/3303
f 3302/3302/3302 3304/3304/3304 3303/3303/3303
f 3300/3300/3300 3305/3305/3305 3302/3302/3302
f 3290/3290/3290 3305/3305/3305 3300/3300/3300
f 3302/3302/3302 3306/3306/3306 3304/3304/3304
f 3305/3305/3305 3306/3306/3306 3302/3302/3302
f 3290/3290/3290 3307/3307/3307 3305/3305/3305
f 3305/3305/3305 3307/3307/3307 3306/3306/3306
f 3306/3306/3306 3308/3308/3308 3304/3304/3304
f 3304/3304/3304 3308/3308/3308 3309/3309/3309
f 3308/3308/3308 3310/3310/3310 3309/3309/3309
f 3307/3307/3307 3311/3311/3311 3306/3306/3306
f 3306/3306/3306 3311/3311/3311 3308/3308/3308
f 3308/3308/3308 3312/3312/3312 3310/3310/3310
f 3311/3311/3311 3312/3312/3312 3308/3308/3308
f 3312/3312/3312 3313/3313/3313 3310/3310/3310
f 3310/3310/3310 3313/3313/3313 3314/3314/3314
f 3313/3313/3313 3315/3315/3315 3314/3314/3314
f 3314/3314/3314 3315/3315/3315 3316/3316/3316
f 3315/3315/3315 3317/3317/3317 3316/3316/3316
f 3307/3307/3307 3318/3318/3318 3311/3311/3311
f 3290/3290/3290 3318/3318/3318 3307/3307/3307
f 3311/3311/3311 3319/3319/3319 3312/3312/3312
f 3318/3318/3318 3319/3319/3319 3311/3311/3311
f 3319/3319/3319 3320/3320/3320 3312/3312/3312
f 3318/3318/3318 3321/3321/3321 3319/3319/3319
f 3290/3290/3290 3321/3321/3321 3318/3318/3318
f 3319/3319/3319 3322/3322/3322 3320/3320/3320
f 3321/3321/3321 3322/3322/3322 3319/3319/3319
f 3322/3322/3322 3323/3323/3323 3320/3320/3320
f 3321/3321/3321 3324/3324/3324 3322/3322/3322
f 3290/3290/3290 3324/3324/3324 3321/3321/3321
f 3324/3324/3324 3325/3325/3325 3322/3322/3322
f 3290/3290/3290 3326/3326/3326 3324/3324/3324
f 3324/3324/3324 3326/3326/3326 3325/3325/3325
f 3290/3290/3290 3327/3327/3327 3326/3326/3326
f 3326/3326/3326 3328/3328/3328 3325/3325/3325
f 3326/3326/3326 3327/3327/3327 3328/3328/3328
f 3331/3331/3331 3330/3330/3330 3329/3329/3329
f 3333/3333/3333 3332/3332/3332 3330/3330/3330
f 3336/3336/3336 3335/3335/3335 3334/3334/3334
f 3334/3334/3334 3338/3338/3338 3337/3337/3337
f 3339/3339/3339 3334/3334/3334 3337/3337/3337
f 3339/3339/3339 3337/3337/3337 3340/3340/3340
f 3341/3341/3341 3339/3339/3339 3340/3340/3340
f 3341/3341/3341 3340/3340/3340 3342/3342/3342
f 3343/3343/3343 3341/3341/3341 3342/3342/3342
f 3345/3345/3345 3343/3343/3343 3344/3344/3344
f 3346/3346/3346 3345/3345/3345 3344/3344/3344
f 3346/3346/3346 3344/3344/3344 3347/3347/3347
f 3348/3348/3348 3346/3346/3346 3347/3347/3347
f 3348/3348/3348 3347/3347/3347 3349/3349/3349
f 3350/3350/3350 3348/3348/3348 3349/3349/3349
f 3353/3353/3353 3352/3352/3352 3351/3351/3351
f 3356/3356/3356 3355/3355/3355 3354/3354/3354
f 3354/3354/3354 3358/3358/3358 3357/3357/3357
f 3359/3359/3359 3354/3354/3354 3357/3357/3357
f 3357/3357/3357 3358/3358/3358 3360/3360/3360
f 3358/3358/3358 3361/3361/3361 3360/3360/3360
f 3359/3359/3359 3357/3357/3357 3362/3362/3362
f 3363/3363/3363 3359/3359/3359 3362/3362/3362
f 3366/3366/3366 3365/3365/3365 3364/3364/3364
f 3365/3365/3365 3367/3367/3367 3364/3364/3364
f 3365/3365/3365 3368/3368/3368 3367/3367/3367
f 3368/3368/3368 3369/3369/3369 3367/3367/3367
f 3368/3368/3368 3370/3370/3370 3369/3369/3369
f 3370/3370/3370 3371/3371/3371 3369/3369/3369
f 3370/3370/3370 3372/3372/3372 3371/3371/3371
f 3372/3372/3372 3373/3373/3373 3371/3371/3371
f 3372/3372/3372 3374/3374/3374 3373/3373/3373
f 3374/3374/3374 3375/3375/3375 3373/3373/3373
f 3378/3378/3378 3377/3377/3377 3376/3376/3376
f 3379/3379/3379 3378/3378/3378 3376/3376/3376
f 3379/3379/3379 3376/3376/3376 3380/3380/3380
f 3381/3381/3381 3379/3379/3379 3380/3380/3380
f 3381/3381/3381 3380/3380/3380 3382/3382/3382
f 3383/3383/3383 3381/3381/3381 3382/3382/3382
f 3384/3384/3384 3378/3378/3378 3379/3379/3379
f 3385/3385/3385 3379/3379/3379 3381/3381/3381
f 3385/3385/3385 3384/3384/3384 3379/3379/3379
f 3386/3386/3386 3384/3384/3384 3385/3385/3385
f 3386/3386/3386 3385/3385/3385 3387/3387/3387
f 3387/3387/3387 3385/3385/3385 3381/3381/3381
f 3387/3387/3387 3381/3381/3381 3383/3383/3383
f 3384/3384/3384 3388/3388/3388 3378/3378/3378
f 3386/3386/3386 3388/3388/3388 3384/3384/3384
f 3388/3388/3388 3389/3389/3389 3378/3378/3378
f 3390/3390/3390 3387/3387/3387 3383/3383/3383
f 3386/3386/3386 3387/3387/3387 3390/3390/3390
f 3390/3390/3390 3383/3383/3383 3391/3391/3391
f 3388/3388/3388 3392/3392/3392 3389/3389/3389
f 3386/3386/3386 3392/3392/3392 3388/3388/3388
f 3392/3392/3392 3393/3393/3393 3389/3389/3389
f 3394/3394/3394 3390/3390/3390 3391/3391/3391
f 3386/3386/3386 3390/3390/3390 3394/3394/3394
f 3394/3394/3394 3391/3391/3391 3395/3395/3395
f 3392/3392/3392 3396/3396/3396 3393/3393/3393
f 3386/3386/3386 3396/3396/3396 3392/3392/3392
f 3396/3396/3396 3397/3397/3397 3393/3393/3393
f 3386/3386/3386 3398/3398/3398 3396/3396/3396
f 3386/3386/3386 3399/3399/3399 3398/3398/3398
f 3386/3386/3386 3400/3400/3400 3399/3399/3399
f 3386/3386/3386 3401/3401/3401 3400/3400/3400
f 3386/3386/3386 3402/3402/3402 3401/3401/3401
f 3386/3386/3386 3403/3403/3403 3402/3402/3402
f 3386/3386/3386 3404/3404/3404 3403/3403/3403
f 3386/3386/3386 3405/3405/3405 3404/3404/3404
f 3404/3404/3404 3405/3405/3405 3406/3406/3406
f 3386/3386/3386 3394/3394/3394 3407/3407/3407
f 3407/3407/3407 3394/3394/3394 3395/3395/3395
f 3386/3386/3386 3407/3407/3407 3408/3408/3408
f 3407/3407/3407 3395/3395/3395 3409/3409/3409
f 3408/3408/3408 3407/3407/3407 3409/3409/3409
f 3408/3408/3408 3409/3409/3409 3410/3410/3410
f 3413/3413/3413 3412/3412/3412 3411/3411/3411
f 3414/3414/3414 3413/3413/3413 3411/3411/3411
f 3414/3414/3414 3411/3411/3411 3415/3415/3415
f 3416/3416/3416 3414/3414/3414 3415/3415/3415
f 3415/3415/3415 3411/3411/3411 3417/3417/3417
f 3411/3411/3411 3418/3418/3418 3417/3417/3417
f 3415/3415/3415 3417/3417/3417 3419/3419/3419
f 3416/3416/3416 3415/3415/3415 3420/3420/3420
f 3420/3420/3420 3415/3415/3415 3419/3419/3419
f 3421/3421/3421 3416/3416/3416 3420/3420/3420
f 3420/3420/3420 3419/3419/3419 3422/3422/3422
f 3421/3421/3421 3420/3420/3420 3423/3423/3423
f 3423/3423/3423 3420/3420/3420 3422/3422/3422
f 3424/3424/3424 3421/3421/3421 3423/3423/3423
f 3425/3425/3425 3421/3421/3421 3424/3424/3424
f 3424/3424/3424 3423/3423/3423 3426/3426/3426
f 3426/3426/3426 3423/3423/3423 3427/3427/3427
f 3423/3423/3423 3422/3422/3422 3427/3427/3427
f 3426/3426/3426 3427/3427/3427 3428/3428/3428
f 3428/3428/3428 3427/3427/3427 3429/3429/3429
f 3422/3422/3422 3419/3419/3419 3430/3430/3430
f 3419/3419/3419 3431/3431/3431 3430/3430/3430
f 3427/3427/3427 3422/3422/3422 3432/3432/3432
f 3422/3422/3422 3430/3430/3430 3432/3432/3432
f 3427/3427/3427 3432/3432/3432 3429/3429/3429
f 3432/3432/3432 3430/3430/3430 3433/3433/3433
f 3430/3430/3430 3434/3434/3434 3433/3433/3433
f 3432/3432/3432 3433/3433/3433 3435/3435/3435
f 3429/3429/3429 3432/3432/3432 3435/3435/3435
f 3429/3429/3429 3435/3435/3435 3436/3436/3436
f 3437/3437/3437 3429/3429/3429 3436/3436/3436
f 3436/3436/3436 3435/3435/3435 3438/3438/3438
f 3441/3441/3441 3440/3440/3440 3439/3439/3439
f 3440/3440/3440 3442/3442/3442 3439/3439/3439
f 3440/3440/3440 3443/3443/3443 3442/3442/3442
f 3443/3443/3443 3444/3444/3444 3442/3442/3442
f 3442/3442/3442 3444/3444/3444 3445/3445/3445
f 3444/3444/3444 3446/3446/3446 3445/3445/3445
f 3443/3443/3443 3447/3447/3447 3444/3444/3444
f 3448/3448/3448 3447/3447/3447 3443/3443/3443
f 3448/3448/3448 3449/3449/3449 3447/3447/3447
f 3444/3444/3444 3450/3450/3450 3446/3446/3446
f 3447/3447/3447 3450/3450/3450 3444/3444/3444
f 3449/3449/3449 3451/3451/3451 3447/3447/3447
f 3447/3447/3447 3451/3451/3451 3450/3450/3450
f 3449/3449/3449 3452/3452/3452 3451/3451/3451
f 3452/3452/3452 3453/3453/3453 3451/3451/3451
f 3450/3450/3450 3454/3454/3454 3446/3446/3446
f 3446/3446/3446 3454/3454/3454 3455/3455/3455
f 3454/3454/3454 3456/3456/3456 3455/3455/3455
f 3451/3451/3451 3457/3457/3457 3450/3450/3450
f 3451/3451/3451 3453/3453/3453 3457/3457/3457
f 3450/3450/3450 3457/3457/3457 3454/3454/3454
f 3454/3454/3454 3458/3458/3458 3456/3456/3456
f 3457/3457/3457 3458/3458/3458 3454/3454/3454
f 3458/3458/3458 3459/3459/3459 3456/3456/3456
f 3453/3453/3453 3460/3460/3460 3457/3457/3457
f 3457/3457/3457 3460/3460/3460 3458/3458/3458
f 3453/3453/3453 3461/3461/3461 3460/3460/3460
f 3461/3461/3461 3462/3462/3462 3460/3460/3460
f 3460/3460/3460 3463/3463/3463 3458/3458/3458
f 3458/3458/3458 3463/3463/3463 3459/3459/3459
f 3460/3460/3460 3462/3462/3462 3463/3463/3463
f 3463/3463/3463 3464/3464/3464 3459/3459/3459
f 3459/3459/3459 3464/3464/3464 3465/3465/3465
f 3462/3462/3462 3466/3466/3466 3463/3463/3463
f 3463/3463/3463 3466/3466/3466 3464/3464/3464
f 3462/3462/3462 3467/3467/3467 3466/3466/3466
f 3467/3467/3467 3468/3468/3468 3466/3466/3466
f 3466/3466/3466 3468/3468/3468 3469/3469/3469
f 3466/3466/3466 3469/3469/3469 3464/3464/3464
f 3468/3468/3468 3470/3470/3470 3469/3469/3469
f 3469/3469/3469 3470/3470/3470 3471/3471/3471
f 3464/3464/3464 3472/3472/3472 3465/3465/3465
f 3464/3464/3464 3469/3469/3469 3472/3472/3472
f 3469/3469/3469 3471/3471/3471 3472/3472/3472
f 3465/3465/3465 3472/3472/3472 3473/3473/3473
f 3472/3472/3472 3474/3474/3474 3473/3473/3473
f 3472/3472/3472 3471/3471/3471 3474/3474/3474
f 3471/3471/3471 3475/3475/3475 3474/3474/3474
f 3478/3478/3478 3477/3477/3477 3476/3476/3476
f 3477/3477/3477 3479/3479/3479 3476/3476/3476
f 3476/3476/3476 3479/3479/3479 3480/3480/3480
f 3479/3479/3479 3481/3481/3481 3480/3480/3480
f 3477/3477/3477 3482/3482/3482 3479/3479/3479
f 3479/3479/3479 3483/3483/3483 3481/3481/3481
f 3482/3482/3482 3483/3483/3483 3479/3479/3479
f 3482/3482/3482 3484/3484/3484 3483/3483/3483
f 3484/3484/3484 3485/3485/3485 3483/3483/3483
f 3484/3484/3484 3486/3486/3486 3485/3485/3485
f 3486/3486/3486 3487/3487/3487 3485/3485/3485
f 3488/3488/3488 3486/3486/3486 3484/3484/3484
f 3489/3489/3489 3488/3488/3488 3484/3484/3484
f 3488/3488/3488 3490/3490/3490 3486/3486/3486
f 3490/3490/3490 3491/3491/3491 3486/3486/3486
f 3486/3486/3486 3491/3491/3491 3487/3487/3487
f 3490/3490/3490 3492/3492/3492 3491/3491/3491
f 3491/3491/3491 3493/3493/3493 3487/3487/3487
f 3487/3487/3487 3493/3493/3493 3494/3494/3494
f 3493/3493/3493 3495/3495/3495 3494/3494/3494
f 3492/3492/3492 3496/3496/3496 3491/3491/3491
f 3491/3491/3491 3496/3496/3496 3493/3493/3493
f 3492/3492/3492 3497/3497/3497 3496/3496/3496
f 3496/3496/3496 3498/3498/3498 3493/3493/3493
f 3497/3497/3497 3499/3499/3499 3496/3496/3496
f 3496/3496/3496 3499/3499/3499 3498/3498/3498
f 3497/3497/3497 3500/3500/3500 3499/3499/3499
f 3499/3499/3499 3501/3501/3501 3498/3498/3498
f 3500/3500/3500 3502/3502/3502 3499/3499/3499
f 3499/3499/3499 3502/3502/3502 3501/3501/3501
f 3500/3500/3500 3503/3503/3503 3502/3502/3502
f 3502/3502/3502 3504/3504/3504 3501/3501/3501
f 3503/3503/3503 3505/3505/3505 3502/3502/3502
f 3502/3502/3502 3505/3505/3505 3504/3504/3504
f 3505/3505/3505 3506/3506/3506 3504/3504/3504
f 3503/3503/3503 3507/3507/3507 3505/3505/3505
f 3507/3507/3507 3508/3508/3508 3505/3505/3505
f 3511/3511/3511 3510/3510/3510 3509/3509/3509
f 3512/3512/3512 3511/3511/3511 3509/3509/3509
f 3512/3512/3512 3509/3509/3509 3513/3513/3513
f 3514/3514/3514 3511/3511/3511 3512/3512/3512
f 3515/3515/3515 3512/3512/3512 3513/3513/3513
f 3515/3515/3515 3513/3513/3513 3516/3516/3516
f 3517/3517/3517 3514/3514/3514 3512/3512/3512
f 3517/3517/3517 3512/3512/3512 3515/3515/3515
f 3518/3518/3518 3514/3514/3514 3517/3517/3517
f 3519/3519/3519 3515/3515/3515 3516/3516/3516
f 3519/3519/3519 3516/3516/3516 3520/3520/3520
f 3521/3521/3521 3517/3517/3517 3515/3515/3515
f 3521/3521/3521 3515/3515/3515 3519/3519/3519
f 3522/3522/3522 3518/3518/3518 3517/3517/3517
f 3522/3522/3522 3517/3517/3517 3521/3521/3521
f 3523/3523/3523 3518/3518/3518 3522/3522/3522
f 3524/3524/3524 3519/3519/3519 3520/3520/3520
f 3524/3524/3524 3520/3520/3520 3525/3525/3525
f 3526/3526/3526 3521/3521/3521 3519/3519/3519
f 3526/3526/3526 3519/3519/3519 3524/3524/3524
f 3527/3527/3527 3522/3522/3522 3521/3521/3521
f 3527/3527/3527 3521/3521/3521 3526/3526/3526
f 3528/3528/3528 3524/3524/3524 3525/3525/3525
f 3528/3528/3528 3525/3525/3525 3529/3529/3529
f 3530/3530/3530 3526/3526/3526 3524/3524/3524
f 3530/3530/3530 3524/3524/3524 3528/3528/3528
f 3531/3531/3531 3528/3528/3528 3529/3529/3529
f 3531/3531/3531 3529/3529/3529 3532/3532/3532
f 3533/3533/3533 3531/3531/3531 3532/3532/3532
f 3534/3534/3534 3531/3531/3531 3533/3533/3533
f 3535/3535/3535 3528/3528/3528 3531/3531/3531
f 3534/3534/3534 3535/3535/3535 3531/3531/3531
f 3535/3535/3535 3530/3530/3530 3528/3528/3528
f 3536/3536/3536 3526/3526/3526 3530/3530/3530
f 3536/3536/3536 3527/3527/3527 3526/3526/3526
f 3537/3537/3537 3522/3522/3522 3527/3527/3527
f 3537/3537/3537 3523/3523/3523 3522/3522/3522
f 3538/3538/3538 3535/3535/3535 3534/3534/3534
f 3539/3539/3539 3538/3538/3538 3534/3534/3534
f 3540/3540/3540 3538/3538/3538 3539/3539/3539
f 3541/3541/3541 3530/3530/3530 3535/3535/3535
f 3538/3538/3538 3541/3541/3541 3535/3535/3535
f 3541/3541/3541 3536/3536/3536 3530/3530/3530
f 3542/3542/3542 3527/3527/3527 3536/3536/3536
f 3542/3542/3542 3537/3537/3537 3527/3527/3527
f 3543/3543/3543 3541/3541/3541 3538/3538/3538
f 3540/3540/3540 3543/3543/3543 3538/3538/3538
f 3544/3544/3544 3536/3536/3536 3541/3541/3541
f 3544/3544/3544 3542/3542/3542 3536/3536/3536
f 3543/3543/3543 3544/3544/3544 3541/3541/3541
f 3545/3545/3545 3523/3523/3523 3537/3537/3537
f 3545/3545/3545 3546/3546/3546 3523/3523/3523
f 3546/3546/3546 3547/3547/3547 3523/3523/3523
f 3548/3548/3548 3545/3545/3545 3537/3537/3537
f 3548/3548/3548 3537/3537/3537 3542/3542/3542
f 3549/3549/3549 3548/3548/3548 3542/3542/3542
f 3549/3549/3549 3542/3542/3542 3544/3544/3544
f 3550/3550/3550 3548/3548/3548 3549/3549/3549
f 3551/3551/3551 3544/3544/3544 3543/3543/3543
f 3551/3551/3551 3549/3549/3549 3544/3544/3544
f 3552/3552/3552 3550/3550/3550 3549/3549/3549
f 3552/3552/3552 3549/3549/3549 3551/3551/3551
f 3553/3553/3553 3550/3550/3550 3552/3552/3552
f 3554/3554/3554 3553/3553/3553 3552/3552/3552
f 3554/3554/3554 3552/3552/3552 3555/3555/3555
f 3555/3555/3555 3552/3552/3552 3551/3551/3551
f 3556/3556/3556 3554/3554/3554 3555/3555/3555
f 3557/3557/3557 3551/3551/3551 3543/3543/3543
f 3555/3555/3555 3551/3551/3551 3557/3557/3557
f 3557/3557/3557 3543/3543/3543 3540/3540/3540
f 3556/3556/3556 3555/3555/3555 3558/3558/3558
f 3558/3558/3558 3555/3555/3555 3557/3557/3557
f 3559/3559/3559 3557/3557/3557 3540/3540/3540
f 3558/3558/3558 3557/3557/3557 3559/3559/3559
f 3559/3559/3559 3540/3540/3540 3560/3560/3560
f 3561/3561/3561 3556/3556/3556 3558/3558/3558
f 3562/3562/3562 3556/3556/3556 3561/3561/3561
f 3563/3563/3563 3562/3562/3562 3561/3561/3561
f 3564/3564/3564 3559/3559/3559 3560/3560/3560
f 3564/3564/3564 3560/3560/3560 3565/3565/3565
f 3566/3566/3566 3558/3558/3558 3559/3559/3559
f 3561/3561/3561 3558/3558/3558 3566/3566/3566
f 3566/3566/3566 3559/3559/3559 3564/3564/3564
f 3563/3563/3563 3561/3561/3561 3567/3567/3567
f 3567/3567/3567 3561/3561/3561 3566/3566/3566
f 3568/3568/3568 3566/3566/3566 3564/3564/3564
f 3567/3567/3567 3566/3566/3566 3568/3568/3568
f 3569/3569/3569 3564/3564/3564 3565/3565/3565
f 3568/3568/3568 3564/3564/3564 3569/3569/3569
f 3570/3570/3570 3563/3563/3563 3567/3567/3567
f 3571/3571/3571 3563/3563/3563 3570/3570/3570
f 3572/3572/3572 3571/3571/3571 3570/3570/3570
f 3569/3569/3569 3565/3565/3565 3573/3573/3573
f 3573/3573/3573 3565/3565/3565 3574/3574/3574
f 3575/3575/3575 3569/3569/3569 3573/3573/3573
f 3576/3576/3576 3568/3568/3568 3569/3569/3569
f 3576/3576/3576 3569/3569/3569 3575/3575/3575
f 3577/3577/3577 3567/3567/3567 3568/3568/3568
f 3570/3570/3570 3567/3567/3567 3577/3577/3577
f 3577/3577/3577 3568/3568/3568 3576/3576/3576
f 3572/3572/3572 3570/3570/3570 3578/3578/3578
f 3578/3578/3578 3570/3570/3570 3577/3577/3577
f 3579/3579/3579 3572/3572/3572 3578/3578/3578
f 3580/3580/3580 3577/3577/3577 3576/3576/3576
f 3578/3578/3578 3577/3577/3577 3580/3580/3580
f 3579/3579/3579 3578/3578/3578 3581/3581/3581
f 3581/3581/3581 3578/3578/3578 3580/3580/3580
f 3582/3582/3582 3579/3579/3579 3581/3581/3581
f 3583/3583/3583 3576/3576/3576 3575/3575/3575
f 3580/3580/3580 3576/3576/3576 3583/3583/3583
f 3581/3581/3581 3580/3580/3580 3584/3584/3584
f 3584/3584/3584 3580/3580/3580 3583/3583/3583
f 3585/3585/3585 3581/3581/3581 3584/3584/3584
f 3583/3583/3583 3575/3575/3575 3586/3586/3586
f 3586/3586/3586 3575/3575/3575 3587/3587/3587
f 3584/3584/3584 3583/3583/3583 3588/3588/3588
f 3588/3588/3588 3583/3583/3583 3586/3586/3586
f 3589/3589/3589 3584/3584/3584 3588/3588/3588
f 3589/3589/3589 3588/3588/3588 3590/3590/3590
f 3591/3591/3591 3589/3589/3589 3590/3590/3590
f 3590/3590/3590 3588/3588/3588 3592/3592/3592
f 3588/3588/3588 3586/3586/3586 3592/3592/3592
f 3586/3586/3586 3587/3587/3587 3593/3593/3593
f 3592/3592/3592 3586/3586/3586 3593/3593/3593
f 3593/3593/3593 3587/3587/3587 3594/3594/3594
f 3593/3593/3593 3594/3594/3594 3595/3595/3595
f 3596/3596/3596 3593/3593/3593 3595/3595/3595
f 3592/3592/3592 3593/3593/3593 3596/3596/3596
f 3597/3597/3597 3592/3592/3592 3596/3596/3596
f 3600/3600/3600 3599/3599/3599 3598/3598/3598
f 3599/3599/3599 3601/3601/3601 3598/3598/3598
f 3598/3598/3598 3601/3601/3601 3602/3602/3602
f 3599/3599/3599 3603/3603/3603 3601/3601/3601
f 3604/3604/3604 3603/3603/3603 3599/3599/3599
f 3605/3605/3605 3604/3604/3604 3599/3599/3599
f 3604/3604/3604 3606/3606/3606 3603/3603/3603
f 3606/3606/3606 3607/3607/3607 3603/3603/3603
f 3606/3606/3606 3608/3608/3608 3607/3607/3607
f 3603/3603/3603 3609/3609/3609 3601/3601/3601
f 3603/3603/3603 3607/3607/3607 3609/3609/3609
f 3601/3601/3601 3610/3610/3610 3602/3602/3602
f 3601/3601/3601 3609/3609/3609 3610/3610/3610
f 3602/3602/3602 3610/3610/3610 3611/3611/3611
f 3612/3612/3612 3602/3602/3602 3611/3611/3611
f 3613/3613/3613 3612/3612/3612 3611/3611/3611
f 3614/3614/3614 3613/3613/3613 3611/3611/3611
f 3615/3615/3615 3614/3614/3614 3611/3611/3611
f 3616/3616/3616 3615/3615/3615 3611/3611/3611
f 3617/3617/3617 3616/3616/3616 3611/3611/3611
f 3618/3618/3618 3617/3617/3617 3611/3611/3611
f 3619/3619/3619 3618/3618/3618 3611/3611/3611
f 3620/3620/3620 3619/3619/3619 3611/3611/3611
f 3621/3621/3621 3620/3620/3620 3611/3611/3611
f 3622/3622/3622 3621/3621/3621 3611/3611/3611
f 3623/3623/3623 3622/3622/3622 3611/3611/3611
f 3624/3624/3624 3623/3623/3623 3611/3611/3611
f 3625/3625/3625 3624/3624/3624 3611/3611/3611
f 3626/3626/3626 3625/3625/3625 3611/3611/3611
f 3627/3627/3627 3626/3626/3626 3611/3611/3611
f 3628/3628/3628 3627/3627/3627 3611/3611/3611
f 3629/3629/3629 3628/3628/3628 3611/3611/3611
f 3630/3630/3630 3629/3629/3629 3611/3611/3611
f 3631/3631/3631 3629/3629/3629 3630/3630/3630
f 3632/3632/3632 3631/3631/3631 3630/3630/3630
f 3632/3632/3632 3630/3630/3630 3633/3633/3633
f 3633/3633/3633 3630/3630/3630 3611/3611/3611
f 3634/3634/3634 3632/3632/3632 3633/3633/3633
f 3610/3610/3610 3635/3635/3635 3611/3611/3611
f 3609/3609/3609 3635/3635/3635 3610/3610/3610
f 3609/3609/3609 3636/3636/3636 3635/3635/3635
f 3607/3607/3607 3636/3636/3636 3609/3609/3609
f 3635/3635/3635 3637/3637/3637 3611/3611/3611
f 3636/3636/3636 3637/3637/3637 3635/3635/3635
f 3607/3607/3607 3638/3638/3638 3636/3636/3636
f 3608/3608/3608 3638/3638/3638 3607/3607/3607
f 3608/3608/3608 3639/3639/3639 3638/3638/3638
f 3636/3636/3636 3640/3640/3640 3637/3637/3637
f 3638/3638/3638 3640/3640/3640 3636/3636/3636
f 3639/3639/3639 3641/3641/3641 3638/3638/3638
f 3638/3638/3638 3641/3641/3641 3640/3640/3640
f 3639/3639/3639 3642/3642/3642 3641/3641/3641
f 3642/3642/3642 3643/3643/3643 3641/3641/3641
f 3641/3641/3641 3643/3643/3643 3644/3644/3644
f 3641/3641/3641 3644/3644/3644 3640/3640/3640
f 3643/3643/3643 3645/3645/3645 3644/3644/3644
f 3640/3640/3640 3646/3646/3646 3637/3637/3637
f 3640/3640/3640 3644/3644/3644 3646/3646/3646
f 3637/3637/3637 3646/3646/3646 3611/3611/3611
f 3644/3644/3644 3647/3647/3647 3646/3646/3646
f 3644/3644/3644 3645/3645/3645 3647/3647/3647
f 3646/3646/3646 3647/3647/3647 3611/3611/3611
f 3645/3645/3645 3648/3648/3648 3647/3647/3647
f 3647/3647/3647 3648/3648/3648 3611/3611/3611
f 3645/3645/3645 3649/3649/3649 3648/3648/3648
f 3648/3648/3648 3650/3650/3650 3611/3611/3611
f 3649/3649/3649 3650/3650/3650 3648/3648/3648
f 3653/3653/3653 3652/3652/3652 3651/3651/3651
f 3652/3652/3652 3654/3654/3654 3651/3651/3651
f 3651/3651/3651 3654/3654/3654 3655/3655/3655
f 3654/3654/3654 3656/3656/3656 3655/3655/3655
f 3659/3659/3659 3658/3658/3658 3657/3657/3657
f 3660/3660/3660 3659/3659/3659 3657/3657/3657
f 3663/3663/3663 3662/3662/3662 3661/3661/3661
f 3662/3662/3662 3664/3664/3664 3661/3661/3661
f 3661/3661/3661 3664/3664/3664 3665/3665/3665
f 3664/3664/3664 3666/3666/3666 3665/3665/3665
f 3664/3664/3664 3667/3667/3667 3666/3666/3666
f 3667/3667/3667 3668/3668/3668 3666/3666/3666
f 3662/3662/3662 3669/3669/3669 3664/3664/3664
f 3669/3669/3669 3667/3667/3667 3664/3664/3664
f 3667/3667/3667 3670/3670/3670 3668/3668/3668
f 3670/3670/3670 3671/3671/3671 3668/3668/3668
f 3672/3672/3672 3670/3670/3670 3667/3667/3667
f 3669/3669/3669 3672/3672/3672 3667/3667/3667
f 3673/3673/3673 3669/3669/3669 3662/3662/3662
f 3674/3674/3674 3673/3673/3673 3662/3662/3662
f 3675/3675/3675 3672/3672/3672 3669/3669/3669
f 3673/3673/3673 3675/3675/3675 3669/3669/3669
f 3675/3675/3675 3676/3676/3676 3672/3672/3672
f 3677/3677/3677 3675/3675/3675 3673/3673/3673
f 3678/3678/3678 3677/3677/3677 3673/3673/3673
f 3677/3677/3677 3679/3679/3679 3675/3675/3675
f 3682/3682/3682 3681/3681/3681 3680/3680/3680
f 3681/3681/3681 3683/3683/3683 3680/3680/3680
f 3680/3680/3680 3683/3683/3683 3684/3684/3684
f 3681/3681/3681 3685/3685/3685 3683/3683/3683
f 3683/3683/3683 3686/3686/3686 3684/3684/3684
f 3685/3685/3685 3687/3687/3687 3683/3683/3683
f 3683/3683/3683 3687/3687/3687 3686/3686/3686
f 3685/3685/3685 3688/3688/3688 3687/3687/3687
f 3687/3687/3687 3689/3689/3689 3686/3686/3686
f 3686/3686/3686 3689/3689/3689 3690/3690/3690
f 3688/3688/3688 3691/3691/3691 3687/3687/3687
f 3687/3687/3687 3691/3691/3691 3689/3689/3689
f 3688/3688/3688 3692/3692/3692 3691/3691/3691
f 3692/3692/3692 3693/3693/3693 3691/3691/3691
f 3691/3691/3691 3693/3693/3693 3694/3694/3694
f 3691/3691/3691 3694/3694/3694 3689/3689/3689
f 3693/3693/3693 3695/3695/3695 3694/3694/3694
f 3689/3689/3689 3696/3696/3696 3690/3690/3690
f 3689/3689/3689 3694/3694/3694 3696/3696/3696
f 3690/3690/3690 3696/3696/3696 3697/3697/3697
f 3694/3694/3694 3695/3695/3695 3698/3698/3698
f 3694/3694/3694 3698/3698/3698 3696/3696/3696
f 3695/3695/3695 3699/3699/3699 3698/3698/3698
f 3696/3696/3696 3698/3698/3698 3700/3700/3700
f 3696/3696/3696 3700/3700/3700 3697/3697/3697
f 3698/3698/3698 3701/3701/3701 3700/3700/3700
f 3697/3697/3697 3700/3700/3700 3702/3702/3702
f 3697/3697/3697 3702/3702/3702 3703/3703/3703
f 3703/3703/3703 3702/3702/3702 3704/3704/3704
f 3700/3700/3700 3701/3701/3701 3705/3705/3705
f 3700/3700/3700 3705/3705/3705 3702/3702/3702
f 3701/3701/3701 3706/3706/3706 3705/3705/3705
f 3702/3702/3702 3707/3707/3707 3704/3704/3704
f 3702/3702/3702 3705/3705/3705 3707/3707/3707
f 3705/3705/3705 3708/3708/3708 3707/3707/3707
f 3704/3704/3704 3707/3707/3707 3709/3709/3709
f 3707/3707/3707 3710/3710/3710 3709/3709/3709
f 3713/3713/3713 3712/3712/3712 3711/3711/3711
f 3712/3712/3712 3714/3714/3714 3711/3711/3711
f 3712/3712/3712 3715/3715/3715 3714/3714/3714
f 3715/3715/3715 3716/3716/3716 3714/3714/3714
f 3714/3714/3714 3716/3716/3716 3717/3717/3717
f 3718/3718/3718 3715/3715/3715 3712/3712/3712
f 3719/3719/3719 3718/3718/3718 3712/3712/3712
f 3718/3718/3718 3720/3720/3720 3715/3715/3715
f 3721/3721/3721 3720/3720/3720 3718/3718/3718
f 3716/3716/3716 3722/3722/3722 3717/3717/3717
f 3717/3717/3717 3722/3722/3722 3723/3723/3723
f 3722/3722/3722 3724/3724/3724 3723/3723/3723
f 3715/3715/3715 3725/3725/3725 3716/3716/3716
f 3720/3720/3720 3725/3725/3725 3715/3715/3715
f 3716/3716/3716 3726/3726/3726 3722/3722/3722
f 3725/3725/3725 3726/3726/3726 3716/3716/3716
f 3722/3722/3722 3727/3727/3727 3724/3724/3724
f 3726/3726/3726 3727/3727/3727 3722/3722/3722
f 3727/3727/3727 3728/3728/3728 3724/3724/3724
f 3724/3724/3724 3728/3728/3728 3729/3729/3729
f 3728/3728/3728 3730/3730/3730 3729/3729/3729
f 3728/3728/3728 3731/3731/3731 3730/3730/3730
f 3731/3731/3731 3732/3732/3732 3730/3730/3730
f 3727/3727/3727 3733/3733/3733 3728/3728/3728
f 3733/3733/3733 3731/3731/3731 3728/3728/3728
f 3726/3726/3726 3734/3734/3734 3727/3727/3727
f 3734/3734/3734 3733/3733/3733 3727/3727/3727
f 3725/3725/3725 3735/3735/3735 3726/3726/3726
f 3735/3735/3735 3734/3734/3734 3726/3726/3726
f 3720/3720/3720 3736/3736/3736 3725/3725/3725
f 3736/3736/3736 3735/3735/3735 3725/3725/3725
f 3737/3737/3737 3736/3736/3736 3720/3720/3720
f 3721/3721/3721 3737/3737/3737 3720/3720/3720
f 3731/3731/3731 3738/3738/3738 3732/3732/3732
f 3733/3733/3733 3739/3739/3739 3731/3731/3731
f 3739/3739/3739 3738/3738/3738 3731/3731/3731
f 3734/3734/3734 3740/3740/3740 3733/3733/3733
f 3740/3740/3740 3739/3739/3739 3733/3733/3733
f 3735/3735/3735 3741/3741/3741 3734/3734/3734
f 3741/3741/3741 3740/3740/3740 3734/3734/3734
f 3736/3736/3736 3742/3742/3742 3735/3735/3735
f 3742/3742/3742 3741/3741/3741 3735/3735/3735
f 3737/3737/3737 3743/3743/3743 3736/3736/3736
f 3743/3743/3743 3742/3742/3742 3736/3736/3736
f 3738/3738/3738 3744/3744/3744 3732/3732/3732
f 3732/3732/3732 3744/3744/3744 3745/3745/3745
f 3744/3744/3744 3746/3746/3746 3745/3745/3745
f 3744/3744/3744 3747/3747/3747 3746/3746/3746
f 3747/3747/3747 3748/3748/3748 3746/3746/3746
f 3738/3738/3738 3749/3749/3749 3744/3744/3744
f 3749/3749/3749 3747/3747/3747 3744/3744/3744
f 3747/3747/3747 3750/3750/3750 3748/3748/3748
f 3750/3750/3750 3751/3751/3751 3748/3748/3748
f 3752/3752/3752 3749/3749/3749 3738/3738/3738
f 3739/3739/3739 3752/3752/3752 3738/3738/3738
f 3749/3749/3749 3753/3753/3753 3747/3747/3747
f 3753/3753/3753 3750/3750/3750 3747/3747/3747
f 3750/3750/3750 3754/3754/3754 3751/3751/3751
f 3754/3754/3754 3755/3755/3755 3751/3751/3751
f 3754/3754/3754 3756/3756/3756 3755/3755/3755
f 3756/3756/3756 3757/3757/3757 3755/3755/3755
f 3758/3758/3758 3756/3756/3756 3754/3754/3754
f 3759/3759/3759 3754/3754/3754 3750/3750/3750
f 3753/3753/3753 3759/3759/3759 3750/3750/3750
f 3759/3759/3759 3758/3758/3758 3754/3754/3754
f 3760/3760/3760 3753/3753/3753 3749/3749/3749
f 3752/3752/3752 3760/3760/3760 3749/3749/3749
f 3761/3761/3761 3752/3752/3752 3739/3739/3739
f 3740/3740/3740 3761/3761/3761 3739/3739/3739
f 3762/3762/3762 3759/3759/3759 3753/3753/3753
f 3760/3760/3760 3762/3762/3762 3753/3753/3753
f 3763/3763/3763 3758/3758/3758 3759/3759/3759
f 3762/3762/3762 3763/3763/3763 3759/3759/3759
f 3764/3764/3764 3760/3760/3760 3752/3752/3752
f 3761/3761/3761 3764/3764/3764 3752/3752/3752
f 3765/3765/3765 3761/3761/3761 3740/3740/3740
f 3741/3741/3741 3765/3765/3765 3740/3740/3740
f 3766/3766/3766 3762/3762/3762 3760/3760/3760
f 3764/3764/3764 3766/3766/3766 3760/3760/3760
f 3767/3767/3767 3764/3764/3764 3761/3761/3761
f 3765/3765/3765 3767/3767/3767 3761/3761/3761
f 3768/3768/3768 3765/3765/3765 3741/3741/3741
f 3742/3742/3742 3768/3768/3768 3741/3741/3741
f 3763/3763/3763 3769/3769/3769 3758/3758/3758
f 3769/3769/3769 3770/3770/3770 3758/3758/3758
f 3771/3771/3771 3763/3763/3763 3762/3762/3762
f 3766/3766/3766 3771/3771/3771 3762/3762/3762
f 3772/3772/3772 3766/3766/3766 3764/3764/3764
f 3767/3767/3767 3772/3772/3772 3764/3764/3764
f 3773/3773/3773 3767/3767/3767 3765/3765/3765
f 3768/3768/3768 3773/3773/3773 3765/3765/3765
f 3774/3774/3774 3768/3768/3768 3742/3742/3742
f 3743/3743/3743 3774/3774/3774 3742/3742/3742
f 3775/3775/3775 3769/3769/3769 3763/3763/3763
f 3771/3771/3771 3775/3775/3775 3763/3763/3763
f 3776/3776/3776 3771/3771/3771 3766/3766/3766
f 3772/3772/3772 3776/3776/3776 3766/3766/3766
f 3777/3777/3777 3772/3772/3772 3767/3767/3767
f 3773/3773/3773 3777/3777/3777 3767/3767/3767
f 3778/3778/3778 3773/3773/3773 3768/3768/3768
f 3774/3774/3774 3778/3778/3778 3768/3768/3768
f 3775/3775/3775 3779/3779/3779 3769/3769/3769
f 3779/3779/3779 3780/3780/3780 3769/3769/3769
f 3781/3781/3781 3779/3779/3779 3775/3775/3775
f 3782/3782/3782 3775/3775/3775 3771/3771/3771
f 3776/3776/3776 3782/3782/3782 3771/3771/3771
f 3782/3782/3782 3781/3781/3781 3775/3775/3775
f 3783/3783/3783 3776/3776/3776 3772/3772/3772
f 3777/3777/3777 3783/3783/3783 3772/3772/3772
f 3784/3784/3784 3777/3777/3777 3773/3773/3773
f 3778/3778/3778 3784/3784/3784 3773/3773/3773
f 3785/3785/3785 3782/3782/3782 3776/3776/3776
f 3783/3783/3783 3785/3785/3785 3776/3776/3776
f 3786/3786/3786 3781/3781/3781 3782/3782/3782
f 3785/3785/3785 3786/3786/3786 3782/3782/3782
f 3787/3787/3787 3783/3783/3783 3777/3777/3777
f 3784/3784/3784 3787/3787/3787 3777/3777/3777
f 3786/3786/3786 3788/3788/3788 3781/3781/3781
f 3788/3788/3788 3789/3789/3789 3781/3781/3781
f 3790/3790/3790 3788/3788/3788 3786/3786/3786
f 3791/3791/3791 3790/3790/3790 3786/3786/3786
f 3791/3791/3791 3786/3786/3786 3785/3785/3785
f 3792/3792/3792 3790/3790/3790 3791/3791/3791
f 3793/3793/3793 3792/3792/3792 3791/3791/3791
f 3794/3794/3794 3785/3785/3785 3783/3783/3783
f 3794/3794/3794 3791/3791/3791 3785/3785/3785
f 3793/3793/3793 3791/3791/3791 3794/3794/3794
f 3787/3787/3787 3794/3794/3794 3783/3783/3783
f 3795/3795/3795 3793/3793/3793 3794/3794/3794
f 3795/3795/3795 3794/3794/3794 3787/3787/3787
f 3796/3796/3796 3793/3793/3793 3795/3795/3795
f 3797/3797/3797 3796/3796/3796 3795/3795/3795
f 3798/3798/3798 3795/3795/3795 3787/3787/3787
f 3797/3797/3797 3795/3795/3795 3798/3798/3798
f 3798/3798/3798 3787/3787/3787 3784/3784/3784
f 3799/3799/3799 3797/3797/3797 3798/3798/3798
f 3800/3800/3800 3797/3797/3797 3799/3799/3799
f 3801/3801/3801 3800/3800/3800 3799/3799/3799
f 3802/3802/3802 3798/3798/3798 3784/3784/3784
f 3799/3799/3799 3798/3798/3798 3802/3802/3802
f 3802/3802/3802 3784/3784/3784 3778/3778/3778
f 3801/3801/3801 3799/3799/3799 3803/3803/3803
f 3803/3803/3803 3799/3799/3799 3802/3802/3802
f 3804/3804/3804 3801/3801/3801 3803/3803/3803
f 3805/3805/3805 3802/3802/3802 3778/3778/3778
f 3803/3803/3803 3802/3802/3802 3805/3805/3805
f 3805/3805/3805 3778/3778/3778 3774/3774/3774
f 3804/3804/3804 3803/3803/3803 3806/3806/3806
f 3806/3806/3806 3803/3803/3803 3805/3805/3805
f 3807/3807/3807 3804/3804/3804 3806/3806/3806
f 3808/3808/3808 3805/3805/3805 3774/3774/3774
f 3806/3806/3806 3805/3805/3805 3808/3808/3808
f 3808/3808/3808 3774/3774/3774 3743/3743/3743
f 3807/3807/3807 3806/3806/3806 3809/3809/3809
f 3809/3809/3809 3806/3806/3806 3808/3808/3808
f 3810/3810/3810 3808/3808/3808 3743/3743/3743
f 3809/3809/3809 3808/3808/3808 3810/3810/3810
f 3810/3810/3810 3743/3743/3743 3737/3737/3737
f 3811/3811/3811 3807/3807/3807 3809/3809/3809
f 3812/3812/3812 3807/3807/3807 3811/3811/3811
f 3813/3813/3813 3812/3812/3812 3811/3811/3811
f 3814/3814/3814 3810/3810/3810 3737/3737/3737
f 3814/3814/3814 3737/3737/3737 3721/3721/3721
f 3815/3815/3815 3809/3809/3809 3810/3810/3810
f 3811/3811/3811 3809/3809/3809 3815/3815/3815
f 3815/3815/3815 3810/3810/3810 3814/3814/3814
f 3813/3813/3813 3811/3811/3811 3816/3816/3816
f 3816/3816/3816 3811/3811/3811 3815/3815/3815
f 3817/3817/3817 3813/3813/3813 3816/3816/3816
f 3818/3818/3818 3814/3814/3814 3721/3721/3721
f 3818/3818/3818 3721/3721/3721 3819/3819/3819
f 3820/3820/3820 3818/3818/3818 3819/3819/3819
f 3821/3821/3821 3815/3815/3815 3814/3814/3814
f 3816/3816/3816 3815/3815/3815 3821/3821/3821
f 3821/3821/3821 3814/3814/3814 3818/3818/3818
f 3817/3817/3817 3816/3816/3816 3822/3822/3822
f 3822/3822/3822 3816/3816/3816 3821/3821/3821
f 3823/3823/3823 3817/3817/3817 3822/3822/3822
f 3824/3824/3824 3818/3818/3818 3820/3820/3820
f 3824/3824/3824 3821/3821/3821 3818/3818/3818
f 3822/3822/3822 3821/3821/3821 3824/3824/3824
f 3825/3825/3825 3824/3824/3824 3820/3820/3820
f 3823/3823/3823 3822/3822/3822 3826/3826/3826
f 3826/3826/3826 3822/3822/3822 3824/3824/3824
f 3826/3826/3826 3824/3824/3824 3825/3825/3825
f 3827/3827/3827 3823/3823/3823 3826/3826/3826
f 3828/3828/3828 3826/3826/3826 3825/3825/3825
f 3828/3828/3828 3825/3825/3825 3829/3829/3829
f 3830/3830/3830 3828/3828/3828 3829/3829/3829
f 3833/3833/3833 3832/3832/3832 3831/3831/3831
f 3834/3834/3834 3833/3833/3833 3831/3831/3831
f 3836/3836/3836 3835/3835/3835 3833/3833/3833
f 3836/3836/3836 3837/3837/3837 3835/3835/3835
f 3838/3838/3838 3836/3836/3836 3833/3833/3833
f 3839/3839/3839 3836/3836/3836 3838/3838/3838
f 3840/3840/3840 3839/3839/3839 3838/3838/3838
f 3841/3841/3841 3839/3839/3839 3840/3840/3840
f 3842/3842/3842 3841/3841/3841 3840/3840/3840
f 3845/3845/3845 3844/3844/3844 3843/3843/3843
f 3844/3844/3844 3846/3846/3846 3843/3843/3843
f 3844/3844/3844 3847/3847/3847 3846/3846/3846
f 3847/3847/3847 3848/3848/3848 3846/3846/3846
f 3846/3846/3846 3848/3848/3848 3849/3849/3849
f 3848/3848/3848 3850/3850/3850 3849/3849/3849
f 3848/3848/3848 3851/3851/3851 3850/3850/3850
f 3847/3847/3847 3852/3852/3852 3848/3848/3848
f 3852/3852/3852 3851/3851/3851 3848/3848/3848
f 3853/3853/3853 3852/3852/3852 3847/3847/3847
f 3854/3854/3854 3853/3853/3853 3847/3847/3847
f 3852/3852/3852 3855/3855/3855 3851/3851/3851
f 3855/3855/3855 3856/3856/3856 3851/3851/3851
f 3857/3857/3857 3853/3853/3853 3854/3854/3854
f 3858/3858/3858 3857/3857/3857 3854/3854/3854
f 3853/3853/3853 3859/3859/3859 3852/3852/3852
f 3859/3859/3859 3855/3855/3855 3852/3852/3852
f 3855/3855/3855 3860/3860/3860 3856/3856/3856
f 3860/3860/3860 3861/3861/3861 3856/3856/3856
f 3857/3857/3857 3862/3862/3862 3853/3853/3853
f 3862/3862/3862 3859/3859/3859 3853/3853/3853
f 3859/3859/3859 3863/3863/3863 3855/3855/3855
f 3863/3863/3863 3860/3860/3860 3855/3855/3855
f 3860/3860/3860 3864/3864/3864 3861/3861/3861
f 3864/3864/3864 3865/3865/3865 3861/3861/3861
f 3866/3866/3866 3864/3864/3864 3860/3860/3860
f 3863/3863/3863 3866/3866/3866 3860/3860/3860
f 3867/3867/3867 3863/3863/3863 3859/3859/3859
f 3862/3862/3862 3867/3867/3867 3859/3859/3859
f 3868/3868/3868 3866/3866/3866 3863/3863/3863
f 3867/3867/3867 3868/3868/3868 3863/3863/3863
f 3868/3868/3868 3869/3869/3869 3866/3866/3866
f 3870/3870/3870 3869/3869/3869 3868/3868/3868
f 3871/3871/3871 3862/3862/3862 3857/3857/3857
f 3872/3872/3872 3871/3871/3871 3857/3857/3857
f 3873/3873/3873 3867/3867/3867 3862/3862/3862
f 3871/3871/3871 3873/3873/3873 3862/3862/3862
f 3874/3874/3874 3868/3868/3868 3867/3867/3867
f 3874/3874/3874 3870/3870/3870 3868/3868/3868
f 3873/3873/3873 3874/3874/3874 3867/3867/3867
f 3875/3875/3875 3873/3873/3873 3871/3871/3871
f 3876/3876/3876 3875/3875/3875 3871/3871/3871
f 3877/3877/3877 3874/3874/3874 3873/3873/3873
f 3875/3875/3875 3877/3877/3877 3873/3873/3873
f 3878/3878/3878 3870/3870/3870 3874/3874/3874
f 3877/3877/3877 3878/3878/3878 3874/3874/3874
f 3878/3878/3878 3879/3879/3879 3870/3870/3870
f 3879/3879/3879 3880/3880/3880 3870/3870/3870
f 3881/3881/3881 3878/3878/3878 3877/3877/3877
f 3882/3882/3882 3881/3881/3881 3877/3877/3877
f 3882/3882/3882 3877/3877/3877 3875/3875/3875
f 3883/3883/3883 3875/3875/3875 3876/3876/3876
f 3883/3883/3883 3882/3882/3882 3875/3875/3875
f 3884/3884/3884 3883/3883/3883 3876/3876/3876
f 3885/3885/3885 3882/3882/3882 3883/3883/3883
f 3886/3886/3886 3885/3885/3885 3883/3883/3883
f 3889/3889/3889 3888/3888/3888 3887/3887/3887
f 3889/3889/3889 3890/3890/3890 3888/3888/3888
f 3890/3890/3890 3891/3891/3891 3888/3888/3888
f 3888/3888/3888 3891/3891/3891 3892/3892/3892
f 3890/3890/3890 3893/3893/3893 3891/3891/3891
f 3891/3891/3891 3894/3894/3894 3892/3892/3892
f 3893/3893/3893 3895/3895/3895 3891/3891/3891
f 3891/3891/3891 3895/3895/3895 3894/3894/3894
f 3893/3893/3893 3896/3896/3896 3895/3895/3895
f 3895/3895/3895 3897/3897/3897 3894/3894/3894
f 3896/3896/3896 3898/3898/3898 3895/3895/3895
f 3895/3895/3895 3898/3898/3898 3897/3897/3897
f 3896/3896/3896 3899/3899/3899 3898/3898/3898
f 3898/3898/3898 3900/3900/3900 3897/3897/3897
f 3899/3899/3899 3901/3901/3901 3898/3898/3898
f 3898/3898/3898 3901/3901/3901 3900/3900/3900
f 3899/3899/3899 3902/3902/3902 3901/3901/3901
f 3901/3901/3901 3903/3903/3903 3900/3900/3900
f 3902/3902/3902 3904/3904/3904 3901/3901/3901
f 3901/3901/3901 3904/3904/3904 3903/3903/3903
f 3902/3902/3902 3905/3905/3905 3904/3904/3904
f 3904/3904/3904 3906/3906/3906 3903/3903/3903
f 3905/3905/3905 3907/3907/3907 3904/3904/3904
f 3904/3904/3904 3907/3907/3907 3906/3906/3906
f 3907/3907/3907 3908/3908/3908 3906/3906/3906
f 3911/3911/3911 3910/3910/3910 3909/3909/3909
f 3910/3910/3910 3912/3912/3912 3909/3909/3909
f 3909/3909/3909 3912/3912/3912 3913/3913/3913
f 3910/3910/3910 3914/3914/3914 3912/3912/3912
f 3912/3912/3912 3915/3915/3915 3913/3913/3913
f 3913/3913/3913 3915/3915/3915 3916/3916/3916
f 3915/3915/3915 3917/3917/3917 3916/3916/3916
f 3912/3912/3912 3918/3918/3918 3915/3915/3915
f 3914/3914/3914 3918/3918/3918 3912/3912/3912
f 3915/3915/3915 3919/3919/3919 3917/3917/3917
f 3918/3918/3918 3919/3919/3919 3915/3915/3915
f 3919/3919/3919 3920/3920/3920 3917/3917/3917
f 3917/3917/3917 3920/3920/3920 3921/3921/3921
f 3920/3920/3920 3922/3922/3922 3921/3921/3921
f 3914/3914/3914 3923/3923/3923 3918/3918/3918
f 3918/3918/3918 3924/3924/3924 3919/3919/3919
f 3923/3923/3923 3924/3924/3924 3918/3918/3918
f 3919/3919/3919 3925/3925/3925 3920/3920/3920
f 3924/3924/3924 3925/3925/3925 3919/3919/3919
f 3920/3920/3920 3926/3926/3926 3922/3922/3922
f 3925/3925/3925 3926/3926/3926 3920/3920/3920
f 3927/3927/3927 3923/3923/3923 3914/3914/3914
f 3928/3928/3928 3927/3927/3927 3914/3914/3914
f 3927/3927/3927 3929/3929/3929 3923/3923/3923
f 3929/3929/3929 3930/3930/3930 3923/3923/3923
f 3923/3923/3923 3930/3930/3930 3924/3924/3924
f 3929/3929/3929 3931/3931/3931 3930/3930/3930
f 3924/3924/3924 3932/3932/3932 3925/3925/3925
f 3930/3930/3930 3932/3932/3932 3924/3924/3924
f 3931/3931/3931 3933/3933/3933 3930/3930/3930
f 3930/3930/3930 3933/3933/3933 3932/3932/3932
f 3931/3931/3931 3934/3934/3934 3933/3933/3933
f 3932/3932/3932 3935/3935/3935 3925/3925/3925
f 3925/3925/3925 3935/3935/3935 3926/3926/3926
f 3926/3926/3926 3936/3936/3936 3922/3922/3922
f 3922/3922/3922 3936/3936/3936 3937/3937/3937
f 3936/3936/3936 3938/3938/3938 3937/3937/3937
f 3936/3936/3936 3939/3939/3939 3938/3938/3938
f 3940/3940/3940 3939/3939/3939 3936/3936/3936
f 3926/3926/3926 3940/3940/3940 3936/3936/3936
f 3935/3935/3935 3940/3940/3940 3926/3926/3926
f 3933/3933/3933 3941/3941/3941 3932/3932/3932
f 3932/3932/3932 3941/3941/3941 3935/3935/3935
f 3934/3934/3934 3942/3942/3942 3933/3933/3933
f 3933/3933/3933 3942/3942/3942 3941/3941/3941
f 3934/3934/3934 3943/3943/3943 3942/3942/3942
f 3935/3935/3935 3944/3944/3944 3940/3940/3940
f 3941/3941/3941 3944/3944/3944 3935/3935/3935
f 3944/3944/3944 3945/3945/3945 3940/3940/3940
f 3941/3941/3941 3946/3946/3946 3944/3944/3944
f 3942/3942/3942 3946/3946/3946 3941/3941/3941
f 3942/3942/3942 3947/3947/3947 3946/3946/3946
f 3943/3943/3943 3947/3947/3947 3942/3942/3942
f 3943/3943/3943 3948/3948/3948 3947/3947/3947
f 3951/3951/3951 3950/3950/3950 3949/3949/3949
f 3950/3950/3950 3952/3952/3952 3949/3949/3949
f 3952/3952/3952 3954/3954/3954 3953/3953/3953
f 3954/3954/3954 3955/3955/3955 3953/3953/3953
f 3958/3958/3958 3957/3957/3957 3956/3956/3956
f 3957/3957/3957 3959/3959/3959 3956/3956/3956
f 3956/3956/3956 3959/3959/3959 3960/3960/3960
f 3956/3956/3956 3960/3960/3960 3961/3961/3961
f 3961/3961/3961 3960/3960/3960 3962/3962/3962
f 3960/3960/3960 3963/3963/3963 3962/3962/3962
f 3962/3962/3962 3963/3963/3963 3964/3964/3964
f 3963/3963/3963 3965/3965/3965 3964/3964/3964
f 3960/3960/3960 3966/3966/3966 3963/3963/3963
f 3959/3959/3959 3966/3966/3966 3960/3960/3960
f 3963/3963/3963 3967/3967/3967 3965/3965/3965
f 3966/3966/3966 3967/3967/3967 3963/3963/3963
f 3967/3967/3967 3968/3968/3968 3965/3965/3965
f 3967/3967/3967 3969/3969/3969 3968/3968/3968
f 3969/3969/3969 3970/3970/3970 3968/3968/3968
f 3966/3966/3966 3971/3971/3971 3967/3967/3967
f 3971/3971/3971 3969/3969/3969 3967/3967/3967
f 3959/3959/3959 3972/3972/3972 3966/3966/3966
f 3972/3972/3972 3971/3971/3971 3966/3966/3966
f 3957/3957/3957 3973/3973/3973 3959/3959/3959
f 3973/3973/3973 3972/3972/3972 3959/3959/3959
f 3974/3974/3974 3973/3973/3973 3957/3957/3957
f 3975/3975/3975 3974/3974/3974 3957/3957/3957
f 3974/3974/3974 3976/3976/3976 3973/3973/3973
f 3976/3976/3976 3977/3977/3977 3973/3973/3973
f 3973/3973/3973 3977/3977/3977 3972/3972/3972
f 3977/3977/3977 3978/3978/3978 3972/3972/3972
f 3972/3972/3972 3978/3978/3978 3971/3971/3971
f 3978/3978/3978 3979/3979/3979 3971/3971/3971
f 3971/3971/3971 3979/3979/3979 3969/3969/3969
f 3979/3979/3979 3980/3980/3980 3969/3969/3969
f 3969/3969/3969 3980/3980/3980 3970/3970/3970
f 3980/3980/3980 3981/3981/3981 3970/3970/3970
f 3970/3970/3970 3981/3981/3981 3982/3982/3982
f 3981/3981/3981 3983/3983/3983 3982/3982/3982
f 3986/3986/3986 3985/3985/3985 3984/3984/3984
f 3985/3985/3985 3987/3987/3987 3984/3984/3984
f 3985/3985/3985 3988/3988/3988 3987/3987/3987
f 3991/3991/3991 3990/3990/3990 3989/3989/3989
f 3990/3990/3990 3992/3992/3992 3989/3989/3989
f 3989/3989/3989 3992/3992/3992 3993/3993/3993
f 3990/3990/3990 3994/3994/3994 3992/3992/3992
f 3995/3995/3995 3994/3994/3994 3990/3990/3990
f 3992/3992/3992 3996/3996/3996 3993/3993/3993
f 3993/3993/3993 3996/3996/3996 3997/3997/3997
f 3996/3996/3996 3998/3998/3998 3997/3997/3997
f 3995/3995/3995 3999/3999/3999 3994/3994/3994
f 4000/4000/4000 3999/3999/3999 3995/3995/3995
f 3999/3999/3999 4001/4001/4001 3994/3994/3994
f 3994/3994/3994 4002/4002/4002 3992/3992/3992
f 3992/3992/3992 4002/4002/4002 3996/3996/3996
f 3994/3994/3994 4001/4001/4001 4002/4002/4002
f 4002/4002/4002 4003/4003/4003 3996/3996/3996
f 3996/3996/3996 4003/4003/4003 3998/3998/3998
f 4001/4001/4001 4004/4004/4004 4002/4002/4002
f 4002/4002/4002 4004/4004/4004 4003/4003/4003
f 4001/4001/4001 4005/4005/4005 4004/4004/4004
f 4006/4006/4006 4005/4005/4005 4001/4001/4001
f 4006/4006/4006 4007/4007/4007 4005/4005/4005
f 4007/4007/4007 4008/4008/4008 4005/4005/4005
f 4007/4007/4007 4009/4009/4009 4008/4008/4008
f 4005/4005/4005 4008/4008/4008 4010/4010/4010
f 4005/4005/4005 4010/4010/4010 4004/4004/4004
f 4008/4008/4008 4011/4011/4011 4010/4010/4010
f 4010/4010/4010 4011/4011/4011 4012/4012/4012
f 4004/4004/4004 4010/4010/4010 4013/4013/4013
f 4004/4004/4004 4013/4013/4013 4003/4003/4003
f 4010/4010/4010 4012/4012/4012 4013/4013/4013
f 4003/4003/4003 4014/4014/4014 3998/3998/3998
f 4003/4003/4003 4013/4013/4013 4014/4014/4014
f 4013/4013/4013 4012/4012/4012 4015/4015/4015
f 4013/4013/4013 4015/4015/4015 4014/4014/4014
f 4012/4012/4012 4016/4016/4016 4015/4015/4015
f 3998/3998/3998 4014/4014/4014 4017/4017/4017
f 3998/3998/3998 4017/4017/4017 4018/4018/4018
f 4014/4014/4014 4019/4019/4019 4017/4017/4017
f 4014/4014/4014 4015/4015/4015 4019/4019/4019
f 4015/4015/4015 4020/4020/4020 4019/4019/4019
f 4015/4015/4015 4016/4016/4016 4020/4020/4020
f 4016/4016/4016 4021/4021/4021 4020/4020/4020
f 4016/4016/4016 4022/4022/4022 4021/4021/4021
f 4022/4022/4022 4023/4023/4023 4021/4021/4021
f 4022/4022/4022 4024/4024/4024 4023/4023/4023
f 4024/4024/4024 4025/4025/4025 4023/4023/4023
f 4028/4028/4028 4027/4027/4027 4026/4026/4026
f 4029/4029/4029 4028/4028/4028 4026/4026/4026
f 4032/4032/4032 4031/4031/4031 4030/4030/4030
f 4031/4031/4031 4033/4033/4033 4030/4030/4030
f 4030/4030/4030 4033/4033/4033 4034/4034/4034
f 4033/4033/4033 4035/4035/4035 4034/4034/4034
f 4034/4034/4034 4035/4035/4035 4036/4036/4036
f 4035/4035/4035 4037/4037/4037 4036/4036/4036
f 4036/4036/4036 4037/4037/4037 4038/4038/4038
f 4037/4037/4037 4039/4039/4039 4038/4038/4038
f 4031/4031/4031 4040/4040/4040 4033/4033/4033
f 4033/4033/4033 4041/4041/4041 4035/4035/4035
f 4040/4040/4040 4041/4041/4041 4033/4033/4033
f 4035/4035/4035 4042/4042/4042 4037/4037/4037
f 4041/4041/4041 4042/4042/4042 4035/4035/4035
f 4037/4037/4037 4043/4043/4043 4039/4039/4039
f 4042/4042/4042 4043/4043/4043 4037/4037/4037
f 4044/4044/4044 4040/4040/4040 4031/4031/4031
f 4045/4045/4045 4044/4044/4044 4031/4031/4031
f 4046/4046/4046 4044/4044/4044 4045/4045/4045
f 4043/4043/4043 4047/4047/4047 4039/4039/4039
f 4039/4039/4039 4047/4047/4047 4048/4048/4048
f 4047/4047/4047 4049/4049/4049 4048/4048/4048
f 4048/4048/4048 4049/4049/4049 4050/4050/4050
f 4049/4049/4049 4051/4051/4051 4050/4050/4050
f 4050/4050/4050 4051/4051/4051 4052/4052/4052
f 4051/4051/4051 4053/4053/4053 4052/4052/4052
f 4052/4052/4052 4053/4053/4053 4054/4054/4054
f 4053/4053/4053 4055/4055/4055 4054/4054/4054
f 4054/4054/4054 4055/4055/4055 4056/4056/4056
f 4051/4051/4051 4057/4057/4057 4053/4053/4053
f 4057/4057/4057 4058/4058/4058 4053/4053/4053
f 4049/4049/4049 4059/4059/4059 4051/4051/4051
f 4059/4059/4059 4057/4057/4057 4051/4051/4051
f 4047/4047/4047 4060/4060/4060 4049/4049/4049
f 4060/4060/4060 4059/4059/4059 4049/4049/4049
f 4043/4043/4043 4061/4061/4061 4047/4047/4047
f 4061/4061/4061 4060/4060/4060 4047/4047/4047
f 4059/4059/4059 4062/4062/4062 4057/4057/4057
f 4062/4062/4062 4063/4063/4063 4057/4057/4057
f 4060/4060/4060 4064/4064/4064 4059/4059/4059
f 4064/4064/4064 4062/4062/4062 4059/4059/4059
f 4065/4065/4065 4061/4061/4061 4043/4043/4043
f 4042/4042/4042 4065/4065/4065 4043/4043/4043
f 4061/4061/4061 4066/4066/4066 4060/4060/4060
f 4066/4066/4066 4064/4064/4064 4060/4060/4060
f 4065/4065/4065 4067/4067/4067 4061/4061/4061
f 4067/4067/4067 4066/4066/4066 4061/4061/4061
f 4068/4068/4068 4065/4065/4065 4042/4042/4042
f 4041/4041/4041 4068/4068/4068 4042/4042/4042
f 4069/4069/4069 4067/4067/4067 4065/4065/4065
f 4068/4068/4068 4069/4069/4069 4065/4065/4065
f 4070/4070/4070 4068/4068/4068 4041/4041/4041
f 4040/4040/4040 4070/4070/4070 4041/4041/4041
f 4071/4071/4071 4069/4069/4069 4068/4068/4068
f 4070/4070/4070 4071/4071/4071 4068/4068/4068
f 4072/4072/4072 4070/4070/4070 4040/4040/4040
f 4044/4044/4044 4072/4072/4072 4040/4040/4040
f 4073/4073/4073 4071/4071/4071 4070/4070/4070
f 4072/4072/4072 4073/4073/4073 4070/4070/4070
f 4074/4074/4074 4072/4072/4072 4044/4044/4044
f 4046/4046/4046 4074/4074/4074 4044/4044/4044
f 4075/4075/4075 4074/4074/4074 4046/4046/4046
f 4076/4076/4076 4075/4075/4075 4046/4046/4046
f 4075/4075/4075 4077/4077/4077 4074/4074/4074
f 4077/4077/4077 4078/4078/4078 4074/4074/4074
f 4074/4074/4074 4078/4078/4078 4072/4072/4072
f 4078/4078/4078 4073/4073/4073 4072/4072/4072
f 4078/4078/4078 4079/4079/4079 4073/4073/4073
f 4080/4080/4080 4079/4079/4079 4078/4078/4078
f 4080/4080/4080 4081/4081/4081 4079/4079/4079
f 4073/4073/4073 4082/4082/4082 4071/4071/4071
f 4079/4079/4079 4082/4082/4082 4073/4073/4073
f 4081/4081/4081 4083/4083/4083 4079/4079/4079
f 4079/4079/4079 4083/4083/4083 4082/4082/4082
f 4081/4081/4081 4084/4084/4084 4083/4083/4083
f 4083/4083/4083 4084/4084/4084 4085/4085/4085
f 4083/4083/4083 4085/4085/4085 4082/4082/4082
f 4085/4085/4085 4084/4084/4084 4086/4086/4086
f 4082/4082/4082 4087/4087/4087 4071/4071/4071
f 4082/4082/4082 4085/4085/4085 4087/4087/4087
f 4085/4085/4085 4086/4086/4086 4087/4087/4087
f 4071/4071/4071 4087/4087/4087 4069/4069/4069
f 4087/4087/4087 4088/4088/4088 4069/4069/4069
f 4087/4087/4087 4086/4086/4086 4088/4088/4088
f 4069/4069/4069 4088/4088/4088 4067/4067/4067
f 4086/4086/4086 4089/4089/4089 4088/4088/4088
f 4086/4086/4086 4084/4084/4084 4089/4089/4089
f 4088/4088/4088 4090/4090/4090 4067/4067/4067
f 4088/4088/4088 4089/4089/4089 4090/4090/4090
f 4067/4067/4067 4090/4090/4090 4066/4066/4066
f 4089/4089/4089 4091/4091/4091 4090/4090/4090
f 4089/4089/4089 4084/4084/4084 4091/4091/4091
f 4090/4090/4090 4092/4092/4092 4066/4066/4066
f 4090/4090/4090 4091/4091/4091 4092/4092/4092
f 4066/4066/4066 4092/4092/4092 4064/4064/4064
f 4091/4091/4091 4093/4093/4093 4092/4092/4092
f 4091/4091/4091 4084/4084/4084 4093/4093/4093
f 4092/4092/4092 4094/4094/4094 4064/4064/4064
f 4092/4092/4092 4093/4093/4093 4094/4094/4094
f 4064/4064/4064 4094/4094/4094 4062/4062/4062
f 4093/4093/4093 4095/4095/4095 4094/4094/4094
f 4093/4093/4093 4084/4084/4084 4095/4095/4095
f 4094/4094/4094 4096/4096/4096 4062/4062/4062
f 4094/4094/4094 4095/4095/4095 4096/4096/4096
f 4062/4062/4062 4096/4096/4096 4063/4063/4063
f 4095/4095/4095 4084/4084/4084 4097/4097/4097
f 4095/4095/4095 4097/4097/4097 4096/4096/4096
f 4096/4096/4096 4098/4098/4098 4063/4063/4063
f 4096/4096/4096 4097/4097/4097 4098/4098/4098
f 4063/4063/4063 4098/4098/4098 4099/4099/4099
f 4097/4097/4097 4084/4084/4084 4100/4100/4100
f 4097/4097/4097 4100/4100/4100 4098/4098/4098
f 4100/4100/4100 4084/4084/4084 4101/4101/4101
f 4098/4098/4098 4102/4102/4102 4099/4099/4099
f 4098/4098/4098 4100/4100/4100 4102/4102/4102
f 4100/4100/4100 4101/4101/4101 4102/4102/4102
f 4099/4099/4099 4102/4102/4102 4103/4103/4103
f 4102/4102/4102 4101/4101/4101 4104/4104/4104
f 4102/4102/4102 4104/4104/4104 4103/4103/4103
f 4107/4107/4107 4106/4106/4106 4105/4105/4105
f 4106/4106/4106 4108/4108/4108 4105/4105/4105
f 4105/4105/4105 4108/4108/4108 4109/4109/4109
f 4108/4108/4108 4110/4110/4110 4109/4109/4109
f 4109/4109/4109 4110/4110/4110 4111/4111/4111
f 4108/4108/4108 4112/4112/4112 4110/4110/4110
f 4110/4110/4110 4113/4113/4113 4111/4111/4111
f 4111/4111/4111 4113/4113/4113 4114/4114/4114
f 4112/4112/4112 4115/4115/4115 4110/4110/4110
f 4110/4110/4110 4115/4115/4115 4113/4113/4113
f 4112/4112/4112 4116/4116/4116 4115/4115/4115
f 4113/4113/4113 4117/4117/4117 4114/4114/4114
f 4114/4114/4114 4117/4117/4117 4118/4118/4118
f 4115/4115/4115 4119/4119/4119 4113/4113/4113
f 4113/4113/4113 4119/4119/4119 4117/4117/4117
f 4116/4116/4116 4120/4120/4120 4115/4115/4115
f 4115/4115/4115 4120/4120/4120 4119/4119/4119
f 4116/4116/4116 4121/4121/4121 4120/4120/4120
f 4121/4121/4121 4122/4122/4122 4120/4120/4120
f 4120/4120/4120 4123/4123/4123 4119/4119/4119
f 4120/4120/4120 4122/4122/4122 4123/4123/4123
f 4119/4119/4119 4124/4124/4124 4117/4117/4117
f 4119/4119/4119 4123/4123/4123 4124/4124/4124
f 4117/4117/4117 4125/4125/4125 4118/4118/4118
f 4117/4117/4117 4124/4124/4124 4125/4125/4125
f 4122/4122/4122 4126/4126/4126 4123/4123/4123
f 4122/4122/4122 4127/4127/4127 4126/4126/4126
f 4123/4123/4123 4128/4128/4128 4124/4124/4124
f 4123/4123/4123 4126/4126/4126 4128/4128/4128
f 4127/4127/4127 4129/4129/4129 4126/4126/4126
f 4127/4127/4127 4130/4130/4130 4129/4129/4129
f 4118/4118/4118 4125/4125/4125 4131/4131/4131
f 4118/4118/4118 4131/4131/4131 4132/4132/4132
f 4132/4132/4132 4131/4131/4131 4133/4133/4133
f 4131/4131/4131 4134/4134/4134 4133/4133/4133
f 4131/4131/4131 4135/4135/4135 4134/4134/4134
f 4125/4125/4125 4135/4135/4135 4131/4131/4131
f 4135/4135/4135 4136/4136/4136 4134/4134/4134
f 4124/4124/4124 4137/4137/4137 4125/4125/4125
f 4125/4125/4125 4137/4137/4137 4135/4135/4135
f 4124/4124/4124 4128/4128/4128 4137/4137/4137
f 4135/4135/4135 4138/4138/4138 4136/4136/4136
f 4137/4137/4137 4138/4138/4138 4135/4135/4135
f 4138/4138/4138 4139/4139/4139 4136/4136/4136
f 4128/4128/4128 4140/4140/4140 4137/4137/4137
f 4137/4137/4137 4140/4140/4140 4138/4138/4138
f 4138/4138/4138 4141/4141/4141 4139/4139/4139
f 4140/4140/4140 4141/4141/4141 4138/4138/4138
f 4128/4128/4128 4142/4142/4142 4140/4140/4140
f 4126/4126/4126 4142/4142/4142 4128/4128/4128
f 4126/4126/4126 4129/4129/4129 4142/4142/4142
f 4142/4142/4142 4143/4143/4143 4140/4140/4140
f 4140/4140/4140 4143/4143/4143 4141/4141/4141
f 4141/4141/4141 4144/4144/4144 4139/4139/4139
f 4139/4139/4139 4144/4144/4144 4145/4145/4145
f 4144/4144/4144 4146/4146/4146 4145/4145/4145
f 4129/4129/4129 4147/4147/4147 4142/4142/4142
f 4142/4142/4142 4147/4147/4147 4143/4143/4143
f 4141/4141/4141 4148/4148/4148 4144/4144/4144
f 4143/4143/4143 4148/4148/4148 4141/4141/4141
f 4144/4144/4144 4149/4149/4149 4146/4146/4146
f 4148/4148/4148 4149/4149/4149 4144/4144/4144
f 4143/4143/4143 4150/4150/4150 4148/4148/4148
f 4147/4147/4147 4150/4150/4150 4143/4143/4143
f 4129/4129/4129 4151/4151/4151 4147/4147/4147
f 4130/4130/4130 4151/4151/4151 4129/4129/4129
f 4130/4130/4130 4152/4152/4152 4151/4151/4151
f 4152/4152/4152 4153/4153/4153 4151/4151/4151
f 4151/4151/4151 4154/4154/4154 4147/4147/4147
f 4151/4151/4151 4153/4153/4153 4154/4154/4154
f 4147/4147/4147 4154/4154/4154 4150/4150/4150
f 4153/4153/4153 4155/4155/4155 4154/4154/4154
f 4154/4154/4154 4155/4155/4155 4156/4156/4156
f 4154/4154/4154 4156/4156/4156 4150/4150/4150
f 4155/4155/4155 4157/4157/4157 4156/4156/4156
f 4150/4150/4150 4158/4158/4158 4148/4148/4148
f 4150/4150/4150 4156/4156/4156 4158/4158/4158
f 4148/4148/4148 4158/4158/4158 4149/4149/4149
f 4156/4156/4156 4157/4157/4157 4159/4159/4159
f 4156/4156/4156 4159/4159/4159 4158/4158/4158
f 4158/4158/4158 4160/4160/4160 4149/4149/4149
f 4158/4158/4158 4159/4159/4159 4160/4160/4160
f 4157/4157/4157 4161/4161/4161 4159/4159/4159
f 4157/4157/4157 4162/4162/4162 4161/4161/4161
f 4162/4162/4162 4163/4163/4163 4161/4161/4161
f 4159/4159/4159 4161/4161/4161 4164/4164/4164
f 4159/4159/4159 4164/4164/4164 4160/4160/4160
f 4161/4161/4161 4163/4163/4163 4165/4165/4165
f 4161/4161/4161 4165/4165/4165 4164/4164/4164
f 4163/4163/4163 4166/4166/4166 4165/4165/4165
f 4149/4149/4149 4160/4160/4160 4167/4167/4167
f 4149/4149/4149 4167/4167/4167 4146/4146/4146
f 4146/4146/4146 4167/4167/4167 4168/4168/4168
f 4160/4160/4160 4164/4164/4164 4169/4169/4169
f 4160/4160/4160 4169/4169/4169 4167/4167/4167
f 4165/4165/4165 4166/4166/4166 4170/4170/4170
f 4166/4166/4166 4171/4171/4171 4170/4170/4170
f 4164/4164/4164 4165/4165/4165 4172/4172/4172
f 4164/4164/4164 4172/4172/4172 4169/4169/4169
f 4165/4165/4165 4170/4170/4170 4172/4172/4172
f 4167/4167/4167 4173/4173/4173 4168/4168/4168
f 4167/4167/4167 4169/4169/4169 4173/4173/4173
f 4170/4170/4170 4171/4171/4171 4174/4174/4174
f 4171/4171/4171 4175/4175/4175 4174/4174/4174
f 4172/4172/4172 4170/4170/4170 4176/4176/4176
f 4170/4170/4170 4174/4174/4174 4176/4176/4176
f 4169/4169/4169 4172/4172/4172 4177/4177/4177
f 4169/4169/4169 4177/4177/4177 4173/4173/4173
f 4172/4172/4172 4176/4176/4176 4177/4177/4177
f 4168/4168/4168 4173/4173/4173 4178/4178/4178
f 4168/4168/4168 4178/4178/4178 4179/4179/4179
f 4174/4174/4174 4175/4175/4175 4180/4180/4180
f 4175/4175/4175 4181/4181/4181 4180/4180/4180
f 4173/4173/4173 4177/4177/4177 4182/4182/4182
f 4173/4173/4173 4182/4182/4182 4178/4178/4178
f 4176/4176/4176 4174/4174/4174 4183/4183/4183
f 4174/4174/4174 4180/4180/4180 4183/4183/4183
f 4177/4177/4177 4176/4176/4176 4184/4184/4184
f 4177/4177/4177 4184/4184/4184 4182/4182/4182
f 4176/4176/4176 4183/4183/4183 4184/4184/4184
f 4183/4183/4183 4180/4180/4180 4185/4185/4185
f 4180/4180/4180 4186/4186/4186 4185/4185/4185
f 4183/4183/4183 4185/4185/4185 4187/4187/4187
f 4184/4184/4184 4183/4183/4183 4187/4187/4187
f 4179/4179/4179 4178/4178/4178 4188/4188/4188
f 4179/4179/4179 4188/4188/4188 4189/4189/4189
f 4178/4178/4178 4190/4190/4190 4188/4188/4188
f 4178/4178/4178 4182/4182/4182 4190/4190/4190
f 4188/4188/4188 4190/4190/4190 4191/4191/4191
f 4190/4190/4190 4192/4192/4192 4191/4191/4191
f 4182/4182/4182 4184/4184/4184 4193/4193/4193
f 4182/4182/4182 4193/4193/4193 4190/4190/4190
f 4190/4190/4190 4193/4193/4193 4192/4192/4192
f 4184/4184/4184 4187/4187/4187 4193/4193/4193
f 4193/4193/4193 4194/4194/4194 4192/4192/4192
f 4193/4193/4193 4187/4187/4187 4194/4194/4194
f 4187/4187/4187 4195/4195/4195 4194/4194/4194
f 4198/4198/4198 4197/4197/4197 4196/4196/4196
f 4199/4199/4199 4198/4198/4198 4196/4196/4196
f 4200/4200/4200 4198/4198/4198 4199/4199/4199
f 4201/4201/4201 4200/4200/4200 4199/4199/4199
f 4204/4204/4204 4203/4203/4203 4202/4202/4202
f 4203/4203/4203 4205/4205/4205 4202/4202/4202
f 4202/4202/4202 4205/4205/4205 4206/4206/4206
f 4205/4205/4205 4207/4207/4207 4206/4206/4206
f 4206/4206/4206 4207/4207/4207 4208/4208/4208
f 4207/4207/4207 4209/4209/4209 4208/4208/4208
f 4208/4208/4208 4209/4209/4209 4210/4210/4210
f 4209/4209/4209 4211/4211/4211 4210/4210/4210
f 4210/4210/4210 4211/4211/4211 4212/4212/4212
f 4211/4211/4211 4213/4213/4213 4212/4212/4212
f 4212/4212/4212 4213/4213/4213 4214/4214/4214
f 4213/4213/4213 4215/4215/4215 4214/4214/4214
f 4214/4214/4214 4215/4215/4215 4216/4216/4216
f 4219/4219/4219 4218/4218/4218 4217/4217/4217
f 4220/4220/4220 4219/4219/4219 4217/4217/4217
f 4221/4221/4221 4219/4219/4219 4220/4220/4220
f 4222/4222/4222 4221/4221/4221 4220/4220/4220
f 4223/4223/4223 4221/4221/4221 4222/4222/4222
f 4224/4224/4224 4223/4223/4223 4222/4222/4222
f 4220/4220/4220 4217/4217/4217 4225/4225/4225
f 4222/4222/4222 4220/4220/4220 4226/4226/4226
f 4226/4226/4226 4220/4220/4220 4225/4225/4225
f 4224/4224/4224 4222/4222/4222 4227/4227/4227
f 4227/4227/4227 4222/4222/4222 4226/4226/4226
f 4225/4225/4225 4217/4217/4217 4228/4228/4228
f 4217/4217/4217 4229/4229/4229 4228/4228/4228
f 4228/4228/4228 4229/4229/4229 4230/4230/4230
f 4228/4228/4228 4230/4230/4230 4231/4231/4231
f 4232/4232/4232 4228/4228/4228 4231/4231/4231
f 4225/4225/4225 4228/4228/4228 4232/4232/4232
f 4232/4232/4232 4231/4231/4231 4233/4233/4233
f 4226/4226/4226 4225/4225/4225 4234/4234/4234
f 4234/4234/4234 4225/4225/4225 4232/4232/4232
f 4235/4235/4235 4232/4232/4232 4233/4233/4233
f 4234/4234/4234 4232/4232/4232 4235/4235/4235
f 4235/4235/4235 4233/4233/4233 4236/4236/4236
f 4237/4237/4237 4235/4235/4235 4236/4236/4236
f 4238/4238/4238 4226/4226/4226 4234/4234/4234
f 4227/4227/4227 4226/4226/4226 4238/4238/4238
f 4239/4239/4239 4234/4234/4234 4235/4235/4235
f 4239/4239/4239 4235/4235/4235 4237/4237/4237
f 4238/4238/4238 4234/4234/4234 4239/4239/4239
f 4240/4240/4240 4239/4239/4239 4237/4237/4237
f 4240/4240/4240 4237/4237/4237 4241/4241/4241
f 4242/4242/4242 4238/4238/4238 4239/4239/4239
f 4242/4242/4242 4239/4239/4239 4240/4240/4240
f 4243/4243/4243 4227/4227/4227 4238/4238/4238
f 4243/4243/4243 4238/4238/4238 4242/4242/4242
f 4244/4244/4244 4240/4240/4240 4241/4241/4241
f 4244/4244/4244 4241/4241/4241 4245/4245/4245
f 4246/4246/4246 4242/4242/4242 4240/4240/4240
f 4246/4246/4246 4240/4240/4240 4244/4244/4244
f 4247/4247/4247 4244/4244/4244 4245/4245/4245
f 4247/4247/4247 4245/4245/4245 4248/4248/4248
f 4249/4249/4249 4247/4247/4247 4248/4248/4248
f 4250/4250/4250 4244/4244/4244 4247/4247/4247
f 4250/4250/4250 4246/4246/4246 4244/4244/4244
f 4251/4251/4251 4247/4247/4247 4249/4249/4249
f 4251/4251/4251 4250/4250/4250 4247/4247/4247
f 4252/4252/4252 4251/4251/4251 4249/4249/4249
f 4253/4253/4253 4242/4242/4242 4246/4246/4246
f 4253/4253/4253 4243/4243/4243 4242/4242/4242
f 4254/4254/4254 4227/4227/4227 4243/4243/4243
f 4254/4254/4254 4224/4224/4224 4227/4227/4227
f 4255/4255/4255 4224/4224/4224 4254/4254/4254
f 4256/4256/4256 4255/4255/4255 4254/4254/4254
f 4257/4257/4257 4254/4254/4254 4243/4243/4243
f 4256/4256/4256 4254/4254/4254 4257/4257/4257
f 4257/4257/4257 4243/4243/4243 4253/4253/4253
f 4258/4258/4258 4256/4256/4256 4257/4257/4257
f 4258/4258/4258 4257/4257/4257 4259/4259/4259
f 4259/4259/4259 4257/4257/4257 4253/4253/4253
f 4260/4260/4260 4258/4258/4258 4259/4259/4259
f 4261/4261/4261 4253/4253/4253 4246/4246/4246
f 4259/4259/4259 4253/4253/4253 4261/4261/4261
f 4261/4261/4261 4246/4246/4246 4250/4250/4250
f 4260/4260/4260 4259/4259/4259 4262/4262/4262
f 4262/4262/4262 4259/4259/4259 4261/4261/4261
f 4263/4263/4263 4260/4260/4260 4262/4262/4262
f 4264/4264/4264 4261/4261/4261 4250/4250/4250
f 4262/4262/4262 4261/4261/4261 4264/4264/4264
f 4264/4264/4264 4250/4250/4250 4251/4251/4251
f 4263/4263/4263 4262/4262/4262 4265/4265/4265
f 4265/4265/4265 4262/4262/4262 4264/4264/4264
f 4266/4266/4266 4264/4264/4264 4251/4251/4251
f 4265/4265/4265 4264/4264/4264 4266/4266/4266
f 4266/4266/4266 4251/4251/4251 4252/4252/4252
f 4267/4267/4267 4263/4263/4263 4265/4265/4265
f 4268/4268/4268 4263/4263/4263 4267/4267/4267
f 4269/4269/4269 4268/4268/4268 4267/4267/4267
f 4267/4267/4267 4265/4265/4265 4270/4270/4270
f 4270/4270/4270 4265/4265/4265 4266/4266/4266
f 4271/4271/4271 4267/4267/4267 4270/4270/4270
f 4272/4272/4272 4266/4266/4266 4252/4252/4252
f 4270/4270/4270 4266/4266/4266 4272/4272/4272
f 4272/4272/4272 4252/4252/4252 4273/4273/4273
f 4274/4274/4274 4270/4270/4270 4272/4272/4272
f 4275/4275/4275 4272/4272/4272 4273/4273/4273
f 4274/4274/4274 4272/4272/4272 4275/4275/4275
f 4276/4276/4276 4274/4274/4274 4275/4275/4275
f 4279/4279/4279 4278/4278/4278 4277/4277/4277
f 4280/4280/4280 4279/4279/4279 4277/4277/4277
f 4280/4280/4280 4277/4277/4277 4281/4281/4281
f 4277/4277/4277 4282/4282/4282 4281/4281/4281
f 4282/4282/4282 4283/4283/4283 4281/4281/4281
f 4283/4283/4283 4284/4284/4284 4281/4281/4281
f 4284/4284/4284 4285/4285/4285 4281/4281/4281
f 4285/4285/4285 4286/4286/4286 4281/4281/4281
f 4286/4286/4286 4287/4287/4287 4281/4281/4281
f 4287/4287/4287 4288/4288/4288 4281/4281/4281
f 4288/4288/4288 4289/4289/4289 4281/4281/4281
f 4289/4289/4289 4290/4290/4290 4281/4281/4281
f 4290/4290/4290 4291/4291/4291 4281/4281/4281
f 4291/4291/4291 4292/4292/4292 4281/4281/4281
f 4293/4293/4293 4279/4279/4279 4280/4280/4280
f 4292/4292/4292 4294/4294/4294 4281/4281/4281
f 4295/4295/4295 4293/4293/4293 4280/4280/4280
f 4295/4295/4295 4280/4280/4280 4281/4281/4281
f 4296/4296/4296 4293/4293/4293 4295/4295/4295
f 4294/4294/4294 4297/4297/4297 4281/4281/4281
f 4298/4298/4298 4295/4295/4295 4281/4281/4281
f 4298/4298/4298 4296/4296/4296 4295/4295/4295
f 4299/4299/4299 4298/4298/4298 4281/4281/4281
f 4300/4300/4300 4296/4296/4296 4298/4298/4298
f 4299/4299/4299 4300/4300/4300 4298/4298/4298
f 4294/4294/4294 4301/4301/4301 4297/4297/4297
f 4302/4302/4302 4300/4300/4300 4299/4299/4299
f 4301/4301/4301 4303/4303/4303 4297/4297/4297
f 4304/4304/4304 4302/4302/4302 4299/4299/4299
f 4304/4304/4304 4299/4299/4299 4281/4281/4281
f 4305/4305/4305 4302/4302/4302 4304/4304/4304
f 4306/4306/4306 4305/4305/4305 4304/4304/4304
f 4306/4306/4306 4304/4304/4304 4281/4281/4281
f 4307/4307/4307 4305/4305/4305 4306/4306/4306
f 4308/4308/4308 4307/4307/4307 4306/4306/4306
f 4308/4308/4308 4306/4306/4306 4281/4281/4281
f 4309/4309/4309 4307/4307/4307 4308/4308/4308
f 4310/4310/4310 4309/4309/4309 4308/4308/4308
f 4310/4310/4310 4308/4308/4308 4281/4281/4281
f 4311/4311/4311 4310/4310/4310 4281/4281/4281
f 4312/4312/4312 4311/4311/4311 4281/4281/4281
f 4313/4313/4313 4312/4312/4312 4281/4281/4281
f 4314/4314/4314 4313/4313/4313 4281/4281/4281
f 4315/4315/4315 4314/4314/4314 4281/4281/4281
f 4315/4315/4315 4316/4316/4316 4314/4314/4314
f 4317/4317/4317 4316/4316/4316 4315/4315/4315
f 4318/4318/4318 4317/4317/4317 4315/4315/4315
f 4318/4318/4318 4315/4315/4315 4281/4281/4281
f 4319/4319/4319 4317/4317/4317 4318/4318/4318
f 4319/4319/4319 4320/4320/4320 4317/4317/4317
f 4321/4321/4321 4320/4320/4320 4319/4319/4319
f 4322/4322/4322 4319/4319/4319 4318/4318/4318
f 4322/4322/4322 4318/4318/4318 4281/4281/4281
f 4323/4323/4323 4321/4321/4321 4319/4319/4319
f 4323/4323/4323 4319/4319/4319 4322/4322/4322
f 4324/4324/4324 4322/4322/4322 4281/4281/4281
f 4324/4324/4324 4323/4323/4323 4322/4322/4322
f 4325/4325/4325 4321/4321/4321 4323/4323/4323
f 4325/4325/4325 4326/4326/4326 4321/4321/4321
f 4327/4327/4327 4326/4326/4326 4325/4325/4325
f 4328/4328/4328 4327/4327/4327 4325/4325/4325
f 4329/4329/4329 4325/4325/4325 4323/4323/4323
f 4329/4329/4329 4323/4323/4323 4324/4324/4324
f 4328/4328/4328 4325/4325/4325 4329/4329/4329
f 4330/4330/4330 4324/4324/4324 4281/4281/4281
f 4330/4330/4330 4329/4329/4329 4324/4324/4324
f 4331/4331/4331 4328/4328/4328 4329/4329/4329
f 4331/4331/4331 4329/4329/4329 4330/4330/4330
f 4332/4332/4332 4328/4328/4328 4331/4331/4331
f 4303/4303/4303 4332/4332/4332 4331/4331/4331
f 4333/4333/4333 4330/4330/4330 4281/4281/4281
f 4333/4333/4333 4331/4331/4331 4330/4330/4330
f 4303/4303/4303 4331/4331/4331 4333/4333/4333
f 4297/4297/4297 4333/4333/4333 4281/4281/4281
f 4297/4297/4297 4303/4303/4303 4333/4333/4333
f 4336/4336/4336 4335/4335/4335 4334/4334/4334
f 4337/4337/4337 4335/4335/4335 4336/4336/4336
f 4338/4338/4338 4337/4337/4337 4336/4336/4336
f 4338/4338/4338 4336/4336/4336 4339/4339/4339
f 4340/4340/4340 4337/4337/4337 4338/4338/4338
f 4341/4341/4341 4338/4338/4338 4339/4339/4339
f 4341/4341/4341 4339/4339/4339 4342/4342/4342
f 4343/4343/4343 4341/4341/4341 4342/4342/4342
f 4344/4344/4344 4340/4340/4340 4338/4338/4338
f 4344/4344/4344 4338/4338/4338 4341/4341/4341
f 4345/4345/4345 4340/4340/4340 4344/4344/4344
f 4346/4346/4346 4345/4345/4345 4344/4344/4344
f 4347/4347/4347 4341/4341/4341 4343/4343/4343
f 4347/4347/4347 4344/4344/4344 4341/4341/4341
f 4346/4346/4346 4344/4344/4344 4347/4347/4347
f 4348/4348/4348 4347/4347/4347 4343/4343/4343
f 4349/4349/4349 4346/4346/4346 4347/4347/4347
f 4352/4352/4352 4351/4351/4351 4350/4350/4350
f 4353/4353/4353 4352/4352/4352 4350/4350/4350
f 4353/4353/4353 4350/4350/4350 4354/4354/4354
f 4355/4355/4355 4353/4353/4353 4354/4354/4354
f 4356/4356/4356 4353/4353/4353 4355/4355/4355
f 4357/4357/4357 4356/4356/4356 4355/4355/4355
f 4357/4357/4357 4355/4355/4355 4358/4358/4358
f 4359/4359/4359 4357/4357/4357 4358/4358/4358
f 4362/4362/4362 4361/4361/4361 4360/4360/4360
f 4363/4363/4363 4362/4362/4362 4360/4360/4360
f 4365/4365/4365 4364/4364/4364 4362/4362/4362
f 4366/4366/4366 4365/4365/4365 4362/4362/4362
f 4369/4369/4369 4368/4368/4368 4367/4367/4367
f 4370/4370/4370 4369/4369/4369 4367/4367/4367
f 4373/4373/4373 4372/4372/4372 4371/4371/4371
f 4374/4374/4374 4373/4373/4373 4371/4371/4371
f 4374/4374/4374 4371/4371/4371 4375/4375/4375
f 4376/4376/4376 4374/4374/4374 4375/4375/4375
f 4377/4377/4377 4374/4374/4374 4376/4376/4376
f 4378/4378/4378 4377/4377/4377 4376/4376/4376
f 4379/4379/4379 4373/4373/4373 4374/4374/4374
f 4377/4377/4377 4379/4379/4379 4374/4374/4374
f 4379/4379/4379 4380/4380/4380 4373/4373/4373
f 4380/4380/4380 4381/4381/4381 4373/4373/4373
f 4382/4382/4382 4379/4379/4379 4377/4377/4377
f 4383/4383/4383 4377/4377/4377 4378/4378/4378
f 4383/4383/4383 4382/4382/4382 4377/4377/4377
f 4384/4384/4384 4383/4383/4383 4378/4378/4378
f 4385/4385/4385 4382/4382/4382 4383/4383/4383
f 4386/4386/4386 4383/4383/4383 4384/4384/4384
f 4386/4386/4386 4385/4385/4385 4383/4383/4383
f 4387/4387/4387 4385/4385/4385 4386/4386/4386
f 4388/4388/4388 4386/4386/4386 4384/4384/4384
f 4389/4389/4389 4387/4387/4387 4386/4386/4386
f 4389/4389/4389 4386/4386/4386 4388/4388/4388
f 4390/4390/4390 4387/4387/4387 4389/4389/4389
f 4391/4391/4391 4389/4389/4389 4388/4388/4388
f 4391/4391/4391 4388/4388/4388 4392/4392/4392
f 4393/4393/4393 4391/4391/4391 4392/4392/4392
f 4394/4394/4394 4389/4389/4389 4391/4391/4391
f 4394/4394/4394 4390/4390/4390 4389/4389/4389
f 4395/4395/4395 4391/4391/4391 4393/4393/4393
f 4395/4395/4395 4394/4394/4394 4391/4391/4391
f 4396/4396/4396 4395/4395/4395 4393/4393/4393
f 4397/4397/4397 4395/4395/4395 4396/4396/4396
f 4397/4397/4397 4398/4398/4398 4395/4395/4395
f 4398/4398/4398 4394/4394/4394 4395/4395/4395
f 4399/4399/4399 4398/4398/4398 4397/4397/4397
f 4400/4400/4400 4390/4390/4390 4394/4394/4394
f 4398/4398/4398 4400/4400/4400 4394/4394/4394
f 4399/4399/4399 4401/4401/4401 4398/4398/4398
f 4401/4401/4401 4400/4400/4400 4398/4398/4398
f 4402/4402/4402 4401/4401/4401 4399/4399/4399
f 4400/4400/4400 4403/4403/4403 4390/4390/4390
f 4403/4403/4403 4404/4404/4404 4390/4390/4390
f 4405/4405/4405 4403/4403/4403 4400/4400/4400
f 4401/4401/4401 4405/4405/4405 4400/4400/4400
f 4406/4406/4406 4405/4405/4405 4401/4401/4401
f 4402/4402/4402 4406/4406/4406 4401/4401/4401
f 4407/4407/4407 4406/4406/4406 4402/4402/4402
f 4407/4407/4407 4408/4408/4408 4406/4406/4406
f 4408/4408/4408 4409/4409/4409 4406/4406/4406
f 4410/4410/4410 4408/4408/4408 4407/4407/4407
f 4413/4413/4413 4412/4412/4412 4411/4411/4411
f 4414/4414/4414 4413/4413/4413 4411/4411/4411
f 4415/4415/4415 4413/4413/4413 4414/4414/4414
f 4416/4416/4416 4415/4415/4415 4414/4414/4414
f 4416/4416/4416 4414/4414/4414 4417/4417/4417
f 4418/4418/4418 4416/4416/4416 4417/4417/4417
f 4415/4415/4415 4419/4419/4419 4413/4413/4413
f 4419/4419/4419 4420/4420/4420 4413/4413/4413
f 4419/4419/4419 4421/4421/4421 4420/4420/4420
f 4421/4421/4421 4422/4422/4422 4420/4420/4420
f 4423/4423/4423 4415/4415/4415 4416/4416/4416
f 4424/4424/4424 4416/4416/4416 4418/4418/4418
f 4424/4424/4424 4423/4423/4423 4416/4416/4416
f 4425/4425/4425 4419/4419/4419 4415/4415/4415
f 4423/4423/4423 4425/4425/4425 4415/4415/4415
f 4426/4426/4426 4421/4421/4421 4419/4419/4419
f 4425/4425/4425 4426/4426/4426 4419/4419/4419
f 4427/4427/4427 4424/4424/4424 4418/4418/4418
f 4427/4427/4427 4418/4418/4418 4428/4428/4428
f 4421/4421/4421 4429/4429/4429 4422/4422/4422
f 4426/4426/4426 4430/4430/4430 4421/4421/4421
f 4430/4430/4430 4429/4429/4429 4421/4421/4421
f 4429/4429/4429 4431/4431/4431 4422/4422/4422
f 4422/4422/4422 4431/4431/4431 4432/4432/4432
f 4431/4431/4431 4433/4433/4433 4432/4432/4432
f 4431/4431/4431 4434/4434/4434 4433/4433/4433
f 4434/4434/4434 4435/4435/4435 4433/4433/4433
f 4429/4429/4429 4436/4436/4436 4431/4431/4431
f 4436/4436/4436 4434/4434/4434 4431/4431/4431
f 4436/4436/4436 4437/4437/4437 4434/4434/4434
f 4437/4437/4437 4438/4438/4438 4434/4434/4434
f 4439/4439/4439 4437/4437/4437 4436/4436/4436
f 4440/4440/4440 4436/4436/4436 4429/4429/4429
f 4440/4440/4440 4439/4439/4439 4436/4436/4436
f 4430/4430/4430 4440/4440/4440 4429/4429/4429
f 4441/4441/4441 4439/4439/4439 4440/4440/4440
f 4442/4442/4442 4440/4440/4440 4430/4430/4430
f 4442/4442/4442 4441/4441/4441 4440/4440/4440
f 4443/4443/4443 4442/4442/4442 4430/4430/4430
f 4443/4443/4443 4430/4430/4430 4426/4426/4426
f 4444/4444/4444 4443/4443/4443 4426/4426/4426
f 4444/4444/4444 4426/4426/4426 4425/4425/4425
f 4445/4445/4445 4444/4444/4444 4425/4425/4425
f 4445/4445/4445 4425/4425/4425 4423/4423/4423
f 4446/4446/4446 4445/4445/4445 4423/4423/4423
f 4446/4446/4446 4423/4423/4423 4424/4424/4424
f 4447/4447/4447 4446/4446/4446 4424/4424/4424
f 4447/4447/4447 4424/4424/4424 4427/4427/4427
f 4448/4448/4448 4441/4441/4441 4442/4442/4442
f 4449/4449/4449 4442/4442/4442 4443/4443/4443
f 4449/4449/4449 4448/4448/4448 4442/4442/4442
f 4450/4450/4450 4443/4443/4443 4444/4444/4444
f 4450/4450/4450 4449/4449/4449 4443/4443/4443
f 4451/4451/4451 4444/4444/4444 4445/4445/4445
f 4451/4451/4451 4450/4450/4450 4444/4444/4444
f 4452/4452/4452 4445/4445/4445 4446/4446/4446
f 4452/4452/4452 4451/4451/4451 4445/4445/4445
f 4448/4448/4448 4453/4453/4453 4441/4441/4441
f 4453/4453/4453 4454/4454/4454 4441/4441/4441
f 4455/4455/4455 4453/4453/4453 4448/4448/4448
f 4456/4456/4456 4455/4455/4455 4448/4448/4448
f 4456/4456/4456 4448/4448/4448 4449/4449/4449
f 4457/4457/4457 4455/4455/4455 4456/4456/4456
f 4458/4458/4458 4449/4449/4449 4450/4450/4450
f 4458/4458/4458 4456/4456/4456 4449/4449/4449
f 4459/4459/4459 4457/4457/4457 4456/4456/4456
f 4459/4459/4459 4456/4456/4456 4458/4458/4458
f 4460/4460/4460 4457/4457/4457 4459/4459/4459
f 4461/4461/4461 4460/4460/4460 4459/4459/4459
f 4462/4462/4462 4450/4450/4450 4451/4451/4451
f 4462/4462/4462 4458/4458/4458 4450/4450/4450
f 4463/4463/4463 4459/4459/4459 4458/4458/4458
f 4461/4461/4461 4459/4459/4459 4463/4463/4463
f 4463/4463/4463 4458/4458/4458 4462/4462/4462
f 4464/4464/4464 4462/4462/4462 4451/4451/4451
f 4464/4464/4464 4451/4451/4451 4452/4452/4452
f 4465/4465/4465 4461/4461/4461 4463/4463/4463
f 4466/4466/4466 4461/4461/4461 4465/4465/4465
f 4467/4467/4467 4463/4463/4463 4462/4462/4462
f 4467/4467/4467 4462/4462/4462 4464/4464/4464
f 4465/4465/4465 4463/4463/4463 4467/4467/4467
f 4468/4468/4468 4466/4466/4466 4465/4465/4465
f 4469/4469/4469 4466/4466/4466 4468/4468/4468
f 4470/4470/4470 4469/4469/4469 4468/4468/4468
f 4471/4471/4471 4465/4465/4465 4467/4467/4467
f 4468/4468/4468 4465/4465/4465 4471/4471/4471
f 4470/4470/4470 4468/4468/4468 4472/4472/4472
f 4472/4472/4472 4468/4468/4468 4471/4471/4471
f 4473/4473/4473 4470/4470/4470 4472/4472/4472
f 4474/4474/4474 4467/4467/4467 4464/4464/4464
f 4471/4471/4471 4467/4467/4467 4474/4474/4474
f 4475/4475/4475 4464/4464/4464 4452/4452/4452
f 4474/4474/4474 4464/4464/4464 4475/4475/4475
f 4472/4472/4472 4471/4471/4471 4476/4476/4476
f 4476/4476/4476 4471/4471/4471 4474/4474/4474
f 4473/4473/4473 4472/4472/4472 4477/4477/4477
f 4477/4477/4477 4472/4472/4472 4476/4476/4476
f 4478/4478/4478 4473/4473/4473 4477/4477/4477
f 4476/4476/4476 4474/4474/4474 4479/4479/4479
f 4479/4479/4479 4474/4474/4474 4475/4475/4475
f 4475/4475/4475 4452/4452/4452 4480/4480/4480
f 4480/4480/4480 4452/4452/4452 4446/4446/4446
f 4480/4480/4480 4446/4446/4446 4447/4447/4447
f 4477/4477/4477 4476/4476/4476 4481/4481/4481
f 4481/4481/4481 4476/4476/4476 4479/4479/4479
f 4478/4478/4478 4477/4477/4477 4482/4482/4482
f 4482/4482/4482 4477/4477/4477 4481/4481/4481
f 4483/4483/4483 4478/4478/4478 4482/4482/4482
f 4484/4484/4484 4475/4475/4475 4480/4480/4480
f 4479/4479/4479 4475/4475/4475 4484/4484/4484
f 4485/4485/4485 4480/4480/4480 4447/4447/4447
f 4484/4484/4484 4480/4480/4480 4485/4485/4485
f 4481/4481/4481 4479/4479/4479 4486/4486/4486
f 4486/4486/4486 4479/4479/4479 4484/4484/4484
f 4482/4482/4482 4481/4481/4481 4487/4487/4487
f 4487/4487/4487 4481/4481/4481 4486/4486/4486
f 4483/4483/4483 4482/4482/4482 4488/4488/4488
f 4488/4488/4488 4482/4482/4482 4487/4487/4487
f 4489/4489/4489 4483/4483/4483 4488/4488/4488
f 4486/4486/4486 4484/4484/4484 4490/4490/4490
f 4490/4490/4490 4484/4484/4484 4485/4485/4485
f 4485/4485/4485 4447/4447/4447 4491/4491/4491
f 4491/4491/4491 4447/4447/4447 4427/4427/4427
f 4487/4487/4487 4486/4486/4486 4492/4492/4492
f 4492/4492/4492 4486/4486/4486 4490/4490/4490
f 4488/4488/4488 4487/4487/4487 4493/4493/4493
f 4493/4493/4493 4487/4487/4487 4492/4492/4492
f 4489/4489/4489 4488/4488/4488 4494/4494/4494
f 4494/4494/4494 4488/4488/4488 4493/4493/4493
f 4495/4495/4495 4489/4489/4489 4494/4494/4494
f 4490/4490/4490 4485/4485/4485 4496/4496/4496
f 4496/4496/4496 4485/4485/4485 4491/4491/4491
f 4491/4491/4491 4427/4427/4427 4497/4497/4497
f 4497/4497/4497 4427/4427/4427 4428/4428/4428
f 4492/4492/4492 4490/4490/4490 4498/4498/4498
f 4498/4498/4498 4490/4490/4490 4496/4496/4496
f 4493/4493/4493 4492/4492/4492 4499/4499/4499
f 4499/4499/4499 4492/4492/4492 4498/4498/4498
f 4494/4494/4494 4493/4493/4493 4500/4500/4500
f 4500/4500/4500 4493/4493/4493 4499/4499/4499
f 4495/4495/4495 4494/4494/4494 4501/4501/4501
f 4501/4501/4501 4494/4494/4494 4500/4500/4500
f 4502/4502/4502 4495/4495/4495 4501/4501/4501
f 4496/4496/4496 4491/4491/4491 4503/4503/4503
f 4503/4503/4503 4491/4491/4491 4497/4497/4497
f 4497/4497/4497 4428/4428/4428 4504/4504/4504
f 4504/4504/4504 4428/4428/4428 4505/4505/4505
f 4506/4506/4506 4497/4497/4497 4504/4504/4504
f 4503/4503/4503 4497/4497/4497 4506/4506/4506
f 4506/4506/4506 4504/4504/4504 4507/4507/4507
f 4508/4508/4508 4506/4506/4506 4507/4507/4507
f 4509/4509/4509 4506/4506/4506 4508/4508/4508
f 4509/4509/4509 4503/4503/4503 4506/4506/4506
f 4510/4510/4510 4509/4509/4509 4508/4508/4508
f 4511/4511/4511 4496/4496/4496 4503/4503/4503
f 4511/4511/4511 4503/4503/4503 4509/4509/4509
f 4498/4498/4498 4496/4496/4496 4511/4511/4511
f 4512/4512/4512 4509/4509/4509 4510/4510/4510
f 4512/4512/4512 4511/4511/4511 4509/4509/4509
f 4513/4513/4513 4512/4512/4512 4510/4510/4510
f 4514/4514/4514 4498/4498/4498 4511/4511/4511
f 4514/4514/4514 4511/4511/4511 4512/4512/4512
f 4499/4499/4499 4498/4498/4498 4514/4514/4514
f 4515/4515/4515 4512/4512/4512 4513/4513/4513
f 4515/4515/4515 4514/4514/4514 4512/4512/4512
f 4516/4516/4516 4515/4515/4515 4513/4513/4513
f 4517/4517/4517 4499/4499/4499 4514/4514/4514
f 4517/4517/4517 4514/4514/4514 4515/4515/4515
f 4500/4500/4500 4499/4499/4499 4517/4517/4517
f 4518/4518/4518 4517/4517/4517 4515/4515/4515
f 4519/4519/4519 4500/4500/4500 4517/4517/4517
f 4519/4519/4519 4517/4517/4517 4518/4518/4518
f 4501/4501/4501 4500/4500/4500 4519/4519/4519
f 4520/4520/4520 4519/4519/4519 4518/4518/4518
f 4521/4521/4521 4501/4501/4501 4519/4519/4519
f 4521/4521/4521 4519/4519/4519 4520/4520/4520
f 4522/4522/4522 4521/4521/4521 4520/4520/4520
f 4502/4502/4502 4501/4501/4501 4521/4521/4521
f 4523/4523/4523 4502/4502/4502 4521/4521/4521
f 4526/4526/4526 4525/4525/4525 4524/4524/4524
f 4527/4527/4527 4526/4526/4526 4524/4524/4524
f 4527/4527/4527 4524/4524/4524 4528/4528/4528
f 4529/4529/4529 4527/4527/4527 4528/4528/4528
f 4530/4530/4530 4527/4527/4527 4529/4529/4529
f 4531/4531/4531 4530/4530/4530 4529/4529/4529
f 4531/4531/4531 4529/4529/4529 4532/4532/4532
f 4535/4535/4535 4534/4534/4534 4533/4533/4533
f 4534/4534/4534 4536/4536/4536 4533/4533/4533
f 4534/4534/4534 4537/4537/4537 4536/4536/4536
f 4537/4537/4537 4538/4538/4538 4536/4536/4536
f 4536/4536/4536 4538/4538/4538 4539/4539/4539
f 4540/4540/4540 4537/4537/4537 4534/4534/4534
f 4541/4541/4541 4540/4540/4540 4534/4534/4534
f 4538/4538/4538 4542/4542/4542 4539/4539/4539
f 4539/4539/4539 4542/4542/4542 4543/4543/4543
f 4537/4537/4537 4544/4544/4544 4538/4538/4538
f 4540/4540/4540 4544/4544/4544 4537/4537/4537
f 4538/4538/4538 4544/4544/4544 4542/4542/4542
f 4545/4545/4545 4540/4540/4540 4541/4541/4541
f 4545/4545/4545 4544/4544/4544 4540/4540/4540
f 4546/4546/4546 4545/4545/4545 4541/4541/4541
f 4542/4542/4542 4547/4547/4547 4543/4543/4543
f 4542/4542/4542 4544/4544/4544 4547/4547/4547
f 4543/4543/4543 4547/4547/4547 4548/4548/4548
f 4547/4547/4547 4544/4544/4544 4549/4549/4549
f 4547/4547/4547 4549/4549/4549 4548/4548/4548
f 4550/4550/4550 4544/4544/4544 4545/4545/4545
f 4550/4550/4550 4545/4545/4545 4546/4546/4546
f 4551/4551/4551 4550/4550/4550 4546/4546/4546
f 4552/4552/4552 4544/4544/4544 4550/4550/4550
f 4553/4553/4553 4544/4544/4544 4552/4552/4552
f 4554/4554/4554 4544/4544/4544 4553/4553/4553
f 4555/4555/4555 4544/4544/4544 4554/4554/4554
f 4556/4556/4556 4544/4544/4544 4555/4555/4555
f 4556/4556/4556 4555/4555/4555 4557/4557/4557
f 4558/4558/4558 4556/4556/4556 4557/4557/4557
f 4559/4559/4559 4544/4544/4544 4556/4556/4556
f 4559/4559/4559 4556/4556/4556 4558/4558/4558
f 4560/4560/4560 4559/4559/4559 4558/4558/4558
f 4561/4561/4561 4544/4544/4544 4559/4559/4559
f 4561/4561/4561 4559/4559/4559 4560/4560/4560
f 4562/4562/4562 4544/4544/4544 4561/4561/4561
f 4563/4563/4563 4561/4561/4561 4560/4560/4560
f 4562/4562/4562 4561/4561/4561 4563/4563/4563
f 4564/4564/4564 4562/4562/4562 4563/4563/4563
f 4565/4565/4565 4562/4562/4562 4564/4564/4564
f 4565/4565/4565 4544/4544/4544 4562/4562/4562
f 4566/4566/4566 4565/4565/4565 4564/4564/4564
f 4567/4567/4567 4565/4565/4565 4566/4566/4566
f 4567/4567/4567 4544/4544/4544 4565/4565/4565
f 4568/4568/4568 4567/4567/4567 4566/4566/4566
f 4569/4569/4569 4567/4567/4567 4568/4568/4568
f 4569/4569/4569 4544/4544/4544 4567/4567/4567
f 4570/4570/4570 4569/4569/4569 4568/4568/4568
f 4570/4570/4570 4568/4568/4568 4571/4571/4571
f 4572/4572/4572 4569/4569/4569 4570/4570/4570
f 4572/4572/4572 4544/4544/4544 4569/4569/4569
f 4573/4573/4573 4572/4572/4572 4570/4570/4570
f 4574/4574/4574 4544/4544/4544 4572/4572/4572
f 4575/4575/4575 4544/4544/4544 4574/4574/4574
f 4576/4576/4576 4544/4544/4544 4575/4575/4575
f 4579/4579/4579 4578/4578/4578 4577/4577/4577
f 4580/4580/4580 4578/4578/4578 4579/4579/4579
f 4581/4581/4581 4580/4580/4580 4579/4579/4579
f 4580/4580/4580 4582/4582/4582 4578/4578/4578
f 4583/4583/4583 4580/4580/4580 4581/4581/4581
f 4584/4584/4584 4582/4582/4582 4580/4580/4580
f 4583/4583/4583 4584/4584/4584 4580/4580/4580
f 4584/4584/4584 4585/4585/4585 4582/4582/4582
f 4586/4586/4586 4584/4584/4584 4583/4583/4583
f 4587/4587/4587 4586/4586/4586 4583/4583/4583
f 4588/4588/4588 4586/4586/4586 4587/4587/4587
f 4589/4589/4589 4585/4585/4585 4584/4584/4584
f 4586/4586/4586 4589/4589/4589 4584/4584/4584
f 4589/4589/4589 4590/4590/4590 4585/4585/4585
f 4588/4588/4588 4591/4591/4591 4586/4586/4586
f 4591/4591/4591 4589/4589/4589 4586/4586/4586
f 4592/4592/4592 4590/4590/4590 4589/4589/4589
f 4591/4591/4591 4592/4592/4592 4589/4589/4589
f 4592/4592/4592 4593/4593/4593 4590/4590/4590
f 4594/4594/4594 4593/4593/4593 4592/4592/4592
f 4595/4595/4595 4594/4594/4594 4592/4592/4592
f 4595/4595/4595 4592/4592/4592 4591/4591/4591
f 4596/4596/4596 4591/4591/4591 4588/4588/4588
f 4596/4596/4596 4595/4595/4595 4591/4591/4591
f 4597/4597/4597 4596/4596/4596 4588/4588/4588
f 4598/4598/4598 4595/4595/4595 4596/4596/4596
f 4599/4599/4599 4596/4596/4596 4597/4597/4597
f 4599/4599/4599 4598/4598/4598 4596/4596/4596
f 4600/4600/4600 4598/4598/4598 4599/4599/4599
f 4601/4601/4601 4600/4600/4600 4599/4599/4599
f 4604/4604/4604 4603/4603/4603 4602/4602/4602
f 4603/4603/4603 4605/4605/4605 4602/4602/4602
f 4603/4603/4603 4606/4606/4606 4605/4605/4605
f 4606/4606/4606 4607/4607/4607 4605/4605/4605
f 4606/4606/4606 4608/4608/4608 4607/4607/4607
f 4608/4608/4608 4609/4609/4609 4607/4607/4607
f 4608/4608/4608 4610/4610/4610 4609/4609/4609
f 4610/4610/4610 4611/4611/4611 4609/4609/4609
f 4610/4610/4610 4612/4612/4612 4611/4611/4611
f 4612/4612/4612 4613/4613/4613 4611/4611/4611
f 4614/4614/4614 4612/4612/4612 4610/4610/4610
f 4615/4615/4615 4614/4614/4614 4610/4610/4610
f 4612/4612/4612 4616/4616/4616 4613/4613/4613
f 4616/4616/4616 4617/4617/4617 4613/4613/4613
f 4614/4614/4614 4618/4618/4618 4612/4612/4612
f 4618/4618/4618 4616/4616/4616 4612/4612/4612
f 4616/4616/4616 4619/4619/4619 4617/4617/4617
f 4619/4619/4619 4620/4620/4620 4617/4617/4617
f 4621/4621/4621 4618/4618/4618 4614/4614/4614
f 4622/4622/4622 4621/4621/4621 4614/4614/4614
f 4621/4621/4621 4623/4623/4623 4618/4618/4618
f 4618/4618/4618 4624/4624/4624 4616/4616/4616
f 4624/4624/4624 4619/4619/4619 4616/4616/4616
f 4623/4623/4623 4624/4624/4624 4618/4618/4618
f 4619/4619/4619 4625/4625/4625 4620/4620/4620
f 4625/4625/4625 4626/4626/4626 4620/4620/4620
f 4627/4627/4627 4625/4625/4625 4619/4619/4619
f 4624/4624/4624 4627/4627/4627 4619/4619/4619
f 4628/4628/4628 4627/4627/4627 4624/4624/4624
f 4623/4623/4623 4628/4628/4628 4624/4624/4624
f 4629/4629/4629 4628/4628/4628 4623/4623/4623
f 4630/4630/4630 4629/4629/4629 4623/4623/4623
f 4633/4633/4633 4632/4632/4632 4631/4631/4631
f 4634/4634/4634 4633/4633/4633 4631/4631/4631
f 4634/4634/4634 4631/4631/4631 4635/4635/4635
f 4636/4636/4636 4633/4633/4633 4634/4634/4634
f 4637/4637/4637 4634/4634/4634 4635/4635/4635
f 4637/4637/4637 4635/4635/4635 4638/4638/4638
f 4639/4639/4639 4636/4636/4636 4634/4634/4634
f 4639/4639/4639 4634/4634/4634 4637/4637/4637
f 4640/4640/4640 4636/4636/4636 4639/4639/4639
f 4641/4641/4641 4640/4640/4640 4639/4639/4639
f 4641/4641/4641 4639/4639/4639 4642/4642/4642
f 4642/4642/4642 4639/4639/4639 4637/4637/4637
f 4643/4643/4643 4641/4641/4641 4642/4642/4642
f 4644/4644/4644 4637/4637/4637 4638/4638/4638
f 4642/4642/4642 4637/4637/4637 4644/4644/4644
f 4644/4644/4644 4638/4638/4638 4645/4645/4645
f 4646/4646/4646 4644/4644/4644 4645/4645/4645
f 4647/4647/4647 4642/4642/4642 4644/4644/4644
f 4643/4643/4643 4642/4642/4642 4647/4647/4647
f 4647/4647/4647 4644/4644/4644 4646/4646/4646
f 4648/4648/4648 4643/4643/4643 4647/4647/4647
f 4649/4649/4649 4643/4643/4643 4648/4648/4648
f 4650/4650/4650 4649/4649/4649 4648/4648/4648
f 4651/4651/4651 4647/4647/4647 4646/4646/4646
f 4648/4648/4648 4647/4647/4647 4651/4651/4651
f 4651/4651/4651 4646/4646/4646 4652/4652/4652
f 4653/4653/4653 4651/4651/4651 4652/4652/4652
f 4650/4650/4650 4648/4648/4648 4654/4654/4654
f 4654/4654/4654 4648/4648/4648 4651/4651/4651
f 4654/4654/4654 4651/4651/4651 4653/4653/4653
f 4655/4655/4655 4650/4650/4650 4654/4654/4654
f 4656/4656/4656 4654/4654/4654 4653/4653/4653
f 4655/4655/4655 4654/4654/4654 4656/4656/4656
f 4657/4657/4657 4655/4655/4655 4656/4656/4656
f 4660/4660/4660 4659/4659/4659 4658/4658/4658
f 4661/4661/4661 4660/4660/4660 4658/4658/4658
f 4662/4662/4662 4660/4660/4660 4661/4661/4661
f 4663/4663/4663 4662/4662/4662 4661/4661/4661
f 4662/4662/4662 4664/4664/4664 4660/4660/4660
f 4664/4664/4664 4665/4665/4665 4660/4660/4660
f 4664/4664/4664 4666/4666/4666 4665/4665/4665
f 4666/4666/4666 4667/4667/4667 4665/4665/4665
f 4668/4668/4668 4666/4666/4666 4664/4664/4664
f 4669/4669/4669 4668/4668/4668 4664/4664/4664
f 4669/4669/4669 4664/4664/4664 4662/4662/4662
f 4670/4670/4670 4668/4668/4668 4669/4669/4669
f 4671/4671/4671 4670/4670/4670 4669/4669/4669
f 4672/4672/4672 4669/4669/4669 4662/4662/4662
f 4672/4672/4672 4662/4662/4662 4663/4663/4663
f 4671/4671/4671 4669/4669/4669 4672/4672/4672
f 4673/4673/4673 4672/4672/4672 4663/4663/4663
f 4673/4673/4673 4663/4663/4663 4674/4674/4674
f 4675/4675/4675 4673/4673/4673 4674/4674/4674
f 4676/4676/4676 4671/4671/4671 4672/4672/4672
f 4676/4676/4676 4672/4672/4672 4673/4673/4673
f 4677/4677/4677 4671/4671/4671 4676/4676/4676
f 4678/4678/4678 4677/4677/4677 4676/4676/4676
f 4679/4679/4679 4673/4673/4673 4675/4675/4675
f 4679/4679/4679 4676/4676/4676 4673/4673/4673
f 4678/4678/4678 4676/4676/4676 4679/4679/4679
f 4680/4680/4680 4679/4679/4679 4675/4675/4675
f 4681/4681/4681 4678/4678/4678 4679/4679/4679
f 4681/4681/4681 4679/4679/4679 4680/4680/4680
f 4684/4684/4684 4683/4683/4683 4682/4682/4682
f 4685/4685/4685 4683/4683/4683 4684/4684/4684
f 4686/4686/4686 4685/4685/4685 4684/4684/4684
f 4687/4687/4687 4685/4685/4685 4686/4686/4686
f 4687/4687/4687 4688/4688/4688 4685/4685/4685
f 4688/4688/4688 4689/4689/4689 4685/4685/4685
f 4690/4690/4690 4688/4688/4688 4687/4687/4687
f 4691/4691/4691 4687/4687/4687 4686/4686/4686
f 4691/4691/4691 4686/4686/4686 4692/4692/4692
f 4693/4693/4693 4691/4691/4691 4692/4692/4692
f 4694/4694/4694 4690/4690/4690 4687/4687/4687
f 4694/4694/4694 4687/4687/4687 4691/4691/4691
f 4695/4695/4695 4690/4690/4690 4694/4694/4694
f 4696/4696/4696 4694/4694/4694 4691/4691/4691
f 4696/4696/4696 4691/4691/4691 4693/4693/4693
f 4697/4697/4697 4696/4696/4696 4693/4693/4693
f 4697/4697/4697 4693/4693/4693 4698/4698/4698
f 4699/4699/4699 4696/4696/4696 4697/4697/4697
f 4700/4700/4700 4697/4697/4697 4698/4698/4698
f 4700/4700/4700 4698/4698/4698 4701/4701/4701
f 4702/4702/4702 4699/4699/4699 4697/4697/4697
f 4702/4702/4702 4697/4697/4697 4700/4700/4700
f 4703/4703/4703 4702/4702/4702 4700/4700/4700
f 4704/4704/4704 4699/4699/4699 4702/4702/4702
f 4705/4705/4705 4704/4704/4704 4702/4702/4702
f 4708/4708/4708 4707/4707/4707 4706/4706/4706
f 4709/4709/4709 4708/4708/4708 4706/4706/4706
f 4712/4712/4712 4711/4711/4711 4710/4710/4710
f 4713/4713/4713 4712/4712/4712 4710/4710/4710
f 4714/4714/4714 4712/4712/4712 4713/4713/4713
f 4715/4715/4715 4714/4714/4714 4713/4713/4713
f 4715/4715/4715 4713/4713/4713 4716/4716/4716
f 4717/4717/4717 4715/4715/4715 4716/4716/4716
f 4718/4718/4718 4715/4715/4715 4717/4717/4717
f 4718/4718/4718 4719/4719/4719 4715/4715/4715
f 4720/4720/4720 4718/4718/4718 4717/4717/4717
f 4720/4720/4720 4717/4717/4717 4721/4721/4721
f 4722/4722/4722 4720/4720/4720 4721/4721/4721
f 4723/4723/4723 4719/4719/4719 4718/4718/4718
f 4723/4723/4723 4724/4724/4724 4719/4719/4719
f 4725/4725/4725 4724/4724/4724 4723/4723/4723
f 4726/4726/4726 4725/4725/4725 4723/4723/4723
f 4727/4727/4727 4723/4723/4723 4718/4718/4718
f 4727/4727/4727 4718/4718/4718 4720/4720/4720
f 4726/4726/4726 4723/4723/4723 4727/4727/4727
f 4728/4728/4728 4720/4720/4720 4722/4722/4722
f 4728/4728/4728 4727/4727/4727 4720/4720/4720
f 4729/4729/4729 4728/4728/4728 4722/4722/4722
f 4730/4730/4730 4726/4726/4726 4727/4727/4727
f 4730/4730/4730 4727/4727/4727 4728/4728/4728
f 4731/4731/4731 4726/4726/4726 4730/4730/4730
f 4732/4732/4732 4731/4731/4731 4730/4730/4730
f 4733/4733/4733 4728/4728/4728 4729/4729/4729
f 4733/4733/4733 4730/4730/4730 4728/4728/4728
f 4732/4732/4732 4730/4730/4730 4733/4733/4733
f 4734/4734/4734 4733/4733/4733 4729/4729/4729
f 4735/4735/4735 4732/4732/4732 4733/4733/4733
f 4735/4735/4735 4733/4733/4733 4734/4734/4734
f 4736/4736/4736 4735/4735/4735 4734/4734/4734
