g bed blanket
v -0.00802770536 0.000960072211 -0.0012610018
v -0.00802860688 0.00158011832 -0.0012593281
v -0.00746397115 0.00158067548 -0.00109825097
v 0.0071068476 0.00105385901 -0.00312714162
v 0.00679948134 0.00140866172 -0.00326174241
v 0.00689616986 0.00139821274 -0.00372929801
v 0.0071068476 0.00105385901 -0.00312714162
v 0.00689616986 0.00139821274 -0.00372929801
v 0.00734039955 0.00106622593 -0.00356037426
v -0.00835678633 -0.00883226655 -0.00162435812
v -0.00801520981 -0.00818246882 -0.00122829061
v -0.0080156941 -0.00883604307 -0.00123676204
v 0.00678810244 0.00103256782 -0.00272826781
v 0.00701412186 0.00104199187 -0.00316265435
v 0.00672028121 0.00134968245 -0.00327751483
v -0.00794136524 -0.00491557829 -0.00129300484
v -0.00743985921 -0.00426088413 -0.00112321379
v -0.00793806091 -0.00426229602 -0.00130222121
v -0.00801328197 0.00978964102 -0.00123786391
v -0.00801436603 0.0104434025 -0.00124000269
v -0.00745072309 0.0104436856 -0.00107678771
v -0.007455552 0.0097900657 -0.00106293708
v -0.00801266078 0.00913592521 -0.00123473373
v -0.00685144169 0.010438391 -0.00111212977
v -0.00745937321 0.00913638528 -0.0010512952
v -0.00801034924 0.00848227553 -0.00123334513
v -0.00685520517 0.00978551526 -0.00108327949
v -0.00625969516 0.0104297074 -0.00119397161
v -0.00746205589 0.00848271791 -0.00104085531
v -0.00800903048 0.00782876089 -0.00123103603
v -0.00626122998 0.00977766514 -0.00115410553
v -0.00566115323 0.0104240282 -0.001233652
v -0.00685856258 0.00913261063 -0.00105841935
v -0.00746312318 0.00782905146 -0.00103428436
v -0.00800467189 0.00717541156 -0.00123222335
v -0.00566282636 0.00977175124 -0.00119475054
v -0.00506057125 0.010423068 -0.00122333283
v -0.00686127134 0.00847977679 -0.00103388343
v -0.00626215898 0.00912572723 -0.00111570791
v -0.00746379187 0.00717551261 -0.00102723727
v -0.00800449308 0.00654751621 -0.00122949958
v -0.00506218895 0.00977007113 -0.00119231537
v -0.00446082838 0.0104191815 -0.00125813438
v -0.00686293701 0.00782692246 -0.00101137173
v -0.00626255013 0.00847425032 -0.00107359432
v -0.00566324685 0.00911978539 -0.00115300284
v -0.00746592321 0.0065470594 -0.00102062279
v -0.00800807308 0.00597759197 -0.00122918165
v -0.00446130056 0.00976835284 -0.00120326341
v -0.00385961845 0.0104203448 -0.00125456718
v -0.00686422223 0.0071738651 -0.000993989059
v -0.00626252079 0.00782299042 -0.00103115744
v -0.00566254789 0.00846934319 -0.00109714805
v -0.0050624609 0.00911743939 -0.00115600624
v -0.00746668782 0.00597690884 -0.00102531759
v -0.00800978858 0.00545477914 -0.00123171951
v -0.00386145664 0.00977129769 -0.00118924782
v -0.00325911096 0.0104241408 -0.00122865895
v -0.00686617009 0.00654572481 -0.000987303327
v -0.00626306003 0.00717109349 -0.000998592004
v -0.00566171948 0.00781996641 -0.00103456073
v -0.00506204227 0.00846769381 -0.00109151064
v -0.00446168054 0.00911764614 -0.00114691048
v -0.00325933332 0.00977172516 -0.00119066308
v -0.00265745097 0.0104258098 -0.00121727539
v -0.00386059121 0.00911880378 -0.0011445157
v -0.004461559 0.0084678866 -0.00108295528
v -0.00506166555 0.00781961344 -0.00101659459
v -0.00566192158 0.00716901245 -0.000987362582
v -0.00265784189 0.00977243204 -0.00119678001
v -0.00205533719 0.0104257427 -0.00121917995
v -0.0032595261 0.00911884289 -0.00115835201
v -0.0038603174 0.00846727192 -0.00109438959
v -0.00446043396 0.00781885162 -0.00100923388
v -0.00205606665 0.00977245159 -0.00119924289
v -0.00145298894 0.0104249557 -0.00122590759
v -0.00265825097 0.00911930855 -0.00117028842
v -0.00325977919 0.00846655574 -0.001118924
v -0.0014540439 0.00977208093 -0.00119946967
v -0.000850575161 0.0104244389 -0.00121797726
v -0.002056506 0.00911937561 -0.00117502525
v -0.00085181481 0.00977167021 -0.00120155187
v -0.000247987191 0.0104237683 -0.00120617251
v -0.00506174192 0.00716881314 -0.000957021664
v -0.00385982008 0.00781640131 -0.00103712408
v -0.00265881582 0.00846629404 -0.00114172348
v -0.00145444775 0.00911917258 -0.00118474581
v -0.000249288161 0.00977107231 -0.00121448608
v 0.00035514569 0.0104226936 -0.0012011443
v -0.00445997482 0.00716769602 -0.00094723131
v -0.00326013658 0.00781482272 -0.00107387465
v -0.00205711182 0.0084660165 -0.00115749962
v -0.00085210125 0.00911882892 -0.00123032206
v 0.000353697891 0.00977049582 -0.00121098931
v 0.000958804449 0.0104222475 -0.00119614543
v -0.00385884079 0.00716521917 -0.000979214907
v -0.00265969685 0.00781385228 -0.00110544974
v -0.00145486288 0.00846593454 -0.00118174031
v -0.000249700621 0.0091185784 -0.00127175904
v 0.000957391225 0.00977058895 -0.00118261063
v 0.00156317872 0.0104239024 -0.00118714909
v -0.00326095801 0.007162489 -0.00103625469
v -0.00205846224 0.00781292468 -0.00113297207
v -0.00085257896 0.00846599881 -0.00124178745
v 0.000348407397 0.00911506731 -0.00125045457
v 0.00156215543 0.00977234729 -0.00114816078
v 0.00216908776 0.0104273688 -0.00118813978
v -0.00266161398 0.00716076046 -0.00108131673
v -0.0014560133 0.007812717 -0.00115274545
v -0.00026737983 0.00845213793 -0.00123922597
v 0.000956466596 0.00911905617 -0.00121502788
v 0.00216867239 0.00977599714 -0.00114307622
v 0.00277668936 0.0104335127 -0.00119495834
v -0.0020605349 0.00715969596 -0.00111081742
v -0.000869674841 0.00779807149 -0.00115435699
v 0.000244093084 0.00837943144 -0.000987782492
v 0.00156102108 0.00912113581 -0.00113578129
v 0.00277696503 0.00978266262 -0.00114638614
v 0.00338598969 0.0104427822 -0.00120658032
v -0.00147384906 0.00714320922 -0.00108345377
v -0.000350251561 0.00772514381 -0.000979448785
v 0.000934402167 0.0084525086 -0.00114757533
v 0.00216755318 0.00912498124 -0.00108585507
v 0.00338706048 0.00979163963 -0.0011653814
v 0.00399680715 0.010454 -0.00122502388
v -0.000945153646 0.0070709358 -0.000939268328
v 0.000331278803 0.00779776135 -0.001166531
v 0.00155891536 0.00847010408 -0.00110702869
v 0.00277598877 0.00913154054 -0.00108619407
v 0.00399881508 0.00980330259 -0.00118534744
v 0.00460836291 0.0104681337 -0.0012237815
v -0.000270499702 0.0071434658 -0.00109393802
v 0.000952793809 0.00781509932 -0.00114722701
v 0.00216480787 0.00847457908 -0.00102304376
v 0.00338594406 0.00913952291 -0.00111130322
v 0.00461072754 0.00981845055 -0.00117740151
v 0.00521352561 0.0104846228 -0.0011731605
v 0.000348185131 0.00716011459 -0.00111342268
v 0.00155545841 0.00781802833 -0.00103451579
v 0.00277359178 0.00848011859 -0.00101617689
v 0.00399759552 0.00915067922 -0.00113424344
v 0.00521929143 0.00983441714 -0.00114519475
v 0.00582150789 0.0104945432 -0.00121048104
v 0.000949068344 0.00716120983 -0.00104085729
v 0.00216168514 0.00782172754 -0.000955522351
v 0.0033830984 0.00848695915 -0.0010447338
v 0.00460997876 0.0091649238 -0.00113322341
v 0.00582729932 0.00984454341 -0.00119946443
v 0.00632489054 0.0105015934 -0.00148970541
v 0.00632480346 0.00985268317 -0.00148705149
v 0.00522079086 0.00917936396 -0.00112004357
v 0.00582954055 0.00918909628 -0.00117981189
v 0.00631799363 0.00919769704 -0.00147640414
v 0.00399383949 0.00849629845 -0.00107677968
v 0.00276900572 0.00782767683 -0.000947433989
v 0.00460596243 0.00850817282 -0.00108969479
v 0.00521726487 0.00852021948 -0.0010947343
v 0.00582708884 0.00852977112 -0.0011556712
v 0.00630522287 0.00853596721 -0.00146165909
v 0.00337918312 0.00783258211 -0.000982080353
v 0.00398862734 0.00783988368 -0.00102507812
v 0.00459968485 0.00784894172 -0.00105214643
v 0.00582187716 0.007864777 -0.00113360386
v 0.00628571026 0.00787036028 -0.0014501703
v 0.00521027064 0.00785802025 -0.00107212039
v 0.00581282005 0.0071994001 -0.00111743051
v 0.00626596482 0.00720356638 -0.00144048699
v 0.00520064961 0.00719462195 -0.00105698593
v 0.00459159119 0.00718821213 -0.00103144289
v 0.00398209412 0.00718120625 -0.000999450684
v 0.00337374746 0.00717478432 -0.00095556915
v 0.00580120087 0.00653417688 -0.00110724964
v 0.00624751626 0.00653760554 -0.00143335364
v 0.00518930191 0.00653130654 -0.00105081452
v 0.0045818123 0.00652742293 -0.00102997303
v 0.00397407776 0.00652209669 -0.00100026815
v 0.00578424521 0.00587038323 -0.0011083486
v 0.00621340005 0.0058748154 -0.00144471764
v 0.00517614512 0.00586924469 -0.00105619279
v 0.00457053585 0.00586793572 -0.00105039717
v 0.00576878339 0.00520924898 -0.00111910445
v 0.00622411491 0.00521331606 -0.00143098994
v 0.00516318064 0.00520914188 -0.00107318186
v 0.00575934863 0.00456887204 -0.00112749916
v 0.00621841103 0.00456769206 -0.00143503351
v 0.00336752017 0.00651611248 -0.000955015537
v 0.00396443438 0.00586470449 -0.00103381439
v 0.00455942331 0.00520992884 -0.00108269078
v 0.00515197404 0.00457396405 -0.00109460915
v 0.00573990168 0.00398927787 -0.00115031912
v 0.00620624516 0.00397993298 -0.0014485775
v 0.00335902534 0.00586026022 -0.00100052485
v 0.00395499123 0.00520973746 -0.00107958319
v 0.00454934547 0.00457778899 -0.0011172503
v 0.00513729267 0.00399959367 -0.00111409498
v 0.00572245475 0.00345927919 -0.00117912225
v 0.00621347828 0.00344059523 -0.00145069219
v 0.00335090118 0.00521140685 -0.00105572166
v 0.00394607754 0.00459432602 -0.0011264662
v 0.00453739753 0.00400547963 -0.00115011609
v 0.00512428768 0.00347412471 -0.00113335741
v 0.00571436109 0.00296531827 -0.00119724253
v 0.00622471981 0.00293722539 -0.00144623965
v 0.00334286923 0.00461197644 -0.0011095393
v 0.00393595127 0.00402789144 -0.00116873637
v 0.00452628545 0.00348104234 -0.00117761118
v 0.00511580473 0.00298520713 -0.00115579704
v 0.0057190191 0.0024952495 -0.00118190004
v 0.00621991791 0.00245875982 -0.00144389062
v 0.0033339092 0.00406053197 -0.00115463149
v 0.00392618962 0.00349821313 -0.00120241055
v 0.00451781042 0.00299247727 -0.00119724497
v 0.00511356117 0.00251982803 -0.00116573193
v 0.00570273818 0.00203981856 -0.00120918953
v 0.00621730369 0.00199366361 -0.00145187275
v 0.00332506327 0.00354555412 -0.00119355298
v 0.00391808804 0.00299336459 -0.00122169743
v 0.00451339828 0.00252803089 -0.00120307528
v 0.00510378182 0.00206789048 -0.00117529463
v 0.00569809461 0.00158471533 -0.00121864118
v 0.00618405128 0.00153278199 -0.0014588316
v 0.00331738708 0.00305487867 -0.00121965841
v 0.00391268265 0.00252534263 -0.0012268828
v 0.00450579822 0.00207671127 -0.00121638947
v 0.00509879924 0.00161691546 -0.00118977495
v 0.00570002943 0.0011187935 -0.00121268805
v 0.00613451283 0.00106443558 -0.00146122929
v 0.00331161055 0.00257698656 -0.00123197294
v 0.00390618714 0.00207344652 -0.00124236266
v 0.004501299 0.00162603508 -0.00123393815
v 0.0050963792 0.00115530693 -0.00119418395
v 0.00569769088 0.000632766867 -0.00117821526
v 0.00617165677 0.000566343078 -0.00143729022
v 0.00330542866 0.00210119551 -0.00125149277
v 0.00390206301 0.0016223581 -0.00126201299
v 0.00449925987 0.00116436451 -0.00123984809
v 0.00509616267 0.000672448659 -0.00116541877
v 0.00569402194 0.000112224814 -0.00115783198
v 0.00619678199 3.77373399E-05 -0.00141441415
v 0.00330185937 0.00162070116 -0.00127907598
v 0.00390004157 0.00116027088 -0.00126602419
v 0.00449932925 0.000680961355 -0.00121888681
v 0.005095331 0.000156610462 -0.00112648972
v 0.00569458585 -0.000452707551 -0.00112854224
v 0.00618545944 -0.000478247239 -0.00139863056
v 0.00329993176 0.00115843571 -0.00128156343
v 0.00390014797 0.000675958174 -0.001251293
v 0.00449967338 0.000164485566 -0.00118434022
v 0.00509735383 -0.000404533435 -0.00108336599
v 0.00569568155 -0.0010316805 -0.00109682186
v 0.00617236318 -0.00103959325 -0.00138186605
v 0.00329936109 0.000674585928 -0.00125607022
v 0.00390117941 0.000158343901 -0.00122084003
v 0.00450149877 -0.000396879012 -0.0011398202
v 0.00510132359 -0.00102180778 -0.00103298563
v 0.00569675956 -0.00164956844 -0.00106492604
v 0.00615896145 -0.00165777013 -0.0013640126
v 0.00330064166 0.000157387694 -0.00121791067
v 0.00390358199 -0.000404537015 -0.00118136895
v 0.00450422429 -0.0010139941 -0.00108060869
v 0.00510671921 -0.00165150978 -0.000980387442
v 0.00570092583 -0.00229996303 -0.00103035721
v 0.00615475979 -0.00230766926 -0.00133793976
v 0.00330331712 -0.000406121311 -0.00118276756
v 0.00390620343 -0.00102293538 -0.00112065184
v 0.00450764457 -0.00166171708 -0.0010077284
v 0.00511199515 -0.00230149017 -0.000934741751
v 0.00570744323 -0.00295027182 -0.000991526525
v 0.00615633139 -0.00295672705 -0.00130505324
v 0.0033061069 -0.00102541782 -0.00112628727
v 0.00390858715 -0.00167033949 -0.00103437097
v 0.00451164227 -0.00230787322 -0.000926567882
v 0.00511507131 -0.00295141386 -0.000889242394
v 0.00570837129 -0.00360020692 -0.00096342247
v 0.00616127299 -0.00360460812 -0.00127585116
v 0.00330873788 -0.00167295616 -0.00103752734
v 0.00391136063 -0.0023131161 -0.000925573404
v 0.00451623695 -0.00295262039 -0.000839419023
v 0.00511429459 -0.0036015634 -0.000850162178
v 0.0057101124 -0.00425860472 -0.000953930896
v 0.00616666535 -0.00425944477 -0.00126474269
v 0.0033114301 -0.00231483974 -0.000920519524
v 0.00391602423 -0.00295182155 -0.000801480841
v 0.00452009542 -0.00359884719 -0.000761995325
v 0.0051120501 -0.00425425638 -0.00084085908
v 0.0056879078 -0.00490978034 -0.00098452298
v 0.00615965808 -0.00490888162 -0.00127839181
v 0.00331488997 -0.00295193377 -0.000782903109
v 0.00392462686 -0.00358866737 -0.00067291077
v 0.00451774895 -0.00425068196 -0.000742105825
v 0.00510601467 -0.00490651419 -0.000852486468
v 0.00570114702 -0.00556046423 -0.000982736005
v 0.00615681801 -0.00555829564 -0.00129478006
v 0.0033173915 -0.0035862315 -0.000630858529
v 0.0039206231 -0.00424597599 -0.000647677167
v 0.00451561343 -0.00490256818 -0.000754016335
v 0.00511364732 -0.00555821927 -0.000855925668
v 0.00568352314 -0.00621168315 -0.00101108279
v 0.00612627156 -0.00620560441 -0.00133110804
v 0.00329749915 -0.00425063539 -0.00054817315
v 0.00392219843 -0.00490020541 -0.000668466964
v 0.00451818155 -0.00555354776 -0.000780463975
v 0.00511461357 -0.00621116674 -0.000856479106
v 0.00568409171 -0.00686270511 -0.00102769025
v 0.0061124051 -0.00685276929 -0.00135961734
v 0.0033160632 -0.00489714323 -0.000648976828
v 0.0039171502 -0.00554704247 -0.000746407954
v 0.00451638596 -0.00620442675 -0.000811122474
v 0.00511367666 -0.00686302455 -0.000876407314
v 0.00568455225 -0.00751290144 -0.00105577009
v 0.00610322692 -0.00749869877 -0.00139602483
v 0.00331419846 -0.00554388436 -0.00074400095
v 0.00391647406 -0.00619141012 -0.000835360843
v 0.00451225135 -0.00685129547 -0.0008782199
v 0.00510527706 -0.00751270121 -0.000924870954
v 0.00567914871 -0.00816235971 -0.00109702849
v 0.00610359758 -0.00814528763 -0.0014345611
v 0.005663977 -0.00881266594 -0.00114413665
v 0.00610877993 -0.00879543833 -0.00146818452
v 0.00506565813 -0.00880529452 -0.00107994641
v 0.00508906273 -0.00815934967 -0.000997695955
v 0.00450928044 -0.0087579228 -0.00125482387
v 0.00451032864 -0.00812305231 -0.00112343288
v 0.00394551782 -0.0087120207 -0.0014154102
v 0.00450950395 -0.00748998672 -0.000989155727
v 0.00393670984 -0.00808361731 -0.00126221881
v 0.00334255141 -0.00871782377 -0.00141115009
v 0.00392717309 -0.00745747145 -0.00110396382
v 0.00333635765 -0.00807726197 -0.00130090932
v 0.00274078967 -0.0087273363 -0.00139926351
v 0.00391964288 -0.00682857307 -0.000955074269
v 0.00273421104 -0.00808434375 -0.00129872258
v 0.00213957997 -0.0087358905 -0.0013995514
v 0.00332854479 -0.00744781038 -0.00115016999
v 0.00332182576 -0.00681707682 -0.00100297562
v 0.00213294709 -0.00809291657 -0.00129886798
v 0.00153880485 -0.00874514878 -0.00139694614
v 0.00272691832 -0.00745342532 -0.00115095451
v 0.00331724249 -0.00618180679 -0.000870560412
v 0.00153228908 -0.00810066238 -0.00130398094
v 0.000938181707 -0.00875404663 -0.00139438862
v 0.00212640571 -0.00745822256 -0.00116404903
v 0.00272139395 -0.00681671919 -0.00102319103
v 0.00271783606 -0.00617671758 -0.000907071808
v 0.000931934977 -0.00810761657 -0.00131191954
v 0.00033754349 -0.0087621361 -0.00139193085
v 0.0015265079 -0.00746263191 -0.00118209375
v 0.00212255795 -0.00681664981 -0.00105685787
v 0.00271351449 -0.0055387849 -0.00078015239
v 0.00033170142 -0.00811375212 -0.00132158818
v -0.000263170456 -0.00876947679 -0.00138952001
v 0.000926792447 -0.00746712741 -0.00120004662
v 0.00212106737 -0.00617291033 -0.000960818201
v 0.00152423512 -0.0068175951 -0.00109368085
v 0.00271362392 -0.00489400188 -0.00068495184
v -0.00026861261 -0.008119612 -0.00132991048
v -0.000864001224 -0.00877641235 -0.00138648273
v 0.000327470363 -0.00747047458 -0.0012224511
v 0.000925832661 -0.00681914855 -0.00112958439
v 0.00152491557 -0.00617048051 -0.0010193194
v 0.00211909646 -0.00553178368 -0.00085376139
v 0.00270894542 -0.00424823398 -0.000587865128
v -0.000869028678 -0.0081255259 -0.00133616768
v -0.00146502373 -0.00878276117 -0.00138810545
v -0.00027230024 -0.00747479964 -0.00123801129
v 0.000327010814 -0.00682125846 -0.00116097403
v 0.000927425164 -0.00616994174 -0.00107043295
v 0.00211565313 -0.00489130896 -0.000743922254
v 0.00152309635 -0.00552847888 -0.000919064565
v -0.00146947161 -0.00813137554 -0.00134375179
v -0.00206632377 -0.00878904853 -0.00139061431
v -0.000872145523 -0.0074796062 -0.0012504349
v -0.000272587844 -0.00682482868 -0.00118195766
v 0.000328177586 -0.00617119018 -0.00110840611
v 0.000924714201 -0.00552777573 -0.000970545108
v 0.00151671143 -0.00489197904 -0.000796364213
v -0.00206993148 -0.0081371963 -0.00135316246
v -0.00266802311 -0.00879525952 -0.00139295158
v -0.0014734834 -0.00748545909 -0.00125782483
v -0.000872541044 -0.00682967249 -0.00119317393
v -0.000272308476 -0.00617440743 -0.00113080034
v 0.00032445215 -0.00552908704 -0.00100666098
v -0.00267061288 -0.00814387109 -0.00135176477
v -0.00327028777 -0.00880001392 -0.00139530352
v -0.00207129749 -0.00748947682 -0.00128022395
v -0.00147322775 -0.00683534658 -0.00120181881
v -0.000873141864 -0.0061792857 -0.00113978202
v -0.00327133411 -0.00814963598 -0.00134309917
v -0.00387306209 -0.00880114362 -0.00139757968
v -0.00267064804 -0.00749902427 -0.00126222963
v -0.00207193918 -0.00684068585 -0.00121565885
v -0.00387212425 -0.0081530381 -0.00132831605
v -0.00447549019 -0.00879617222 -0.0013996769
v -0.00327015622 -0.00750693027 -0.00124287652
v -0.00447199773 -0.00815251842 -0.00130392017
v -0.00507715344 -0.00878854562 -0.00139775767
v -0.000276965642 -0.00553231779 -0.00102688069
v -0.00147355848 -0.00618521729 -0.00114511605
v -0.00267101498 -0.00685087731 -0.00119589816
v -0.00386996916 -0.00751211215 -0.00122134073
v -0.00507102348 -0.00815115124 -0.00127330376
v -0.0056769466 -0.00878853817 -0.00136534928
v -0.000878480496 -0.00553741725 -0.00103252323
v -0.00207344326 -0.0061915773 -0.00115301053
v -0.00327037531 -0.00685877353 -0.00117837638
v -0.00446852669 -0.00751405396 -0.00118574628
v -0.00566882128 -0.00815324858 -0.00123144337
v -0.00626876997 -0.00880344212 -0.00128396822
v -0.00147927727 -0.00554361613 -0.00103585853
v -0.00267294305 -0.00619974919 -0.001160354
v -0.00386943691 -0.00686495937 -0.00114948349
v -0.00506586907 -0.00751594827 -0.00114102138
v -0.00626391359 -0.00816305168 -0.00117005419
v -0.00685021468 -0.0088244779 -0.0011664785
v -0.0020793057 -0.00554863038 -0.00105187448
v -0.00327263772 -0.00620699208 -0.00116394111
v -0.00446714973 -0.00686802203 -0.00110552215
v -0.00566215906 -0.00752081908 -0.00108574273
v -0.00685527362 -0.00817677099 -0.00108991773
v -0.0074435412 -0.0088364156 -0.0010938599
v -0.00267678197 -0.00555232354 -0.00109247002
v -0.00387233566 -0.00621260935 -0.00115159818
v -0.00506337686 -0.00687114289 -0.00104865816
v -0.00626162672 -0.00752217835 -0.00105793774
v -0.00745447073 -0.00818375591 -0.00106040505
v -0.0080156941 -0.00883604307 -0.00123676204
v -0.00801520981 -0.00818246882 -0.00122829061
v -0.00686097704 -0.00752710737 -0.00102595147
v -0.007461912 -0.00753024872 -0.00103436259
v -0.00802163314 -0.00752910646 -0.00120661594
v -0.00566205708 -0.0068726996 -0.00100764749
v -0.0044708997 -0.00621525338 -0.00111816777
v -0.00626324397 -0.00687289285 -0.000988283078
v -0.0074676862 -0.0068764477 -0.00100859581
v -0.00801770389 -0.00687548192 -0.00119921542
v -0.0068649957 -0.00687453803 -0.000986593892
v -0.00506755756 -0.00621681847 -0.00106661615
v -0.00746657886 -0.00622167159 -0.00100835098
v -0.00802527647 -0.00622109696 -0.00118536758
v -0.00566457259 -0.00621721568 -0.00101385498
v -0.0062645846 -0.00621818332 -0.000982253579
v -0.00686597079 -0.00622034958 -0.000981215504
v -0.00746999495 -0.00556685356 -0.000999656739
v -0.00801626779 -0.0055668503 -0.00119721366
v -0.00686648814 -0.00556625519 -0.000997981988
v -0.00626669265 -0.00556604564 -0.0010295281
v -0.00566748949 -0.00556503842 -0.00106165942
v -0.00507062301 -0.00556516228 -0.00111181126
v -0.00746147567 -0.0049127657 -0.00101490342
v -0.00800478831 -0.00491413148 -0.00121570425
v -0.00686125783 -0.00491312332 -0.00102231558
v -0.00626574364 -0.00491484907 -0.00108092837
v -0.00566878356 -0.00491556432 -0.00112955971
v -0.00745599531 -0.00425904104 -0.00102454133
v -0.00800025184 -0.00426121568 -0.00122392015
v -0.00685601216 -0.00425991649 -0.00104160339
v -0.00626353966 -0.00426235795 -0.00111800001
v -0.0074513047 -0.00360573223 -0.00103464851
v -0.00799666345 -0.00360812829 -0.00123232882
v -0.00685149105 -0.00360660418 -0.00105730118
v -0.00744893076 -0.00295266393 -0.00104816305
v -0.00799733028 -0.00295523996 -0.00124027708
v -0.0050705527 -0.00491467305 -0.00116606813
v -0.00566764222 -0.00426364364 -0.00117583841
v -0.00626128493 -0.00360916019 -0.00114460895
v -0.00684909523 -0.0029533261 -0.00107529061
v -0.00744713331 -0.00229981286 -0.00106526131
v -0.00800046325 -0.00230242405 -0.00124759646
v -0.00506809773 -0.00426244689 -0.00120259449
v -0.0056660953 -0.00361051317 -0.00120806857
v -0.00626006909 -0.00295572821 -0.00116756745
v -0.0068478426 -0.00230042264 -0.00109703152
v -0.00744712027 -0.00164740905 -0.00108376052
v -0.00800570752 -0.00165008591 -0.00125571294
v -0.00506605441 -0.00360952551 -0.00123171113
v -0.00566499121 -0.00295674498 -0.00123127713
v -0.0062593394 -0.00230233464 -0.00118986703
v -0.0068481788 -0.00164792815 -0.00111923413
v -0.00744808652 -0.000995507697 -0.00110245787
v -0.00801314786 -0.000997852534 -0.00126128981
v -0.00745132565 -0.000343281019 -0.0011075061
v -0.00684948498 -0.000995657872 -0.00113941159
v -0.00625871168 -0.00164884492 -0.00120854564
v -0.00566384709 -0.00230268808 -0.00124860869
v -0.00685239071 -0.000342965708 -0.00114389288
v -0.00625861622 -0.000995350303 -0.00122284843
v -0.00566259911 -0.00164850033 -0.00126284652
v -0.0068556224 0.0003095883 -0.00113865361
v -0.00745518086 0.000308864692 -0.00110739947
v -0.00625977106 -0.000341618637 -0.00122146646
v -0.00566162867 -0.000994099188 -0.00127158291
v -0.00626119552 0.000311811571 -0.00120773143
v -0.0056618643 -0.000339514605 -0.00126658881
v -0.00566215673 0.000314545614 -0.00124391122
v -0.00506239058 -0.00164741674 -0.00127098314
v -0.00506110489 -0.000992919086 -0.00128019066
v -0.00506103691 -0.000338289741 -0.00126518065
v -0.005061768 0.000315362209 -0.00122999027
v -0.00506378105 -0.00230163848 -0.00125854963
v -0.00506473985 -0.00295574241 -0.00124691555
v -0.00566241844 0.00093479472 -0.00120813586
v -0.00506257545 0.000935148622 -0.00118321937
v -0.00626272149 0.000945410167 -0.00118469365
v -0.00685939752 0.000962048362 -0.00112937973
v -0.00745953666 0.000961021986 -0.00110813521
v -0.00802221708 0.000307509297 -0.0012630967
v -0.00802770536 0.000960072211 -0.0012610018
v -0.00746397115 0.00158067548 -0.00109825097
v -0.00686330255 0.0015815089 -0.00110703555
v -0.00626469404 0.00156594859 -0.00114650233
v -0.00566380331 0.00151532912 -0.00115583627
v -0.00506459922 0.00149549555 -0.00112206023
v -0.00686767977 0.00214343611 -0.00107889378
v -0.00626760954 0.00212862645 -0.00109866622
v -0.0056668357 0.00208071526 -0.00109182554
v -0.00506865513 0.00200795894 -0.00104821648
v -0.0074683032 0.00214318628 -0.00108670502
v -0.00802860688 0.00158011832 -0.0012593281
v -0.0080282595 0.00214298721 -0.00125747838
v -0.00747224269 0.00266008312 -0.00107380003
v -0.00802647881 0.00266028498 -0.0012559162
v -0.00687213242 0.00265971129 -0.0010500222
v -0.0062714424 0.00264555681 -0.00105240755
v -0.00567130558 0.00260109222 -0.00103039481
v -0.00747487647 0.00314305024 -0.00106216059
v -0.00802221708 0.00314363441 -0.00125658861
v -0.00687526818 0.00314246374 -0.00102973427
v -0.00627441378 0.0031299137 -0.00103263848
v -0.00507441442 0.00252942531 -0.000975590025
v -0.00567433285 0.00309055741 -0.00101096148
v -0.00507790316 0.00302699441 -0.000954257499
v -0.00747637311 0.00360369682 -0.00105419662
v -0.0068768519 0.00360328634 -0.0010226533
v -0.00627648458 0.00359237427 -0.00104187161
v -0.00567584904 0.00355763477 -0.00103951409
v -0.00507746544 0.00350176753 -0.00100341497
v -0.00801962242 0.00360444468 -0.00125518814
v -0.00836409349 0.00314333499 -0.00164388632
v -0.00835717283 0.00360487145 -0.00164472044
v -0.00747635355 0.0040533673 -0.00104499608
v -0.00801568106 0.00405424507 -0.00125197263
v -0.00687633501 0.00405326346 -0.00102092593
v -0.00627742894 0.00404387387 -0.00105887337
v -0.00567715289 0.00401358912 -0.00107590435
v -0.00747452769 0.00450388622 -0.00103754492
v -0.00801294111 0.00450472021 -0.00124559086
v -0.00687429309 0.00450388528 -0.00101996772
v -0.00627644127 0.00449613482 -0.00106674933
v -0.00747238519 0.00496691186 -0.00103162916
v -0.00801274832 0.0049676653 -0.00123648893
v -0.00687217154 0.00496678334 -0.00101587654
v -0.00747053139 0.005454008 -0.00102454168
v -0.00687034661 0.00545351859 -0.00100405619
v -0.00686723506 0.00597594865 -0.000994853093
v -0.00627372367 0.00496054441 -0.00105655787
v -0.00567655545 0.00447099144 -0.00109191833
v -0.00627032109 0.00544825289 -0.00102889712
v -0.00626490219 0.00654228684 -0.000986877712
v -0.00626648217 0.00597152766 -0.00100229168
v -0.00566393882 0.00653605722 -0.000970692898
v -0.00567356264 0.00494072447 -0.00107662485
v -0.00566576654 0.00596036669 -0.00099324435
v -0.00506341318 0.00652844645 -0.000941873761
v -0.00566954538 0.00543298107 -0.00103586668
v -0.00506563298 0.00594389532 -0.000970017863
v -0.00446143327 0.00652023964 -0.000936179888
v -0.00506951986 0.00540819671 -0.00101621624
v -0.00507330056 0.004908239 -0.00106445968
v -0.00446462631 0.00592392078 -0.000964200299
v -0.00386103056 0.0065128943 -0.000970554305
v -0.00446894765 0.0053768754 -0.00101095054
v -0.00507633435 0.00443041325 -0.00108100893
v -0.00386433466 0.00590255298 -0.000992819085
v -0.00326258386 0.00650866842 -0.00102205458
v -0.00447323546 0.00486524869 -0.00105061708
v -0.00507756462 0.00396506349 -0.00105662283
v -0.00386886299 0.0053409934 -0.00103362196
v -0.00326574128 0.00588155864 -0.00103771803
v -0.00266400678 0.00650705677 -0.00107303646
v -0.00447652023 0.0043766317 -0.00106590777
v -0.00447831303 0.00390060665 -0.00103697169
v -0.00387316267 0.00481494935 -0.00106792327
v -0.00328370673 0.00529465266 -0.00107814278
v -0.00268178526 0.00585999107 -0.00107616687
v -0.0020785341 0.0064881281 -0.00108291768
v -0.00387655781 0.00431231596 -0.00107821554
v -0.00447898591 0.00342750642 -0.000968665932
v -0.00327384938 0.00478996057 -0.00109656225
v -0.00273476588 0.0052302829 -0.0011257882
v -0.00213853153 0.00578994025 -0.00106614002
v -0.00154168007 0.00641627377 -0.000999349169
v -0.00387857365 0.00384286791 -0.00104715663
v -0.00447999965 0.00294684409 -0.000902454543
v -0.00327754486 0.00430252822 -0.00110820541
v -0.00267698639 0.00477955816 -0.00112414651
v -0.0020811935 0.00528298225 -0.00111814076
v -0.00147743372 0.00585135305 -0.00110421539
v -0.000873565965 0.00648952601 -0.00107511727
v -0.000256180821 0.00650550053 -0.00108387286
v -0.000861989218 0.00585914124 -0.00111658615
v -0.00146803039 0.0052815252 -0.00113622681
v -0.00207353197 0.00476745702 -0.00114267389
v -0.00267841225 0.00429421058 -0.00113911787
v 0.000345273671 0.00650577107 -0.00104691996
v -0.000259961584 0.00585382432 -0.00109608285
v -0.000866273942 0.0052632289 -0.00113194424
v -0.00147253962 0.00474426197 -0.00115201995
v -0.00328024407 0.00383948232 -0.00108238647
v -0.00207843957 0.00427386491 -0.00116196705
v -0.00387847167 0.00339485612 -0.000971020607
v -0.00268232427 0.00382941053 -0.00112388446
v -0.00327995513 0.00339209079 -0.00100883271
v -0.00387928588 0.00294726482 -0.000876895443
v -0.00447975285 0.0024840855 -0.000904981454
v -0.0044743563 0.00200522179 -0.000981021672
v -0.00388111756 0.00248432858 -0.000858195999
v -0.00327762682 0.00294685713 -0.000912864343
v -0.00268308586 0.00337987673 -0.00106053951
v -0.00208317838 0.00380405667 -0.00115669903
v -0.00447035767 0.00149225153 -0.00105475332
v -0.00387868006 0.0020022376 -0.000920567487
v -0.00327797513 0.00248489645 -0.000887176953
v -0.00267984858 0.00293336157 -0.000970612746
v -0.00446827058 0.000931742077 -0.00111613795
v -0.00387838087 0.00148668257 -0.000975496776
v -0.00327797327 0.00200085272 -0.000901649415
v -0.00446714554 0.000312215678 -0.00116511749
v -0.00387812243 0.000925411645 -0.00102968107
v -0.00446313201 -0.000339489576 -0.00121909811
v -0.00208472856 0.00334891304 -0.00110309746
v -0.00267753564 0.00247126701 -0.000924530032
v -0.00327931973 0.00148399593 -0.000939092017
v -0.00387655129 0.00030632675 -0.00108027959
v -0.00446113199 -0.000992711051 -0.00125567883
v -0.00208003959 0.00289813126 -0.00100816193
v -0.00267730886 0.00198588287 -0.000930996786
v -0.00328024407 0.000922135019 -0.000983184553
v -0.00387099385 -0.000344191183 -0.0011400854
v -0.00446186913 -0.00164674618 -0.00127246999
v -0.0020760966 0.00243190629 -0.000947349181
v -0.00267846463 0.0014671227 -0.000958729652
v -0.00328088645 0.00030215978 -0.00101888075
v -0.00386526063 -0.00099517568 -0.00119452458
v -0.00446336763 -0.00230077305 -0.0012647293
v -0.00207616552 0.00194120314 -0.000952645496
v -0.00267962809 0.000902373868 -0.000982674886
v -0.00327786594 -0.000349419715 -0.00106462114
v -0.00386242522 -0.00164675212 -0.00124218769
v -0.00446396926 -0.00295443577 -0.00124956854
v -0.00207778043 0.00141757203 -0.000977707445
v -0.00268078386 0.000280560111 -0.00100239634
v -0.00327347359 -0.00100072788 -0.00111141184
v -0.00386290089 -0.0023002401 -0.00126044825
v -0.00446509756 -0.00360770687 -0.00123511325
v -0.00207933341 0.000848552911 -0.000998733565
v -0.00268259156 -0.000353767275 -0.00100302289
v -0.00326822163 -0.00165044586 -0.00117312081
v -0.00386273116 -0.00295362412 -0.00124970661
v -0.00446756929 -0.00426041288 -0.00121526676
v -0.0020803574 0.000265274488 -0.00100675668
v -0.00268299272 -0.0010072611 -0.00102096284
v -0.00326442649 -0.00230167899 -0.0012223766
v -0.00386393932 -0.00360577228 -0.00121969706
v -0.00447080005 -0.00491223391 -0.00118431577
v -0.0020813169 -0.000355761033 -0.000995805487
v -0.00267922156 -0.00165728375 -0.00107979088
v -0.003263616 -0.00295451819 -0.00121003168
v -0.00386755122 -0.00425733905 -0.0011882449
v -0.00447291322 -0.00556396041 -0.00115440146
v -0.00387098384 -0.00490882201 -0.00116439431
v -0.00387287256 -0.00556064164 -0.00116244773
v -0.00326711731 -0.00360397878 -0.00115834514
v -0.0026707279 -0.0023047619 -0.00115584536
v -0.00327294786 -0.00425421027 -0.00111677172
v -0.00327571505 -0.00490583479 -0.00110126846
v -0.00327382656 -0.00555600459 -0.00113713392
v -0.00267052115 -0.00295696617 -0.00113621668
v -0.00267832773 -0.00360293803 -0.00106080237
v -0.00268421206 -0.0049060802 -0.00101741799
v -0.00268389517 -0.00425354904 -0.00102043443
v -0.00209200638 -0.00490849558 -0.000932534749
v -0.00209411071 -0.00425397512 -0.000925745815
v -0.00209308486 -0.00360074756 -0.000949130044
v -0.00207920582 -0.0029596393 -0.00105709222
v -0.00207524723 -0.00230924296 -0.00110453146
v -0.00149082509 -0.00490661198 -0.000903927954
v -0.00149743783 -0.0042539346 -0.000858320855
v -0.00149769138 -0.00359908515 -0.000868864357
v -0.00148337299 -0.00296213082 -0.00100209785
v -0.000888657698 -0.00490274373 -0.000896013633
v -0.000895445177 -0.00425292784 -0.000834939594
v -0.000894236262 -0.00359985046 -0.000855794817
v -0.000286370429 -0.00489865849 -0.000889838615
v -0.000293423596 -0.00425199 -0.000812251237
v 0.00031546317 -0.00489591667 -0.000869308715
v -0.00147798448 -0.00231367978 -0.00107139
v -0.000883010158 -0.00296563213 -0.000991336652
v -0.000291327247 -0.00360070332 -0.000851041812
v 0.000308208895 -0.0042506461 -0.00078444049
v 0.000916513905 -0.00489374436 -0.0008378239
v 0.000909501279 -0.00424887054 -0.000752129243
v 0.000311067241 -0.00360058714 -0.000835509854
v -0.000282142137 -0.00296847336 -0.000991252018
v 0.00151047879 -0.00424684538 -0.000713629997
v 0.000913056836 -0.00359955849 -0.000810218451
v 0.00031926579 -0.00296953903 -0.000980378943
v 0.00211081118 -0.00424497249 -0.000663999585
v 0.00151441793 -0.00359785184 -0.000774952467
v 0.000920211372 -0.00296790642 -0.000953211333
v 0.00211467384 -0.0035952949 -0.000726597907
v 0.00271346979 -0.00359204877 -0.000662352424
v 0.00271447911 -0.00295643858 -0.000806314347
v 0.00151959551 -0.00296427193 -0.000910883653
v 0.00211713603 -0.00295988144 -0.000857109844
v 0.00271222694 -0.00231791474 -0.000936661789
v 0.00211546151 -0.00232141535 -0.000979218283
v 0.00270940154 -0.00167451182 -0.00104640808
v 0.00151903019 -0.00232542842 -0.00102872448
v 0.00270634191 -0.00102598954 -0.00112917193
v 0.00211152667 -0.00167670951 -0.00107676769
v 0.000920535764 -0.00232765661 -0.00106475444
v 0.00270334235 -0.000406195963 -0.00118196383
v 0.00210721255 -0.00102695392 -0.00114743633
v 0.00151373155 -0.00167866156 -0.00111113884
v 0.000320355874 -0.00232614554 -0.00107792753
v 0.00270075072 0.000156585418 -0.00122761365
v 0.000914194738 -0.00167799986 -0.00112383836
v 0.00150793768 -0.0010274736 -0.0011658232
v 0.00210370333 -0.000406579376 -0.00119230011
v -0.000279644824 -0.00232166681 -0.00107149722
v 0.00269955094 0.000672962575 -0.00127768191
v 0.000315013982 -0.00167385023 -0.00110086543
v 0.000908034446 -0.00102552155 -0.00115530321
v 0.00210091588 0.000176545233 -0.0012365235
v 0.00150394067 -0.000393097405 -0.00119842275
v -0.00087901135 -0.00231733709 -0.00106158876
v -0.000281766377 -0.0016691623 -0.0010536128
v 0.000312116201 -0.00102099823 -0.00109842862
v 0.000904571847 -0.000372200593 -0.00118013471
v 0.00150090805 0.000229050813 -0.00123564049
v -0.000879845058 -0.00166636507 -0.00101674849
v -0.000280220527 -0.00101737841 -0.00101866655
v 0.000311638549 -0.000367645611 -0.00110699178
v -0.00147976365 -0.00166191265 -0.00103603699
v -0.0008792968 -0.00101443089 -0.000978795113
v -0.0020796177 -0.00165887875 -0.00105299742
v -0.00148081162 -0.00101108535 -0.000988655956
v -0.00208256813 -0.00100962806 -0.0009893612
v -0.000280754641 -0.000363621104 -0.00102927687
v -0.000879890518 -0.000360743405 -0.000995587674
v -0.00148050382 -0.000357816811 -0.000995532726
v -0.00147996424 0.000263081049 -0.00100543431
v -0.000879724626 0.000260299275 -0.00100577087
v -0.000282242923 0.000256978557 -0.0010528526
v 0.000311107782 0.000253319129 -0.00112421287
v -0.0014787066 0.000826797856 -0.00100046839
v -0.000878209888 0.000824035436 -0.00100931281
v -0.000281678716 0.000820534711 -0.00106607494
v -0.00147655385 0.00134455354 -0.000983638107
v -0.000875621103 0.00134201953 -0.00100374816
v -0.00147455535 0.00186932029 -0.000967622094
v 0.000902048196 0.00024873123 -0.00120771059
v 0.000307577924 0.000816028158 -0.00115849043
v -0.000281730201 0.00133817596 -0.00107889844
v -0.000874858117 0.00182595954 -0.00100784423
v -0.00147667481 0.00236734003 -0.000991356908
v 0.00089979812 0.000812136277 -0.00123902853
v 0.00149851642 0.000793665415 -0.00127959205
v 0.000306894246 0.00133369351 -0.0011764724
v -0.000284208363 0.00182126113 -0.00110134657
v -0.000880744017 0.00228541344 -0.00105627242
v -0.00148175156 0.00284094689 -0.00105605857
v 0.000899379083 0.00133033842 -0.00125889294
v 0.000304814341 0.00181696261 -0.00119923986
v -0.000290330849 0.00228056661 -0.00114712387
v -0.00088719622 0.0027640909 -0.00112676364
v -0.00148592086 0.00330055458 -0.00114180532
v 0.00149825797 0.001313927 -0.00130326045
v 0.000304244168 0.00227804785 -0.00121799496
v -0.000291290024 0.0027293663 -0.00118810951
v -0.000887157919 0.00323702325 -0.00118077861
v -0.00148305262 0.0037647353 -0.00117898046
v 0.000308154151 0.00272877561 -0.00122062396
v -0.000287141156 0.00318020931 -0.00120442011
v -0.000882382388 0.00371314259 -0.00119021221
v -0.0014777435 0.00424258877 -0.00117042172
v -0.000876775885 0.00420190068 -0.00117166992
v -0.000871230732 0.0047146962 -0.00115085614
v -0.000281524815 0.00365140243 -0.00118841277
v 0.000313575496 0.00318016065 -0.00120981701
v -0.000275630708 0.00415394641 -0.00116840191
v -0.000264452246 0.00524357194 -0.00111977803
v -0.000269730634 0.00468086638 -0.00114622922
v 0.000319428509 0.00364379724 -0.00118604349
v 0.000341413543 0.00585196819 -0.00106323953
v 0.00032555536 0.00413128966 -0.00116121443
v 0.000337069621 0.00522462372 -0.00109740428
v 0.000331810414 0.00465432182 -0.00113487197
v 0.00094641489 0.00650620926 -0.000996336923
v 0.000943135878 0.00585241662 -0.001027258
v 0.000938519195 0.00522380602 -0.00106940954
v 0.000933245698 0.00465403264 -0.00111712411
v 0.000926978712 0.00413090177 -0.00115553464
v 0.00155144604 0.00716295745 -0.00095568446
v 0.00154827593 0.00650687562 -0.000948004541
v 0.00215636613 0.00716645503 -0.000907210226
v 0.0015450808 0.00585276214 -0.000990200206
v 0.00154036493 0.00522249797 -0.00104331877
v 0.00276575494 0.00716962852 -0.000911954907
v 0.00215299241 0.00650827028 -0.000915374141
v 0.00276042777 0.00651125377 -0.000921791303
v 0.00214860635 0.00585334608 -0.000964123872
v 0.00275390595 0.00585588813 -0.000970903318
v 0.0015347075 0.00465061422 -0.00109705084
v 0.00214329292 0.00521890679 -0.0010281062
v 0.00274711032 0.00521461759 -0.00103336468
v 0.00213708542 0.00464192778 -0.00109116815
v 0.00273992075 0.00462826528 -0.0010942939
v 0.0015282958 0.00412574736 -0.00114432001
v 0.00213003508 0.00411161548 -0.00114244642
v 0.00273194863 0.0040891408 -0.0011448221
v 0.00092051056 0.00364294881 -0.00118282717
v 0.00152162707 0.00363600417 -0.00117969315
v 0.000914398988 0.0031789355 -0.00120578823
v 0.00272396579 0.00358557212 -0.00118295022
v 0.00212276075 0.00361642148 -0.00117883482
v 0.000908834161 0.00272727595 -0.00122300792
v 0.00151525112 0.00317000295 -0.00120491127
v 0.00271672267 0.00310604274 -0.00120835833
v 0.00211595627 0.00314533245 -0.00120801537
v 0.000903574342 0.00227673189 -0.00125682307
v 0.00150875491 0.00271678856 -0.00122784777
v 0.00271076872 0.0026392194 -0.00123001821
v 0.00211016554 0.00268668518 -0.00123538414
v 0.000900305924 0.00181468064 -0.00126807147
v 0.00150404521 0.00226467662 -0.00127933139
v 0.00150007277 0.0018006704 -0.0013049182
v 0.00210498087 0.0022299923 -0.00128655799
v 0.00270567299 0.00217456254 -0.00127666292
v 0.0021012004 0.00176114286 -0.00131601619
v 0.00270206947 0.00169830909 -0.00130549865
v 0.00209929608 0.00126942887 -0.00131588709
v 0.00270012906 0.00119943451 -0.00130609341
v 0.00209913496 0.000744661316 -0.00128790259
v 0.00632480346 0.00985268317 -0.00148705149
v 0.00632489054 0.0105015934 -0.00148970541
v 0.00655038701 0.010513125 -0.00194144866
v 0.0065585291 0.00986562949 -0.00193785096
v 0.00631799363 0.00919769704 -0.00147640414
v 0.00658305734 0.0105239497 -0.00242301519
v 0.00654947991 0.00920999888 -0.00192844809
v 0.00630522287 0.00853596721 -0.00146165909
v 0.00661586784 0.00987843703 -0.00241904729
v 0.00652595842 0.0105275335 -0.00290058181
v 0.00652701408 0.00854695588 -0.00191627175
v 0.00628571026 0.00787036028 -0.0014501703
v 0.00657833135 0.00988441799 -0.00289851357
v 0.00644874666 0.0105197867 -0.00337265059
v 0.00663870061 0.00922273658 -0.00240677223
v 0.00650406582 0.0078790132 -0.00190433499
v 0.00626596482 0.00720356638 -0.00144048699
v 0.00653084973 0.00988030341 -0.00337368529
v 0.00637204526 0.0105030807 -0.00384084042
v 0.00651428197 0.009869745 -0.0038452642
v 0.00664199935 0.00855783187 -0.00239033252
v 0.00665743463 0.00923131034 -0.00288691092
v 0.00665275753 0.0092321299 -0.00336373132
v 0.00665383274 0.00922459923 -0.00383594632
v 0.0064782449 0.00721034314 -0.00189436821
v 0.00624751626 0.00653760554 -0.00143335364
v 0.00671254424 0.00856668409 -0.00286707212
v 0.00675910804 0.00857101567 -0.0033419996
v 0.00679429108 0.00856884662 -0.00381326303
v 0.00663384981 0.00788762048 -0.00237397314
v 0.00645194156 0.00654297927 -0.00188765465
v 0.00621340005 0.0058748154 -0.00144471764
v 0.00673330715 0.0078948522 -0.00284596253
v 0.00681643281 0.0078999754 -0.00331684039
v 0.0068888762 0.00790128019 -0.0037851946
v 0.00661402754 0.0072163227 -0.0023608054
v 0.00643537147 0.00587897981 -0.00188674626
v 0.00622411491 0.00521331606 -0.00143098994
v 0.00682799611 0.00722508691 -0.00329683954
v 0.00692174258 0.00722702174 -0.00376272551
v 0.00672678929 0.00722119631 -0.00282919942
v 0.00658590486 0.00654711481 -0.00235257833
v 0.00642381469 0.00521621993 -0.00188183156
v 0.00621841103 0.00456769206 -0.00143503351
v 0.00679936819 0.00655207923 -0.00328619895
v 0.00689443806 0.00655373326 -0.00375183881
v 0.00669769756 0.00654992461 -0.00281954231
v 0.00656163925 0.00588115305 -0.0023499669
v 0.00642821845 0.00456520496 -0.00188082724
v 0.00620624516 0.00397993298 -0.0014485775
v 0.00674987957 0.00588366389 -0.00328363641
v 0.0068338695 0.00588535517 -0.00375027466
v 0.00666059647 0.00588252069 -0.00281663053
v 0.00653772801 0.00521763088 -0.00234714267
v 0.00644699717 0.00396805862 -0.00188071816
v 0.00621347828 0.00344059523 -0.00145069219
v 0.00669444958 0.00521894218 -0.00328388927
v 0.00676207803 0.00522094779 -0.00375215034
v 0.0066219354 0.00521823298 -0.00281534134
v 0.00653055776 0.00456104521 -0.00234647305
v 0.00646454748 0.00341906771 -0.00187906972
v 0.00622471981 0.00293722539 -0.00144623965
v 0.00664288038 0.00455707032 -0.00328596518
v 0.00668872753 0.00455933344 -0.0037557797
v 0.00659341691 0.00455737812 -0.00281595532
v 0.00654100208 0.00395270949 -0.00234643626
v 0.00647507887 0.0029064368 -0.00187668554
v 0.00621991791 0.00245875982 -0.00144389062
v 0.0064727664 0.00241884589 -0.00187420961
v 0.00660206936 0.003919621 -0.0032879191
v 0.00662369607 0.00392032508 -0.00375878089
v 0.00657925894 0.00393528072 -0.0028169346
v 0.00655288016 0.00339315576 -0.00234543136
v 0.00655930396 0.00287051289 -0.00234356825
v 0.00657262653 0.00336305681 -0.00281660259
v 0.00657278858 0.00334245223 -0.00328794401
v 0.00657270523 0.00334089505 -0.00375914038
v 0.00656204578 0.00237308885 -0.00234062551
v 0.00648708409 0.00194371701 -0.00187038537
v 0.00656815711 0.00282843155 -0.00281500327
v 0.00655250251 0.0028144049 -0.0032862674
v 0.00653586769 0.00281047425 -0.00375727518
v 0.00657128682 0.00188854337 -0.00233665342
v 0.00640253909 0.00147858495 -0.00188407314
v 0.00656611472 0.00232893508 -0.00281218393
v 0.00654030126 0.00232329243 -0.00328324432
v 0.00651280396 0.00231714058 -0.00375391426
v 0.00658088597 0.00186394923 -0.00280811661
v 0.00655954145 0.00185723451 -0.00327928062
v 0.00653459784 0.00184934761 -0.00375010725
v 0.00657585682 0.00142173225 -0.00233269925
v 0.00670152344 0.00141635921 -0.00279463874
v 0.00679948134 0.00140866172 -0.00326174241
v 0.00689616986 0.00139821274 -0.00372929801
v 0.0068807588 0.0010382639 -0.00269108848
v 0.0071068476 0.00105385901 -0.00312714162
v 0.0063497778 0.00101424439 -0.00190143974
v 0.00613451283 0.00106443558 -0.00146122929
v 0.00663662003 0.00102014944 -0.00226113852
v 0.00637457287 0.000512585801 -0.00187093182
v 0.00669025863 0.000504092139 -0.00278410851
v 0.00655031251 0.000510119717 -0.00232578372
v 0.00681377528 0.000495192071 -0.00324550201
v 0.00734039955 0.00106622593 -0.00356037426
v 0.00694361189 0.000483027165 -0.00370558142
v 0.0065403888 2.30276582E-05 -0.00230308878
v 0.00645464333 2.98257164E-05 -0.00183732028
v 0.00644067628 -0.00048664122 -0.00182416255
v 0.00657347031 1.53121346E-05 -0.00277340529
v 0.0065984414 5.53041673E-06 -0.00324402214
v 0.00663116435 -6.6900252E-06 -0.00371421198
v 0.00653213495 -0.000493858766 -0.00228919508
v 0.00642102398 -0.00104822533 -0.00180965452
v 0.00656936225 -0.000502201729 -0.0027590245
v 0.00652596261 -0.00105595065 -0.00227281707
v 0.00660627102 -0.000512443774 -0.00322899921
v 0.0066513652 -0.000525403768 -0.00369862304
v 0.00658825133 -0.00106463628 -0.00274083787
v 0.00652707368 -0.00167464535 -0.00225328864
v 0.00664892606 -0.00107491191 -0.00320910569
v 0.00671322644 -0.00108822726 -0.00367720053
v 0.00661341939 -0.00168351573 -0.00271899276
v 0.006518187 -0.00232506497 -0.00223279162
v 0.00669362349 -0.00169394119 -0.00318544265
v 0.0067749219 -0.0017076222 -0.00365186203
v 0.00661925646 -0.00233467738 -0.00269714231
v 0.00647733174 -0.00297408155 -0.00221672119
v 0.00671365438 -0.00234587118 -0.0031622462
v 0.0068114833 -0.00236011832 -0.00362683414
v 0.00657772413 -0.00298458152 -0.00268175337
v 0.00667600427 -0.00299686613 -0.0031467611
v 0.00677913707 -0.00301205274 -0.00361087662
v 0.0064298287 -0.00362240779 -0.00220376975
v 0.00633097393 -0.00361301773 -0.00173746399
v 0.00635803211 -0.00426281244 -0.00172030902
v 0.00652219169 -0.00363337272 -0.00267038727
v 0.00647452753 -0.00427061552 -0.00218364084
v 0.00661768345 -0.00364616257 -0.00313607207
v 0.0067133233 -0.00366120273 -0.00360136386
v 0.00658078119 -0.00428152736 -0.00264807604
v 0.00662136357 -0.00490558194 -0.00215152139
v 0.00668977667 -0.00429355213 -0.0031118053
v 0.00677904952 -0.00490528392 -0.00260691158
v 0.0067980825 -0.00430755643 -0.00357541023
v 0.00692743156 -0.00490582734 -0.00306390645
v 0.00647962419 -0.00680583296 -0.00225388235
v 0.00685943058 -0.00618091878 -0.00262160017
v 0.00662695942 -0.00678243674 -0.00270752911
v 0.00638147816 -0.00743664289 -0.00230920827
v 0.00629590033 -0.00747249182 -0.00184276339
v 0.006324735 -0.00811682362 -0.00187516154
v 0.006448803 -0.0073929932 -0.00277584675
v 0.00641674502 -0.00807922054 -0.00234302389
v 0.00633417955 -0.00876635313 -0.00191002688
v 0.00643857149 -0.00872831605 -0.00237921346
v 0.00641631428 -0.00803303532 -0.00281338021
v 0.00641626958 -0.00868156459 -0.0028535896
v 0.00659363903 -0.00736316619 -0.0032314593
v 0.00684901001 -0.0067724376 -0.00314875529
v 0.00643208809 -0.00798372924 -0.00328231393
v 0.00637091929 -0.00862737931 -0.00332377665
v 0.00650969893 -0.00794403814 -0.00374686113
v 0.00636096718 -0.00857564714 -0.00379290804
v 0.00677213632 -0.00734980172 -0.00368124782
v 0.00643208809 -0.00798372924 -0.00328231393
v 0.00659363903 -0.00736316619 -0.0032314593
v 0.00677213632 -0.00734980172 -0.00368124782
v 0.00704500778 -0.00676416187 -0.00359282014
v 0.00684901001 -0.0067724376 -0.00314875529
v 0.00727577601 -0.00616396964 -0.00350485253
v 0.00707356259 -0.00617317716 -0.00306199724
v 0.00731148338 -0.00551854772 -0.00347409607
v 0.00662695942 -0.00678243674 -0.00270752911
v 0.006448803 -0.0073929932 -0.00277584675
v 0.00685943058 -0.00618091878 -0.00262160017
v 0.00712136691 -0.0055304151 -0.0030271858
v 0.00707535306 -0.00490590138 -0.00352078257
v 0.00692743156 -0.00490582734 -0.00306390645
v 0.0067980825 -0.00430755643 -0.00357541023
v 0.00692487694 -0.00554036908 -0.0025809214
v 0.00664528366 -0.00618782081 -0.00218109996
v 0.00647962419 -0.00680583296 -0.00225388235
v 0.00677904952 -0.00490528392 -0.00260691158
v 0.00668977667 -0.00429355213 -0.0031118053
v 0.00671217358 -0.00554816751 -0.00213818182
v 0.00633554673 -0.0068329731 -0.00179718819
v 0.00629590033 -0.00747249182 -0.00184276339
v 0.00662136357 -0.00490558194 -0.00215152139
v 0.00658078119 -0.00428152736 -0.00264807604
v 0.00641602511 -0.0061964565 -0.00174482376
v 0.00646216981 -0.00555417594 -0.00170657947
v 0.00643061288 -0.00490774913 -0.00170348084
v 0.00647452753 -0.00427061552 -0.00218364084
v 0.00635803211 -0.00426281244 -0.00172030902
v 0.0064298287 -0.00362240779 -0.00220376975
v 0.00610322692 -0.00749869877 -0.00139602483
v 0.00610359758 -0.00814528763 -0.0014345611
v 0.0061124051 -0.00685276929 -0.00135961734
v 0.006324735 -0.00811682362 -0.00187516154
v 0.00610877993 -0.00879543833 -0.00146818452
v 0.00633417955 -0.00876635313 -0.00191002688
v 0.00612627156 -0.00620560441 -0.00133110804
v 0.00615681801 -0.00555829564 -0.00129478006
v 0.00615965808 -0.00490888162 -0.00127839181
v 0.00616666535 -0.00425944477 -0.00126474269
v 0.00633097393 -0.00361301773 -0.00173746399
v 0.00616127299 -0.00360460812 -0.00127585116
v 0.00635639019 -0.00296455435 -0.00175450428
v 0.00647733174 -0.00297408155 -0.00221672119
v 0.00615633139 -0.00295672705 -0.00130505324
v 0.006518187 -0.00232506497 -0.00223279162
v 0.0063858889 -0.00231599971 -0.00177337066
v 0.00615475979 -0.00230766926 -0.00133793976
v 0.00652707368 -0.00167464535 -0.00225328864
v 0.00640451536 -0.00166639965 -0.001792775
v 0.00615896145 -0.00165777013 -0.0013640126
v 0.00652596261 -0.00105595065 -0.00227281707
v 0.00642102398 -0.00104822533 -0.00180965452
v 0.00653213495 -0.000493858766 -0.00228919508
v 0.00617236318 -0.00103959325 -0.00138186605
v 0.00644067628 -0.00048664122 -0.00182416255
v 0.00618545944 -0.000478247239 -0.00139863056
v 0.00645464333 2.98257164E-05 -0.00183732028
v 0.00619678199 3.77373399E-05 -0.00141441415
v 0.00637457287 0.000512585801 -0.00187093182
v 0.00617165677 0.000566343078 -0.00143729022
v 0.00655031251 0.000510119717 -0.00232578372
v 0.0063497778 0.00101424439 -0.00190143974
v 0.00613451283 0.00106443558 -0.00146122929
v 0.00663662003 0.00102014944 -0.00226113852
v 0.0068807588 0.0010382639 -0.00269108848
v 0.00670152344 0.00141635921 -0.00279463874
v 0.00657585682 0.00142173225 -0.00233269925
v 0.00658088597 0.00186394923 -0.00280811661
v 0.00618405128 0.00153278199 -0.0014588316
v 0.00640253909 0.00147858495 -0.00188407314
v 0.00648708409 0.00194371701 -0.00187038537
v 0.00621730369 0.00199366361 -0.00145187275
v 0.0064727664 0.00241884589 -0.00187420961
v 0.00621991791 0.00245875982 -0.00144389062
v -0.00801953487 -0.000345162145 -0.00125997374
v -0.00802221708 0.000307509297 -0.0012630967
v -0.00745518086 0.000308864692 -0.00110739947
v -0.00745132565 -0.000343281019 -0.0011075061
v -0.00801314786 -0.000997852534 -0.00126128981
v -0.00839869026 0.00979012437 -0.00209799735
v -0.00840665121 0.0104437768 -0.00209705764
v -0.00835613906 0.0104424059 -0.0016274564
v -0.00834855344 0.00978870317 -0.00162854849
v -0.00801436603 0.0104434025 -0.00124000269
v -0.00801328197 0.00978964102 -0.00123786391
v -0.00834100693 0.00913510937 -0.00162905746
v -0.00801266078 0.00913592521 -0.00123473373
v -0.00833158474 0.00848146807 -0.00163138413
v -0.00801034924 0.00848227553 -0.00123334513
v -0.00839748327 0.00848321803 -0.00209979084
v -0.00839218311 0.00913672708 -0.0020983913
v -0.00840261579 0.00782973319 -0.00210195337
v -0.00831740908 0.00782806519 -0.00163550687
v -0.00800903048 0.00782876089 -0.00123103603
v -0.0083916802 0.00717633311 -0.00210633106
v -0.00830600411 0.00717470935 -0.00163989945
v -0.00800467189 0.00717541156 -0.00123222335
v -0.00837446563 0.00654805126 -0.00211150944
v -0.00828637183 0.00654704217 -0.00164556946
v -0.00800449308 0.00654751621 -0.00122949958
v -0.00836120266 0.00597803807 -0.00211610855
v -0.00827813521 0.00597750582 -0.00164990104
v -0.00800807308 0.00597759197 -0.00122918165
v -0.00836191978 0.00545512652 -0.00211915793
v -0.00827743486 0.00545526715 -0.00165311433
v -0.00800978858 0.00545477914 -0.00123171951
v -0.00836005248 0.00496758055 -0.00212179287
v -0.00828695018 0.00496858405 -0.00165484892
v -0.00801274832 0.0049676653 -0.00123648893
v -0.00838415883 0.00450390205 -0.0021220725
v -0.00830757804 0.00450586993 -0.00165529409
v -0.00801294111 0.00450472021 -0.00124559086
v -0.00842006132 0.00405474612 -0.00211709877
v -0.00833463762 0.00405525928 -0.00165073492
v -0.00801568106 0.00405424507 -0.00125197263
v -0.00842967816 0.00360385771 -0.00211295695
v -0.00835717283 0.00360487145 -0.00164472044
v -0.00801962242 0.00360444468 -0.00125518814
v -0.00842316262 0.00314247725 -0.00211246195
v -0.00836409349 0.00314333499 -0.00164388632
v -0.0083599491 0.00265970733 -0.00164773455
v -0.00802221708 0.00314363441 -0.00125658861
v -0.00802647881 0.00266028498 -0.0012559162
v -0.00835751556 0.00214221794 -0.00165125041
v -0.0080282595 0.00214298721 -0.00125747838
v -0.00825267937 0.00979134161 -0.00255507859
v -0.00825448055 0.0104453005 -0.00255301944
v -0.00840665121 0.0104437768 -0.00209705764
v -0.00839869026 0.00979012437 -0.00209799735
v -0.00825274549 0.0091372896 -0.00255674799
v -0.00839218311 0.00913672708 -0.0020983913
v -0.00834855344 0.00978870317 -0.00162854849
v -0.00834100693 0.00913510937 -0.00162905746
v -0.00828884915 0.00848399661 -0.0025633662
v -0.00839748327 0.00848321803 -0.00209979084
v -0.0083629312 0.00783345103 -0.00257204706
v -0.00840261579 0.00782973319 -0.00210195337
v -0.00837881211 0.00717948005 -0.00257709622
v -0.0083916802 0.00717633311 -0.00210633106
v -0.00838048849 0.00654989155 -0.00258169253
v -0.00837446563 0.00654805126 -0.00211150944
v -0.00837854389 0.00597852701 -0.00258513051
v -0.00836120266 0.00597803807 -0.00211610855
v -0.00838214997 0.0054544392 -0.00258726417
v -0.00836191978 0.00545512652 -0.00211915793
v -0.0083786333 0.00496579427 -0.00258889887
v -0.00836005248 0.00496758055 -0.00212179287
v -0.00839064084 0.0045000324 -0.00258937711
v -0.00838415883 0.00450390205 -0.0021220725
v -0.00839865953 0.00405128999 -0.00258578267
v -0.00842006132 0.00405474612 -0.00211709877
v -0.00831103325 0.00360561116 -0.00257470598
v -0.00842967816 0.00360385771 -0.00211295695
v -0.00826502405 0.0031445038 -0.0025667341
v -0.00842316262 0.00314247725 -0.00211246195
v -0.00824924558 0.00266091549 -0.00256936671
v -0.0084134778 0.00265946798 -0.00211662962
v -0.00836409349 0.00314333499 -0.00164388632
v -0.00824913941 0.00214275229 -0.00257348968
v -0.0083599491 0.00265970733 -0.00164773455
v -0.00841008779 0.00214204402 -0.00212023756
v -0.00824782252 0.00157837383 -0.00257676211
v -0.00835751556 0.00214221794 -0.00165125041
v -0.00840593502 0.00157857873 -0.00212311
v -0.00824977178 0.000955891213 -0.00257849949
v -0.00835668668 0.00157900155 -0.00165378687
v -0.0080282595 0.00214298721 -0.00125747838
v -0.00802860688 0.00158011832 -0.0012593281
v -0.00840461906 0.000957408163 -0.00212447345
v -0.008248928 0.000300599932 -0.00257933489
v -0.00835687295 0.000958396413 -0.00165499281
v -0.00802770536 0.000960072211 -0.0012610018
v -0.00840162858 0.00030348479 -0.00212516636
v -0.00824828539 -0.000354813936 -0.00257783756
v -0.00835489389 0.000305307505 -0.00165527023
v -0.00802221708 0.000307509297 -0.0012630967
v -0.00839658268 -0.000350000249 -0.00212346856
v -0.00826779194 -0.0010175471 -0.00258544972
v -0.00834687054 -0.000348182308 -0.00165453576
v -0.00801953487 -0.000345162145 -0.00125997374
v -0.00839170814 -0.00100483221 -0.00212804019
v -0.00837830361 -0.00165066577 -0.00259406748
v -0.00833341479 -0.00100140378 -0.00165948598
v -0.00801314786 -0.000997852534 -0.00126128981
v -0.00838153437 -0.00165690226 -0.00212862017
v -0.0083790822 -0.00231258501 -0.0025911578
v -0.00831047352 -0.00165386603 -0.00166088261
v -0.00800570752 -0.00165008591 -0.00125571294
v -0.00836181082 -0.00231275125 -0.00212539639
v -0.00841579027 -0.00296480465 -0.00258968375
v -0.00829264708 -0.00230682408 -0.00165832334
v -0.00800046325 -0.00230242405 -0.00124759646
v -0.00827966724 -0.00295958226 -0.00165600865
v -0.00835549831 -0.00296307984 -0.00212324224
v -0.00838625804 -0.00361644314 -0.00258467998
v -0.0083513828 -0.0036158578 -0.00211607362
v -0.00827808678 -0.00361235859 -0.00164846412
v -0.00835830346 -0.00427041808 -0.00258160406
v -0.00833959877 -0.00426831841 -0.00211113063
v -0.00827597827 -0.00426505506 -0.00164256839
v -0.00837873016 -0.00492361607 -0.00257669156
v -0.00834388938 -0.00492083142 -0.00210639439
v -0.00841111131 -0.00557606621 -0.00256901444
v -0.00826854538 -0.0049177343 -0.00163894484
v -0.00834914576 -0.00557325874 -0.00210012379
v -0.00836705975 -0.00622808049 -0.00256968965
v -0.00832238141 -0.0062255743 -0.00209955219
v -0.00835766643 -0.00688130409 -0.00256969663
v -0.00825361814 -0.00557015231 -0.00163440371
v -0.00833818316 -0.00687797833 -0.00209872471
v -0.00841378048 -0.00753294025 -0.00256567984
v -0.00800478831 -0.00491413148 -0.00121570425
v -0.00800025184 -0.00426121568 -0.00122392015
v -0.00801626779 -0.0055668503 -0.00119721366
v -0.00824549701 -0.00622357661 -0.00163168844
v -0.00802527647 -0.00622109696 -0.00118536758
v -0.00826786179 -0.00687566306 -0.0016308116
v -0.00801770389 -0.00687548192 -0.00119921542
v -0.00838936493 -0.00752915302 -0.00209470186
v -0.00848047156 -0.00818382576 -0.00256043347
v -0.00829741638 -0.0075274664 -0.00162891834
v -0.00802163314 -0.00752910646 -0.00120661594
v -0.00844474696 -0.00818029698 -0.00208991184
v -0.00852917042 -0.00883612875 -0.00255495077
v -0.00848414749 -0.00883291569 -0.00208490924
v -0.00833428744 -0.00817921478 -0.00162683066
v -0.00801520981 -0.00818246882 -0.00122829061
v -0.00835678633 -0.00883226655 -0.00162435812
v -0.00827966724 -0.00295958226 -0.00165600865
v -0.00800046325 -0.00230242405 -0.00124759646
v -0.00799733028 -0.00295523996 -0.00124027708
v -0.00827808678 -0.00361235859 -0.00164846412
v -0.00799666345 -0.00360812829 -0.00123232882
v -0.00827597827 -0.00426505506 -0.00164256839
v -0.00800025184 -0.00426121568 -0.00122392015
v -0.00826854538 -0.0049177343 -0.00163894484
v -0.00796604343 0.00314399693 -0.00133931986
v -0.00745556084 0.00314479484 -0.0011602618
v -0.00745629519 0.00360493828 -0.00115215243
v -0.00797077455 0.00266106008 -0.00133896095
v -0.00826831348 0.00266042072 -0.00168776326
v -0.0082729049 0.00314357621 -0.00168492889
v -0.00796237029 0.00360414502 -0.00133717665
v -0.00826627854 0.00360306678 -0.00168637361
v -0.00796604343 0.00314399693 -0.00133931986
v -0.00745629519 0.00360493828 -0.00115215243
v -0.00796237029 0.00360414502 -0.00133717665
v -0.00745624956 0.00405451143 -0.0011429477
v -0.00795663614 0.00405357406 -0.00133267709
v -0.00745477062 0.00450506806 -0.00113556662
v -0.00795195904 0.00450443476 -0.00132484443
v -0.00745281344 0.00496827532 -0.00112968567
v -0.00795033108 0.00496777287 -0.00131461769
v -0.00745064672 0.00545492861 -0.00112254033
v -0.0079467874 0.00545489462 -0.00130937784
v -0.00744624948 0.00597742386 -0.00112320529
v -0.00794522837 0.00597783923 -0.00130696595
v -0.00744509278 0.00654692343 -0.00111842901
v -0.00794257876 0.00654789014 -0.00130802672
v -0.00744338986 0.00717449468 -0.00112512871
v -0.0079441322 0.00717582135 -0.00131181418
v -0.00744405296 0.0078277709 -0.00113244087
v -0.00794994831 0.00782909524 -0.00131171523
v -0.0074447575 0.00848109554 -0.0011393344
v -0.00795265194 0.00848234259 -0.00131502107
v -0.00744398823 0.00913449191 -0.00115008652
v -0.00795631669 0.009135684 -0.00131734845
v -0.00744220614 0.00978793204 -0.00116201944
v -0.00795829669 0.00978922285 -0.00132138887
v -0.00686565461 0.00597777357 -0.00109482394
v -0.00686368626 0.00654585846 -0.00108727242
v -0.00686227204 0.00717180455 -0.00109394884
v -0.00686290953 0.00782369729 -0.00111131975
v -0.00686394004 0.00847604033 -0.0011337779
v -0.00686387066 0.0091287829 -0.00115820498
v -0.00686284574 0.00978152268 -0.00118290714
v -0.00687054358 0.00545607274 -0.00110402331
v -0.00687389635 0.00496894959 -0.00111583807
v -0.00687632244 0.00450459449 -0.00111994462
v -0.00687727658 0.00405318988 -0.00112092146
v -0.00687602349 0.00360351475 -0.00112264964
v -0.00745556084 0.00314479484 -0.0011602618
v -0.00686018728 0.0104341898 -0.001211658
v -0.00743844965 0.0104414104 -0.00117600558
v -0.00796005316 0.0104429843 -0.00132396678
v -0.00825676322 0.0097895069 -0.00166822062
v -0.00826445874 0.0104432702 -0.00166738033
v -0.00626948941 0.010424125 -0.00129333418
v -0.00627044728 0.00977214985 -0.00125352689
v -0.00566400588 0.0104183489 -0.00133344985
v -0.00626979675 0.00911986269 -0.00121524313
v -0.00566590577 0.00976588763 -0.00129453093
v -0.00506196171 0.0104171094 -0.00132314546
v -0.00626768498 0.00846785586 -0.00117325748
v -0.00506294193 0.00976382568 -0.00129211717
v -0.00446199812 0.0104112923 -0.00135781581
v -0.00566613488 0.00911258347 -0.00125270127
v -0.00626469729 0.00781725254 -0.00113096903
v -0.00446157902 0.00976070296 -0.00130296987
v -0.00385784428 0.0104117841 -0.00135418423
v -0.00566386944 0.00846051704 -0.00119674893
v -0.00506210513 0.00910940766 -0.00125568255
v -0.00626293756 0.00716767879 -0.00109853374
v -0.00386053883 0.00976360776 -0.00128894742
v -0.00325786043 0.0104179475 -0.00132845924
v -0.00566064753 0.00781174703 -0.00113421667
v -0.00506081572 0.00845745113 -0.00119097705
v -0.00446119439 0.00910929684 -0.00124656013
v -0.00626403093 0.00654268172 -0.00108687312
v -0.00325939688 0.00976602826 -0.00129050075
v -0.00265740952 0.0104220258 -0.00131720374
v -0.00565896835 0.00716424873 -0.00108720537
v -0.00505950022 0.00780976703 -0.0011160851
v -0.00446187053 0.00845788978 -0.00118245382
v -0.00386154372 0.00911150035 -0.00124424405
v -0.0062666689 0.00597535586 -0.00110221829
v -0.00265834364 0.00976844691 -0.00129669928
v -0.00205580867 0.0104224226 -0.00131912366
v -0.0056605041 0.00653677527 -0.00107063132
v -0.00505884644 0.00716330623 -0.00105682795
v -0.00446182443 0.00780888228 -0.0011087259
v -0.00386339636 0.00845891237 -0.00119399198
v -0.00326173357 0.00911323354 -0.00125817012
v -0.0020566585 0.00976907741 -0.00129918428
v -0.00145303772 0.0104215415 -0.00132584921
v -0.00265992037 0.00911503378 -0.00127018313
v -0.00326370168 0.00846003462 -0.00121863408
v -0.00386511767 0.00780782569 -0.00113661471
v -0.00446193991 0.00716219284 -0.00104706048
v -0.00145526393 0.00976989698 -0.00129943842
v -0.000850381097 0.0104224868 -0.00131795811
v -0.00205799309 0.00911638699 -0.00127496955
v -0.00266199186 0.00846139994 -0.00124155311
v -0.0032660896 0.00780831603 -0.00117348507
v -0.000853830483 0.00977260619 -0.00130152714
v -0.000247679855 0.0104241539 -0.0013061713
v -0.00145853334 0.00911846664 -0.00128465996
v -0.00206005457 0.00846256036 -0.00125739665
v -0.000249738892 0.00977475382 -0.00131441723
v 0.000356882549 0.010423243 -0.0013011276
v -0.000857223466 0.0091205202 -0.00133017637
v 0.00035640123 0.00977397989 -0.00131089205
v 0.000961987127 0.010420084 -0.00129607122
v -0.0038656895 0.00716030085 -0.00107885886
v -0.0026645055 0.00780908158 -0.00120522
v -0.00145998469 0.00846250262 -0.00128155004
v -0.000245509 0.00911609549 -0.00137164036
v 0.000962638471 0.00977125391 -0.00128247065
v 0.00156516058 0.0104186628 -0.0012869921
v -0.00326876901 0.00715863844 -0.00113587477
v -0.00206132163 0.00780813256 -0.00123281626
v -0.000853523146 0.00845733471 -0.00134140695
v 0.00035322379 0.00910708215 -0.00135001889
v 0.001566633 0.00976876915 -0.00124799646
v 0.00216889428 0.0104205618 -0.00128790759
v -0.00266723335 0.00715761166 -0.00118110911
v -0.00145541574 0.00780261308 -0.00125223189
v -0.000250139128 0.00843135547 -0.00133551122
v 0.000960675359 0.00911344588 -0.00131478161
v 0.00216966262 0.00976900756 -0.00124282681
v 0.00277510425 0.0104264887 -0.00129469868
v -0.00206013303 0.00715426868 -0.00121066929
v -0.000858388143 0.00777696073 -0.00125144946
v 0.000247063697 0.00837018341 -0.00108730968
v 0.00156971125 0.00911656674 -0.001235298
v 0.00277525117 0.00977472123 -0.00124605547
v 0.00338327675 0.0104362434 -0.0013063295
v -0.00146270043 0.00713061122 -0.00118202856
v -0.00034922763 0.00771636516 -0.00107905746
v 0.000934956945 0.0084463954 -0.0012473868
v 0.00217155251 0.00911709666 -0.00118546351
v 0.00338400155 0.00978418067 -0.00126505585
v 0.00399577431 0.0104475934 -0.001324813
v -0.000943716092 0.00706770411 -0.0010392057
v 0.000319481594 0.0078050592 -0.00126556412
v 0.00157055014 0.00846246071 -0.00120605493
v 0.00277415989 0.00912197307 -0.00118571857
v 0.00399768166 0.00979627855 -0.00128509395
v 0.00461232755 0.0104620093 -0.00132351497
v -0.000283312227 0.00714897178 -0.00119296089
v 0.000959035126 0.00781057775 -0.00124692952
v 0.00217138976 0.00846501067 -0.0011223671
v 0.0033820963 0.00913038291 -0.00121081038
v 0.00461387308 0.0098122498 -0.00127715943
v 0.00521321362 0.0104802679 -0.00127306522
v 0.00034905033 0.00715435017 -0.00121325254
v 0.00156856468 0.0078080832 -0.0011331531
v 0.00277174753 0.0084698936 -0.00111563574
v 0.003995704 0.00914258324 -0.00123389729
v 0.00521779479 0.0098300511 -0.00124508818
v 0.00579230161 0.0104924049 -0.00130609714
v 0.000960325531 0.00715156319 -0.00113975222
v 0.00216804445 0.00781245204 -0.00105488801
v 0.00337819033 0.00847736001 -0.00114415097
v 0.00461115642 0.00915856007 -0.00123301381
v 0.00579727441 0.00984212849 -0.0012948201
v 0.00625236612 0.0105006015 -0.00155854726
v 0.00625220221 0.00985182542 -0.00155581441
v 0.00521717081 0.00917495042 -0.00121988042
v 0.00579795428 0.00918632466 -0.00127465185
v 0.00624457281 0.00919722859 -0.00154429511
v 0.00579421548 0.00852722581 -0.00125007913
v 0.0039902702 0.00848818198 -0.00117638579
v 0.00276656146 0.00781983323 -0.00104709598
v 0.00521203689 0.00851604063 -0.00119451003
v 0.0046046772 0.00850212947 -0.0011895037
v 0.00337305944 0.00782579929 -0.0010816619
v 0.00520390132 0.00785485376 -0.00117186713
v 0.00578775816 0.0078629991 -0.00122758665
v 0.00398337422 0.00783419982 -0.00112477818
v 0.00459628692 0.00784459244 -0.00115199387
v 0.00519392407 0.00719300751 -0.00115674653
v 0.00577785075 0.00719853071 -0.00121111283
v 0.00458725449 0.0071865553 -0.00113133504
v 0.00397603447 0.00717939949 -0.00109925051
v 0.00336697744 0.00717286114 -0.00105532119
v 0.00276243244 0.00716740312 -0.00101187488
v 0.00518319895 0.00653157895 -0.00115062774
v 0.00576555356 0.0065349522 -0.00120067713
v 0.00457808562 0.00652882783 -0.00112989359
v 0.00396839529 0.00652468065 -0.0011000731
v 0.00336117623 0.00651966222 -0.00105475099
v 0.00517143169 0.00587141514 -0.00115605805
v 0.00574885309 0.00587193994 -0.00120186328
v 0.00456869183 0.00587189477 -0.00115030177
v 0.0039602574 0.00587070035 -0.00113354705
v 0.00516029214 0.00521234423 -0.00117308879
v 0.00573518453 0.00521086156 -0.00121327711
v 0.0045599076 0.00521507068 -0.00118255732
v 0.00515082059 0.00457773684 -0.00119453133
v 0.00572745083 0.00457192725 -0.00122222607
v 0.00275703333 0.00651546754 -0.0010216448
v 0.003353843 0.00586781837 -0.00110010407
v 0.00395274302 0.00521687511 -0.00117930281
v 0.00455202814 0.00458325027 -0.00121706503
v 0.00275100674 0.0058643138 -0.00107050559
v 0.00334710511 0.00522012357 -0.00115526863
v 0.00394548848 0.00460161781 -0.00122619828
v 0.00274492474 0.00522443466 -0.00113285764
v 0.00334032881 0.00462061353 -0.00120913307
v 0.0027385694 0.00463789329 -0.00119382015
v 0.00454189023 0.00401072158 -0.0012498775
v 0.00393661065 0.00403464865 -0.00126850558
v 0.00333223515 0.00406830804 -0.00125431456
v 0.00273109996 0.00409745192 -0.00124447246
v 0.00513710594 0.00400392385 -0.00121400098
v 0.00214423425 0.00522884727 -0.00112760649
v 0.0021375732 0.00465179654 -0.0011906788
v 0.00213025184 0.00411998853 -0.00124209502
v 0.00215014932 0.00586170191 -0.00106376223
v 0.00215536403 0.00651220605 -0.0010152685
v 0.0021605189 0.00716277957 -0.00100705633
v 0.00156252575 0.00715606194 -0.00105482922
v 0.00155568437 0.0065089846 -0.00104770751
v 0.00155021867 0.00586004322 -0.00108980236
v 0.00154395448 0.00523139443 -0.00114285748
v 0.00153700006 0.00465969276 -0.00119661156
v 0.000955283816 0.00650537293 -0.00109593931
v 0.000949327485 0.00585807022 -0.0011269059
v 0.00094306533 0.0052312403 -0.00116902904
v 0.00035145029 0.00650360761 -0.00114670559
v 0.000347144902 0.00585606135 -0.00116299116
v -0.000257407111 0.00650789775 -0.0011838366
v 0.00152958569 0.00413351366 -0.00124400971
v 0.000936309923 0.00466165692 -0.00121678587
v 0.000341254694 0.005230546 -0.00119714101
v -0.000256420317 0.00585737266 -0.00119595719
v -0.000881894608 0.00650098734 -0.00117410847
v 0.00092862919 0.00413739542 -0.00125530991
v 0.000334421085 0.00466025574 -0.00123466155
v -0.000261444337 0.00524795102 -0.00121963676
v -0.000863092602 0.0058649187 -0.0012164131
v -0.00153905479 0.00642007496 -0.00109924236
v 0.000326881593 0.00413643522 -0.00126107316
v -0.000267915922 0.00468546804 -0.00124610669
v -0.000865188544 0.00526685407 -0.00123187259
v -0.00148252363 0.00586154079 -0.00120356481
v -0.00207332661 0.00648404472 -0.00118269853
v -0.000274542312 0.00415822072 -0.00126830454
v -0.000870400807 0.00471850857 -0.00125078007
v -0.00146976335 0.00528615527 -0.00123610452
v -0.00213849335 0.00579574797 -0.00116597128
v -0.00266873091 0.00650609285 -0.00117292011
v -0.000876506499 0.00420556171 -0.00127160246
v -0.00147320493 0.00474792486 -0.00125195051
v -0.00208314881 0.00528899953 -0.00121794047
v -0.00268468028 0.00586386351 -0.00117604993
v -0.00327071222 0.00650899298 -0.00112172309
v -0.00147885422 0.00424528727 -0.00127037906
v -0.00207548705 0.00477082562 -0.00124259805
v -0.00273820339 0.00523510808 -0.00122561259
v -0.00327312783 0.00588645879 -0.00113732438
v -0.00386794913 0.00651391689 -0.00107030943
v -0.00208141282 0.00427525211 -0.0012619131
v -0.00268075941 0.00478204852 -0.00122404436
v -0.00329030002 0.00530008553 -0.00117777719
v -0.0038703552 0.00590814091 -0.00109248119
v -0.00446351897 0.00652159192 -0.00103614898
v -0.00268315757 0.00429416867 -0.00123900524
v -0.00327934488 0.00479276758 -0.00119637162
v -0.00387378247 0.00534783117 -0.0011332666
v -0.00446630083 0.00593026401 -0.00106398494
v -0.0050605 0.00652958266 -0.00104182481
v -0.00506298523 0.00595037499 -0.00106977264
v -0.00566308526 0.00596599141 -0.00109305
v -0.00446977327 0.00538493786 -0.0011106215
v -0.00387708796 0.00481917104 -0.00116775697
v -0.0050669522 0.00541679468 -0.0011158128
v -0.00627276581 0.00545351906 -0.00112872839
v -0.00566825178 0.0054406696 -0.00113556231
v -0.00627831789 0.00496440567 -0.00115637761
v -0.0044732946 0.00487066433 -0.00115047023
v -0.00567369349 0.00494624395 -0.00117647229
v -0.00628185365 0.0044964049 -0.00116660236
v -0.00507081626 0.00491429539 -0.00116424519
v -0.00628170185 0.00404116604 -0.00115874538
v -0.00567730656 0.00447081169 -0.00119191536
v -0.00507399719 0.00442960113 -0.00118097826
v -0.00447644806 0.00437512528 -0.0011658963
v -0.00567696802 0.0040079914 -0.00117574737
v -0.00627811532 0.00358939497 -0.00114181393
v -0.00507473201 0.00395696703 -0.00115625432
v -0.0038803278 0.00431030104 -0.0011781241
v -0.00687331799 0.00314466655 -0.00112969102
v -0.00567314867 0.00355067034 -0.00113923464
v -0.00447814539 0.00389052182 -0.00113646174
v -0.00328286248 0.00430116896 -0.00120805472
v -0.00388265005 0.00383163407 -0.00114643993
v -0.00507264491 0.00349108712 -0.00110272609
v -0.00627356349 0.00313081336 -0.00113263086
v -0.00328666531 0.00382900448 -0.00118162856
v -0.00447699009 0.0034131899 -0.0010676157
v -0.00566876214 0.00308941724 -0.00111079973
v -0.00268872851 0.00382086099 -0.00122331223
v -0.00388167216 0.00337738264 -0.00106943015
v -0.00506974757 0.00302351103 -0.00105386344
v -0.00208813162 0.00379800075 -0.00125639257
v -0.00328732724 0.00337392534 -0.00110689225
v -0.0044739861 0.00294006732 -0.00100204325
v -0.00148648396 0.00376185798 -0.00127888005
v -0.00269103958 0.00336281583 -0.00115875178
v -0.00388028054 0.00293615623 -0.000976271636
v -0.00088400353 0.00371371978 -0.00129019737
v -0.00209196378 0.00333340187 -0.00120162184
v -0.0032848625 0.00293336436 -0.00101168535
v -0.00028163346 0.00365469721 -0.00128835835
v -0.0014933683 0.00328833098 -0.00124077557
v -0.00268756947 0.00291835261 -0.00106917811
v -0.000893389573 0.00323033868 -0.00128036004
v 0.000319937797 0.00364857609 -0.00128592784
v -0.00208778679 0.00288201217 -0.00110654964
v -0.000290422555 0.0031793036 -0.0013043622
v 0.000921263476 0.00364842312 -0.00128267438
v -0.00149209751 0.00282561081 -0.00115433254
v -0.00089833088 0.00275203912 -0.00122540828
v 0.00031292293 0.00318311807 -0.00130977121
v 0.00152215699 0.00364215998 -0.00127950218
v -0.000299466861 0.00272310129 -0.00128757756
v 0.000914624601 0.00318337139 -0.00130568945
v 0.00212281174 0.00362298568 -0.00127861917
v 0.00030438567 0.00272908481 -0.00132055255
v 0.00151513831 0.00317523349 -0.00130477443
v 0.0027232382 0.00359209697 -0.00128273456
v 0.00090743386 0.00273238658 -0.00132286735
v 0.00211598561 0.00315091666 -0.00130785943
v 0.00332389981 0.0035516622 -0.00129335956
v 0.00150785339 0.00272441353 -0.0013275526
v 0.00271636876 0.00311104441 -0.00130823255
v 0.00392770115 0.0035034637 -0.00130226114
v 0.00211058022 0.00269480911 -0.00133505277
v 0.00331682013 0.00305873179 -0.00131958246
v 0.00453175185 0.00348554249 -0.00127736013
v 0.00271196291 0.0026458283 -0.00132979243
v 0.00392012438 0.00299616903 -0.0013216373
v 0.00331260217 0.00258105923 -0.00133188511
v 0.00150186417 0.00227235211 -0.0013790126
v 0.0021056463 0.00223846082 -0.00138619659
v 0.00270868535 0.00218190206 -0.00137634762
v 0.000898743339 0.00228078361 -0.00135662407
v 0.000295437581 0.00227575656 -0.00131758
v -0.00030314381 0.00227204384 -0.00124593265
v -0.000893428805 0.00227458123 -0.00115487131
v -0.00148585346 0.0023581842 -0.00109051296
v -0.00208198815 0.00242548529 -0.00104696874
v -0.00268327468 0.00246720342 -0.00102428242
v -0.0032829328 0.00248425407 -0.00098705187
v -0.00387892453 0.00248825643 -0.000958094723
v -0.00447037397 0.0024916851 -0.00100425014
v -0.00506394636 0.00253800931 -0.00107466942
v -0.00566466665 0.00260885688 -0.0011298717
v -0.00627016788 0.00265193847 -0.00115219562
v -0.00687080249 0.00266438862 -0.00114990387
v -0.00745459413 0.00266255764 -0.00117219926
v -0.00797077455 0.00266106008 -0.00133896095
v -0.00797303766 0.00214384333 -0.00134084385
v -0.00745288096 0.00214576931 -0.0011854748
v -0.00797402207 0.00158083229 -0.00134311325
v -0.00686863624 0.00214882335 -0.00117874402
v -0.00745072309 0.00158279017 -0.00119734707
v -0.00797364209 0.000960611447 -0.00134512584
v -0.00626824843 0.00213717483 -0.00119829806
v -0.00744788023 0.000962166407 -0.00120744703
v -0.00796836987 0.000307823735 -0.0013473609
v -0.00686706882 0.00158593082 -0.0012068667
v -0.00566161098 0.00209214818 -0.00119103224
v -0.00744444644 0.000309171417 -0.00120682118
v -0.00796531979 -0.000344704196 -0.00134400069
v -0.00686563877 0.000964684761 -0.00122914987
v -0.00626823353 0.00157320302 -0.00124617608
v -0.00505863829 0.00202157605 -0.0011467773
v -0.00744095445 -0.000343419873 -0.00120696682
v -0.00795767084 -0.000997470575 -0.0013444894
v -0.00686378544 0.000310804229 -0.00123831246
v -0.00626907498 0.000950275338 -0.00128437288
v -0.00566116208 0.00152531243 -0.00125530164
v -0.00446341932 0.00201912643 -0.00107944442
v -0.00743729156 -0.000996884191 -0.00120186398
v -0.00794835389 -0.00165030756 -0.00133763056
v -0.00686177192 -0.000342779997 -0.00124345161
v -0.00626978185 0.000314636593 -0.00130732206
v -0.00505589833 0.00150740589 -0.00122096646
v -0.00566218048 0.000941970677 -0.00130787783
v -0.00387258944 0.00201311987 -0.00101978693
v -0.00743519701 -0.00164982863 -0.00118301774
v -0.0079412004 -0.00230295816 -0.00132814201
v -0.00685952604 -0.000997320865 -0.00123889232
v -0.00626986427 -0.000340526545 -0.00132094976
v -0.00566396443 0.000319175888 -0.00134378753
v -0.00505494047 0.000943918654 -0.00128254096
v -0.0044583492 0.00150416337 -0.00115331251
v -0.00743391458 -0.00230226316 -0.00116435345
v -0.00793665927 -0.00295609911 -0.001319765
v -0.00743450457 -0.00295487395 -0.00114709232
v -0.00685854256 -0.00165088451 -0.00121865177
v -0.00626971526 -0.000996393734 -0.0013222252
v -0.00566535397 -0.000337213831 -0.00136650144
v -0.00505556492 0.00032175699 -0.00132959255
v -0.00445562555 0.000940908038 -0.00121491088
v -0.00685819145 -0.00230354327 -0.00119644566
v -0.00627066614 -0.00165133423 -0.00130779739
v -0.00566623546 -0.000994376955 -0.00137147645
v -0.00505707972 -0.000334107259 -0.0013650147
v -0.00685902406 -0.0029562586 -0.00117475318
v -0.0074359607 -0.00360763818 -0.00113344588
v -0.00627196534 -0.00230530719 -0.00128902227
v -0.00566783547 -0.00165041222 -0.00136269105
v -0.00445503322 0.000320010615 -0.0012640747
v -0.00505965203 -0.000991747482 -0.00138017326
v -0.00445296941 -0.000332868163 -0.00131835963
v -0.00627293438 -0.00295894197 -0.00126668438
v -0.0056696767 -0.00230512372 -0.00134840887
v -0.00506279524 -0.00164850929 -0.00137097633
v -0.00445433334 -0.0009885974 -0.00135536271
v -0.00686056819 -0.00360924238 -0.0011568534
v -0.00386704877 0.000933856703 -0.00112870662
v -0.00386439054 0.000314256729 -0.00117922015
v -0.00385843776 -0.000336294092 -0.00123897917
v -0.00386908907 0.00149672769 -0.00107455614
v -0.00327938469 0.00200715684 -0.00100144057
v -0.00327776861 0.00149148167 -0.00103879941
v -0.00268130563 0.00198953156 -0.00103085022
v -0.00327622518 0.000928676163 -0.00108288939
v -0.00268117269 0.00147247314 -0.00105854974
v -0.00207947451 0.00194321841 -0.00105257041
v -0.00327374181 0.000307943788 -0.00111845741
v -0.00268062227 0.000906579895 -0.00108258147
v -0.00147976319 0.00186824542 -0.00106748054
v -0.00207958673 0.00142167485 -0.00107760692
v -0.000885836373 0.00182119978 -0.00110712566
v -0.00147878798 0.0013472375 -0.00108357717
v -0.00208045007 0.000851264631 -0.00109869055
v -0.00267905882 0.000282953028 -0.00110235275
v -0.00326683908 -0.000343306776 -0.00116382318
v -0.000299222826 0.00181508018 -0.0012000195
v -0.000883760222 0.00134200626 -0.00110341632
v -0.00147958926 0.000828515331 -0.00110044971
v -0.00208065729 0.000265497278 -0.00110675604
v 0.000291773176 0.00181301392 -0.00129830732
v -0.00029609818 0.00133541308 -0.00117782224
v -0.000883927569 0.000824077346 -0.00110914931
v 0.000891991833 0.00181440578 -0.00136772497
v 0.000292241515 0.00133005541 -0.00127532613
v 0.00149637612 0.00180287368 -0.0014048256
v -0.00267688022 -0.000351611641 -0.00110283645
v -0.00148013677 0.000262572168 -0.00110543298
v -0.000294025958 0.000818210421 -0.00116528256
v 0.000889310671 0.00132729963 -0.0013583384
v 0.00210141228 0.00176415651 -0.00141597039
v -0.00208040047 -0.000356422504 -0.00109579915
v -0.000883781468 0.000258880173 -0.00110567838
v 0.000293311838 0.000811873702 -0.00125738035
v 0.00149373256 0.00131137145 -0.00140312535
v -0.00148026168 -0.000359347789 -0.00109552068
v -0.000292655488 0.000254058308 -0.00115226605
v 0.000889660907 0.000807065109 -0.00133838411
v -0.000882920227 -0.000362805877 -0.00109552057
v 0.000297830091 0.000249086414 -0.00122323702
v -0.000290397205 -0.000366012944 -0.00112878205
v 0.00209895894 0.00126686494 -0.00141585362
v 0.00149433664 0.000787652563 -0.00137932354
v 0.000892822514 0.000243388466 -0.00130714069
v 0.000299210806 -0.000370375463 -0.00120617892
v 0.00270539662 0.00170140341 -0.00140539533
v 0.00330833043 0.00210657553 -0.00135130587
v 0.00391519675 0.00252783345 -0.00132682011
v 0.00452329312 0.00299517903 -0.00129705796
v 0.00512432074 0.00347848912 -0.00123326213
v 0.00570947258 0.00399330677 -0.00124549191
v 0.00614308519 0.00456918543 -0.00150078908
v 0.00614738232 0.00521361036 -0.00149511488
v 0.00613344833 0.00398127269 -0.00151712517
v 0.00569406245 0.00346262637 -0.00127494859
v 0.00614332082 0.00344055379 -0.00152195152
v 0.00511628017 0.0029875969 -0.0012557673
v 0.00568804052 0.00296609942 -0.00129371346
v 0.00615582941 0.00293655111 -0.00151872169
v 0.00451872358 0.00253010052 -0.0013029119
v 0.00511462428 0.00252171513 -0.00126570847
v 0.00569378678 0.00249681296 -0.00127865165
v 0.00615207665 0.00245942385 -0.00151735567
v 0.00390927074 0.00207745424 -0.00134223478
v 0.00451137731 0.00207997439 -0.00131618045
v 0.00510497438 0.00207108329 -0.0012752366
v 0.00567820435 0.00204355037 -0.0013060614
v 0.00614970177 0.00199840195 -0.00152540859
v 0.00330542307 0.00162355893 -0.00137897162
v 0.00390555919 0.001625075 -0.00136191479
v 0.00450721337 0.00162846304 -0.00133373367
v 0.00510021439 0.00161870639 -0.00128974894
v 0.00567290606 0.00158674922 -0.00131539546
v 0.00611488754 0.00154018961 -0.00153067464
v 0.00270278892 0.00119680958 -0.00140602363
v 0.00330301491 0.00115624943 -0.00138149201
v 0.00390350097 0.00115874538 -0.00136595278
v 0.00450553838 0.00116271665 -0.00133963721
v 0.00567341363 0.00111590209 -0.00130903767
v 0.00606282707 0.00106394477 -0.00153094914
v 0.00509857759 0.0011526678 -0.00129412499
v 0.00209872262 0.000737692346 -0.00138765853
v 0.0027015938 0.000665761938 -0.00137740129
v 0.00330139953 0.000668435241 -0.00135586003
v 0.00567106484 0.000626652967 -0.00127441133
v 0.00609962083 0.000558302912 -0.00150618283
v 0.00390328933 0.000670778914 -0.00135110924
v 0.00509875361 0.000666325097 -0.00126519741
v 0.00450634118 0.000675435294 -0.00131848746
v 0.00566709321 0.000107091801 -0.00125400105
v 0.00612678612 3.28526658E-05 -0.00148566556
v 0.00509729655 0.000149871368 -0.0012262431
v 0.00450741174 0.000157373885 -0.00128378638
v 0.00390428375 0.000151617583 -0.00132056535
v 0.00330149522 0.000150169086 -0.00131764601
v 0.00566561846 -0.000457737071 -0.00122412259
v 0.00611590594 -0.000479443988 -0.00147046975
v 0.00509781158 -0.000411999878 -0.00118308584
v 0.00450936472 -0.00040525003 -0.00123915821
v 0.00390708027 -0.000412806869 -0.00128096505
v 0.00566380238 -0.00103671558 -0.00119147054
v 0.00610128371 -0.0010406971 -0.00145219744
v 0.00566207524 -0.00165462517 -0.00115858193
v 0.00509955036 -0.00102987408 -0.0011326439
v 0.00451108394 -0.00102405087 -0.00117986486
v 0.0051018158 -0.0016596443 -0.00107993546
v 0.00330367265 -0.000414114387 -0.0012824469
v 0.00390970521 -0.00103408762 -0.00121996622
v 0.00451163156 -0.00167326001 -0.00110698002
v 0.00510332827 -0.0023096709 -0.00103402906
v 0.00566420611 -0.00230546389 -0.00112320855
v 0.00330675021 -0.00103660102 -0.00122565788
v 0.00391075341 -0.00168470305 -0.00113331038
v 0.0045106695 -0.00232057227 -0.00102575356
v 0.00510242162 -0.0029590996 -0.000988140819
v 0.00566955237 -0.00295548164 -0.00108392339
v 0.00330969109 -0.00168825709 -0.00113634521
v 0.00391064584 -0.00233018445 -0.00102410337
v 0.00450874446 -0.00296544586 -0.000938309764
v 0.00509841274 -0.00360595481 -0.000948795234
v 0.0056700916 -0.00360326725 -0.00105575484
v 0.00331230415 -0.00233367528 -0.00101872568
v 0.00391088426 -0.0029702906 -0.000899626
v 0.00450686086 -0.00360641023 -0.000860826753
v 0.00509431539 -0.00425377348 -0.000939272693
v 0.00567179779 -0.00425741309 -0.00104629202
v 0.00331517681 -0.00297317258 -0.000880621199
v 0.0039140624 -0.00360087329 -0.00077159924
v 0.00450221542 -0.00425096042 -0.00084089156
v 0.00508782174 -0.00490464969 -0.000950800022
v 0.00564963743 -0.00490775844 -0.00107688794
v 0.00331585598 -0.00360227493 -0.000729551248
v 0.00390781555 -0.00424590707 -0.000746853533
v 0.00450168783 -0.00489892438 -0.00085297483
v 0.00329549355 -0.00424944935 -0.00064814603
v 0.00391314179 -0.00489198603 -0.000767716207
v 0.00331623224 -0.00488411216 -0.00074812409
v 0.00272138719 -0.00360857532 -0.000760659052
v 0.00271777622 -0.00424661115 -0.000687461172
v 0.00272226753 -0.00487924693 -0.000783478899
v 0.00272078696 -0.00297733862 -0.000903902284
v 0.0027170633 -0.00233618496 -0.00103485957
v 0.00271272333 -0.00168902276 -0.00114529394
v 0.00270824973 -0.00103635341 -0.00122861518
v 0.00270453887 -0.000414090668 -0.00128164457
v 0.00270218286 0.000148400577 -0.00132726785
v 0.00210116897 0.000168495739 -0.00133619877
v 0.0021051853 -0.000413711183 -0.00129203452
v 0.00211042049 -0.00103576458 -0.00124699576
v 0.00211692089 -0.0016894138 -0.0011758107
v 0.00212282804 -0.00233823271 -0.00107751833
v 0.00149805867 0.000222277333 -0.00133537012
v 0.00150282215 -0.000398741249 -0.00129825703
v 0.000896921381 -0.000376174139 -0.00127976236
v 0.00150895165 -0.00103416375 -0.00126559404
v 0.00151764415 -0.00168883381 -0.00121054321
v 0.000903056702 -0.00102949457 -0.00125510024
v 0.000301767519 -0.00102185691 -0.00119788805
v 0.000913372904 -0.00168449758 -0.00122362364
v 0.00152558007 -0.00234057102 -0.0011273541
v -0.000289298536 -0.00101616082 -0.00111824623
v 0.000309355441 -0.00167538295 -0.00120069343
v 0.000923806627 -0.0023403794 -0.00116388779
v -0.000881605374 -0.00101237546 -0.00107874733
v -0.000288104813 -0.00166595296 -0.00115336012
v 0.000319934217 -0.00233528879 -0.00117750769
v -0.000881173066 -0.00166059472 -0.001116573
v -0.00147960044 -0.00100803038 -0.00108860189
v -0.000281886809 -0.00232689246 -0.00117133535
v -0.00147710205 -0.00165494636 -0.00113575859
v -0.00208014413 -0.00100518204 -0.00108923286
v -0.000879182131 -0.00232017483 -0.00116154843
v -0.0020753378 -0.00165027089 -0.00115253427
v -0.00267390371 -0.00100113673 -0.00112036045
v -0.00147406966 -0.00231540948 -0.00117129833
v -0.00266914512 -0.00164774992 -0.00117882411
v -0.00325991842 -0.000993141904 -0.00121019804
v -0.00206799223 -0.00230864692 -0.0012042661
v -0.00325557962 -0.00164233742 -0.00127198664
v -0.00385390688 -0.000988153275 -0.00129362941
v -0.00266006729 -0.00230176607 -0.00125523028
v -0.0038543616 -0.00164192403 -0.00134174502
v -0.0044589201 -0.00164555456 -0.00137241941
v -0.00325427018 -0.00229901215 -0.00132182369
v -0.00385823357 -0.00229968061 -0.00136033772
v -0.00506502995 -0.00230359682 -0.00135852268
v -0.00446290476 -0.00230196654 -0.00136472122
v -0.00567155704 -0.00295965467 -0.00133101898
v -0.00506639387 -0.00295810564 -0.00134687393
v -0.00446387008 -0.00295686233 -0.00134953915
v -0.00385860191 -0.00295697898 -0.00134956487
v -0.00325338822 -0.00295957644 -0.00130937854
v -0.00627367012 -0.00361269386 -0.00124377618
v -0.00567315007 -0.00361440214 -0.0013077436
v -0.005068372 -0.00361292949 -0.00133162632
v -0.00446434412 -0.00361104682 -0.00133505464
v -0.0026573292 -0.00296485866 -0.00123502803
v -0.00385785312 -0.00361059397 -0.00131939526
v -0.00325461291 -0.00361099956 -0.00125731155
v -0.00206791516 -0.00297141541 -0.00115575246
v -0.00266241236 -0.00361175323 -0.00115913339
v -0.00147790438 -0.00297694816 -0.00110084261
v -0.00207892689 -0.00361084868 -0.001047606
v -0.000882274122 -0.00298172189 -0.001090031
v -0.0014905812 -0.0036102056 -0.000967989385
v -0.000281671324 -0.00298562064 -0.00108976976
v -0.000892353477 -0.00361213717 -0.000955019263
v 0.000321780186 -0.00298805907 -0.00107861683
v -0.000289242773 -0.00361444755 -0.000950070797
v 0.000925345754 -0.00298728608 -0.00105118111
v 0.000314775738 -0.00361552462 -0.000934318348
v 0.00152708322 -0.00298379059 -0.00100867404
v 0.000918468984 -0.00361493719 -0.000908880495
v 0.00212570047 -0.00297969743 -0.000954751973
v 0.00152170414 -0.00361307291 -0.000873518351
v 0.00212409743 -0.00361070572 -0.000824952847
v 0.00212070602 -0.00424345816 -0.000763497315
v 0.00151782192 -0.00424513081 -0.000813345308
v 0.000915201148 -0.00424671266 -0.000851943332
v 0.000312613964 -0.00424803607 -0.000884309236
v 0.00212573167 -0.00487639057 -0.000842288253
v 0.00152476295 -0.00487618428 -0.000894780154
v 0.000922707084 -0.00487704249 -0.000936224591
v -0.000290376018 -0.00424905261 -0.000912161602
v 0.00031991367 -0.00487896241 -0.000967760512
v -0.00089289149 -0.00424995553 -0.000934862765
v -0.000283798785 -0.00488226861 -0.000988452812
v -0.00149096048 -0.00425212178 -0.000958094432
v -0.000887046277 -0.00488756597 -0.000994841917
v -0.00208095228 -0.00425475603 -0.00102487311
v -0.00148711132 -0.00489351247 -0.00100299669
v -0.00266798586 -0.00425664522 -0.00111911225
v -0.00208274787 -0.00489878096 -0.00103163021
v -0.00325953099 -0.00425833557 -0.00121578167
v -0.002671391 -0.00490046013 -0.00111643341
v -0.00386009295 -0.00426155515 -0.00128787721
v -0.00326459785 -0.00490416912 -0.00120063464
v -0.00446666684 -0.00426467787 -0.00131517171
v -0.00386509043 -0.00491060037 -0.00126420462
v -0.00507142674 -0.00426741876 -0.00130241527
v -0.00447146874 -0.00491679646 -0.00128420943
v -0.00567475893 -0.00426908676 -0.00127543614
v -0.00507556647 -0.00492148334 -0.00126570987
v -0.00627454929 -0.00426689303 -0.00121728855
v -0.00567579875 -0.0049233404 -0.00122900982
v -0.00686361408 -0.00426279707 -0.00114127237
v -0.00627434812 -0.00492120488 -0.00118035462
v -0.00743985921 -0.00426088413 -0.00112321379
v -0.00793806091 -0.00426229602 -0.00130222121
v -0.00793520454 -0.00360927754 -0.00131120451
v -0.00686659338 -0.00491692405 -0.00112210086
v -0.00744462572 -0.0049152351 -0.0011134427
v -0.00794136524 -0.00491557829 -0.00129300484
v -0.0079516191 -0.00556806428 -0.00127349608
v -0.00745260855 -0.00556861283 -0.00109811814
v -0.00796054956 -0.0062211738 -0.00126159354
v -0.00686855381 -0.00556982309 -0.00109789695
v -0.00744889909 -0.00622151187 -0.0011067756
v -0.00795461517 -0.00687516993 -0.00127680192
v -0.00627224566 -0.00557280472 -0.00112914469
v -0.0074502104 -0.00687416084 -0.00110703032
v -0.00796164479 -0.00752823753 -0.00128662051
v -0.00686508324 -0.00622140057 -0.00108120602
v -0.00567442784 -0.00557325408 -0.00116107962
v -0.0074465191 -0.00752566755 -0.00113306451
v -0.00795916747 -0.00818114355 -0.0013111002
v -0.00626769895 -0.00622101966 -0.00108216482
v -0.00686411327 -0.00687088165 -0.00108652317
v -0.00507778535 -0.00557245361 -0.00121128757
v -0.00744302338 -0.0081781121 -0.00115958718
v -0.00796167739 -0.00883486774 -0.00132090948
v -0.00743453298 -0.0088305166 -0.00119327847
v -0.00686388649 -0.00751869287 -0.00112555432
v -0.00686449371 -0.00816599652 -0.00118890707
v -0.00686297519 -0.00881311018 -0.00126500742
v -0.00626605237 -0.00686777476 -0.00108811259
v -0.005671049 -0.00622129533 -0.00111356156
v -0.00447674934 -0.00556865381 -0.00125421758
v -0.0062754089 -0.00814634841 -0.00126797683
v -0.00628327578 -0.00878671184 -0.00138148572
v -0.00626756484 -0.00750893913 -0.00115687947
v -0.00507587101 -0.00622122874 -0.00116617233
v -0.00566807017 -0.0068670772 -0.00110730808
v -0.00387137732 -0.00556120556 -0.00126243499
v -0.00567725347 -0.0081331823 -0.00132904598
v -0.00568606798 -0.00876904558 -0.00146300578
v -0.00566903688 -0.00750440126 -0.00118414569
v -0.00507173827 -0.00686562154 -0.00114815496
v -0.00447759451 -0.00621860893 -0.00121788692
v -0.00326805166 -0.00555108394 -0.00123684574
v -0.00507674133 -0.00813174527 -0.00137123582
v -0.00508147338 -0.00877010357 -0.00149594748
v -0.00507355435 -0.00749918818 -0.00123930688
v -0.00387540949 -0.0062132678 -0.00125154876
v -0.00447481824 -0.00686266832 -0.0012050838
v -0.00266956561 -0.00554134231 -0.0011916029
v -0.00447585806 -0.0081359474 -0.0014024619
v -0.00447765132 -0.00878136046 -0.00149855029
v -0.0044750846 -0.00749866152 -0.00128433667
v -0.00387465092 -0.0068594669 -0.00124919624
v -0.00327254995 -0.0062036789 -0.00126388622
v -0.00207442022 -0.00553272013 -0.00115047977
v -0.00387484604 -0.00813922379 -0.00142731972
v -0.00387448748 -0.00879014935 -0.0014969632
v -0.00387470983 -0.00749824988 -0.00132026162
v -0.00267158495 -0.00619183341 -0.00126003101
v -0.00327341189 -0.00685245311 -0.00127813022
v -0.00147762219 -0.00552539993 -0.00113417138
v -0.00327314134 -0.00813788828 -0.00144239014
v -0.00327111618 -0.00879177637 -0.00149496028
v -0.00327341817 -0.00749417068 -0.00134200545
v -0.00267322897 -0.00684302207 -0.00129556458
v -0.00207187934 -0.00618010107 -0.00125233748
v -0.000877692655 -0.00551875262 -0.00113076274
v -0.00267181802 -0.00813380908 -0.00145124993
v -0.00266831042 -0.00878866855 -0.00149273372
v -0.00267333048 -0.0074872449 -0.00136149721
v -0.00147227035 -0.00617260812 -0.00124430947
v -0.00207187911 -0.00683169998 -0.00131525437
v -0.000274842227 -0.00551372161 -0.00112511346
v -0.00206951099 -0.00812795106 -0.0014527333
v -0.00206585531 -0.0087829018 -0.00149042404
v -0.00207120017 -0.00747848721 -0.0013796183
v -0.00147148408 -0.00682647014 -0.00130140886
v -0.000872065779 -0.00616694381 -0.00123901165
v 0.000328983588 -0.00551072462 -0.00110485614
v -0.0014681553 -0.00812164601 -0.00144326861
v -0.00146421476 -0.00877599977 -0.00148787326
v -0.00147152424 -0.007474632 -0.00135721767
v -0.000269893178 -0.00616239291 -0.00123004662
v -0.000871083874 -0.00682121934 -0.0012928053
v 0.000931597606 -0.00550989294 -0.00106869207
v -0.000868180359 -0.00811489765 -0.00143559766
v -0.00086356682 -0.00876857527 -0.00148617418
v -0.000870729506 -0.00746855838 -0.00134981272
v -0.000270080607 -0.00681641744 -0.00128157169
v 0.000332872558 -0.00615922455 -0.0012075766
v 0.00153209502 -0.00551124616 -0.00101715664
v -0.000267657451 -0.00810793228 -0.00142922148
v -0.000262892019 -0.00876028556 -0.0014890962
v -0.000270268152 -0.00746329222 -0.00133732613
v 0.000934294367 -0.00615752442 -0.0011694209
v 0.000331179937 -0.00681235641 -0.00126048981
v 0.0021295012 -0.00551492069 -0.000951778726
v 0.000332998665 -0.00810059905 -0.00142071082
v 0.000337962236 -0.00875129364 -0.00149134034
v 0.000330406125 -0.00745796086 -0.0013216217
v 0.000931270421 -0.00680888351 -0.00122890749
v 0.00153337955 -0.00615684083 -0.0011180226
v 0.00272196345 -0.00552186789 -0.000878348248
v 0.000933231262 -0.00809275638 -0.00141080073
v 0.000938543817 -0.00874145143 -0.00149359158
v 0.000930111448 -0.00745298527 -0.00129898603
v 0.00213008095 -0.00615710905 -0.00105914962
v 0.00153022737 -0.00680497149 -0.00119269977
v 0.0033175142 -0.00552791124 -0.000842661248
v 0.00153326488 -0.00808412675 -0.00140259939
v 0.00153893628 -0.0087309787 -0.00149593712
v 0.00152963202 -0.00744637288 -0.00128071359
v 0.00212840294 -0.00680102967 -0.00115545723
v 0.00272501167 -0.00615849718 -0.00100513571
v 0.00391478417 -0.00553526031 -0.000845683273
v 0.00213353126 -0.00807492994 -0.00139723532
v 0.00213948567 -0.00872072577 -0.00149839488
v 0.00212909235 -0.0074395393 -0.0012622514
v 0.00332243997 -0.00616315193 -0.000968667329
v 0.00272573461 -0.00679803174 -0.00112133357
v 0.00450940104 -0.00554810744 -0.000879929052
v 0.00273393979 -0.00806520693 -0.00139687385
v 0.00274001015 -0.00871151313 -0.00149800058
v 0.00272838352 -0.00743238535 -0.00124870508
v 0.00332720065 -0.00679640472 -0.00110066799
v 0.00392099144 -0.00617651269 -0.000934141688
v 0.00509616965 -0.00555652892 -0.000954371993
v 0.00333842915 -0.0080563575 -0.00139867805
v 0.00334326737 -0.00869954657 -0.00150946307
v 0.00333266403 -0.0074250265 -0.00124745257
v 0.0045150253 -0.00619624648 -0.000910778006
v 0.00392979337 -0.0068094302 -0.00105269859
v 0.00395140285 -0.00806153938 -0.00135863817
v 0.00396032212 -0.00869101379 -0.00151205144
v 0.00394070754 -0.00743520074 -0.00120050833
v 0.00451921625 -0.00683797244 -0.000977083342
v 0.00509878341 -0.00620757788 -0.000955152849
v 0.0045332117 -0.00810439698 -0.00121897517
v 0.00453565037 -0.00873958226 -0.00134952448
v 0.0045248461 -0.00747247692 -0.00108640816
v 0.00509160943 -0.0081465859 -0.00109684537
v 0.00507224491 -0.00879221596 -0.00117886846
v 0.00510169892 -0.00685608573 -0.000975444622
v 0.00509999692 -0.00750190858 -0.00102414645
v 0.00563881453 -0.00815473031 -0.00118821464
v 0.00562574621 -0.00880457461 -0.00123618508
v 0.00564146042 -0.00750670535 -0.00114579604
v 0.00564027904 -0.00685854722 -0.00111748534
v 0.00564111769 -0.00620793272 -0.00110156881
v 0.00566097023 -0.00555818528 -0.00107428164
v 0.00608776323 -0.00490914052 -0.00134789746
v 0.0060906373 -0.00426078821 -0.00132968836
v 0.00625220221 0.00985182542 -0.00155581441
v 0.00645428756 0.0105110807 -0.00196902943
v 0.00625236612 0.0105006015 -0.00155854726
v 0.0064629321 0.0098643871 -0.00196717074
v 0.00624457281 0.00919722859 -0.00154429511
v 0.00648317859 0.0105190407 -0.00242269086
v 0.00645473367 0.00921038818 -0.00196043192
v 0.00623060018 0.00853612553 -0.00152822817
v 0.00651603192 0.00987370126 -0.00242226152
v 0.00642697513 0.0105190938 -0.00288913539
v 0.0064329193 0.00854852982 -0.00195008959
v 0.00620992389 0.00787116401 -0.00151540677
v 0.00647911895 0.00987445191 -0.00289092865
v 0.00635039667 0.0105059724 -0.00336096995
v 0.00653935364 0.0092195468 -0.00241772388
v 0.00641035661 0.00788129773 -0.00193916843
v 0.00618918706 0.0072048502 -0.00150454533
v 0.00643238844 0.00986463111 -0.00336595904
v 0.00627408689 0.010485772 -0.00383061613
v 0.00641621044 0.00985117257 -0.00383918057
v 0.00654369453 0.00855700392 -0.00240864861
v 0.00655794609 0.00922133401 -0.00288850535
v 0.00655412255 0.00921566319 -0.00336384051
v 0.0065556895 0.00920543354 -0.00383673026
v 0.00638461346 0.00721322419 -0.00192936521
v 0.00617017597 0.00654010475 -0.0014966965
v 0.00661337189 0.00856055692 -0.002878353
v 0.00666019553 0.00855882373 -0.00335022272
v 0.0066957227 0.00855369586 -0.00382066122
v 0.00653654244 0.00788876414 -0.0023969959
v 0.00635830546 0.00654620258 -0.00192261057
v 0.00613612682 0.0058764494 -0.00150816946
v 0.0066349851 0.00789308548 -0.00286412053
v 0.00671779318 0.00789433438 -0.00333228172
v 0.00679022167 0.00789348781 -0.00379956537
v 0.00651727058 0.00721924845 -0.00238589616
v 0.00634154771 0.0058811456 -0.00192127761
v 0.00614738232 0.00521361036 -0.00149511488
v 0.00672991201 0.0072258329 -0.00331630558
v 0.00682350062 0.00722693605 -0.0037813955
v 0.00662913825 0.00722326804 -0.00285064732
v 0.00648915442 0.00655079819 -0.00237759459
v 0.00632947916 0.00521678058 -0.00191500527
v 0.00614308519 0.00456918543 -0.00150078908
v 0.00670153135 0.0065575568 -0.00330614671
v 0.00679649645 0.00655957684 -0.0037711577
v 0.00660016946 0.00655452115 -0.00284115644
v 0.00646445807 0.005884727 -0.00237327046
v 0.00633377815 0.00456471089 -0.00191370351
v 0.00613344833 0.00398127269 -0.00151712517
v 0.00665179593 0.00589132588 -0.0033015504
v 0.00673577376 0.00589406397 -0.00376763334
v 0.00656268094 0.00588806206 -0.00283617107
v 0.00643990608 0.0052200947 -0.00236775447
v 0.00635301508 0.00396628771 -0.00191483856
v 0.00614332082 0.00344055379 -0.00152195152
v 0.0065958146 0.00522688963 -0.00329830963
v 0.00666350126 0.00523035647 -0.0037660806
v 0.00652337633 0.00522328448 -0.00283148582
v 0.00643208018 0.00456123892 -0.00236385618
v 0.00637079682 0.00341690611 -0.0019138006
v 0.00615582941 0.00293655111 -0.00151872169
v 0.00654361909 0.00456408178 -0.00329586794
v 0.0065895752 0.0045681647 -0.0037653069
v 0.00649415934 0.00456071785 -0.00282765599
v 0.00644201878 0.00395141402 -0.00236059958
v 0.00638131844 0.00290552201 -0.00191144308
v 0.00615207665 0.00245942385 -0.00151735567
v 0.00650235033 0.0039252881 -0.0032928111
v 0.00652409578 0.0039279256 -0.00376348267
v 0.00647950592 0.00393711589 -0.00282371533
v 0.00645356532 0.00339190918 -0.00235705008
v 0.00637925649 0.00241806777 -0.00190964004
v 0.00614970177 0.00199840195 -0.00152540859
v 0.00647288794 0.0033468937 -0.0032883042
v 0.00647289539 0.00334705366 -0.0037594114
v 0.00647266628 0.00336426403 -0.00281913462
v 0.00645982986 0.00287000253 -0.00235379767
v 0.00639446126 0.0019479756 -0.00190784095
v 0.00611488754 0.00154018961 -0.00153067464
v 0.0064526014 0.00281760353 -0.00328318169
v 0.00643602014 0.00281497207 -0.00375408004
v 0.00646816194 0.00282931887 -0.00281460467
v 0.00646253163 0.00237175263 -0.00235038251
v 0.00631271536 0.00148566894 -0.00192744983
v 0.00606282707 0.00106394477 -0.00153094914
v 0.00644042483 0.00232257834 -0.00327832415
v 0.00641293637 0.00231676106 -0.00374877802
v 0.00646613725 0.00232771458 -0.00281048287
v 0.00647251634 0.00188622123 -0.00235211547
v 0.0062613613 0.00101554568 -0.00194813858
v 0.00609962083 0.000558302912 -0.00150618283
v 0.0064630243 0.00183107669 -0.00327966991
v 0.0064394502 0.00181857601 -0.0037498239
v 0.00648206659 0.00184926786 -0.00281248265
v 0.00648213131 0.00140970701 -0.00236542406
v 0.00628379639 0.000507096353 -0.00191251852
v 0.00612678612 3.28526658E-05 -0.00148566556
v 0.00672028121 0.00134968245 -0.00327751483
v 0.00682323193 0.0013312517 -0.00374331116
v 0.00661152182 0.00137846509 -0.00281617302
v 0.00678810244 0.00103256782 -0.00272826781
v 0.00654707476 0.00102009031 -0.00230565434
v 0.00636158092 2.53419275E-05 -0.00187364221
v 0.00611590594 -0.000479443988 -0.00147046975
v 0.00645668246 0.000520591566 -0.00235930597
v 0.00634740107 -0.000485363737 -0.00186019146
v 0.00610128371 -0.0010406971 -0.00145219744
v 0.0065984861 0.000533900864 -0.00281036133
v 0.00701412186 0.00104199187 -0.00316265435
v 0.00644204114 2.4459925E-05 -0.00232113572
v 0.00632805331 -0.00104722346 -0.00184647122
v 0.00608626427 -0.00165937701 -0.0014326605
v 0.00672769221 0.000539961329 -0.00326969824
v 0.00724829081 0.00105125003 -0.00359631493
v 0.00686101057 0.000533912622 -0.00372982305
v 0.00643317681 -0.000493152591 -0.00230357796
v 0.00647482835 2.64014088E-05 -0.00278552296
v 0.00650103949 2.47561875E-05 -0.00325599196
v 0.00653462857 1.60902764E-05 -0.00372693688
v 0.00631183386 -0.00166582398 -0.00183032185
v 0.00608007377 -0.0023099198 -0.00140439929
v 0.00646975497 -0.000503900868 -0.0027677156
v 0.0065067932 -0.000517156848 -0.00323805097
v 0.00655203685 -0.000531676575 -0.00370834977
v 0.00642754976 -0.00105642236 -0.00229055528
v 0.00629282231 -0.00231453939 -0.00180992763
v 0.00607940834 -0.00295893359 -0.00136891229
v 0.00648915255 -0.00106862816 -0.00275362516
v 0.00655004615 -0.00108255271 -0.00322192837
v 0.00661453838 -0.00109755492 -0.00369037921
v 0.00642942078 -0.00167497119 -0.00227482175
v 0.00626200065 -0.00296210963 -0.00178743852
v 0.00608325098 -0.00360683026 -0.00133836246
v 0.00659519667 -0.00169962493 -0.00320217246
v 0.00667661102 -0.0017146219 -0.00366877369
v 0.00651494181 -0.00168645091 -0.00273612514
v 0.00642104773 -0.00232231128 -0.00225638063
v 0.00623561349 -0.00361405034 -0.00176755211
v 0.0060906373 -0.00426078821 -0.00132968836
v 0.00661561731 -0.00234521437 -0.00318195182
v 0.00671350863 -0.00236022822 -0.00364685734
v 0.00652128877 -0.00233264244 -0.00271709519
v 0.00638013845 -0.00296845729 -0.00223956187
v 0.00626447611 -0.00427054847 -0.00175476761
v 0.00608776323 -0.00490914052 -0.00134789746
v 0.00657843705 -0.00299002184 -0.00316758687
v 0.00668164901 -0.00300520263 -0.00363207073
v 0.00648010615 -0.0029779016 -0.00270239427
v 0.00633220887 -0.0036229454 -0.00222545094
v 0.00634172466 -0.00491570681 -0.00174859865
v 0.00608672481 -0.00555477478 -0.00136601611
v 0.00651992764 -0.00364763779 -0.00315708783
v 0.00661559822 -0.00366306212 -0.00362249045
v 0.0064243665 -0.00363421929 -0.00269111246
v 0.0063788984 -0.00428528944 -0.00220893463
v 0.00637685275 -0.0055519091 -0.00175869383
v 0.00605416577 -0.00619867304 -0.00140004826
v 0.00659553707 -0.00431788806 -0.00313475356
v 0.00670442684 -0.00433423324 -0.00359814777
v 0.00648563588 -0.00430155033 -0.00267145201
v 0.00652946765 -0.00492339535 -0.0021867035
v 0.00632963888 -0.00618393207 -0.00179361505
v 0.00603618426 -0.0068468079 -0.00142407569
v 0.00683778431 -0.00493902713 -0.00309325266
v 0.00698677683 -0.00494218897 -0.00354972226
v 0.00668767095 -0.00493154814 -0.00263789762
v 0.00662222505 -0.00554921478 -0.00218186411
v 0.00624417281 -0.00682056835 -0.00183587812
v 0.00602471223 -0.0074946573 -0.00145782367
v 0.00702954037 -0.00554079097 -0.00306539913
v 0.0072196722 -0.00553098088 -0.00351172686
v 0.0068333149 -0.0055458569 -0.00262074848
v 0.00655609043 -0.0061683422 -0.00222190632
v 0.00620120764 -0.00746880751 -0.00187469611
v 0.00602578139 -0.00814219099 -0.0014972908
v 0.00698514469 -0.00614954159 -0.00310229138
v 0.00718665402 -0.0061411038 -0.00354402349
v 0.00677097589 -0.00615738193 -0.00266187196
v 0.00638661953 -0.00678318087 -0.00228281273
v 0.00622998644 -0.00811769906 -0.00190712919
v 0.00603190484 -0.00879196636 -0.00153204531
v 0.00623986358 -0.00876627024 -0.00194326008
v 0.00676424662 -0.00673397398 -0.00318530342
v 0.00696065044 -0.00672410987 -0.00362859271
v 0.00653818296 -0.00674985116 -0.00274003972
v 0.0062833433 -0.00742870569 -0.00232671737
v 0.00631737709 -0.00808094256 -0.00235411734
v 0.0063390336 -0.00872983877 -0.00238869106
v 0.00635260157 -0.0073739225 -0.0027953817
v 0.00650304044 -0.0073306649 -0.00325858174
v 0.00668460596 -0.00731119281 -0.00371036399
v 0.00631650956 -0.00802834891 -0.00281751528
v 0.00631631957 -0.00868030917 -0.00285067456
v 0.00633426104 -0.00796576496 -0.00329266768
v 0.00641423929 -0.00791825075 -0.00376177533
v 0.00627146568 -0.00861696899 -0.00332459179
v 0.00626250589 -0.00855906308 -0.00379841914
v 0.00701412186 0.00104199187 -0.00316265435
v 0.00724829081 0.00105125003 -0.00359631493
v 0.00682323193 0.0013312517 -0.00374331116
v 0.00672028121 0.00134968245 -0.00327751483
v -0.00826627854 0.00360306678 -0.00168637361
v -0.00796237029 0.00360414502 -0.00133717665
v -0.00795663614 0.00405357406 -0.00133267709
v -0.00824342202 0.00405119546 -0.00169151672
v -0.00795195904 0.00450443476 -0.00132484443
v -0.00821536966 0.00450186059 -0.00169378472
v -0.00795033108 0.00496777287 -0.00131461769
v -0.00819394737 0.00496668881 -0.00169154897
v -0.0079467874 0.00545489462 -0.00130937784
v -0.0081842728 0.00545498775 -0.00168945815
v -0.00794522837 0.00597783923 -0.00130696595
v -0.00818519387 0.00597823365 -0.00168679771
v -0.00794257876 0.00654789014 -0.00130802672
v -0.00819395762 0.00654882938 -0.00168373075
v -0.0079441322 0.00717582135 -0.00131181418
v -0.00821415614 0.00717662973 -0.0016793994
v -0.00794994831 0.00782909524 -0.00131171523
v -0.00822581723 0.00782930199 -0.00167562405
v -0.00832016952 0.00405303854 -0.00212143967
v -0.00828465261 0.00449874485 -0.0021305494
v -0.00832977053 0.00360658253 -0.00210963795
v -0.00832362473 0.00314488844 -0.0021031613
v -0.0082729049 0.00314357621 -0.00168492889
v -0.00831413083 0.00266061723 -0.00210528262
v -0.00826831348 0.00266042072 -0.00168776326
v -0.00831075665 0.00214242074 -0.00210869615
v -0.00826556981 0.00214268174 -0.00169056724
v -0.00797077455 0.00266106008 -0.00133896095
v -0.00830659643 0.00157877104 -0.00211162842
v -0.00797303766 0.00214384333 -0.00134084385
v -0.0082645854 0.00157928339 -0.00169273885
v -0.00830526743 0.000957563519 -0.00211310852
v -0.00797402207 0.00158083229 -0.00134311325
v -0.0082647372 0.000958721968 -0.00169386261
v -0.00830224715 0.000304019253 -0.00211407337
v -0.00797364209 0.000960611447 -0.00134512584
v -0.00826277677 0.000305923226 -0.00169417926
v -0.00796836987 0.000307823735 -0.0013473609
v -0.00829705968 -0.000349581387 -0.00211371458
v -0.00825479068 -0.000347042922 -0.00169352198
v -0.00796531979 -0.000344704196 -0.00134400069
v -0.00829181634 -0.00100610475 -0.00212357449
v -0.00817016419 -0.00102215691 -0.0025642917
v -0.00827854592 -0.00165389501 -0.00258791586
v -0.00824127626 -0.000999553129 -0.00169830502
v -0.00795767084 -0.000997470575 -0.0013444894
v -0.00828162022 -0.00165715616 -0.00213276385
v -0.00827920251 -0.0023130409 -0.00259604747
v -0.00821818504 -0.00165182748 -0.00169933599
v -0.00794835389 -0.00165030756 -0.00133763056
v -0.00826231856 -0.00231193681 -0.00213542231
v -0.00831621513 -0.00296474411 -0.0025988936
v -0.00820001122 -0.00230535399 -0.00169595866
v -0.0079412004 -0.00230295816 -0.00132814201
v -0.00825626869 -0.00296263001 -0.00213562418
v -0.00828661025 -0.00361370831 -0.0025926088
v -0.00818675663 -0.00295913755 -0.00169298775
v -0.00793665927 -0.00295609911 -0.001319765
v -0.00825206283 -0.0036141926 -0.00212759594
v -0.00825846754 -0.00426988071 -0.00258729281
v -0.00818492658 -0.0036123686 -0.00168481411
v -0.00793520454 -0.00360927754 -0.00131120451
v -0.00824011676 -0.00426778384 -0.00212128018
v -0.00827907678 -0.00492607057 -0.00258464389
v -0.00818248745 -0.0042650369 -0.00167805608
v -0.00793806091 -0.00426229602 -0.00130222121
v -0.0082446374 -0.00492188009 -0.00211855816
v -0.00831170101 -0.00557486154 -0.00257978821
v -0.0081748208 -0.00491779344 -0.0016738124
v -0.00794136524 -0.00491557829 -0.00129300484
v -0.00825020485 -0.00557186361 -0.0021145693
v -0.00826750044 -0.0062256353 -0.00257874164
v -0.00815943163 -0.00556966523 -0.0016679992
v -0.0079516191 -0.00556806428 -0.00127349608
v -0.00822323374 -0.00622443296 -0.00211252854
v -0.00825792458 -0.00688568177 -0.00257538562
v -0.008150829 -0.00622393657 -0.00166390301
v -0.00796054956 -0.0062211738 -0.00126159354
v -0.00823889207 -0.00688243471 -0.00210974063
v -0.00831431709 -0.00754173845 -0.00257110922
v -0.00817373488 -0.00687860278 -0.00166445132
v -0.00795461517 -0.00687516993 -0.00127680192
v -0.00829042681 -0.00753686763 -0.00210702373
v -0.00838107057 -0.00819189381 -0.00256781839
v -0.00820507761 -0.00753158145 -0.00166708499
v -0.00796164479 -0.00752823753 -0.00128662051
v -0.00834616739 -0.00818729121 -0.00210517808
v -0.00842976198 -0.00884290878 -0.00256343628
v -0.00838572346 -0.00883869454 -0.00210162112
v -0.00824419595 -0.00818276033 -0.00167008594
v -0.00795916747 -0.00818114355 -0.0013111002
v -0.00826784968 -0.00883524306 -0.00166998
v -0.00796167739 -0.00883486774 -0.00132090948
v -0.00821374822 0.00361288269 -0.00255273515
v -0.00832977053 0.00360658253 -0.00210963795
v -0.00832016952 0.00405303854 -0.00212143967
v -0.00817010645 0.00314846844 -0.00253550941
v -0.00832362473 0.00314488844 -0.0021031613
v -0.00815508049 0.00266206521 -0.00253572827
v -0.00831413083 0.00266061723 -0.00210528262
v -0.00815491285 0.00214292388 -0.0025400056
v -0.00831075665 0.00214242074 -0.00210869615
v -0.00815338735 0.00157844694 -0.00254387106
v -0.00830659643 0.00157877104 -0.00211162842
v -0.00815514382 0.000955947035 -0.0025461656
v -0.00830526743 0.000957563519 -0.00211310852
v -0.0081541054 0.00030096501 -0.00254757702
v -0.00830224715 0.000304019253 -0.00211407337
v -0.00815290213 -0.00035523955 -0.00254780566
v -0.00829705968 -0.000349581387 -0.00211371458
v -0.00817016419 -0.00102215691 -0.0025642917
v -0.00821374822 0.00361288269 -0.00255273515
v -0.00829901826 0.00405325368 -0.00257754559
v -0.00829073787 0.00449565519 -0.00258988305
v -0.00826056208 0.00496538496 -0.00213163113
v -0.00827870425 0.00496413 -0.00259229844
v -0.00826248713 0.00545501988 -0.00212980225
v -0.00828223303 0.00545452954 -0.00259134127
v -0.00826176815 0.00597880548 -0.00212669512
v -0.00827859808 0.00597900338 -0.00258837757
v -0.00827494171 0.0065499628 -0.00212107203
v -0.00828050077 0.00655118143 -0.00258257031
v -0.00829197466 0.00717775524 -0.00211387873
v -0.0082788635 0.0071798861 -0.0025739423
v -0.00830267277 0.00782873295 -0.00210519112
v -0.00826355163 0.00783017185 -0.00256141694
v -0.00823983923 0.00848221127 -0.00167116197
v -0.00829756167 0.00848112721 -0.00209642877
v -0.00819116086 0.00847933069 -0.00254250574
v -0.00824910682 0.00913576409 -0.00166847662
v -0.00829253066 0.00913637877 -0.0020900676
v -0.00815672055 0.00913589634 -0.00252886699
v -0.00825676322 0.0097895069 -0.00166822062
v -0.00829920359 0.00979097746 -0.00208791369
v -0.00826445874 0.0104432702 -0.00166738033
v -0.00815741625 0.00979187246 -0.00252467091
v -0.00830720179 0.0104447156 -0.0020866245
v -0.00815942418 0.0104459394 -0.00252197403
v -0.00822581723 0.00782930199 -0.00167562405
v -0.00794994831 0.00782909524 -0.00131171523
v -0.00795265194 0.00848234259 -0.00131502107
v -0.00823983923 0.00848221127 -0.00167116197
v -0.00795631669 0.009135684 -0.00131734845
v -0.00824910682 0.00913576409 -0.00166847662
v -0.00795829669 0.00978922285 -0.00132138887
v -0.00825676322 0.0097895069 -0.00166822062
v -0.00793520454 -0.00360927754 -0.00131120451
v -0.0074359607 -0.00360763818 -0.00113344588
v -0.00743450457 -0.00295487395 -0.00114709232
v -0.00793665927 -0.00295609911 -0.001319765
v 0.00566097023 -0.00555818528 -0.00107428164
v 0.00608672481 -0.00555477478 -0.00136601611
v 0.00608776323 -0.00490914052 -0.00134789746
v 0.00564111769 -0.00620793272 -0.00110156881
v 0.00605416577 -0.00619867304 -0.00140004826
v 0.00564027904 -0.00685854722 -0.00111748534
v 0.00603618426 -0.0068468079 -0.00142407569
v 0.00564146042 -0.00750670535 -0.00114579604
v 0.00602471223 -0.0074946573 -0.00145782367
v 0.00563881453 -0.00815473031 -0.00118821464
v 0.00602578139 -0.00814219099 -0.0014972908
v 0.00562574621 -0.00880457461 -0.00123618508
v 0.00603190484 -0.00879196636 -0.00153204531
v 0.00579421548 0.00852722581 -0.00125007913
v 0.00623060018 0.00853612553 -0.00152822817
v 0.00624457281 0.00919722859 -0.00154429511
v 0.00578775816 0.0078629991 -0.00122758665
v 0.00620992389 0.00787116401 -0.00151540677
v 0.00577785075 0.00719853071 -0.00121111283
v 0.00618918706 0.0072048502 -0.00150454533
v 0.00576555356 0.0065349522 -0.00120067713
v 0.00617017597 0.00654010475 -0.0014966965
v 0.00574885309 0.00587193994 -0.00120186328
v 0.00613612682 0.0058764494 -0.00150816946
v 0.00573518453 0.00521086156 -0.00121327711
v 0.00614738232 0.00521361036 -0.00149511488
v 0.00572745083 0.00457192725 -0.00122222607
v 0.00566207524 -0.00165462517 -0.00115858193
v 0.00608626427 -0.00165937701 -0.0014326605
v 0.00610128371 -0.0010406971 -0.00145219744
v 0.00566420611 -0.00230546389 -0.00112320855
v 0.00608007377 -0.0023099198 -0.00140439929
v 0.00566955237 -0.00295548164 -0.00108392339
v 0.00607940834 -0.00295893359 -0.00136891229
v 0.0056700916 -0.00360326725 -0.00105575484
v 0.00608325098 -0.00360683026 -0.00133836246
v 0.00567179779 -0.00425741309 -0.00104629202
v 0.0060906373 -0.00426078821 -0.00132968836
v 0.00564963743 -0.00490775844 -0.00107688794
v -0.00852917042 -0.00883612875 -0.00255495077
v -0.00842976198 -0.00884290878 -0.00256343628
v -0.00838107057 -0.00819189381 -0.00256781839
v -0.00848047156 -0.00818382576 -0.00256043347
v -0.00831431709 -0.00754173845 -0.00257110922
v -0.00841378048 -0.00753294025 -0.00256567984
v -0.00825792458 -0.00688568177 -0.00257538562
v -0.00835766643 -0.00688130409 -0.00256969663
v -0.00826750044 -0.0062256353 -0.00257874164
v -0.00836705975 -0.00622808049 -0.00256968965
v -0.00831170101 -0.00557486154 -0.00257978821
v -0.00841111131 -0.00557606621 -0.00256901444
v -0.00827907678 -0.00492607057 -0.00258464389
v -0.00837873016 -0.00492361607 -0.00257669156
v -0.00825846754 -0.00426988071 -0.00258729281
v -0.00835830346 -0.00427041808 -0.00258160406
v -0.00828661025 -0.00361370831 -0.0025926088
v -0.00838625804 -0.00361644314 -0.00258467998
v -0.00831621513 -0.00296474411 -0.0025988936
v -0.00841579027 -0.00296480465 -0.00258968375
v -0.00827920251 -0.0023130409 -0.00259604747
v -0.0083790822 -0.00231258501 -0.0025911578
v -0.00827854592 -0.00165389501 -0.00258791586
v -0.00837830361 -0.00165066577 -0.00259406748
v -0.00817016419 -0.00102215691 -0.0025642917
v 0.00636096718 -0.00857564714 -0.00379290804
v 0.00626250589 -0.00855906308 -0.00379841914
v 0.00627146568 -0.00861696899 -0.00332459179
v 0.00637091929 -0.00862737931 -0.00332377665
v 0.00631631957 -0.00868030917 -0.00285067456
v 0.00641626958 -0.00868156459 -0.0028535896
v 0.0063390336 -0.00872983877 -0.00238869106
v 0.00643857149 -0.00872831605 -0.00237921346
v 0.00623986358 -0.00876627024 -0.00194326008
v 0.00633417955 -0.00876635313 -0.00191002688
v 0.00603190484 -0.00879196636 -0.00153204531
v 0.00610877993 -0.00879543833 -0.00146818452
v 0.00562574621 -0.00880457461 -0.00123618508
v 0.005663977 -0.00881266594 -0.00114413665
v 0.00507224491 -0.00879221596 -0.00117886846
v 0.00506565813 -0.00880529452 -0.00107994641
v 0.00453565037 -0.00873958226 -0.00134952448
v 0.00450928044 -0.0087579228 -0.00125482387
v 0.00396032212 -0.00869101379 -0.00151205144
v 0.00394551782 -0.0087120207 -0.0014154102
v 0.00334326737 -0.00869954657 -0.00150946307
v 0.00334255141 -0.00871782377 -0.00141115009
v 0.00274001015 -0.00871151313 -0.00149800058
v 0.00274078967 -0.0087273363 -0.00139926351
v 0.00213948567 -0.00872072577 -0.00149839488
v 0.00213957997 -0.0087358905 -0.0013995514
v 0.00153893628 -0.0087309787 -0.00149593712
v 0.00153880485 -0.00874514878 -0.00139694614
v 0.000938543817 -0.00874145143 -0.00149359158
v 0.000938181707 -0.00875404663 -0.00139438862
v 0.000337962236 -0.00875129364 -0.00149134034
v 0.00033754349 -0.0087621361 -0.00139193085
v -0.000262892019 -0.00876028556 -0.0014890962
v -0.000263170456 -0.00876947679 -0.00138952001
v -0.00086356682 -0.00876857527 -0.00148617418
v -0.000864001224 -0.00877641235 -0.00138648273
v -0.00146421476 -0.00877599977 -0.00148787326
v -0.00146502373 -0.00878276117 -0.00138810545
v -0.00206585531 -0.0087829018 -0.00149042404
v -0.00206632377 -0.00878904853 -0.00139061431
v -0.00266831042 -0.00878866855 -0.00149273372
v -0.00266802311 -0.00879525952 -0.00139295158
v -0.00327111618 -0.00879177637 -0.00149496028
v -0.00327028777 -0.00880001392 -0.00139530352
v -0.00387448748 -0.00879014935 -0.0014969632
v -0.00387306209 -0.00880114362 -0.00139757968
v -0.00447765132 -0.00878136046 -0.00149855029
v -0.00447549019 -0.00879617222 -0.0013996769
v -0.00508147338 -0.00877010357 -0.00149594748
v -0.00507715344 -0.00878854562 -0.00139775767
v -0.00568606798 -0.00876904558 -0.00146300578
v -0.0056769466 -0.00878853817 -0.00136534928
v -0.00628327578 -0.00878671184 -0.00138148572
v -0.00626876997 -0.00880344212 -0.00128396822
v -0.00686297519 -0.00881311018 -0.00126500742
v -0.00685021468 -0.0088244779 -0.0011664785
v -0.00743453298 -0.0088305166 -0.00119327847
v -0.0074435412 -0.0088364156 -0.0010938599
v -0.00796167739 -0.00883486774 -0.00132090948
v -0.0080156941 -0.00883604307 -0.00123676204
v -0.00826784968 -0.00883524306 -0.00166998
v -0.00835678633 -0.00883226655 -0.00162435812
v -0.00838572346 -0.00883869454 -0.00210162112
v -0.00848414749 -0.00883291569 -0.00208490924
v -0.00842976198 -0.00884290878 -0.00256343628
v -0.00852917042 -0.00883612875 -0.00255495077
v 0.00637204526 0.0105030807 -0.00384084042
v 0.00627408689 0.010485772 -0.00383061613
v 0.00641621044 0.00985117257 -0.00383918057
v 0.00651428197 0.009869745 -0.0038452642
v 0.0065556895 0.00920543354 -0.00383673026
v 0.00665383274 0.00922459923 -0.00383594632
v 0.0066957227 0.00855369586 -0.00382066122
v 0.00679429108 0.00856884662 -0.00381326303
v 0.00679022167 0.00789348781 -0.00379956537
v 0.0068888762 0.00790128019 -0.0037851946
v 0.00682350062 0.00722693605 -0.0037813955
v 0.00692174258 0.00722702174 -0.00376272551
v 0.00679649645 0.00655957684 -0.0037711577
v 0.00689443806 0.00655373326 -0.00375183881
v 0.00673577376 0.00589406397 -0.00376763334
v 0.0068338695 0.00588535517 -0.00375027466
v 0.00666350126 0.00523035647 -0.0037660806
v 0.00676207803 0.00522094779 -0.00375215034
v 0.0065895752 0.0045681647 -0.0037653069
v 0.00668872753 0.00455933344 -0.0037557797
v 0.00652409578 0.0039279256 -0.00376348267
v 0.00662369607 0.00392032508 -0.00375878089
v 0.00647289539 0.00334705366 -0.0037594114
v 0.00657270523 0.00334089505 -0.00375914038
v 0.00643602014 0.00281497207 -0.00375408004
v 0.00653586769 0.00281047425 -0.00375727518
v 0.00641293637 0.00231676106 -0.00374877802
v 0.00651280396 0.00231714058 -0.00375391426
v 0.0064394502 0.00181857601 -0.0037498239
v 0.00653459784 0.00184934761 -0.00375010725
v 0.00682323193 0.0013312517 -0.00374331116
v 0.00689616986 0.00139821274 -0.00372929801
v 0.00724829081 0.00105125003 -0.00359631493
v 0.00734039955 0.00106622593 -0.00356037426
v 0.00686101057 0.000533912622 -0.00372982305
v 0.00694361189 0.000483027165 -0.00370558142
v 0.00653462857 1.60902764E-05 -0.00372693688
v 0.00663116435 -6.6900252E-06 -0.00371421198
v 0.00655203685 -0.000531676575 -0.00370834977
v 0.0066513652 -0.000525403768 -0.00369862304
v 0.00661453838 -0.00109755492 -0.00369037921
v 0.00671322644 -0.00108822726 -0.00367720053
v 0.00667661102 -0.0017146219 -0.00366877369
v 0.0067749219 -0.0017076222 -0.00365186203
v 0.00671350863 -0.00236022822 -0.00364685734
v 0.0068114833 -0.00236011832 -0.00362683414
v 0.00668164901 -0.00300520263 -0.00363207073
v 0.00677913707 -0.00301205274 -0.00361087662
v 0.00661559822 -0.00366306212 -0.00362249045
v 0.0067133233 -0.00366120273 -0.00360136386
v 0.00670442684 -0.00433423324 -0.00359814777
v 0.0067980825 -0.00430755643 -0.00357541023
v 0.00698677683 -0.00494218897 -0.00354972226
v 0.00707535306 -0.00490590138 -0.00352078257
v 0.0072196722 -0.00553098088 -0.00351172686
v 0.00731148338 -0.00551854772 -0.00347409607
v 0.00718665402 -0.0061411038 -0.00354402349
v 0.00727577601 -0.00616396964 -0.00350485253
v 0.00696065044 -0.00672410987 -0.00362859271
v 0.00704500778 -0.00676416187 -0.00359282014
v 0.00668460596 -0.00731119281 -0.00371036399
v 0.00677213632 -0.00734980172 -0.00368124782
v 0.00641423929 -0.00791825075 -0.00376177533
v 0.00650969893 -0.00794403814 -0.00374686113
v 0.00626250589 -0.00855906308 -0.00379841914
v 0.00636096718 -0.00857564714 -0.00379290804
v -0.00825448055 0.0104453005 -0.00255301944
v -0.00815942418 0.0104459394 -0.00252197403
v -0.00830720179 0.0104447156 -0.0020866245
v -0.00840665121 0.0104437768 -0.00209705764
v -0.00826445874 0.0104432702 -0.00166738033
v -0.00835613906 0.0104424059 -0.0016274564
v -0.00796005316 0.0104429843 -0.00132396678
v -0.00801436603 0.0104434025 -0.00124000269
v -0.00743844965 0.0104414104 -0.00117600558
v -0.00745072309 0.0104436856 -0.00107678771
v -0.00686018728 0.0104341898 -0.001211658
v -0.00685144169 0.010438391 -0.00111212977
v -0.00626948941 0.010424125 -0.00129333418
v -0.00625969516 0.0104297074 -0.00119397161
v -0.00566400588 0.0104183489 -0.00133344985
v -0.00566115323 0.0104240282 -0.001233652
v -0.00506196171 0.0104171094 -0.00132314546
v -0.00506057125 0.010423068 -0.00122333283
v -0.00446199812 0.0104112923 -0.00135781581
v -0.00446082838 0.0104191815 -0.00125813438
v -0.00385784428 0.0104117841 -0.00135418423
v -0.00385961845 0.0104203448 -0.00125456718
v -0.00325786043 0.0104179475 -0.00132845924
v -0.00325911096 0.0104241408 -0.00122865895
v -0.00265740952 0.0104220258 -0.00131720374
v -0.00265745097 0.0104258098 -0.00121727539
v -0.00205580867 0.0104224226 -0.00131912366
v -0.00205533719 0.0104257427 -0.00121917995
v -0.00145303772 0.0104215415 -0.00132584921
v -0.00145298894 0.0104249557 -0.00122590759
v -0.000850381097 0.0104224868 -0.00131795811
v -0.000850575161 0.0104244389 -0.00121797726
v -0.000247679855 0.0104241539 -0.0013061713
v -0.000247987191 0.0104237683 -0.00120617251
v 0.000356882549 0.010423243 -0.0013011276
v 0.00035514569 0.0104226936 -0.0012011443
v 0.000961987127 0.010420084 -0.00129607122
v 0.000958804449 0.0104222475 -0.00119614543
v 0.00156516058 0.0104186628 -0.0012869921
v 0.00156317872 0.0104239024 -0.00118714909
v 0.00216889428 0.0104205618 -0.00128790759
v 0.00216908776 0.0104273688 -0.00118813978
v 0.00277510425 0.0104264887 -0.00129469868
v 0.00277668936 0.0104335127 -0.00119495834
v 0.00338327675 0.0104362434 -0.0013063295
v 0.00338598969 0.0104427822 -0.00120658032
v 0.00399577431 0.0104475934 -0.001324813
v 0.00399680715 0.010454 -0.00122502388
v 0.00461232755 0.0104620093 -0.00132351497
v 0.00460836291 0.0104681337 -0.0012237815
v 0.00521321362 0.0104802679 -0.00127306522
v 0.00521352561 0.0104846228 -0.0011731605
v 0.00579230161 0.0104924049 -0.00130609714
v 0.00582150789 0.0104945432 -0.00121048104
v 0.00625236612 0.0105006015 -0.00155854726
v 0.00632489054 0.0105015934 -0.00148970541
v 0.00645428756 0.0105110807 -0.00196902943
v 0.00655038701 0.010513125 -0.00194144866
v 0.00648317859 0.0105190407 -0.00242269086
v 0.00658305734 0.0105239497 -0.00242301519
v 0.00642697513 0.0105190938 -0.00288913539
v 0.00652595842 0.0105275335 -0.00290058181
v 0.00635039667 0.0105059724 -0.00336096995
v 0.00644874666 0.0105197867 -0.00337265059
v 0.00627408689 0.010485772 -0.00383061613
v 0.00637204526 0.0105030807 -0.00384084042
v -0.00831103325 0.00360561116 -0.00257470598
v -0.00821374822 0.00361288269 -0.00255273515
v -0.00829901826 0.00405325368 -0.00257754559
v -0.00826502405 0.0031445038 -0.0025667341
v -0.00817010645 0.00314846844 -0.00253550941
v -0.00824924558 0.00266091549 -0.00256936671
v -0.00815508049 0.00266206521 -0.00253572827
v -0.00824913941 0.00214275229 -0.00257348968
v -0.00815491285 0.00214292388 -0.0025400056
v -0.00824782252 0.00157837383 -0.00257676211
v -0.00815338735 0.00157844694 -0.00254387106
v -0.00824977178 0.000955891213 -0.00257849949
v -0.00815514382 0.000955947035 -0.0025461656
v -0.008248928 0.000300599932 -0.00257933489
v -0.0081541054 0.00030096501 -0.00254757702
v -0.00824828539 -0.000354813936 -0.00257783756
v -0.00815290213 -0.00035523955 -0.00254780566
v -0.00826779194 -0.0010175471 -0.00258544972
v -0.00817016419 -0.00102215691 -0.0025642917
v -0.00837830361 -0.00165066577 -0.00259406748
v -0.00831103325 0.00360561116 -0.00257470598
v -0.00829901826 0.00405325368 -0.00257754559
v -0.00839865953 0.00405128999 -0.00258578267
v -0.00829073787 0.00449565519 -0.00258988305
v -0.00839064084 0.0045000324 -0.00258937711
v -0.00827870425 0.00496413 -0.00259229844
v -0.0083786333 0.00496579427 -0.00258889887
v -0.00828223303 0.00545452954 -0.00259134127
v -0.00838214997 0.0054544392 -0.00258726417
v -0.00827859808 0.00597900338 -0.00258837757
v -0.00837854389 0.00597852701 -0.00258513051
v -0.00828050077 0.00655118143 -0.00258257031
v -0.00838048849 0.00654989155 -0.00258169253
v -0.0082788635 0.0071798861 -0.0025739423
v -0.00837881211 0.00717948005 -0.00257709622
v -0.00826355163 0.00783017185 -0.00256141694
v -0.0083629312 0.00783345103 -0.00257204706
v -0.00819116086 0.00847933069 -0.00254250574
v -0.00828884915 0.00848399661 -0.0025633662
v -0.00815672055 0.00913589634 -0.00252886699
v -0.00825274549 0.0091372896 -0.00255674799
v -0.00815741625 0.00979187246 -0.00252467091
v -0.00825267937 0.00979134161 -0.00255507859
v -0.00815942418 0.0104459394 -0.00252197403
v -0.00825448055 0.0104453005 -0.00255301944
vt 0.375732422 0.248657227
vt 0.375732422 0.232543945
vt 0.360839844 0.232543945
vt 0.0102767944 0.504882812
vt 0.00177192688 0.505371094
vt 0 0.517578125
vt 0.0102767944 0.504882812
vt 0 0.517578125
vt 0.0121917725 0.517578125
vt 0.920898438 0.000108540058
vt 0.9296875 0.0170898438
vt 0.9296875 0
vt 0.869140625 0.248046875
vt 0.881347656 0.247680664
vt 0.883300781 0.239624023
vt 0.392578125 0.402099609
vt 0.405761719 0.385009766
vt 0.392822266 0.385009766
vt 0.375 0.0178985596
vt 0.375 0.000808238983
vt 0.360107422 0.000799179077
vt 0.360351562 0.0178833008
vt 0.375 0.0349731445
vt 0.344482422 0.000971317291
vt 0.360595703 0.0349731445
vt 0.375 0.0520629883
vt 0.344726562 0.0180358887
vt 0.329101562 0.00124073029
vt 0.360595703 0.0520629883
vt 0.374755859 0.069152832
vt 0.329101562 0.0182800293
vt 0.313476562 0.00142383575
vt 0.344726562 0.0350952148
vt 0.360595703 0.069152832
vt 0.374755859 0.0862426758
vt 0.313476562 0.0184631348
vt 0.297607422 0.00147533417
vt 0.344970703 0.052154541
vt 0.329101562 0.0353088379
vt 0.360595703 0.0862426758
vt 0.374755859 0.102661133
vt 0.297851562 0.0185394287
vt 0.281982422 0.00161075592
vt 0.344970703 0.0692138672
vt 0.329101562 0.0523376465
vt 0.313476562 0.0354919434
vt 0.360839844 0.102661133
vt 0.375 0.117553711
vt 0.281982422 0.0186157227
vt 0.266357422 0.0016078949
vt 0.344970703 0.0863037109
vt 0.329345703 0.0693359375
vt 0.313476562 0.0524902344
vt 0.297851562 0.0355834961
vt 0.360839844 0.117553711
vt 0.375 0.131225586
vt 0.266357422 0.0185699463
vt 0.250488281 0.00153160095
vt 0.345214844 0.102722168
vt 0.329345703 0.0863647461
vt 0.313476562 0.0694580078
vt 0.297851562 0.0525817871
vt 0.281982422 0.0356140137
vt 0.250732422 0.0185852051
vt 0.234863281 0.00151443481
vt 0.266357422 0.0356140137
vt 0.282226562 0.0525817871
vt 0.297851562 0.069519043
vt 0.313476562 0.0864868164
vt 0.234863281 0.0185852051
vt 0.219116211 0.00154495239
vt 0.250732422 0.0356445312
vt 0.266357422 0.0526428223
vt 0.282226562 0.069519043
vt 0.219116211 0.0186157227
vt 0.203369141 0.00159454346
vt 0.234985352 0.0356445312
vt 0.250732422 0.0526733398
vt 0.203491211 0.018661499
vt 0.18762207 0.00163459778
vt 0.219238281 0.0356750488
vt 0.187744141 0.0186920166
vt 0.171875 0.0016784668
vt 0.297851562 0.0864868164
vt 0.266357422 0.0696411133
vt 0.234985352 0.052734375
vt 0.203491211 0.035736084
vt 0.17199707 0.018737793
vt 0.15612793 0.00173377991
vt 0.282226562 0.0865478516
vt 0.250732422 0.0697021484
vt 0.219238281 0.0527648926
vt 0.187744141 0.0357666016
vt 0.15612793 0.0187835693
vt 0.140380859 0.00177288055
vt 0.266357422 0.0866699219
vt 0.235107422 0.0697631836
vt 0.203491211 0.0527954102
vt 0.17199707 0.0357971191
vt 0.140380859 0.0187988281
vt 0.124511719 0.00175666809
vt 0.250732422 0.0867919922
vt 0.219360352 0.0698242188
vt 0.187744141 0.0528259277
vt 0.15637207 0.0359191895
vt 0.124572754 0.0187835693
vt 0.108703613 0.00169372559
vt 0.235107422 0.0868530273
vt 0.203613281 0.0698852539
vt 0.172485352 0.0532226562
vt 0.14050293 0.0358276367
vt 0.108764648 0.0187072754
vt 0.0928344727 0.0015630722
vt 0.219482422 0.0869140625
vt 0.188232422 0.0702514648
vt 0.159179688 0.0551147461
vt 0.124633789 0.0357971191
vt 0.0928344727 0.0185699463
vt 0.0769042969 0.00135135651
vt 0.204101562 0.0873413086
vt 0.174682617 0.0722045898
vt 0.141113281 0.0532531738
vt 0.108825684 0.035736084
vt 0.0769042969 0.018371582
vt 0.0609130859 0.00109004974
vt 0.190307617 0.0892333984
vt 0.156860352 0.0703735352
vt 0.124755859 0.0528259277
vt 0.0928955078 0.0355834961
vt 0.0608825684 0.0180969238
vt 0.044921875 0.000748634338
vt 0.172607422 0.0874023438
vt 0.140625 0.0699462891
vt 0.108947754 0.0527038574
vt 0.076965332 0.0354003906
vt 0.0448913574 0.0177307129
vt 0.0291137695 0.000336885452
vt 0.156494141 0.0870361328
vt 0.12487793 0.0698242188
vt 0.0930175781 0.0525817871
vt 0.0609741211 0.03515625
vt 0.0289916992 0.0173339844
vt 0.0132064819 0.000112473965
vt 0.14074707 0.0869750977
vt 0.109069824 0.0697631836
vt 0.0770874023 0.0524597168
vt 0.0449523926 0.0347900391
vt 0.013092041 0.0171051025
vt 0 0
vt 3.37362289E-05 0.0169677734
vt 0.0289916992 0.0344543457
vt 0.0130691528 0.0342407227
vt 0.000244855881 0.0340881348
vt 0.0610961914 0.0522460938
vt 0.0932006836 0.0696411133
vt 0.0451049805 0.0519714355
vt 0.0291137695 0.0516662598
vt 0.013168335 0.0514526367
vt 0.000613212585 0.0513916016
vt 0.0772094727 0.069519043
vt 0.0612792969 0.0693969727
vt 0.0452880859 0.0692138672
vt 0.0133361816 0.0688476562
vt 0.00115680695 0.0687866211
vt 0.0293426514 0.0689697266
vt 0.0136108398 0.0862426758
vt 0.00170707703 0.0861816406
vt 0.0296173096 0.0863037109
vt 0.0455627441 0.0864257812
vt 0.0614929199 0.0866088867
vt 0.0773925781 0.086730957
vt 0.0139465332 0.103637695
vt 0.00222206116 0.103637695
vt 0.0299530029 0.103637695
vt 0.0458374023 0.10369873
vt 0.0617370605 0.103820801
vt 0.0144195557 0.12097168
vt 0.00314331055 0.120910645
vt 0.0303192139 0.12097168
vt 0.0461730957 0.12097168
vt 0.0148544312 0.138305664
vt 0.00289726257 0.138183594
vt 0.0307006836 0.138183594
vt 0.0151290894 0.155029297
vt 0.00307655334 0.155151367
vt 0.0775756836 0.103942871
vt 0.0620117188 0.121032715
vt 0.0464782715 0.138183594
vt 0.0310058594 0.154785156
vt 0.0156555176 0.170166016
vt 0.0034198761 0.170410156
vt 0.0778198242 0.12109375
vt 0.062286377 0.138183594
vt 0.0467529297 0.154663086
vt 0.0314331055 0.169799805
vt 0.0161437988 0.183959961
vt 0.00325775146 0.184570312
vt 0.0780639648 0.138061523
vt 0.0625 0.154296875
vt 0.047088623 0.169677734
vt 0.0317687988 0.18359375
vt 0.0163726807 0.196899414
vt 0.00298881531 0.197753906
vt 0.0783081055 0.153808594
vt 0.0628051758 0.169067383
vt 0.0473937988 0.183349609
vt 0.0320129395 0.196411133
vt 0.0162811279 0.209228516
vt 0.0031375885 0.210205078
vt 0.0785522461 0.168212891
vt 0.0631103516 0.182861328
vt 0.0476379395 0.196166992
vt 0.0321044922 0.208496094
vt 0.0167236328 0.221069336
vt 0.00322532654 0.222412109
vt 0.0787963867 0.181640625
vt 0.063293457 0.196166992
vt 0.0477905273 0.208251953
vt 0.0323791504 0.220336914
vt 0.0168609619 0.233032227
vt 0.00411605835 0.23449707
vt 0.0790405273 0.194458008
vt 0.0634765625 0.208374023
vt 0.0480041504 0.220092773
vt 0.0325317383 0.232177734
vt 0.0168304443 0.245239258
vt 0.00543212891 0.246704102
vt 0.0792236328 0.20703125
vt 0.063659668 0.220214844
vt 0.0481262207 0.231933594
vt 0.032623291 0.244262695
vt 0.0169219971 0.2578125
vt 0.00448989868 0.259765625
vt 0.0793457031 0.219360352
vt 0.0637817383 0.231933594
vt 0.0482177734 0.243896484
vt 0.0326538086 0.256835938
vt 0.0170440674 0.271484375
vt 0.00386238098 0.2734375
vt 0.0794677734 0.231933594
vt 0.0639038086 0.244018555
vt 0.048248291 0.256591797
vt 0.0327148438 0.270263672
vt 0.0170593262 0.286376953
vt 0.0041847229 0.287109375
vt 0.0795288086 0.244018555
vt 0.0639038086 0.256591797
vt 0.048248291 0.270019531
vt 0.0326843262 0.284912109
vt 0.017074585 0.301513672
vt 0.00455856323 0.301757812
vt 0.0795898438 0.256591797
vt 0.0639038086 0.270263672
vt 0.048248291 0.284667969
vt 0.032623291 0.301025391
vt 0.017074585 0.317626953
vt 0.00494003296 0.317871094
vt 0.0795898438 0.270263672
vt 0.0638427734 0.284912109
vt 0.0482177734 0.30078125
vt 0.0325012207 0.317626953
vt 0.016998291 0.334472656
vt 0.00508499146 0.334716797
vt 0.0795898438 0.284912109
vt 0.0638427734 0.301025391
vt 0.0481567383 0.317871094
vt 0.032409668 0.334472656
vt 0.0168762207 0.3515625
vt 0.00508117676 0.351806641
vt 0.0795288086 0.301025391
vt 0.0638427734 0.318115234
vt 0.0480957031 0.334716797
vt 0.0323791504 0.3515625
vt 0.0168762207 0.368408203
vt 0.00498962402 0.368652344
vt 0.0795288086 0.318115234
vt 0.0637817383 0.334716797
vt 0.048034668 0.3515625
vt 0.0324401855 0.368408203
vt 0.0168762207 0.385742188
vt 0.0048828125 0.385742188
vt 0.0794677734 0.334716797
vt 0.0637207031 0.3515625
vt 0.0479736328 0.368408203
vt 0.0325317383 0.385498047
vt 0.0174713135 0.402832031
vt 0.00509262085 0.402832031
vt 0.0794677734 0.351318359
vt 0.0635375977 0.368164062
vt 0.0480651855 0.385498047
vt 0.0327148438 0.402587891
vt 0.0171661377 0.419677734
vt 0.00519561768 0.419677734
vt 0.0794677734 0.367919922
vt 0.0637207031 0.385253906
vt 0.0481567383 0.402587891
vt 0.0325317383 0.419677734
vt 0.0176544189 0.436767578
vt 0.00601959229 0.436767578
vt 0.0800170898 0.385253906
vt 0.063659668 0.40234375
vt 0.0481262207 0.419433594
vt 0.0325622559 0.436767578
vt 0.0176544189 0.453857422
vt 0.00640869141 0.453613281
vt 0.0795288086 0.40234375
vt 0.0638427734 0.419189453
vt 0.0481872559 0.436523438
vt 0.0325927734 0.453857422
vt 0.0176696777 0.470703125
vt 0.00667190552 0.470458984
vt 0.0795898438 0.419189453
vt 0.0638427734 0.436035156
vt 0.0483093262 0.453369141
vt 0.0328369141 0.470703125
vt 0.0178375244 0.487792969
vt 0.00668716431 0.487548828
vt 0.0182647705 0.504882812
vt 0.00657653809 0.504394531
vt 0.0339050293 0.504394531
vt 0.0332946777 0.487792969
vt 0.0484313965 0.503417969
vt 0.0484008789 0.486816406
vt 0.0631103516 0.501953125
vt 0.0484008789 0.470214844
vt 0.0633544922 0.485595703
vt 0.078918457 0.502441406
vt 0.0635986328 0.469238281
vt 0.0790405273 0.485595703
vt 0.0946044922 0.502441406
vt 0.0637817383 0.452880859
vt 0.0947875977 0.485595703
vt 0.110351562 0.502441406
vt 0.0792236328 0.468994141
vt 0.0794067383 0.452392578
vt 0.110534668 0.485839844
vt 0.126098633 0.502929688
vt 0.0949707031 0.469238281
vt 0.0795288086 0.435791016
vt 0.126220703 0.486083984
vt 0.141723633 0.502929688
vt 0.110656738 0.469238281
vt 0.0950927734 0.452392578
vt 0.0952148438 0.435791016
vt 0.141845703 0.486083984
vt 0.157470703 0.503417969
vt 0.126342773 0.469238281
vt 0.110778809 0.452392578
vt 0.0952758789 0.418945312
vt 0.157592773 0.486328125
vt 0.173217773 0.503417969
vt 0.141967773 0.469482422
vt 0.110778809 0.435546875
vt 0.126342773 0.452392578
vt 0.0952758789 0.402099609
vt 0.173339844 0.486328125
vt 0.188842773 0.503417969
vt 0.157714844 0.469482422
vt 0.141967773 0.452392578
vt 0.126342773 0.435546875
vt 0.110839844 0.418945312
vt 0.0953979492 0.385253906
vt 0.188964844 0.486572266
vt 0.204589844 0.50390625
vt 0.173339844 0.469482422
vt 0.157714844 0.452392578
vt 0.141967773 0.435546875
vt 0.110900879 0.402099609
vt 0.126342773 0.418701172
vt 0.204711914 0.486816406
vt 0.220336914 0.50390625
vt 0.189086914 0.469726562
vt 0.173339844 0.452636719
vt 0.157592773 0.435546875
vt 0.141967773 0.418701172
vt 0.126586914 0.402099609
vt 0.220336914 0.486816406
vt 0.236083984 0.50390625
vt 0.204711914 0.469726562
vt 0.189086914 0.452636719
vt 0.173339844 0.435546875
vt 0.157714844 0.418701172
vt 0.236083984 0.487060547
vt 0.251708984 0.50390625
vt 0.220336914 0.469970703
vt 0.204711914 0.452880859
vt 0.188964844 0.435546875
vt 0.251708984 0.487060547
vt 0.267578125 0.50390625
vt 0.236083984 0.470214844
vt 0.220336914 0.452880859
vt 0.267578125 0.487060547
vt 0.283203125 0.50390625
vt 0.251708984 0.470214844
vt 0.283203125 0.487060547
vt 0.299072266 0.50390625
vt 0.173461914 0.418701172
vt 0.204711914 0.435791016
vt 0.236083984 0.453125
vt 0.267333984 0.470458984
vt 0.298828125 0.487060547
vt 0.314697266 0.50390625
vt 0.189208984 0.418945312
vt 0.220458984 0.436035156
vt 0.251708984 0.453369141
vt 0.282958984 0.470458984
vt 0.314453125 0.487060547
vt 0.330078125 0.50390625
vt 0.204833984 0.418945312
vt 0.236083984 0.436035156
vt 0.267333984 0.453369141
vt 0.298583984 0.470458984
vt 0.330078125 0.487304688
vt 0.345458984 0.504394531
vt 0.220581055 0.419189453
vt 0.251708984 0.436279297
vt 0.282958984 0.453613281
vt 0.314208984 0.470458984
vt 0.345458984 0.487548828
vt 0.360839844 0.504882812
vt 0.236206055 0.419189453
vt 0.267333984 0.436279297
vt 0.298583984 0.453613281
vt 0.330078125 0.470458984
vt 0.361083984 0.487792969
vt 0.375732422 0.504882812
vt 0.375732422 0.487792969
vt 0.345703125 0.470703125
vt 0.361328125 0.470703125
vt 0.375976562 0.470703125
vt 0.314208984 0.453613281
vt 0.282958984 0.436523438
vt 0.330078125 0.453613281
vt 0.361572266 0.453613281
vt 0.375732422 0.453613281
vt 0.345703125 0.453613281
vt 0.298583984 0.436523438
vt 0.361328125 0.436523438
vt 0.375976562 0.436523438
vt 0.314208984 0.436523438
vt 0.330078125 0.436279297
vt 0.345703125 0.436523438
vt 0.361572266 0.419433594
vt 0.375732422 0.419433594
vt 0.345703125 0.419433594
vt 0.330078125 0.419433594
vt 0.314453125 0.419433594
vt 0.298828125 0.419433594
vt 0.361328125 0.40234375
vt 0.375488281 0.40234375
vt 0.345458984 0.40234375
vt 0.329833984 0.40234375
vt 0.314208984 0.40234375
vt 0.361083984 0.385253906
vt 0.375244141 0.385253906
vt 0.345458984 0.385253906
vt 0.329833984 0.385253906
vt 0.360839844 0.368164062
vt 0.375 0.368164062
vt 0.345214844 0.368164062
vt 0.360839844 0.351074219
vt 0.375 0.351074219
vt 0.298583984 0.40234375
vt 0.314208984 0.385253906
vt 0.329833984 0.368164062
vt 0.345214844 0.351074219
vt 0.360595703 0.333984375
vt 0.375244141 0.333984375
vt 0.298583984 0.385253906
vt 0.314208984 0.368408203
vt 0.329589844 0.351074219
vt 0.344970703 0.333984375
vt 0.360595703 0.316894531
vt 0.375244141 0.316894531
vt 0.298583984 0.368408203
vt 0.314208984 0.351318359
vt 0.329589844 0.333984375
vt 0.344970703 0.316894531
vt 0.360595703 0.299804688
vt 0.375488281 0.299804688
vt 0.360595703 0.282714844
vt 0.344970703 0.299804688
vt 0.329589844 0.316894531
vt 0.313964844 0.334228516
vt 0.344970703 0.282714844
vt 0.329589844 0.299804688
vt 0.313964844 0.317138672
vt 0.345214844 0.265869141
vt 0.360839844 0.265625
vt 0.329589844 0.282714844
vt 0.313964844 0.299804688
vt 0.329589844 0.265625
vt 0.313964844 0.282714844
vt 0.313964844 0.265625
vt 0.298339844 0.317138672
vt 0.298339844 0.299804688
vt 0.298095703 0.282714844
vt 0.298095703 0.265625
vt 0.298339844 0.334228516
vt 0.298339844 0.351318359
vt 0.313964844 0.249511719
vt 0.298095703 0.249511719
vt 0.329589844 0.249145508
vt 0.345214844 0.248657227
vt 0.360839844 0.248657227
vt 0.375488281 0.265869141
vt 0.375732422 0.248657227
vt 0.360839844 0.232543945
vt 0.345214844 0.232543945
vt 0.329589844 0.232910156
vt 0.313964844 0.23425293
vt 0.298339844 0.234863281
vt 0.345458984 0.217773438
vt 0.329589844 0.218261719
vt 0.313964844 0.219482422
vt 0.298339844 0.221435547
vt 0.361083984 0.217773438
vt 0.375732422 0.232543945
vt 0.375732422 0.217773438
vt 0.361083984 0.204223633
vt 0.375488281 0.204223633
vt 0.345458984 0.204345703
vt 0.329833984 0.204711914
vt 0.313964844 0.205932617
vt 0.361083984 0.191650391
vt 0.375488281 0.191650391
vt 0.345458984 0.191650391
vt 0.329833984 0.192016602
vt 0.298339844 0.207763672
vt 0.314208984 0.193115234
vt 0.298583984 0.194824219
vt 0.361083984 0.17956543
vt 0.345458984 0.1796875
vt 0.329833984 0.179931641
vt 0.314208984 0.180908203
vt 0.298583984 0.182373047
vt 0.375244141 0.17956543
vt 0.384277344 0.191650391
vt 0.384033203 0.1796875
vt 0.361083984 0.16784668
vt 0.375244141 0.16784668
vt 0.345458984 0.16784668
vt 0.329833984 0.16809082
vt 0.314208984 0.168945312
vt 0.361083984 0.156005859
vt 0.375244141 0.156005859
vt 0.345458984 0.15612793
vt 0.329833984 0.15637207
vt 0.361083984 0.143920898
vt 0.375 0.143920898
vt 0.345214844 0.144042969
vt 0.360839844 0.131225586
vt 0.345214844 0.131225586
vt 0.345214844 0.117614746
vt 0.329589844 0.144165039
vt 0.314208984 0.156982422
vt 0.329589844 0.131469727
vt 0.329345703 0.102844238
vt 0.329345703 0.117736816
vt 0.313720703 0.103027344
vt 0.313964844 0.144775391
vt 0.313720703 0.118041992
vt 0.298095703 0.103210449
vt 0.313964844 0.131835938
vt 0.298095703 0.118530273
vt 0.282226562 0.10345459
vt 0.298095703 0.132568359
vt 0.298339844 0.145629883
vt 0.282470703 0.11907959
vt 0.266601562 0.10369873
vt 0.282470703 0.133422852
vt 0.298339844 0.158081055
vt 0.266601562 0.119689941
vt 0.250976562 0.103820801
vt 0.282714844 0.146728516
vt 0.298339844 0.170288086
vt 0.266845703 0.134399414
vt 0.250976562 0.120239258
vt 0.235229492 0.103942871
vt 0.282714844 0.159545898
vt 0.282714844 0.17199707
vt 0.266845703 0.148071289
vt 0.251464844 0.135620117
vt 0.235717773 0.120849609
vt 0.219970703 0.104431152
vt 0.267089844 0.161254883
vt 0.282958984 0.184326172
vt 0.251220703 0.148803711
vt 0.237182617 0.137329102
vt 0.221557617 0.122680664
vt 0.205932617 0.106323242
vt 0.267089844 0.173461914
vt 0.282958984 0.196899414
vt 0.251464844 0.161499023
vt 0.235595703 0.149047852
vt 0.220092773 0.135986328
vt 0.204223633 0.121154785
vt 0.188476562 0.104492188
vt 0.172241211 0.104064941
vt 0.188110352 0.12097168
vt 0.203979492 0.135986328
vt 0.219848633 0.149414062
vt 0.235717773 0.161743164
vt 0.156616211 0.104125977
vt 0.172485352 0.12109375
vt 0.188354492 0.13659668
vt 0.204223633 0.150024414
vt 0.251464844 0.173583984
vt 0.219970703 0.162353516
vt 0.267089844 0.185180664
vt 0.235839844 0.173950195
vt 0.251464844 0.185302734
vt 0.267333984 0.196899414
vt 0.282958984 0.208984375
vt 0.282714844 0.221557617
vt 0.267333984 0.208984375
vt 0.251464844 0.196899414
vt 0.235839844 0.185668945
vt 0.220214844 0.174682617
vt 0.282714844 0.234985352
vt 0.267333984 0.221557617
vt 0.251464844 0.208984375
vt 0.235839844 0.197387695
vt 0.282714844 0.249633789
vt 0.267333984 0.235107422
vt 0.251464844 0.221679688
vt 0.282714844 0.265869141
vt 0.267333984 0.249755859
vt 0.282470703 0.282958984
vt 0.220214844 0.186523438
vt 0.235839844 0.209350586
vt 0.251708984 0.235229492
vt 0.267333984 0.265869141
vt 0.282470703 0.300048828
vt 0.220214844 0.198242188
vt 0.235839844 0.222045898
vt 0.251708984 0.24987793
vt 0.267089844 0.282958984
vt 0.282714844 0.317138672
vt 0.220092773 0.210449219
vt 0.235839844 0.235717773
vt 0.251708984 0.266113281
vt 0.267089844 0.300048828
vt 0.282714844 0.334228516
vt 0.220092773 0.223266602
vt 0.235961914 0.250488281
vt 0.251708984 0.283203125
vt 0.266845703 0.317138672
vt 0.282714844 0.351318359
vt 0.220214844 0.236938477
vt 0.235961914 0.266601562
vt 0.251464844 0.300048828
vt 0.267089844 0.334228516
vt 0.282714844 0.368164062
vt 0.220214844 0.251953125
vt 0.236083984 0.283203125
vt 0.251464844 0.317138672
vt 0.267089844 0.351318359
vt 0.282958984 0.385253906
vt 0.220336914 0.267089844
vt 0.236083984 0.300292969
vt 0.251220703 0.334228516
vt 0.267089844 0.368164062
vt 0.282958984 0.40234375
vt 0.220336914 0.283447266
vt 0.236083984 0.317382812
vt 0.251464844 0.351318359
vt 0.267089844 0.385253906
vt 0.283203125 0.419433594
vt 0.267333984 0.40234375
vt 0.267333984 0.419433594
vt 0.251464844 0.368164062
vt 0.235839844 0.334228516
vt 0.251708984 0.385253906
vt 0.251708984 0.40234375
vt 0.251708984 0.419189453
vt 0.235839844 0.351318359
vt 0.236083984 0.368164062
vt 0.236328125 0.40234375
vt 0.236328125 0.385253906
vt 0.220825195 0.40234375
vt 0.220825195 0.385253906
vt 0.220825195 0.368164062
vt 0.220458984 0.351318359
vt 0.220214844 0.334472656
vt 0.205200195 0.40234375
vt 0.205322266 0.385253906
vt 0.205322266 0.368164062
vt 0.204833984 0.3515625
vt 0.189453125 0.40234375
vt 0.189575195 0.385253906
vt 0.189453125 0.368164062
vt 0.173706055 0.402099609
vt 0.173828125 0.385253906
vt 0.157958984 0.402099609
vt 0.204711914 0.334472656
vt 0.189208984 0.3515625
vt 0.173706055 0.368164062
vt 0.158081055 0.385253906
vt 0.142211914 0.402099609
vt 0.142456055 0.385253906
vt 0.157958984 0.368164062
vt 0.173461914 0.351806641
vt 0.126708984 0.385253906
vt 0.142211914 0.368164062
vt 0.157714844 0.351806641
vt 0.111022949 0.385253906
vt 0.126586914 0.368164062
vt 0.141967773 0.351806641
vt 0.110839844 0.368164062
vt 0.0952148438 0.368164062
vt 0.0951538086 0.3515625
vt 0.126342773 0.351806641
vt 0.110778809 0.3515625
vt 0.0951538086 0.334960938
vt 0.110717773 0.334960938
vt 0.0951538086 0.318115234
vt 0.126342773 0.334960938
vt 0.0952148438 0.301025391
vt 0.110778809 0.318115234
vt 0.141967773 0.334960938
vt 0.0952758789 0.284912109
vt 0.110839844 0.301025391
vt 0.126464844 0.318115234
vt 0.157592773 0.334960938
vt 0.0952758789 0.270263672
vt 0.142089844 0.318115234
vt 0.126586914 0.301025391
vt 0.110900879 0.284912109
vt 0.173339844 0.334716797
vt 0.0952758789 0.256835938
vt 0.157714844 0.317871094
vt 0.142211914 0.301025391
vt 0.110961914 0.269775391
vt 0.126586914 0.284423828
vt 0.188964844 0.334716797
vt 0.173339844 0.317871094
vt 0.157836914 0.30078125
vt 0.142211914 0.283935547
vt 0.126586914 0.268310547
vt 0.188964844 0.317626953
vt 0.173339844 0.30078125
vt 0.157836914 0.283691406
vt 0.204711914 0.317626953
vt 0.188964844 0.300537109
vt 0.220336914 0.317382812
vt 0.204711914 0.300537109
vt 0.220458984 0.300537109
vt 0.173217773 0.283691406
vt 0.188964844 0.283447266
vt 0.204589844 0.283447266
vt 0.204589844 0.267089844
vt 0.188964844 0.267333984
vt 0.173339844 0.267333984
vt 0.157714844 0.267578125
vt 0.204589844 0.252441406
vt 0.188842773 0.252441406
vt 0.173217773 0.252685547
vt 0.204467773 0.238891602
vt 0.188720703 0.239013672
vt 0.204345703 0.225219727
vt 0.142333984 0.267822266
vt 0.157836914 0.252929688
vt 0.173217773 0.239135742
vt 0.188720703 0.226318359
vt 0.204467773 0.212158203
vt 0.142333984 0.252929688
vt 0.126708984 0.253417969
vt 0.157836914 0.239379883
vt 0.173217773 0.2265625
vt 0.188842773 0.214355469
vt 0.204467773 0.199829102
vt 0.142333984 0.239501953
vt 0.157836914 0.22668457
vt 0.173339844 0.214599609
vt 0.188964844 0.201904297
vt 0.204589844 0.187866211
vt 0.126586914 0.239868164
vt 0.157836914 0.214599609
vt 0.173339844 0.202758789
vt 0.188964844 0.189453125
vt 0.204467773 0.17565918
vt 0.157714844 0.202880859
vt 0.173217773 0.191040039
vt 0.188842773 0.177124023
vt 0.204345703 0.163208008
vt 0.188598633 0.164306641
vt 0.188476562 0.150878906
vt 0.173095703 0.178710938
vt 0.157592773 0.191040039
vt 0.172851562 0.165527344
vt 0.172607422 0.137084961
vt 0.172729492 0.151733398
vt 0.157348633 0.178955078
vt 0.156738281 0.12121582
vt 0.157226562 0.166137695
vt 0.156860352 0.137573242
vt 0.156982422 0.15246582
vt 0.140869141 0.104125977
vt 0.140991211 0.12121582
vt 0.141113281 0.137695312
vt 0.141235352 0.152587891
vt 0.141479492 0.166259766
vt 0.125 0.0869750977
vt 0.12512207 0.104125977
vt 0.10925293 0.0869140625
vt 0.125244141 0.12121582
vt 0.125366211 0.137695312
vt 0.0933227539 0.0868530273
vt 0.109375 0.104125977
vt 0.0934448242 0.104064941
vt 0.10949707 0.12121582
vt 0.0936889648 0.12121582
vt 0.125610352 0.152709961
vt 0.109619141 0.137817383
vt 0.0938720703 0.137939453
vt 0.109802246 0.152954102
vt 0.0940551758 0.153320312
vt 0.125732422 0.166381836
vt 0.110046387 0.166748047
vt 0.0942993164 0.167358398
vt 0.141601562 0.178955078
vt 0.125976562 0.179199219
vt 0.141845703 0.191162109
vt 0.094543457 0.180541992
vt 0.110229492 0.1796875
vt 0.141967773 0.202880859
vt 0.126098633 0.19140625
vt 0.0947265625 0.193115234
vt 0.110412598 0.192016602
vt 0.142211914 0.21472168
vt 0.126342773 0.20324707
vt 0.094909668 0.205322266
vt 0.110595703 0.204101562
vt 0.142211914 0.226806641
vt 0.126464844 0.215087891
vt 0.126586914 0.227172852
vt 0.110717773 0.215942383
vt 0.0950317383 0.217529297
vt 0.110839844 0.228271484
vt 0.0951538086 0.229980469
vt 0.110961914 0.241088867
vt 0.0952148438 0.242919922
vt 0.110961914 0.254882812
vt 0.769042969 0.487548828
vt 0.769042969 0.504394531
vt 0.781738281 0.504882812
vt 0.781738281 0.488037109
vt 0.769042969 0.470458984
vt 0.793945312 0.505371094
vt 0.78125 0.470703125
vt 0.768554688 0.453125
vt 0.794433594 0.48828125
vt 0.806152344 0.505371094
vt 0.78125 0.453369141
vt 0.768066406 0.435791016
vt 0.806640625 0.488525391
vt 0.818359375 0.505371094
vt 0.793945312 0.471191406
vt 0.780761719 0.436035156
vt 0.768066406 0.418212891
vt 0.818847656 0.488525391
vt 0.830078125 0.504882812
vt 0.830566406 0.48828125
vt 0.793945312 0.453857422
vt 0.806640625 0.471435547
vt 0.818847656 0.471435547
vt 0.831054688 0.471435547
vt 0.780273438 0.418457031
vt 0.767578125 0.400878906
vt 0.806152344 0.454101562
vt 0.818847656 0.454345703
vt 0.831054688 0.454345703
vt 0.793457031 0.436279297
vt 0.780273438 0.401123047
vt 0.768066406 0.383544922
vt 0.806152344 0.436523438
vt 0.818359375 0.436767578
vt 0.831054688 0.436767578
vt 0.79296875 0.418701172
vt 0.780273438 0.383789062
vt 0.767578125 0.366210938
vt 0.817871094 0.419189453
vt 0.830566406 0.419189453
vt 0.805664062 0.418945312
vt 0.79296875 0.401123047
vt 0.780273438 0.366455078
vt 0.768066406 0.349365234
vt 0.817871094 0.401367188
vt 0.830078125 0.401611328
vt 0.805175781 0.401367188
vt 0.79296875 0.383789062
vt 0.780273438 0.349365234
vt 0.768554688 0.333984375
vt 0.817382812 0.384033203
vt 0.830078125 0.384033203
vt 0.805175781 0.384033203
vt 0.792480469 0.366455078
vt 0.780273438 0.333740234
vt 0.768554688 0.319824219
vt 0.817382812 0.366699219
vt 0.830078125 0.366699219
vt 0.805175781 0.366455078
vt 0.792480469 0.349365234
vt 0.780273438 0.319335938
vt 0.768554688 0.306640625
vt 0.817382812 0.349365234
vt 0.829589844 0.349365234
vt 0.805175781 0.349365234
vt 0.79296875 0.333496094
vt 0.780761719 0.305908203
vt 0.768554688 0.294189453
vt 0.780761719 0.293212891
vt 0.817382812 0.332763672
vt 0.829589844 0.332763672
vt 0.805175781 0.333007812
vt 0.79296875 0.318847656
vt 0.79296875 0.305175781
vt 0.805175781 0.318115234
vt 0.817382812 0.317626953
vt 0.829589844 0.317626953
vt 0.79296875 0.291992188
vt 0.780761719 0.280761719
vt 0.805175781 0.303955078
vt 0.817382812 0.303710938
vt 0.829589844 0.303710938
vt 0.79296875 0.279541016
vt 0.780761719 0.268554688
vt 0.805175781 0.291015625
vt 0.817382812 0.291015625
vt 0.829589844 0.290771484
vt 0.805175781 0.278808594
vt 0.817382812 0.278808594
vt 0.829589844 0.278564453
vt 0.79296875 0.267333984
vt 0.805175781 0.267089844
vt 0.817871094 0.267089844
vt 0.830078125 0.266845703
vt 0.803222656 0.257324219
vt 0.815429688 0.2578125
vt 0.780761719 0.256591797
vt 0.768554688 0.2578125
vt 0.791503906 0.256835938
vt 0.780273438 0.243408203
vt 0.805175781 0.243286133
vt 0.79296875 0.243408203
vt 0.817382812 0.243164062
vt 0.827636719 0.258300781
vt 0.830078125 0.242919922
vt 0.791992188 0.230712891
vt 0.779785156 0.230834961
vt 0.779296875 0.217285156
vt 0.8046875 0.23046875
vt 0.816894531 0.23034668
vt 0.829101562 0.230102539
vt 0.791992188 0.217163086
vt 0.779296875 0.202636719
vt 0.804199219 0.217041016
vt 0.791503906 0.202514648
vt 0.81640625 0.216796875
vt 0.828613281 0.216552734
vt 0.803710938 0.202270508
vt 0.791015625 0.186279297
vt 0.81640625 0.202026367
vt 0.828613281 0.201782227
vt 0.803222656 0.186157227
vt 0.790527344 0.169311523
vt 0.815917969 0.185913086
vt 0.828125 0.185546875
vt 0.802734375 0.169067383
vt 0.790039062 0.15234375
vt 0.815429688 0.168823242
vt 0.827636719 0.168579102
vt 0.802246094 0.152099609
vt 0.814941406 0.151855469
vt 0.827148438 0.151489258
vt 0.789550781 0.135375977
vt 0.77734375 0.135498047
vt 0.776855469 0.118530273
vt 0.802246094 0.135131836
vt 0.789550781 0.118408203
vt 0.814453125 0.134887695
vt 0.826660156 0.134521484
vt 0.801757812 0.118164062
vt 0.7890625 0.101806641
vt 0.813964844 0.117919922
vt 0.801269531 0.101928711
vt 0.826660156 0.117614746
vt 0.813964844 0.101928711
vt 0.791503906 0.052154541
vt 0.802246094 0.0685424805
vt 0.803710938 0.0528259277
vt 0.792480469 0.0356445312
vt 0.780273438 0.0346374512
vt 0.78125 0.0178070068
vt 0.805175781 0.0368347168
vt 0.793945312 0.0188598633
vt 0.782226562 0.000836849213
vt 0.794921875 0.00189399719
vt 0.806152344 0.020111084
vt 0.807128906 0.00316238403
vt 0.817382812 0.037689209
vt 0.815917969 0.0531616211
vt 0.818359375 0.0214538574
vt 0.818847656 0.00462341309
vt 0.830566406 0.0225524902
vt 0.831054688 0.00602340698
vt 0.829589844 0.0381164551
vt 0.818359375 0.0214538574
vt 0.817382812 0.037689209
vt 0.829589844 0.0381164551
vt 0.828125 0.0534362793
vt 0.815917969 0.0531616211
vt 0.826660156 0.069152832
vt 0.814453125 0.0688476562
vt 0.826171875 0.0860595703
vt 0.803710938 0.0528259277
vt 0.805175781 0.0368347168
vt 0.802246094 0.0685424805
vt 0.813476562 0.0856323242
vt 0.826171875 0.102050781
vt 0.813964844 0.101928711
vt 0.826660156 0.117614746
vt 0.801269531 0.0853271484
vt 0.790039062 0.0682983398
vt 0.791503906 0.052154541
vt 0.801269531 0.101928711
vt 0.813964844 0.117919922
vt 0.7890625 0.0850219727
vt 0.779296875 0.051361084
vt 0.780273438 0.0346374512
vt 0.7890625 0.101806641
vt 0.801757812 0.118164062
vt 0.777832031 0.0679931641
vt 0.77734375 0.084777832
vt 0.776855469 0.10168457
vt 0.789550781 0.118408203
vt 0.776855469 0.118530273
vt 0.789550781 0.135375977
vt 0.768066406 0.0339050293
vt 0.769042969 0.016998291
vt 0.767089844 0.05078125
vt 0.78125 0.0178070068
vt 0.770019531 0
vt 0.782226562 0.000836849213
vt 0.766113281 0.0676879883
vt 0.765136719 0.0845947266
vt 0.764648438 0.1015625
vt 0.764648438 0.118591309
vt 0.77734375 0.135498047
vt 0.764648438 0.135742188
vt 0.777832031 0.15246582
vt 0.790039062 0.15234375
vt 0.765136719 0.152587891
vt 0.790527344 0.169311523
vt 0.778320312 0.169433594
vt 0.766113281 0.169555664
vt 0.791015625 0.186279297
vt 0.778808594 0.186401367
vt 0.766601562 0.186523438
vt 0.791503906 0.202514648
vt 0.779296875 0.202636719
vt 0.791992188 0.217163086
vt 0.767089844 0.202758789
vt 0.779296875 0.217285156
vt 0.767578125 0.217407227
vt 0.779785156 0.230834961
vt 0.768066406 0.230957031
vt 0.780273438 0.243408203
vt 0.768554688 0.244750977
vt 0.79296875 0.243408203
vt 0.780761719 0.256591797
vt 0.768554688 0.2578125
vt 0.791503906 0.256835938
vt 0.803222656 0.257324219
vt 0.805175781 0.267089844
vt 0.79296875 0.267333984
vt 0.805175781 0.278808594
vt 0.769042969 0.270019531
vt 0.780761719 0.268554688
vt 0.780761719 0.280761719
vt 0.768554688 0.281982422
vt 0.780761719 0.293212891
vt 0.768554688 0.294189453
vt 0.375488281 0.282958984
vt 0.375488281 0.265869141
vt 0.360839844 0.265625
vt 0.360595703 0.282714844
vt 0.375488281 0.299804688
vt 0.91015625 0.487060547
vt 0.91015625 0.50390625
vt 0.922363281 0.50390625
vt 0.922363281 0.486816406
vt 0.931152344 0.50390625
vt 0.931152344 0.486816406
vt 0.921875 0.469726562
vt 0.931152344 0.469726562
vt 0.921875 0.452636719
vt 0.931152344 0.452636719
vt 0.91015625 0.452880859
vt 0.91015625 0.469970703
vt 0.91015625 0.435791016
vt 0.921875 0.435546875
vt 0.931152344 0.435546875
vt 0.909667969 0.418701172
vt 0.921386719 0.418457031
vt 0.931152344 0.418457031
vt 0.909667969 0.402099609
vt 0.921386719 0.402099609
vt 0.931152344 0.402099609
vt 0.909179688 0.387207031
vt 0.920898438 0.387207031
vt 0.931152344 0.387207031
vt 0.909179688 0.373535156
vt 0.920898438 0.373535156
vt 0.930664062 0.373535156
vt 0.909179688 0.360839844
vt 0.920898438 0.360839844
vt 0.930664062 0.360839844
vt 0.909179688 0.348876953
vt 0.920898438 0.348876953
vt 0.930664062 0.348632812
vt 0.909179688 0.336914062
vt 0.920898438 0.336914062
vt 0.930175781 0.336914062
vt 0.909667969 0.325195312
vt 0.921386719 0.325195312
vt 0.930175781 0.325195312
vt 0.909179688 0.313232422
vt 0.921386719 0.313232422
vt 0.921386719 0.300537109
vt 0.930175781 0.313232422
vt 0.930175781 0.300537109
vt 0.920898438 0.287109375
vt 0.930175781 0.287109375
vt 0.897949219 0.487060547
vt 0.897949219 0.50390625
vt 0.91015625 0.50390625
vt 0.91015625 0.487060547
vt 0.897949219 0.469970703
vt 0.91015625 0.469970703
vt 0.922363281 0.486816406
vt 0.921875 0.469726562
vt 0.897460938 0.452880859
vt 0.91015625 0.452880859
vt 0.897460938 0.435791016
vt 0.91015625 0.435791016
vt 0.897460938 0.418701172
vt 0.909667969 0.418701172
vt 0.897460938 0.40234375
vt 0.909667969 0.402099609
vt 0.897460938 0.387451172
vt 0.909179688 0.387207031
vt 0.896972656 0.373779297
vt 0.909179688 0.373535156
vt 0.896972656 0.360839844
vt 0.909179688 0.360839844
vt 0.896972656 0.348632812
vt 0.909179688 0.348876953
vt 0.896972656 0.336914062
vt 0.909179688 0.336914062
vt 0.896972656 0.325439453
vt 0.909667969 0.325195312
vt 0.896972656 0.313232422
vt 0.909179688 0.313232422
vt 0.896972656 0.300537109
vt 0.909179688 0.300537109
vt 0.921386719 0.313232422
vt 0.896972656 0.287109375
vt 0.921386719 0.300537109
vt 0.909179688 0.287109375
vt 0.896484375 0.272460938
vt 0.920898438 0.287109375
vt 0.908691406 0.272216797
vt 0.896484375 0.256103516
vt 0.920898438 0.272216797
vt 0.930175781 0.287109375
vt 0.9296875 0.272216797
vt 0.908691406 0.256103516
vt 0.896484375 0.238891602
vt 0.920898438 0.256103516
vt 0.9296875 0.256103516
vt 0.908691406 0.239013672
vt 0.896484375 0.221801758
vt 0.920898438 0.239013672
vt 0.9296875 0.239013672
vt 0.908691406 0.221923828
vt 0.895996094 0.204467773
vt 0.920898438 0.221923828
vt 0.9296875 0.221923828
vt 0.908691406 0.204711914
vt 0.896484375 0.187866211
vt 0.920410156 0.204833984
vt 0.9296875 0.204956055
vt 0.908203125 0.187744141
vt 0.896484375 0.170654297
vt 0.920410156 0.187744141
vt 0.9296875 0.187866211
vt 0.908203125 0.170532227
vt 0.896484375 0.153564453
vt 0.920410156 0.170654297
vt 0.9296875 0.170776367
vt 0.919921875 0.153686523
vt 0.908203125 0.153564453
vt 0.896484375 0.136474609
vt 0.908691406 0.136474609
vt 0.920410156 0.13659668
vt 0.896484375 0.119445801
vt 0.908691406 0.119445801
vt 0.920410156 0.119506836
vt 0.896484375 0.102355957
vt 0.908691406 0.102416992
vt 0.896972656 0.0853271484
vt 0.920410156 0.102416992
vt 0.908691406 0.0853271484
vt 0.896484375 0.0682373047
vt 0.908691406 0.0682983398
vt 0.896484375 0.0511779785
vt 0.920410156 0.0853881836
vt 0.908691406 0.0512390137
vt 0.896484375 0.0341491699
vt 0.930175781 0.102539062
vt 0.930175781 0.119567871
vt 0.930664062 0.0854492188
vt 0.920410156 0.0682983398
vt 0.931152344 0.068359375
vt 0.920410156 0.0512695312
vt 0.930664062 0.0512390137
vt 0.908691406 0.0342102051
vt 0.896972656 0.0171203613
vt 0.920410156 0.0342102051
vt 0.930664062 0.0341491699
vt 0.909179688 0.0171813965
vt 0.897460938 7.00950623E-05
vt 0.909179688 0.00011998415
vt 0.920898438 0.0171813965
vt 0.9296875 0.0170898438
vt 0.920898438 0.000108540058
vt 0.919921875 0.153686523
vt 0.9296875 0.170776367
vt 0.9296875 0.153686523
vt 0.920410156 0.13659668
vt 0.930175781 0.13671875
vt 0.920410156 0.119506836
vt 0.930175781 0.119567871
vt 0.920410156 0.102416992
vt 0.392333984 0.19140625
vt 0.405761719 0.19140625
vt 0.405761719 0.179443359
vt 0.392333984 0.204101562
vt 0.384521484 0.204101562
vt 0.384277344 0.19152832
vt 0.392578125 0.179443359
vt 0.384521484 0.179443359
vt 0.392333984 0.19140625
vt 0.405761719 0.179443359
vt 0.392578125 0.179443359
vt 0.405761719 0.167602539
vt 0.392822266 0.167602539
vt 0.406005859 0.155883789
vt 0.392822266 0.155883789
vt 0.406005859 0.143798828
vt 0.392822266 0.143798828
vt 0.406005859 0.130981445
vt 0.393066406 0.130981445
vt 0.40625 0.117370605
vt 0.393066406 0.117370605
vt 0.40625 0.102478027
vt 0.393310547 0.102478027
vt 0.40625 0.0860595703
vt 0.393310547 0.0860595703
vt 0.406494141 0.0689697266
vt 0.393066406 0.0689697266
vt 0.406494141 0.0519104004
vt 0.393066406 0.0518798828
vt 0.406494141 0.0348510742
vt 0.393066406 0.0347900391
vt 0.406494141 0.0177612305
vt 0.393066406 0.0177154541
vt 0.421386719 0.117370605
vt 0.421386719 0.102539062
vt 0.421630859 0.0861816406
vt 0.421630859 0.069152832
vt 0.421630859 0.0520935059
vt 0.421630859 0.0350341797
vt 0.421630859 0.0179595947
vt 0.421142578 0.130981445
vt 0.421142578 0.143798828
vt 0.421142578 0.155883789
vt 0.420898438 0.167724609
vt 0.420898438 0.179443359
vt 0.405761719 0.19140625
vt 0.421875 0.000906467438
vt 0.406738281 0.000677585602
vt 0.393066406 0.000628471375
vt 0.385009766 0.0177459717
vt 0.385009766 0.000655651093
vt 0.437255859 0.00121688843
vt 0.437255859 0.0182495117
vt 0.453125 0.00140953064
vt 0.437011719 0.0353088379
vt 0.452880859 0.0184631348
vt 0.46875 0.00147628784
vt 0.437255859 0.0523376465
vt 0.46875 0.0185546875
vt 0.484375 0.00166893005
vt 0.452880859 0.0355224609
vt 0.437255859 0.0693359375
vt 0.484375 0.018661499
vt 0.5 0.00169181824
vt 0.452880859 0.0525817871
vt 0.46875 0.0356445312
vt 0.437255859 0.0863037109
vt 0.5 0.0186309814
vt 0.516113281 0.00156211853
vt 0.452880859 0.069519043
vt 0.46875 0.0526733398
vt 0.484375 0.0356750488
vt 0.437255859 0.102661133
vt 0.515625 0.0186004639
vt 0.531738281 0.00148963928
vt 0.453125 0.0864257812
vt 0.46875 0.0695800781
vt 0.484375 0.0527038574
vt 0.5 0.0356750488
vt 0.437011719 0.117492676
vt 0.531738281 0.0185699463
vt 0.547363281 0.00151538849
vt 0.452880859 0.102844238
vt 0.46875 0.0864868164
vt 0.484375 0.0696411133
vt 0.5 0.0527038574
vt 0.515625 0.0356445312
vt 0.547363281 0.0185852051
vt 0.562988281 0.0015745163
vt 0.53125 0.0356445312
vt 0.515625 0.052734375
vt 0.5 0.0697021484
vt 0.484375 0.0865478516
vt 0.562988281 0.0186004639
vt 0.578613281 0.00158405304
vt 0.547363281 0.0356445312
vt 0.53125 0.052734375
vt 0.515625 0.0697631836
vt 0.578613281 0.0185699463
vt 0.594726562 0.0015745163
vt 0.562988281 0.0356445312
vt 0.547363281 0.052734375
vt 0.594726562 0.0185546875
vt 0.610351562 0.0016336441
vt 0.578613281 0.0356140137
vt 0.610351562 0.0186004639
vt 0.626464844 0.00175094604
vt 0.5 0.0866699219
vt 0.53125 0.0697631836
vt 0.562988281 0.0527648926
vt 0.594726562 0.0357666016
vt 0.625976562 0.0187072754
vt 0.642089844 0.00182247162
vt 0.515625 0.086730957
vt 0.546875 0.0698242188
vt 0.578613281 0.052947998
vt 0.610351562 0.0360412598
vt 0.642089844 0.0187988281
vt 0.657714844 0.00180912018
vt 0.53125 0.0867919922
vt 0.562988281 0.0700073242
vt 0.594238281 0.0536804199
vt 0.625976562 0.0359191895
vt 0.657714844 0.0188293457
vt 0.673828125 0.00169086456
vt 0.546875 0.0869140625
vt 0.578613281 0.0707397461
vt 0.607421875 0.055267334
vt 0.642089844 0.0358581543
vt 0.673828125 0.0187225342
vt 0.689453125 0.00147342682
vt 0.5625 0.0875854492
vt 0.591796875 0.0723266602
vt 0.625488281 0.0533447266
vt 0.657714844 0.0358581543
vt 0.689453125 0.0185089111
vt 0.705566406 0.00121593475
vt 0.576171875 0.0892333984
vt 0.609375 0.0700683594
vt 0.642089844 0.052947998
vt 0.673339844 0.0357666016
vt 0.705566406 0.0182342529
vt 0.721679688 0.000875473022
vt 0.59375 0.0871582031
vt 0.625976562 0.0699462891
vt 0.657714844 0.0529174805
vt 0.689453125 0.0355834961
vt 0.721679688 0.0178527832
vt 0.737304688 0.000426292419
vt 0.609863281 0.087097168
vt 0.642089844 0.0700683594
vt 0.673339844 0.0528259277
vt 0.705566406 0.0353088379
vt 0.737304688 0.0174255371
vt 0.752441406 0.000148415565
vt 0.625976562 0.0871582031
vt 0.657714844 0.0699462891
vt 0.689453125 0.0526428223
vt 0.721679688 0.034942627
vt 0.752441406 0.0171508789
vt 0.764648438 0
vt 0.764648438 0.0169525146
vt 0.737304688 0.0345458984
vt 0.752441406 0.0342712402
vt 0.764160156 0.0340576172
vt 0.752441406 0.0515136719
vt 0.705078125 0.0524291992
vt 0.673339844 0.0698242188
vt 0.737304688 0.0517578125
vt 0.721191406 0.0520935059
vt 0.688964844 0.0697021484
vt 0.736816406 0.0690307617
vt 0.752441406 0.0688476562
vt 0.705078125 0.069519043
vt 0.721191406 0.0692749023
vt 0.736816406 0.0863647461
vt 0.751953125 0.0862426758
vt 0.720703125 0.0864868164
vt 0.705078125 0.0866088867
vt 0.688964844 0.086730957
vt 0.673339844 0.0868530273
vt 0.736328125 0.103637695
vt 0.751464844 0.10357666
vt 0.720703125 0.103637695
vt 0.704589844 0.103759766
vt 0.688964844 0.103820801
vt 0.735839844 0.120910645
vt 0.750976562 0.120910645
vt 0.720214844 0.120849609
vt 0.704589844 0.120849609
vt 0.735839844 0.138061523
vt 0.750488281 0.138183594
vt 0.720214844 0.138061523
vt 0.735351562 0.154663086
vt 0.750488281 0.154907227
vt 0.672851562 0.103881836
vt 0.688476562 0.120849609
vt 0.704101562 0.137939453
vt 0.719726562 0.154541016
vt 0.672851562 0.120910645
vt 0.688476562 0.137817383
vt 0.704101562 0.154052734
vt 0.672363281 0.137695312
vt 0.687988281 0.153442383
vt 0.672363281 0.152954102
vt 0.719238281 0.169555664
vt 0.703613281 0.168823242
vt 0.687988281 0.16796875
vt 0.672363281 0.167114258
vt 0.734863281 0.169677734
vt 0.656738281 0.137451172
vt 0.656738281 0.152587891
vt 0.65625 0.166503906
vt 0.657226562 0.12097168
vt 0.657226562 0.103942871
vt 0.657226562 0.0869140625
vt 0.641601562 0.087097168
vt 0.641601562 0.104003906
vt 0.641601562 0.12097168
vt 0.641113281 0.137451172
vt 0.641113281 0.15234375
vt 0.625976562 0.104064941
vt 0.625488281 0.12097168
vt 0.625488281 0.137329102
vt 0.609863281 0.104064941
vt 0.609863281 0.121032715
vt 0.594238281 0.103942871
vt 0.640625 0.166137695
vt 0.625488281 0.15222168
vt 0.609863281 0.137329102
vt 0.594238281 0.120910645
vt 0.577636719 0.104064941
vt 0.625 0.166015625
vt 0.609375 0.15222168
vt 0.59375 0.13684082
vt 0.578125 0.120727539
vt 0.560546875 0.106140137
vt 0.609375 0.166015625
vt 0.59375 0.151611328
vt 0.578125 0.136352539
vt 0.562011719 0.120788574
vt 0.546875 0.104431152
vt 0.59375 0.165405273
vt 0.578125 0.150634766
vt 0.5625 0.135864258
vt 0.544921875 0.122436523
vt 0.53125 0.103820801
vt 0.577636719 0.1640625
vt 0.5625 0.149902344
vt 0.546386719 0.135742188
vt 0.530761719 0.120605469
vt 0.515625 0.10369873
vt 0.562011719 0.162963867
vt 0.546386719 0.149291992
vt 0.529296875 0.137084961
vt 0.515136719 0.119995117
vt 0.499755859 0.103515625
vt 0.546386719 0.162231445
vt 0.530761719 0.148925781
vt 0.514648438 0.135375977
vt 0.499755859 0.119384766
vt 0.484130859 0.103271484
vt 0.530761719 0.161621094
vt 0.515136719 0.14855957
vt 0.499511719 0.134033203
vt 0.484130859 0.118774414
vt 0.46875 0.103088379
vt 0.468505859 0.118225098
vt 0.452880859 0.117736816
vt 0.483886719 0.133056641
vt 0.499511719 0.147827148
vt 0.468505859 0.132202148
vt 0.436767578 0.131103516
vt 0.452636719 0.131469727
vt 0.436767578 0.143920898
vt 0.483886719 0.146484375
vt 0.452392578 0.14440918
vt 0.436523438 0.15612793
vt 0.468261719 0.145263672
vt 0.436523438 0.16809082
vt 0.452392578 0.156860352
vt 0.468017578 0.157958984
vt 0.483642578 0.159423828
vt 0.452392578 0.168945312
vt 0.436523438 0.17980957
vt 0.468017578 0.170288086
vt 0.499267578 0.161132812
vt 0.421142578 0.19140625
vt 0.452392578 0.180908203
vt 0.483642578 0.172119141
vt 0.515136719 0.161499023
vt 0.499267578 0.173706055
vt 0.468017578 0.182495117
vt 0.436767578 0.191894531
vt 0.514648438 0.173828125
vt 0.483642578 0.184570312
vt 0.452636719 0.192993164
vt 0.530273438 0.174072266
vt 0.499267578 0.185546875
vt 0.468261719 0.194702148
vt 0.545898438 0.174682617
vt 0.514648438 0.185668945
vt 0.483886719 0.196899414
vt 0.562011719 0.17565918
vt 0.530273438 0.186035156
vt 0.499267578 0.197021484
vt 0.577636719 0.177001953
vt 0.545898438 0.186767578
vt 0.514648438 0.197143555
vt 0.593261719 0.178588867
vt 0.561523438 0.187988281
vt 0.530273438 0.197631836
vt 0.577148438 0.189575195
vt 0.608886719 0.178710938
vt 0.545898438 0.198608398
vt 0.593261719 0.190917969
vt 0.625 0.178710938
vt 0.561523438 0.200073242
vt 0.577148438 0.202026367
vt 0.608886719 0.190917969
vt 0.640625 0.178955078
vt 0.592773438 0.202880859
vt 0.624511719 0.190917969
vt 0.65625 0.179443359
vt 0.608398438 0.202758789
vt 0.640136719 0.191162109
vt 0.671875 0.180297852
vt 0.624511719 0.202758789
vt 0.655761719 0.191894531
vt 0.6875 0.181396484
vt 0.640136719 0.20300293
vt 0.671875 0.192871094
vt 0.703125 0.182739258
vt 0.655761719 0.203735352
vt 0.6875 0.194335938
vt 0.719238281 0.183227539
vt 0.671386719 0.205078125
vt 0.703125 0.196044922
vt 0.687011719 0.206787109
vt 0.639648438 0.21484375
vt 0.655761719 0.215698242
vt 0.671386719 0.217163086
vt 0.624023438 0.214477539
vt 0.608398438 0.214599609
vt 0.592773438 0.21472168
vt 0.577148438 0.214599609
vt 0.562011719 0.212280273
vt 0.546386719 0.210571289
vt 0.530761719 0.209350586
vt 0.514648438 0.208862305
vt 0.499267578 0.208740234
vt 0.483886719 0.208618164
vt 0.468261719 0.207397461
vt 0.452636719 0.205566406
vt 0.436767578 0.204345703
vt 0.421142578 0.203979492
vt 0.405761719 0.203979492
vt 0.392333984 0.204101562
vt 0.392089844 0.217529297
vt 0.405761719 0.217529297
vt 0.392089844 0.232299805
vt 0.421142578 0.217529297
vt 0.405761719 0.232299805
vt 0.392089844 0.248535156
vt 0.436767578 0.217773438
vt 0.405761719 0.248535156
vt 0.392089844 0.265625
vt 0.421142578 0.232177734
vt 0.452636719 0.218994141
vt 0.406005859 0.265625
vt 0.392333984 0.282714844
vt 0.421142578 0.248413086
vt 0.436767578 0.232543945
vt 0.468505859 0.220947266
vt 0.406005859 0.282714844
vt 0.392333984 0.299804688
vt 0.421142578 0.265625
vt 0.436767578 0.248901367
vt 0.452636719 0.233886719
vt 0.483886719 0.221069336
vt 0.406005859 0.299804688
vt 0.392578125 0.316650391
vt 0.421142578 0.282714844
vt 0.436523438 0.265380859
vt 0.468505859 0.234375
vt 0.452636719 0.249145508
vt 0.499511719 0.221191406
vt 0.406005859 0.316650391
vt 0.392822266 0.333740234
vt 0.421142578 0.299804688
vt 0.436523438 0.282714844
vt 0.452392578 0.265380859
vt 0.468505859 0.249145508
vt 0.484130859 0.23449707
vt 0.406005859 0.333740234
vt 0.392822266 0.350830078
vt 0.406005859 0.350830078
vt 0.421142578 0.316894531
vt 0.436523438 0.299804688
vt 0.452392578 0.282470703
vt 0.468261719 0.265380859
vt 0.484130859 0.249267578
vt 0.421142578 0.333984375
vt 0.436523438 0.316894531
vt 0.452392578 0.299804688
vt 0.468261719 0.282470703
vt 0.421142578 0.350830078
vt 0.406005859 0.367919922
vt 0.436279297 0.333984375
vt 0.452148438 0.316894531
vt 0.484130859 0.265380859
vt 0.468261719 0.299804688
vt 0.484130859 0.282470703
vt 0.436279297 0.351074219
vt 0.452148438 0.333984375
vt 0.468017578 0.316894531
vt 0.483886719 0.299560547
vt 0.420898438 0.367919922
vt 0.499511719 0.249389648
vt 0.499511719 0.265625
vt 0.499511719 0.282714844
vt 0.499511719 0.234741211
vt 0.515136719 0.221435547
vt 0.515136719 0.234863281
vt 0.530761719 0.221923828
vt 0.515136719 0.249633789
vt 0.530761719 0.235351562
vt 0.546386719 0.223144531
vt 0.515136719 0.265869141
vt 0.530273438 0.250244141
vt 0.562011719 0.225097656
vt 0.546386719 0.236816406
vt 0.577636719 0.22644043
vt 0.562011719 0.238769531
vt 0.546386719 0.251708984
vt 0.530273438 0.266601562
vt 0.515136719 0.282958984
vt 0.592773438 0.2265625
vt 0.577636719 0.238891602
vt 0.562011719 0.252197266
vt 0.546386719 0.267089844
vt 0.608398438 0.22668457
vt 0.592773438 0.239135742
vt 0.577636719 0.252441406
vt 0.624023438 0.22668457
vt 0.608398438 0.239379883
vt 0.639648438 0.227050781
vt 0.530761719 0.283203125
vt 0.562011719 0.267089844
vt 0.592773438 0.252685547
vt 0.624023438 0.239501953
vt 0.655273438 0.228149414
vt 0.545898438 0.283203125
vt 0.577636719 0.267333984
vt 0.608398438 0.252929688
vt 0.639648438 0.239868164
vt 0.562011719 0.283447266
vt 0.592773438 0.267333984
vt 0.623535156 0.252929688
vt 0.577636719 0.283447266
vt 0.608398438 0.267578125
vt 0.592773438 0.283691406
vt 0.655273438 0.241088867
vt 0.639648438 0.253662109
vt 0.624023438 0.267822266
vt 0.608398438 0.283691406
vt 0.671386719 0.229736328
vt 0.687011719 0.219238281
vt 0.703125 0.208251953
vt 0.71875 0.196044922
vt 0.734863281 0.18347168
vt 0.75 0.170043945
vt 0.761230469 0.155029297
vt 0.761230469 0.138183594
vt 0.761230469 0.170410156
vt 0.749511719 0.183959961
vt 0.761230469 0.184570312
vt 0.734375 0.196289062
vt 0.749511719 0.196899414
vt 0.76171875 0.197753906
vt 0.71875 0.208251953
vt 0.734375 0.208496094
vt 0.749511719 0.209106445
vt 0.761230469 0.210205078
vt 0.702636719 0.219970703
vt 0.71875 0.219970703
vt 0.733886719 0.220214844
vt 0.749023438 0.220947266
vt 0.761230469 0.222290039
vt 0.687011719 0.231811523
vt 0.702636719 0.231811523
vt 0.718261719 0.231811523
vt 0.733886719 0.232055664
vt 0.749023438 0.232910156
vt 0.760253906 0.23425293
vt 0.671386719 0.242919922
vt 0.687011719 0.244018555
vt 0.702636719 0.244018555
vt 0.718261719 0.244018555
vt 0.749023438 0.245239258
vt 0.758789062 0.246704102
vt 0.733886719 0.244262695
vt 0.655273438 0.254882812
vt 0.670898438 0.256835938
vt 0.687011719 0.256835938
vt 0.748535156 0.258056641
vt 0.759765625 0.259765625
vt 0.702636719 0.256835938
vt 0.733886719 0.257080078
vt 0.718261719 0.256591797
vt 0.748535156 0.271728516
vt 0.760742188 0.273681641
vt 0.733886719 0.270507812
vt 0.718261719 0.270263672
vt 0.702636719 0.270263672
vt 0.687011719 0.270263672
vt 0.748535156 0.286376953
vt 0.760253906 0.287109375
vt 0.733886719 0.28515625
vt 0.718261719 0.284912109
vt 0.702636719 0.28515625
vt 0.748535156 0.301513672
vt 0.759765625 0.301757812
vt 0.748535156 0.317626953
vt 0.733886719 0.301269531
vt 0.718261719 0.301025391
vt 0.733886719 0.317626953
vt 0.687011719 0.28515625
vt 0.702636719 0.301269531
vt 0.718261719 0.318115234
vt 0.733886719 0.334716797
vt 0.748535156 0.334716797
vt 0.687011719 0.301269531
vt 0.702636719 0.318359375
vt 0.718261719 0.334960938
vt 0.733886719 0.351806641
vt 0.748535156 0.3515625
vt 0.687011719 0.318359375
vt 0.702636719 0.335205078
vt 0.718261719 0.351806641
vt 0.733398438 0.368652344
vt 0.748535156 0.368652344
vt 0.687011719 0.335205078
vt 0.702636719 0.351806641
vt 0.718261719 0.368652344
vt 0.733398438 0.385498047
vt 0.748535156 0.385742188
vt 0.687011719 0.352050781
vt 0.702636719 0.368408203
vt 0.718261719 0.385498047
vt 0.733398438 0.402587891
vt 0.748046875 0.402587891
vt 0.687011719 0.368408203
vt 0.702636719 0.385253906
vt 0.717773438 0.40234375
vt 0.686523438 0.385253906
vt 0.702636719 0.402099609
vt 0.687011719 0.401855469
vt 0.671386719 0.368408203
vt 0.671386719 0.385253906
vt 0.671386719 0.401611328
vt 0.671386719 0.352050781
vt 0.671386719 0.335205078
vt 0.671386719 0.318359375
vt 0.671386719 0.301269531
vt 0.671386719 0.28515625
vt 0.670898438 0.270263672
vt 0.655273438 0.269775391
vt 0.655273438 0.284912109
vt 0.655761719 0.301269531
vt 0.655761719 0.318359375
vt 0.655761719 0.335205078
vt 0.639648438 0.268310547
vt 0.639648438 0.284667969
vt 0.624023438 0.283935547
vt 0.639648438 0.301269531
vt 0.640136719 0.318359375
vt 0.624023438 0.301025391
vt 0.608398438 0.30078125
vt 0.624511719 0.318115234
vt 0.640136719 0.335449219
vt 0.592773438 0.300537109
vt 0.608398438 0.317871094
vt 0.624511719 0.335205078
vt 0.577636719 0.300537109
vt 0.592773438 0.317626953
vt 0.608886719 0.335205078
vt 0.577636719 0.317382812
vt 0.562011719 0.300292969
vt 0.592773438 0.334960938
vt 0.562011719 0.317138672
vt 0.545898438 0.300292969
vt 0.577636719 0.334716797
vt 0.546386719 0.317138672
vt 0.530761719 0.300048828
vt 0.562011719 0.334472656
vt 0.530761719 0.316894531
vt 0.515136719 0.299804688
vt 0.546386719 0.334228516
vt 0.515136719 0.316894531
vt 0.499755859 0.299804688
vt 0.530761719 0.333984375
vt 0.499511719 0.316894531
vt 0.483886719 0.316894531
vt 0.515136719 0.333984375
vt 0.499511719 0.333984375
vt 0.468017578 0.333984375
vt 0.483642578 0.333984375
vt 0.452148438 0.351074219
vt 0.467773438 0.351074219
vt 0.483642578 0.351074219
vt 0.499511719 0.351074219
vt 0.515136719 0.351318359
vt 0.436279297 0.368164062
vt 0.451904297 0.368164062
vt 0.467773438 0.368164062
vt 0.483642578 0.368164062
vt 0.530761719 0.351318359
vt 0.499511719 0.368164062
vt 0.515136719 0.368164062
vt 0.546386719 0.3515625
vt 0.530761719 0.368408203
vt 0.561523438 0.351806641
vt 0.545898438 0.368408203
vt 0.577148438 0.352050781
vt 0.561523438 0.368408203
vt 0.592773438 0.352050781
vt 0.577148438 0.368408203
vt 0.608886719 0.352294922
vt 0.592773438 0.368408203
vt 0.624511719 0.352294922
vt 0.608398438 0.368652344
vt 0.640136719 0.352050781
vt 0.624511719 0.368652344
vt 0.655761719 0.352050781
vt 0.640136719 0.368652344
vt 0.655761719 0.368652344
vt 0.655761719 0.385009766
vt 0.640136719 0.385009766
vt 0.624023438 0.385009766
vt 0.608398438 0.385009766
vt 0.655761719 0.401611328
vt 0.640136719 0.401611328
vt 0.624511719 0.401611328
vt 0.592773438 0.385009766
vt 0.608398438 0.401611328
vt 0.577148438 0.385009766
vt 0.592773438 0.401611328
vt 0.561523438 0.385009766
vt 0.577148438 0.401855469
vt 0.545898438 0.385253906
vt 0.561523438 0.401855469
vt 0.530761719 0.385253906
vt 0.545898438 0.402099609
vt 0.515136719 0.385253906
vt 0.530273438 0.402099609
vt 0.499267578 0.385253906
vt 0.514648438 0.402099609
vt 0.483398438 0.385253906
vt 0.499267578 0.40234375
vt 0.467773438 0.385253906
vt 0.483398438 0.40234375
vt 0.451904297 0.385253906
vt 0.467529297 0.40234375
vt 0.436279297 0.385253906
vt 0.451904297 0.40234375
vt 0.420898438 0.385009766
vt 0.436279297 0.40234375
vt 0.405761719 0.385009766
vt 0.392822266 0.385009766
vt 0.392822266 0.367919922
vt 0.420654297 0.402099609
vt 0.405517578 0.402099609
vt 0.392578125 0.402099609
vt 0.392333984 0.419189453
vt 0.405273438 0.419189453
vt 0.392089844 0.436279297
vt 0.420654297 0.419189453
vt 0.405517578 0.436279297
vt 0.392089844 0.453369141
vt 0.436279297 0.419433594
vt 0.405273438 0.453369141
vt 0.391845703 0.470458984
vt 0.420654297 0.436279297
vt 0.451904297 0.419433594
vt 0.405517578 0.470458984
vt 0.391845703 0.487548828
vt 0.436279297 0.436279297
vt 0.420654297 0.453369141
vt 0.467529297 0.419433594
vt 0.405517578 0.487304688
vt 0.391845703 0.504394531
vt 0.405761719 0.504394531
vt 0.420654297 0.470214844
vt 0.420654297 0.487060547
vt 0.420654297 0.50390625
vt 0.436279297 0.453125
vt 0.451904297 0.436279297
vt 0.483154297 0.419433594
vt 0.436035156 0.486572266
vt 0.435791016 0.503417969
vt 0.436279297 0.469970703
vt 0.467529297 0.436279297
vt 0.451904297 0.453125
vt 0.499023438 0.419189453
vt 0.451660156 0.486328125
vt 0.451416016 0.502929688
vt 0.451904297 0.469970703
vt 0.467529297 0.453125
vt 0.483154297 0.436279297
vt 0.514648438 0.418945312
vt 0.467285156 0.486328125
vt 0.467041016 0.502929688
vt 0.467529297 0.469726562
vt 0.498779297 0.436279297
vt 0.483154297 0.453125
vt 0.530273438 0.418701172
vt 0.482910156 0.486572266
vt 0.482910156 0.503417969
vt 0.483154297 0.469726562
vt 0.498779297 0.453125
vt 0.514648438 0.436035156
vt 0.545898438 0.418457031
vt 0.498779297 0.486572266
vt 0.498535156 0.50390625
vt 0.498779297 0.469970703
vt 0.530273438 0.435791016
vt 0.514648438 0.453125
vt 0.561523438 0.418457031
vt 0.514648438 0.486572266
vt 0.514648438 0.50390625
vt 0.514648438 0.469726562
vt 0.530273438 0.452880859
vt 0.545898438 0.435546875
vt 0.577148438 0.418212891
vt 0.530273438 0.486572266
vt 0.530273438 0.50390625
vt 0.530273438 0.469726562
vt 0.561523438 0.435302734
vt 0.545898438 0.452636719
vt 0.593261719 0.418212891
vt 0.545898438 0.486572266
vt 0.545898438 0.503417969
vt 0.545898438 0.469482422
vt 0.561523438 0.452392578
vt 0.577148438 0.435302734
vt 0.608886719 0.418212891
vt 0.561523438 0.486328125
vt 0.561523438 0.503417969
vt 0.561523438 0.469482422
vt 0.593261719 0.435058594
vt 0.577148438 0.452392578
vt 0.624511719 0.418212891
vt 0.577148438 0.486083984
vt 0.577148438 0.503417969
vt 0.577148438 0.469238281
vt 0.593261719 0.452148438
vt 0.608886719 0.435058594
vt 0.640136719 0.418212891
vt 0.592773438 0.486083984
vt 0.593261719 0.502929688
vt 0.592773438 0.469238281
vt 0.624511719 0.435058594
vt 0.608886719 0.452148438
vt 0.655761719 0.418212891
vt 0.608886719 0.485839844
vt 0.608886719 0.502929688
vt 0.608886719 0.468994141
vt 0.624511719 0.452148438
vt 0.640136719 0.435058594
vt 0.671386719 0.418457031
vt 0.624511719 0.485595703
vt 0.624511719 0.502929688
vt 0.624511719 0.468994141
vt 0.655761719 0.435058594
vt 0.640136719 0.452148438
vt 0.687011719 0.418701172
vt 0.640136719 0.485595703
vt 0.640136719 0.502441406
vt 0.640136719 0.46875
vt 0.655761719 0.451904297
vt 0.671386719 0.435302734
vt 0.702636719 0.418945312
vt 0.655761719 0.485351562
vt 0.655761719 0.502441406
vt 0.655761719 0.46875
vt 0.687011719 0.435302734
vt 0.671386719 0.451904297
vt 0.718261719 0.419433594
vt 0.671386719 0.485107422
vt 0.671386719 0.501953125
vt 0.671386719 0.468505859
vt 0.687011719 0.451904297
vt 0.702636719 0.435791016
vt 0.733398438 0.419677734
vt 0.6875 0.484863281
vt 0.6875 0.501953125
vt 0.687011719 0.468261719
vt 0.718261719 0.436279297
vt 0.702636719 0.452392578
vt 0.703125 0.485107422
vt 0.703613281 0.501464844
vt 0.703125 0.46875
vt 0.718261719 0.453125
vt 0.733398438 0.436523438
vt 0.71875 0.486083984
vt 0.71875 0.502929688
vt 0.718261719 0.469726562
vt 0.733398438 0.487304688
vt 0.732421875 0.504394531
vt 0.733398438 0.453613281
vt 0.733398438 0.470458984
vt 0.747558594 0.487548828
vt 0.747070312 0.504394531
vt 0.747558594 0.470703125
vt 0.747558594 0.453613281
vt 0.747558594 0.436767578
vt 0.748046875 0.419677734
vt 0.759277344 0.402832031
vt 0.759277344 0.385742188
vt 0.8359375 0.0176086426
vt 0.847167969 0.000317573547
vt 0.8359375 0.000653743744
vt 0.847167969 0.0172271729
vt 0.835449219 0.0347290039
vt 0.858886719 5.34057617E-05
vt 0.847167969 0.0343322754
vt 0.834960938 0.0520019531
vt 0.859375 0.0169219971
vt 0.87109375 0
vt 0.846679688 0.0516357422
vt 0.834960938 0.0693969727
vt 0.87109375 0.0168457031
vt 0.8828125 0.000291824341
vt 0.859375 0.0340270996
vt 0.846679688 0.0690917969
vt 0.834472656 0.0867919922
vt 0.883300781 0.0170440674
vt 0.89453125 0.000768661499
vt 0.895507812 0.0173492432
vt 0.858886719 0.0513305664
vt 0.871582031 0.0339050293
vt 0.883789062 0.033996582
vt 0.895996094 0.0342102051
vt 0.846191406 0.0865478516
vt 0.834472656 0.104187012
vt 0.871582031 0.0511779785
vt 0.883789062 0.0511779785
vt 0.895996094 0.0512390137
vt 0.858886719 0.0687866211
vt 0.846191406 0.104003906
vt 0.834472656 0.121520996
vt 0.87109375 0.0686645508
vt 0.883789062 0.0685424805
vt 0.895996094 0.0684814453
vt 0.858398438 0.0863037109
vt 0.846191406 0.121337891
vt 0.834472656 0.138916016
vt 0.883300781 0.0859985352
vt 0.895996094 0.0859375
vt 0.87109375 0.0861206055
vt 0.858398438 0.103820801
vt 0.846191406 0.138671875
vt 0.834472656 0.155761719
vt 0.883300781 0.103515625
vt 0.895507812 0.103393555
vt 0.870605469 0.103637695
vt 0.858398438 0.12121582
vt 0.846191406 0.155761719
vt 0.834960938 0.171142578
vt 0.8828125 0.120910645
vt 0.895507812 0.120788574
vt 0.870605469 0.121032715
vt 0.857910156 0.138549805
vt 0.846191406 0.171386719
vt 0.835449219 0.185180664
vt 0.8828125 0.138305664
vt 0.895019531 0.138183594
vt 0.870605469 0.138427734
vt 0.857910156 0.155761719
vt 0.846191406 0.185791016
vt 0.835449219 0.198364258
vt 0.8828125 0.155639648
vt 0.895019531 0.155395508
vt 0.870117188 0.155761719
vt 0.857910156 0.17175293
vt 0.846191406 0.19909668
vt 0.835449219 0.21081543
vt 0.882324219 0.172363281
vt 0.89453125 0.172241211
vt 0.870117188 0.172119141
vt 0.857910156 0.186401367
vt 0.846191406 0.211914062
vt 0.835449219 0.222900391
vt 0.882324219 0.1875
vt 0.89453125 0.18737793
vt 0.870117188 0.187011719
vt 0.857910156 0.200073242
vt 0.846679688 0.224121094
vt 0.8359375 0.234863281
vt 0.882324219 0.201293945
vt 0.894042969 0.201293945
vt 0.870117188 0.201049805
vt 0.857910156 0.213012695
vt 0.846679688 0.236328125
vt 0.835449219 0.247314453
vt 0.881835938 0.214233398
vt 0.894042969 0.214355469
vt 0.870117188 0.214111328
vt 0.858398438 0.225708008
vt 0.847167969 0.248535156
vt 0.834960938 0.260498047
vt 0.882324219 0.227050781
vt 0.89453125 0.227294922
vt 0.870117188 0.22668457
vt 0.858886719 0.23815918
vt 0.846191406 0.261962891
vt 0.834960938 0.274414062
vt 0.883300781 0.239624023
vt 0.895507812 0.240112305
vt 0.870605469 0.238891602
vt 0.869140625 0.248046875
vt 0.857421875 0.248413086
vt 0.845703125 0.274414062
vt 0.834472656 0.287597656
vt 0.858398438 0.261474609
vt 0.845214844 0.287841797
vt 0.833984375 0.302490234
vt 0.870605469 0.260986328
vt 0.881347656 0.247680664
vt 0.857421875 0.274414062
vt 0.845214844 0.302490234
vt 0.833496094 0.318603516
vt 0.883300781 0.260742188
vt 0.893554688 0.247314453
vt 0.895507812 0.260986328
vt 0.856933594 0.287841797
vt 0.869628906 0.274414062
vt 0.881835938 0.274169922
vt 0.894042969 0.274414062
vt 0.844726562 0.318603516
vt 0.833007812 0.335449219
vt 0.869140625 0.288085938
vt 0.881835938 0.288574219
vt 0.894042969 0.288818359
vt 0.856933594 0.302734375
vt 0.844238281 0.335693359
vt 0.83203125 0.352539062
vt 0.869140625 0.302978516
vt 0.881347656 0.303222656
vt 0.893554688 0.303466797
vt 0.856445312 0.318847656
vt 0.843261719 0.352539062
vt 0.831054688 0.369384766
vt 0.881347656 0.319335938
vt 0.893554688 0.319580078
vt 0.868652344 0.319091797
vt 0.855957031 0.335693359
vt 0.842773438 0.369628906
vt 0.831054688 0.386474609
vt 0.880859375 0.336181641
vt 0.893066406 0.336669922
vt 0.868164062 0.3359375
vt 0.85546875 0.352783203
vt 0.842773438 0.38671875
vt 0.831542969 0.403564453
vt 0.880371094 0.353027344
vt 0.892578125 0.353515625
vt 0.868164062 0.352783203
vt 0.854980469 0.369873047
vt 0.842773438 0.403564453
vt 0.83203125 0.420410156
vt 0.879882812 0.370361328
vt 0.892578125 0.370605469
vt 0.867675781 0.370117188
vt 0.854980469 0.387207031
vt 0.843261719 0.420166016
vt 0.833007812 0.437255859
vt 0.879882812 0.387939453
vt 0.892089844 0.388183594
vt 0.8671875 0.387451172
vt 0.854980469 0.403808594
vt 0.844238281 0.436767578
vt 0.833496094 0.454101562
vt 0.879882812 0.404052734
vt 0.892089844 0.404052734
vt 0.8671875 0.403808594
vt 0.85546875 0.420166016
vt 0.845214844 0.453369141
vt 0.834472656 0.471191406
vt 0.879882812 0.419677734
vt 0.892089844 0.419433594
vt 0.867675781 0.419921875
vt 0.856445312 0.436279297
vt 0.846191406 0.470458984
vt 0.8359375 0.488037109
vt 0.880371094 0.435791016
vt 0.892578125 0.435302734
vt 0.868164062 0.436035156
vt 0.857421875 0.452392578
vt 0.847167969 0.487304688
vt 0.836914062 0.504882812
vt 0.848144531 0.504394531
vt 0.881835938 0.450927734
vt 0.894042969 0.450683594
vt 0.869628906 0.451416016
vt 0.857910156 0.469238281
vt 0.858886719 0.486328125
vt 0.859863281 0.503417969
vt 0.870605469 0.467773438
vt 0.8828125 0.466552734
vt 0.895507812 0.466064453
vt 0.87109375 0.484863281
vt 0.872070312 0.501953125
vt 0.883300781 0.483154297
vt 0.895996094 0.481933594
vt 0.883789062 0.5
vt 0.895996094 0.498535156
vt 0.0135498047 0.504882812
vt 0.0121917725 0.517578125
vt 0.0242614746 0.517578125
vt 0.0221557617 0.505371094
vt 0.955078125 0.178955078
vt 0.963378906 0.178955078
vt 0.963378906 0.167114258
vt 0.955078125 0.167236328
vt 0.963378906 0.155395508
vt 0.955078125 0.155517578
vt 0.963867188 0.143310547
vt 0.955078125 0.143310547
vt 0.963867188 0.130493164
vt 0.955078125 0.130493164
vt 0.963867188 0.116882324
vt 0.955078125 0.116882324
vt 0.963867188 0.101989746
vt 0.955078125 0.101928711
vt 0.963867188 0.0855712891
vt 0.955566406 0.0855102539
vt 0.964355469 0.0684814453
vt 0.955566406 0.0684814453
vt 0.944335938 0.167114258
vt 0.943847656 0.155517578
vt 0.944335938 0.178833008
vt 0.944335938 0.190917969
vt 0.955078125 0.190917969
vt 0.944335938 0.203613281
vt 0.955078125 0.203613281
vt 0.944335938 0.217163086
vt 0.955078125 0.217163086
vt 0.962890625 0.203613281
vt 0.944335938 0.231811523
vt 0.962890625 0.217041016
vt 0.955078125 0.231811523
vt 0.943847656 0.248046875
vt 0.962890625 0.231811523
vt 0.954589844 0.248046875
vt 0.943847656 0.265136719
vt 0.962890625 0.248046875
vt 0.954589844 0.265136719
vt 0.962402344 0.265136719
vt 0.943847656 0.282226562
vt 0.954589844 0.282226562
vt 0.962402344 0.282226562
vt 0.943359375 0.299316406
vt 0.931640625 0.299804688
vt 0.931640625 0.31640625
vt 0.954589844 0.299316406
vt 0.962402344 0.299316406
vt 0.943359375 0.31640625
vt 0.931152344 0.333496094
vt 0.954101562 0.31640625
vt 0.962402344 0.316162109
vt 0.942871094 0.333496094
vt 0.931152344 0.350585938
vt 0.954101562 0.333496094
vt 0.962890625 0.333251953
vt 0.942871094 0.350585938
vt 0.931152344 0.367431641
vt 0.954101562 0.350585938
vt 0.962890625 0.350341797
vt 0.942871094 0.367675781
vt 0.931152344 0.384765625
vt 0.954101562 0.367675781
vt 0.962890625 0.367431641
vt 0.942871094 0.384765625
vt 0.931152344 0.401855469
vt 0.954589844 0.384521484
vt 0.963378906 0.384521484
vt 0.943359375 0.401855469
vt 0.931152344 0.418701172
vt 0.954589844 0.401611328
vt 0.963378906 0.401611328
vt 0.943359375 0.418701172
vt 0.931152344 0.435791016
vt 0.954589844 0.418701172
vt 0.963867188 0.418701172
vt 0.942871094 0.435791016
vt 0.931152344 0.453125
vt 0.954589844 0.435791016
vt 0.964355469 0.435791016
vt 0.943359375 0.453125
vt 0.931640625 0.470214844
vt 0.954589844 0.452880859
vt 0.963867188 0.452880859
vt 0.943359375 0.470214844
vt 0.931640625 0.487304688
vt 0.954589844 0.469970703
vt 0.963378906 0.469970703
vt 0.943359375 0.487060547
vt 0.932128906 0.504394531
vt 0.943847656 0.504394531
vt 0.954589844 0.487060547
vt 0.962890625 0.487060547
vt 0.954589844 0.50390625
vt 0.962402344 0.50390625
vt 0.932617188 0.178588867
vt 0.944335938 0.178833008
vt 0.944335938 0.167114258
vt 0.932617188 0.190795898
vt 0.944335938 0.190917969
vt 0.932617188 0.203491211
vt 0.944335938 0.203613281
vt 0.932617188 0.217041016
vt 0.944335938 0.217163086
vt 0.932617188 0.231811523
vt 0.944335938 0.231811523
vt 0.932128906 0.248046875
vt 0.943847656 0.248046875
vt 0.932128906 0.265136719
vt 0.943847656 0.265136719
vt 0.932128906 0.282470703
vt 0.943847656 0.282226562
vt 0.931640625 0.299804688
vt 0.932617188 0.178588867
vt 0.932128906 0.167114258
vt 0.932128906 0.155517578
vt 0.943847656 0.143310547
vt 0.932128906 0.143310547
vt 0.943847656 0.130493164
vt 0.932128906 0.130493164
vt 0.943847656 0.116821289
vt 0.932128906 0.116760254
vt 0.944335938 0.101867676
vt 0.932128906 0.101806641
vt 0.944335938 0.0855102539
vt 0.932617188 0.0853881836
vt 0.944824219 0.0684814453
vt 0.933105469 0.0684204102
vt 0.956054688 0.0514221191
vt 0.9453125 0.0514221191
vt 0.933105469 0.0514221191
vt 0.956054688 0.0343322754
vt 0.9453125 0.0342712402
vt 0.93359375 0.0342407227
vt 0.956054688 0.0172424316
vt 0.9453125 0.0171661377
vt 0.956542969 0.000149846077
vt 0.93359375 0.0171051025
vt 0.945800781 8.50558281E-05
vt 0.93359375 0
vt 0.955566406 0.0684814453
vt 0.964355469 0.0684814453
vt 0.964355469 0.0513916016
vt 0.956054688 0.0514221191
vt 0.964355469 0.0343322754
vt 0.956054688 0.0343322754
vt 0.964355469 0.0172271729
vt 0.956054688 0.0172424316
vt 0.392822266 0.367919922
vt 0.406005859 0.367919922
vt 0.406005859 0.350830078
vt 0.392822266 0.350830078
vt 0.748046875 0.419677734
vt 0.759277344 0.419677734
vt 0.759277344 0.402832031
vt 0.747558594 0.436767578
vt 0.758300781 0.436523438
vt 0.747558594 0.453613281
vt 0.7578125 0.453369141
vt 0.747558594 0.470703125
vt 0.757324219 0.470458984
vt 0.747558594 0.487548828
vt 0.757324219 0.487304688
vt 0.747070312 0.504394531
vt 0.7578125 0.504394531
vt 0.752441406 0.0515136719
vt 0.763671875 0.051361084
vt 0.764160156 0.0340576172
vt 0.752441406 0.0688476562
vt 0.763183594 0.0687255859
vt 0.751953125 0.0862426758
vt 0.762695312 0.0861206055
vt 0.751464844 0.10357666
vt 0.762207031 0.103515625
vt 0.750976562 0.120910645
vt 0.761230469 0.120849609
vt 0.750488281 0.138183594
vt 0.761230469 0.138183594
vt 0.750488281 0.154907227
vt 0.748535156 0.317626953
vt 0.759277344 0.317871094
vt 0.759765625 0.301757812
vt 0.748535156 0.334716797
vt 0.759277344 0.334960938
vt 0.748535156 0.3515625
vt 0.759277344 0.351806641
vt 0.748535156 0.368652344
vt 0.759277344 0.368652344
vt 0.748535156 0.385742188
vt 0.759277344 0.385742188
vt 0.748046875 0.402587891
vt 1 0.000154256821
vt 0.997558594 0
vt 0.99609375 0.0170288086
vt 0.999023438 0.0172119141
vt 0.994628906 0.0340270996
vt 0.997070312 0.0342407227
vt 0.993164062 0.0512084961
vt 0.99609375 0.0513000488
vt 0.993652344 0.0684814453
vt 0.996582031 0.068359375
vt 0.995117188 0.0854492188
vt 0.997558594 0.0853881836
vt 0.994628906 0.102416992
vt 0.997070312 0.102478027
vt 0.994140625 0.119567871
vt 0.996582031 0.119567871
vt 0.995117188 0.13671875
vt 0.997558594 0.13659668
vt 0.99609375 0.153686523
vt 0.998535156 0.153686523
vt 0.995117188 0.170776367
vt 0.997558594 0.170654297
vt 0.995117188 0.187988281
vt 0.998046875 0.187988281
vt 0.992675781 0.204467773
vt 0.452392578 0.895019531
vt 0.452636719 0.892578125
vt 0.440185547 0.891601562
vt 0.439941406 0.89453125
vt 0.427734375 0.892089844
vt 0.427490234 0.89453125
vt 0.415527344 0.891601562
vt 0.415039062 0.894042969
vt 0.404052734 0.887695312
vt 0.403076172 0.890136719
vt 0.393798828 0.881347656
vt 0.392089844 0.883300781
vt 0.387207031 0.870117188
vt 0.384521484 0.87109375
vt 0.386962891 0.855957031
vt 0.384277344 0.85546875
vt 0.392578125 0.842285156
vt 0.390136719 0.841308594
vt 0.398193359 0.827636719
vt 0.395751953 0.827148438
vt 0.399658203 0.811523438
vt 0.396972656 0.811035156
vt 0.400634766 0.795898438
vt 0.397949219 0.795410156
vt 0.401855469 0.780273438
vt 0.399414062 0.779785156
vt 0.403076172 0.764648438
vt 0.400634766 0.764160156
vt 0.404296875 0.749023438
vt 0.401855469 0.748535156
vt 0.405761719 0.733398438
vt 0.403076172 0.732910156
vt 0.406982422 0.717285156
vt 0.404296875 0.717285156
vt 0.408203125 0.701660156
vt 0.405517578 0.701660156
vt 0.409423828 0.686035156
vt 0.406982422 0.686035156
vt 0.410888672 0.670410156
vt 0.408203125 0.670410156
vt 0.412353516 0.654785156
vt 0.409667969 0.654785156
vt 0.413574219 0.639160156
vt 0.411132812 0.639160156
vt 0.415039062 0.623535156
vt 0.412597656 0.623046875
vt 0.416503906 0.607910156
vt 0.413818359 0.607421875
vt 0.417724609 0.591796875
vt 0.415283203 0.591796875
vt 0.418212891 0.576171875
vt 0.415771484 0.576171875
vt 0.417480469 0.560546875
vt 0.414794922 0.560546875
vt 0.415771484 0.544921875
vt 0.413085938 0.545410156
vt 0.415039062 0.530273438
vt 0.412353516 0.529785156
vt 0.419433594 0.516601562
vt 0.417480469 0.515136719
vt 0.429199219 0.509277344
vt 0.428222656 0.506835938
vt 0.440673828 0.507324219
vt 0.440429688 0.504882812
vt 0.452636719 0.507324219
vt 0.452636719 0.504394531
vt 0.989746094 0.498779297
vt 0.9921875 0.498291016
vt 0.98828125 0.481689453
vt 0.985839844 0.482177734
vt 0.984863281 0.46484375
vt 0.982421875 0.465332031
vt 0.980957031 0.447753906
vt 0.978515625 0.448242188
vt 0.978515625 0.430419922
vt 0.976074219 0.430664062
vt 0.978027344 0.413085938
vt 0.975097656 0.413085938
vt 0.978515625 0.395751953
vt 0.976074219 0.395507812
vt 0.979980469 0.378173828
vt 0.977539062 0.377929688
vt 0.981933594 0.360839844
vt 0.979492188 0.360595703
vt 0.983886719 0.343505859
vt 0.981445312 0.343261719
vt 0.985351562 0.326904297
vt 0.982910156 0.326660156
vt 0.986816406 0.311767578
vt 0.984375 0.311523438
vt 0.987792969 0.297851562
vt 0.985351562 0.297607422
vt 0.98828125 0.284667969
vt 0.985839844 0.284667969
vt 0.987792969 0.271728516
vt 0.985351562 0.272460938
vt 0.977539062 0.259033203
vt 0.975585938 0.260742188
vt 0.966796875 0.251708984
vt 0.964355469 0.252197266
vt 0.9765625 0.23815918
vt 0.974609375 0.236816406
vt 0.985351562 0.224609375
vt 0.982910156 0.223999023
vt 0.984863281 0.210327148
vt 0.981933594 0.210449219
vt 0.982910156 0.195556641
vt 0.98046875 0.195800781
vt 0.981445312 0.179321289
vt 0.979003906 0.17956543
vt 0.98046875 0.162475586
vt 0.978027344 0.162475586
vt 0.981445312 0.145629883
vt 0.979003906 0.145507812
vt 0.982910156 0.128417969
vt 0.98046875 0.128540039
vt 0.98046875 0.110900879
vt 0.978027344 0.111633301
vt 0.973144531 0.0950317383
vt 0.971191406 0.0960083008
vt 0.967285156 0.0796508789
vt 0.96484375 0.0799560547
vt 0.968261719 0.0637207031
vt 0.965820312 0.0631103516
vt 0.974121094 0.0484313965
vt 0.971679688 0.0473937988
vt 0.981445312 0.0330810547
vt 0.979003906 0.0320739746
vt 0.98828125 0.0171966553
vt 0.985839844 0.0165252686
vt 0.9921875 0.00043129921
vt 0.989746094 0
vt 0.520019531 0.890625
vt 0.519042969 0.888183594
vt 0.5078125 0.893066406
vt 0.508300781 0.895507812
vt 0.496826172 0.893066406
vt 0.49609375 0.895507812
vt 0.487304688 0.885742188
vt 0.485107422 0.887207031
vt 0.482177734 0.872558594
vt 0.479736328 0.873046875
vt 0.481933594 0.857421875
vt 0.479248047 0.857421875
vt 0.482666016 0.841796875
vt 0.479980469 0.841796875
vt 0.482177734 0.826171875
vt 0.479736328 0.826171875
vt 0.480712891 0.810546875
vt 0.478027344 0.810546875
vt 0.480224609 0.794433594
vt 0.477539062 0.794921875
vt 0.478759766 0.778808594
vt 0.476074219 0.779296875
vt 0.4765625 0.763183594
vt 0.474121094 0.763671875
vt 0.474853516 0.747558594
vt 0.472412109 0.748046875
vt 0.473632812 0.731933594
vt 0.470947266 0.732421875
vt 0.472412109 0.716308594
vt 0.469726562 0.716796875
vt 0.470947266 0.700683594
vt 0.468261719 0.701171875
vt 0.469238281 0.685058594
vt 0.466552734 0.685058594
vt 0.467773438 0.669433594
vt 0.465087891 0.669433594
vt 0.466064453 0.653808594
vt 0.463623047 0.653808594
vt 0.464599609 0.637695312
vt 0.461914062 0.638183594
vt 0.463134766 0.622070312
vt 0.460449219 0.622558594
vt 0.461914062 0.606445312
vt 0.459228516 0.606445312
vt 0.4609375 0.590332031
vt 0.458251953 0.590820312
vt 0.459960938 0.574707031
vt 0.457275391 0.574707031
vt 0.458496094 0.55859375
vt 0.455810547 0.55859375
vt 0.455810547 0.54296875
vt 0.453125 0.54296875
vt 0.455322266 0.527832031
vt 0.452636719 0.52734375
vt 0.460693359 0.515136719
vt 0.458740234 0.513671875
vt 0.470947266 0.508789062
vt 0.469970703 0.506347656
vt 0.482666016 0.507324219
vt 0.482421875 0.504394531
vt 0.495117188 0.507324219
vt 0.495117188 0.504882812
vt 0.507324219 0.508300781
vt 0.507324219 0.505859375
vt 0.520019531 0.509277344
vt 0.520019531 0.506835938
vt 0.997558594 0.325439453
vt 0.994628906 0.325683594
vt 0.997070312 0.337158203
vt 0.99609375 0.313476562
vt 0.993652344 0.313476562
vt 0.995605469 0.30078125
vt 0.993164062 0.30078125
vt 0.995605469 0.287109375
vt 0.992675781 0.287353516
vt 0.995117188 0.272460938
vt 0.992675781 0.272460938
vt 0.995117188 0.256103516
vt 0.992675781 0.256103516
vt 0.995117188 0.239013672
vt 0.992675781 0.239135742
vt 0.994628906 0.221923828
vt 0.9921875 0.221923828
vt 0.995117188 0.204589844
vt 0.992675781 0.204467773
vt 0.998046875 0.187988281
vt 0.997558594 0.325439453
vt 0.997070312 0.337158203
vt 0.999511719 0.337158203
vt 0.997070312 0.348632812
vt 0.999511719 0.348876953
vt 0.997070312 0.360839844
vt 0.999511719 0.361083984
vt 0.997070312 0.373779297
vt 0.999511719 0.373779297
vt 0.997070312 0.387451172
vt 0.999511719 0.387451172
vt 0.997070312 0.40234375
vt 1 0.40234375
vt 0.997558594 0.418945312
vt 1 0.418945312
vt 0.997070312 0.435791016
vt 0.999511719 0.436035156
vt 0.995605469 0.452880859
vt 0.998046875 0.452880859
vt 0.994628906 0.469970703
vt 0.997070312 0.469970703
vt 0.994628906 0.487304688
vt 0.997558594 0.487060547
vt 0.995117188 0.504394531
vt 0.997558594 0.504394531
vn -0.540527344 -0.00539398193 0.841308594
vn -0.545898438 -0.00714111328 0.837890625
vn -0.132446289 -0.0211486816 0.990722656
vn 0.927246094 0.118652344 0.355224609
vn 0.791992188 0.58984375 0.157714844
vn 0.622070312 0.422851562 -0.659179688
vn 0.927246094 0.118652344 0.355224609
vn 0.622070312 0.422851562 -0.659179688
vn 0.959960938 0.113647461 -0.256347656
vn -0.685546875 -0.638671875 0.349609375
vn -0.560546875 -0.0132446289 0.828125
vn -0.411865234 -0.655273438 0.633300781
vn -0.927246094 -0.0601196289 -0.369140625
vn -0.927734375 -0.122619629 -0.352539062
vn -0.78125 -0.60546875 -0.151611328
vn 0.634765625 -0.0144577026 -0.772949219
vn 0.156860352 -0.0185394287 -0.987304688
vn 0.622070312 -0.0108032227 -0.783203125
vn -0.549804688 0.0041847229 0.835449219
vn -0.412597656 0.652832031 0.635253906
vn -0.0864868164 0.687988281 0.720703125
vn -0.133422852 0.0213470459 0.990722656
vn -0.563476562 0.00241279602 0.826171875
vn 0.0686645508 0.727539062 0.682617188
vn -0.153808594 0.0189361572 0.987792969
vn -0.577148438 -0.00067281723 0.816894531
vn 0.0764160156 0.0399169922 0.99609375
vn 0.0736083984 0.751953125 0.655273438
vn -0.172973633 0.0162200928 0.984863281
vn -0.590820312 -0.0033416748 0.806640625
vn 0.0921630859 0.0551452637 0.994140625
vn 0.0229797363 0.754882812 0.655273438
vn 0.0530700684 0.0382995605 0.998046875
vn -0.190673828 0.0128097534 0.981445312
vn -0.60546875 -0.00410079956 0.795898438
vn 0.0307922363 0.0586242676 0.998046875
vn 0.0123748779 0.741699219 0.670898438
vn 0.0266876221 0.0373535156 0.999023438
vn 0.0763549805 0.0586547852 0.995117188
vn -0.203979492 0.0101776123 0.979003906
vn -0.619140625 -0.00373649597 0.78515625
vn 0.00752639771 0.0624389648 0.998046875
vn 0.00932312012 0.766113281 0.642578125
vn -0.000272750854 0.0322570801 0.999511719
vn 0.051361084 0.0639648438 0.996582031
vn 0.0288848877 0.0720214844 0.997070312
vn -0.208251953 0.00136184692 0.978027344
vn -0.628417969 -0.00247383118 0.777832031
vn 0.00278663635 0.0764770508 0.997070312
vn -0.0145492554 0.766113281 0.642089844
vn -0.0195007324 0.0205993652 0.999511719
vn 0.0217590332 0.0573730469 0.998046875
vn 0.0132141113 0.0882568359 0.99609375
vn -0.00355529785 0.0803222656 0.996582031
vn -0.204345703 -0.00514984131 0.979003906
vn -0.629882812 -0.00115776062 0.776367188
vn -0.00917816162 0.0769042969 0.997070312
vn -0.0120162964 0.747070312 0.664550781
vn -0.0248413086 -0.00133419037 0.999511719
vn -0.00121974945 0.0341491699 0.999511719
vn -0.0107116699 0.0822143555 0.996582031
vn -0.0122680664 0.102416992 0.994628906
vn -0.00486373901 0.0834960938 0.996582031
vn 0.000635623932 0.0569763184 0.998535156
vn -0.00177955627 0.732910156 0.680664062
vn 0.00952148438 0.0729980469 0.997070312
vn 0.00311470032 0.0999755859 0.995117188
vn -0.0216522217 0.098449707 0.995117188
vn -0.0295257568 0.0476379395 0.998535156
vn 0.0050163269 0.039855957 0.999023438
vn 0.00355911255 0.729980469 0.68359375
vn 0.0220794678 0.0560913086 0.998046875
vn 0.0307922363 0.0835571289 0.99609375
vn 0.0139007568 0.0996704102 0.995117188
vn 0.00592041016 0.0337524414 0.999511719
vn 0.0006980896 0.732421875 0.681152344
vn 0.0166931152 0.042755127 0.999023438
vn 0.0392150879 0.0651855469 0.997070312
vn 0.0121994019 0.0218353271 0.999511719
vn -0.00161075592 0.720703125 0.693359375
vn 0.0148696899 0.029876709 0.999511719
vn 0.0201568604 -0.0093536377 0.999511719
vn -0.00184726715 0.705078125 0.708984375
vn -0.0289611816 0.0550537109 0.998046875
vn 0.0529785156 0.0857543945 0.995117188
vn 0.0317687988 0.0489501953 0.998535156
vn 0.0408630371 0.00706100464 0.999023438
vn 0.00450897217 -0.0368041992 0.999511719
vn -0.0106811523 0.705566406 0.708496094
vn 0.0196533203 0.0550231934 0.998535156
vn 0.0595397949 0.0650634766 0.99609375
vn 0.0294189453 0.0345458984 0.999023438
vn 0.0512084961 -0.0169219971 0.998535156
vn -0.0270385742 -0.0348510742 0.999023438
vn -0.0212860107 0.72265625 0.690429688
vn 0.0684814453 0.0491943359 0.996582031
vn 0.0480957031 0.0476989746 0.997558594
vn 0.0512084961 0.0343322754 0.998046875
vn -0.0419311523 0.0248413086 0.999023438
vn -0.0524597168 -0.00665283203 0.998535156
vn -0.0154800415 0.739746094 0.672851562
vn 0.078125 0.0385131836 0.99609375
vn 0.0285949707 0.0479125977 0.998535156
vn 0.00944519043 0.0866088867 0.99609375
vn -0.0481567383 0.0798339844 0.995605469
vn -0.0447692871 0.0357971191 0.998535156
vn -0.00398254395 0.750976562 0.66015625
vn 0.0561828613 0.0314941406 0.998046875
vn -0.00597381592 0.101013184 0.994628906
vn -0.172363281 0.207885742 0.962890625
vn -0.0420837402 0.0561218262 0.997558594
vn -0.0099029541 0.0698852539 0.997558594
vn 0.00150108337 0.752929688 0.658203125
vn -0.00402069092 0.0542602539 0.998535156
vn -0.112854004 0.21105957 0.970703125
vn -0.0297088623 0.0924682617 0.995117188
vn -0.0869140625 0.0456848145 0.995117188
vn 0.0171356201 0.0794067383 0.996582031
vn 0.00609970093 0.750488281 0.660644531
vn -0.11151123 0.125976562 0.985839844
vn -0.0102386475 0.0877685547 0.99609375
vn -0.00554656982 0.061126709 0.998046875
vn -0.0399780273 0.0788574219 0.99609375
vn 0.0305938721 0.0745849609 0.996582031
vn -0.00815582275 0.75390625 0.656738281
vn -0.0143737793 0.0323181152 0.999511719
vn 0.117980957 -0.0729980469 0.990234375
vn -0.116333008 0.0764160156 0.990234375
vn 0.0182952881 0.0956420898 0.995117188
vn 0.0113372803 0.0702514648 0.997558594
vn -0.0445556641 0.756347656 0.652832031
vn 0.128173828 -0.0550537109 0.990234375
vn -0.0624084473 0.0452270508 0.997070312
vn -0.0657958984 0.095703125 0.993164062
vn 0.038482666 0.0913696289 0.995117188
vn -0.031463623 0.0620117188 0.997558594
vn -0.013168335 0.721679688 0.692382812
vn -0.0086517334 0.0576477051 0.998535156
vn -0.131103516 0.0994262695 0.986328125
vn 0.018447876 0.102233887 0.994628906
vn 0.0189208984 0.0809326172 0.996582031
vn 0.0149688721 0.0436706543 0.999023438
vn 0.206420898 0.676269531 0.70703125
vn -0.112548828 0.096496582 0.988769531
vn -0.0635986328 0.0927734375 0.993652344
vn 0.0490722656 0.0960083008 0.994140625
vn -0.0117797852 0.063659668 0.998046875
vn 0.300292969 0.0241394043 0.953613281
vn 0.541503906 0.65234375 0.529785156
vn 0.726074219 0.00857543945 0.6875
vn 0.0361938477 0.044128418 0.998535156
vn 0.315917969 0.0277099609 0.948242188
vn 0.734375 0.00468063354 0.678710938
vn 0.0357055664 0.0811767578 0.99609375
vn 0.0244445801 0.0784301758 0.996582031
vn 0.0128555298 0.0604248047 0.998046875
vn 0.0522766113 0.041809082 0.997558594
vn 0.328613281 0.0254516602 0.943847656
vn 0.74609375 -0.00157833099 0.665527344
vn 0.0612487793 0.0678100586 0.995605469
vn 0.052520752 0.0568237305 0.997070312
vn 0.0339660645 0.0434875488 0.998535156
vn 0.341308594 0.0177764893 0.939941406
vn 0.7578125 -0.00804138184 0.65234375
vn 0.0637207031 0.0316772461 0.997558594
vn 0.349609375 0.00868988037 0.937011719
vn 0.767578125 -0.012840271 0.640625
vn 0.0672607422 0.0161437988 0.997558594
vn 0.0433654785 0.0165710449 0.999023438
vn 0.0606079102 0.0180664062 0.998046875
vn 0.0676879883 0.019241333 0.997558594
vn 0.356445312 -0.00775527954 0.934082031
vn 0.7734375 -0.0249938965 0.633300781
vn 0.0610351562 -0.0027217865 0.998046875
vn 0.0372619629 -0.0140533447 0.999023438
vn 0.0568237305 -0.0258331299 0.998046875
vn 0.354003906 -0.0155639648 0.935058594
vn 0.772949219 -0.0163421631 0.634277344
vn 0.0471496582 -0.021697998 0.998535156
vn 0.018447876 -0.0395812988 0.999023438
vn 0.3359375 -0.01612854 0.941894531
vn 0.767089844 -0.00294113159 0.641113281
vn 0.0288848877 -0.0320129395 0.999023438
vn 0.319091797 -0.0305480957 0.947265625
vn 0.753417969 -0.0149383545 0.657714844
vn 0.0634155273 -0.0354919434 0.997558594
vn 0.0417785645 -0.059967041 0.997558594
vn -0.00484085083 -0.0514221191 0.998535156
vn 0.0115356445 -0.0377197266 0.999023438
vn 0.304199219 -0.0402832031 0.951660156
vn 0.728027344 -0.0133972168 0.685546875
vn 0.0518188477 -0.0755615234 0.995605469
vn 0.0224761963 -0.0713500977 0.997070312
vn -0.0268249512 -0.0546264648 0.998046875
vn 0.00186443329 -0.0433044434 0.999023438
vn 0.283935547 -0.0334777832 0.958496094
vn 0.701660156 0.000414848328 0.712402344
vn 0.0379638672 -0.0871582031 0.995605469
vn 0.00589370728 -0.0729370117 0.997558594
vn -0.044921875 -0.0524291992 0.997558594
vn -0.000336647034 -0.0436401367 0.999023438
vn 0.263183594 -0.0078125 0.96484375
vn 0.688964844 0.00674057007 0.724609375
vn 0.0254058838 -0.0863647461 0.99609375
vn -0.00659179688 -0.067565918 0.997558594
vn -0.0546569824 -0.0450134277 0.997558594
vn -0.00475692749 -0.0238952637 0.999511719
vn 0.252441406 -0.0156402588 0.967285156
vn 0.678222656 -0.00664138794 0.734863281
vn 0.0167388916 -0.0777587891 0.997070312
vn -0.0151138306 -0.052520752 0.998535156
vn -0.0548400879 -0.0270233154 0.998046875
vn -0.010635376 -0.0188751221 1
vn 0.245361328 -0.037322998 0.96875
vn 0.67578125 -0.0473937988 0.735351562
vn 0.0116348267 -0.0610656738 0.998046875
vn -0.0203704834 -0.0280456543 0.999511719
vn -0.0532531738 -0.0207061768 0.998535156
vn -0.0119247437 -0.0319213867 0.999511719
vn 0.251953125 -0.0203399658 0.967773438
vn 0.69140625 -0.0740966797 0.718261719
vn 0.00566864014 -0.0385437012 0.999023438
vn -0.0251312256 -0.0249023438 0.999511719
vn -0.0557861328 -0.032623291 0.998046875
vn -0.0141525269 -0.0179138184 0.999511719
vn 0.266113281 0.0289154053 0.963378906
vn 0.716796875 0.00490570068 0.697265625
vn -0.00991821289 -0.0407409668 0.999023438
vn -0.0308380127 -0.0400695801 0.998535156
vn -0.0591430664 -0.0242767334 0.998046875
vn -0.021987915 0.0263977051 0.999511719
vn 0.266357422 0.061126709 0.961914062
vn 0.720214844 0.0803833008 0.688964844
vn -0.0290222168 -0.0538024902 0.998046875
vn -0.0349731445 -0.0271759033 0.999023438
vn -0.0628051758 0.0164794922 0.998046875
vn -0.0259094238 0.0612487793 0.997558594
vn 0.269287109 0.0513305664 0.961914062
vn 0.700195312 0.0488586426 0.712402344
vn -0.0356445312 -0.0285797119 0.999023438
vn -0.0346069336 0.0152511597 0.999511719
vn -0.0701293945 0.055267334 0.99609375
vn -0.0196533203 0.0673828125 0.997558594
vn 0.289550781 0.0502929688 0.955566406
vn 0.6953125 0.01197052 0.718261719
vn -0.0308380127 0.0218658447 0.999511719
vn -0.0314025879 0.0517883301 0.998046875
vn -0.0773925781 0.071105957 0.994628906
vn -0.00457763672 0.0746459961 0.997070312
vn 0.318847656 0.0503540039 0.946289062
vn 0.7109375 0.0110397339 0.703125
vn -0.0203857422 0.0614929199 0.998046875
vn -0.0310516357 0.0672607422 0.997070312
vn -0.0786743164 0.0837402344 0.993164062
vn 0.0177307129 0.0806884766 0.996582031
vn 0.346923828 0.050567627 0.936523438
vn 0.727050781 0.0160675049 0.686523438
vn -0.00853729248 0.0722045898 0.997558594
vn -0.0349731445 0.0827026367 0.99609375
vn -0.0686035156 0.100585938 0.992675781
vn 0.049041748 0.0813598633 0.995605469
vn 0.3671875 0.0550231934 0.928710938
vn 0.747070312 0.0225067139 0.664550781
vn -0.00355529785 0.0799560547 0.996582031
vn -0.0350036621 0.11151123 0.993164062
vn -0.039855957 0.11541748 0.992675781
vn 0.0866699219 0.0817871094 0.992675781
vn 0.37890625 0.0520935059 0.923828125
vn 0.769042969 0.022064209 0.638671875
vn -0.00643539429 0.111816406 0.993652344
vn -0.0216674805 0.143676758 0.989257812
vn 0.00971984863 0.126953125 0.991699219
vn 0.126464844 0.0768432617 0.988769531
vn 0.3828125 0.0306091309 0.923339844
vn 0.780273438 0.0222167969 0.625
vn -0.00952911377 0.152954102 0.98828125
vn 0.00714874268 0.170654297 0.985351562
vn 0.0749511719 0.128295898 0.988769531
vn 0.158813477 0.0439147949 0.986328125
vn 0.383056641 -0.0119171143 0.923828125
vn 0.760253906 0.0134277344 0.649414062
vn -0.00874328613 0.188354492 0.981933594
vn 0.0513916016 0.184692383 0.981445312
vn 0.132324219 0.0756225586 0.98828125
vn 0.177368164 -0.00483322144 0.984375
vn 0.3828125 -0.0202178955 0.923828125
vn 0.71875 0.00258827209 0.694824219
vn -0.00287055969 0.212402344 0.977050781
vn 0.105651855 0.122070312 0.986816406
vn 0.155395508 0.0027885437 0.987792969
vn 0.181884766 -0.0186462402 0.982910156
vn 0.401855469 -0.0227813721 0.915527344
vn 0.701171875 -0.0352172852 0.712402344
vn 0.0153503418 0.160400391 0.986816406
vn 0.128051758 -0.000687599182 0.991699219
vn 0.139282227 -0.0364379883 0.989746094
vn 0.174804688 -0.0169067383 0.984375
vn 0.424072266 -0.0375061035 0.904785156
vn 0.721191406 -0.0693359375 0.689453125
vn 0.0200500488 -0.0118637085 0.999511719
vn 0.0905761719 -0.0822143555 0.992675781
vn 0.0878295898 -0.0544128418 0.994628906
vn 0.158325195 -0.0358886719 0.986816406
vn 0.438232422 -0.041595459 0.897949219
vn 0.762207031 -0.0596008301 0.64453125
vn -0.00169086456 -0.130249023 0.991699219
vn 0.0236663818 -0.117797852 0.992675781
vn 0.0136032104 -0.0817871094 0.996582031
vn 0.119750977 -0.0693969727 0.990234375
vn 0.430908203 -0.0619506836 0.900390625
vn 0.78515625 -0.0404052734 0.618164062
vn -0.0331420898 -0.159790039 0.986816406
vn -0.0451660156 -0.148925781 0.987792969
vn -0.0696411133 -0.133178711 0.988769531
vn 0.0527954102 -0.107910156 0.992675781
vn 0.403320312 -0.0762939453 0.911621094
vn 0.778320312 -0.030960083 0.627441406
vn 0.277099609 -0.713867188 0.643066406
vn 0.579589844 -0.685546875 0.440673828
vn -0.0710449219 -0.756835938 0.649414062
vn -0.0254669189 -0.127685547 0.991699219
vn -0.205810547 -0.821777344 0.53125
vn -0.228881836 -0.186523438 0.955566406
vn -0.103637695 -0.859863281 0.499755859
vn -0.153442383 -0.175048828 0.97265625
vn -0.146972656 -0.220825195 0.964355469
vn 0.00370788574 -0.825683594 0.564453125
vn -0.135375977 -0.22265625 0.965332031
vn -0.0207214355 -0.208984375 0.977539062
vn 0.0157623291 -0.809082031 0.587402344
vn -0.101501465 -0.19140625 0.976074219
vn 0.00271224976 -0.19140625 0.981445312
vn 0.0113220215 -0.806152344 0.591308594
vn -0.0411987305 -0.227783203 0.97265625
vn -0.0537414551 -0.206665039 0.977050781
vn -0.00584411621 -0.17980957 0.983886719
vn 0.00997924805 -0.799804688 0.600585938
vn -0.0146484375 -0.210449219 0.977539062
vn -0.0519714355 -0.186523438 0.980957031
vn -0.00975799561 -0.165405273 0.986328125
vn 0.00797271729 -0.790527344 0.612304688
vn -0.0268707275 -0.186889648 0.981933594
vn -0.0433959961 -0.186889648 0.981445312
vn -0.0717773438 -0.182250977 0.98046875
vn -0.0129623413 -0.14855957 0.988769531
vn 0.00676345825 -0.779785156 0.625976562
vn -0.0312347412 -0.162597656 0.986328125
vn -0.0584411621 -0.15625 0.985839844
vn -0.0844726562 -0.169189453 0.981933594
vn -0.0129699707 -0.131469727 0.991210938
vn 0.00699234009 -0.76953125 0.638671875
vn -0.033203125 -0.141357422 0.989257812
vn -0.0901489258 -0.157958984 0.983398438
vn -0.0599365234 -0.126220703 0.990234375
vn -0.0864257812 -0.147583008 0.985351562
vn -0.00955200195 -0.116821289 0.993164062
vn 0.00534439087 -0.759765625 0.650390625
vn -0.0293579102 -0.12512207 0.991699219
vn -0.0543823242 -0.102661133 0.993164062
vn -0.0846557617 -0.136352539 0.986816406
vn -0.104064941 -0.168579102 0.979980469
vn -0.0883178711 -0.0162353516 0.99609375
vn -0.00848388672 -0.106262207 0.994140625
vn 0.00235366821 -0.753417969 0.657226562
vn -0.020324707 -0.11505127 0.993164062
vn -0.0416870117 -0.0889892578 0.995117188
vn -0.0686645508 -0.124206543 0.989746094
vn -0.100769043 -0.149169922 0.983886719
vn -0.0899658203 -0.172363281 0.980957031
vn -0.0131607056 -0.0972900391 0.995117188
vn 0.00425338745 -0.75 0.661132812
vn -0.0141601562 -0.110473633 0.993652344
vn -0.0250701904 -0.0841064453 0.99609375
vn -0.0469360352 -0.119628906 0.991699219
vn -0.0688476562 -0.178833008 0.981445312
vn -0.0805053711 -0.157958984 0.984375
vn -0.00420379639 -0.0924682617 0.995605469
vn 0.00804901123 -0.753417969 0.657714844
vn -0.0195922852 -0.108276367 0.994140625
vn -0.0145721436 -0.0845336914 0.99609375
vn -0.0241546631 -0.120117188 0.992675781
vn -0.0453186035 -0.18359375 0.981933594
vn 0.0120544434 -0.100646973 0.994628906
vn 0.00826263428 -0.764160156 0.64453125
vn -0.000974178314 -0.109863281 0.994140625
vn -0.0174407959 -0.0887451172 0.99609375
vn -0.0107574463 -0.123413086 0.9921875
vn 0.0180664062 -0.117492676 0.992675781
vn 0.00622558594 -0.782226562 0.623046875
vn 0.0268249512 -0.117797852 0.992675781
vn -0.000599384308 -0.08984375 0.99609375
vn 0.0272216797 -0.138183594 0.990234375
vn 0.0057182312 -0.8046875 0.593261719
vn 0.032623291 -0.127563477 0.991210938
vn 0.0386047363 -0.165771484 0.985351562
vn 0.0205230713 -0.828125 0.560546875
vn -0.0212402344 -0.185913086 0.982421875
vn -0.012878418 -0.126098633 0.991699219
vn 0.0221405029 -0.0785522461 0.996582031
vn 0.0473937988 -0.138671875 0.989257812
vn 0.0571899414 -0.194091797 0.979492188
vn 0.0601196289 -0.835449219 0.545898438
vn -0.00788116455 -0.186645508 0.982421875
vn -0.0156402588 -0.114746094 0.993164062
vn 0.0303649902 -0.0632324219 0.997558594
vn 0.0655517578 -0.153930664 0.985839844
vn 0.0843505859 -0.200683594 0.976074219
vn 0.105957031 -0.818847656 0.563964844
vn -0.0165557861 -0.182128906 0.982910156
vn -0.0135803223 -0.0791625977 0.996582031
vn 0.052154541 -0.0549316406 0.997070312
vn 0.0768432617 -0.167602539 0.982910156
vn 0.114929199 -0.166992188 0.979003906
vn 0.100219727 -0.775390625 0.623535156
vn -0.0488586426 -0.159057617 0.985839844
vn -0.000875473022 -0.0331420898 0.999511719
vn 0.0766601562 -0.053527832 0.995605469
vn 0.0687866211 -0.16418457 0.983886719
vn 0.0922241211 -0.107727051 0.989746094
vn -0.0583190918 -0.711425781 0.700195312
vn -0.0721435547 -0.109802246 0.991210938
vn 0.03074646 0.00658798218 0.999511719
vn 0.0836181641 -0.0552062988 0.995117188
vn 0.059387207 -0.132446289 0.989257812
vn -0.114501953 -0.0564575195 0.991699219
vn -0.411865234 -0.655273438 0.633300781
vn -0.560546875 -0.0132446289 0.828125
vn 0.0290985107 -0.0841674805 0.99609375
vn -0.153930664 -0.0458068848 0.986816406
vn -0.600097656 -0.00868988037 0.799804688
vn 0.0601196289 -0.0562133789 0.996582031
vn 0.0669555664 0.0335693359 0.997070312
vn 0.0280761719 -0.0511779785 0.998535156
vn -0.174804688 -0.0228729248 0.984375
vn -0.630859375 -0.00312232971 0.775878906
vn -0.00882720947 -0.0365600586 0.999511719
vn 0.0831298828 0.0440979004 0.995605469
vn -0.176757812 -0.00159454346 0.984375
vn -0.647460938 0.000769138336 0.762207031
vn 0.0647583008 0.040802002 0.997070312
vn 0.0311431885 0.0283660889 0.999023438
vn -0.00887298584 0.0105056763 1
vn -0.173828125 0.0175933838 0.984375
vn -0.646484375 0.0121459961 0.762695312
vn 0.0206451416 0.0356750488 0.999023438
vn 0.0555419922 0.067565918 0.99609375
vn 0.0693969727 0.0821533203 0.994140625
vn 0.0715942383 0.0729370117 0.994628906
vn -0.168457031 0.0246887207 0.985351562
vn -0.634277344 0.014465332 0.772949219
vn 0.0533447266 0.0379943848 0.998046875
vn 0.0860595703 0.0635375977 0.994140625
vn 0.0701293945 0.0777587891 0.994628906
vn -0.161376953 0.0184326172 0.986816406
vn -0.622070312 0.0108032227 0.783203125
vn 0.0760498047 0.0288085938 0.996582031
vn 0.110107422 0.0453491211 0.992675781
vn -0.153442383 0.0190582275 0.987792969
vn -0.614746094 0.0114898682 0.788574219
vn 0.0907592773 0.0263824463 0.995605469
vn -0.144287109 0.0220947266 0.989257812
vn -0.606933594 0.00859069824 0.794921875
vn 0.0501403809 0.0681152344 0.996582031
vn 0.0711669922 0.0544433594 0.99609375
vn 0.123840332 0.0353393555 0.991699219
vn 0.0993041992 0.0293273926 0.994628906
vn -0.132202148 0.0245056152 0.990722656
vn -0.592773438 0.00534057617 0.805664062
vn 0.0332946777 0.0497131348 0.998046875
vn 0.0705566406 0.0388793945 0.996582031
vn 0.128662109 0.0321350098 0.991210938
vn 0.103515625 0.0312042236 0.994140625
vn -0.11920166 0.0242004395 0.992675781
vn -0.573730469 0.00221824646 0.819335938
vn 0.0231781006 0.0340270996 0.999023438
vn 0.0656738281 0.0290985107 0.997558594
vn 0.126220703 0.0297241211 0.991699219
vn 0.103637695 0.0295562744 0.994140625
vn -0.107971191 0.0137634277 0.994140625
vn -0.5546875 -0.00381851196 0.83203125
vn -0.10369873 0.0013885498 0.994628906
vn 0.100402832 0.0166320801 0.994628906
vn 0.119567871 0.024887085 0.992675781
vn 0.0582885742 0.0243530273 0.998046875
vn 0.0938110352 -0.00185680389 0.995605469
vn 0.110961914 0.0104370117 0.993652344
vn 0.0523681641 0.0191192627 0.998535156
vn 0.0816040039 -0.0121612549 0.996582031
vn -0.10736084 -0.0030670166 0.994140625
vn 0.100952148 -0.0109176636 0.994628906
vn 0.046081543 0.00277709961 0.999023438
vn 0.0858764648 -0.0282440186 0.99609375
vn 0.0349121094 -0.0230102539 0.999023438
vn 0.018081665 -0.046295166 0.998535156
vn 0.0040435791 0.010925293 1
vn -0.0145263672 -0.01171875 1
vn -0.0395812988 -0.0418395996 0.998535156
vn -0.0620422363 -0.0639648438 0.99609375
vn 0.0124893188 0.0195770264 0.999511719
vn 0.0165405273 0.0236358643 0.999511719
vn -0.0023765564 -0.0717773438 0.997558594
vn -0.0763549805 -0.0877075195 0.993164062
vn 0.0635375977 -0.0486450195 0.996582031
vn 0.0624084473 -0.0263671875 0.997558594
vn -0.116577148 -0.0114440918 0.993164062
vn -0.538574219 -0.0031452179 0.842773438
vn -0.540527344 -0.00539398193 0.841308594
vn -0.132446289 -0.0211486816 0.990722656
vn 0.0376586914 -0.0442199707 0.998535156
vn 0.0354003906 -0.0725708008 0.996582031
vn -0.0264129639 -0.0998535156 0.994628906
vn -0.0870361328 -0.11907959 0.989257812
vn 0.00956726074 -0.0538635254 0.998535156
vn 0.00638961792 -0.0855102539 0.99609375
vn -0.0522460938 -0.114318848 0.9921875
vn -0.100158691 -0.136230469 0.985839844
vn -0.154174805 -0.0258331299 0.987792969
vn -0.545898438 -0.00714111328 0.837890625
vn -0.552246094 -0.00856018066 0.833496094
vn -0.176513672 -0.0247497559 0.983886719
vn -0.557128906 -0.00775146484 0.830566406
vn -0.0132980347 -0.0467834473 0.999023438
vn -0.0127487183 -0.0638427734 0.998046875
vn -0.06640625 -0.0776367188 0.994628906
vn -0.193115234 -0.0174407959 0.980957031
vn -0.561523438 -0.00362205505 0.827148438
vn -0.0195007324 -0.0220336914 0.999511719
vn -0.0085067749 -0.00899505615 1
vn -0.104675293 -0.0858154297 0.990722656
vn -0.0556945801 0.0113983154 0.998535156
vn -0.0815429688 0.0348205566 0.99609375
vn -0.200805664 -0.0124130249 0.979492188
vn -0.00828552246 -0.00228500366 1
vn 0.0163116455 0.0297851562 0.999511719
vn -0.0270080566 0.0696411133 0.997070312
vn -0.0482177734 0.106811523 0.993164062
vn -0.572753906 0.00299835205 0.819824219
vn -0.912109375 -0.00241279602 0.410400391
vn -0.909179688 0.0180511475 0.416503906
vn -0.201049805 -0.0114364624 0.979492188
vn -0.590332031 0.00671005249 0.807128906
vn 0.00941467285 0.000737190247 1
vn 0.0427246094 0.0270843506 0.998535156
vn -0.0018491745 0.0559692383 0.998535156
vn -0.197631836 -0.0118179321 0.979980469
vn -0.609863281 0.0028553009 0.792480469
vn 0.0202941895 -0.00709152222 1
vn 0.0541381836 -0.00270080566 0.998535156
vn -0.195678711 -0.013633728 0.98046875
vn -0.624023438 -0.0010766983 0.78125
vn 0.0172576904 -0.0216674805 0.999511719
vn -0.198852539 -0.0092086792 0.979980469
vn 0.00197219849 -0.0255432129 0.999511719
vn -0.0158081055 -0.0182495117 0.999511719
vn 0.0459289551 -0.0386047363 0.998046875
vn 0.00751113892 0.00179576874 1
vn 0.0244445801 -0.0526733398 0.998535156
vn -0.00872039795 -0.00394821167 1
vn 0.00186347961 -0.0382995605 0.999023438
vn -0.034362793 -0.00717544556 0.999511719
vn 0.00130748749 -0.0552062988 0.998535156
vn -0.0268096924 -0.0562438965 0.998046875
vn -0.0291290283 -0.0113601685 0.999511719
vn -0.0129318237 -0.0769042969 0.997070312
vn -0.026473999 -0.0648193359 0.997558594
vn 0.0208587646 -0.0135269165 0.999511719
vn -0.025680542 -0.0859985352 0.99609375
vn -0.0248413086 -0.0605773926 0.998046875
vn 0.0167388916 -0.0634155273 0.998046875
vn 0.0692138672 -0.0102233887 0.997558594
vn 0.00825500488 -0.0806274414 0.996582031
vn -0.0233764648 0.00811767578 0.999511719
vn 0.0602111816 -0.0558776855 0.996582031
vn 0.0812988281 -0.00324440002 0.996582031
vn 0.00058889389 -0.0541687012 0.998535156
vn -0.0283203125 0.0809326172 0.99609375
vn 0.0491943359 -0.068359375 0.996582031
vn 0.0738525391 -0.0490112305 0.99609375
vn 0.0472412109 0.00963592529 0.999023438
vn -0.00071811676 0.0150680542 1
vn -0.00167655945 0.100830078 0.995117188
vn 0.0392456055 -0.0422058105 0.998535156
vn 0.0659179688 -0.0543212891 0.996582031
vn 0.0289459229 -0.0387268066 0.999023438
vn -0.0520629883 0.0408325195 0.998046875
vn 0.037689209 0.0201416016 0.999023438
vn -0.0199584961 0.143188477 0.989257812
vn 0.0549621582 -0.0280761719 0.998046875
vn 0.034362793 -0.048248291 0.998046875
vn -0.000382900238 -0.0580749512 0.998535156
vn -0.026260376 -0.0380249023 0.999023438
vn 0.0407714844 0.112365723 0.992675781
vn -0.0601196289 0.0677490234 0.99609375
vn 0.0531921387 0.0135879517 0.998535156
vn 0.0377197266 -0.0249023438 0.999023438
vn 0.0195465088 -0.0601806641 0.998046875
vn 0.0509033203 -0.101867676 0.993652344
vn 0.0833129883 -0.114624023 0.989746094
vn 0.012260437 -0.0239715576 0.999511719
vn 0.0110321045 -0.0577697754 0.998046875
vn 0.0173339844 -0.046295166 0.998535156
vn 0.0195465088 -0.0336914062 0.999023438
vn 0.047454834 0.000420808792 0.999023438
vn -0.0617675781 0.0216369629 0.998046875
vn -0.0354003906 -0.0354919434 0.998535156
vn -0.0108566284 -0.0362548828 0.999511719
vn 0.00665283203 -0.0366210938 0.999511719
vn 0.0642089844 0.104797363 0.9921875
vn 0.0297241211 -0.0138778687 0.999511719
vn 0.0320129395 0.174682617 0.983886719
vn 0.0640258789 0.0855102539 0.994140625
vn 0.0737304688 0.181640625 0.98046875
vn 0.00994873047 0.111083984 0.993652344
vn -0.0938110352 -0.0759887695 0.992675781
vn -0.109375 -0.139038086 0.984375
vn -0.0219268799 -0.039276123 0.999023438
vn 0.0723876953 0.134887695 0.98828125
vn 0.0795288086 0.170654297 0.981933594
vn 0.0495300293 0.060546875 0.997070312
vn -0.120056152 -0.119140625 0.985351562
vn -0.0609130859 -0.108825684 0.9921875
vn 0.0495910645 0.0064239502 0.998535156
vn 0.0772094727 0.150146484 0.985839844
vn -0.126464844 -0.0916748047 0.987792969
vn -0.0928955078 -0.100463867 0.990722656
vn 0.0141143799 -0.0630493164 0.998046875
vn -0.12109375 -0.0779418945 0.989746094
vn -0.110717773 -0.0844726562 0.990234375
vn -0.101623535 -0.0662231445 0.992675781
vn 0.0723266602 0.155151367 0.985351562
vn 0.0574035645 0.0406494141 0.997558594
vn -0.0155105591 -0.0748291016 0.997070312
vn -0.121582031 -0.079284668 0.989257812
vn -0.0679931641 -0.0411376953 0.997070312
vn 0.0774536133 0.161132812 0.983886719
vn 0.0399780273 -0.0364990234 0.998535156
vn -0.0401916504 -0.0654296875 0.997070312
vn -0.125610352 -0.0789794922 0.988769531
vn -0.0294952393 -0.0119171143 0.999511719
vn 0.0589294434 0.0642089844 0.99609375
vn 0.0270843506 -0.0534973145 0.998046875
vn -0.071472168 -0.0578308105 0.995605469
vn -0.113525391 -0.0702514648 0.991210938
vn -0.00463104248 0.0119400024 1
vn 0.0330810547 -0.0201568604 0.999023438
vn 0.00994110107 -0.0420532227 0.999023438
vn -0.110290527 -0.061126709 0.9921875
vn -0.0806274414 -0.0482788086 0.995605469
vn -0.000992774963 0.0242614746 0.999511719
vn 0.0180664062 -0.041015625 0.999023438
vn -0.0172424316 -0.0239257812 0.999511719
vn -0.135498047 -0.0758666992 0.987792969
vn -0.046661377 -0.00559616089 0.999023438
vn -0.0075378418 0.0333862305 0.999511719
vn 0.0111694336 -0.0271148682 0.999511719
vn -0.0570983887 -0.0215606689 0.998046875
vn -0.126464844 -0.0811157227 0.988769531
vn -0.0412902832 0.0335388184 0.998535156
vn -0.00902557373 0.0426635742 0.999023438
vn 0.00299835205 -0.0022277832 1
vn -0.0908813477 -0.0612487793 0.994140625
vn -0.1015625 -0.0266723633 0.994628906
vn -0.0608520508 0.0482177734 0.997070312
vn 0.00668334961 0.0456237793 0.999023438
vn -0.00916290283 0.00661468506 1
vn -0.100769043 -0.0953369141 0.990234375
vn -0.102294922 0.050567627 0.993652344
vn -0.0745849609 0.0421447754 0.99609375
vn 0.0383605957 0.0469360352 0.998046875
vn -0.0589294434 0.0177764893 0.998046875
vn -0.0149536133 0.00563812256 1
vn -0.125 0.0701904297 0.989746094
vn -0.106628418 -0.0299530029 0.993652344
vn -0.134155273 0.0412597656 0.990234375
vn -0.11114502 -0.0166473389 0.993652344
vn -0.0577392578 -0.0491943359 0.997070312
vn -0.131958008 0.078918457 0.98828125
vn -0.159179688 0.0881347656 0.983398438
vn -0.128173828 -0.0562133789 0.990234375
vn -0.159057617 0.030960083 0.986816406
vn -0.092590332 -0.0971679688 0.990722656
vn -0.131591797 0.0078125 0.991210938
vn -0.141601562 0.101013184 0.984863281
vn -0.112915039 0.117736816 0.986816406
vn -0.0725708008 -0.00595855713 0.997558594
vn -0.0371398926 -0.130981445 0.990722656
vn -0.0647583008 -0.0181274414 0.997558594
vn -0.071105957 0.111206055 0.991210938
vn -0.0546875 0.148193359 0.987304688
vn -0.0161132812 -0.151733398 0.98828125
vn -0.0255432129 -0.0297241211 0.999023438
vn -0.0188293457 0.12286377 0.9921875
vn -0.0257110596 -0.16394043 0.986328125
vn -0.0304718018 -0.0293731689 0.999023438
vn -0.0444946289 -0.169555664 0.984375
vn -0.0391540527 0.0173034668 0.999023438
vn -0.00736236572 0.160888672 0.986816406
vn -0.0208435059 0.137451172 0.990234375
vn -0.0440368652 -0.0261077881 0.998535156
vn -0.061920166 -0.166992188 0.983886719
vn -0.0570068359 -0.0215759277 0.998046875
vn -0.0370788574 0.149414062 0.98828125
vn -0.00470733643 0.171508789 0.985351562
vn -0.073425293 -0.0171508789 0.997070312
vn -0.054107666 0.153808594 0.986816406
vn -0.0251464844 0.185180664 0.982421875
vn -0.0989379883 -0.0151443481 0.995117188
vn -0.0728759766 0.15222168 0.985839844
vn -0.0513305664 0.193847656 0.979492188
vn -0.0942382812 0.154052734 0.983398438
vn -0.0791625977 0.165283203 0.982910156
vn -0.0630493164 0.208984375 0.976074219
vn -0.0748901367 0.19519043 0.978027344
vn -0.0856323242 0.198120117 0.9765625
vn -0.0483703613 0.182739258 0.981933594
vn -0.0736694336 0.168212891 0.982910156
vn -0.033203125 0.145141602 0.988769531
vn -0.0654907227 0.151367188 0.986328125
vn -0.0190734863 0.103637695 0.994628906
vn -0.0539550781 0.127075195 0.990234375
vn -0.0327148438 0.127197266 0.991210938
vn -0.0119628906 0.078918457 0.996582031
vn -0.0320739746 0.0881347656 0.995605469
vn -0.0391235352 0.101745605 0.994140625
vn 0.00421524048 0.0914306641 0.995605469
vn -0.0143203735 0.0818481445 0.996582031
vn 0.00821685791 0.0650024414 0.998046875
vn -0.0101394653 0.0668945312 0.997558594
vn -0.0148162842 0.0712890625 0.997558594
vn 0.0224151611 0.0522460938 0.998535156
vn -0.0204315186 0.0720214844 0.997070312
vn 0.0565795898 0.0153274536 0.998046875
vn 0.0497741699 0.0397338867 0.998046875
vn -0.00253295898 0.0805053711 0.996582031
vn 0.0111846924 0.056427002 0.998535156
vn 0.00170707703 0.0283813477 0.999511719
vn 0.0633544922 -0.0321044922 0.997558594
vn 0.103515625 0.00859069824 0.994628906
vn 0.0764770508 0.0397338867 0.99609375
vn 0.0284881592 0.0677490234 0.997070312
vn 0.0132827759 -0.0577087402 0.998046875
vn 0.0907592773 -0.0121765137 0.995605469
vn 0.124267578 0.0272979736 0.991699219
vn -0.0266113281 -0.0696411133 0.997070312
vn 0.0230865479 -0.0205535889 0.999511719
vn -0.0427856445 -0.0860595703 0.995605469
vn -0.0121154785 -0.0305480957 0.999511719
vn -0.024230957 -0.0444641113 0.998535156
vn 0.0964355469 0.0239257812 0.995117188
vn 0.0303039551 0.0206298828 0.999511719
vn -0.00242233276 0.0153121948 1
vn 0.00172519684 0.00508880615 1
vn 0.0405578613 0.0141906738 0.999023438
vn 0.104125977 0.0292053223 0.994140625
vn 0.1328125 0.0423278809 0.990234375
vn 0.00882720947 -0.0171813965 1
vn 0.0571899414 -0.000418663025 0.998535156
vn 0.123474121 0.0232391357 0.9921875
vn 0.0223388672 -0.02684021 0.999511719
vn 0.0814208984 0.000132799149 0.996582031
vn 0.0520629883 0.0107498169 0.998535156
vn 0.0922851562 0.0534362793 0.994140625
vn 0.142700195 0.0415344238 0.988769531
vn 0.143676758 0.027633667 0.989257812
vn 0.109802246 0.0476074219 0.992675781
vn 0.091796875 0.0915527344 0.991699219
vn 0.101379395 0.0507202148 0.993652344
vn 0.041809082 0.0601196289 0.997558594
vn 0.146484375 0.0363769531 0.988769531
vn 0.150146484 0.0617980957 0.986816406
vn 0.126831055 0.108337402 0.985839844
vn 0.10345459 0.153320312 0.982910156
vn 0.100708008 0.030380249 0.994628906
vn 0.130371094 0.0394897461 0.990722656
vn 0.128173828 0.0852050781 0.98828125
vn 0.111328125 0.120544434 0.986328125
vn 0.0744628906 0.122253418 0.989746094
vn 0.0452575684 0.0255584717 0.998535156
vn 0.0880737305 0.0229187012 0.99609375
vn 0.0817871094 0.0626220703 0.994628906
vn 0.0623168945 0.0668334961 0.995605469
vn 0.0343017578 0.0287780762 0.999023438
vn 0.037689209 -0.00308990479 0.999511719
vn 0.0328063965 0.00905609131 0.999511719
vn 0.016204834 -0.00577545166 1
vn 0.0111083984 -0.0269775391 0.999511719
vn -0.00269317627 -0.0366210938 0.999511719
vn -0.00830078125 -0.0381164551 0.999023438
vn 0.00108623505 -0.0329589844 0.999511719
vn 0.00652694702 -0.0295715332 0.999511719
vn -0.010887146 -0.042755127 0.999023438
vn -0.0300750732 -0.0437927246 0.998535156
vn -0.0181427002 -0.0460205078 0.998535156
vn -0.00509262085 -0.0477905273 0.999023438
vn -0.0573120117 -0.0409240723 0.997558594
vn -0.0132598877 -0.0514526367 0.998535156
vn -0.0418395996 -0.0592346191 0.997558594
vn -0.0261077881 -0.0593261719 0.998046875
vn -0.088684082 0.00836181641 0.99609375
vn -0.061920166 -0.0565490723 0.996582031
vn -0.0454711914 -0.0743408203 0.99609375
vn -0.0306396484 -0.0762329102 0.996582031
vn -0.0165100098 -0.0649414062 0.997558594
vn -0.110778809 0.0689697266 0.991210938
vn -0.0740966797 -0.0210876465 0.997070312
vn -0.0415344238 0.0367736816 0.998535156
vn -0.0513916016 -0.0728149414 0.99609375
vn -0.0358886719 -0.0889892578 0.995605469
vn 0.0332336426 0.0222625732 0.999023438
vn -0.0237121582 -0.0393676758 0.999023438
vn 0.0339355469 -0.0421447754 0.998535156
vn -0.0154266357 -0.0835571289 0.996582031
vn 0.0289916992 -0.0842285156 0.99609375
vn -0.0229187012 -0.0907592773 0.995605469
vn -0.00941467285 -0.0994262695 0.995117188
vn 0.0218505859 -0.0981445312 0.995117188
vn -0.0048789978 -0.0986938477 0.995117188
vn 0.0135116577 -0.0962524414 0.995117188
vn -0.0129013062 -0.0776367188 0.997070312
vn -0.00216674805 -0.0837402344 0.996582031
vn 0.00849151611 -0.0831298828 0.996582031
vn -0.0075302124 -0.0547485352 0.998535156
vn -0.0052986145 -0.0615539551 0.998046875
vn -0.00225639343 -0.0443725586 0.999023438
vn 0.00727844238 -0.065246582 0.998046875
vn -0.000510692596 -0.065612793 0.998046875
vn 0.013999939 -0.0511169434 0.998535156
vn 0.00112724304 -0.0523071289 0.998535156
vn 0.00354003906 -0.0500183105 0.998535156
vn -0.000293731689 -0.055847168 0.998535156
vn 0.0483093262 -0.0405273438 0.998046875
vn 0.00901794434 -0.0762329102 0.997070312
vn -0.0119400024 -0.0661010742 0.997558594
vn -0.00414657593 -0.081237793 0.996582031
vn 0.0831298828 0.00275039673 0.996582031
vn 0.0218048096 -0.0767822266 0.996582031
vn 0.0369567871 -0.0220336914 0.999023438
vn -0.00665664673 -0.0846557617 0.996582031
vn -0.0301208496 -0.0733642578 0.997070312
vn -0.00211906433 -0.0301361084 0.999511719
vn -0.0332641602 -0.0309448242 0.999023438
vn 0.00337219238 0.0256347656 0.999511719
vn -0.0265960693 0.0262451172 0.999511719
vn 0.00412368774 0.0697021484 0.997558594
vn 0.726074219 0.00857543945 0.6875
vn 0.541503906 0.65234375 0.529785156
vn 0.69921875 0.681152344 0.216918945
vn 0.956054688 0.0124282837 0.293212891
vn 0.734375 0.00468063354 0.678710938
vn 0.690917969 0.723144531 0.00778198242
vn 0.947265625 -0.00389671326 0.319824219
vn 0.74609375 -0.00157833099 0.665527344
vn 0.998535156 0.0473632812 0.0321350098
vn 0.641601562 0.763183594 -0.0784912109
vn 0.940917969 -0.0157318115 0.338134766
vn 0.7578125 -0.00804138184 0.65234375
vn 0.9921875 0.0996704102 -0.0758666992
vn 0.596679688 0.797851562 -0.0879516602
vn 0.993652344 0.0318908691 0.10949707
vn 0.937011719 -0.0228424072 0.348388672
vn 0.767578125 -0.012840271 0.640625
vn 0.984375 0.156738281 -0.0772705078
vn 0.406494141 0.659667969 -0.631835938
vn 0.65234375 0.122619629 -0.747558594
vn 0.982910156 0.00827789307 0.183105469
vn 0.995117188 0.0997924805 0.0159454346
vn 0.986328125 0.164672852 0.00109195709
vn 0.699707031 0.12298584 -0.703613281
vn 0.936523438 -0.0288085938 0.349853516
vn 0.7734375 -0.0249938965 0.633300781
vn 0.991699219 0.0612792969 0.112792969
vn 0.989257812 0.121948242 0.0822143555
vn 0.758300781 0.0936889648 -0.645507812
vn 0.973144531 -0.0114364624 0.230224609
vn 0.936523438 -0.0322265625 0.349609375
vn 0.772949219 -0.0163421631 0.634277344
vn 0.983398438 0.0176696777 0.181640625
vn 0.986328125 0.056427002 0.154418945
vn 0.806640625 0.0411376953 -0.589355469
vn 0.967773438 -0.0292510986 0.250976562
vn 0.938476562 -0.0216522217 0.345214844
vn 0.767089844 -0.00294113159 0.641113281
vn 0.980957031 -0.00745773315 0.194702148
vn 0.83203125 -0.0150756836 -0.554199219
vn 0.9765625 -0.0207214355 0.214477539
vn 0.967285156 -0.0368347168 0.250244141
vn 0.943359375 -0.00561141968 0.331787109
vn 0.753417969 -0.0149383545 0.657714844
vn 0.978515625 -0.0547790527 0.199462891
vn 0.831542969 -0.0570983887 -0.552734375
vn 0.975097656 -0.0459594727 0.216186523
vn 0.971679688 -0.035736084 0.233032227
vn 0.944335938 0.00494003296 0.328857422
vn 0.728027344 -0.0133972168 0.685546875
vn 0.980957031 -0.0765991211 0.179077148
vn 0.81640625 -0.0749511719 -0.572265625
vn 0.979003906 -0.0554199219 0.19543457
vn 0.978027344 -0.0246429443 0.206176758
vn 0.939941406 0.0177001953 0.341308594
vn 0.701660156 0.000414848328 0.712402344
vn 0.986328125 -0.0794677734 0.144165039
vn 0.794921875 -0.0764160156 -0.602050781
vn 0.985351562 -0.0505065918 0.161499023
vn 0.984863281 -0.00193595886 0.173828125
vn 0.9375 0.0216217041 0.347412109
vn 0.688964844 0.00674057007 0.724609375
vn 0.992675781 -0.0701293945 0.0989990234
vn 0.767089844 -0.0684814453 -0.637695312
vn 0.992675781 -0.0333862305 0.117004395
vn 0.989746094 0.0129547119 0.141601562
vn 0.9375 0.00914764404 0.34765625
vn 0.678222656 -0.00664138794 0.734863281
vn 0.935058594 0.00778198242 0.354248047
vn 0.997070312 -0.0566711426 0.0489196777
vn 0.735839844 -0.0577087402 -0.674804688
vn 0.997558594 -0.0183563232 0.0678100586
vn 0.993164062 0.0124664307 0.116210938
vn 0.994628906 0.00510406494 0.102294922
vn 0.999511719 -0.0120697021 0.0253143311
vn 0.999023438 -0.0444030762 0.00360107422
vn 0.706054688 -0.0472717285 -0.70703125
vn 0.995117188 0.0133590698 0.0975952148
vn 0.926269531 -0.0425720215 0.374511719
vn 1 -0.00887298584 -0.00398635864
vn 0.999023438 -0.0319824219 -0.0308532715
vn 0.681640625 -0.0360412598 -0.730957031
vn 0.987792969 0.023223877 0.154663086
vn 0.8984375 -0.0708618164 0.433837891
vn 1 0.0122070312 -0.0170135498
vn 0.998535156 0.00714111328 -0.0491943359
vn 0.664550781 -0.00130176544 -0.747558594
vn 0.98828125 0.146850586 0.0436706543
vn 0.965332031 0.261474609 0.00389099121
vn 0.597167969 0.195922852 -0.777832031
vn 0.937011719 0.120239258 0.327148438
vn 0.899902344 0.37890625 0.215332031
vn 0.791992188 0.58984375 0.157714844
vn 0.622070312 0.422851562 -0.659179688
vn 0.926757812 0.0569458008 0.371826172
vn 0.927246094 0.118652344 0.355224609
vn 0.884277344 -0.0130157471 0.467041016
vn 0.716796875 0.00490570068 0.697265625
vn 0.895507812 0.000590801239 0.445068359
vn 0.907714844 0.054901123 0.415771484
vn 0.91796875 -0.298095703 0.262451172
vn 0.936523438 -0.104736328 0.335205078
vn 0.860839844 -0.447753906 0.241943359
vn 0.959960938 0.113647461 -0.256347656
vn 0.745605469 -0.378662109 -0.548339844
vn 0.983398438 -0.0143203735 0.180419922
vn 0.930664062 0.0448303223 0.36328125
vn 0.932617188 -0.0127716064 0.360351562
vn 0.986328125 -0.110900879 0.121154785
vn 0.974121094 -0.192260742 0.119689941
vn 0.70703125 -0.190551758 -0.681152344
vn 0.989746094 -0.00706100464 0.143798828
vn 0.9296875 -0.010017395 0.368164062
vn 0.99609375 0.016998291 0.0869140625
vn 0.984375 0.00471878052 0.177368164
vn 0.994628906 0.0471191406 0.0905151367
vn 0.770019531 0.0258789062 -0.637695312
vn 0.991210938 0.0399169922 0.127929688
vn 0.9765625 0.00325965881 0.215332031
vn 0.988769531 0.0764160156 0.128173828
vn 0.793457031 0.0504455566 -0.606445312
vn 0.984863281 0.0293579102 0.171264648
vn 0.971191406 -0.0275421143 0.235839844
vn 0.984375 0.0568237305 0.167236328
vn 0.819335938 0.033203125 -0.572753906
vn 0.979492188 -0.0203552246 0.199584961
vn 0.972167969 -0.0562438965 0.228393555
vn 0.98046875 -0.00656890869 0.197021484
vn 0.841308594 -0.0195922852 -0.540039062
vn 0.976074219 -0.0667724609 0.206420898
vn 0.975585938 -0.0684204102 0.208251953
vn 0.841796875 -0.073059082 -0.53515625
vn 0.976074219 0.00537490845 0.216796875
vn 0.953613281 0.0103225708 0.30078125
vn 0.935546875 0.077331543 0.344482422
vn 0.978027344 0.00846862793 0.207275391
vn 0.956054688 0.146728516 0.252929688
vn 0.977539062 0.0147476196 0.210205078
vn 0.823242188 -0.00308799744 -0.567871094
vn 0.951660156 0.200195312 0.233764648
vn 0.918945312 0.178100586 0.351806641
vn 0.942382812 0.243408203 0.229492188
vn 0.913574219 0.262695312 0.309814453
vn 0.805175781 0.189941406 -0.562011719
vn 0.896484375 0.33203125 0.293457031
vn 0.930175781 -0.2265625 0.289306641
vn 0.884765625 -0.235351562 0.402832031
vn 0.887695312 -0.325927734 0.325195312
vn 0.981445312 -0.0793457031 0.175048828
vn 0.946777344 -0.0368347168 0.319335938
vn 0.947265625 0.00875854492 0.319580078
vn 0.961914062 -0.190673828 0.1953125
vn 0.993652344 0.0172119141 0.110961914
vn 0.703613281 -0.682617188 0.197753906
vn 0.7421875 -0.669921875 0.0087890625
vn 0.998046875 -0.046875 0.0413513184
vn 0.695800781 -0.711425781 -0.0985717773
vn 0.905761719 -0.324951172 0.271240234
vn 0.84765625 -0.384521484 0.365478516
vn 0.978027344 -0.1796875 0.103515625
vn 0.624023438 -0.77734375 -0.0763549805
vn 0.773925781 -0.164550781 -0.611816406
vn 0.521972656 -0.623046875 -0.583007812
vn 0.827636719 -0.284912109 -0.483886719
vn 0.978027344 -0.1796875 0.103515625
vn 0.905761719 -0.324951172 0.271240234
vn 0.827636719 -0.284912109 -0.483886719
vn 0.864746094 -0.301513672 -0.401611328
vn 0.84765625 -0.384521484 0.365478516
vn 0.926757812 -0.166503906 -0.337402344
vn 0.884277344 -0.236328125 0.402832031
vn 0.931152344 0.122375488 -0.342773438
vn 0.887695312 -0.325927734 0.325195312
vn 0.961914062 -0.190673828 0.1953125
vn 0.884765625 -0.235351562 0.402832031
vn 0.918457031 0.103759766 0.382080078
vn 0.837402344 0.293701172 -0.460693359
vn 0.896484375 0.33203125 0.293457031
vn 0.805175781 0.189941406 -0.562011719
vn 0.915527344 0.0548706055 0.398193359
vn 0.892089844 -0.194824219 0.407958984
vn 0.930175781 -0.2265625 0.289306641
vn 0.913574219 0.262695312 0.309814453
vn 0.942382812 0.243408203 0.229492188
vn 0.899414062 0.0104751587 0.436767578
vn 0.913574219 -0.124023438 0.386962891
vn 0.946777344 -0.0368347168 0.319335938
vn 0.918945312 0.178100586 0.351806641
vn 0.951660156 0.200195312 0.233764648
vn 0.863769531 -0.125244141 0.487792969
vn 0.853027344 -0.0226593018 0.520996094
vn 0.888671875 0.0795898438 0.451171875
vn 0.956054688 0.146728516 0.252929688
vn 0.935546875 0.077331543 0.344482422
vn 0.976074219 0.00537490845 0.216796875
vn 0.78515625 -0.0404052734 0.618164062
vn 0.778320312 -0.030960083 0.627441406
vn 0.762207031 -0.0596008301 0.64453125
vn 0.947265625 0.00875854492 0.319580078
vn 0.579589844 -0.685546875 0.440673828
vn 0.703613281 -0.682617188 0.197753906
vn 0.721191406 -0.0693359375 0.689453125
vn 0.701171875 -0.0352172852 0.712402344
vn 0.71875 0.00258827209 0.694824219
vn 0.760253906 0.0134277344 0.649414062
vn 0.953613281 0.0103225708 0.30078125
vn 0.780273438 0.0222167969 0.625
vn 0.943847656 -0.0244445801 0.329345703
vn 0.972167969 -0.0562438965 0.228393555
vn 0.769042969 0.022064209 0.638671875
vn 0.971191406 -0.0275421143 0.235839844
vn 0.930664062 -0.0146026611 0.365478516
vn 0.747070312 0.0225067139 0.664550781
vn 0.9765625 0.00325965881 0.215332031
vn 0.926757812 -0.00575637817 0.375488281
vn 0.727050781 0.0160675049 0.686523438
vn 0.984375 0.00471878052 0.177368164
vn 0.9296875 -0.010017395 0.368164062
vn 0.989746094 -0.00706100464 0.143798828
vn 0.7109375 0.0110397339 0.703125
vn 0.932617188 -0.0127716064 0.360351562
vn 0.6953125 0.01197052 0.718261719
vn 0.930664062 0.0448303223 0.36328125
vn 0.700195312 0.0488586426 0.712402344
vn 0.907714844 0.054901123 0.415771484
vn 0.720214844 0.0803833008 0.688964844
vn 0.936523438 -0.104736328 0.335205078
vn 0.884277344 -0.0130157471 0.467041016
vn 0.716796875 0.00490570068 0.697265625
vn 0.895507812 0.000590801239 0.445068359
vn 0.926757812 0.0569458008 0.371826172
vn 0.899902344 0.37890625 0.215332031
vn 0.937011719 0.120239258 0.327148438
vn 0.98828125 0.146850586 0.0436706543
vn 0.69140625 -0.0740966797 0.718261719
vn 0.8984375 -0.0708618164 0.433837891
vn 0.926269531 -0.0425720215 0.374511719
vn 0.67578125 -0.0473937988 0.735351562
vn 0.935058594 0.00778198242 0.354248047
vn 0.678222656 -0.00664138794 0.734863281
vn -0.541992188 -0.00457763672 0.840332031
vn -0.538574219 -0.0031452179 0.842773438
vn -0.10736084 -0.0030670166 0.994140625
vn -0.10369873 0.0013885498 0.994628906
vn -0.5546875 -0.00381851196 0.83203125
vn -0.994628906 -0.00852966309 -0.100830078
vn -0.750976562 0.655761719 -0.0767211914
vn -0.705078125 0.638671875 0.307128906
vn -0.91796875 -0.00804138184 0.396728516
vn -0.412597656 0.652832031 0.635253906
vn -0.549804688 0.0041847229 0.835449219
vn -0.918945312 -0.00654602051 0.394287109
vn -0.563476562 0.00241279602 0.826171875
vn -0.917480469 -0.00742721558 0.397705078
vn -0.577148438 -0.00067281723 0.816894531
vn -0.999023438 0.020904541 -0.0336303711
vn -0.996582031 0.00348854065 -0.0832519531
vn -0.999511719 0.0100021362 0.0323791504
vn -0.916015625 -0.0123672485 0.401123047
vn -0.590820312 -0.0033416748 0.806640625
vn -0.997070312 -0.0142211914 0.0755004883
vn -0.918457031 -0.0191955566 0.395019531
vn -0.60546875 -0.00410079956 0.795898438
vn -0.995117188 -0.0191192627 0.0956420898
vn -0.924316406 -0.0178833008 0.381591797
vn -0.619140625 -0.00373649597 0.78515625
vn -0.994140625 -0.0076713562 0.105895996
vn -0.929199219 -0.00727844238 0.368896484
vn -0.628417969 -0.00247383118 0.777832031
vn -0.994140625 0.00106525421 0.106445312
vn -0.931640625 0.0027961731 0.363525391
vn -0.629882812 -0.00115776062 0.776367188
vn -0.995117188 0.0219573975 0.0983886719
vn -0.930175781 0.018951416 0.366943359
vn -0.624023438 -0.0010766983 0.78125
vn -0.995117188 0.051574707 0.084777832
vn -0.921875 0.0401000977 0.385009766
vn -0.609863281 0.0028553009 0.792480469
vn -0.999023438 0.017074585 0.0433959961
vn -0.912109375 0.0406494141 0.407714844
vn -0.590332031 0.00671005249 0.807128906
vn -0.999023438 -0.0272521973 -0.033203125
vn -0.909179688 0.0180511475 0.416503906
vn -0.572753906 0.00299835205 0.819824219
vn -0.995605469 -0.0241088867 -0.0930175781
vn -0.912109375 -0.00241279602 0.410400391
vn -0.916503906 -0.00713348389 0.400390625
vn -0.561523438 -0.00362205505 0.827148438
vn -0.557128906 -0.00775146484 0.830566406
vn -0.919433594 -0.00463485718 0.393066406
vn -0.552246094 -0.00856018066 0.833496094
vn -0.460205078 -0.000644683838 -0.887695312
vn -0.374267578 0.575683594 -0.727050781
vn -0.750976562 0.655761719 -0.0767211914
vn -0.994628906 -0.00852966309 -0.100830078
vn -0.478271484 0.0119171143 -0.878417969
vn -0.996582031 0.00348854065 -0.0832519531
vn -0.91796875 -0.00804138184 0.396728516
vn -0.918945312 -0.00654602051 0.394287109
vn -0.537597656 0.0342712402 -0.842285156
vn -0.999023438 0.020904541 -0.0336303711
vn -0.636230469 0.0289001465 -0.770996094
vn -0.999511719 0.0100021362 0.0323791504
vn -0.684082031 0.00498199463 -0.729492188
vn -0.997070312 -0.0142211914 0.0755004883
vn -0.712402344 -0.00260353088 -0.701660156
vn -0.995117188 -0.0191192627 0.0956420898
vn -0.727050781 0.00128746033 -0.686523438
vn -0.994140625 -0.0076713562 0.105895996
vn -0.735351562 0.00200843811 -0.677734375
vn -0.994140625 0.00106525421 0.106445312
vn -0.725097656 0.0120315552 -0.688476562
vn -0.995117188 0.0219573975 0.0983886719
vn -0.705078125 0.0240783691 -0.708496094
vn -0.995117188 0.051574707 0.084777832
vn -0.666992188 -0.0244903564 -0.744628906
vn -0.999023438 0.017074585 0.0433959961
vn -0.522949219 -0.0541687012 -0.850585938
vn -0.999023438 -0.0272521973 -0.033203125
vn -0.448486328 -0.0230560303 -0.893554688
vn -0.995605469 -0.0241088867 -0.0930175781
vn -0.425537109 -0.000674724579 -0.904785156
vn -0.993652344 -0.0114898682 -0.113464355
vn -0.912109375 -0.00241279602 0.410400391
vn -0.430175781 0.00391387939 -0.902832031
vn -0.916503906 -0.00713348389 0.400390625
vn -0.993164062 -0.00376701355 -0.11541748
vn -0.433837891 0.00262832642 -0.900878906
vn -0.919433594 -0.00463485718 0.393066406
vn -0.993164062 -0.00192165375 -0.114807129
vn -0.441162109 0.00107955933 -0.897460938
vn -0.920898438 -0.00281906128 0.389404297
vn -0.552246094 -0.00856018066 0.833496094
vn -0.545898438 -0.00714111328 0.837890625
vn -0.993652344 -0.00155353546 -0.113647461
vn -0.447021484 -0.00201416016 -0.89453125
vn -0.921386719 -0.00325584412 0.388671875
vn -0.540527344 -0.00539398193 0.841308594
vn -0.993652344 -0.00534439087 -0.110900879
vn -0.466308594 0.00649261475 -0.884765625
vn -0.921386719 -0.00615692139 0.389160156
vn -0.538574219 -0.0031452179 0.842773438
vn -0.995117188 -0.0041885376 -0.0975341797
vn -0.523925781 0.0355834961 -0.851074219
vn -0.920898438 -0.011390686 0.389892578
vn -0.541992188 -0.00457763672 0.840332031
vn -0.999023438 0.0127258301 -0.0446472168
vn -0.677246094 0.0254058838 -0.735351562
vn -0.921386719 -0.0185089111 0.388183594
vn -0.5546875 -0.00381851196 0.83203125
vn -0.999023438 0.00253868103 0.0414428711
vn -0.729980469 0.00645828247 -0.68359375
vn -0.922851562 -0.0203857422 0.384521484
vn -0.573730469 0.00221824646 0.819335938
vn -0.995117188 -0.00814056396 0.100280762
vn -0.7734375 -0.00309944153 -0.634277344
vn -0.926269531 -0.0147018433 0.376464844
vn -0.592773438 0.00534057617 0.805664062
vn -0.929199219 -0.00444412231 0.369873047
vn -0.9921875 -0.00449752808 0.123840332
vn -0.759765625 -0.0270996094 -0.649414062
vn -0.993164062 -0.0166473389 0.115234375
vn -0.931640625 0.000100374222 0.363525391
vn -0.7421875 -0.00833129883 -0.670410156
vn -0.994628906 -0.00534820557 0.101501465
vn -0.935058594 -0.000180721283 0.354980469
vn -0.759277344 0.014251709 -0.650878906
vn -0.992675781 0.0104904175 0.121643066
vn -0.787109375 -0.012878418 -0.616699219
vn -0.937011719 0.000594139099 0.348632812
vn -0.989257812 -0.0139541626 0.14440918
vn -0.76171875 -0.020980835 -0.647949219
vn -0.991699219 -0.0114135742 0.129760742
vn -0.737304688 0.0284729004 -0.674804688
vn -0.941894531 -0.00487136841 0.3359375
vn -0.992675781 0.0445556641 0.110168457
vn -0.741699219 0.061340332 -0.667480469
vn -0.634277344 0.014465332 0.772949219
vn -0.622070312 0.0108032227 0.783203125
vn -0.646484375 0.0121459961 0.762695312
vn -0.946777344 0.00360298157 0.322265625
vn -0.647460938 0.000769138336 0.762207031
vn -0.94140625 0.0294036865 0.336425781
vn -0.630859375 -0.00312232971 0.775878906
vn -0.989257812 0.0771484375 0.12322998
vn -0.757324219 0.0567932129 -0.650878906
vn -0.923339844 0.0411376953 0.381591797
vn -0.600097656 -0.00868988037 0.799804688
vn -0.985839844 0.0699462891 0.152709961
vn -0.66015625 -0.540527344 -0.521972656
vn -0.750976562 -0.646972656 0.131713867
vn -0.900878906 0.0354614258 0.432617188
vn -0.560546875 -0.0132446289 0.828125
vn -0.685546875 -0.638671875 0.349609375
vn -0.929199219 -0.00444412231 0.369873047
vn -0.592773438 0.00534057617 0.805664062
vn -0.606933594 0.00859069824 0.794921875
vn -0.931640625 0.000100374222 0.363525391
vn -0.614746094 0.0114898682 0.788574219
vn -0.935058594 -0.000180721283 0.354980469
vn -0.622070312 0.0108032227 0.783203125
vn -0.937011719 0.000594139099 0.348632812
vn 0.559082031 0.00339889526 -0.829101562
vn 0.190185547 0.0176086426 -0.981445312
vn 0.197875977 0.0127258301 -0.979980469
vn 0.554199219 0.00748443604 -0.83203125
vn 0.916992188 0.00691604614 -0.398925781
vn 0.912597656 0.0018529892 -0.409179688
vn 0.5703125 -0.00301551819 -0.821289062
vn 0.909667969 -0.0189666748 -0.415039062
vn 0.559082031 0.00339889526 -0.829101562
vn 0.197875977 0.0127258301 -0.979980469
vn 0.5703125 -0.00301551819 -0.821289062
vn 0.197875977 0.0118484497 -0.979980469
vn 0.588867188 -0.00644302368 -0.808105469
vn 0.193969727 0.0121917725 -0.980957031
vn 0.609375 -0.00254249573 -0.79296875
vn 0.191650391 0.0138549805 -0.981445312
vn 0.624023438 0.00119113922 -0.78125
vn 0.194458008 0.00925445557 -0.980957031
vn 0.629882812 0.00111579895 -0.776367188
vn 0.200073242 0.00505447388 -0.979980469
vn 0.628417969 0.0023651123 -0.777832031
vn 0.204345703 -0.00153541565 -0.979003906
vn 0.618652344 0.00362205505 -0.785644531
vn 0.200317383 -0.010383606 -0.979492188
vn 0.604492188 0.00407409668 -0.796386719
vn 0.187133789 -0.0129776001 -0.982421875
vn 0.58984375 0.0034236908 -0.807617188
vn 0.169555664 -0.0163726807 -0.985351562
vn 0.575195312 0.000823974609 -0.817871094
vn 0.150512695 -0.0190734863 -0.98828125
vn 0.561523438 -0.00228881836 -0.827636719
vn 0.130004883 -0.0214385986 -0.991210938
vn 0.547363281 -0.00412368774 -0.836914062
vn 0.0147399902 0.0183258057 -0.999511719
vn 0.0238342285 0.00134181976 -0.999511719
vn 0.0185241699 -0.0206756592 -0.999511719
vn -0.00076007843 -0.0323486328 -0.999511719
vn -0.0278015137 -0.0375061035 -0.999023438
vn -0.0542297363 -0.0384216309 -0.997558594
vn -0.0776367188 -0.0400085449 -0.99609375
vn -0.00314331055 0.0255889893 -0.999511719
vn -0.0184631348 0.0216827393 -0.999511719
vn -0.0214538574 0.00707626343 -0.999511719
vn -0.0105209351 -0.000757694244 -1
vn 0.00728988647 0.00227165222 -1
vn 0.190185547 0.0176086426 -0.981445312
vn -0.0556335449 0.686523438 -0.725097656
vn 0.0845336914 0.731445312 -0.676269531
vn 0.342041016 0.772949219 -0.534667969
vn 0.918945312 0.00825500488 -0.394775391
vn 0.565429688 0.787597656 -0.244628906
vn -0.0651245117 0.658691406 -0.749511719
vn -0.0922241211 -0.0551757812 -0.994140625
vn -0.0174560547 0.655273438 -0.754882812
vn -0.0764160156 -0.0586853027 -0.995117188
vn -0.0308074951 -0.0586242676 -0.998046875
vn -0.00721740723 0.671386719 -0.740722656
vn -0.0513916016 -0.0639648438 -0.996582031
vn -0.00757980347 -0.0624694824 -0.998046875
vn -0.00732803345 0.642089844 -0.766601562
vn -0.0288848877 -0.0720214844 -0.997070312
vn -0.0218048096 -0.057434082 -0.998046875
vn -0.00276565552 -0.0765380859 -0.997070312
vn 0.0105819702 0.641601562 -0.767089844
vn -0.0132293701 -0.0882568359 -0.99609375
vn 0.00352668762 -0.0803222656 -0.996582031
vn 0.00120544434 -0.0341796875 -0.999511719
vn 0.00914001465 -0.0769042969 -0.997070312
vn 0.00561904907 0.665039062 -0.746582031
vn 0.0107040405 -0.0822143555 -0.996582031
vn 0.0122528076 -0.102416992 -0.994628906
vn 0.00486373901 -0.0834960938 -0.996582031
vn 0.00871276855 0.00395965576 -1
vn -0.000627040863 -0.0569763184 -0.998535156
vn -0.00122451782 0.681152344 -0.731933594
vn 0.0295410156 -0.047668457 -0.998535156
vn 0.0216674805 -0.0985107422 -0.995117188
vn -0.00312042236 -0.0999755859 -0.995117188
vn -0.00953674316 -0.0729980469 -0.997070312
vn -0.00188827515 0.0383605957 -0.999023438
vn -0.00501251221 -0.039855957 -0.999023438
vn -0.00310516357 0.684082031 -0.729492188
vn 0.034362793 0.00719070435 -0.999511719
vn 0.0289916992 -0.0551147461 -0.998046875
vn -0.0138931274 -0.0997314453 -0.995117188
vn -0.0307922363 -0.0835571289 -0.99609375
vn -0.0220794678 -0.0560913086 -0.998046875
vn -0.00590133667 -0.0337524414 -0.999511719
vn 5.06043434E-05 0.680664062 -0.732421875
vn -0.0166931152 -0.0427246094 -0.999023438
vn -0.0392150879 -0.0651855469 -0.997070312
vn -0.0530090332 -0.0858154297 -0.995117188
vn -0.0196533203 -0.0550537109 -0.998046875
vn -0.0122375488 -0.0218048096 -0.999511719
vn 0.00117874146 0.692871094 -0.720703125
vn -0.0148620605 -0.0298919678 -0.999511719
vn -0.0317687988 -0.0489501953 -0.998535156
vn -0.0595092773 -0.0650634766 -0.99609375
vn -0.0200042725 0.00925445557 -1
vn 0.00251197815 0.709472656 -0.704589844
vn -0.0407409668 -0.00723266602 -0.999023438
vn -0.0293579102 -0.0346069336 -0.999023438
vn -0.00427246094 0.036315918 -0.999511719
vn 0.0138549805 0.708984375 -0.705078125
vn -0.0502624512 0.0160369873 -0.998535156
vn 0.0270996094 0.0342407227 -0.999023438
vn 0.0236663818 0.690429688 -0.723144531
vn -0.0685424805 -0.0491943359 -0.996582031
vn -0.048034668 -0.0477294922 -0.997558594
vn -0.0506591797 -0.0347290039 -0.998046875
vn 0.0423583984 -0.0244293213 -0.999023438
vn 0.0523681641 0.0062713623 -0.998535156
vn 0.0125045776 0.671875 -0.740722656
vn -0.078125 -0.0385437012 -0.99609375
vn -0.0284576416 -0.048034668 -0.998535156
vn -0.00913238525 -0.0867919922 -0.99609375
vn 0.048828125 -0.0803222656 -0.995605469
vn 0.0447692871 -0.0357666016 -0.998535156
vn -0.00680160522 0.658691406 -0.752441406
vn -0.0560913086 -0.0315856934 -0.998046875
vn 0.00598907471 -0.101257324 -0.994628906
vn 0.178222656 -0.212158203 -0.9609375
vn 0.0422363281 -0.0560302734 -0.997558594
vn 0.00992584229 -0.0698852539 -0.997558594
vn -0.020980835 0.65625 -0.75390625
vn 0.00413131714 -0.0545043945 -0.998535156
vn 0.116516113 -0.214599609 -0.969726562
vn 0.0305023193 -0.0908203125 -0.995605469
vn 0.086730957 -0.0457763672 -0.995117188
vn -0.0171661377 -0.0794067383 -0.996582031
vn -0.0323181152 0.659667969 -0.750976562
vn 0.113769531 -0.127807617 -0.985351562
vn 0.00929260254 -0.0881347656 -0.99609375
vn 0.00523757935 -0.0604858398 -0.998046875
vn 0.0400695801 -0.0788574219 -0.99609375
vn -0.0305786133 -0.0745849609 -0.996582031
vn -0.0225830078 0.65625 -0.754394531
vn 0.0138244629 -0.032623291 -0.999511719
vn -0.12322998 0.0794067383 -0.989257812
vn 0.116271973 -0.0762939453 -0.990234375
vn -0.0183563232 -0.095703125 -0.995117188
vn -0.0113143921 -0.0702514648 -0.997558594
vn 0.0121002197 0.653808594 -0.756347656
vn -0.131713867 0.05859375 -0.989746094
vn 0.0624694824 -0.0446777344 -0.997070312
vn 0.0658569336 -0.095703125 -0.993164062
vn -0.038482666 -0.0913696289 -0.995117188
vn 0.0316162109 -0.0620422363 -0.997558594
vn -0.016998291 0.693359375 -0.720214844
vn 0.00842285156 -0.057434082 -0.998535156
vn 0.130981445 -0.0994262695 -0.986328125
vn -0.0185394287 -0.102294922 -0.994628906
vn -0.0189056396 -0.0809326172 -0.996582031
vn -0.0128555298 -0.043762207 -0.999023438
vn -0.202880859 0.744628906 -0.635742188
vn 0.111694336 -0.095703125 -0.989257812
vn 0.063659668 -0.0927734375 -0.993652344
vn -0.0491027832 -0.0960083008 -0.994140625
vn 0.0118942261 -0.063659668 -0.998046875
vn -0.296875 -0.0241851807 -0.954589844
vn -0.470947266 0.771972656 -0.427246094
vn -0.7265625 -0.00829315186 -0.687011719
vn -0.0340270996 -0.0442810059 -0.998535156
vn -0.312744141 -0.0278778076 -0.94921875
vn -0.735351562 -0.00435256958 -0.677734375
vn -0.325683594 -0.0256652832 -0.9453125
vn -0.0356750488 -0.0811767578 -0.99609375
vn -0.0245361328 -0.0784301758 -0.996582031
vn -0.0498962402 -0.0419616699 -0.998046875
vn -0.0127792358 -0.0604858398 -0.998046875
vn -0.0612487793 -0.0678100586 -0.995605469
vn -0.0610656738 -0.0317993164 -0.997558594
vn -0.338378906 -0.0180053711 -0.940917969
vn -0.052520752 -0.056854248 -0.997070312
vn -0.0339355469 -0.0435180664 -0.998535156
vn -0.0643920898 -0.0162811279 -0.997558594
vn -0.347167969 -0.00888061523 -0.937988281
vn -0.0433654785 -0.0165710449 -0.999023438
vn -0.0606079102 -0.0180664062 -0.998046875
vn -0.0677490234 -0.019241333 -0.997558594
vn -0.0333251953 -0.0222473145 -0.999023438
vn -0.0579223633 0.00264549255 -0.998535156
vn -0.354248047 0.0076675415 -0.935058594
vn -0.0372314453 0.0140762329 -0.999023438
vn -0.0568237305 0.0258483887 -0.998046875
vn -0.0634765625 0.0355224609 -0.997558594
vn -0.0439453125 0.0217590332 -0.999023438
vn -0.351806641 0.0155639648 -0.936035156
vn -0.0183868408 0.039642334 -0.999023438
vn -0.0417480469 0.059967041 -0.997558594
vn -0.0257415771 0.0321960449 -0.999023438
vn -0.333496094 0.016204834 -0.942871094
vn 0.00490951538 0.0514526367 -0.998535156
vn -0.00849914551 0.0378417969 -0.999023438
vn -0.316162109 0.0308074951 -0.948242188
vn -0.0340270996 0.0422058105 -0.998535156
vn -0.0518188477 0.0756225586 -0.995605469
vn -0.0224761963 0.0713500977 -0.997070312
vn 0.0269165039 0.0546569824 -0.998046875
vn -0.0290222168 0.0842895508 -0.99609375
vn -0.0379638672 0.0871582031 -0.995605469
vn -0.00588607788 0.0728759766 -0.997558594
vn -0.0218658447 0.0982055664 -0.995117188
vn -0.0253753662 0.0863647461 -0.99609375
vn -0.0135192871 0.0962524414 -0.995117188
vn 0.0450439453 0.0524291992 -0.997558594
vn 0.00659942627 0.067565918 -0.997558594
vn -0.0167236328 0.0777587891 -0.997070312
vn -0.00849151611 0.0831298828 -0.996582031
vn 0.000758171082 0.0434265137 -0.999023438
vn 0.00941467285 0.0994262695 -0.995117188
vn 0.0048789978 0.0986938477 -0.995117188
vn 0.00216674805 0.0837402344 -0.996582031
vn 0.0154190063 0.0836181641 -0.996582031
vn 0.0236816406 0.0394592285 -0.999023438
vn 0.0415649414 -0.0368041992 -0.998535156
vn 0.110717773 -0.0688476562 -0.991699219
vn 0.0740966797 0.0211181641 -0.997070312
vn 0.051361084 0.0728759766 -0.99609375
vn 0.0358886719 0.0889892578 -0.995605469
vn 0.0229187012 0.0907592773 -0.995605469
vn 0.0885620117 -0.00829315186 -0.99609375
vn 0.0618896484 0.0566101074 -0.996582031
vn 0.0454406738 0.0743408203 -0.99609375
vn 0.0614013672 -0.0212402344 -0.998046875
vn 0.0572509766 0.0410461426 -0.997558594
vn -0.0123672485 0.0238952637 -0.999511719
vn 0.0129013062 0.0776367188 -0.997070312
vn 0.0306396484 0.0762329102 -0.996582031
vn 0.0418395996 0.0592346191 -0.997558594
vn 0.0352783203 0.0356445312 -0.998535156
vn -0.0852661133 0.117004395 -0.989257812
vn 0.0165100098 0.0649414062 -0.997558594
vn 0.0260925293 0.0593261719 -0.998046875
vn 0.0300445557 0.0438232422 -0.998535156
vn -0.0111465454 0.0578613281 -0.998046875
vn 0.0259246826 0.0377502441 -0.999023438
vn 0.0132598877 0.0514526367 -0.998535156
vn 0.0181427002 0.0460205078 -0.998535156
vn 0.0107955933 0.0363464355 -0.999511719
vn -0.0515136719 0.102844238 -0.993164062
vn 0.0529785156 -0.0414123535 -0.997558594
vn 0.0108642578 0.0427246094 -0.999023438
vn 0.00828552246 0.0381164551 -0.999023438
vn -0.017364502 0.0463256836 -0.998535156
vn 0.000188827515 0.0578308105 -0.998535156
vn -0.0471191406 -0.00972747803 -0.999023438
vn 0.00264549255 0.036529541 -0.999511719
vn -0.00666809082 0.0366210938 -0.999511719
vn -0.0195770264 0.0602416992 -0.998046875
vn -0.0288543701 0.0387573242 -0.999023438
vn -0.081237793 0.00322341919 -0.996582031
vn -0.011177063 0.0268859863 -0.999511719
vn -0.0195617676 0.0336914062 -0.999023438
vn -0.034362793 0.0482788086 -0.998046875
vn -0.0737915039 0.0489807129 -0.99609375
vn -0.0692749023 0.0102462769 -0.997558594
vn -0.029800415 0.0137557983 -0.999511719
vn -0.0377502441 0.0249176025 -0.999023438
vn -0.0658569336 0.0543823242 -0.996582031
vn -0.0602111816 0.0559082031 -0.996582031
vn -0.0208587646 0.0135650635 -0.999511719
vn -0.0475158691 -0.000542640686 -0.999023438
vn -0.0549621582 0.0280151367 -0.998046875
vn -0.0491943359 0.068359375 -0.996582031
vn -0.0167388916 0.0634765625 -0.998046875
vn 0.0291748047 0.011390686 -0.999511719
vn 0.0264892578 0.0648193359 -0.997558594
vn 0.0268096924 0.0562744141 -0.998046875
vn -0.00823974609 0.0806274414 -0.996582031
vn -0.039276123 0.0421142578 -0.998535156
vn 0.025680542 0.0859375 -0.99609375
vn -0.0245056152 0.0527038574 -0.998535156
vn 0.0129165649 0.0768432617 -0.997070312
vn -0.0460205078 0.0386047363 -0.998046875
vn -0.000578403473 0.0540771484 -0.998535156
vn -0.00131607056 0.0551147461 -0.998535156
vn -0.0541992188 0.00269126892 -0.998535156
vn 0.0248413086 0.0604858398 -0.998046875
vn -0.0428161621 -0.0270996094 -0.998535156
vn -0.00749969482 -0.00179195404 -1
vn 0.0233917236 -0.00811767578 -0.999511719
vn 0.000738620758 -0.0151138306 -1
vn 0.0018157959 -0.0558776855 -0.998535156
vn -0.0163726807 -0.0299072266 -0.999511719
vn 0.0283203125 -0.0808105469 -0.99609375
vn -0.0377502441 -0.0202636719 -0.999023438
vn 0.0186462402 0.0220947266 -0.999511719
vn 0.0269165039 -0.0697021484 -0.997070312
vn 0.00168991089 -0.100708008 -0.995117188
vn -0.0532226562 -0.0137023926 -0.998535156
vn -0.0407714844 -0.112304688 -0.992675781
vn 0.0480957031 -0.106872559 -0.993164062
vn 0.00852966309 0.00891876221 -1
vn -0.0642089844 -0.104736328 -0.9921875
vn 0.0198059082 -0.143310547 -0.989257812
vn 0.0557250977 -0.0114746094 -0.998535156
vn -0.0640258789 -0.0854492188 -0.994140625
vn -0.0321044922 -0.175048828 -0.983886719
vn 0.0814819336 -0.0349121094 -0.99609375
vn -0.0495605469 -0.0606079102 -0.997070312
vn -0.0737915039 -0.181884766 -0.98046875
vn 0.0601196289 -0.0679931641 -0.99609375
vn -0.0343933105 -0.0288238525 -0.999023438
vn -0.0795288086 -0.170654297 -0.981933594
vn -0.0100250244 -0.11138916 -0.993652344
vn -0.0163116455 0.00571060181 -1
vn -0.0723266602 -0.155029297 -0.985351562
vn -0.0725708008 -0.135131836 -0.98828125
vn -0.00118637085 0.0328369141 -0.999511719
vn -0.0744628906 -0.122131348 -0.989746094
vn -0.0772705078 -0.150146484 -0.985839844
vn -0.062286377 -0.0667724609 -0.995605469
vn 0.00505828857 0.0477294922 -0.999023438
vn -0.0774536133 -0.161254883 -0.983886719
vn -0.0328063965 -0.00904083252 -0.999511719
vn 0.00752258301 0.0547485352 -0.998535156
vn -0.103393555 -0.153320312 -0.982910156
vn -0.111328125 -0.120544434 -0.986328125
vn -0.0065612793 0.029510498 -0.999511719
vn 0.0053024292 0.0615539551 -0.998046875
vn -0.0816650391 -0.0625610352 -0.994628906
vn 0.00224304199 0.0443115234 -0.999023438
vn 0.000513076782 0.0656738281 -0.998046875
vn -0.037689209 0.00313568115 -0.999511719
vn -0.00111484528 0.0522766113 -0.998535156
vn -0.00727462769 0.065246582 -0.998046875
vn -0.0140762329 0.0510559082 -0.998535156
vn 0.000289201736 0.0558166504 -0.998535156
vn -0.0116119385 0.0610656738 -0.998046875
vn -0.00904083252 0.076171875 -0.997070312
vn -0.00355148315 0.049987793 -0.998535156
vn 0.01512146 0.0524902344 -0.998535156
vn 0.00414276123 0.0811767578 -0.996582031
vn -0.00567626953 0.0385131836 -0.999023438
vn 0.0548400879 0.0450134277 -0.997558594
vn 0.0119171143 0.0661010742 -0.997558594
vn 0.0203704834 0.0280456543 -0.999511719
vn 0.00994873047 0.0407409668 -0.999023438
vn -0.0218505859 0.0767211914 -0.996582031
vn 0.00665283203 0.0846557617 -0.996582031
vn 0.0301208496 0.0733642578 -0.997070312
vn -0.0483093262 0.040435791 -0.998046875
vn -0.0880737305 -0.0229644775 -0.99609375
vn -0.128173828 -0.0852661133 -0.98828125
vn -0.126831055 -0.108398438 -0.985839844
vn -0.091796875 -0.0914916992 -0.991699219
vn -0.0589599609 -0.0641479492 -0.99609375
vn -0.0573730469 -0.0405578613 -0.997558594
vn -0.049621582 -0.00623321533 -0.998535156
vn 0.0220184326 0.039642334 -0.999023438
vn 0.0939941406 0.0762939453 -0.992675781
vn 0.104736328 0.0861206055 -0.990722656
vn 0.0664672852 0.0778198242 -0.994628906
vn 0.012802124 0.0639038086 -0.998046875
vn 0.0124816895 0.0469665527 -0.999023438
vn 0.173217773 0.024810791 -0.984375
vn 0.554199219 0.00748443604 -0.83203125
vn 0.549804688 0.00834655762 -0.835449219
vn 0.150512695 0.0258789062 -0.98828125
vn 0.543457031 0.00699615479 -0.839355469
vn -0.0104217529 0.0540466309 -0.998535156
vn 0.128540039 0.021194458 -0.991699219
vn 0.538085938 0.0053062439 -0.842773438
vn -0.00638961792 0.0855712891 -0.99609375
vn 0.112487793 0.0114517212 -0.993652344
vn 0.536132812 0.00309753418 -0.844238281
vn -0.0385437012 0.044342041 -0.998046875
vn 0.0521850586 0.114379883 -0.9921875
vn 0.103210449 0.00301933289 -0.994628906
vn 0.540039062 0.00456237793 -0.841796875
vn -0.0633544922 0.0264587402 -0.997558594
vn -0.035369873 0.0725708008 -0.996582031
vn 0.100158691 0.136230469 -0.985351562
vn 0.0994873047 -0.00154685974 -0.995117188
vn 0.553222656 0.00384140015 -0.833007812
vn -0.0826416016 0.0122146606 -0.996582031
vn -0.0634765625 0.0487060547 -0.996582031
vn 0.0263977051 0.0997924805 -0.994628906
vn 0.10949707 0.139404297 -0.984375
vn 0.103637695 -0.0140304565 -0.994628906
vn 0.572753906 -0.00220870972 -0.819824219
vn -0.094909668 0.00186061859 -0.995605469
vn -0.0858154297 0.0283050537 -0.99609375
vn 0.0869750977 0.119018555 -0.989257812
vn 0.00240325928 0.0717773438 -0.997558594
vn 0.0610046387 0.109069824 -0.9921875
vn 0.114929199 -0.0245056152 -0.993164062
vn 0.592285156 -0.00532531738 -0.805664062
vn -0.101623535 -0.0166778564 -0.994628906
vn -0.100891113 0.0109481812 -0.994628906
vn -0.0180511475 0.0463256836 -0.998535156
vn 0.0762939453 0.0876464844 -0.993164062
vn 0.120117188 0.119140625 -0.985351562
vn 0.127807617 -0.0247650146 -0.991699219
vn 0.606445312 -0.00857543945 -0.794921875
vn 0.139892578 -0.0222625732 -0.989746094
vn -0.104980469 -0.0296325684 -0.994140625
vn -0.111022949 -0.0104064941 -0.993652344
vn -0.0348815918 0.0230255127 -0.999023438
vn 0.0619812012 0.0639648438 -0.99609375
vn 0.126464844 0.0916748047 -0.987792969
vn -0.104919434 -0.0312805176 -0.994140625
vn -0.119567871 -0.0248718262 -0.992675781
vn -0.0460510254 -0.00275993347 -0.999023438
vn 0.0395202637 0.041809082 -0.998535156
vn -0.100769043 -0.0293884277 -0.994628906
vn 0.149047852 -0.0191497803 -0.988769531
vn -0.126342773 -0.0297241211 -0.991699219
vn -0.0523681641 -0.0191040039 -0.998535156
vn 0.12109375 0.0779418945 -0.989746094
vn 0.0144882202 0.0117416382 -1
vn 0.1015625 0.0661621094 -0.992675781
vn -0.128662109 -0.0321350098 -0.991210938
vn -0.0583190918 -0.0243530273 -0.998046875
vn -0.00406265259 -0.0108947754 -1
vn 0.0679321289 0.0411376953 -0.997070312
vn -0.0922851562 -0.0264434814 -0.995605469
vn 0.110778809 0.0844726562 -0.990234375
vn 0.121582031 0.0793457031 -0.989257812
vn 0.125488281 0.0789794922 -0.988769531
vn 0.0930175781 0.100463867 -0.990722656
vn -0.0140228271 0.0630493164 -0.998046875
vn 0.0154647827 0.0748291016 -0.997070312
vn -0.0399475098 0.0366210938 -0.998535156
vn 0.0401306152 0.0653686523 -0.997070312
vn -0.0271148682 0.0534667969 -0.998046875
vn -0.0330200195 0.0203704834 -0.999023438
vn 0.0714111328 0.0578918457 -0.995605469
vn -0.00999450684 0.0419921875 -0.999023438
vn -0.0520019531 -0.0106964111 -0.998535156
vn -0.0180053711 0.0410766602 -0.999023438
vn -0.109741211 -0.0475769043 -0.992675781
vn -0.0222167969 0.0269622803 -0.999511719
vn -0.0111694336 0.0270996094 -0.999511719
vn 0.0172271729 0.0239105225 -0.999511719
vn 0.110290527 0.0611572266 -0.9921875
vn -0.150146484 -0.0618286133 -0.986816406
vn -0.0813598633 -9.6321106E-05 -0.996582031
vn -0.00875091553 0.0172119141 -1
vn -0.00305175781 0.00218200684 -1
vn -0.130371094 -0.0394897461 -0.990722656
vn -0.143676758 -0.0276489258 -0.989257812
vn -0.0571594238 0.000427484512 -0.998535156
vn -0.0830688477 -0.00277900696 -0.996582031
vn -0.146484375 -0.0363769531 -0.988769531
vn -0.0369567871 0.0220031738 -0.999023438
vn 0.0571289062 0.0214996338 -0.998046875
vn -0.00167179108 -0.00506591797 -1
vn -0.123535156 -0.0232696533 -0.9921875
vn -0.100646973 -0.030380249 -0.994628906
vn 0.00210571289 0.0301208496 -0.999511719
vn 0.0090713501 -0.00672912598 -1
vn -0.0405578613 -0.014175415 -0.999023438
vn -0.142578125 -0.0415649414 -0.988769531
vn -0.0452575684 -0.0255432129 -0.998535156
vn 0.0024356842 -0.01537323 -1
vn -0.104187012 -0.0292358398 -0.994140625
vn -0.101379395 -0.0507202148 -0.993652344
vn -0.0302734375 -0.0206756592 -0.999511719
vn -0.13269043 -0.0423583984 -0.990234375
vn -0.096496582 -0.0239715576 -0.995117188
vn -0.00337600708 -0.025604248 -0.999511719
vn -0.0418395996 -0.0601196289 -0.997558594
vn -0.0922241211 -0.0534362793 -0.994140625
vn -0.124267578 -0.0273590088 -0.991699219
vn 0.0332641602 0.0309143066 -0.999023438
vn 0.0290374756 0.0537414551 -0.998046875
vn 0.0251312256 0.0249176025 -0.999511719
vn 0.0549926758 0.0270385742 -0.998046875
vn 0.00242424011 0.0438232422 -0.999023438
vn -0.301757812 0.0407104492 -0.952636719
vn -0.755371094 0.0148162842 -0.655273438
vn -0.76953125 0.00274658203 -0.638671875
vn -0.729492188 0.0132598877 -0.684082031
vn -0.281005859 0.0338134766 -0.958984375
vn -0.702636719 -0.00067949295 -0.711914062
vn 0.00661849976 0.0240783691 -0.999511719
vn -0.259765625 0.00799560547 -0.965820312
vn -0.689453125 -0.0069732666 -0.724121094
vn 0.0533752441 0.0207214355 -0.998535156
vn 0.0125656128 0.018951416 -0.999511719
vn -0.248901367 0.0157012939 -0.968261719
vn -0.679199219 0.00672912598 -0.733886719
vn 0.0308532715 0.0400695801 -0.998535156
vn 0.0559082031 0.032623291 -0.998046875
vn 0.0137557983 0.0319213867 -0.999511719
vn -0.241699219 0.037109375 -0.969726562
vn -0.676757812 0.0476074219 -0.734863281
vn 0.0356140137 0.0285339355 -0.999023438
vn 0.0349731445 0.027130127 -0.999023438
vn 0.0592956543 0.0242462158 -0.998046875
vn 0.0160827637 0.0177459717 -0.999511719
vn -0.247924805 0.0197143555 -0.96875
vn -0.692871094 0.0745239258 -0.717285156
vn 0.0265960693 -0.0262298584 -0.999511719
vn 0.0308227539 -0.0218505859 -0.999511719
vn 0.0346069336 -0.0152511597 -0.999511719
vn 0.0629272461 -0.0164642334 -0.998046875
vn -0.262207031 -0.0291748047 -0.964355469
vn -0.719238281 -0.00479125977 -0.694824219
vn 0.0242614746 -0.0264434814 -0.999511719
vn -0.00413513184 -0.0696411133 -0.997558594
vn 0.0204315186 -0.0719604492 -0.997070312
vn 0.020401001 -0.0614624023 -0.998046875
vn -0.262695312 -0.0609436035 -0.962890625
vn -0.722167969 -0.0801391602 -0.687011719
vn 0.0314331055 -0.0517578125 -0.998046875
vn 0.0282897949 -0.0611877441 -0.997558594
vn 0.0702514648 -0.0552368164 -0.99609375
vn -0.265625 -0.0510559082 -0.962890625
vn -0.701171875 -0.0489807129 -0.711425781
vn 0.021774292 -0.0675048828 -0.997558594
vn 0.0775756836 -0.0711669922 -0.994628906
vn 0.0310516357 -0.0672607422 -0.997070312
vn 0.00859069824 -0.0722045898 -0.997558594
vn -0.286865234 -0.0503540039 -0.956542969
vn -0.696289062 -0.0115737915 -0.717773438
vn 0.00656890869 -0.0748901367 -0.997070312
vn 0.078918457 -0.0838012695 -0.993164062
vn 0.0349731445 -0.0827026367 -0.99609375
vn -0.31640625 -0.0505371094 -0.947265625
vn -0.711914062 -0.0106658936 -0.702148438
vn -0.344726562 -0.05078125 -0.9375
vn -0.0157470703 -0.0809326172 -0.996582031
vn 0.0689086914 -0.100646973 -0.992675781
vn -0.0470275879 -0.0815429688 -0.995605469
vn 0.00359344482 -0.0799560547 -0.996582031
vn 0.0350036621 -0.11151123 -0.993164062
vn 0.0401611328 -0.115539551 -0.992675781
vn -0.0845947266 -0.0819702148 -0.993164062
vn -0.364746094 -0.055267334 -0.9296875
vn 0.00645446777 -0.111816406 -0.993652344
vn 0.0216522217 -0.143676758 -0.989257812
vn -0.00951385498 -0.127075195 -0.991699219
vn -0.124450684 -0.0769042969 -0.989257812
vn -0.375976562 -0.0523376465 -0.925292969
vn 0.00952911377 -0.152954102 -0.98828125
vn -0.00717163086 -0.170654297 -0.985351562
vn -0.0747680664 -0.128295898 -0.988769531
vn -0.156982422 -0.0439758301 -0.986816406
vn -0.379638672 -0.0305480957 -0.924804688
vn 0.00873565674 -0.188354492 -0.981933594
vn -0.0513916016 -0.184814453 -0.981445312
vn -0.132324219 -0.0757446289 -0.98828125
vn -0.17578125 0.00485610962 -0.984375
vn -0.380126953 0.0123519897 -0.924804688
vn 0.00294113159 -0.212646484 -0.977050781
vn -0.105834961 -0.122192383 -0.986816406
vn -0.155517578 -0.0027141571 -0.987792969
vn -0.180541992 0.0185394287 -0.983398438
vn -0.380371094 0.0206756592 -0.924804688
vn -0.0154724121 -0.160888672 -0.986816406
vn -0.128540039 0.000857830048 -0.991699219
vn -0.139282227 0.0364379883 -0.989746094
vn -0.0200805664 0.0120162964 -0.999511719
vn -0.090637207 0.0822753906 -0.992675781
vn 0.00159549713 0.130737305 -0.991210938
vn 0.0793457031 -0.165893555 -0.982910156
vn 0.0885620117 0.0163269043 -0.99609375
vn 0.0866088867 0.148193359 -0.985351562
vn 0.0631713867 -0.209106445 -0.976074219
vn 0.0483703613 -0.182739258 -0.981933594
vn 0.0332336426 -0.145141602 -0.988769531
vn 0.0190887451 -0.103637695 -0.994628906
vn 0.01197052 -0.0789794922 -0.996582031
vn 0.0143127441 -0.0818481445 -0.996582031
vn 0.00251579285 -0.0804443359 -0.996582031
vn 0.0148239136 -0.0712890625 -0.997558594
vn 0.0321044922 -0.0880737305 -0.995605469
vn 0.0539550781 -0.127075195 -0.990234375
vn 0.0736694336 -0.16809082 -0.982910156
vn -0.0285644531 -0.0676879883 -0.997070312
vn -0.0112457275 -0.056427002 -0.998535156
vn -0.0764770508 -0.0397644043 -0.99609375
vn 0.0101089478 -0.0668334961 -0.997558594
vn 0.0391235352 -0.10168457 -0.994140625
vn -0.0497131348 -0.0397338867 -0.998046875
vn -0.10345459 -0.00862884521 -0.994628906
vn -0.00814056396 -0.0650024414 -0.998046875
vn 0.0654296875 -0.151367188 -0.986328125
vn -0.0908203125 0.0121231079 -0.995605469
vn -0.0564575195 -0.0154876709 -0.998046875
vn 0.0326843262 -0.127197266 -0.991210938
vn -0.0230407715 0.0205688477 -0.999511719
vn -0.0633544922 0.0318908691 -0.997558594
vn -0.00421142578 -0.0915527344 -0.995605469
vn -0.0132064819 0.0574951172 -0.998046875
vn 0.0121612549 0.0305633545 -0.999511719
vn -0.0224456787 -0.0523986816 -0.998535156
vn 0.0267486572 0.069519043 -0.997070312
vn 0.0241546631 0.0444030762 -0.998535156
vn -0.00171756744 -0.0284576416 -0.999511719
vn 0.0428161621 0.0859375 -0.995605469
vn 0.0908813477 0.0612182617 -0.994140625
vn 0.0392150879 -0.0173950195 -0.999023438
vn 0.100830078 0.0951538086 -0.990234375
vn 0.135620117 0.0758666992 -0.987792969
vn 0.0726318359 0.00588607788 -0.997558594
vn 0.126464844 0.0809936523 -0.988769531
vn 0.113525391 0.0701904297 -0.991210938
vn 0.106628418 0.0299377441 -0.993652344
vn 0.0806274414 0.048248291 -0.995605469
vn 0.0294952393 0.0119247437 -0.999511719
vn 0.101623535 0.0265808105 -0.994628906
vn 0.0467529297 0.00555801392 -0.999023438
vn -0.0125274658 -0.0195770264 -0.999511719
vn 0.00470352173 -0.0119094849 -1
vn -0.0656738281 -0.0290985107 -0.997558594
vn -0.0166015625 -0.023651123 -0.999511719
vn 0.00105857849 -0.0242614746 -0.999511719
vn 0.0413513184 -0.0335083008 -0.998535156
vn 0.102233887 -0.0504760742 -0.993652344
vn -0.123901367 -0.035369873 -0.991699219
vn -0.0705566406 -0.0388793945 -0.996582031
vn -0.0232086182 -0.0340576172 -0.999023438
vn 0.00756835938 -0.033416748 -0.999511719
vn 0.131835938 -0.0787353516 -0.98828125
vn 0.0608520508 -0.048248291 -0.997070312
vn 0.125 -0.0701904297 -0.989746094
vn 0.112854004 -0.117675781 -0.986816406
vn 0.159179688 -0.0881347656 -0.983398438
vn 0.0545959473 -0.148193359 -0.987304688
vn 0.141601562 -0.100952148 -0.984863281
vn 0.00719451904 -0.161010742 -0.986816406
vn 0.0710449219 -0.11114502 -0.991210938
vn 0.00457000732 -0.171508789 -0.985351562
vn 0.018737793 -0.122924805 -0.9921875
vn 0.0250244141 -0.185302734 -0.982421875
vn 0.0208129883 -0.137695312 -0.990234375
vn 0.0512695312 -0.193847656 -0.979492188
vn 0.0370483398 -0.149658203 -0.987792969
vn 0.0748291016 -0.1953125 -0.978027344
vn 0.0540771484 -0.154174805 -0.986328125
vn 0.0856323242 -0.198242188 -0.9765625
vn 0.0728759766 -0.152709961 -0.985351562
vn 0.0942382812 -0.154663086 -0.983398438
vn 0.0989990234 0.0152664185 -0.995117188
vn 0.073425293 0.0172424316 -0.997070312
vn 0.0570068359 0.021697998 -0.998046875
vn 0.0440673828 0.0262298584 -0.998535156
vn 0.100830078 0.149658203 -0.983398438
vn 0.0805053711 0.158447266 -0.983886719
vn 0.0619506836 0.167480469 -0.983886719
vn 0.0305328369 0.0295257568 -0.999023438
vn 0.0445251465 0.169921875 -0.984375
vn 0.0255737305 0.0299224854 -0.999023438
vn 0.0257263184 0.16418457 -0.986328125
vn 0.0648803711 0.0183105469 -0.997558594
vn 0.0160827637 0.151977539 -0.98828125
vn 0.131713867 -0.00786590576 -0.991210938
vn 0.0370788574 0.131103516 -0.990722656
vn 0.159179688 -0.0311126709 -0.986816406
vn 0.0925292969 0.0971679688 -0.990722656
vn 0.134155273 -0.0413208008 -0.990234375
vn 0.128173828 0.0562133789 -0.990234375
vn 0.0745849609 -0.0422058105 -0.99609375
vn 0.111083984 0.0166778564 -0.993652344
vn 0.0090637207 -0.0426635742 -0.999023438
vn 0.0588684082 -0.0177459717 -0.998046875
vn -0.0332946777 -0.0497131348 -0.998046875
vn -0.00665283203 -0.0455627441 -0.999023438
vn -0.0711669922 -0.0544128418 -0.99609375
vn -0.0501098633 -0.0680541992 -0.996582031
vn -0.110168457 -0.0453796387 -0.992675781
vn -0.0701293945 -0.0777587891 -0.994628906
vn -0.0775146484 -0.0288543701 -0.996582031
vn -0.0861206055 -0.0635986328 -0.994140625
vn 0.156860352 -0.0185394287 -0.987304688
vn 0.622070312 -0.0108032227 -0.783203125
vn 0.614746094 -0.0114898682 -0.788574219
vn -0.0547790527 -0.0380554199 -0.997558594
vn 0.163452148 -0.0248260498 -0.986328125
vn 0.634765625 -0.0144577026 -0.772949219
vn 0.647460938 -0.0121612549 -0.762207031
vn 0.16796875 -0.0176391602 -0.985839844
vn 0.647949219 -0.000768184662 -0.76171875
vn -0.0218658447 -0.0356750488 -0.999023438
vn 0.170532227 0.00175571442 -0.985351562
vn 0.631347656 0.00323486328 -0.775390625
vn -0.0555419922 -0.0676879883 -0.99609375
vn 0.168945312 0.0232696533 -0.985351562
vn 0.600097656 0.00885772705 -0.799804688
vn 0.00802612305 -0.0105819702 -1
vn -0.0693969727 -0.0821533203 -0.994140625
vn 0.148925781 0.046295166 -0.987792969
vn 0.560058594 0.013343811 -0.828613281
vn -0.0311126709 -0.0284576416 -0.999023438
vn 0.00807189941 0.0366210938 -0.999511719
vn -0.0715942383 -0.0729370117 -0.994628906
vn 0.109863281 0.0568237305 -0.9921875
vn 0.337890625 -0.7734375 -0.536132812
vn 0.067199707 -0.708496094 -0.702636719
vn -0.0300598145 0.0844116211 -0.99609375
vn -0.0934448242 0.107910156 -0.989746094
vn -0.0806884766 -0.632324219 -0.770507812
vn -0.0279998779 0.0511779785 -0.998535156
vn -0.0647583008 -0.0409545898 -0.997070312
vn -0.0383300781 -0.0469360352 -0.998046875
vn -0.11505127 0.167114258 -0.979003906
vn -0.0995483398 -0.572265625 -0.813964844
vn -0.0593566895 0.132568359 -0.989257812
vn -0.0831298828 -0.0443115234 -0.995605469
vn -0.0600891113 0.0561828613 -0.996582031
vn 0.0148849487 -0.00563430786 -1
vn -0.0843505859 0.200683594 -0.976074219
vn -0.0690917969 -0.546386719 -0.834960938
vn -0.0687866211 0.164306641 -0.983886719
vn -0.0836181641 0.0551757812 -0.995117188
vn -0.0669555664 -0.0337219238 -0.997070312
vn 0.0576477051 0.0491943359 -0.997070312
vn -0.057220459 0.194091797 -0.979492188
vn -0.0404663086 -0.559570312 -0.828125
vn -0.0768432617 0.16784668 -0.982910156
vn -0.0307159424 -0.00672531128 -0.999511719
vn -0.0767211914 0.053527832 -0.995605469
vn 0.0720214844 0.109863281 -0.991210938
vn -0.0385742188 0.165771484 -0.985351562
vn -0.024887085 -0.594726562 -0.803710938
vn -0.0655517578 0.154052734 -0.985839844
vn -0.052154541 0.054901123 -0.997070312
vn 0.00089931488 0.0330200195 -0.999511719
vn 0.0487670898 0.159301758 -0.985839844
vn -0.0271911621 0.138183594 -0.990234375
vn -0.0140228271 -0.625488281 -0.780273438
vn -0.0473937988 0.138671875 -0.989257812
vn 0.0136108398 0.0791015625 -0.996582031
vn -0.0303649902 0.0631713867 -0.997558594
vn 0.016418457 0.182373047 -0.982910156
vn -0.0180664062 0.117492676 -0.992675781
vn -0.00352859497 -0.646484375 -0.763183594
vn -0.0325927734 0.127563477 -0.991210938
vn -0.0220794678 0.0785522461 -0.996582031
vn 0.0156860352 0.114746094 -0.993164062
vn 0.00783538818 0.186767578 -0.982421875
vn -0.0120391846 0.100585938 -0.994628906
vn 0.00392913818 -0.658203125 -0.752929688
vn -0.0267944336 0.117797852 -0.992675781
vn 0.0128707886 0.126098633 -0.991699219
vn 0.000618457794 0.0899047852 -0.99609375
vn 0.0212249756 0.186035156 -0.982421875
vn 0.00420761108 0.0924682617 -0.995605469
vn 0.0108566284 -0.661621094 -0.75
vn 0.000979423523 0.109863281 -0.994140625
vn 0.0174255371 0.0888061523 -0.99609375
vn 0.0107650757 0.123413086 -0.9921875
vn 0.0453186035 0.18359375 -0.981933594
vn 0.0131530762 0.0972900391 -0.995117188
vn 0.0138015747 -0.657226562 -0.753417969
vn 0.0195617676 0.108215332 -0.994140625
vn 0.0241546631 0.120178223 -0.992675781
vn 0.0145721436 0.0845947266 -0.99609375
vn 0.0688476562 0.178833008 -0.981445312
vn 0.00847625732 0.106323242 -0.994140625
vn 0.0115203857 -0.650390625 -0.759765625
vn 0.0141448975 0.110473633 -0.993652344
vn 0.0250854492 0.0841674805 -0.99609375
vn 0.0469360352 0.119689941 -0.991699219
vn 0.0899658203 0.172363281 -0.980957031
vn 0.00954437256 0.116821289 -0.993164062
vn 0.0109405518 -0.638671875 -0.76953125
vn 0.0203094482 0.11505127 -0.993164062
vn 0.0686645508 0.124206543 -0.989746094
vn 0.0417175293 0.089050293 -0.995117188
vn 0.104064941 0.168579102 -0.979980469
vn 0.0129547119 0.131591797 -0.991210938
vn 0.0127105713 -0.626464844 -0.779296875
vn 0.0293426514 0.12512207 -0.991699219
vn 0.0544128418 0.102661133 -0.993164062
vn 0.0846557617 0.136352539 -0.986816406
vn 0.0845336914 0.169189453 -0.981933594
vn 0.0129394531 0.148681641 -0.988769531
vn 0.0131225586 -0.612792969 -0.790039062
vn 0.0331726074 0.141357422 -0.989257812
vn 0.0901489258 0.157958984 -0.983398438
vn 0.059967041 0.126220703 -0.990234375
vn 0.033203125 0.159790039 -0.986816406
vn 0.00973510742 0.165405273 -0.986328125
vn 0.0118789673 -0.600097656 -0.799804688
vn 0.0312194824 0.162597656 -0.986328125
vn 0.0585021973 0.15612793 -0.985839844
vn 0.0717773438 0.182250977 -0.98046875
vn -0.0237579346 0.117919922 -0.992675781
vn 0.00582504272 0.179931641 -0.983886719
vn 0.0100021362 -0.591308594 -0.806640625
vn 0.02684021 0.186767578 -0.981933594
vn 0.0520019531 0.186645508 -0.980957031
vn 0.0434570312 0.186889648 -0.981445312
vn -0.0876464844 0.0543518066 -0.994628906
vn -0.00268173218 0.19140625 -0.981445312
vn 0.00483322144 -0.586914062 -0.809570312
vn 0.0146713257 0.210327148 -0.977539062
vn 0.0538330078 0.206665039 -0.977050781
vn 0.0451660156 0.149047852 -0.987792969
vn -0.173339844 0.0166015625 -0.984863281
vn 0.0210723877 0.209106445 -0.977539062
vn 0.0141372681 -0.562988281 -0.826171875
vn 0.0413208008 0.227783203 -0.97265625
vn -0.0132675171 0.0819091797 -0.996582031
vn 0.1015625 0.191650391 -0.976074219
vn 0.146972656 0.220825195 -0.964355469
vn 0.106201172 -0.504882812 -0.856933594
vn 0.135375977 0.22277832 -0.965332031
vn 0.0702514648 0.133544922 -0.988769531
vn -0.156982422 0.0355834961 -0.986816406
vn 0.229980469 0.186889648 -0.955078125
vn 0.168701172 -0.5625 -0.809082031
vn 0.154296875 0.175537109 -0.972167969
vn 0.028427124 0.127685547 -0.991210938
vn 0.0189819336 -0.664550781 -0.747070312
vn -0.118103027 0.0692138672 -0.990722656
vn -0.0504760742 0.107971191 -0.992675781
vn -0.402587891 0.0759887695 -0.912109375
vn -0.258544922 -0.71484375 -0.649902344
vn -0.430175781 0.0614318848 -0.900878906
vn -0.437255859 0.0409240723 -0.8984375
vn -0.423095703 0.0370178223 -0.905273438
vn -0.400390625 0.0228118896 -0.916015625
vn -0.720214844 -0.00248908997 -0.693847656
vn -0.76171875 -0.0131149292 -0.647460938
vn -0.7265625 -0.00829315186 -0.687011719
vn -0.654785156 0.737304688 -0.166992188
vn -0.470947266 0.771972656 -0.427246094
vn -0.95703125 -0.0121688843 -0.289306641
vn -0.735351562 -0.00435256958 -0.677734375
vn -0.720214844 0.693359375 0.013999939
vn -0.948730469 0.0043296814 -0.31640625
vn -0.747558594 0.00184249878 -0.6640625
vn -0.998535156 -0.0473937988 -0.0303649902
vn -0.754394531 0.650878906 0.0829467773
vn -0.942382812 0.0161590576 -0.334716797
vn -0.759765625 0.00826263428 -0.650390625
vn -0.9921875 -0.0997924805 0.0764160156
vn -0.791503906 0.606445312 0.0765380859
vn -0.993652344 -0.0319824219 -0.108276367
vn -0.938476562 0.0231628418 -0.344970703
vn -0.770019531 0.0130157471 -0.638183594
vn -0.984375 -0.156860352 0.077331543
vn -0.724609375 0.453125 -0.51953125
vn -0.73046875 -0.139160156 -0.668457031
vn -0.983398438 -0.00828552246 -0.182495117
vn -0.994628906 -0.0999755859 -0.015625
vn -0.986328125 -0.164672852 -0.00107383728
vn -0.684082031 -0.147094727 -0.714355469
vn -0.9375 0.0290374756 -0.346679688
vn -0.775878906 0.0250701904 -0.630859375
vn -0.991699219 -0.0614318848 -0.112731934
vn -0.989257812 -0.122009277 -0.0822753906
vn -0.631835938 -0.120178223 -0.765625
vn -0.973144531 0.01146698 -0.229858398
vn -0.9375 0.0323181152 -0.346435547
vn -0.775390625 0.0162353516 -0.631347656
vn -0.983398438 -0.0176849365 -0.181640625
vn -0.986328125 -0.0564575195 -0.154418945
vn -0.583984375 -0.0690307617 -0.80859375
vn -0.967773438 0.0292816162 -0.250732422
vn -0.939453125 0.0216369629 -0.342285156
vn -0.76953125 0.00274658203 -0.638671875
vn -0.980957031 0.00747299194 -0.194702148
vn -0.553710938 -0.0165100098 -0.832519531
vn -0.9765625 0.0207366943 -0.214477539
vn -0.967773438 0.0368652344 -0.24987793
vn -0.944824219 0.00541687012 -0.328125
vn -0.755371094 0.0148162842 -0.655273438
vn -0.978515625 0.0548095703 -0.199462891
vn -0.552246094 0.0254211426 -0.833007812
vn -0.975097656 0.0459899902 -0.216186523
vn -0.971679688 0.0357666016 -0.232666016
vn -0.945800781 -0.00533676147 -0.325195312
vn -0.729492188 0.0132598877 -0.684082031
vn -0.980957031 0.0766601562 -0.179077148
vn -0.570800781 0.0482177734 -0.819824219
vn -0.979003906 0.0554199219 -0.1953125
vn -0.978515625 0.0246582031 -0.205566406
vn -0.940917969 -0.0182647705 -0.337890625
vn -0.702636719 -0.00067949295 -0.711914062
vn -0.986328125 0.0794677734 -0.144165039
vn -0.599609375 0.0567321777 -0.798339844
vn -0.985839844 0.0505371094 -0.161376953
vn -0.984863281 0.00187778473 -0.172973633
vn -0.938964844 -0.0220336914 -0.343994141
vn -0.689453125 -0.0069732666 -0.724121094
vn -0.992675781 0.0701293945 -0.0990600586
vn -0.635253906 0.0564575195 -0.770019531
vn -0.992675781 0.0334777832 -0.116882324
vn -0.990234375 -0.0130386353 -0.140380859
vn -0.938964844 -0.00937652588 -0.34375
vn -0.679199219 0.00672912598 -0.733886719
vn -0.997070312 0.0567016602 -0.0489196777
vn -0.672363281 0.0497741699 -0.738769531
vn -0.997558594 0.0184173584 -0.0676269531
vn -0.993164062 -0.012512207 -0.114685059
vn -0.936523438 -0.0079498291 -0.350585938
vn -0.676757812 0.0476074219 -0.734863281
vn -0.999023438 0.0444335938 -0.00358772278
vn -0.705078125 0.0398254395 -0.708007812
vn -0.999511719 0.0121307373 -0.0250244141
vn -0.995117188 -0.00514984131 -0.100646973
vn -0.927734375 0.0425720215 -0.37109375
vn -0.692871094 0.0745239258 -0.717285156
vn -0.999023438 0.0319519043 0.0308990479
vn -0.729980469 0.0275268555 -0.683105469
vn -1 0.00888824463 0.00436782837
vn -0.995117188 -0.0138473511 -0.0958862305
vn -0.900878906 0.0725097656 -0.428466797
vn -0.719238281 -0.00479125977 -0.694824219
vn -0.998535156 -0.00968170166 0.0485229492
vn -0.748046875 -0.00897979736 -0.663574219
vn -1 -0.0135269165 0.0168457031
vn -0.987792969 -0.0230255127 -0.154541016
vn -0.886230469 0.0135345459 -0.462646484
vn -0.722167969 -0.0801391602 -0.687011719
vn -0.96484375 -0.262207031 -0.00508117676
vn -0.720703125 -0.234863281 -0.65234375
vn -0.98828125 -0.147216797 -0.0446777344
vn -0.9375 -0.122070312 -0.326171875
vn -0.91015625 -0.0560302734 -0.41015625
vn -0.701171875 -0.0489807129 -0.711425781
vn -0.78125 -0.60546875 -0.151611328
vn -0.383056641 -0.498291016 -0.777832031
vn -0.896484375 -0.389160156 -0.211669922
vn -0.927246094 -0.0601196289 -0.369140625
vn -0.895996094 -0.00215530396 -0.444091797
vn -0.932128906 -0.0445251465 -0.359863281
vn -0.696289062 -0.0115737915 -0.717773438
vn -0.936035156 0.107116699 -0.335449219
vn -0.934082031 0.013092041 -0.356933594
vn -0.711914062 -0.0106658936 -0.702148438
vn -0.915039062 0.306884766 -0.262207031
vn -0.927734375 -0.122619629 -0.352539062
vn -0.983398438 0.0140609741 -0.180053711
vn -0.931152344 0.0104522705 -0.364990234
vn -0.728027344 -0.0157775879 -0.685058594
vn -0.854492188 0.460693359 -0.240234375
vn -0.0732421875 -0.0768432617 -0.994140625
vn -0.397216797 0.330566406 -0.855957031
vn -0.989746094 0.00737762451 -0.142333984
vn -0.986328125 0.110778809 -0.121704102
vn -0.974121094 0.192260742 -0.120117188
vn -0.659667969 0.138671875 -0.738769531
vn -0.927734375 0.00616455078 -0.372558594
vn -0.748046875 -0.022354126 -0.663085938
vn -0.99609375 -0.0160675049 -0.0871582031
vn -0.994628906 -0.0450439453 -0.0911254883
vn -0.637207031 -0.0608520508 -0.768554688
vn -0.984375 -0.00473403931 -0.176025391
vn -0.931640625 0.0150909424 -0.362548828
vn -0.770996094 -0.0220184326 -0.63671875
vn -0.991210938 -0.0400085449 -0.127685547
vn -0.988769531 -0.0764160156 -0.128173828
vn -0.601074219 -0.0813598633 -0.794921875
vn -0.9765625 -0.00326156616 -0.214477539
vn -0.9453125 0.0248413086 -0.325439453
vn -0.781738281 -0.0222015381 -0.623046875
vn -0.984375 -0.0569152832 -0.167236328
vn -0.568359375 -0.0658569336 -0.819824219
vn -0.984863281 -0.0294494629 -0.171264648
vn -0.971679688 0.027633667 -0.235351562
vn -0.955078125 -0.0104293823 -0.295898438
vn -0.76171875 -0.0131149292 -0.647460938
vn -0.98046875 0.00656509399 -0.197021484
vn -0.537597656 -0.0216217041 -0.843261719
vn -0.979492188 0.0203399658 -0.199462891
vn -0.972167969 0.0562438965 -0.228027344
vn -0.937011719 -0.0774536133 -0.340332031
vn -0.720214844 -0.00248908997 -0.693847656
vn -0.975585938 0.0681152344 -0.208251953
vn -0.534667969 0.0231933594 -0.844726562
vn -0.976074219 0.0665893555 -0.206420898
vn -0.976074219 -0.00564956665 -0.216552734
vn -0.890136719 -0.0803222656 -0.448730469
vn -0.701660156 0.0354614258 -0.711425781
vn -0.977539062 -0.0153503418 -0.210327148
vn -0.571777344 -0.0290222168 -0.819824219
vn -0.978027344 -0.00891113281 -0.207397461
vn -0.956542969 -0.146850586 -0.252441406
vn -0.853515625 0.0225219727 -0.520507812
vn -0.722167969 0.0693969727 -0.687988281
vn -0.942382812 -0.243164062 -0.229370117
vn -0.534667969 -0.189208984 -0.823730469
vn -0.951660156 -0.200073242 -0.233520508
vn -0.918945312 -0.178710938 -0.351318359
vn -0.864746094 0.126098633 -0.486572266
vn -0.763671875 0.0592041016 -0.643066406
vn -0.896484375 -0.332763672 -0.29296875
vn -0.409423828 -0.21887207 -0.885742188
vn -0.9140625 -0.263183594 -0.309082031
vn -0.899414062 -0.0109329224 -0.437011719
vn -0.915039062 0.123962402 -0.384033203
vn -0.786621094 0.0400390625 -0.616210938
vn -0.91796875 -0.104492188 -0.382324219
vn -0.312255859 -0.0456237793 -0.948730469
vn -0.915527344 -0.0555419922 -0.3984375
vn -0.891601562 0.195922852 -0.407958984
vn -0.947753906 0.0366516113 -0.31640625
vn -0.779785156 0.0306243896 -0.625488281
vn -0.883789062 0.237548828 -0.403076172
vn -0.293701172 0.154418945 -0.943359375
vn -0.884277344 0.236328125 -0.402832031
vn -0.930175781 0.227050781 -0.288330078
vn -0.948242188 -0.00888061523 -0.317626953
vn -0.495361328 -0.739746094 -0.455810547
vn -0.621582031 -0.734863281 -0.271484375
vn -0.84765625 0.385009766 -0.364746094
vn -0.321533203 0.262451172 -0.909667969
vn -0.887695312 0.326416016 -0.324707031
vn -0.981445312 0.0795898438 -0.174316406
vn -0.993652344 -0.0166168213 -0.110473633
vn -0.654785156 -0.745117188 -0.12890625
vn -0.961914062 0.191162109 -0.194824219
vn -0.905761719 0.325195312 -0.271240234
vn -0.410644531 0.258056641 -0.874511719
vn -0.998046875 0.0472412109 -0.0411987305
vn -0.71484375 -0.697265625 -0.0584106445
vn -0.978027344 0.179321289 -0.104248047
vn -0.579101562 0.200195312 -0.790039062
vn -0.78125 -0.618164062 -0.0864257812
vn -0.616210938 -0.427001953 -0.661621094
vn -0.927734375 -0.122619629 -0.352539062
vn -0.0732421875 -0.0768432617 -0.994140625
vn -0.383056641 -0.498291016 -0.777832031
vn -0.78125 -0.60546875 -0.151611328
vn 0.909667969 -0.0189666748 -0.415039062
vn 0.5703125 -0.00301551819 -0.821289062
vn 0.588867188 -0.00644302368 -0.808105469
vn 0.913085938 -0.041595459 -0.405273438
vn 0.609375 -0.00254249573 -0.79296875
vn 0.923828125 -0.0406494141 -0.381103516
vn 0.624023438 0.00119113922 -0.78125
vn 0.931640625 -0.0192565918 -0.362304688
vn 0.629882812 0.00111579895 -0.776367188
vn 0.93359375 -0.00290298462 -0.358398438
vn 0.628417969 0.0023651123 -0.777832031
vn 0.931152344 0.00737380981 -0.364013672
vn 0.618652344 0.00362205505 -0.785644531
vn 0.92578125 0.0181274414 -0.377197266
vn 0.604492188 0.00407409668 -0.796386719
vn 0.919921875 0.0195617676 -0.391357422
vn 0.58984375 0.0034236908 -0.807617188
vn 0.916992188 0.0128707886 -0.398193359
vn 0.999023438 -0.0169219971 -0.0396118164
vn 0.995117188 -0.0520019531 -0.0818481445
vn 0.999023438 0.027130127 0.037689209
vn 0.995117188 0.024230957 0.09765625
vn 0.912597656 0.0018529892 -0.409179688
vn 0.992675781 0.0116119385 0.118286133
vn 0.916992188 0.00691604614 -0.398925781
vn 0.992675781 0.00382041931 0.120239258
vn 0.920410156 0.00453186035 -0.391357422
vn 0.554199219 0.00748443604 -0.83203125
vn 0.992675781 0.00193214417 0.119689941
vn 0.549804688 0.00834655762 -0.835449219
vn 0.921875 0.00273132324 -0.387451172
vn 0.993164062 0.00154685974 0.118652344
vn 0.543457031 0.00699615479 -0.839355469
vn 0.922363281 0.00321769714 -0.386230469
vn 0.993164062 0.00532913208 0.115905762
vn 0.538085938 0.0053062439 -0.842773438
vn 0.922363281 0.00624084473 -0.386474609
vn 0.536132812 0.00309753418 -0.844238281
vn 0.994628906 0.00410842896 0.102294922
vn 0.921875 0.0117492676 -0.386962891
vn 0.540039062 0.00456237793 -0.841796875
vn 0.998535156 -0.0125732422 0.0491333008
vn 0.847167969 -0.0303344727 -0.530273438
vn 0.732421875 -0.0198364258 -0.680664062
vn 0.922851562 0.0191497803 -0.384765625
vn 0.553222656 0.00384140015 -0.833007812
vn 0.999511719 -0.00269699097 -0.0377197266
vn 0.68359375 -0.000228285789 -0.729492188
vn 0.924804688 0.0210571289 -0.380371094
vn 0.572753906 -0.00220870972 -0.819824219
vn 0.995117188 0.00834655762 -0.0972900391
vn 0.62890625 -0.00220298767 -0.77734375
vn 0.928222656 0.0151290894 -0.371337891
vn 0.592285156 -0.00532531738 -0.805664062
vn 0.992675781 0.00456619263 -0.12109375
vn 0.649902344 0.0116500854 -0.759765625
vn 0.931152344 0.00469207764 -0.364746094
vn 0.606445312 -0.00857543945 -0.794921875
vn 0.993652344 0.0167541504 -0.112548828
vn 0.671386719 -0.000673294067 -0.741210938
vn 0.93359375 7.10487366E-05 -0.358398438
vn 0.614746094 -0.0114898682 -0.788574219
vn 0.995117188 0.0054359436 -0.0988769531
vn 0.649902344 -0.0205230713 -0.759765625
vn 0.937011719 0.000388145447 -0.349609375
vn 0.622070312 -0.0108032227 -0.783203125
vn 0.992675781 -0.0104064941 -0.119628906
vn 0.615722656 0.00400924683 -0.788085938
vn 0.939453125 -0.000276088715 -0.343017578
vn 0.634765625 -0.0144577026 -0.772949219
vn 0.989746094 0.0140075684 -0.143066406
vn 0.647949219 0.0138092041 -0.761230469
vn 0.944335938 0.00509643555 -0.329101562
vn 0.647460938 -0.0121612549 -0.762207031
vn 0.991699219 0.0114135742 -0.128295898
vn 0.674316406 -0.0332946777 -0.737792969
vn 0.94921875 -0.00381278992 -0.314208984
vn 0.647949219 -0.000768184662 -0.76171875
vn 0.993164062 -0.0447998047 -0.108215332
vn 0.665039062 -0.0631713867 -0.744140625
vn 0.943847656 -0.0298919678 -0.329345703
vn 0.631347656 0.00323486328 -0.775390625
vn 0.989746094 -0.0775146484 -0.12097168
vn 0.647949219 -0.0573425293 -0.759765625
vn 0.92578125 -0.0417480469 -0.375976562
vn 0.600097656 0.00885772705 -0.799804688
vn 0.986328125 -0.0702514648 -0.150268555
vn 0.487304688 -0.618164062 -0.616699219
vn 0.636230469 -0.764648438 -0.101745605
vn 0.902832031 -0.0359802246 -0.428466797
vn 0.560058594 0.013343811 -0.828613281
vn 0.557617188 -0.779785156 -0.284667969
vn 0.337890625 -0.7734375 -0.536132812
vn 0.850097656 0.0504455566 -0.524414062
vn 0.999023438 0.027130127 0.037689209
vn 0.999023438 -0.0169219971 -0.0396118164
vn 0.895507812 0.0342407227 -0.443359375
vn 0.995117188 0.024230957 0.09765625
vn 0.905273438 0.0157623291 -0.424316406
vn 0.992675781 0.0116119385 0.118286133
vn 0.903808594 0.00635147095 -0.427978516
vn 0.992675781 0.00382041931 0.120239258
vn 0.901367188 0.00363922119 -0.432861328
vn 0.992675781 0.00193214417 0.119689941
vn 0.8984375 0.0018453598 -0.438964844
vn 0.993164062 0.00154685974 0.118652344
vn 0.895507812 0.00305557251 -0.4453125
vn 0.993164062 0.00532913208 0.115905762
vn 0.887695312 -0.000131726265 -0.4609375
vn 0.994628906 0.00410842896 0.102294922
vn 0.847167969 -0.0303344727 -0.530273438
vn 0.850097656 0.0504455566 -0.524414062
vn 0.744140625 0.00248336792 -0.66796875
vn 0.704589844 -0.0377502441 -0.708496094
vn 0.995117188 -0.0221252441 -0.0957641602
vn 0.687988281 -0.011428833 -0.725585938
vn 0.994628906 -0.00108242035 -0.104187012
vn 0.677246094 0.0032787323 -0.735839844
vn 0.994628906 0.00774765015 -0.103637695
vn 0.686035156 0.0079574585 -0.727539062
vn 0.995605469 0.0192260742 -0.0932006836
vn 0.701660156 0.0155563354 -0.712402344
vn 0.997070312 0.0143280029 -0.0728149414
vn 0.729492188 0.0106201172 -0.68359375
vn 0.999511719 -0.0101013184 -0.0290985107
vn 0.771972656 -0.0176544189 -0.635253906
vn 0.918457031 0.00798034668 -0.395263672
vn 0.999023438 -0.0209197998 0.0377502441
vn 0.841796875 -0.032409668 -0.538574219
vn 0.919921875 0.00696182251 -0.392089844
vn 0.99609375 -0.00352096558 0.0880126953
vn 0.87890625 -0.00830078125 -0.477294922
vn 0.918945312 0.00825500488 -0.394775391
vn 0.994140625 0.00852966309 0.105957031
vn 0.565429688 0.787597656 -0.244628906
vn 0.888671875 0.00674057007 -0.458007812
vn 0.640625 0.764160156 0.0729370117
vn 0.725097656 0.582519531 -0.367431641
vn 0.916992188 0.0128707886 -0.398193359
vn 0.58984375 0.0034236908 -0.807617188
vn 0.575195312 0.000823974609 -0.817871094
vn 0.918457031 0.00798034668 -0.395263672
vn 0.561523438 -0.00228881836 -0.827636719
vn 0.919921875 0.00696182251 -0.392089844
vn 0.547363281 -0.00412368774 -0.836914062
vn 0.918945312 0.00825500488 -0.394775391
vn 0.614746094 -0.0114898682 -0.788574219
vn 0.149047852 -0.0191497803 -0.988769531
vn 0.139892578 -0.0222625732 -0.989746094
vn 0.606445312 -0.00857543945 -0.794921875
vn -0.400390625 0.0228118896 -0.916015625
vn -0.701660156 0.0354614258 -0.711425781
vn -0.720214844 -0.00248908997 -0.693847656
vn -0.423095703 0.0370178223 -0.905273438
vn -0.722167969 0.0693969727 -0.687988281
vn -0.437255859 0.0409240723 -0.8984375
vn -0.763671875 0.0592041016 -0.643066406
vn -0.430175781 0.0614318848 -0.900878906
vn -0.786621094 0.0400390625 -0.616210938
vn -0.402587891 0.0759887695 -0.912109375
vn -0.779785156 0.0306243896 -0.625488281
vn -0.258544922 -0.71484375 -0.649902344
vn -0.495361328 -0.739746094 -0.455810547
vn -0.325683594 -0.0256652832 -0.9453125
vn -0.747558594 0.00184249878 -0.6640625
vn -0.735351562 -0.00435256958 -0.677734375
vn -0.338378906 -0.0180053711 -0.940917969
vn -0.759765625 0.00826263428 -0.650390625
vn -0.347167969 -0.00888061523 -0.937988281
vn -0.770019531 0.0130157471 -0.638183594
vn -0.354248047 0.0076675415 -0.935058594
vn -0.775878906 0.0250701904 -0.630859375
vn -0.351806641 0.0155639648 -0.936035156
vn -0.775390625 0.0162353516 -0.631347656
vn -0.333496094 0.016204834 -0.942871094
vn -0.76953125 0.00274658203 -0.638671875
vn -0.316162109 0.0308074951 -0.948242188
vn -0.344726562 -0.05078125 -0.9375
vn -0.728027344 -0.0157775879 -0.685058594
vn -0.711914062 -0.0106658936 -0.702148438
vn -0.364746094 -0.055267334 -0.9296875
vn -0.748046875 -0.022354126 -0.663085938
vn -0.375976562 -0.0523376465 -0.925292969
vn -0.770996094 -0.0220184326 -0.63671875
vn -0.379638672 -0.0305480957 -0.924804688
vn -0.781738281 -0.0222015381 -0.623046875
vn -0.380126953 0.0123519897 -0.924804688
vn -0.76171875 -0.0131149292 -0.647460938
vn -0.380371094 0.0206756592 -0.924804688
vn -0.66015625 -0.540527344 -0.521972656
vn 0.487304688 -0.618164062 -0.616699219
vn 0.647949219 -0.0573425293 -0.759765625
vn -0.757324219 0.0567932129 -0.650878906
vn 0.665039062 -0.0631713867 -0.744140625
vn -0.741699219 0.061340332 -0.667480469
vn 0.674316406 -0.0332946777 -0.737792969
vn -0.737304688 0.0284729004 -0.674804688
vn 0.647949219 0.0138092041 -0.761230469
vn -0.76171875 -0.020980835 -0.647949219
vn 0.615722656 0.00400924683 -0.788085938
vn -0.787109375 -0.012878418 -0.616699219
vn 0.649902344 -0.0205230713 -0.759765625
vn -0.759277344 0.014251709 -0.650878906
vn 0.671386719 -0.000673294067 -0.741210938
vn -0.7421875 -0.00833129883 -0.670410156
vn 0.649902344 0.0116500854 -0.759765625
vn -0.759765625 -0.0270996094 -0.649414062
vn 0.62890625 -0.00220298767 -0.77734375
vn -0.7734375 -0.00309944153 -0.634277344
vn 0.68359375 -0.000228285789 -0.729492188
vn -0.729980469 0.00645828247 -0.68359375
vn 0.732421875 -0.0198364258 -0.680664062
vn -0.677246094 0.0254058838 -0.735351562
vn 0.847167969 -0.0303344727 -0.530273438
vn 0.521972656 -0.623046875 -0.583007812
vn -0.616210938 -0.427001953 -0.661621094
vn -0.78125 -0.618164062 -0.0864257812
vn 0.624023438 -0.77734375 -0.0763549805
vn -0.71484375 -0.697265625 -0.0584106445
vn 0.695800781 -0.711425781 -0.0985717773
vn -0.654785156 -0.745117188 -0.12890625
vn 0.7421875 -0.669921875 0.0087890625
vn -0.621582031 -0.734863281 -0.271484375
vn 0.703613281 -0.682617188 0.197753906
vn -0.495361328 -0.739746094 -0.455810547
vn 0.579589844 -0.685546875 0.440673828
vn -0.258544922 -0.71484375 -0.649902344
vn 0.277099609 -0.713867188 0.643066406
vn 0.0189819336 -0.664550781 -0.747070312
vn -0.0710449219 -0.756835938 0.649414062
vn 0.168701172 -0.5625 -0.809082031
vn -0.205810547 -0.821777344 0.53125
vn 0.106201172 -0.504882812 -0.856933594
vn -0.103637695 -0.859863281 0.499755859
vn 0.0141372681 -0.562988281 -0.826171875
vn 0.00370788574 -0.825683594 0.564453125
vn 0.00483322144 -0.586914062 -0.809570312
vn 0.0157623291 -0.809082031 0.587402344
vn 0.0100021362 -0.591308594 -0.806640625
vn 0.0113220215 -0.806152344 0.591308594
vn 0.0118789673 -0.600097656 -0.799804688
vn 0.00997924805 -0.799804688 0.600585938
vn 0.0131225586 -0.612792969 -0.790039062
vn 0.00797271729 -0.790527344 0.612304688
vn 0.0127105713 -0.626464844 -0.779296875
vn 0.00676345825 -0.779785156 0.625976562
vn 0.0109405518 -0.638671875 -0.76953125
vn 0.00699234009 -0.76953125 0.638671875
vn 0.0115203857 -0.650390625 -0.759765625
vn 0.00534439087 -0.759765625 0.650390625
vn 0.0138015747 -0.657226562 -0.753417969
vn 0.00235366821 -0.753417969 0.657226562
vn 0.0108566284 -0.661621094 -0.75
vn 0.00425338745 -0.75 0.661132812
vn 0.00392913818 -0.658203125 -0.752929688
vn 0.00804901123 -0.753417969 0.657714844
vn -0.00352859497 -0.646484375 -0.763183594
vn 0.00826263428 -0.764160156 0.64453125
vn -0.0140228271 -0.625488281 -0.780273438
vn 0.00622558594 -0.782226562 0.623046875
vn -0.024887085 -0.594726562 -0.803710938
vn 0.0057182312 -0.8046875 0.593261719
vn -0.0404663086 -0.559570312 -0.828125
vn 0.0205230713 -0.828125 0.560546875
vn -0.0690917969 -0.546386719 -0.834960938
vn 0.0601196289 -0.835449219 0.545898438
vn -0.0995483398 -0.572265625 -0.813964844
vn 0.105957031 -0.818847656 0.563964844
vn -0.0806884766 -0.632324219 -0.770507812
vn 0.100219727 -0.775390625 0.623535156
vn 0.067199707 -0.708496094 -0.702636719
vn -0.0583190918 -0.711425781 0.700195312
vn 0.337890625 -0.7734375 -0.536132812
vn -0.411865234 -0.655273438 0.633300781
vn 0.557617188 -0.779785156 -0.284667969
vn -0.685546875 -0.638671875 0.349609375
vn 0.636230469 -0.764648438 -0.101745605
vn -0.750976562 -0.646972656 0.131713867
vn 0.487304688 -0.618164062 -0.616699219
vn -0.66015625 -0.540527344 -0.521972656
vn 0.406494141 0.659667969 -0.631835938
vn -0.724609375 0.453125 -0.51953125
vn -0.73046875 -0.139160156 -0.668457031
vn 0.65234375 0.122619629 -0.747558594
vn -0.684082031 -0.147094727 -0.714355469
vn 0.699707031 0.12298584 -0.703613281
vn -0.631835938 -0.120178223 -0.765625
vn 0.758300781 0.0936889648 -0.645507812
vn -0.583984375 -0.0690307617 -0.80859375
vn 0.806640625 0.0411376953 -0.589355469
vn -0.553710938 -0.0165100098 -0.832519531
vn 0.83203125 -0.0150756836 -0.554199219
vn -0.552246094 0.0254211426 -0.833007812
vn 0.831542969 -0.0570983887 -0.552734375
vn -0.570800781 0.0482177734 -0.819824219
vn 0.81640625 -0.0749511719 -0.572265625
vn -0.599609375 0.0567321777 -0.798339844
vn 0.794921875 -0.0764160156 -0.602050781
vn -0.635253906 0.0564575195 -0.770019531
vn 0.767089844 -0.0684814453 -0.637695312
vn -0.672363281 0.0497741699 -0.738769531
vn 0.735839844 -0.0577087402 -0.674804688
vn -0.705078125 0.0398254395 -0.708007812
vn 0.706054688 -0.0472717285 -0.70703125
vn -0.729980469 0.0275268555 -0.683105469
vn 0.681640625 -0.0360412598 -0.730957031
vn -0.748046875 -0.00897979736 -0.663574219
vn 0.664550781 -0.00130176544 -0.747558594
vn -0.720703125 -0.234863281 -0.65234375
vn 0.597167969 0.195922852 -0.777832031
vn -0.383056641 -0.498291016 -0.777832031
vn 0.622070312 0.422851562 -0.659179688
vn -0.0732421875 -0.0768432617 -0.994140625
vn 0.959960938 0.113647461 -0.256347656
vn -0.397216797 0.330566406 -0.855957031
vn 0.745605469 -0.378662109 -0.548339844
vn -0.659667969 0.138671875 -0.738769531
vn 0.70703125 -0.190551758 -0.681152344
vn -0.637207031 -0.0608520508 -0.768554688
vn 0.770019531 0.0258789062 -0.637695312
vn -0.601074219 -0.0813598633 -0.794921875
vn 0.793457031 0.0504455566 -0.606445312
vn -0.568359375 -0.0658569336 -0.819824219
vn 0.819335938 0.033203125 -0.572753906
vn -0.537597656 -0.0216217041 -0.843261719
vn 0.841308594 -0.0195922852 -0.540039062
vn -0.534667969 0.0231933594 -0.844726562
vn 0.841796875 -0.073059082 -0.53515625
vn -0.571777344 -0.0290222168 -0.819824219
vn 0.823242188 -0.00308799744 -0.567871094
vn -0.534667969 -0.189208984 -0.823730469
vn 0.805175781 0.189941406 -0.562011719
vn -0.409423828 -0.21887207 -0.885742188
vn 0.837402344 0.293701172 -0.460693359
vn -0.312255859 -0.0456237793 -0.948730469
vn 0.931152344 0.122375488 -0.342773438
vn -0.293701172 0.154418945 -0.943359375
vn 0.926757812 -0.166503906 -0.337402344
vn -0.321533203 0.262451172 -0.909667969
vn 0.864746094 -0.301513672 -0.401611328
vn -0.410644531 0.258056641 -0.874511719
vn 0.827636719 -0.284912109 -0.483886719
vn -0.579101562 0.200195312 -0.790039062
vn 0.773925781 -0.164550781 -0.611816406
vn -0.616210938 -0.427001953 -0.661621094
vn 0.521972656 -0.623046875 -0.583007812
vn -0.374267578 0.575683594 -0.727050781
vn 0.725097656 0.582519531 -0.367431641
vn 0.640625 0.764160156 0.0729370117
vn -0.750976562 0.655761719 -0.0767211914
vn 0.565429688 0.787597656 -0.244628906
vn -0.705078125 0.638671875 0.307128906
vn 0.342041016 0.772949219 -0.534667969
vn -0.412597656 0.652832031 0.635253906
vn 0.0845336914 0.731445312 -0.676269531
vn -0.0864868164 0.687988281 0.720703125
vn -0.0556335449 0.686523438 -0.725097656
vn 0.0686645508 0.727539062 0.682617188
vn -0.0651245117 0.658691406 -0.749511719
vn 0.0736083984 0.751953125 0.655273438
vn -0.0174560547 0.655273438 -0.754882812
vn 0.0229797363 0.754882812 0.655273438
vn -0.00721740723 0.671386719 -0.740722656
vn 0.0123748779 0.741699219 0.670898438
vn -0.00732803345 0.642089844 -0.766601562
vn 0.00932312012 0.766113281 0.642578125
vn 0.0105819702 0.641601562 -0.767089844
vn -0.0145492554 0.766113281 0.642089844
vn 0.00561904907 0.665039062 -0.746582031
vn -0.0120162964 0.747070312 0.664550781
vn -0.00122451782 0.681152344 -0.731933594
vn -0.00177955627 0.732910156 0.680664062
vn -0.00310516357 0.684082031 -0.729492188
vn 0.00355911255 0.729980469 0.68359375
vn 5.06043434E-05 0.680664062 -0.732421875
vn 0.0006980896 0.732421875 0.681152344
vn 0.00117874146 0.692871094 -0.720703125
vn -0.00161075592 0.720703125 0.693359375
vn 0.00251197815 0.709472656 -0.704589844
vn -0.00184726715 0.705078125 0.708984375
vn 0.0138549805 0.708984375 -0.705078125
vn -0.0106811523 0.705566406 0.708496094
vn 0.0236663818 0.690429688 -0.723144531
vn -0.0212860107 0.72265625 0.690429688
vn 0.0125045776 0.671875 -0.740722656
vn -0.0154800415 0.739746094 0.672851562
vn -0.00680160522 0.658691406 -0.752441406
vn -0.00398254395 0.750976562 0.66015625
vn -0.020980835 0.65625 -0.75390625
vn 0.00150108337 0.752929688 0.658203125
vn -0.0323181152 0.659667969 -0.750976562
vn 0.00609970093 0.750488281 0.660644531
vn -0.0225830078 0.65625 -0.754394531
vn -0.00815582275 0.75390625 0.656738281
vn 0.0121002197 0.653808594 -0.756347656
vn -0.0445556641 0.756347656 0.652832031
vn -0.016998291 0.693359375 -0.720214844
vn -0.013168335 0.721679688 0.692382812
vn -0.202880859 0.744628906 -0.635742188
vn 0.206420898 0.676269531 0.70703125
vn -0.470947266 0.771972656 -0.427246094
vn 0.541503906 0.65234375 0.529785156
vn -0.654785156 0.737304688 -0.166992188
vn 0.69921875 0.681152344 0.216918945
vn -0.720214844 0.693359375 0.013999939
vn 0.690917969 0.723144531 0.00778198242
vn -0.754394531 0.650878906 0.0829467773
vn 0.641601562 0.763183594 -0.0784912109
vn -0.791503906 0.606445312 0.0765380859
vn 0.596679688 0.797851562 -0.0879516602
vn -0.724609375 0.453125 -0.51953125
vn 0.406494141 0.659667969 -0.631835938
vn -0.522949219 -0.0541687012 -0.850585938
vn 0.850097656 0.0504455566 -0.524414062
vn 0.744140625 0.00248336792 -0.66796875
vn -0.448486328 -0.0230560303 -0.893554688
vn 0.895507812 0.0342407227 -0.443359375
vn -0.425537109 -0.000674724579 -0.904785156
vn 0.905273438 0.0157623291 -0.424316406
vn -0.430175781 0.00391387939 -0.902832031
vn 0.903808594 0.00635147095 -0.427978516
vn -0.433837891 0.00262832642 -0.900878906
vn 0.901367188 0.00363922119 -0.432861328
vn -0.441162109 0.00107955933 -0.897460938
vn 0.8984375 0.0018453598 -0.438964844
vn -0.447021484 -0.00201416016 -0.89453125
vn 0.895507812 0.00305557251 -0.4453125
vn -0.466308594 0.00649261475 -0.884765625
vn 0.887695312 -0.000131726265 -0.4609375
vn -0.523925781 0.0355834961 -0.851074219
vn 0.847167969 -0.0303344727 -0.530273438
vn -0.677246094 0.0254058838 -0.735351562
vn -0.522949219 -0.0541687012 -0.850585938
vn 0.744140625 0.00248336792 -0.66796875
vn -0.666992188 -0.0244903564 -0.744628906
vn 0.704589844 -0.0377502441 -0.708496094
vn -0.705078125 0.0240783691 -0.708496094
vn 0.687988281 -0.011428833 -0.725585938
vn -0.725097656 0.0120315552 -0.688476562
vn 0.677246094 0.0032787323 -0.735839844
vn -0.735351562 0.00200843811 -0.677734375
vn 0.686035156 0.0079574585 -0.727539062
vn -0.727050781 0.00128746033 -0.686523438
vn 0.701660156 0.0155563354 -0.712402344
vn -0.712402344 -0.00260353088 -0.701660156
vn 0.729492188 0.0106201172 -0.68359375
vn -0.684082031 0.00498199463 -0.729492188
vn 0.771972656 -0.0176544189 -0.635253906
vn -0.636230469 0.0289001465 -0.770996094
vn 0.841796875 -0.032409668 -0.538574219
vn -0.537597656 0.0342712402 -0.842285156
vn 0.87890625 -0.00830078125 -0.477294922
vn -0.478271484 0.0119171143 -0.878417969
vn 0.888671875 0.00674057007 -0.458007812
vn -0.460205078 -0.000644683838 -0.887695312
vn 0.725097656 0.582519531 -0.367431641
vn -0.374267578 0.575683594 -0.727050781
g bed blanket_0
f 3/3/3 2/2/2 1/1/1
f 6/6/6 5/5/5 4/4/4
f 9/9/9 8/8/8 7/7/7
f 12/12/12 11/11/11 10/10/10
f 15/15/15 14/14/14 13/13/13
f 18/18/18 17/17/17 16/16/16
f 21/21/21 20/20/20 19/19/19
f 22/22/22 21/21/21 19/19/19
f 22/22/22 19/19/19 23/23/23
f 24/24/24 21/21/21 22/22/22
f 25/25/25 22/22/22 23/23/23
f 25/25/25 23/23/23 26/26/26
f 27/27/27 24/24/24 22/22/22
f 27/27/27 22/22/22 25/25/25
f 28/28/28 24/24/24 27/27/27
f 29/29/29 25/25/25 26/26/26
f 29/29/29 26/26/26 30/30/30
f 31/31/31 28/28/28 27/27/27
f 32/32/32 28/28/28 31/31/31
f 33/33/33 27/27/27 25/25/25
f 33/33/33 25/25/25 29/29/29
f 31/31/31 27/27/27 33/33/33
f 34/34/34 29/29/29 30/30/30
f 34/34/34 30/30/30 35/35/35
f 36/36/36 32/32/32 31/31/31
f 37/37/37 32/32/32 36/36/36
f 38/38/38 33/33/33 29/29/29
f 38/38/38 29/29/29 34/34/34
f 39/39/39 31/31/31 33/33/33
f 36/36/36 31/31/31 39/39/39
f 39/39/39 33/33/33 38/38/38
f 40/40/40 34/34/34 35/35/35
f 40/40/40 35/35/35 41/41/41
f 42/42/42 37/37/37 36/36/36
f 43/43/43 37/37/37 42/42/42
f 44/44/44 38/38/38 34/34/34
f 44/44/44 34/34/34 40/40/40
f 45/45/45 39/39/39 38/38/38
f 45/45/45 38/38/38 44/44/44
f 46/46/46 36/36/36 39/39/39
f 42/42/42 36/36/36 46/46/46
f 46/46/46 39/39/39 45/45/45
f 47/47/47 40/40/40 41/41/41
f 47/47/47 41/41/41 48/48/48
f 49/49/49 43/43/43 42/42/42
f 50/50/50 43/43/43 49/49/49
f 51/51/51 44/44/44 40/40/40
f 51/51/51 40/40/40 47/47/47
f 52/52/52 45/45/45 44/44/44
f 52/52/52 44/44/44 51/51/51
f 53/53/53 46/46/46 45/45/45
f 53/53/53 45/45/45 52/52/52
f 54/54/54 42/42/42 46/46/46
f 49/49/49 42/42/42 54/54/54
f 54/54/54 46/46/46 53/53/53
f 55/55/55 47/47/47 48/48/48
f 55/55/55 48/48/48 56/56/56
f 57/57/57 50/50/50 49/49/49
f 58/58/58 50/50/50 57/57/57
f 59/59/59 51/51/51 47/47/47
f 59/59/59 47/47/47 55/55/55
f 60/60/60 52/52/52 51/51/51
f 60/60/60 51/51/51 59/59/59
f 61/61/61 53/53/53 52/52/52
f 61/61/61 52/52/52 60/60/60
f 62/62/62 54/54/54 53/53/53
f 62/62/62 53/53/53 61/61/61
f 63/63/63 49/49/49 54/54/54
f 57/57/57 49/49/49 63/63/63
f 63/63/63 54/54/54 62/62/62
f 64/64/64 58/58/58 57/57/57
f 65/65/65 58/58/58 64/64/64
f 66/66/66 57/57/57 63/63/63
f 64/64/64 57/57/57 66/66/66
f 67/67/67 63/63/63 62/62/62
f 66/66/66 63/63/63 67/67/67
f 68/68/68 62/62/62 61/61/61
f 67/67/67 62/62/62 68/68/68
f 69/69/69 61/61/61 60/60/60
f 68/68/68 61/61/61 69/69/69
f 70/70/70 65/65/65 64/64/64
f 71/71/71 65/65/65 70/70/70
f 72/72/72 64/64/64 66/66/66
f 70/70/70 64/64/64 72/72/72
f 73/73/73 66/66/66 67/67/67
f 72/72/72 66/66/66 73/73/73
f 74/74/74 67/67/67 68/68/68
f 73/73/73 67/67/67 74/74/74
f 75/75/75 71/71/71 70/70/70
f 76/76/76 71/71/71 75/75/75
f 77/77/77 70/70/70 72/72/72
f 75/75/75 70/70/70 77/77/77
f 78/78/78 72/72/72 73/73/73
f 77/77/77 72/72/72 78/78/78
f 79/79/79 76/76/76 75/75/75
f 80/80/80 76/76/76 79/79/79
f 81/81/81 75/75/75 77/77/77
f 79/79/79 75/75/75 81/81/81
f 82/82/82 80/80/80 79/79/79
f 83/83/83 80/80/80 82/82/82
f 74/74/74 68/68/68 84/84/84
f 84/84/84 68/68/68 69/69/69
f 85/85/85 73/73/73 74/74/74
f 78/78/78 73/73/73 85/85/85
f 86/86/86 77/77/77 78/78/78
f 81/81/81 77/77/77 86/86/86
f 87/87/87 79/79/79 81/81/81
f 82/82/82 79/79/79 87/87/87
f 88/88/88 83/83/83 82/82/82
f 89/89/89 83/83/83 88/88/88
f 90/90/90 74/74/74 84/84/84
f 85/85/85 74/74/74 90/90/90
f 91/91/91 78/78/78 85/85/85
f 86/86/86 78/78/78 91/91/91
f 92/92/92 81/81/81 86/86/86
f 87/87/87 81/81/81 92/92/92
f 93/93/93 82/82/82 87/87/87
f 88/88/88 82/82/82 93/93/93
f 94/94/94 89/89/89 88/88/88
f 95/95/95 89/89/89 94/94/94
f 96/96/96 85/85/85 90/90/90
f 91/91/91 85/85/85 96/96/96
f 97/97/97 86/86/86 91/91/91
f 92/92/92 86/86/86 97/97/97
f 98/98/98 87/87/87 92/92/92
f 93/93/93 87/87/87 98/98/98
f 99/99/99 88/88/88 93/93/93
f 94/94/94 88/88/88 99/99/99
f 100/100/100 95/95/95 94/94/94
f 101/101/101 95/95/95 100/100/100
f 102/102/102 91/91/91 96/96/96
f 97/97/97 91/91/91 102/102/102
f 103/103/103 92/92/92 97/97/97
f 98/98/98 92/92/92 103/103/103
f 104/104/104 93/93/93 98/98/98
f 99/99/99 93/93/93 104/104/104
f 105/105/105 94/94/94 99/99/99
f 100/100/100 94/94/94 105/105/105
f 106/106/106 101/101/101 100/100/100
f 107/107/107 101/101/101 106/106/106
f 108/108/108 97/97/97 102/102/102
f 103/103/103 97/97/97 108/108/108
f 109/109/109 98/98/98 103/103/103
f 104/104/104 98/98/98 109/109/109
f 110/110/110 99/99/99 104/104/104
f 105/105/105 99/99/99 110/110/110
f 111/111/111 100/100/100 105/105/105
f 106/106/106 100/100/100 111/111/111
f 112/112/112 107/107/107 106/106/106
f 113/113/113 107/107/107 112/112/112
f 114/114/114 103/103/103 108/108/108
f 109/109/109 103/103/103 114/114/114
f 115/115/115 104/104/104 109/109/109
f 110/110/110 104/104/104 115/115/115
f 116/116/116 105/105/105 110/110/110
f 111/111/111 105/105/105 116/116/116
f 117/117/117 106/106/106 111/111/111
f 112/112/112 106/106/106 117/117/117
f 118/118/118 113/113/113 112/112/112
f 119/119/119 113/113/113 118/118/118
f 120/120/120 109/109/109 114/114/114
f 115/115/115 109/109/109 120/120/120
f 121/121/121 110/110/110 115/115/115
f 116/116/116 110/110/110 121/121/121
f 122/122/122 111/111/111 116/116/116
f 117/117/117 111/111/111 122/122/122
f 123/123/123 112/112/112 117/117/117
f 118/118/118 112/112/112 123/123/123
f 124/124/124 119/119/119 118/118/118
f 125/125/125 119/119/119 124/124/124
f 126/126/126 115/115/115 120/120/120
f 115/115/115 126/126/126 121/121/121
f 121/121/121 127/127/127 116/116/116
f 122/122/122 116/116/116 127/127/127
f 128/128/128 117/117/117 122/122/122
f 123/123/123 117/117/117 128/128/128
f 129/129/129 118/118/118 123/123/123
f 124/124/124 118/118/118 129/129/129
f 130/130/130 125/125/125 124/124/124
f 131/131/131 125/125/125 130/130/130
f 132/132/132 121/121/121 126/126/126
f 127/127/127 121/121/121 132/132/132
f 133/133/133 122/122/122 127/127/127
f 128/128/128 122/122/122 133/133/133
f 134/134/134 123/123/123 128/128/128
f 129/129/129 123/123/123 134/134/134
f 135/135/135 124/124/124 129/129/129
f 130/130/130 124/124/124 135/135/135
f 136/136/136 131/131/131 130/130/130
f 137/137/137 131/131/131 136/136/136
f 138/138/138 127/127/127 132/132/132
f 133/133/133 127/127/127 138/138/138
f 139/139/139 128/128/128 133/133/133
f 134/134/134 128/128/128 139/139/139
f 140/140/140 129/129/129 134/134/134
f 135/135/135 129/129/129 140/140/140
f 141/141/141 130/130/130 135/135/135
f 136/136/136 130/130/130 141/141/141
f 142/142/142 137/137/137 136/136/136
f 143/143/143 137/137/137 142/142/142
f 144/144/144 133/133/133 138/138/138
f 139/139/139 133/133/133 144/144/144
f 145/145/145 134/134/134 139/139/139
f 140/140/140 134/134/134 145/145/145
f 146/146/146 135/135/135 140/140/140
f 141/141/141 135/135/135 146/146/146
f 147/147/147 136/136/136 141/141/141
f 142/142/142 136/136/136 147/147/147
f 148/148/148 143/143/143 142/142/142
f 149/149/149 143/143/143 148/148/148
f 150/150/150 149/149/149 148/148/148
f 148/148/148 142/142/142 151/151/151
f 151/151/151 142/142/142 147/147/147
f 150/150/150 148/148/148 152/152/152
f 152/152/152 148/148/148 151/151/151
f 153/153/153 150/150/150 152/152/152
f 147/147/147 141/141/141 154/154/154
f 154/154/154 141/141/141 146/146/146
f 146/146/146 140/140/140 155/155/155
f 155/155/155 140/140/140 145/145/145
f 151/151/151 147/147/147 156/156/156
f 156/156/156 147/147/147 154/154/154
f 152/152/152 151/151/151 157/157/157
f 157/157/157 151/151/151 156/156/156
f 153/153/153 152/152/152 158/158/158
f 158/158/158 152/152/152 157/157/157
f 159/159/159 153/153/153 158/158/158
f 154/154/154 146/146/146 160/160/160
f 160/160/160 146/146/146 155/155/155
f 156/156/156 154/154/154 161/161/161
f 161/161/161 154/154/154 160/160/160
f 157/157/157 156/156/156 162/162/162
f 162/162/162 156/156/156 161/161/161
f 159/159/159 158/158/158 163/163/163
f 164/164/164 159/159/159 163/163/163
f 158/158/158 157/157/157 165/165/165
f 165/165/165 157/157/157 162/162/162
f 163/163/163 158/158/158 165/165/165
f 164/164/164 163/163/163 166/166/166
f 167/167/167 164/164/164 166/166/166
f 163/163/163 165/165/165 168/168/168
f 166/166/166 163/163/163 168/168/168
f 165/165/165 162/162/162 169/169/169
f 168/168/168 165/165/165 169/169/169
f 162/162/162 161/161/161 170/170/170
f 169/169/169 162/162/162 170/170/170
f 161/161/161 160/160/160 171/171/171
f 170/170/170 161/161/161 171/171/171
f 167/167/167 166/166/166 172/172/172
f 173/173/173 167/167/167 172/172/172
f 166/166/166 168/168/168 174/174/174
f 172/172/172 166/166/166 174/174/174
f 168/168/168 169/169/169 175/175/175
f 174/174/174 168/168/168 175/175/175
f 169/169/169 170/170/170 176/176/176
f 175/175/175 169/169/169 176/176/176
f 173/173/173 172/172/172 177/177/177
f 178/178/178 173/173/173 177/177/177
f 172/172/172 174/174/174 179/179/179
f 177/177/177 172/172/172 179/179/179
f 174/174/174 175/175/175 180/180/180
f 179/179/179 174/174/174 180/180/180
f 178/178/178 177/177/177 181/181/181
f 182/182/182 178/178/178 181/181/181
f 177/177/177 179/179/179 183/183/183
f 181/181/181 177/177/177 183/183/183
f 182/182/182 181/181/181 184/184/184
f 185/185/185 182/182/182 184/184/184
f 176/176/176 170/170/170 186/186/186
f 170/170/170 171/171/171 186/186/186
f 175/175/175 176/176/176 187/187/187
f 180/180/180 175/175/175 187/187/187
f 179/179/179 180/180/180 188/188/188
f 183/183/183 179/179/179 188/188/188
f 181/181/181 183/183/183 189/189/189
f 184/184/184 181/181/181 189/189/189
f 185/185/185 184/184/184 190/190/190
f 191/191/191 185/185/185 190/190/190
f 176/176/176 186/186/186 192/192/192
f 187/187/187 176/176/176 192/192/192
f 180/180/180 187/187/187 193/193/193
f 188/188/188 180/180/180 193/193/193
f 183/183/183 188/188/188 194/194/194
f 189/189/189 183/183/183 194/194/194
f 184/184/184 189/189/189 195/195/195
f 190/190/190 184/184/184 195/195/195
f 191/191/191 190/190/190 196/196/196
f 197/197/197 191/191/191 196/196/196
f 187/187/187 192/192/192 198/198/198
f 193/193/193 187/187/187 198/198/198
f 188/188/188 193/193/193 199/199/199
f 194/194/194 188/188/188 199/199/199
f 189/189/189 194/194/194 200/200/200
f 195/195/195 189/189/189 200/200/200
f 190/190/190 195/195/195 201/201/201
f 196/196/196 190/190/190 201/201/201
f 197/197/197 196/196/196 202/202/202
f 203/203/203 197/197/197 202/202/202
f 193/193/193 198/198/198 204/204/204
f 199/199/199 193/193/193 204/204/204
f 194/194/194 199/199/199 205/205/205
f 200/200/200 194/194/194 205/205/205
f 195/195/195 200/200/200 206/206/206
f 201/201/201 195/195/195 206/206/206
f 196/196/196 201/201/201 207/207/207
f 202/202/202 196/196/196 207/207/207
f 203/203/203 202/202/202 208/208/208
f 209/209/209 203/203/203 208/208/208
f 199/199/199 204/204/204 210/210/210
f 205/205/205 199/199/199 210/210/210
f 200/200/200 205/205/205 211/211/211
f 206/206/206 200/200/200 211/211/211
f 201/201/201 206/206/206 212/212/212
f 207/207/207 201/201/201 212/212/212
f 202/202/202 207/207/207 213/213/213
f 208/208/208 202/202/202 213/213/213
f 209/209/209 208/208/208 214/214/214
f 215/215/215 209/209/209 214/214/214
f 205/205/205 210/210/210 216/216/216
f 211/211/211 205/205/205 216/216/216
f 206/206/206 211/211/211 217/217/217
f 212/212/212 206/206/206 217/217/217
f 207/207/207 212/212/212 218/218/218
f 213/213/213 207/207/207 218/218/218
f 208/208/208 213/213/213 219/219/219
f 214/214/214 208/208/208 219/219/219
f 215/215/215 214/214/214 220/220/220
f 221/221/221 215/215/215 220/220/220
f 211/211/211 216/216/216 222/222/222
f 217/217/217 211/211/211 222/222/222
f 212/212/212 217/217/217 223/223/223
f 218/218/218 212/212/212 223/223/223
f 213/213/213 218/218/218 224/224/224
f 219/219/219 213/213/213 224/224/224
f 214/214/214 219/219/219 225/225/225
f 220/220/220 214/214/214 225/225/225
f 221/221/221 220/220/220 226/226/226
f 227/227/227 221/221/221 226/226/226
f 217/217/217 222/222/222 228/228/228
f 223/223/223 217/217/217 228/228/228
f 218/218/218 223/223/223 229/229/229
f 224/224/224 218/218/218 229/229/229
f 219/219/219 224/224/224 230/230/230
f 225/225/225 219/219/219 230/230/230
f 220/220/220 225/225/225 231/231/231
f 226/226/226 220/220/220 231/231/231
f 227/227/227 226/226/226 232/232/232
f 233/233/233 227/227/227 232/232/232
f 223/223/223 228/228/228 234/234/234
f 229/229/229 223/223/223 234/234/234
f 224/224/224 229/229/229 235/235/235
f 230/230/230 224/224/224 235/235/235
f 225/225/225 230/230/230 236/236/236
f 231/231/231 225/225/225 236/236/236
f 226/226/226 231/231/231 237/237/237
f 232/232/232 226/226/226 237/237/237
f 233/233/233 232/232/232 238/238/238
f 239/239/239 233/233/233 238/238/238
f 229/229/229 234/234/234 240/240/240
f 235/235/235 229/229/229 240/240/240
f 230/230/230 235/235/235 241/241/241
f 236/236/236 230/230/230 241/241/241
f 231/231/231 236/236/236 242/242/242
f 237/237/237 231/231/231 242/242/242
f 232/232/232 237/237/237 243/243/243
f 238/238/238 232/232/232 243/243/243
f 239/239/239 238/238/238 244/244/244
f 245/245/245 239/239/239 244/244/244
f 235/235/235 240/240/240 246/246/246
f 241/241/241 235/235/235 246/246/246
f 236/236/236 241/241/241 247/247/247
f 242/242/242 236/236/236 247/247/247
f 237/237/237 242/242/242 248/248/248
f 243/243/243 237/237/237 248/248/248
f 238/238/238 243/243/243 249/249/249
f 244/244/244 238/238/238 249/249/249
f 245/245/245 244/244/244 250/250/250
f 251/251/251 245/245/245 250/250/250
f 241/241/241 246/246/246 252/252/252
f 247/247/247 241/241/241 252/252/252
f 242/242/242 247/247/247 253/253/253
f 248/248/248 242/242/242 253/253/253
f 243/243/243 248/248/248 254/254/254
f 249/249/249 243/243/243 254/254/254
f 244/244/244 249/249/249 255/255/255
f 250/250/250 244/244/244 255/255/255
f 251/251/251 250/250/250 256/256/256
f 257/257/257 251/251/251 256/256/256
f 247/247/247 252/252/252 258/258/258
f 253/253/253 247/247/247 258/258/258
f 248/248/248 253/253/253 259/259/259
f 254/254/254 248/248/248 259/259/259
f 249/249/249 254/254/254 260/260/260
f 255/255/255 249/249/249 260/260/260
f 250/250/250 255/255/255 261/261/261
f 256/256/256 250/250/250 261/261/261
f 257/257/257 256/256/256 262/262/262
f 263/263/263 257/257/257 262/262/262
f 253/253/253 258/258/258 264/264/264
f 259/259/259 253/253/253 264/264/264
f 254/254/254 259/259/259 265/265/265
f 260/260/260 254/254/254 265/265/265
f 255/255/255 260/260/260 266/266/266
f 261/261/261 255/255/255 266/266/266
f 256/256/256 261/261/261 267/267/267
f 262/262/262 256/256/256 267/267/267
f 263/263/263 262/262/262 268/268/268
f 269/269/269 263/263/263 268/268/268
f 259/259/259 264/264/264 270/270/270
f 265/265/265 259/259/259 270/270/270
f 260/260/260 265/265/265 271/271/271
f 266/266/266 260/260/260 271/271/271
f 261/261/261 266/266/266 272/272/272
f 267/267/267 261/261/261 272/272/272
f 262/262/262 267/267/267 273/273/273
f 268/268/268 262/262/262 273/273/273
f 269/269/269 268/268/268 274/274/274
f 275/275/275 269/269/269 274/274/274
f 265/265/265 270/270/270 276/276/276
f 271/271/271 265/265/265 276/276/276
f 266/266/266 271/271/271 277/277/277
f 272/272/272 266/266/266 277/277/277
f 267/267/267 272/272/272 278/278/278
f 273/273/273 267/267/267 278/278/278
f 268/268/268 273/273/273 279/279/279
f 274/274/274 268/268/268 279/279/279
f 275/275/275 274/274/274 280/280/280
f 281/281/281 275/275/275 280/280/280
f 271/271/271 276/276/276 282/282/282
f 277/277/277 271/271/271 282/282/282
f 272/272/272 277/277/277 283/283/283
f 278/278/278 272/272/272 283/283/283
f 273/273/273 278/278/278 284/284/284
f 279/279/279 273/273/273 284/284/284
f 274/274/274 279/279/279 285/285/285
f 280/280/280 274/274/274 285/285/285
f 281/281/281 280/280/280 286/286/286
f 287/287/287 281/281/281 286/286/286
f 277/277/277 282/282/282 288/288/288
f 283/283/283 277/277/277 288/288/288
f 278/278/278 283/283/283 289/289/289
f 284/284/284 278/278/278 289/289/289
f 279/279/279 284/284/284 290/290/290
f 285/285/285 279/279/279 290/290/290
f 280/280/280 285/285/285 291/291/291
f 286/286/286 280/280/280 291/291/291
f 287/287/287 286/286/286 292/292/292
f 293/293/293 287/287/287 292/292/292
f 283/283/283 288/288/288 294/294/294
f 289/289/289 283/283/283 294/294/294
f 284/284/284 289/289/289 295/295/295
f 290/290/290 284/284/284 295/295/295
f 285/285/285 290/290/290 296/296/296
f 291/291/291 285/285/285 296/296/296
f 286/286/286 291/291/291 297/297/297
f 292/292/292 286/286/286 297/297/297
f 293/293/293 292/292/292 298/298/298
f 299/299/299 293/293/293 298/298/298
f 289/289/289 294/294/294 300/300/300
f 295/295/295 289/289/289 300/300/300
f 290/290/290 295/295/295 301/301/301
f 296/296/296 290/290/290 301/301/301
f 291/291/291 296/296/296 302/302/302
f 297/297/297 291/291/291 302/302/302
f 292/292/292 297/297/297 303/303/303
f 298/298/298 292/292/292 303/303/303
f 299/299/299 298/298/298 304/304/304
f 305/305/305 299/299/299 304/304/304
f 295/295/295 300/300/300 306/306/306
f 301/301/301 295/295/295 306/306/306
f 296/296/296 301/301/301 307/307/307
f 302/302/302 296/296/296 307/307/307
f 297/297/297 302/302/302 308/308/308
f 303/303/303 297/297/297 308/308/308
f 298/298/298 303/303/303 309/309/309
f 304/304/304 298/298/298 309/309/309
f 305/305/305 304/304/304 310/310/310
f 311/311/311 305/305/305 310/310/310
f 301/301/301 306/306/306 312/312/312
f 307/307/307 301/301/301 312/312/312
f 302/302/302 307/307/307 313/313/313
f 308/308/308 302/302/302 313/313/313
f 303/303/303 308/308/308 314/314/314
f 309/309/309 303/303/303 314/314/314
f 304/304/304 309/309/309 315/315/315
f 310/310/310 304/304/304 315/315/315
f 311/311/311 310/310/310 316/316/316
f 317/317/317 311/311/311 316/316/316
f 317/317/317 316/316/316 318/318/318
f 319/319/319 317/317/317 318/318/318
f 318/318/318 316/316/316 320/320/320
f 316/316/316 310/310/310 321/321/321
f 316/316/316 321/321/321 320/320/320
f 310/310/310 315/315/315 321/321/321
f 320/320/320 321/321/321 322/322/322
f 321/321/321 323/323/323 322/322/322
f 321/321/321 315/315/315 323/323/323
f 322/322/322 323/323/323 324/324/324
f 315/315/315 309/309/309 325/325/325
f 315/315/315 325/325/325 323/323/323
f 309/309/309 314/314/314 325/325/325
f 323/323/323 326/326/326 324/324/324
f 323/323/323 325/325/325 326/326/326
f 324/324/324 326/326/326 327/327/327
f 325/325/325 314/314/314 328/328/328
f 325/325/325 328/328/328 326/326/326
f 326/326/326 329/329/329 327/327/327
f 326/326/326 328/328/328 329/329/329
f 327/327/327 329/329/329 330/330/330
f 314/314/314 331/331/331 328/328/328
f 314/314/314 308/308/308 331/331/331
f 308/308/308 313/313/313 331/331/331
f 329/329/329 332/332/332 330/330/330
f 330/330/330 332/332/332 333/333/333
f 328/328/328 334/334/334 329/329/329
f 328/328/328 331/331/331 334/334/334
f 329/329/329 334/334/334 332/332/332
f 331/331/331 313/313/313 335/335/335
f 331/331/331 335/335/335 334/334/334
f 332/332/332 336/336/336 333/333/333
f 333/333/333 336/336/336 337/337/337
f 334/334/334 338/338/338 332/332/332
f 334/334/334 335/335/335 338/338/338
f 332/332/332 338/338/338 336/336/336
f 313/313/313 339/339/339 335/335/335
f 313/313/313 307/307/307 339/339/339
f 307/307/307 312/312/312 339/339/339
f 336/336/336 340/340/340 337/337/337
f 337/337/337 340/340/340 341/341/341
f 338/338/338 342/342/342 336/336/336
f 336/336/336 342/342/342 340/340/340
f 335/335/335 343/343/343 338/338/338
f 335/335/335 339/339/339 343/343/343
f 338/338/338 343/343/343 342/342/342
f 339/339/339 312/312/312 344/344/344
f 339/339/339 344/344/344 343/343/343
f 340/340/340 345/345/345 341/341/341
f 341/341/341 345/345/345 346/346/346
f 342/342/342 347/347/347 340/340/340
f 340/340/340 347/347/347 345/345/345
f 343/343/343 348/348/348 342/342/342
f 343/343/343 344/344/344 348/348/348
f 342/342/342 348/348/348 347/347/347
f 312/312/312 349/349/349 344/344/344
f 312/312/312 306/306/306 349/349/349
f 345/345/345 350/350/350 346/346/346
f 346/346/346 350/350/350 351/351/351
f 347/347/347 352/352/352 345/345/345
f 345/345/345 352/352/352 350/350/350
f 344/344/344 353/353/353 348/348/348
f 344/344/344 349/349/349 353/353/353
f 348/348/348 354/354/354 347/347/347
f 347/347/347 354/354/354 352/352/352
f 348/348/348 353/353/353 354/354/354
f 306/306/306 355/355/355 349/349/349
f 306/306/306 300/300/300 355/355/355
f 350/350/350 356/356/356 351/351/351
f 351/351/351 356/356/356 357/357/357
f 352/352/352 358/358/358 350/350/350
f 350/350/350 358/358/358 356/356/356
f 354/354/354 359/359/359 352/352/352
f 352/352/352 359/359/359 358/358/358
f 353/353/353 360/360/360 354/354/354
f 354/354/354 360/360/360 359/359/359
f 349/349/349 361/361/361 353/353/353
f 349/349/349 355/355/355 361/361/361
f 353/353/353 361/361/361 360/360/360
f 300/300/300 362/362/362 355/355/355
f 300/300/300 294/294/294 362/362/362
f 356/356/356 363/363/363 357/357/357
f 357/357/357 363/363/363 364/364/364
f 358/358/358 365/365/365 356/356/356
f 356/356/356 365/365/365 363/363/363
f 359/359/359 366/366/366 358/358/358
f 358/358/358 366/366/366 365/365/365
f 360/360/360 367/367/367 359/359/359
f 359/359/359 367/367/367 366/366/366
f 355/355/355 368/368/368 361/361/361
f 355/355/355 362/362/362 368/368/368
f 361/361/361 369/369/369 360/360/360
f 360/360/360 369/369/369 367/367/367
f 361/361/361 368/368/368 369/369/369
f 363/363/363 370/370/370 364/364/364
f 364/364/364 370/370/370 371/371/371
f 365/365/365 372/372/372 363/363/363
f 363/363/363 372/372/372 370/370/370
f 366/366/366 373/373/373 365/365/365
f 365/365/365 373/373/373 372/372/372
f 367/367/367 374/374/374 366/366/366
f 366/366/366 374/374/374 373/373/373
f 369/369/369 375/375/375 367/367/367
f 367/367/367 375/375/375 374/374/374
f 368/368/368 376/376/376 369/369/369
f 369/369/369 376/376/376 375/375/375
f 370/370/370 377/377/377 371/371/371
f 371/371/371 377/377/377 378/378/378
f 372/372/372 379/379/379 370/370/370
f 370/370/370 379/379/379 377/377/377
f 373/373/373 380/380/380 372/372/372
f 372/372/372 380/380/380 379/379/379
f 374/374/374 381/381/381 373/373/373
f 373/373/373 381/381/381 380/380/380
f 375/375/375 382/382/382 374/374/374
f 374/374/374 382/382/382 381/381/381
f 377/377/377 383/383/383 378/378/378
f 378/378/378 383/383/383 384/384/384
f 379/379/379 385/385/385 377/377/377
f 377/377/377 385/385/385 383/383/383
f 380/380/380 386/386/386 379/379/379
f 379/379/379 386/386/386 385/385/385
f 381/381/381 387/387/387 380/380/380
f 380/380/380 387/387/387 386/386/386
f 383/383/383 388/388/388 384/384/384
f 384/384/384 388/388/388 389/389/389
f 385/385/385 390/390/390 383/383/383
f 383/383/383 390/390/390 388/388/388
f 386/386/386 391/391/391 385/385/385
f 385/385/385 391/391/391 390/390/390
f 388/388/388 392/392/392 389/389/389
f 389/389/389 392/392/392 393/393/393
f 390/390/390 394/394/394 388/388/388
f 388/388/388 394/394/394 392/392/392
f 392/392/392 395/395/395 393/393/393
f 393/393/393 395/395/395 396/396/396
f 381/381/381 397/397/397 387/387/387
f 382/382/382 397/397/397 381/381/381
f 387/387/387 398/398/398 386/386/386
f 386/386/386 398/398/398 391/391/391
f 391/391/391 399/399/399 390/390/390
f 390/390/390 399/399/399 394/394/394
f 394/394/394 400/400/400 392/392/392
f 392/392/392 400/400/400 395/395/395
f 395/395/395 401/401/401 396/396/396
f 396/396/396 401/401/401 402/402/402
f 397/397/397 403/403/403 387/387/387
f 387/387/387 403/403/403 398/398/398
f 398/398/398 404/404/404 391/391/391
f 391/391/391 404/404/404 399/399/399
f 399/399/399 405/405/405 394/394/394
f 394/394/394 405/405/405 400/400/400
f 400/400/400 406/406/406 395/395/395
f 395/395/395 406/406/406 401/401/401
f 401/401/401 407/407/407 402/402/402
f 402/402/402 407/407/407 408/408/408
f 403/403/403 409/409/409 398/398/398
f 398/398/398 409/409/409 404/404/404
f 404/404/404 410/410/410 399/399/399
f 399/399/399 410/410/410 405/405/405
f 405/405/405 411/411/411 400/400/400
f 400/400/400 411/411/411 406/406/406
f 406/406/406 412/412/412 401/401/401
f 401/401/401 412/412/412 407/407/407
f 407/407/407 413/413/413 408/408/408
f 408/408/408 413/413/413 414/414/414
f 409/409/409 415/415/415 404/404/404
f 404/404/404 415/415/415 410/410/410
f 410/410/410 416/416/416 405/405/405
f 405/405/405 416/416/416 411/411/411
f 411/411/411 417/417/417 406/406/406
f 406/406/406 417/417/417 412/412/412
f 412/412/412 418/418/418 407/407/407
f 407/407/407 418/418/418 413/413/413
f 413/413/413 419/419/419 414/414/414
f 414/414/414 419/419/419 420/420/420
f 415/415/415 421/421/421 410/410/410
f 410/410/410 421/421/421 416/416/416
f 416/416/416 422/422/422 411/411/411
f 411/411/411 422/422/422 417/417/417
f 417/417/417 423/423/423 412/412/412
f 412/412/412 423/423/423 418/418/418
f 418/418/418 424/424/424 413/413/413
f 413/413/413 424/424/424 419/419/419
f 419/419/419 425/425/425 420/420/420
f 420/420/420 425/425/425 426/426/426
f 425/425/425 427/427/427 426/426/426
f 419/419/419 428/428/428 425/425/425
f 424/424/424 428/428/428 419/419/419
f 425/425/425 429/429/429 427/427/427
f 428/428/428 429/429/429 425/425/425
f 429/429/429 430/430/430 427/427/427
f 418/418/418 431/431/431 424/424/424
f 423/423/423 431/431/431 418/418/418
f 417/417/417 432/432/432 423/423/423
f 422/422/422 432/432/432 417/417/417
f 424/424/424 433/433/433 428/428/428
f 431/431/431 433/433/433 424/424/424
f 429/429/429 434/434/434 430/430/430
f 434/434/434 435/435/435 430/430/430
f 428/428/428 436/436/436 429/429/429
f 433/433/433 436/436/436 428/428/428
f 436/436/436 434/434/434 429/429/429
f 423/423/423 437/437/437 431/431/431
f 432/432/432 437/437/437 423/423/423
f 434/434/434 438/438/438 435/435/435
f 438/438/438 439/439/439 435/435/435
f 431/431/431 440/440/440 433/433/433
f 437/437/437 440/440/440 431/431/431
f 433/433/433 441/441/441 436/436/436
f 440/440/440 441/441/441 433/433/433
f 436/436/436 442/442/442 434/434/434
f 442/442/442 438/438/438 434/434/434
f 441/441/441 442/442/442 436/436/436
f 438/438/438 443/443/443 439/439/439
f 443/443/443 444/444/444 439/439/439
f 442/442/442 445/445/445 438/438/438
f 445/445/445 443/443/443 438/438/438
f 441/441/441 446/446/446 442/442/442
f 446/446/446 445/445/445 442/442/442
f 440/440/440 447/447/447 441/441/441
f 447/447/447 446/446/446 441/441/441
f 437/437/437 448/448/448 440/440/440
f 448/448/448 447/447/447 440/440/440
f 443/443/443 449/449/449 444/444/444
f 449/449/449 450/450/450 444/444/444
f 445/445/445 451/451/451 443/443/443
f 451/451/451 449/449/449 443/443/443
f 446/446/446 452/452/452 445/445/445
f 452/452/452 451/451/451 445/445/445
f 447/447/447 453/453/453 446/446/446
f 453/453/453 452/452/452 446/446/446
f 449/449/449 454/454/454 450/450/450
f 454/454/454 455/455/455 450/450/450
f 451/451/451 456/456/456 449/449/449
f 456/456/456 454/454/454 449/449/449
f 452/452/452 457/457/457 451/451/451
f 457/457/457 456/456/456 451/451/451
f 454/454/454 458/458/458 455/455/455
f 458/458/458 459/459/459 455/455/455
f 456/456/456 460/460/460 454/454/454
f 460/460/460 458/458/458 454/454/454
f 458/458/458 461/461/461 459/459/459
f 461/461/461 462/462/462 459/459/459
f 463/463/463 453/453/453 447/447/447
f 448/448/448 463/463/463 447/447/447
f 453/453/453 464/464/464 452/452/452
f 464/464/464 457/457/457 452/452/452
f 457/457/457 465/465/465 456/456/456
f 465/465/465 460/460/460 456/456/456
f 460/460/460 466/466/466 458/458/458
f 466/466/466 461/461/461 458/458/458
f 461/461/461 467/467/467 462/462/462
f 467/467/467 468/468/468 462/462/462
f 463/463/463 469/469/469 453/453/453
f 469/469/469 464/464/464 453/453/453
f 464/464/464 470/470/470 457/457/457
f 470/470/470 465/465/465 457/457/457
f 465/465/465 471/471/471 460/460/460
f 471/471/471 466/466/466 460/460/460
f 466/466/466 472/472/472 461/461/461
f 472/472/472 467/467/467 461/461/461
f 467/467/467 473/473/473 468/468/468
f 473/473/473 474/474/474 468/468/468
f 469/469/469 475/475/475 464/464/464
f 475/475/475 470/470/470 464/464/464
f 470/470/470 476/476/476 465/465/465
f 476/476/476 471/471/471 465/465/465
f 471/471/471 477/477/477 466/466/466
f 477/477/477 472/472/472 466/466/466
f 472/472/472 478/478/478 467/467/467
f 478/478/478 473/473/473 467/467/467
f 473/473/473 479/479/479 474/474/474
f 479/479/479 480/480/480 474/474/474
f 479/479/479 481/481/481 480/480/480
f 482/482/482 479/479/479 473/473/473
f 478/478/478 482/482/482 473/473/473
f 483/483/483 478/478/478 472/472/472
f 477/477/477 483/483/483 472/472/472
f 484/484/484 477/477/477 471/471/471
f 476/476/476 484/484/484 471/471/471
f 485/485/485 481/481/481 479/479/479
f 482/482/482 485/485/485 479/479/479
f 486/486/486 482/482/482 478/478/478
f 483/483/483 486/486/486 478/478/478
f 487/487/487 483/483/483 477/477/477
f 484/484/484 487/487/487 477/477/477
f 485/485/485 488/488/488 481/481/481
f 488/488/488 489/489/489 481/481/481
f 490/490/490 485/485/485 482/482/482
f 486/486/486 490/490/490 482/482/482
f 491/491/491 486/486/486 483/483/483
f 487/487/487 491/491/491 483/483/483
f 492/492/492 488/488/488 485/485/485
f 490/490/490 492/492/492 485/485/485
f 493/493/493 490/490/490 486/486/486
f 491/491/491 493/493/493 486/486/486
f 494/494/494 492/492/492 490/490/490
f 493/493/493 494/494/494 490/490/490
f 495/495/495 487/487/487 484/484/484
f 496/496/496 491/491/491 487/487/487
f 495/495/495 496/496/496 487/487/487
f 497/497/497 493/493/493 491/491/491
f 496/496/496 497/497/497 491/491/491
f 498/498/498 494/494/494 493/493/493
f 497/497/497 498/498/498 493/493/493
f 499/499/499 495/495/495 484/484/484
f 499/499/499 484/484/484 476/476/476
f 500/500/500 499/499/499 476/476/476
f 500/500/500 476/476/476 470/470/470
f 475/475/475 500/500/500 470/470/470
f 494/494/494 501/501/501 492/492/492
f 498/498/498 502/502/502 494/494/494
f 502/502/502 501/501/501 494/494/494
f 501/501/501 503/503/503 492/492/492
f 492/492/492 503/503/503 488/488/488
f 503/503/503 504/504/504 488/488/488
f 488/488/488 504/504/504 489/489/489
f 504/504/504 505/505/505 489/489/489
f 489/489/489 505/505/505 506/506/506
f 505/505/505 507/507/507 506/506/506
f 505/505/505 508/508/508 507/507/507
f 504/504/504 509/509/509 505/505/505
f 509/509/509 508/508/508 505/505/505
f 503/503/503 510/510/510 504/504/504
f 510/510/510 509/509/509 504/504/504
f 501/501/501 511/511/511 503/503/503
f 511/511/511 510/510/510 503/503/503
f 502/502/502 512/512/512 501/501/501
f 512/512/512 511/511/511 501/501/501
f 509/509/509 513/513/513 508/508/508
f 510/510/510 514/514/514 509/509/509
f 514/514/514 513/513/513 509/509/509
f 511/511/511 515/515/515 510/510/510
f 515/515/515 514/514/514 510/510/510
f 512/512/512 516/516/516 511/511/511
f 516/516/516 515/515/515 511/511/511
f 513/513/513 517/517/517 508/508/508
f 508/508/508 517/517/517 518/518/518
f 517/517/517 519/519/519 518/518/518
f 517/517/517 520/520/520 519/519/519
f 520/520/520 521/521/521 519/519/519
f 513/513/513 522/522/522 517/517/517
f 522/522/522 520/520/520 517/517/517
f 514/514/514 523/523/523 513/513/513
f 523/523/523 522/522/522 513/513/513
f 515/515/515 524/524/524 514/514/514
f 524/524/524 523/523/523 514/514/514
f 520/520/520 525/525/525 521/521/521
f 525/525/525 526/526/526 521/521/521
f 522/522/522 527/527/527 520/520/520
f 527/527/527 525/525/525 520/520/520
f 523/523/523 528/528/528 522/522/522
f 528/528/528 527/527/527 522/522/522
f 529/529/529 524/524/524 515/515/515
f 516/516/516 529/529/529 515/515/515
f 524/524/524 530/530/530 523/523/523
f 530/530/530 528/528/528 523/523/523
f 529/529/529 531/531/531 524/524/524
f 531/531/531 530/530/530 524/524/524
f 525/525/525 532/532/532 526/526/526
f 527/527/527 533/533/533 525/525/525
f 533/533/533 532/532/532 525/525/525
f 528/528/528 534/534/534 527/527/527
f 534/534/534 533/533/533 527/527/527
f 530/530/530 535/535/535 528/528/528
f 535/535/535 534/534/534 528/528/528
f 531/531/531 536/536/536 530/530/530
f 536/536/536 535/535/535 530/530/530
f 532/532/532 537/537/537 526/526/526
f 526/526/526 537/537/537 538/538/538
f 537/537/537 539/539/539 538/538/538
f 532/532/532 540/540/540 537/537/537
f 540/540/540 541/541/541 537/537/537
f 533/533/533 542/542/542 532/532/532
f 542/542/542 540/540/540 532/532/532
f 534/534/534 543/543/543 533/533/533
f 543/543/543 542/542/542 533/533/533
f 535/535/535 544/544/544 534/534/534
f 544/544/544 543/543/543 534/534/534
f 540/540/540 545/545/545 541/541/541
f 545/545/545 546/546/546 541/541/541
f 542/542/542 547/547/547 540/540/540
f 547/547/547 545/545/545 540/540/540
f 543/543/543 548/548/548 542/542/542
f 548/548/548 547/547/547 542/542/542
f 545/545/545 549/549/549 546/546/546
f 549/549/549 550/550/550 546/546/546
f 547/547/547 551/551/551 545/545/545
f 551/551/551 549/549/549 545/545/545
f 549/549/549 552/552/552 550/550/550
f 552/552/552 56/56/56 550/550/550
f 552/552/552 55/55/55 56/56/56
f 553/553/553 552/552/552 549/549/549
f 551/551/551 553/553/553 549/549/549
f 554/554/554 55/55/55 552/552/552
f 553/553/553 554/554/554 552/552/552
f 554/554/554 59/59/59 55/55/55
f 555/555/555 551/551/551 547/547/547
f 548/548/548 555/555/555 547/547/547
f 556/556/556 548/548/548 543/543/543
f 544/544/544 556/556/556 543/543/543
f 557/557/557 553/553/553 551/551/551
f 555/555/555 557/557/557 551/551/551
f 558/558/558 59/59/59 554/554/554
f 558/558/558 60/60/60 59/59/59
f 69/69/69 60/60/60 558/558/558
f 559/559/559 554/554/554 553/553/553
f 559/559/559 558/558/558 554/554/554
f 557/557/557 559/559/559 553/553/553
f 560/560/560 69/69/69 558/558/558
f 560/560/560 558/558/558 559/559/559
f 84/84/84 69/69/69 560/560/560
f 561/561/561 555/555/555 548/548/548
f 556/556/556 561/561/561 548/548/548
f 562/562/562 559/559/559 557/557/557
f 562/562/562 560/560/560 559/559/559
f 563/563/563 84/84/84 560/560/560
f 563/563/563 560/560/560 562/562/562
f 90/90/90 84/84/84 563/563/563
f 564/564/564 557/557/557 555/555/555
f 564/564/564 562/562/562 557/557/557
f 561/561/561 564/564/564 555/555/555
f 565/565/565 563/563/563 562/562/562
f 565/565/565 562/562/562 564/564/564
f 566/566/566 90/90/90 563/563/563
f 566/566/566 563/563/563 565/565/565
f 96/96/96 90/90/90 566/566/566
f 567/567/567 564/564/564 561/561/561
f 567/567/567 565/565/565 564/564/564
f 568/568/568 561/561/561 556/556/556
f 568/568/568 567/567/567 561/561/561
f 569/569/569 566/566/566 565/565/565
f 569/569/569 565/565/565 567/567/567
f 570/570/570 96/96/96 566/566/566
f 570/570/570 566/566/566 569/569/569
f 102/102/102 96/96/96 570/570/570
f 571/571/571 569/569/569 567/567/567
f 571/571/571 567/567/567 568/568/568
f 572/572/572 568/568/568 556/556/556
f 572/572/572 556/556/556 544/544/544
f 573/573/573 570/570/570 569/569/569
f 573/573/573 569/569/569 571/571/571
f 574/574/574 102/102/102 570/570/570
f 574/574/574 570/570/570 573/573/573
f 108/108/108 102/102/102 574/574/574
f 575/575/575 571/571/571 568/568/568
f 575/575/575 568/568/568 572/572/572
f 576/576/576 572/572/572 544/544/544
f 576/576/576 544/544/544 535/535/535
f 536/536/536 576/576/576 535/535/535
f 577/577/577 573/573/573 571/571/571
f 577/577/577 571/571/571 575/575/575
f 578/578/578 574/574/574 573/573/573
f 578/578/578 573/573/573 577/577/577
f 579/579/579 108/108/108 574/574/574
f 579/579/579 574/574/574 578/578/578
f 114/114/114 108/108/108 579/579/579
f 580/580/580 572/572/572 576/576/576
f 580/580/580 575/575/575 572/572/572
f 581/581/581 576/576/576 536/536/536
f 581/581/581 580/580/580 576/576/576
f 582/582/582 577/577/577 575/575/575
f 582/582/582 575/575/575 580/580/580
f 583/583/583 578/578/578 577/577/577
f 583/583/583 577/577/577 582/582/582
f 584/584/584 579/579/579 578/578/578
f 584/584/584 578/578/578 583/583/583
f 585/585/585 114/114/114 579/579/579
f 585/585/585 579/579/579 584/584/584
f 120/120/120 114/114/114 585/585/585
f 586/586/586 582/582/582 580/580/580
f 586/586/586 580/580/580 581/581/581
f 587/587/587 581/581/581 536/536/536
f 587/587/587 536/536/536 531/531/531
f 588/588/588 583/583/583 582/582/582
f 588/588/588 582/582/582 586/586/586
f 589/589/589 584/584/584 583/583/583
f 589/589/589 583/583/583 588/588/588
f 590/590/590 585/585/585 584/584/584
f 590/590/590 584/584/584 589/589/589
f 591/591/591 120/120/120 585/585/585
f 585/585/585 590/590/590 591/591/591
f 126/126/126 120/120/120 591/591/591
f 592/592/592 586/586/586 581/581/581
f 592/592/592 581/581/581 587/587/587
f 593/593/593 587/587/587 531/531/531
f 593/593/593 531/531/531 529/529/529
f 594/594/594 588/588/588 586/586/586
f 594/594/594 586/586/586 592/592/592
f 595/595/595 589/589/589 588/588/588
f 595/595/595 588/588/588 594/594/594
f 589/589/589 596/596/596 590/590/590
f 596/596/596 589/589/589 595/595/595
f 597/597/597 591/591/591 590/590/590
f 597/597/597 590/590/590 596/596/596
f 591/591/591 598/598/598 126/126/126
f 598/598/598 591/591/591 597/597/597
f 132/132/132 126/126/126 598/598/598
f 599/599/599 132/132/132 598/598/598
f 138/138/138 132/132/132 599/599/599
f 600/600/600 598/598/598 597/597/597
f 599/599/599 598/598/598 600/600/600
f 601/601/601 597/597/597 596/596/596
f 600/600/600 597/597/597 601/601/601
f 602/602/602 596/596/596 595/595/595
f 601/601/601 596/596/596 602/602/602
f 603/603/603 595/595/595 594/594/594
f 602/602/602 595/595/595 603/603/603
f 604/604/604 138/138/138 599/599/599
f 144/144/144 138/138/138 604/604/604
f 605/605/605 599/599/599 600/600/600
f 604/604/604 599/599/599 605/605/605
f 606/606/606 600/600/600 601/601/601
f 605/605/605 600/600/600 606/606/606
f 607/607/607 601/601/601 602/602/602
f 606/606/606 601/601/601 607/607/607
f 603/603/603 594/594/594 608/608/608
f 608/608/608 594/594/594 592/592/592
f 609/609/609 602/602/602 603/603/603
f 607/607/607 602/602/602 609/609/609
f 608/608/608 592/592/592 610/610/610
f 610/610/610 592/592/592 587/587/587
f 610/610/610 587/587/587 593/593/593
f 611/611/611 603/603/603 608/608/608
f 609/609/609 603/603/603 611/611/611
f 612/612/612 608/608/608 610/610/610
f 611/611/611 608/608/608 612/612/612
f 613/613/613 610/610/610 593/593/593
f 612/612/612 610/610/610 613/613/613
f 613/613/613 593/593/593 614/614/614
f 614/614/614 593/593/593 529/529/529
f 614/614/614 529/529/529 516/516/516
f 615/615/615 614/614/614 516/516/516
f 615/615/615 516/516/516 512/512/512
f 616/616/616 613/613/613 614/614/614
f 616/616/616 614/614/614 615/615/615
f 617/617/617 612/612/612 613/613/613
f 617/617/617 613/613/613 616/616/616
f 618/618/618 611/611/611 612/612/612
f 618/618/618 612/612/612 617/617/617
f 619/619/619 609/609/609 611/611/611
f 619/619/619 611/611/611 618/618/618
f 620/620/620 615/615/615 512/512/512
f 620/620/620 512/512/512 502/502/502
f 621/621/621 616/616/616 615/615/615
f 621/621/621 615/615/615 620/620/620
f 622/622/622 617/617/617 616/616/616
f 622/622/622 616/616/616 621/621/621
f 623/623/623 618/618/618 617/617/617
f 623/623/623 617/617/617 622/622/622
f 624/624/624 620/620/620 502/502/502
f 624/624/624 502/502/502 498/498/498
f 625/625/625 621/621/621 620/620/620
f 625/625/625 620/620/620 624/624/624
f 626/626/626 622/622/622 621/621/621
f 626/626/626 621/621/621 625/625/625
f 627/627/627 624/624/624 498/498/498
f 627/627/627 498/498/498 497/497/497
f 628/628/628 625/625/625 624/624/624
f 628/628/628 624/624/624 627/627/627
f 629/629/629 627/627/627 497/497/497
f 629/629/629 497/497/497 496/496/496
f 630/630/630 618/618/618 623/623/623
f 630/630/630 619/619/619 618/618/618
f 631/631/631 623/623/623 622/622/622
f 631/631/631 622/622/622 626/626/626
f 632/632/632 626/626/626 625/625/625
f 632/632/632 625/625/625 628/628/628
f 633/633/633 628/628/628 627/627/627
f 633/633/633 627/627/627 629/629/629
f 634/634/634 629/629/629 496/496/496
f 634/634/634 496/496/496 495/495/495
f 635/635/635 630/630/630 623/623/623
f 635/635/635 623/623/623 631/631/631
f 636/636/636 631/631/631 626/626/626
f 636/636/636 626/626/626 632/632/632
f 637/637/637 632/632/632 628/628/628
f 637/637/637 628/628/628 633/633/633
f 638/638/638 633/633/633 629/629/629
f 638/638/638 629/629/629 634/634/634
f 639/639/639 634/634/634 495/495/495
f 639/639/639 495/495/495 499/499/499
f 640/640/640 635/635/635 631/631/631
f 640/640/640 631/631/631 636/636/636
f 641/641/641 636/636/636 632/632/632
f 641/641/641 632/632/632 637/637/637
f 642/642/642 637/637/637 633/633/633
f 642/642/642 633/633/633 638/638/638
f 643/643/643 638/638/638 634/634/634
f 643/643/643 634/634/634 639/639/639
f 644/644/644 639/639/639 499/499/499
f 644/644/644 499/499/499 500/500/500
f 645/645/645 640/640/640 636/636/636
f 645/645/645 636/636/636 641/641/641
f 646/646/646 641/641/641 637/637/637
f 646/646/646 637/637/637 642/642/642
f 647/647/647 642/642/642 638/638/638
f 647/647/647 638/638/638 643/643/643
f 648/648/648 643/643/643 639/639/639
f 648/648/648 639/639/639 644/644/644
f 649/649/649 644/644/644 500/500/500
f 649/649/649 500/500/500 475/475/475
f 650/650/650 645/645/645 641/641/641
f 650/650/650 641/641/641 646/646/646
f 651/651/651 646/646/646 642/642/642
f 651/651/651 642/642/642 647/647/647
f 652/652/652 647/647/647 643/643/643
f 652/652/652 643/643/643 648/648/648
f 653/653/653 648/648/648 644/644/644
f 653/653/653 644/644/644 649/649/649
f 654/654/654 649/649/649 475/475/475
f 654/654/654 475/475/475 469/469/469
f 655/655/655 650/650/650 646/646/646
f 655/655/655 646/646/646 651/651/651
f 656/656/656 651/651/651 647/647/647
f 656/656/656 647/647/647 652/652/652
f 657/657/657 652/652/652 648/648/648
f 657/657/657 648/648/648 653/653/653
f 658/658/658 653/653/653 649/649/649
f 658/658/658 649/649/649 654/654/654
f 659/659/659 654/654/654 469/469/469
f 659/659/659 469/469/469 463/463/463
f 660/660/660 655/655/655 651/651/651
f 660/660/660 651/651/651 656/656/656
f 661/661/661 656/656/656 652/652/652
f 661/661/661 652/652/652 657/657/657
f 662/662/662 657/657/657 653/653/653
f 662/662/662 653/653/653 658/658/658
f 663/663/663 658/658/658 654/654/654
f 663/663/663 654/654/654 659/659/659
f 664/664/664 659/659/659 463/463/463
f 664/664/664 463/463/463 448/448/448
f 665/665/665 660/660/660 656/656/656
f 665/665/665 656/656/656 661/661/661
f 666/666/666 661/661/661 657/657/657
f 666/666/666 657/657/657 662/662/662
f 667/667/667 662/662/662 658/658/658
f 667/667/667 658/658/658 663/663/663
f 668/668/668 663/663/663 659/659/659
f 668/668/668 659/659/659 664/664/664
f 669/669/669 664/664/664 448/448/448
f 669/669/669 448/448/448 437/437/437
f 432/432/432 669/669/669 437/437/437
f 670/670/670 664/664/664 669/669/669
f 670/670/670 668/668/668 664/664/664
f 671/671/671 669/669/669 432/432/432
f 671/671/671 670/670/670 669/669/669
f 422/422/422 671/671/671 432/432/432
f 672/672/672 663/663/663 668/668/668
f 672/672/672 667/667/667 663/663/663
f 673/673/673 662/662/662 667/667/667
f 673/673/673 666/666/666 662/662/662
f 674/674/674 668/668/668 670/670/670
f 674/674/674 672/672/672 668/668/668
f 675/675/675 670/670/670 671/671/671
f 675/675/675 674/674/674 670/670/670
f 676/676/676 671/671/671 422/422/422
f 676/676/676 675/675/675 671/671/671
f 416/416/416 676/676/676 422/422/422
f 421/421/421 676/676/676 416/416/416
f 677/677/677 667/667/667 672/672/672
f 677/677/677 673/673/673 667/667/667
f 678/678/678 672/672/672 674/674/674
f 678/678/678 677/677/677 672/672/672
f 679/679/679 675/675/675 676/676/676
f 421/421/421 679/679/679 676/676/676
f 680/680/680 674/674/674 675/675/675
f 680/680/680 678/678/678 674/674/674
f 679/679/679 680/680/680 675/675/675
f 681/681/681 679/679/679 421/421/421
f 415/415/415 681/681/681 421/421/421
f 682/682/682 680/680/680 679/679/679
f 681/681/681 682/682/682 679/679/679
f 683/683/683 678/678/678 680/680/680
f 682/682/682 683/683/683 680/680/680
f 684/684/684 677/677/677 678/678/678
f 683/683/683 684/684/684 678/678/678
f 685/685/685 673/673/673 677/677/677
f 684/684/684 685/685/685 677/677/677
f 686/686/686 681/681/681 415/415/415
f 409/409/409 686/686/686 415/415/415
f 687/687/687 682/682/682 681/681/681
f 686/686/686 687/687/687 681/681/681
f 688/688/688 683/683/683 682/682/682
f 687/687/687 688/688/688 682/682/682
f 689/689/689 684/684/684 683/683/683
f 688/688/688 689/689/689 683/683/683
f 690/690/690 686/686/686 409/409/409
f 403/403/403 690/690/690 409/409/409
f 691/691/691 687/687/687 686/686/686
f 690/690/690 691/691/691 686/686/686
f 692/692/692 688/688/688 687/687/687
f 691/691/691 692/692/692 687/687/687
f 693/693/693 690/690/690 403/403/403
f 397/397/397 693/693/693 403/403/403
f 694/694/694 691/691/691 690/690/690
f 693/693/693 694/694/694 690/690/690
f 695/695/695 693/693/693 397/397/397
f 382/382/382 695/695/695 397/397/397
f 689/689/689 696/696/696 684/684/684
f 696/696/696 685/685/685 684/684/684
f 697/697/697 689/689/689 688/688/688
f 692/692/692 697/697/697 688/688/688
f 698/698/698 692/692/692 691/691/691
f 694/694/694 698/698/698 691/691/691
f 699/699/699 694/694/694 693/693/693
f 695/695/695 699/699/699 693/693/693
f 700/700/700 695/695/695 382/382/382
f 375/375/375 700/700/700 382/382/382
f 376/376/376 700/700/700 375/375/375
f 700/700/700 701/701/701 695/695/695
f 701/701/701 699/699/699 695/695/695
f 699/699/699 702/702/702 694/694/694
f 702/702/702 698/698/698 694/694/694
f 698/698/698 703/703/703 692/692/692
f 703/703/703 697/697/697 692/692/692
f 376/376/376 704/704/704 700/700/700
f 704/704/704 701/701/701 700/700/700
f 701/701/701 705/705/705 699/699/699
f 705/705/705 702/702/702 699/699/699
f 702/702/702 706/706/706 698/698/698
f 706/706/706 703/703/703 698/698/698
f 707/707/707 704/704/704 376/376/376
f 368/368/368 707/707/707 376/376/376
f 362/362/362 707/707/707 368/368/368
f 704/704/704 708/708/708 701/701/701
f 708/708/708 705/705/705 701/701/701
f 705/705/705 709/709/709 702/702/702
f 709/709/709 706/706/706 702/702/702
f 707/707/707 710/710/710 704/704/704
f 710/710/710 708/708/708 704/704/704
f 362/362/362 711/711/711 707/707/707
f 711/711/711 710/710/710 707/707/707
f 294/294/294 711/711/711 362/362/362
f 294/294/294 288/288/288 711/711/711
f 288/288/288 712/712/712 711/711/711
f 711/711/711 712/712/712 710/710/710
f 288/288/288 282/282/282 712/712/712
f 708/708/708 713/713/713 705/705/705
f 713/713/713 709/709/709 705/705/705
f 710/710/710 714/714/714 708/708/708
f 712/712/712 714/714/714 710/710/710
f 714/714/714 713/713/713 708/708/708
f 282/282/282 715/715/715 712/712/712
f 712/712/712 715/715/715 714/714/714
f 282/282/282 276/276/276 715/715/715
f 714/714/714 716/716/716 713/713/713
f 715/715/715 716/716/716 714/714/714
f 276/276/276 717/717/717 715/715/715
f 715/715/715 717/717/717 716/716/716
f 276/276/276 270/270/270 717/717/717
f 713/713/713 718/718/718 709/709/709
f 716/716/716 718/718/718 713/713/713
f 270/270/270 719/719/719 717/717/717
f 270/270/270 264/264/264 719/719/719
f 717/717/717 720/720/720 716/716/716
f 716/716/716 720/720/720 718/718/718
f 717/717/717 719/719/719 720/720/720
f 718/718/718 721/721/721 709/709/709
f 709/709/709 721/721/721 706/706/706
f 264/264/264 722/722/722 719/719/719
f 264/264/264 258/258/258 722/722/722
f 719/719/719 723/723/723 720/720/720
f 719/719/719 722/722/722 723/723/723
f 720/720/720 724/724/724 718/718/718
f 718/718/718 724/724/724 721/721/721
f 720/720/720 723/723/723 724/724/724
f 721/721/721 725/725/725 706/706/706
f 706/706/706 725/725/725 703/703/703
f 258/258/258 726/726/726 722/722/722
f 258/258/258 252/252/252 726/726/726
f 724/724/724 727/727/727 721/721/721
f 721/721/721 727/727/727 725/725/725
f 723/723/723 728/728/728 724/724/724
f 724/724/724 728/728/728 727/727/727
f 722/722/722 729/729/729 723/723/723
f 722/722/722 726/726/726 729/729/729
f 723/723/723 729/729/729 728/728/728
f 725/725/725 730/730/730 703/703/703
f 703/703/703 730/730/730 697/697/697
f 252/252/252 731/731/731 726/726/726
f 252/252/252 246/246/246 731/731/731
f 727/727/727 732/732/732 725/725/725
f 725/725/725 732/732/732 730/730/730
f 728/728/728 733/733/733 727/727/727
f 727/727/727 733/733/733 732/732/732
f 726/726/726 734/734/734 729/729/729
f 726/726/726 731/731/731 734/734/734
f 729/729/729 735/735/735 728/728/728
f 728/728/728 735/735/735 733/733/733
f 729/729/729 734/734/734 735/735/735
f 730/730/730 736/736/736 697/697/697
f 697/697/697 736/736/736 689/689/689
f 736/736/736 696/696/696 689/689/689
f 732/732/732 737/737/737 730/730/730
f 730/730/730 737/737/737 736/736/736
f 733/733/733 738/738/738 732/732/732
f 732/732/732 738/738/738 737/737/737
f 735/735/735 739/739/739 733/733/733
f 733/733/733 739/739/739 738/738/738
f 734/734/734 740/740/740 735/735/735
f 735/735/735 740/740/740 739/739/739
f 736/736/736 741/741/741 696/696/696
f 737/737/737 741/741/741 736/736/736
f 738/738/738 742/742/742 737/737/737
f 737/737/737 742/742/742 741/741/741
f 739/739/739 743/743/743 738/738/738
f 738/738/738 743/743/743 742/742/742
f 741/741/741 744/744/744 696/696/696
f 696/696/696 744/744/744 685/685/685
f 742/742/742 745/745/745 741/741/741
f 741/741/741 745/745/745 744/744/744
f 744/744/744 746/746/746 685/685/685
f 685/685/685 746/746/746 673/673/673
f 746/746/746 666/666/666 673/673/673
f 744/744/744 747/747/747 746/746/746
f 745/745/745 747/747/747 744/744/744
f 746/746/746 748/748/748 666/666/666
f 747/747/747 748/748/748 746/746/746
f 748/748/748 661/661/661 666/666/666
f 748/748/748 665/665/665 661/661/661
f 742/742/742 749/749/749 745/745/745
f 743/743/743 749/749/749 742/742/742
f 745/745/745 750/750/750 747/747/747
f 749/749/749 750/750/750 745/745/745
f 747/747/747 751/751/751 748/748/748
f 751/751/751 665/665/665 748/748/748
f 750/750/750 751/751/751 747/747/747
f 751/751/751 752/752/752 665/665/665
f 752/752/752 660/660/660 665/665/665
f 750/750/750 753/753/753 751/751/751
f 753/753/753 752/752/752 751/751/751
f 749/749/749 754/754/754 750/750/750
f 754/754/754 753/753/753 750/750/750
f 743/743/743 755/755/755 749/749/749
f 755/755/755 754/754/754 749/749/749
f 752/752/752 756/756/756 660/660/660
f 756/756/756 655/655/655 660/660/660
f 753/753/753 757/757/757 752/752/752
f 757/757/757 756/756/756 752/752/752
f 754/754/754 758/758/758 753/753/753
f 758/758/758 757/757/757 753/753/753
f 756/756/756 759/759/759 655/655/655
f 759/759/759 650/650/650 655/655/655
f 757/757/757 760/760/760 756/756/756
f 760/760/760 759/759/759 756/756/756
f 759/759/759 761/761/761 650/650/650
f 761/761/761 645/645/645 650/650/650
f 762/762/762 755/755/755 743/743/743
f 739/739/739 762/762/762 743/743/743
f 740/740/740 762/762/762 739/739/739
f 755/755/755 763/763/763 754/754/754
f 763/763/763 758/758/758 754/754/754
f 758/758/758 764/764/764 757/757/757
f 764/764/764 760/760/760 757/757/757
f 760/760/760 765/765/765 759/759/759
f 765/765/765 761/761/761 759/759/759
f 761/761/761 766/766/766 645/645/645
f 766/766/766 640/640/640 645/645/645
f 762/762/762 767/767/767 755/755/755
f 767/767/767 763/763/763 755/755/755
f 740/740/740 768/768/768 762/762/762
f 768/768/768 767/767/767 762/762/762
f 763/763/763 769/769/769 758/758/758
f 769/769/769 764/764/764 758/758/758
f 764/764/764 770/770/770 760/760/760
f 770/770/770 765/765/765 760/760/760
f 765/765/765 771/771/771 761/761/761
f 771/771/771 766/766/766 761/761/761
f 766/766/766 772/772/772 640/640/640
f 772/772/772 635/635/635 640/640/640
f 767/767/767 773/773/773 763/763/763
f 773/773/773 769/769/769 763/763/763
f 769/769/769 774/774/774 764/764/764
f 774/774/774 770/770/770 764/764/764
f 770/770/770 775/775/775 765/765/765
f 775/775/775 771/771/771 765/765/765
f 771/771/771 776/776/776 766/766/766
f 776/776/776 772/772/772 766/766/766
f 772/772/772 777/777/777 635/635/635
f 777/777/777 630/630/630 635/635/635
f 778/778/778 773/773/773 767/767/767
f 768/768/768 778/778/778 767/767/767
f 774/774/774 779/779/779 770/770/770
f 779/779/779 775/775/775 770/770/770
f 775/775/775 780/780/780 771/771/771
f 780/780/780 776/776/776 771/771/771
f 776/776/776 781/781/781 772/772/772
f 781/781/781 777/777/777 772/772/772
f 777/777/777 782/782/782 630/630/630
f 782/782/782 619/619/619 630/630/630
f 779/779/779 783/783/783 775/775/775
f 783/783/783 780/780/780 775/775/775
f 780/780/780 784/784/784 776/776/776
f 784/784/784 781/781/781 776/776/776
f 781/781/781 785/785/785 777/777/777
f 785/785/785 782/782/782 777/777/777
f 782/782/782 786/786/786 619/619/619
f 786/786/786 609/609/609 619/619/619
f 786/786/786 607/607/607 609/609/609
f 787/787/787 786/786/786 782/782/782
f 785/785/785 787/787/787 782/782/782
f 788/788/788 607/607/607 786/786/786
f 787/787/787 788/788/788 786/786/786
f 788/788/788 606/606/606 607/607/607
f 789/789/789 785/785/785 781/781/781
f 784/784/784 789/789/789 781/781/781
f 790/790/790 784/784/784 780/780/780
f 783/783/783 790/790/790 780/780/780
f 791/791/791 787/787/787 785/785/785
f 789/789/789 791/791/791 785/785/785
f 792/792/792 606/606/606 788/788/788
f 792/792/792 605/605/605 606/606/606
f 793/793/793 788/788/788 787/787/787
f 791/791/791 793/793/793 787/787/787
f 793/793/793 792/792/792 788/788/788
f 794/794/794 789/789/789 784/784/784
f 790/790/790 794/794/794 784/784/784
f 795/795/795 605/605/605 792/792/792
f 795/795/795 604/604/604 605/605/605
f 796/796/796 791/791/791 789/789/789
f 794/794/794 796/796/796 789/789/789
f 797/797/797 792/792/792 793/793/793
f 797/797/797 795/795/795 792/792/792
f 798/798/798 793/793/793 791/791/791
f 796/796/796 798/798/798 791/791/791
f 798/798/798 797/797/797 793/793/793
f 799/799/799 604/604/604 795/795/795
f 799/799/799 144/144/144 604/604/604
f 800/800/800 795/795/795 797/797/797
f 800/800/800 799/799/799 795/795/795
f 801/801/801 797/797/797 798/798/798
f 801/801/801 800/800/800 797/797/797
f 802/802/802 798/798/798 796/796/796
f 802/802/802 801/801/801 798/798/798
f 803/803/803 796/796/796 794/794/794
f 803/803/803 802/802/802 796/796/796
f 804/804/804 144/144/144 799/799/799
f 804/804/804 139/139/139 144/144/144
f 145/145/145 139/139/139 804/804/804
f 805/805/805 799/799/799 800/800/800
f 805/805/805 804/804/804 799/799/799
f 806/806/806 145/145/145 804/804/804
f 806/806/806 804/804/804 805/805/805
f 155/155/155 145/145/145 806/806/806
f 807/807/807 800/800/800 801/801/801
f 807/807/807 805/805/805 800/800/800
f 808/808/808 801/801/801 802/802/802
f 808/808/808 807/807/807 801/801/801
f 809/809/809 155/155/155 806/806/806
f 160/160/160 155/155/155 809/809/809
f 171/171/171 160/160/160 809/809/809
f 810/810/810 806/806/806 805/805/805
f 810/810/810 805/805/805 807/807/807
f 809/809/809 806/806/806 810/810/810
f 171/171/171 809/809/809 811/811/811
f 811/811/811 809/809/809 810/810/810
f 186/186/186 171/171/171 811/811/811
f 812/812/812 810/810/810 807/807/807
f 811/811/811 810/810/810 812/812/812
f 812/812/812 807/807/807 808/808/808
f 186/186/186 811/811/811 813/813/813
f 813/813/813 811/811/811 812/812/812
f 192/192/192 186/186/186 813/813/813
f 814/814/814 808/808/808 802/802/802
f 814/814/814 802/802/802 803/803/803
f 815/815/815 812/812/812 808/808/808
f 813/813/813 812/812/812 815/815/815
f 815/815/815 808/808/808 814/814/814
f 192/192/192 813/813/813 816/816/816
f 816/816/816 813/813/813 815/815/815
f 198/198/198 192/192/192 816/816/816
f 817/817/817 815/815/815 814/814/814
f 816/816/816 815/815/815 817/817/817
f 198/198/198 816/816/816 818/818/818
f 818/818/818 816/816/816 817/817/817
f 204/204/204 198/198/198 818/818/818
f 819/819/819 814/814/814 803/803/803
f 817/817/817 814/814/814 819/819/819
f 818/818/818 817/817/817 820/820/820
f 820/820/820 817/817/817 819/819/819
f 204/204/204 818/818/818 821/821/821
f 821/821/821 818/818/818 820/820/820
f 210/210/210 204/204/204 821/821/821
f 819/819/819 803/803/803 822/822/822
f 822/822/822 803/803/803 794/794/794
f 822/822/822 794/794/794 790/790/790
f 820/820/820 819/819/819 823/823/823
f 823/823/823 819/819/819 822/822/822
f 824/824/824 822/822/822 790/790/790
f 823/823/823 822/822/822 824/824/824
f 824/824/824 790/790/790 783/783/783
f 210/210/210 821/821/821 825/825/825
f 216/216/216 210/210/210 825/825/825
f 821/821/821 820/820/820 826/826/826
f 826/826/826 820/820/820 823/823/823
f 825/825/825 821/821/821 826/826/826
f 827/827/827 824/824/824 783/783/783
f 827/827/827 783/783/783 779/779/779
f 828/828/828 823/823/823 824/824/824
f 826/826/826 823/823/823 828/828/828
f 828/828/828 824/824/824 827/827/827
f 216/216/216 825/825/825 829/829/829
f 222/222/222 216/216/216 829/829/829
f 825/825/825 826/826/826 830/830/830
f 830/830/830 826/826/826 828/828/828
f 829/829/829 825/825/825 830/830/830
f 831/831/831 827/827/827 779/779/779
f 831/831/831 779/779/779 774/774/774
f 832/832/832 828/828/828 827/827/827
f 830/830/830 828/828/828 832/832/832
f 832/832/832 827/827/827 831/831/831
f 222/222/222 829/829/829 833/833/833
f 228/228/228 222/222/222 833/833/833
f 829/829/829 830/830/830 834/834/834
f 834/834/834 830/830/830 832/832/832
f 833/833/833 829/829/829 834/834/834
f 835/835/835 831/831/831 774/774/774
f 835/835/835 774/774/774 769/769/769
f 773/773/773 835/835/835 769/769/769
f 836/836/836 832/832/832 831/831/831
f 834/834/834 832/832/832 836/836/836
f 836/836/836 831/831/831 835/835/835
f 837/837/837 835/835/835 773/773/773
f 837/837/837 836/836/836 835/835/835
f 778/778/778 837/837/837 773/773/773
f 838/838/838 834/834/834 836/836/836
f 833/833/833 834/834/834 838/838/838
f 838/838/838 836/836/836 837/837/837
f 228/228/228 833/833/833 839/839/839
f 839/839/839 833/833/833 838/838/838
f 234/234/234 228/228/228 839/839/839
f 840/840/840 838/838/838 837/837/837
f 840/840/840 837/837/837 778/778/778
f 839/839/839 838/838/838 840/840/840
f 234/234/234 839/839/839 841/841/841
f 841/841/841 839/839/839 840/840/840
f 240/240/240 234/234/234 841/841/841
f 842/842/842 840/840/840 778/778/778
f 841/841/841 840/840/840 842/842/842
f 842/842/842 778/778/778 768/768/768
f 240/240/240 841/841/841 843/843/843
f 843/843/843 841/841/841 842/842/842
f 246/246/246 240/240/240 843/843/843
f 246/246/246 843/843/843 731/731/731
f 844/844/844 842/842/842 768/768/768
f 843/843/843 842/842/842 844/844/844
f 731/731/731 843/843/843 844/844/844
f 844/844/844 768/768/768 740/740/740
f 731/731/731 844/844/844 734/734/734
f 734/734/734 844/844/844 740/740/740
f 847/847/847 846/846/846 845/845/845
f 848/848/848 847/847/847 845/845/845
f 848/848/848 845/845/845 849/849/849
f 850/850/850 847/847/847 848/848/848
f 851/851/851 848/848/848 849/849/849
f 851/851/851 849/849/849 852/852/852
f 853/853/853 850/850/850 848/848/848
f 853/853/853 848/848/848 851/851/851
f 854/854/854 850/850/850 853/853/853
f 855/855/855 851/851/851 852/852/852
f 855/855/855 852/852/852 856/856/856
f 857/857/857 854/854/854 853/853/853
f 858/858/858 854/854/854 857/857/857
f 859/859/859 853/853/853 851/851/851
f 859/859/859 851/851/851 855/855/855
f 857/857/857 853/853/853 859/859/859
f 860/860/860 855/855/855 856/856/856
f 860/860/860 856/856/856 861/861/861
f 862/862/862 858/858/858 857/857/857
f 863/863/863 858/858/858 862/862/862
f 864/864/864 863/863/863 862/862/862
f 865/865/865 859/859/859 855/855/855
f 865/865/865 855/855/855 860/860/860
f 866/866/866 857/857/857 859/859/859
f 862/862/862 857/857/857 866/866/866
f 866/866/866 859/859/859 865/865/865
f 864/864/864 862/862/862 867/867/867
f 867/867/867 862/862/862 866/866/866
f 868/868/868 864/864/864 867/867/867
f 869/869/869 860/860/860 861/861/861
f 869/869/869 861/861/861 870/870/870
f 871/871/871 866/866/866 865/865/865
f 867/867/867 866/866/866 871/871/871
f 868/868/868 867/867/867 872/872/872
f 872/872/872 867/867/867 871/871/871
f 873/873/873 868/868/868 872/872/872
f 874/874/874 865/865/865 860/860/860
f 871/871/871 865/865/865 874/874/874
f 874/874/874 860/860/860 869/869/869
f 875/875/875 869/869/869 870/870/870
f 875/875/875 870/870/870 876/876/876
f 872/872/872 871/871/871 877/877/877
f 877/877/877 871/871/871 874/874/874
f 873/873/873 872/872/872 878/878/878
f 878/878/878 872/872/872 877/877/877
f 879/879/879 873/873/873 878/878/878
f 880/880/880 874/874/874 869/869/869
f 877/877/877 874/874/874 880/880/880
f 880/880/880 869/869/869 875/875/875
f 881/881/881 875/875/875 876/876/876
f 881/881/881 876/876/876 882/882/882
f 879/879/879 878/878/878 883/883/883
f 884/884/884 879/879/879 883/883/883
f 878/878/878 877/877/877 885/885/885
f 885/885/885 877/877/877 880/880/880
f 883/883/883 878/878/878 885/885/885
f 886/886/886 880/880/880 875/875/875
f 885/885/885 880/880/880 886/886/886
f 886/886/886 875/875/875 881/881/881
f 887/887/887 881/881/881 882/882/882
f 887/887/887 882/882/882 888/888/888
f 884/884/884 883/883/883 889/889/889
f 890/890/890 884/884/884 889/889/889
f 883/883/883 885/885/885 891/891/891
f 891/891/891 885/885/885 886/886/886
f 889/889/889 883/883/883 891/891/891
f 892/892/892 886/886/886 881/881/881
f 891/891/891 886/886/886 892/892/892
f 892/892/892 881/881/881 887/887/887
f 893/893/893 887/887/887 888/888/888
f 893/893/893 888/888/888 894/894/894
f 890/890/890 889/889/889 895/895/895
f 896/896/896 890/890/890 895/895/895
f 889/889/889 891/891/891 897/897/897
f 897/897/897 891/891/891 892/892/892
f 895/895/895 889/889/889 897/897/897
f 898/898/898 892/892/892 887/887/887
f 897/897/897 892/892/892 898/898/898
f 898/898/898 887/887/887 893/893/893
f 899/899/899 893/893/893 894/894/894
f 899/899/899 894/894/894 900/900/900
f 896/896/896 895/895/895 901/901/901
f 902/902/902 896/896/896 901/901/901
f 895/895/895 897/897/897 903/903/903
f 903/903/903 897/897/897 898/898/898
f 901/901/901 895/895/895 903/903/903
f 904/904/904 898/898/898 893/893/893
f 903/903/903 898/898/898 904/904/904
f 904/904/904 893/893/893 899/899/899
f 905/905/905 899/899/899 900/900/900
f 905/905/905 900/900/900 906/906/906
f 902/902/902 901/901/901 907/907/907
f 908/908/908 902/902/902 907/907/907
f 901/901/901 903/903/903 909/909/909
f 909/909/909 903/903/903 904/904/904
f 907/907/907 901/901/901 909/909/909
f 910/910/910 904/904/904 899/899/899
f 909/909/909 904/904/904 910/910/910
f 910/910/910 899/899/899 905/905/905
f 911/911/911 905/905/905 906/906/906
f 911/911/911 906/906/906 912/912/912
f 913/913/913 911/911/911 912/912/912
f 908/908/908 907/907/907 914/914/914
f 915/915/915 908/908/908 914/914/914
f 907/907/907 909/909/909 916/916/916
f 916/916/916 909/909/909 910/910/910
f 914/914/914 907/907/907 916/916/916
f 917/917/917 910/910/910 905/905/905
f 917/917/917 905/905/905 911/911/911
f 916/916/916 910/910/910 917/917/917
f 918/918/918 911/911/911 913/913/913
f 918/918/918 917/917/917 911/911/911
f 919/919/919 916/916/916 917/917/917
f 914/914/914 916/916/916 919/919/919
f 919/919/919 917/917/917 918/918/918
f 915/915/915 914/914/914 920/920/920
f 920/920/920 914/914/914 919/919/919
f 921/921/921 915/915/915 920/920/920
f 922/922/922 918/918/918 913/913/913
f 922/922/922 913/913/913 923/923/923
f 924/924/924 919/919/919 918/918/918
f 920/920/920 919/919/919 924/924/924
f 924/924/924 918/918/918 922/922/922
f 921/921/921 920/920/920 925/925/925
f 925/925/925 920/920/920 924/924/924
f 926/926/926 921/921/921 925/925/925
f 927/927/927 922/922/922 923/923/923
f 927/927/927 923/923/923 928/928/928
f 929/929/929 924/924/924 922/922/922
f 925/925/925 924/924/924 929/929/929
f 929/929/929 922/922/922 927/927/927
f 926/926/926 925/925/925 930/930/930
f 930/930/930 925/925/925 929/929/929
f 931/931/931 926/926/926 930/930/930
f 932/932/932 929/929/929 927/927/927
f 930/930/930 929/929/929 932/932/932
f 931/931/931 930/930/930 933/933/933
f 933/933/933 930/930/930 932/932/932
f 934/934/934 931/931/931 933/933/933
f 932/932/932 927/927/927 935/935/935
f 935/935/935 927/927/927 928/928/928
f 933/933/933 932/932/932 936/936/936
f 934/934/934 933/933/933 937/937/937
f 937/937/937 933/933/933 936/936/936
f 938/938/938 934/934/934 937/937/937
f 937/937/937 936/936/936 939/939/939
f 940/940/940 937/937/937 939/939/939
f 935/935/935 928/928/928 941/941/941
f 941/941/941 928/928/928 942/942/942
f 943/943/943 935/935/935 941/941/941
f 943/943/943 941/941/941 944/944/944
f 940/940/940 939/939/939 945/945/945
f 945/945/945 939/939/939 946/946/946
f 947/947/947 940/940/940 945/945/945
f 948/948/948 940/940/940 947/947/947
f 949/949/949 948/948/948 947/947/947
f 945/945/945 946/946/946 950/950/950
f 950/950/950 946/946/946 951/951/951
f 950/950/950 951/951/951 952/952/952
f 947/947/947 945/945/945 953/953/953
f 953/953/953 945/945/945 950/950/950
f 949/949/949 947/947/947 954/954/954
f 954/954/954 947/947/947 953/953/953
f 955/955/955 949/949/949 954/954/954
f 956/956/956 950/950/950 952/952/952
f 953/953/953 950/950/950 956/956/956
f 956/956/956 952/952/952 957/957/957
f 958/958/958 953/953/953 956/956/956
f 954/954/954 953/953/953 958/958/958
f 958/958/958 956/956/956 959/959/959
f 955/955/955 954/954/954 960/960/960
f 960/960/960 954/954/954 958/958/958
f 961/961/961 955/955/955 960/960/960
f 962/962/962 958/958/958 959/959/959
f 960/960/960 958/958/958 962/962/962
f 962/962/962 959/959/959 963/963/963
f 961/961/961 960/960/960 964/964/964
f 964/964/964 960/960/960 962/962/962
f 965/965/965 961/961/961 964/964/964
f 966/966/966 962/962/962 963/963/963
f 964/964/964 962/962/962 966/966/966
f 966/966/966 963/963/963 967/967/967
f 965/965/965 964/964/964 968/968/968
f 968/968/968 964/964/964 966/966/966
f 969/969/969 965/965/965 968/968/968
f 970/970/970 966/966/966 967/967/967
f 968/968/968 966/966/966 970/970/970
f 970/970/970 967/967/967 971/971/971
f 969/969/969 968/968/968 972/972/972
f 972/972/972 968/968/968 970/970/970
f 973/973/973 969/969/969 972/972/972
f 974/974/974 970/970/970 971/971/971
f 972/972/972 970/970/970 974/974/974
f 973/973/973 972/972/972 975/975/975
f 975/975/975 972/972/972 974/974/974
f 976/976/976 973/973/973 975/975/975
f 974/974/974 971/971/971 977/977/977
f 977/977/977 971/971/971 978/978/978
f 977/977/977 978/978/978 979/979/979
f 980/980/980 974/974/974 977/977/977
f 975/975/975 974/974/974 980/980/980
f 980/980/980 977/977/977 981/981/981
f 976/976/976 975/975/975 982/982/982
f 982/982/982 975/975/975 980/980/980
f 983/983/983 976/976/976 982/982/982
f 984/984/984 980/980/980 981/981/981
f 982/982/982 980/980/980 984/984/984
f 984/984/984 981/981/981 985/985/985
f 983/983/983 982/982/982 986/986/986
f 986/986/986 982/982/982 984/984/984
f 986/986/986 984/984/984 987/987/987
f 988/988/988 983/983/983 986/986/986
f 988/988/988 986/986/986 989/989/989
f 992/992/992 991/991/991 990/990/990
f 992/992/992 990/990/990 993/993/993
f 993/993/993 990/990/990 994/994/994
f 993/993/993 994/994/994 995/995/995
f 996/996/996 992/992/992 993/993/993
f 997/997/997 993/993/993 995/995/995
f 996/996/996 993/993/993 997/997/997
f 997/997/997 995/995/995 998/998/998
f 999/999/999 997/997/997 998/998/998
f 1000/1000/1000 997/997/997 999/999/999
f 1000/1000/1000 996/996/996 997/997/997
f 1001/1001/1001 1000/1000/1000 999/999/999
f 1002/1002/1002 996/996/996 1000/1000/1000
f 1002/1002/1002 1003/1003/1003 996/996/996
f 1004/1004/1004 1002/1002/1002 1000/1000/1000
f 1004/1004/1004 1000/1000/1000 1001/1001/1001
f 1005/1005/1005 1004/1004/1004 1001/1001/1001
f 1006/1006/1006 1004/1004/1004 1005/1005/1005
f 1007/1007/1007 1006/1006/1006 1005/1005/1005
f 1006/1006/1006 1008/1008/1008 1004/1004/1004
f 1011/1011/1011 1010/1010/1010 1009/1009/1009
f 1011/1011/1011 1012/1012/1012 1010/1010/1010
f 1012/1012/1012 1013/1013/1013 1010/1010/1010
f 1012/1012/1012 1014/1014/1014 1013/1013/1013
f 1014/1014/1014 1015/1015/1015 1013/1013/1013
f 1014/1014/1014 1016/1016/1016 1015/1015/1015
f 1013/1013/1013 1015/1015/1015 1017/1017/1017
f 1013/1013/1013 1017/1017/1017 1018/1018/1018
f 1015/1015/1015 1019/1019/1019 1017/1017/1017
f 1016/1016/1016 1020/1020/1020 1015/1015/1015
f 1015/1015/1015 1020/1020/1020 1019/1019/1019
f 1016/1016/1016 1021/1021/1021 1020/1020/1020
f 1021/1021/1021 1022/1022/1022 1020/1020/1020
f 1021/1021/1021 1023/1023/1023 1022/1022/1022
f 1020/1020/1020 1024/1024/1024 1019/1019/1019
f 1020/1020/1020 1022/1022/1022 1024/1024/1024
f 1019/1019/1019 1024/1024/1024 1025/1025/1025
f 1019/1019/1019 1025/1025/1025 1026/1026/1026
f 1022/1022/1022 1027/1027/1027 1024/1024/1024
f 1022/1022/1022 1028/1028/1028 1027/1027/1027
f 1024/1024/1024 1027/1027/1027 1029/1029/1029
f 1024/1024/1024 1029/1029/1029 1025/1025/1025
f 1026/1026/1026 1025/1025/1025 1030/1030/1030
f 1026/1026/1026 1030/1030/1030 1031/1031/1031
f 1027/1027/1027 1032/1032/1032 1029/1029/1029
f 1027/1027/1027 1033/1033/1033 1032/1032/1032
f 1025/1025/1025 1029/1029/1029 1034/1034/1034
f 1025/1025/1025 1034/1034/1034 1030/1030/1030
f 1029/1029/1029 1032/1032/1032 1035/1035/1035
f 1029/1029/1029 1035/1035/1035 1034/1034/1034
f 1032/1032/1032 1036/1036/1036 1035/1035/1035
f 1032/1032/1032 1037/1037/1037 1036/1036/1036
f 1037/1037/1037 1038/1038/1038 1036/1036/1036
f 1037/1037/1037 1039/1039/1039 1038/1038/1038
f 1031/1031/1031 1030/1030/1030 1040/1040/1040
f 1031/1031/1031 1040/1040/1040 1041/1041/1041
f 1030/1030/1030 1042/1042/1042 1040/1040/1040
f 1030/1030/1030 1034/1034/1034 1042/1042/1042
f 1043/1043/1043 1031/1031/1031 1041/1041/1041
f 1043/1043/1043 1041/1041/1041 1044/1044/1044
f 1045/1045/1045 1043/1043/1043 1044/1044/1044
f 1034/1034/1034 1046/1046/1046 1042/1042/1042
f 1034/1034/1034 1035/1035/1035 1046/1046/1046
f 1035/1035/1035 1047/1047/1047 1046/1046/1046
f 1035/1035/1035 1036/1036/1036 1047/1047/1047
f 1036/1036/1036 1048/1048/1048 1047/1047/1047
f 1036/1036/1036 1038/1038/1038 1048/1048/1048
f 1038/1038/1038 1049/1049/1049 1048/1048/1048
f 1038/1038/1038 1050/1050/1050 1049/1049/1049
f 1050/1050/1050 1051/1051/1051 1049/1049/1049
f 1050/1050/1050 1052/1052/1052 1051/1051/1051
f 1053/1053/1053 1052/1052/1052 1050/1050/1050
f 1052/1052/1052 1054/1054/1054 1051/1051/1051
f 1053/1053/1053 1055/1055/1055 1052/1052/1052
f 1052/1052/1052 1056/1056/1056 1054/1054/1054
f 1055/1055/1055 1056/1056/1056 1052/1052/1052
f 1056/1056/1056 1057/1057/1057 1054/1054/1054
f 1055/1055/1055 1058/1058/1058 1056/1056/1056
f 1056/1056/1056 1059/1059/1059 1057/1057/1057
f 1058/1058/1058 1059/1059/1059 1056/1056/1056
f 1059/1059/1059 1060/1060/1060 1057/1057/1057
f 1058/1058/1058 1061/1061/1061 1059/1059/1059
f 1059/1059/1059 1062/1062/1062 1060/1060/1060
f 1061/1061/1061 1062/1062/1062 1059/1059/1059
f 1061/1061/1061 1063/1063/1063 1062/1062/1062
f 1062/1062/1062 1064/1064/1064 1060/1060/1060
f 1062/1062/1062 1065/1065/1065 1064/1064/1064
f 1065/1065/1065 1066/1066/1066 1064/1064/1064
f 1065/1065/1065 1067/1067/1067 1066/1066/1066
f 1067/1067/1067 1068/1068/1068 1066/1066/1066
f 1067/1067/1067 1069/1069/1069 1068/1068/1068
f 1069/1069/1069 1070/1070/1070 1068/1068/1068
f 1071/1071/1071 1069/1069/1069 1067/1067/1067
f 1069/1069/1069 1072/1072/1072 1070/1070/1070
f 1072/1072/1072 1073/1073/1073 1070/1070/1070
f 1071/1071/1071 1074/1074/1074 1069/1069/1069
f 1075/1075/1075 1074/1074/1074 1071/1071/1071
f 1075/1075/1075 1076/1076/1076 1074/1074/1074
f 1076/1076/1076 1077/1077/1077 1074/1074/1074
f 1076/1076/1076 1078/1078/1078 1077/1077/1077
f 1080/1080/1080 1079/1079/1079 1073/1073/1073
f 1080/1080/1080 1081/1081/1081 1079/1079/1079
f 1081/1081/1081 1082/1082/1082 1079/1079/1079
f 1081/1081/1081 1083/1083/1083 1082/1082/1082
f 1083/1083/1083 1084/1084/1084 1082/1082/1082
f 1087/1087/1087 1086/1086/1086 1085/1085/1085
f 1088/1088/1088 1087/1087/1087 1085/1085/1085
f 1088/1088/1088 1085/1085/1085 1089/1089/1089
f 1092/1092/1092 1091/1091/1091 1090/1090/1090
f 1093/1093/1093 1092/1092/1092 1090/1090/1090
f 1094/1094/1094 1092/1092/1092 1093/1093/1093
f 1095/1095/1095 1094/1094/1094 1093/1093/1093
f 1095/1095/1095 1093/1093/1093 1096/1096/1096
f 1097/1097/1097 1095/1095/1095 1096/1096/1096
f 1097/1097/1097 1096/1096/1096 1098/1098/1098
f 1099/1099/1099 1097/1097/1097 1098/1098/1098
f 1098/1098/1098 1096/1096/1096 1100/1100/1100
f 1096/1096/1096 1101/1101/1101 1100/1100/1100
f 1098/1098/1098 1100/1100/1100 1102/1102/1102
f 1099/1099/1099 1098/1098/1098 1103/1103/1103
f 1103/1103/1103 1098/1098/1098 1102/1102/1102
f 1104/1104/1104 1099/1099/1099 1103/1103/1103
f 1103/1103/1103 1102/1102/1102 1105/1105/1105
f 1104/1104/1104 1103/1103/1103 1106/1106/1106
f 1106/1106/1106 1103/1103/1103 1105/1105/1105
f 1107/1107/1107 1104/1104/1104 1106/1106/1106
f 1106/1106/1106 1105/1105/1105 1108/1108/1108
f 1107/1107/1107 1106/1106/1106 1109/1109/1109
f 1109/1109/1109 1106/1106/1106 1108/1108/1108
f 1110/1110/1110 1107/1107/1107 1109/1109/1109
f 1109/1109/1109 1108/1108/1108 1111/1111/1111
f 1110/1110/1110 1109/1109/1109 1112/1112/1112
f 1112/1112/1112 1109/1109/1109 1111/1111/1111
f 1113/1113/1113 1110/1110/1110 1112/1112/1112
f 1112/1112/1112 1111/1111/1111 1114/1114/1114
f 1113/1113/1113 1112/1112/1112 1115/1115/1115
f 1115/1115/1115 1112/1112/1112 1114/1114/1114
f 1116/1116/1116 1113/1113/1113 1115/1115/1115
f 1115/1115/1115 1114/1114/1114 1117/1117/1117
f 1116/1116/1116 1115/1115/1115 1118/1118/1118
f 1118/1118/1118 1115/1115/1115 1117/1117/1117
f 1119/1119/1119 1116/1116/1116 1118/1118/1118
f 1118/1118/1118 1117/1117/1117 1120/1120/1120
f 1119/1119/1119 1118/1118/1118 1121/1121/1121
f 1121/1121/1121 1118/1118/1118 1120/1120/1120
f 1122/1122/1122 1119/1119/1119 1121/1121/1121
f 1121/1121/1121 1120/1120/1120 1123/1123/1123
f 1122/1122/1122 1121/1121/1121 1124/1124/1124
f 1124/1124/1124 1121/1121/1121 1123/1123/1123
f 1125/1125/1125 1122/1122/1122 1124/1124/1124
f 1124/1124/1124 1123/1123/1123 1126/1126/1126
f 1125/1125/1125 1124/1124/1124 1127/1127/1127
f 1127/1127/1127 1124/1124/1124 1126/1126/1126
f 1128/1128/1128 1125/1125/1125 1127/1127/1127
f 1127/1127/1127 1126/1126/1126 1129/1129/1129
f 1130/1130/1130 1127/1127/1127 1129/1129/1129
f 1132/1132/1132 1130/1130/1130 1131/1131/1131
f 1133/1133/1133 1132/1132/1132 1131/1131/1131
f 1133/1133/1133 1131/1131/1131 1134/1134/1134
f 1135/1135/1135 1133/1133/1133 1134/1134/1134
f 1138/1138/1138 1137/1137/1137 1136/1136/1136
f 1139/1139/1139 1138/1138/1138 1136/1136/1136
f 1139/1139/1139 1136/1136/1136 1140/1140/1140
f 1141/1141/1141 1139/1139/1139 1140/1140/1140
f 1142/1142/1142 1139/1139/1139 1141/1141/1141
f 1143/1143/1143 1142/1142/1142 1141/1141/1141
f 1141/1141/1141 1140/1140/1140 1144/1144/1144
f 1145/1145/1145 1141/1141/1141 1144/1144/1144
f 1145/1145/1145 1144/1144/1144 1146/1146/1146
f 1147/1147/1147 1145/1145/1145 1146/1146/1146
f 1147/1147/1147 1146/1146/1146 1148/1148/1148
f 1149/1149/1149 1147/1147/1147 1148/1148/1148
f 1149/1149/1149 1148/1148/1148 1150/1150/1150
f 1151/1151/1151 1149/1149/1149 1150/1150/1150
f 1151/1151/1151 1150/1150/1150 1152/1152/1152
f 1153/1153/1153 1151/1151/1151 1152/1152/1152
f 1153/1153/1153 1152/1152/1152 1154/1154/1154
f 1155/1155/1155 1153/1153/1153 1154/1154/1154
f 1155/1155/1155 1154/1154/1154 1156/1156/1156
f 1157/1157/1157 1155/1155/1155 1156/1156/1156
f 1157/1157/1157 1156/1156/1156 1158/1158/1158
f 1159/1159/1159 1157/1157/1157 1158/1158/1158
f 1159/1159/1159 1158/1158/1158 1160/1160/1160
f 1161/1161/1161 1159/1159/1159 1160/1160/1160
f 1161/1161/1161 1160/1160/1160 1162/1162/1162
f 1163/1163/1163 1161/1161/1161 1162/1162/1162
f 1163/1163/1163 1162/1162/1162 1164/1164/1164
f 1165/1165/1165 1163/1163/1163 1164/1164/1164
f 1165/1165/1165 1164/1164/1164 1166/1166/1166
f 1167/1167/1167 1165/1165/1165 1166/1166/1166
f 1168/1168/1168 1165/1165/1165 1167/1167/1167
f 1167/1167/1167 1166/1166/1166 1169/1169/1169
f 1170/1170/1170 1168/1168/1168 1167/1167/1167
f 1171/1171/1171 1167/1167/1167 1169/1169/1169
f 1170/1170/1170 1167/1167/1167 1171/1171/1171
f 1171/1171/1171 1169/1169/1169 1172/1172/1172
f 1173/1173/1173 1170/1170/1170 1171/1171/1171
f 1174/1174/1174 1171/1171/1171 1172/1172/1172
f 1173/1173/1173 1171/1171/1171 1174/1174/1174
f 1174/1174/1174 1172/1172/1172 1175/1175/1175
f 1176/1176/1176 1173/1173/1173 1174/1174/1174
f 1177/1177/1177 1173/1173/1173 1176/1176/1176
f 1178/1178/1178 1177/1177/1177 1176/1176/1176
f 1179/1179/1179 1174/1174/1174 1175/1175/1175
f 1176/1176/1176 1174/1174/1174 1179/1179/1179
f 1179/1179/1179 1175/1175/1175 1180/1180/1180
f 1178/1178/1178 1176/1176/1176 1181/1181/1181
f 1181/1181/1181 1176/1176/1176 1179/1179/1179
f 1182/1182/1182 1178/1178/1178 1181/1181/1181
f 1183/1183/1183 1179/1179/1179 1180/1180/1180
f 1181/1181/1181 1179/1179/1179 1183/1183/1183
f 1183/1183/1183 1180/1180/1180 1184/1184/1184
f 1182/1182/1182 1181/1181/1181 1185/1185/1185
f 1185/1185/1185 1181/1181/1181 1183/1183/1183
f 1186/1186/1186 1182/1182/1182 1185/1185/1185
f 1187/1187/1187 1183/1183/1183 1184/1184/1184
f 1185/1185/1185 1183/1183/1183 1187/1187/1187
f 1187/1187/1187 1184/1184/1184 1188/1188/1188
f 1186/1186/1186 1185/1185/1185 1189/1189/1189
f 1189/1189/1189 1185/1185/1185 1187/1187/1187
f 1190/1190/1190 1186/1186/1186 1189/1189/1189
f 1191/1191/1191 1187/1187/1187 1188/1188/1188
f 1189/1189/1189 1187/1187/1187 1191/1191/1191
f 1191/1191/1191 1188/1188/1188 1192/1192/1192
f 1190/1190/1190 1189/1189/1189 1193/1193/1193
f 1193/1193/1193 1189/1189/1189 1191/1191/1191
f 1194/1194/1194 1190/1190/1190 1193/1193/1193
f 1195/1195/1195 1191/1191/1191 1192/1192/1192
f 1193/1193/1193 1191/1191/1191 1195/1195/1195
f 1195/1195/1195 1192/1192/1192 1196/1196/1196
f 1194/1194/1194 1193/1193/1193 1197/1197/1197
f 1197/1197/1197 1193/1193/1193 1195/1195/1195
f 1198/1198/1198 1194/1194/1194 1197/1197/1197
f 1199/1199/1199 1195/1195/1195 1196/1196/1196
f 1197/1197/1197 1195/1195/1195 1199/1199/1199
f 1199/1199/1199 1196/1196/1196 1200/1200/1200
f 1198/1198/1198 1197/1197/1197 1201/1201/1201
f 1201/1201/1201 1197/1197/1197 1199/1199/1199
f 1202/1202/1202 1198/1198/1198 1201/1201/1201
f 1202/1202/1202 1201/1201/1201 1203/1203/1203
f 1204/1204/1204 1199/1199/1199 1200/1200/1200
f 1201/1201/1201 1199/1199/1199 1204/1204/1204
f 1203/1203/1203 1201/1201/1201 1204/1204/1204
f 1204/1204/1204 1200/1200/1200 1205/1205/1205
f 1203/1203/1203 1204/1204/1204 1206/1206/1206
f 1206/1206/1206 1204/1204/1204 1205/1205/1205
f 1207/1207/1207 1203/1203/1203 1206/1206/1206
f 1206/1206/1206 1205/1205/1205 1208/1208/1208
f 1207/1207/1207 1206/1206/1206 1209/1209/1209
f 1209/1209/1209 1206/1206/1206 1208/1208/1208
f 1210/1210/1210 1207/1207/1207 1209/1209/1209
f 1209/1209/1209 1208/1208/1208 1211/1211/1211
f 1210/1210/1210 1209/1209/1209 1212/1212/1212
f 1212/1212/1212 1209/1209/1209 1211/1211/1211
f 1212/1212/1212 1211/1211/1211 1213/1213/1213
f 1214/1214/1214 1210/1210/1210 1212/1212/1212
f 1215/1215/1215 1212/1212/1212 1213/1213/1213
f 1214/1214/1214 1212/1212/1212 1215/1215/1215
f 1215/1215/1215 1213/1213/1213 1216/1216/1216
f 1217/1217/1217 1215/1215/1215 1216/1216/1216
f 1217/1217/1217 1216/1216/1216 1218/1218/1218
f 1219/1219/1219 1214/1214/1214 1215/1215/1215
f 1219/1219/1219 1215/1215/1215 1217/1217/1217
f 1220/1220/1220 1217/1217/1217 1218/1218/1218
f 1220/1220/1220 1218/1218/1218 1221/1221/1221
f 1222/1222/1222 1214/1214/1214 1219/1219/1219
f 1222/1222/1222 1223/1223/1223 1214/1214/1214
f 1224/1224/1224 1222/1222/1222 1219/1219/1219
f 1225/1225/1225 1219/1219/1219 1217/1217/1217
f 1224/1224/1224 1219/1219/1219 1225/1225/1225
f 1225/1225/1225 1217/1217/1217 1220/1220/1220
f 1226/1226/1226 1224/1224/1224 1225/1225/1225
f 1226/1226/1226 1225/1225/1225 1227/1227/1227
f 1227/1227/1227 1225/1225/1225 1220/1220/1220
f 1228/1228/1228 1226/1226/1226 1227/1227/1227
f 1229/1229/1229 1220/1220/1220 1221/1221/1221
f 1227/1227/1227 1220/1220/1220 1229/1229/1229
f 1229/1229/1229 1221/1221/1221 1230/1230/1230
f 1228/1228/1228 1227/1227/1227 1231/1231/1231
f 1231/1231/1231 1227/1227/1227 1229/1229/1229
f 1232/1232/1232 1228/1228/1228 1231/1231/1231
f 1233/1233/1233 1229/1229/1229 1230/1230/1230
f 1231/1231/1231 1229/1229/1229 1233/1233/1233
f 1233/1233/1233 1230/1230/1230 1234/1234/1234
f 1235/1235/1235 1233/1233/1233 1234/1234/1234
f 1232/1232/1232 1231/1231/1231 1236/1236/1236
f 1236/1236/1236 1231/1231/1231 1233/1233/1233
f 1236/1236/1236 1233/1233/1233 1235/1235/1235
f 1237/1237/1237 1232/1232/1232 1236/1236/1236
f 1238/1238/1238 1236/1236/1236 1235/1235/1235
f 1237/1237/1237 1236/1236/1236 1238/1238/1238
f 1241/1241/1241 1240/1240/1240 1239/1239/1239
f 1241/1241/1241 1239/1239/1239 1242/1242/1242
f 1243/1243/1243 1241/1241/1241 1242/1242/1242
f 1243/1243/1243 1242/1242/1242 1244/1244/1244
f 1245/1245/1245 1243/1243/1243 1244/1244/1244
f 1245/1245/1245 1244/1244/1244 1246/1246/1246
f 1249/1249/1249 1248/1248/1248 1247/1247/1247
f 1247/1247/1247 1248/1248/1248 1250/1250/1250
f 1247/1247/1247 1250/1250/1250 1251/1251/1251
f 1252/1252/1252 1247/1247/1247 1251/1251/1251
f 1253/1253/1253 1247/1247/1247 1252/1252/1252
f 1254/1254/1254 1253/1253/1253 1252/1252/1252
f 1257/1257/1257 1256/1256/1256 1255/1255/1255
f 1258/1258/1258 1256/1256/1256 1257/1257/1257
f 1259/1259/1259 1258/1258/1258 1257/1257/1257
f 1260/1260/1260 1258/1258/1258 1259/1259/1259
f 1261/1261/1261 1260/1260/1260 1259/1259/1259
f 1262/1262/1262 1260/1260/1260 1261/1261/1261
f 1263/1263/1263 1262/1262/1262 1261/1261/1261
f 1264/1264/1264 1262/1262/1262 1263/1263/1263
f 1265/1265/1265 1264/1264/1264 1263/1263/1263
f 1266/1266/1266 1264/1264/1264 1265/1265/1265
f 1267/1267/1267 1266/1266/1266 1265/1265/1265
f 1268/1268/1268 1266/1266/1266 1267/1267/1267
f 1269/1269/1269 1268/1268/1268 1267/1267/1267
f 1270/1270/1270 1268/1268/1268 1269/1269/1269
f 1271/1271/1271 1270/1270/1270 1269/1269/1269
f 1272/1272/1272 1270/1270/1270 1271/1271/1271
f 1273/1273/1273 1272/1272/1272 1271/1271/1271
f 1274/1274/1274 1272/1272/1272 1273/1273/1273
f 1275/1275/1275 1274/1274/1274 1273/1273/1273
f 1276/1276/1276 1274/1274/1274 1275/1275/1275
f 1277/1277/1277 1276/1276/1276 1275/1275/1275
f 1278/1278/1278 1276/1276/1276 1277/1277/1277
f 1279/1279/1279 1278/1278/1278 1277/1277/1277
f 1266/1266/1266 1280/1280/1280 1264/1264/1264
f 1268/1268/1268 1281/1281/1281 1266/1266/1266
f 1281/1281/1281 1280/1280/1280 1266/1266/1266
f 1270/1270/1270 1282/1282/1282 1268/1268/1268
f 1282/1282/1282 1281/1281/1281 1268/1268/1268
f 1272/1272/1272 1283/1283/1283 1270/1270/1270
f 1283/1283/1283 1282/1282/1282 1270/1270/1270
f 1274/1274/1274 1284/1284/1284 1272/1272/1272
f 1284/1284/1284 1283/1283/1283 1272/1272/1272
f 1276/1276/1276 1285/1285/1285 1274/1274/1274
f 1285/1285/1285 1284/1284/1284 1274/1274/1274
f 1278/1278/1278 1286/1286/1286 1276/1276/1276
f 1286/1286/1286 1285/1285/1285 1276/1276/1276
f 1280/1280/1280 1287/1287/1287 1264/1264/1264
f 1264/1264/1264 1287/1287/1287 1262/1262/1262
f 1287/1287/1287 1288/1288/1288 1262/1262/1262
f 1262/1262/1262 1288/1288/1288 1260/1260/1260
f 1288/1288/1288 1289/1289/1289 1260/1260/1260
f 1260/1260/1260 1289/1289/1289 1258/1258/1258
f 1289/1289/1289 1290/1290/1290 1258/1258/1258
f 1258/1258/1258 1290/1290/1290 1256/1256/1256
f 1290/1290/1290 1291/1291/1291 1256/1256/1256
f 1256/1256/1256 1291/1291/1291 1292/1292/1292
f 1293/1293/1293 1286/1286/1286 1278/1278/1278
f 1294/1294/1294 1293/1293/1293 1278/1278/1278
f 1294/1294/1294 1278/1278/1278 1279/1279/1279
f 1295/1295/1295 1294/1294/1294 1279/1279/1279
f 1295/1295/1295 1279/1279/1279 1296/1296/1296
f 1297/1297/1297 1295/1295/1295 1296/1296/1296
f 1293/1293/1293 1298/1298/1298 1286/1286/1286
f 1298/1298/1298 1299/1299/1299 1286/1286/1286
f 1286/1286/1286 1299/1299/1299 1285/1285/1285
f 1298/1298/1298 1300/1300/1300 1299/1299/1299
f 1299/1299/1299 1301/1301/1301 1285/1285/1285
f 1285/1285/1285 1301/1301/1301 1284/1284/1284
f 1300/1300/1300 1302/1302/1302 1299/1299/1299
f 1299/1299/1299 1302/1302/1302 1301/1301/1301
f 1300/1300/1300 1303/1303/1303 1302/1302/1302
f 1301/1301/1301 1304/1304/1304 1284/1284/1284
f 1284/1284/1284 1304/1304/1304 1283/1283/1283
f 1303/1303/1303 1305/1305/1305 1302/1302/1302
f 1303/1303/1303 1306/1306/1306 1305/1305/1305
f 1302/1302/1302 1307/1307/1307 1301/1301/1301
f 1301/1301/1301 1307/1307/1307 1304/1304/1304
f 1302/1302/1302 1305/1305/1305 1307/1307/1307
f 1304/1304/1304 1308/1308/1308 1283/1283/1283
f 1283/1283/1283 1308/1308/1308 1282/1282/1282
f 1306/1306/1306 1309/1309/1309 1305/1305/1305
f 1306/1306/1306 1310/1310/1310 1309/1309/1309
f 1307/1307/1307 1311/1311/1311 1304/1304/1304
f 1304/1304/1304 1311/1311/1311 1308/1308/1308
f 1305/1305/1305 1312/1312/1312 1307/1307/1307
f 1305/1305/1305 1309/1309/1309 1312/1312/1312
f 1307/1307/1307 1312/1312/1312 1311/1311/1311
f 1308/1308/1308 1313/1313/1313 1282/1282/1282
f 1282/1282/1282 1313/1313/1313 1281/1281/1281
f 1310/1310/1310 1314/1314/1314 1309/1309/1309
f 1310/1310/1310 1315/1315/1315 1314/1314/1314
f 1311/1311/1311 1316/1316/1316 1308/1308/1308
f 1308/1308/1308 1316/1316/1316 1313/1313/1313
f 1312/1312/1312 1317/1317/1317 1311/1311/1311
f 1311/1311/1311 1317/1317/1317 1316/1316/1316
f 1309/1309/1309 1318/1318/1318 1312/1312/1312
f 1309/1309/1309 1314/1314/1314 1318/1318/1318
f 1312/1312/1312 1318/1318/1318 1317/1317/1317
f 1313/1313/1313 1319/1319/1319 1281/1281/1281
f 1281/1281/1281 1319/1319/1319 1280/1280/1280
f 1315/1315/1315 1320/1320/1320 1314/1314/1314
f 1315/1315/1315 1321/1321/1321 1320/1320/1320
f 1316/1316/1316 1322/1322/1322 1313/1313/1313
f 1313/1313/1313 1322/1322/1322 1319/1319/1319
f 1317/1317/1317 1323/1323/1323 1316/1316/1316
f 1316/1316/1316 1323/1323/1323 1322/1322/1322
f 1318/1318/1318 1324/1324/1324 1317/1317/1317
f 1317/1317/1317 1324/1324/1324 1323/1323/1323
f 1314/1314/1314 1325/1325/1325 1318/1318/1318
f 1314/1314/1314 1320/1320/1320 1325/1325/1325
f 1318/1318/1318 1325/1325/1325 1324/1324/1324
f 1319/1319/1319 1326/1326/1326 1280/1280/1280
f 1280/1280/1280 1326/1326/1326 1287/1287/1287
f 1321/1321/1321 1327/1327/1327 1320/1320/1320
f 1321/1321/1321 1328/1328/1328 1327/1327/1327
f 1322/1322/1322 1329/1329/1329 1319/1319/1319
f 1319/1319/1319 1329/1329/1329 1326/1326/1326
f 1323/1323/1323 1330/1330/1330 1322/1322/1322
f 1322/1322/1322 1330/1330/1330 1329/1329/1329
f 1324/1324/1324 1331/1331/1331 1323/1323/1323
f 1323/1323/1323 1331/1331/1331 1330/1330/1330
f 1325/1325/1325 1332/1332/1332 1324/1324/1324
f 1324/1324/1324 1332/1332/1332 1331/1331/1331
f 1320/1320/1320 1333/1333/1333 1325/1325/1325
f 1320/1320/1320 1327/1327/1327 1333/1333/1333
f 1325/1325/1325 1333/1333/1333 1332/1332/1332
f 1328/1328/1328 1334/1334/1334 1327/1327/1327
f 1328/1328/1328 1335/1335/1335 1334/1334/1334
f 1327/1327/1327 1336/1336/1336 1333/1333/1333
f 1327/1327/1327 1334/1334/1334 1336/1336/1336
f 1333/1333/1333 1337/1337/1337 1332/1332/1332
f 1333/1333/1333 1336/1336/1336 1337/1337/1337
f 1332/1332/1332 1338/1338/1338 1331/1331/1331
f 1332/1332/1332 1337/1337/1337 1338/1338/1338
f 1331/1331/1331 1339/1339/1339 1330/1330/1330
f 1331/1331/1331 1338/1338/1338 1339/1339/1339
f 1335/1335/1335 1340/1340/1340 1334/1334/1334
f 1335/1335/1335 1341/1341/1341 1340/1340/1340
f 1334/1334/1334 1342/1342/1342 1336/1336/1336
f 1334/1334/1334 1340/1340/1340 1342/1342/1342
f 1336/1336/1336 1343/1343/1343 1337/1337/1337
f 1336/1336/1336 1342/1342/1342 1343/1343/1343
f 1337/1337/1337 1344/1344/1344 1338/1338/1338
f 1337/1337/1337 1343/1343/1343 1344/1344/1344
f 1341/1341/1341 1345/1345/1345 1340/1340/1340
f 1341/1341/1341 1346/1346/1346 1345/1345/1345
f 1340/1340/1340 1347/1347/1347 1342/1342/1342
f 1340/1340/1340 1345/1345/1345 1347/1347/1347
f 1342/1342/1342 1348/1348/1348 1343/1343/1343
f 1342/1342/1342 1347/1347/1347 1348/1348/1348
f 1346/1346/1346 1349/1349/1349 1345/1345/1345
f 1346/1346/1346 1350/1350/1350 1349/1349/1349
f 1345/1345/1345 1351/1351/1351 1347/1347/1347
f 1345/1345/1345 1349/1349/1349 1351/1351/1351
f 1350/1350/1350 1352/1352/1352 1349/1349/1349
f 1350/1350/1350 1353/1353/1353 1352/1352/1352
f 1338/1338/1338 1344/1344/1344 1354/1354/1354
f 1338/1338/1338 1354/1354/1354 1339/1339/1339
f 1343/1343/1343 1355/1355/1355 1344/1344/1344
f 1343/1343/1343 1348/1348/1348 1355/1355/1355
f 1347/1347/1347 1356/1356/1356 1348/1348/1348
f 1347/1347/1347 1351/1351/1351 1356/1356/1356
f 1349/1349/1349 1357/1357/1357 1351/1351/1351
f 1349/1349/1349 1352/1352/1352 1357/1357/1357
f 1353/1353/1353 1358/1358/1358 1352/1352/1352
f 1353/1353/1353 1359/1359/1359 1358/1358/1358
f 1344/1344/1344 1360/1360/1360 1354/1354/1354
f 1344/1344/1344 1355/1355/1355 1360/1360/1360
f 1348/1348/1348 1361/1361/1361 1355/1355/1355
f 1348/1348/1348 1356/1356/1356 1361/1361/1361
f 1351/1351/1351 1362/1362/1362 1356/1356/1356
f 1351/1351/1351 1357/1357/1357 1362/1362/1362
f 1352/1352/1352 1363/1363/1363 1357/1357/1357
f 1352/1352/1352 1358/1358/1358 1363/1363/1363
f 1359/1359/1359 1364/1364/1364 1358/1358/1358
f 1359/1359/1359 1365/1365/1365 1364/1364/1364
f 1355/1355/1355 1366/1366/1366 1360/1360/1360
f 1355/1355/1355 1361/1361/1361 1366/1366/1366
f 1356/1356/1356 1367/1367/1367 1361/1361/1361
f 1356/1356/1356 1362/1362/1362 1367/1367/1367
f 1357/1357/1357 1368/1368/1368 1362/1362/1362
f 1357/1357/1357 1363/1363/1363 1368/1368/1368
f 1358/1358/1358 1369/1369/1369 1363/1363/1363
f 1358/1358/1358 1364/1364/1364 1369/1369/1369
f 1365/1365/1365 1370/1370/1370 1364/1364/1364
f 1365/1365/1365 1371/1371/1371 1370/1370/1370
f 1361/1361/1361 1372/1372/1372 1366/1366/1366
f 1361/1361/1361 1367/1367/1367 1372/1372/1372
f 1362/1362/1362 1373/1373/1373 1367/1367/1367
f 1362/1362/1362 1368/1368/1368 1373/1373/1373
f 1363/1363/1363 1374/1374/1374 1368/1368/1368
f 1363/1363/1363 1369/1369/1369 1374/1374/1374
f 1364/1364/1364 1375/1375/1375 1369/1369/1369
f 1364/1364/1364 1370/1370/1370 1375/1375/1375
f 1371/1371/1371 1376/1376/1376 1370/1370/1370
f 1371/1371/1371 1377/1377/1377 1376/1376/1376
f 1367/1367/1367 1378/1378/1378 1372/1372/1372
f 1367/1367/1367 1373/1373/1373 1378/1378/1378
f 1368/1368/1368 1379/1379/1379 1373/1373/1373
f 1368/1368/1368 1374/1374/1374 1379/1379/1379
f 1369/1369/1369 1380/1380/1380 1374/1374/1374
f 1369/1369/1369 1375/1375/1375 1380/1380/1380
f 1370/1370/1370 1381/1381/1381 1375/1375/1375
f 1370/1370/1370 1376/1376/1376 1381/1381/1381
f 1377/1377/1377 1382/1382/1382 1376/1376/1376
f 1377/1377/1377 1383/1383/1383 1382/1382/1382
f 1373/1373/1373 1384/1384/1384 1378/1378/1378
f 1384/1384/1384 1373/1373/1373 1379/1379/1379
f 1385/1385/1385 1379/1379/1379 1374/1374/1374
f 1374/1374/1374 1380/1380/1380 1385/1385/1385
f 1375/1375/1375 1386/1386/1386 1380/1380/1380
f 1375/1375/1375 1381/1381/1381 1386/1386/1386
f 1376/1376/1376 1387/1387/1387 1381/1381/1381
f 1376/1376/1376 1382/1382/1382 1387/1387/1387
f 1383/1383/1383 1388/1388/1388 1382/1382/1382
f 1383/1383/1383 1389/1389/1389 1388/1388/1388
f 1379/1379/1379 1390/1390/1390 1384/1384/1384
f 1379/1379/1379 1385/1385/1385 1390/1390/1390
f 1380/1380/1380 1391/1391/1391 1385/1385/1385
f 1380/1380/1380 1386/1386/1386 1391/1391/1391
f 1381/1381/1381 1392/1392/1392 1386/1386/1386
f 1381/1381/1381 1387/1387/1387 1392/1392/1392
f 1382/1382/1382 1393/1393/1393 1387/1387/1387
f 1382/1382/1382 1388/1388/1388 1393/1393/1393
f 1389/1389/1389 1394/1394/1394 1388/1388/1388
f 1389/1389/1389 1395/1395/1395 1394/1394/1394
f 1385/1385/1385 1396/1396/1396 1390/1390/1390
f 1385/1385/1385 1391/1391/1391 1396/1396/1396
f 1386/1386/1386 1397/1397/1397 1391/1391/1391
f 1386/1386/1386 1392/1392/1392 1397/1397/1397
f 1387/1387/1387 1398/1398/1398 1392/1392/1392
f 1387/1387/1387 1393/1393/1393 1398/1398/1398
f 1388/1388/1388 1399/1399/1399 1393/1393/1393
f 1388/1388/1388 1394/1394/1394 1399/1399/1399
f 1395/1395/1395 1400/1400/1400 1394/1394/1394
f 1395/1395/1395 1401/1401/1401 1400/1400/1400
f 1391/1391/1391 1402/1402/1402 1396/1396/1396
f 1391/1391/1391 1397/1397/1397 1402/1402/1402
f 1392/1392/1392 1403/1403/1403 1397/1397/1397
f 1392/1392/1392 1398/1398/1398 1403/1403/1403
f 1393/1393/1393 1404/1404/1404 1398/1398/1398
f 1393/1393/1393 1399/1399/1399 1404/1404/1404
f 1394/1394/1394 1405/1405/1405 1399/1399/1399
f 1394/1394/1394 1400/1400/1400 1405/1405/1405
f 1401/1401/1401 1406/1406/1406 1400/1400/1400
f 1401/1401/1401 1407/1407/1407 1406/1406/1406
f 1407/1407/1407 1408/1408/1408 1406/1406/1406
f 1400/1400/1400 1406/1406/1406 1409/1409/1409
f 1400/1400/1400 1409/1409/1409 1405/1405/1405
f 1406/1406/1406 1408/1408/1408 1410/1410/1410
f 1406/1406/1406 1410/1410/1410 1409/1409/1409
f 1408/1408/1408 1411/1411/1411 1410/1410/1410
f 1410/1410/1410 1411/1411/1411 1412/1412/1412
f 1399/1399/1399 1405/1405/1405 1413/1413/1413
f 1399/1399/1399 1413/1413/1413 1404/1404/1404
f 1398/1398/1398 1404/1404/1404 1414/1414/1414
f 1398/1398/1398 1414/1414/1414 1403/1403/1403
f 1409/1409/1409 1410/1410/1410 1415/1415/1415
f 1410/1410/1410 1412/1412/1412 1415/1415/1415
f 1405/1405/1405 1409/1409/1409 1416/1416/1416
f 1405/1405/1405 1416/1416/1416 1413/1413/1413
f 1409/1409/1409 1415/1415/1415 1416/1416/1416
f 1404/1404/1404 1413/1413/1413 1417/1417/1417
f 1404/1404/1404 1417/1417/1417 1414/1414/1414
f 1415/1415/1415 1412/1412/1412 1418/1418/1418
f 1412/1412/1412 1419/1419/1419 1418/1418/1418
f 1413/1413/1413 1416/1416/1416 1420/1420/1420
f 1413/1413/1413 1420/1420/1420 1417/1417/1417
f 1416/1416/1416 1415/1415/1415 1421/1421/1421
f 1415/1415/1415 1418/1418/1418 1421/1421/1421
f 1416/1416/1416 1421/1421/1421 1420/1420/1420
f 1418/1418/1418 1419/1419/1419 1422/1422/1422
f 1419/1419/1419 1423/1423/1423 1422/1422/1422
f 1421/1421/1421 1418/1418/1418 1424/1424/1424
f 1418/1418/1418 1422/1422/1422 1424/1424/1424
f 1420/1420/1420 1421/1421/1421 1425/1425/1425
f 1421/1421/1421 1424/1424/1424 1425/1425/1425
f 1417/1417/1417 1420/1420/1420 1426/1426/1426
f 1420/1420/1420 1425/1425/1425 1426/1426/1426
f 1414/1414/1414 1417/1417/1417 1427/1427/1427
f 1417/1417/1417 1426/1426/1426 1427/1427/1427
f 1422/1422/1422 1423/1423/1423 1428/1428/1428
f 1423/1423/1423 1429/1429/1429 1428/1428/1428
f 1424/1424/1424 1422/1422/1422 1430/1430/1430
f 1422/1422/1422 1428/1428/1428 1430/1430/1430
f 1425/1425/1425 1424/1424/1424 1431/1431/1431
f 1424/1424/1424 1430/1430/1430 1431/1431/1431
f 1426/1426/1426 1425/1425/1425 1432/1432/1432
f 1425/1425/1425 1431/1431/1431 1432/1432/1432
f 1428/1428/1428 1429/1429/1429 1433/1433/1433
f 1429/1429/1429 1434/1434/1434 1433/1433/1433
f 1430/1430/1430 1428/1428/1428 1435/1435/1435
f 1428/1428/1428 1433/1433/1433 1435/1435/1435
f 1431/1431/1431 1430/1430/1430 1436/1436/1436
f 1430/1430/1430 1435/1435/1435 1436/1436/1436
f 1433/1433/1433 1434/1434/1434 1437/1437/1437
f 1434/1434/1434 1438/1438/1438 1437/1437/1437
f 1435/1435/1435 1433/1433/1433 1439/1439/1439
f 1433/1433/1433 1437/1437/1437 1439/1439/1439
f 1437/1437/1437 1438/1438/1438 1440/1440/1440
f 1438/1438/1438 1441/1441/1441 1440/1440/1440
f 1426/1426/1426 1432/1432/1432 1442/1442/1442
f 1427/1427/1427 1426/1426/1426 1442/1442/1442
f 1432/1432/1432 1431/1431/1431 1443/1443/1443
f 1431/1431/1431 1436/1436/1436 1443/1443/1443
f 1436/1436/1436 1435/1435/1435 1444/1444/1444
f 1435/1435/1435 1439/1439/1439 1444/1444/1444
f 1439/1439/1439 1437/1437/1437 1445/1445/1445
f 1437/1437/1437 1440/1440/1440 1445/1445/1445
f 1442/1442/1442 1432/1432/1432 1446/1446/1446
f 1432/1432/1432 1443/1443/1443 1446/1446/1446
f 1443/1443/1443 1436/1436/1436 1447/1447/1447
f 1436/1436/1436 1444/1444/1444 1447/1447/1447
f 1444/1444/1444 1439/1439/1439 1448/1448/1448
f 1439/1439/1439 1445/1445/1445 1448/1448/1448
f 1446/1446/1446 1443/1443/1443 1449/1449/1449
f 1443/1443/1443 1447/1447/1447 1449/1449/1449
f 1447/1447/1447 1444/1444/1444 1450/1450/1450
f 1444/1444/1444 1448/1448/1448 1450/1450/1450
f 1449/1449/1449 1447/1447/1447 1451/1451/1451
f 1447/1447/1447 1450/1450/1450 1451/1451/1451
f 1445/1445/1445 1440/1440/1440 1452/1452/1452
f 1448/1448/1448 1445/1445/1445 1453/1453/1453
f 1445/1445/1445 1452/1452/1452 1453/1453/1453
f 1450/1450/1450 1448/1448/1448 1454/1454/1454
f 1448/1448/1448 1453/1453/1453 1454/1454/1454
f 1451/1451/1451 1450/1450/1450 1455/1455/1455
f 1450/1450/1450 1454/1454/1454 1455/1455/1455
f 1440/1440/1440 1456/1456/1456 1452/1452/1452
f 1440/1440/1440 1441/1441/1441 1456/1456/1456
f 1446/1446/1446 1449/1449/1449 1457/1457/1457
f 1449/1449/1449 1451/1451/1451 1458/1458/1458
f 1457/1457/1457 1449/1449/1449 1458/1458/1458
f 1451/1451/1451 1455/1455/1455 1459/1459/1459
f 1458/1458/1458 1451/1451/1451 1459/1459/1459
f 1460/1460/1460 1446/1446/1446 1457/1457/1457
f 1442/1442/1442 1446/1446/1446 1460/1460/1460
f 1461/1461/1461 1442/1442/1442 1460/1460/1460
f 1427/1427/1427 1442/1442/1442 1461/1461/1461
f 1462/1462/1462 1427/1427/1427 1461/1461/1461
f 1414/1414/1414 1427/1427/1427 1462/1462/1462
f 1403/1403/1403 1414/1414/1414 1462/1462/1462
f 1403/1403/1403 1462/1462/1462 1463/1463/1463
f 1397/1397/1397 1403/1403/1403 1463/1463/1463
f 1397/1397/1397 1463/1463/1463 1402/1402/1402
f 1462/1462/1462 1461/1461/1461 1464/1464/1464
f 1463/1463/1463 1462/1462/1462 1464/1464/1464
f 1461/1461/1461 1460/1460/1460 1465/1465/1465
f 1464/1464/1464 1461/1461/1461 1465/1465/1465
f 1460/1460/1460 1457/1457/1457 1466/1466/1466
f 1465/1465/1465 1460/1460/1460 1466/1466/1466
f 1457/1457/1457 1458/1458/1458 1467/1467/1467
f 1466/1466/1466 1457/1457/1457 1467/1467/1467
f 1402/1402/1402 1463/1463/1463 1468/1468/1468
f 1463/1463/1463 1464/1464/1464 1468/1468/1468
f 1464/1464/1464 1465/1465/1465 1469/1469/1469
f 1468/1468/1468 1464/1464/1464 1469/1469/1469
f 1465/1465/1465 1466/1466/1466 1470/1470/1470
f 1469/1469/1469 1465/1465/1465 1470/1470/1470
f 1402/1402/1402 1468/1468/1468 1471/1471/1471
f 1396/1396/1396 1402/1402/1402 1471/1471/1471
f 1468/1468/1468 1469/1469/1469 1472/1472/1472
f 1471/1471/1471 1468/1468/1468 1472/1472/1472
f 1396/1396/1396 1471/1471/1471 1473/1473/1473
f 1390/1390/1390 1396/1396/1396 1473/1473/1473
f 1467/1467/1467 1458/1458/1458 1474/1474/1474
f 1458/1458/1458 1459/1459/1459 1474/1474/1474
f 1466/1466/1466 1467/1467/1467 1475/1475/1475
f 1470/1470/1470 1466/1466/1466 1475/1475/1475
f 1469/1469/1469 1470/1470/1470 1476/1476/1476
f 1472/1472/1472 1469/1469/1469 1476/1476/1476
f 1471/1471/1471 1472/1472/1472 1477/1477/1477
f 1473/1473/1473 1471/1471/1471 1477/1477/1477
f 1390/1390/1390 1473/1473/1473 1478/1478/1478
f 1384/1384/1384 1390/1390/1390 1478/1478/1478
f 1467/1467/1467 1474/1474/1474 1479/1479/1479
f 1475/1475/1475 1467/1467/1467 1479/1479/1479
f 1470/1470/1470 1475/1475/1475 1480/1480/1480
f 1476/1476/1476 1470/1470/1470 1480/1480/1480
f 1472/1472/1472 1476/1476/1476 1481/1481/1481
f 1477/1477/1477 1472/1472/1472 1481/1481/1481
f 1473/1473/1473 1477/1477/1477 1482/1482/1482
f 1478/1478/1478 1473/1473/1473 1482/1482/1482
f 1478/1478/1478 1483/1483/1483 1384/1384/1384
f 1378/1378/1378 1384/1384/1384 1483/1483/1483
f 1475/1475/1475 1479/1479/1479 1484/1484/1484
f 1480/1480/1480 1475/1475/1475 1484/1484/1484
f 1476/1476/1476 1480/1480/1480 1485/1485/1485
f 1481/1481/1481 1476/1476/1476 1485/1485/1485
f 1477/1477/1477 1481/1481/1481 1486/1486/1486
f 1482/1482/1482 1477/1477/1477 1486/1486/1486
f 1478/1478/1478 1482/1482/1482 1487/1487/1487
f 1483/1483/1483 1478/1478/1478 1487/1487/1487
f 1378/1378/1378 1483/1483/1483 1488/1488/1488
f 1372/1372/1372 1378/1378/1378 1488/1488/1488
f 1480/1480/1480 1484/1484/1484 1489/1489/1489
f 1485/1485/1485 1480/1480/1480 1489/1489/1489
f 1481/1481/1481 1485/1485/1485 1490/1490/1490
f 1486/1486/1486 1481/1481/1481 1490/1490/1490
f 1482/1482/1482 1486/1486/1486 1491/1491/1491
f 1487/1487/1487 1482/1482/1482 1491/1491/1491
f 1483/1483/1483 1487/1487/1487 1492/1492/1492
f 1492/1492/1492 1488/1488/1488 1483/1483/1483
f 1372/1372/1372 1488/1488/1488 1493/1493/1493
f 1366/1366/1366 1372/1372/1372 1493/1493/1493
f 1485/1485/1485 1489/1489/1489 1494/1494/1494
f 1490/1490/1490 1485/1485/1485 1494/1494/1494
f 1486/1486/1486 1490/1490/1490 1495/1495/1495
f 1491/1491/1491 1486/1486/1486 1495/1495/1495
f 1487/1487/1487 1491/1491/1491 1496/1496/1496
f 1492/1492/1492 1487/1487/1487 1496/1496/1496
f 1488/1488/1488 1492/1492/1492 1497/1497/1497
f 1493/1493/1493 1488/1488/1488 1497/1497/1497
f 1366/1366/1366 1493/1493/1493 1498/1498/1498
f 1360/1360/1360 1366/1366/1366 1498/1498/1498
f 1490/1490/1490 1494/1494/1494 1499/1499/1499
f 1495/1495/1495 1490/1490/1490 1499/1499/1499
f 1491/1491/1491 1495/1495/1495 1500/1500/1500
f 1496/1496/1496 1491/1491/1491 1500/1500/1500
f 1496/1496/1496 1501/1501/1501 1492/1492/1492
f 1497/1497/1497 1492/1492/1492 1501/1501/1501
f 1493/1493/1493 1497/1497/1497 1502/1502/1502
f 1498/1498/1498 1493/1493/1493 1502/1502/1502
f 1360/1360/1360 1498/1498/1498 1503/1503/1503
f 1354/1354/1354 1360/1360/1360 1503/1503/1503
f 1495/1495/1495 1499/1499/1499 1504/1504/1504
f 1500/1500/1500 1495/1495/1495 1504/1504/1504
f 1496/1496/1496 1500/1500/1500 1505/1505/1505
f 1501/1501/1501 1496/1496/1496 1505/1505/1505
f 1497/1497/1497 1501/1501/1501 1506/1506/1506
f 1502/1502/1502 1497/1497/1497 1506/1506/1506
f 1498/1498/1498 1502/1502/1502 1507/1507/1507
f 1503/1503/1503 1498/1498/1498 1507/1507/1507
f 1354/1354/1354 1503/1503/1503 1508/1508/1508
f 1339/1339/1339 1354/1354/1354 1508/1508/1508
f 1500/1500/1500 1504/1504/1504 1509/1509/1509
f 1505/1505/1505 1500/1500/1500 1509/1509/1509
f 1501/1501/1501 1505/1505/1505 1510/1510/1510
f 1506/1506/1506 1501/1501/1501 1510/1510/1510
f 1502/1502/1502 1506/1506/1506 1511/1511/1511
f 1507/1507/1507 1502/1502/1502 1511/1511/1511
f 1503/1503/1503 1507/1507/1507 1512/1512/1512
f 1508/1508/1508 1503/1503/1503 1512/1512/1512
f 1339/1339/1339 1508/1508/1508 1513/1513/1513
f 1330/1330/1330 1339/1339/1339 1513/1513/1513
f 1330/1330/1330 1513/1513/1513 1329/1329/1329
f 1513/1513/1513 1508/1508/1508 1514/1514/1514
f 1508/1508/1508 1512/1512/1512 1514/1514/1514
f 1329/1329/1329 1513/1513/1513 1515/1515/1515
f 1513/1513/1513 1514/1514/1514 1515/1515/1515
f 1329/1329/1329 1515/1515/1515 1326/1326/1326
f 1512/1512/1512 1507/1507/1507 1516/1516/1516
f 1507/1507/1507 1511/1511/1511 1516/1516/1516
f 1511/1511/1511 1506/1506/1506 1517/1517/1517
f 1506/1506/1506 1510/1510/1510 1517/1517/1517
f 1514/1514/1514 1512/1512/1512 1518/1518/1518
f 1512/1512/1512 1516/1516/1516 1518/1518/1518
f 1326/1326/1326 1515/1515/1515 1519/1519/1519
f 1326/1326/1326 1519/1519/1519 1287/1287/1287
f 1287/1287/1287 1519/1519/1519 1288/1288/1288
f 1515/1515/1515 1514/1514/1514 1520/1520/1520
f 1515/1515/1515 1520/1520/1520 1519/1519/1519
f 1514/1514/1514 1518/1518/1518 1520/1520/1520
f 1519/1519/1519 1521/1521/1521 1288/1288/1288
f 1519/1519/1519 1520/1520/1520 1521/1521/1521
f 1288/1288/1288 1521/1521/1521 1289/1289/1289
f 1516/1516/1516 1511/1511/1511 1522/1522/1522
f 1511/1511/1511 1517/1517/1517 1522/1522/1522
f 1520/1520/1520 1518/1518/1518 1523/1523/1523
f 1520/1520/1520 1523/1523/1523 1521/1521/1521
f 1521/1521/1521 1524/1524/1524 1289/1289/1289
f 1521/1521/1521 1523/1523/1523 1524/1524/1524
f 1289/1289/1289 1524/1524/1524 1290/1290/1290
f 1518/1518/1518 1516/1516/1516 1525/1525/1525
f 1518/1518/1518 1525/1525/1525 1523/1523/1523
f 1516/1516/1516 1522/1522/1522 1525/1525/1525
f 1524/1524/1524 1526/1526/1526 1290/1290/1290
f 1290/1290/1290 1526/1526/1526 1291/1291/1291
f 1523/1523/1523 1527/1527/1527 1524/1524/1524
f 1523/1523/1523 1525/1525/1525 1527/1527/1527
f 1524/1524/1524 1527/1527/1527 1526/1526/1526
f 1525/1525/1525 1522/1522/1522 1528/1528/1528
f 1525/1525/1525 1528/1528/1528 1527/1527/1527
f 1522/1522/1522 1517/1517/1517 1529/1529/1529
f 1522/1522/1522 1529/1529/1529 1528/1528/1528
f 1527/1527/1527 1530/1530/1530 1526/1526/1526
f 1527/1527/1527 1528/1528/1528 1530/1530/1530
f 1526/1526/1526 1531/1531/1531 1291/1291/1291
f 1526/1526/1526 1530/1530/1530 1531/1531/1531
f 1528/1528/1528 1532/1532/1532 1530/1530/1530
f 1528/1528/1528 1529/1529/1529 1532/1532/1532
f 1517/1517/1517 1533/1533/1533 1529/1529/1529
f 1517/1517/1517 1510/1510/1510 1533/1533/1533
f 1291/1291/1291 1531/1531/1531 1534/1534/1534
f 1291/1291/1291 1534/1534/1534 1292/1292/1292
f 1530/1530/1530 1535/1535/1535 1531/1531/1531
f 1530/1530/1530 1532/1532/1532 1535/1535/1535
f 1529/1529/1529 1536/1536/1536 1532/1532/1532
f 1529/1529/1529 1533/1533/1533 1536/1536/1536
f 1510/1510/1510 1537/1537/1537 1533/1533/1533
f 1510/1510/1510 1505/1505/1505 1537/1537/1537
f 1505/1505/1505 1509/1509/1509 1537/1537/1537
f 1533/1533/1533 1537/1537/1537 1538/1538/1538
f 1533/1533/1533 1538/1538/1538 1536/1536/1536
f 1532/1532/1532 1536/1536/1536 1539/1539/1539
f 1532/1532/1532 1539/1539/1539 1535/1535/1535
f 1531/1531/1531 1535/1535/1535 1540/1540/1540
f 1531/1531/1531 1540/1540/1540 1534/1534/1534
f 1537/1537/1537 1509/1509/1509 1541/1541/1541
f 1537/1537/1537 1541/1541/1541 1538/1538/1538
f 1536/1536/1536 1538/1538/1538 1542/1542/1542
f 1536/1536/1536 1542/1542/1542 1539/1539/1539
f 1535/1535/1535 1539/1539/1539 1543/1543/1543
f 1535/1535/1535 1543/1543/1543 1540/1540/1540
f 1509/1509/1509 1544/1544/1544 1541/1541/1541
f 1509/1509/1509 1504/1504/1504 1544/1544/1544
f 1538/1538/1538 1541/1541/1541 1545/1545/1545
f 1538/1538/1538 1545/1545/1545 1542/1542/1542
f 1539/1539/1539 1542/1542/1542 1546/1546/1546
f 1539/1539/1539 1546/1546/1546 1543/1543/1543
f 1504/1504/1504 1547/1547/1547 1544/1544/1544
f 1504/1504/1504 1499/1499/1499 1547/1547/1547
f 1541/1541/1541 1544/1544/1544 1548/1548/1548
f 1541/1541/1541 1548/1548/1548 1545/1545/1545
f 1542/1542/1542 1545/1545/1545 1549/1549/1549
f 1542/1542/1542 1549/1549/1549 1546/1546/1546
f 1499/1499/1499 1550/1550/1550 1547/1547/1547
f 1499/1499/1499 1494/1494/1494 1550/1550/1550
f 1544/1544/1544 1547/1547/1547 1551/1551/1551
f 1544/1544/1544 1551/1551/1551 1548/1548/1548
f 1545/1545/1545 1548/1548/1548 1552/1552/1552
f 1545/1545/1545 1552/1552/1552 1549/1549/1549
f 1494/1494/1494 1553/1553/1553 1550/1550/1550
f 1494/1494/1494 1489/1489/1489 1553/1553/1553
f 1547/1547/1547 1550/1550/1550 1554/1554/1554
f 1547/1547/1547 1554/1554/1554 1551/1551/1551
f 1548/1548/1548 1551/1551/1551 1555/1555/1555
f 1548/1548/1548 1555/1555/1555 1552/1552/1552
f 1489/1489/1489 1556/1556/1556 1553/1553/1553
f 1489/1489/1489 1484/1484/1484 1556/1556/1556
f 1550/1550/1550 1553/1553/1553 1557/1557/1557
f 1550/1550/1550 1557/1557/1557 1554/1554/1554
f 1551/1551/1551 1554/1554/1554 1558/1558/1558
f 1551/1551/1551 1558/1558/1558 1555/1555/1555
f 1553/1553/1553 1556/1556/1556 1559/1559/1559
f 1553/1553/1553 1559/1559/1559 1557/1557/1557
f 1484/1484/1484 1560/1560/1560 1556/1556/1556
f 1484/1484/1484 1479/1479/1479 1560/1560/1560
f 1554/1554/1554 1557/1557/1557 1561/1561/1561
f 1554/1554/1554 1561/1561/1561 1558/1558/1558
f 1556/1556/1556 1562/1562/1562 1559/1559/1559
f 1556/1556/1556 1560/1560/1560 1562/1562/1562
f 1479/1479/1479 1563/1563/1563 1560/1560/1560
f 1479/1479/1479 1474/1474/1474 1563/1563/1563
f 1557/1557/1557 1559/1559/1559 1564/1564/1564
f 1557/1557/1557 1564/1564/1564 1561/1561/1561
f 1559/1559/1559 1562/1562/1562 1565/1565/1565
f 1559/1559/1559 1565/1565/1565 1564/1564/1564
f 1560/1560/1560 1566/1566/1566 1562/1562/1562
f 1560/1560/1560 1563/1563/1563 1566/1566/1566
f 1474/1474/1474 1567/1567/1567 1563/1563/1563
f 1474/1474/1474 1459/1459/1459 1567/1567/1567
f 1562/1562/1562 1568/1568/1568 1565/1565/1565
f 1562/1562/1562 1566/1566/1566 1568/1568/1568
f 1563/1563/1563 1569/1569/1569 1566/1566/1566
f 1563/1563/1563 1567/1567/1567 1569/1569/1569
f 1459/1459/1459 1570/1570/1570 1567/1567/1567
f 1459/1459/1459 1455/1455/1455 1570/1570/1570
f 1566/1566/1566 1571/1571/1571 1568/1568/1568
f 1566/1566/1566 1569/1569/1569 1571/1571/1571
f 1567/1567/1567 1572/1572/1572 1569/1569/1569
f 1567/1567/1567 1570/1570/1570 1572/1572/1572
f 1455/1455/1455 1573/1573/1573 1570/1570/1570
f 1455/1455/1455 1454/1454/1454 1573/1573/1573
f 1569/1569/1569 1574/1574/1574 1571/1571/1571
f 1569/1569/1569 1572/1572/1572 1574/1574/1574
f 1570/1570/1570 1575/1575/1575 1572/1572/1572
f 1570/1570/1570 1573/1573/1573 1575/1575/1575
f 1454/1454/1454 1576/1576/1576 1573/1573/1573
f 1454/1454/1454 1453/1453/1453 1576/1576/1576
f 1572/1572/1572 1577/1577/1577 1574/1574/1574
f 1572/1572/1572 1575/1575/1575 1577/1577/1577
f 1573/1573/1573 1578/1578/1578 1575/1575/1575
f 1573/1573/1573 1576/1576/1576 1578/1578/1578
f 1453/1453/1453 1579/1579/1579 1576/1576/1576
f 1453/1453/1453 1452/1452/1452 1579/1579/1579
f 1575/1575/1575 1580/1580/1580 1577/1577/1577
f 1575/1575/1575 1578/1578/1578 1580/1580/1580
f 1576/1576/1576 1581/1581/1581 1578/1578/1578
f 1576/1576/1576 1579/1579/1579 1581/1581/1581
f 1452/1452/1452 1582/1582/1582 1579/1579/1579
f 1452/1452/1452 1456/1456/1456 1582/1582/1582
f 1578/1578/1578 1583/1583/1583 1580/1580/1580
f 1578/1578/1578 1581/1581/1581 1583/1583/1583
f 1579/1579/1579 1584/1584/1584 1581/1581/1581
f 1579/1579/1579 1582/1582/1582 1584/1584/1584
f 1581/1581/1581 1585/1585/1585 1583/1583/1583
f 1581/1581/1581 1584/1584/1584 1585/1585/1585
f 1577/1577/1577 1580/1580/1580 1586/1586/1586
f 1580/1580/1580 1583/1583/1583 1587/1587/1587
f 1580/1580/1580 1587/1587/1587 1586/1586/1586
f 1583/1583/1583 1585/1585/1585 1588/1588/1588
f 1583/1583/1583 1588/1588/1588 1587/1587/1587
f 1577/1577/1577 1586/1586/1586 1589/1589/1589
f 1574/1574/1574 1577/1577/1577 1589/1589/1589
f 1574/1574/1574 1589/1589/1589 1590/1590/1590
f 1571/1571/1571 1574/1574/1574 1590/1590/1590
f 1571/1571/1571 1590/1590/1590 1591/1591/1591
f 1568/1568/1568 1571/1571/1571 1591/1591/1591
f 1568/1568/1568 1591/1591/1591 1592/1592/1592
f 1565/1565/1565 1568/1568/1568 1592/1592/1592
f 1565/1565/1565 1592/1592/1592 1593/1593/1593
f 1564/1564/1564 1565/1565/1565 1593/1593/1593
f 1564/1564/1564 1593/1593/1593 1594/1594/1594
f 1561/1561/1561 1564/1564/1564 1594/1594/1594
f 1561/1561/1561 1594/1594/1594 1595/1595/1595
f 1558/1558/1558 1561/1561/1561 1595/1595/1595
f 1558/1558/1558 1595/1595/1595 1596/1596/1596
f 1555/1555/1555 1558/1558/1558 1596/1596/1596
f 1555/1555/1555 1596/1596/1596 1597/1597/1597
f 1552/1552/1552 1555/1555/1555 1597/1597/1597
f 1552/1552/1552 1597/1597/1597 1598/1598/1598
f 1549/1549/1549 1552/1552/1552 1598/1598/1598
f 1549/1549/1549 1598/1598/1598 1599/1599/1599
f 1546/1546/1546 1549/1549/1549 1599/1599/1599
f 1546/1546/1546 1599/1599/1599 1600/1600/1600
f 1543/1543/1543 1546/1546/1546 1600/1600/1600
f 1543/1543/1543 1600/1600/1600 1601/1601/1601
f 1540/1540/1540 1543/1543/1543 1601/1601/1601
f 1540/1540/1540 1601/1601/1601 1602/1602/1602
f 1534/1534/1534 1540/1540/1540 1602/1602/1602
f 1534/1534/1534 1602/1602/1602 1603/1603/1603
f 1292/1292/1292 1534/1534/1534 1603/1603/1603
f 1292/1292/1292 1603/1603/1603 1604/1604/1604
f 1604/1604/1604 1603/1603/1603 1605/1605/1605
f 1603/1603/1603 1606/1606/1606 1605/1605/1605
f 1603/1603/1603 1602/1602/1602 1606/1606/1606
f 1605/1605/1605 1606/1606/1606 1607/1607/1607
f 1602/1602/1602 1601/1601/1601 1608/1608/1608
f 1602/1602/1602 1608/1608/1608 1606/1606/1606
f 1606/1606/1606 1609/1609/1609 1607/1607/1607
f 1606/1606/1606 1608/1608/1608 1609/1609/1609
f 1607/1607/1607 1609/1609/1609 1610/1610/1610
f 1601/1601/1601 1600/1600/1600 1611/1611/1611
f 1601/1601/1601 1611/1611/1611 1608/1608/1608
f 1609/1609/1609 1612/1612/1612 1610/1610/1610
f 1610/1610/1610 1612/1612/1612 1613/1613/1613
f 1608/1608/1608 1614/1614/1614 1609/1609/1609
f 1608/1608/1608 1611/1611/1611 1614/1614/1614
f 1609/1609/1609 1614/1614/1614 1612/1612/1612
f 1600/1600/1600 1615/1615/1615 1611/1611/1611
f 1600/1600/1600 1599/1599/1599 1615/1615/1615
f 1612/1612/1612 1616/1616/1616 1613/1613/1613
f 1613/1613/1613 1616/1616/1616 1617/1617/1617
f 1614/1614/1614 1618/1618/1618 1612/1612/1612
f 1612/1612/1612 1618/1618/1618 1616/1616/1616
f 1611/1611/1611 1619/1619/1619 1614/1614/1614
f 1611/1611/1611 1615/1615/1615 1619/1619/1619
f 1614/1614/1614 1619/1619/1619 1618/1618/1618
f 1599/1599/1599 1620/1620/1620 1615/1615/1615
f 1599/1599/1599 1598/1598/1598 1620/1620/1620
f 1616/1616/1616 1621/1621/1621 1617/1617/1617
f 1617/1617/1617 1621/1621/1621 1622/1622/1622
f 1618/1618/1618 1623/1623/1623 1616/1616/1616
f 1616/1616/1616 1623/1623/1623 1621/1621/1621
f 1619/1619/1619 1624/1624/1624 1618/1618/1618
f 1618/1618/1618 1624/1624/1624 1623/1623/1623
f 1615/1615/1615 1625/1625/1625 1619/1619/1619
f 1615/1615/1615 1620/1620/1620 1625/1625/1625
f 1619/1619/1619 1625/1625/1625 1624/1624/1624
f 1598/1598/1598 1626/1626/1626 1620/1620/1620
f 1598/1598/1598 1597/1597/1597 1626/1626/1626
f 1621/1621/1621 1627/1627/1627 1622/1622/1622
f 1622/1622/1622 1627/1627/1627 1628/1628/1628
f 1623/1623/1623 1629/1629/1629 1621/1621/1621
f 1621/1621/1621 1629/1629/1629 1627/1627/1627
f 1624/1624/1624 1630/1630/1630 1623/1623/1623
f 1623/1623/1623 1630/1630/1630 1629/1629/1629
f 1620/1620/1620 1631/1631/1631 1625/1625/1625
f 1620/1620/1620 1626/1626/1626 1631/1631/1631
f 1625/1625/1625 1632/1632/1632 1624/1624/1624
f 1624/1624/1624 1632/1632/1632 1630/1630/1630
f 1625/1625/1625 1631/1631/1631 1632/1632/1632
f 1597/1597/1597 1633/1633/1633 1626/1626/1626
f 1597/1597/1597 1596/1596/1596 1633/1633/1633
f 1627/1627/1627 1634/1634/1634 1628/1628/1628
f 1628/1628/1628 1634/1634/1634 1635/1635/1635
f 1629/1629/1629 1636/1636/1636 1627/1627/1627
f 1627/1627/1627 1636/1636/1636 1634/1634/1634
f 1630/1630/1630 1637/1637/1637 1629/1629/1629
f 1629/1629/1629 1637/1637/1637 1636/1636/1636
f 1632/1632/1632 1638/1638/1638 1630/1630/1630
f 1630/1630/1630 1638/1638/1638 1637/1637/1637
f 1631/1631/1631 1639/1639/1639 1632/1632/1632
f 1632/1632/1632 1639/1639/1639 1638/1638/1638
f 1626/1626/1626 1640/1640/1640 1631/1631/1631
f 1631/1631/1631 1640/1640/1640 1639/1639/1639
f 1626/1626/1626 1633/1633/1633 1640/1640/1640
f 1634/1634/1634 1641/1641/1641 1635/1635/1635
f 1635/1635/1635 1641/1641/1641 1642/1642/1642
f 1641/1641/1641 1643/1643/1643 1642/1642/1642
f 1636/1636/1636 1644/1644/1644 1634/1634/1634
f 1634/1634/1634 1644/1644/1644 1641/1641/1641
f 1637/1637/1637 1645/1645/1645 1636/1636/1636
f 1636/1636/1636 1645/1645/1645 1644/1644/1644
f 1638/1638/1638 1646/1646/1646 1637/1637/1637
f 1637/1637/1637 1646/1646/1646 1645/1645/1645
f 1639/1639/1639 1647/1647/1647 1638/1638/1638
f 1638/1638/1638 1647/1647/1647 1646/1646/1646
f 1640/1640/1640 1648/1648/1648 1639/1639/1639
f 1639/1639/1639 1648/1648/1648 1647/1647/1647
f 1641/1641/1641 1649/1649/1649 1643/1643/1643
f 1644/1644/1644 1649/1649/1649 1641/1641/1641
f 1645/1645/1645 1650/1650/1650 1644/1644/1644
f 1644/1644/1644 1650/1650/1650 1649/1649/1649
f 1646/1646/1646 1651/1651/1651 1645/1645/1645
f 1645/1645/1645 1651/1651/1651 1650/1650/1650
f 1647/1647/1647 1652/1652/1652 1646/1646/1646
f 1646/1646/1646 1652/1652/1652 1651/1651/1651
f 1649/1649/1649 1653/1653/1653 1643/1643/1643
f 1643/1643/1643 1653/1653/1653 1654/1654/1654
f 1650/1650/1650 1655/1655/1655 1649/1649/1649
f 1649/1649/1649 1655/1655/1655 1653/1653/1653
f 1651/1651/1651 1656/1656/1656 1650/1650/1650
f 1650/1650/1650 1656/1656/1656 1655/1655/1655
f 1648/1648/1648 1657/1657/1657 1647/1647/1647
f 1647/1647/1647 1657/1657/1657 1652/1652/1652
f 1652/1652/1652 1658/1658/1658 1651/1651/1651
f 1651/1651/1651 1658/1658/1658 1656/1656/1656
f 1657/1657/1657 1659/1659/1659 1652/1652/1652
f 1652/1652/1652 1659/1659/1659 1658/1658/1658
f 1655/1655/1655 1660/1660/1660 1653/1653/1653
f 1656/1656/1656 1661/1661/1661 1655/1655/1655
f 1655/1655/1655 1661/1661/1661 1660/1660/1660
f 1658/1658/1658 1662/1662/1662 1656/1656/1656
f 1656/1656/1656 1662/1662/1662 1661/1661/1661
f 1659/1659/1659 1663/1663/1663 1658/1658/1658
f 1658/1658/1658 1663/1663/1663 1662/1662/1662
f 1653/1653/1653 1660/1660/1660 1664/1664/1664
f 1653/1653/1653 1664/1664/1664 1654/1654/1654
f 1648/1648/1648 1665/1665/1665 1657/1657/1657
f 1657/1657/1657 1666/1666/1666 1659/1659/1659
f 1665/1665/1665 1666/1666/1666 1657/1657/1657
f 1659/1659/1659 1667/1667/1667 1663/1663/1663
f 1666/1666/1666 1667/1667/1667 1659/1659/1659
f 1668/1668/1668 1665/1665/1665 1648/1648/1648
f 1640/1640/1640 1668/1668/1668 1648/1648/1648
f 1633/1633/1633 1668/1668/1668 1640/1640/1640
f 1633/1633/1633 1669/1669/1669 1668/1668/1668
f 1596/1596/1596 1669/1669/1669 1633/1633/1633
f 1596/1596/1596 1595/1595/1595 1669/1669/1669
f 1668/1668/1668 1670/1670/1670 1665/1665/1665
f 1669/1669/1669 1670/1670/1670 1668/1668/1668
f 1595/1595/1595 1671/1671/1671 1669/1669/1669
f 1669/1669/1669 1671/1671/1671 1670/1670/1670
f 1595/1595/1595 1594/1594/1594 1671/1671/1671
f 1665/1665/1665 1672/1672/1672 1666/1666/1666
f 1670/1670/1670 1672/1672/1672 1665/1665/1665
f 1671/1671/1671 1673/1673/1673 1670/1670/1670
f 1670/1670/1670 1673/1673/1673 1672/1672/1672
f 1594/1594/1594 1674/1674/1674 1671/1671/1671
f 1671/1671/1671 1674/1674/1674 1673/1673/1673
f 1594/1594/1594 1593/1593/1593 1674/1674/1674
f 1672/1672/1672 1675/1675/1675 1666/1666/1666
f 1666/1666/1666 1675/1675/1675 1667/1667/1667
f 1673/1673/1673 1676/1676/1676 1672/1672/1672
f 1672/1672/1672 1676/1676/1676 1675/1675/1675
f 1593/1593/1593 1677/1677/1677 1674/1674/1674
f 1593/1593/1593 1592/1592/1592 1677/1677/1677
f 1674/1674/1674 1678/1678/1678 1673/1673/1673
f 1673/1673/1673 1678/1678/1678 1676/1676/1676
f 1674/1674/1674 1677/1677/1677 1678/1678/1678
f 1592/1592/1592 1679/1679/1679 1677/1677/1677
f 1592/1592/1592 1591/1591/1591 1679/1679/1679
f 1677/1677/1677 1680/1680/1680 1678/1678/1678
f 1677/1677/1677 1679/1679/1679 1680/1680/1680
f 1678/1678/1678 1681/1681/1681 1676/1676/1676
f 1678/1678/1678 1680/1680/1680 1681/1681/1681
f 1676/1676/1676 1682/1682/1682 1675/1675/1675
f 1676/1676/1676 1681/1681/1681 1682/1682/1682
f 1675/1675/1675 1683/1683/1683 1667/1667/1667
f 1675/1675/1675 1682/1682/1682 1683/1683/1683
f 1591/1591/1591 1684/1684/1684 1679/1679/1679
f 1591/1591/1591 1590/1590/1590 1684/1684/1684
f 1679/1679/1679 1685/1685/1685 1680/1680/1680
f 1679/1679/1679 1684/1684/1684 1685/1685/1685
f 1680/1680/1680 1686/1686/1686 1681/1681/1681
f 1680/1680/1680 1685/1685/1685 1686/1686/1686
f 1681/1681/1681 1687/1687/1687 1682/1682/1682
f 1681/1681/1681 1686/1686/1686 1687/1687/1687
f 1590/1590/1590 1688/1688/1688 1684/1684/1684
f 1590/1590/1590 1589/1589/1589 1688/1688/1688
f 1684/1684/1684 1689/1689/1689 1685/1685/1685
f 1684/1684/1684 1688/1688/1688 1689/1689/1689
f 1685/1685/1685 1690/1690/1690 1686/1686/1686
f 1685/1685/1685 1689/1689/1689 1690/1690/1690
f 1589/1589/1589 1691/1691/1691 1688/1688/1688
f 1589/1589/1589 1586/1586/1586 1691/1691/1691
f 1688/1688/1688 1692/1692/1692 1689/1689/1689
f 1688/1688/1688 1691/1691/1691 1692/1692/1692
f 1586/1586/1586 1693/1693/1693 1691/1691/1691
f 1586/1586/1586 1587/1587/1587 1693/1693/1693
f 1682/1682/1682 1687/1687/1687 1694/1694/1694
f 1682/1682/1682 1694/1694/1694 1683/1683/1683
f 1686/1686/1686 1695/1695/1695 1687/1687/1687
f 1686/1686/1686 1690/1690/1690 1695/1695/1695
f 1689/1689/1689 1696/1696/1696 1690/1690/1690
f 1689/1689/1689 1692/1692/1692 1696/1696/1696
f 1691/1691/1691 1697/1697/1697 1692/1692/1692
f 1691/1691/1691 1693/1693/1693 1697/1697/1697
f 1587/1587/1587 1698/1698/1698 1693/1693/1693
f 1587/1587/1587 1588/1588/1588 1698/1698/1698
f 1687/1687/1687 1699/1699/1699 1694/1694/1694
f 1687/1687/1687 1695/1695/1695 1699/1699/1699
f 1690/1690/1690 1700/1700/1700 1695/1695/1695
f 1690/1690/1690 1696/1696/1696 1700/1700/1700
f 1692/1692/1692 1701/1701/1701 1696/1696/1696
f 1692/1692/1692 1697/1697/1697 1701/1701/1701
f 1693/1693/1693 1702/1702/1702 1697/1697/1697
f 1693/1693/1693 1698/1698/1698 1702/1702/1702
f 1695/1695/1695 1703/1703/1703 1699/1699/1699
f 1695/1695/1695 1700/1700/1700 1703/1703/1703
f 1696/1696/1696 1704/1704/1704 1700/1700/1700
f 1696/1696/1696 1701/1701/1701 1704/1704/1704
f 1697/1697/1697 1705/1705/1705 1701/1701/1701
f 1697/1697/1697 1702/1702/1702 1705/1705/1705
f 1700/1700/1700 1706/1706/1706 1703/1703/1703
f 1700/1700/1700 1704/1704/1704 1706/1706/1706
f 1701/1701/1701 1707/1707/1707 1704/1704/1704
f 1701/1701/1701 1705/1705/1705 1707/1707/1707
f 1704/1704/1704 1708/1708/1708 1706/1706/1706
f 1704/1704/1704 1707/1707/1707 1708/1708/1708
f 1698/1698/1698 1709/1709/1709 1702/1702/1702
f 1702/1702/1702 1710/1710/1710 1705/1705/1705
f 1702/1702/1702 1709/1709/1709 1710/1710/1710
f 1705/1705/1705 1711/1711/1711 1707/1707/1707
f 1705/1705/1705 1710/1710/1710 1711/1711/1711
f 1707/1707/1707 1712/1712/1712 1708/1708/1708
f 1707/1707/1707 1711/1711/1711 1712/1712/1712
f 1698/1698/1698 1713/1713/1713 1709/1709/1709
f 1588/1588/1588 1713/1713/1713 1698/1698/1698
f 1588/1588/1588 1714/1714/1714 1713/1713/1713
f 1585/1585/1585 1714/1714/1714 1588/1588/1588
f 1585/1585/1585 1715/1715/1715 1714/1714/1714
f 1584/1584/1584 1715/1715/1715 1585/1585/1585
f 1584/1584/1584 1716/1716/1716 1715/1715/1715
f 1582/1582/1582 1716/1716/1716 1584/1584/1584
f 1582/1582/1582 1717/1717/1717 1716/1716/1716
f 1456/1456/1456 1717/1717/1717 1582/1582/1582
f 1456/1456/1456 1718/1718/1718 1717/1717/1717
f 1441/1441/1441 1718/1718/1718 1456/1456/1456
f 1441/1441/1441 1719/1719/1719 1718/1718/1718
f 1720/1720/1720 1719/1719/1719 1441/1441/1441
f 1719/1719/1719 1721/1721/1721 1718/1718/1718
f 1718/1718/1718 1721/1721/1721 1722/1722/1722
f 1718/1718/1718 1722/1722/1722 1717/1717/1717
f 1721/1721/1721 1723/1723/1723 1722/1722/1722
f 1717/1717/1717 1724/1724/1724 1716/1716/1716
f 1717/1717/1717 1722/1722/1722 1724/1724/1724
f 1722/1722/1722 1723/1723/1723 1725/1725/1725
f 1722/1722/1722 1725/1725/1725 1724/1724/1724
f 1723/1723/1723 1726/1726/1726 1725/1725/1725
f 1716/1716/1716 1727/1727/1727 1715/1715/1715
f 1716/1716/1716 1724/1724/1724 1727/1727/1727
f 1724/1724/1724 1725/1725/1725 1728/1728/1728
f 1724/1724/1724 1728/1728/1728 1727/1727/1727
f 1725/1725/1725 1726/1726/1726 1729/1729/1729
f 1725/1725/1725 1729/1729/1729 1728/1728/1728
f 1726/1726/1726 1730/1730/1730 1729/1729/1729
f 1715/1715/1715 1727/1727/1727 1731/1731/1731
f 1715/1715/1715 1731/1731/1731 1714/1714/1714
f 1727/1727/1727 1728/1728/1728 1732/1732/1732
f 1727/1727/1727 1732/1732/1732 1731/1731/1731
f 1728/1728/1728 1729/1729/1729 1733/1733/1733
f 1728/1728/1728 1733/1733/1733 1732/1732/1732
f 1729/1729/1729 1730/1730/1730 1734/1734/1734
f 1729/1729/1729 1734/1734/1734 1733/1733/1733
f 1730/1730/1730 1735/1735/1735 1734/1734/1734
f 1714/1714/1714 1731/1731/1731 1736/1736/1736
f 1714/1714/1714 1736/1736/1736 1713/1713/1713
f 1731/1731/1731 1732/1732/1732 1737/1737/1737
f 1731/1731/1731 1737/1737/1737 1736/1736/1736
f 1732/1732/1732 1733/1733/1733 1738/1738/1738
f 1732/1732/1732 1738/1738/1738 1737/1737/1737
f 1733/1733/1733 1734/1734/1734 1739/1739/1739
f 1733/1733/1733 1739/1739/1739 1738/1738/1738
f 1734/1734/1734 1735/1735/1735 1740/1740/1740
f 1734/1734/1734 1740/1740/1740 1739/1739/1739
f 1735/1735/1735 1741/1741/1741 1740/1740/1740
f 1713/1713/1713 1736/1736/1736 1742/1742/1742
f 1713/1713/1713 1742/1742/1742 1709/1709/1709
f 1736/1736/1736 1737/1737/1737 1743/1743/1743
f 1736/1736/1736 1743/1743/1743 1742/1742/1742
f 1737/1737/1737 1738/1738/1738 1744/1744/1744
f 1737/1737/1737 1744/1744/1744 1743/1743/1743
f 1738/1738/1738 1739/1739/1739 1745/1745/1745
f 1738/1738/1738 1745/1745/1745 1744/1744/1744
f 1740/1740/1740 1741/1741/1741 1746/1746/1746
f 1741/1741/1741 1747/1747/1747 1746/1746/1746
f 1739/1739/1739 1740/1740/1740 1748/1748/1748
f 1739/1739/1739 1748/1748/1748 1745/1745/1745
f 1740/1740/1740 1746/1746/1746 1748/1748/1748
f 1709/1709/1709 1742/1742/1742 1749/1749/1749
f 1709/1709/1709 1749/1749/1749 1710/1710/1710
f 1742/1742/1742 1743/1743/1743 1750/1750/1750
f 1742/1742/1742 1750/1750/1750 1749/1749/1749
f 1743/1743/1743 1744/1744/1744 1751/1751/1751
f 1743/1743/1743 1751/1751/1751 1750/1750/1750
f 1746/1746/1746 1747/1747/1747 1752/1752/1752
f 1747/1747/1747 1753/1753/1753 1752/1752/1752
f 1744/1744/1744 1745/1745/1745 1754/1754/1754
f 1744/1744/1744 1754/1754/1754 1751/1751/1751
f 1748/1748/1748 1746/1746/1746 1755/1755/1755
f 1746/1746/1746 1752/1752/1752 1755/1755/1755
f 1745/1745/1745 1748/1748/1748 1756/1756/1756
f 1745/1745/1745 1756/1756/1756 1754/1754/1754
f 1748/1748/1748 1755/1755/1755 1756/1756/1756
f 1752/1752/1752 1753/1753/1753 1757/1757/1757
f 1753/1753/1753 1758/1758/1758 1757/1757/1757
f 1755/1755/1755 1752/1752/1752 1759/1759/1759
f 1752/1752/1752 1757/1757/1757 1759/1759/1759
f 1756/1756/1756 1755/1755/1755 1760/1760/1760
f 1755/1755/1755 1759/1759/1759 1760/1760/1760
f 1754/1754/1754 1756/1756/1756 1761/1761/1761
f 1756/1756/1756 1760/1760/1760 1761/1761/1761
f 1751/1751/1751 1754/1754/1754 1762/1762/1762
f 1754/1754/1754 1761/1761/1761 1762/1762/1762
f 1757/1757/1757 1758/1758/1758 1763/1763/1763
f 1758/1758/1758 1764/1764/1764 1763/1763/1763
f 1759/1759/1759 1757/1757/1757 1765/1765/1765
f 1757/1757/1757 1763/1763/1763 1765/1765/1765
f 1760/1760/1760 1759/1759/1759 1766/1766/1766
f 1759/1759/1759 1765/1765/1765 1766/1766/1766
f 1761/1761/1761 1760/1760/1760 1767/1767/1767
f 1760/1760/1760 1766/1766/1766 1767/1767/1767
f 1763/1763/1763 1764/1764/1764 1768/1768/1768
f 1764/1764/1764 1769/1769/1769 1768/1768/1768
f 1768/1768/1768 1769/1769/1769 1770/1770/1770
f 1765/1765/1765 1763/1763/1763 1771/1771/1771
f 1763/1763/1763 1768/1768/1768 1771/1771/1771
f 1766/1766/1766 1765/1765/1765 1772/1772/1772
f 1765/1765/1765 1771/1771/1771 1772/1772/1772
f 1768/1768/1768 1770/1770/1770 1773/1773/1773
f 1771/1771/1771 1768/1768/1768 1773/1773/1773
f 1761/1761/1761 1767/1767/1767 1774/1774/1774
f 1762/1762/1762 1761/1761/1761 1774/1774/1774
f 1767/1767/1767 1766/1766/1766 1775/1775/1775
f 1766/1766/1766 1772/1772/1772 1775/1775/1775
f 1772/1772/1772 1771/1771/1771 1776/1776/1776
f 1771/1771/1771 1773/1773/1773 1776/1776/1776
f 1773/1773/1773 1770/1770/1770 1777/1777/1777
f 1770/1770/1770 1778/1778/1778 1777/1777/1777
f 1774/1774/1774 1767/1767/1767 1779/1779/1779
f 1767/1767/1767 1775/1775/1775 1779/1779/1779
f 1775/1775/1775 1772/1772/1772 1780/1780/1780
f 1772/1772/1772 1776/1776/1776 1780/1780/1780
f 1776/1776/1776 1773/1773/1773 1781/1781/1781
f 1773/1773/1773 1777/1777/1777 1781/1781/1781
f 1777/1777/1777 1778/1778/1778 1782/1782/1782
f 1778/1778/1778 1783/1783/1783 1782/1782/1782
f 1779/1779/1779 1775/1775/1775 1784/1784/1784
f 1775/1775/1775 1780/1780/1780 1784/1784/1784
f 1780/1780/1780 1776/1776/1776 1785/1785/1785
f 1776/1776/1776 1781/1781/1781 1785/1785/1785
f 1781/1781/1781 1777/1777/1777 1786/1786/1786
f 1777/1777/1777 1782/1782/1782 1786/1786/1786
f 1782/1782/1782 1783/1783/1783 1787/1787/1787
f 1783/1783/1783 1788/1788/1788 1787/1787/1787
f 1784/1784/1784 1780/1780/1780 1789/1789/1789
f 1780/1780/1780 1785/1785/1785 1789/1789/1789
f 1785/1785/1785 1781/1781/1781 1790/1790/1790
f 1781/1781/1781 1786/1786/1786 1790/1790/1790
f 1786/1786/1786 1782/1782/1782 1791/1791/1791
f 1782/1782/1782 1787/1787/1787 1791/1791/1791
f 1787/1787/1787 1788/1788/1788 1792/1792/1792
f 1788/1788/1788 1793/1793/1793 1792/1792/1792
f 1789/1789/1789 1785/1785/1785 1794/1794/1794
f 1785/1785/1785 1790/1790/1790 1794/1794/1794
f 1790/1790/1790 1786/1786/1786 1795/1795/1795
f 1786/1786/1786 1791/1791/1791 1795/1795/1795
f 1791/1791/1791 1787/1787/1787 1796/1796/1796
f 1787/1787/1787 1792/1792/1792 1796/1796/1796
f 1792/1792/1792 1793/1793/1793 1797/1797/1797
f 1793/1793/1793 1798/1798/1798 1797/1797/1797
f 1794/1794/1794 1790/1790/1790 1799/1799/1799
f 1790/1790/1790 1795/1795/1795 1799/1799/1799
f 1795/1795/1795 1791/1791/1791 1800/1800/1800
f 1791/1791/1791 1796/1796/1796 1800/1800/1800
f 1796/1796/1796 1792/1792/1792 1801/1801/1801
f 1792/1792/1792 1797/1797/1797 1801/1801/1801
f 1799/1799/1799 1795/1795/1795 1802/1802/1802
f 1795/1795/1795 1800/1800/1800 1802/1802/1802
f 1800/1800/1800 1796/1796/1796 1803/1803/1803
f 1796/1796/1796 1801/1801/1801 1803/1803/1803
f 1802/1802/1802 1800/1800/1800 1804/1804/1804
f 1800/1800/1800 1803/1803/1803 1804/1804/1804
f 1794/1794/1794 1799/1799/1799 1805/1805/1805
f 1799/1799/1799 1802/1802/1802 1806/1806/1806
f 1805/1805/1805 1799/1799/1799 1806/1806/1806
f 1802/1802/1802 1804/1804/1804 1807/1807/1807
f 1806/1806/1806 1802/1802/1802 1807/1807/1807
f 1808/1808/1808 1794/1794/1794 1805/1805/1805
f 1789/1789/1789 1794/1794/1794 1808/1808/1808
f 1809/1809/1809 1789/1789/1789 1808/1808/1808
f 1784/1784/1784 1789/1789/1789 1809/1809/1809
f 1810/1810/1810 1784/1784/1784 1809/1809/1809
f 1779/1779/1779 1784/1784/1784 1810/1810/1810
f 1811/1811/1811 1779/1779/1779 1810/1810/1810
f 1774/1774/1774 1779/1779/1779 1811/1811/1811
f 1812/1812/1812 1774/1774/1774 1811/1811/1811
f 1762/1762/1762 1774/1774/1774 1812/1812/1812
f 1813/1813/1813 1762/1762/1762 1812/1812/1812
f 1751/1751/1751 1762/1762/1762 1813/1813/1813
f 1750/1750/1750 1751/1751/1751 1813/1813/1813
f 1750/1750/1750 1813/1813/1813 1814/1814/1814
f 1749/1749/1749 1750/1750/1750 1814/1814/1814
f 1813/1813/1813 1812/1812/1812 1815/1815/1815
f 1814/1814/1814 1813/1813/1813 1815/1815/1815
f 1812/1812/1812 1811/1811/1811 1816/1816/1816
f 1815/1815/1815 1812/1812/1812 1816/1816/1816
f 1811/1811/1811 1810/1810/1810 1817/1817/1817
f 1816/1816/1816 1811/1811/1811 1817/1817/1817
f 1810/1810/1810 1809/1809/1809 1818/1818/1818
f 1817/1817/1817 1810/1810/1810 1818/1818/1818
f 1749/1749/1749 1814/1814/1814 1819/1819/1819
f 1710/1710/1710 1749/1749/1749 1819/1819/1819
f 1710/1710/1710 1819/1819/1819 1711/1711/1711
f 1814/1814/1814 1815/1815/1815 1820/1820/1820
f 1819/1819/1819 1814/1814/1814 1820/1820/1820
f 1711/1711/1711 1819/1819/1819 1821/1821/1821
f 1819/1819/1819 1820/1820/1820 1821/1821/1821
f 1711/1711/1711 1821/1821/1821 1712/1712/1712
f 1815/1815/1815 1816/1816/1816 1822/1822/1822
f 1820/1820/1820 1815/1815/1815 1822/1822/1822
f 1816/1816/1816 1817/1817/1817 1823/1823/1823
f 1822/1822/1822 1816/1816/1816 1823/1823/1823
f 1821/1821/1821 1820/1820/1820 1824/1824/1824
f 1820/1820/1820 1822/1822/1822 1824/1824/1824
f 1712/1712/1712 1821/1821/1821 1825/1825/1825
f 1821/1821/1821 1824/1824/1824 1825/1825/1825
f 1824/1824/1824 1822/1822/1822 1826/1826/1826
f 1822/1822/1822 1823/1823/1823 1826/1826/1826
f 1823/1823/1823 1817/1817/1817 1827/1827/1827
f 1817/1817/1817 1818/1818/1818 1827/1827/1827
f 1712/1712/1712 1825/1825/1825 1828/1828/1828
f 1708/1708/1708 1712/1712/1712 1828/1828/1828
f 1825/1825/1825 1824/1824/1824 1829/1829/1829
f 1824/1824/1824 1826/1826/1826 1829/1829/1829
f 1826/1826/1826 1823/1823/1823 1830/1830/1830
f 1823/1823/1823 1827/1827/1827 1830/1830/1830
f 1708/1708/1708 1828/1828/1828 1831/1831/1831
f 1706/1706/1706 1708/1708/1708 1831/1831/1831
f 1828/1828/1828 1825/1825/1825 1832/1832/1832
f 1825/1825/1825 1829/1829/1829 1832/1832/1832
f 1829/1829/1829 1826/1826/1826 1833/1833/1833
f 1826/1826/1826 1830/1830/1830 1833/1833/1833
f 1831/1831/1831 1828/1828/1828 1834/1834/1834
f 1828/1828/1828 1832/1832/1832 1834/1834/1834
f 1706/1706/1706 1831/1831/1831 1835/1835/1835
f 1703/1703/1703 1706/1706/1706 1835/1835/1835
f 1832/1832/1832 1829/1829/1829 1836/1836/1836
f 1829/1829/1829 1833/1833/1833 1836/1836/1836
f 1831/1831/1831 1834/1834/1834 1837/1837/1837
f 1835/1835/1835 1831/1831/1831 1837/1837/1837
f 1703/1703/1703 1835/1835/1835 1838/1838/1838
f 1699/1699/1699 1703/1703/1703 1838/1838/1838
f 1834/1834/1834 1832/1832/1832 1839/1839/1839
f 1832/1832/1832 1836/1836/1836 1839/1839/1839
f 1835/1835/1835 1837/1837/1837 1840/1840/1840
f 1838/1838/1838 1835/1835/1835 1840/1840/1840
f 1699/1699/1699 1838/1838/1838 1841/1841/1841
f 1694/1694/1694 1699/1699/1699 1841/1841/1841
f 1837/1837/1837 1834/1834/1834 1842/1842/1842
f 1834/1834/1834 1839/1839/1839 1842/1842/1842
f 1838/1838/1838 1840/1840/1840 1843/1843/1843
f 1841/1841/1841 1838/1838/1838 1843/1843/1843
f 1694/1694/1694 1841/1841/1841 1844/1844/1844
f 1683/1683/1683 1694/1694/1694 1844/1844/1844
f 1840/1840/1840 1837/1837/1837 1845/1845/1845
f 1837/1837/1837 1842/1842/1842 1845/1845/1845
f 1841/1841/1841 1843/1843/1843 1846/1846/1846
f 1844/1844/1844 1841/1841/1841 1846/1846/1846
f 1683/1683/1683 1844/1844/1844 1847/1847/1847
f 1667/1667/1667 1683/1683/1683 1847/1847/1847
f 1667/1667/1667 1847/1847/1847 1663/1663/1663
f 1843/1843/1843 1840/1840/1840 1848/1848/1848
f 1840/1840/1840 1845/1845/1845 1848/1848/1848
f 1847/1847/1847 1844/1844/1844 1849/1849/1849
f 1844/1844/1844 1846/1846/1846 1849/1849/1849
f 1663/1663/1663 1847/1847/1847 1850/1850/1850
f 1847/1847/1847 1849/1849/1849 1850/1850/1850
f 1663/1663/1663 1850/1850/1850 1662/1662/1662
f 1846/1846/1846 1843/1843/1843 1851/1851/1851
f 1843/1843/1843 1848/1848/1848 1851/1851/1851
f 1849/1849/1849 1846/1846/1846 1852/1852/1852
f 1846/1846/1846 1851/1851/1851 1852/1852/1852
f 1662/1662/1662 1850/1850/1850 1853/1853/1853
f 1662/1662/1662 1853/1853/1853 1661/1661/1661
f 1850/1850/1850 1849/1849/1849 1854/1854/1854
f 1849/1849/1849 1852/1852/1852 1854/1854/1854
f 1850/1850/1850 1854/1854/1854 1853/1853/1853
f 1661/1661/1661 1853/1853/1853 1855/1855/1855
f 1661/1661/1661 1855/1855/1855 1660/1660/1660
f 1853/1853/1853 1854/1854/1854 1856/1856/1856
f 1853/1853/1853 1856/1856/1856 1855/1855/1855
f 1854/1854/1854 1852/1852/1852 1857/1857/1857
f 1854/1854/1854 1857/1857/1857 1856/1856/1856
f 1852/1852/1852 1851/1851/1851 1858/1858/1858
f 1852/1852/1852 1858/1858/1858 1857/1857/1857
f 1851/1851/1851 1848/1848/1848 1859/1859/1859
f 1851/1851/1851 1859/1859/1859 1858/1858/1858
f 1660/1660/1660 1855/1855/1855 1860/1860/1860
f 1660/1660/1660 1860/1860/1860 1664/1664/1664
f 1855/1855/1855 1856/1856/1856 1861/1861/1861
f 1855/1855/1855 1861/1861/1861 1860/1860/1860
f 1856/1856/1856 1857/1857/1857 1862/1862/1862
f 1856/1856/1856 1862/1862/1862 1861/1861/1861
f 1857/1857/1857 1858/1858/1858 1863/1863/1863
f 1857/1857/1857 1863/1863/1863 1862/1862/1862
f 1848/1848/1848 1864/1864/1864 1859/1859/1859
f 1848/1848/1848 1845/1845/1845 1864/1864/1864
f 1858/1858/1858 1859/1859/1859 1865/1865/1865
f 1858/1858/1858 1865/1865/1865 1863/1863/1863
f 1859/1859/1859 1864/1864/1864 1866/1866/1866
f 1859/1859/1859 1866/1866/1866 1865/1865/1865
f 1845/1845/1845 1867/1867/1867 1864/1864/1864
f 1845/1845/1845 1842/1842/1842 1867/1867/1867
f 1864/1864/1864 1868/1868/1868 1866/1866/1866
f 1864/1864/1864 1867/1867/1867 1868/1868/1868
f 1842/1842/1842 1869/1869/1869 1867/1867/1867
f 1842/1842/1842 1839/1839/1839 1869/1869/1869
f 1867/1867/1867 1870/1870/1870 1868/1868/1868
f 1867/1867/1867 1869/1869/1869 1870/1870/1870
f 1839/1839/1839 1871/1871/1871 1869/1869/1869
f 1839/1839/1839 1836/1836/1836 1871/1871/1871
f 1869/1869/1869 1872/1872/1872 1870/1870/1870
f 1869/1869/1869 1871/1871/1871 1872/1872/1872
f 1836/1836/1836 1873/1873/1873 1871/1871/1871
f 1836/1836/1836 1833/1833/1833 1873/1873/1873
f 1871/1871/1871 1874/1874/1874 1872/1872/1872
f 1871/1871/1871 1873/1873/1873 1874/1874/1874
f 1833/1833/1833 1875/1875/1875 1873/1873/1873
f 1833/1833/1833 1830/1830/1830 1875/1875/1875
f 1873/1873/1873 1876/1876/1876 1874/1874/1874
f 1873/1873/1873 1875/1875/1875 1876/1876/1876
f 1830/1830/1830 1877/1877/1877 1875/1875/1875
f 1830/1830/1830 1827/1827/1827 1877/1877/1877
f 1875/1875/1875 1878/1878/1878 1876/1876/1876
f 1875/1875/1875 1877/1877/1877 1878/1878/1878
f 1827/1827/1827 1879/1879/1879 1877/1877/1877
f 1827/1827/1827 1818/1818/1818 1879/1879/1879
f 1877/1877/1877 1880/1880/1880 1878/1878/1878
f 1877/1877/1877 1879/1879/1879 1880/1880/1880
f 1818/1818/1818 1881/1881/1881 1879/1879/1879
f 1818/1818/1818 1809/1809/1809 1881/1881/1881
f 1809/1809/1809 1808/1808/1808 1881/1881/1881
f 1879/1879/1879 1881/1881/1881 1882/1882/1882
f 1879/1879/1879 1882/1882/1882 1880/1880/1880
f 1881/1881/1881 1808/1808/1808 1883/1883/1883
f 1881/1881/1881 1883/1883/1883 1882/1882/1882
f 1808/1808/1808 1805/1805/1805 1883/1883/1883
f 1883/1883/1883 1805/1805/1805 1884/1884/1884
f 1805/1805/1805 1806/1806/1806 1884/1884/1884
f 1882/1882/1882 1883/1883/1883 1885/1885/1885
f 1883/1883/1883 1884/1884/1884 1885/1885/1885
f 1880/1880/1880 1882/1882/1882 1886/1886/1886
f 1882/1882/1882 1885/1885/1885 1886/1886/1886
f 1878/1878/1878 1880/1880/1880 1887/1887/1887
f 1880/1880/1880 1886/1886/1886 1887/1887/1887
f 1884/1884/1884 1806/1806/1806 1888/1888/1888
f 1806/1806/1806 1807/1807/1807 1888/1888/1888
f 1885/1885/1885 1884/1884/1884 1889/1889/1889
f 1884/1884/1884 1888/1888/1888 1889/1889/1889
f 1886/1886/1886 1885/1885/1885 1890/1890/1890
f 1885/1885/1885 1889/1889/1889 1890/1890/1890
f 1878/1878/1878 1887/1887/1887 1891/1891/1891
f 1876/1876/1876 1878/1878/1878 1891/1891/1891
f 1887/1887/1887 1886/1886/1886 1892/1892/1892
f 1886/1886/1886 1890/1890/1890 1892/1892/1892
f 1876/1876/1876 1891/1891/1891 1893/1893/1893
f 1874/1874/1874 1876/1876/1876 1893/1893/1893
f 1891/1891/1891 1887/1887/1887 1894/1894/1894
f 1887/1887/1887 1892/1892/1892 1894/1894/1894
f 1874/1874/1874 1893/1893/1893 1895/1895/1895
f 1872/1872/1872 1874/1874/1874 1895/1895/1895
f 1893/1893/1893 1891/1891/1891 1896/1896/1896
f 1891/1891/1891 1894/1894/1894 1896/1896/1896
f 1872/1872/1872 1895/1895/1895 1897/1897/1897
f 1870/1870/1870 1872/1872/1872 1897/1897/1897
f 1895/1895/1895 1893/1893/1893 1898/1898/1898
f 1893/1893/1893 1896/1896/1896 1898/1898/1898
f 1870/1870/1870 1897/1897/1897 1899/1899/1899
f 1868/1868/1868 1870/1870/1870 1899/1899/1899
f 1897/1897/1897 1895/1895/1895 1900/1900/1900
f 1895/1895/1895 1898/1898/1898 1900/1900/1900
f 1868/1868/1868 1899/1899/1899 1901/1901/1901
f 1866/1866/1866 1868/1868/1868 1901/1901/1901
f 1899/1899/1899 1897/1897/1897 1902/1902/1902
f 1897/1897/1897 1900/1900/1900 1902/1902/1902
f 1866/1866/1866 1901/1901/1901 1903/1903/1903
f 1865/1865/1865 1866/1866/1866 1903/1903/1903
f 1901/1901/1901 1899/1899/1899 1904/1904/1904
f 1899/1899/1899 1902/1902/1902 1904/1904/1904
f 1865/1865/1865 1903/1903/1903 1905/1905/1905
f 1863/1863/1863 1865/1865/1865 1905/1905/1905
f 1903/1903/1903 1901/1901/1901 1906/1906/1906
f 1901/1901/1901 1904/1904/1904 1906/1906/1906
f 1863/1863/1863 1905/1905/1905 1907/1907/1907
f 1862/1862/1862 1863/1863/1863 1907/1907/1907
f 1905/1905/1905 1903/1903/1903 1908/1908/1908
f 1903/1903/1903 1906/1906/1906 1908/1908/1908
f 1862/1862/1862 1907/1907/1907 1909/1909/1909
f 1861/1861/1861 1862/1862/1862 1909/1909/1909
f 1907/1907/1907 1905/1905/1905 1910/1910/1910
f 1905/1905/1905 1908/1908/1908 1910/1910/1910
f 1861/1861/1861 1909/1909/1909 1911/1911/1911
f 1860/1860/1860 1861/1861/1861 1911/1911/1911
f 1909/1909/1909 1907/1907/1907 1912/1912/1912
f 1907/1907/1907 1910/1910/1910 1912/1912/1912
f 1860/1860/1860 1911/1911/1911 1913/1913/1913
f 1664/1664/1664 1860/1860/1860 1913/1913/1913
f 1911/1911/1911 1909/1909/1909 1914/1914/1914
f 1909/1909/1909 1912/1912/1912 1914/1914/1914
f 1664/1664/1664 1913/1913/1913 1915/1915/1915
f 1654/1654/1654 1664/1664/1664 1915/1915/1915
f 1654/1654/1654 1915/1915/1915 1916/1916/1916
f 1917/1917/1917 1654/1654/1654 1916/1916/1916
f 1913/1913/1913 1911/1911/1911 1918/1918/1918
f 1911/1911/1911 1914/1914/1914 1918/1918/1918
f 1915/1915/1915 1913/1913/1913 1919/1919/1919
f 1913/1913/1913 1918/1918/1918 1919/1919/1919
f 1915/1915/1915 1919/1919/1919 1920/1920/1920
f 1920/1920/1920 1919/1919/1919 1921/1921/1921
f 1919/1919/1919 1922/1922/1922 1921/1921/1921
f 1919/1919/1919 1918/1918/1918 1922/1922/1922
f 1921/1921/1921 1922/1922/1922 1923/1923/1923
f 1918/1918/1918 1914/1914/1914 1924/1924/1924
f 1918/1918/1918 1924/1924/1924 1922/1922/1922
f 1922/1922/1922 1925/1925/1925 1923/1923/1923
f 1922/1922/1922 1924/1924/1924 1925/1925/1925
f 1923/1923/1923 1925/1925/1925 1926/1926/1926
f 1914/1914/1914 1927/1927/1927 1924/1924/1924
f 1914/1914/1914 1912/1912/1912 1927/1927/1927
f 1925/1925/1925 1928/1928/1928 1926/1926/1926
f 1926/1926/1926 1928/1928/1928 1929/1929/1929
f 1924/1924/1924 1930/1930/1930 1925/1925/1925
f 1924/1924/1924 1927/1927/1927 1930/1930/1930
f 1925/1925/1925 1930/1930/1930 1928/1928/1928
f 1912/1912/1912 1931/1931/1931 1927/1927/1927
f 1912/1912/1912 1910/1910/1910 1931/1931/1931
f 1928/1928/1928 1932/1932/1932 1929/1929/1929
f 1929/1929/1929 1932/1932/1932 1933/1933/1933
f 1927/1927/1927 1934/1934/1934 1930/1930/1930
f 1927/1927/1927 1931/1931/1931 1934/1934/1934
f 1930/1930/1930 1935/1935/1935 1928/1928/1928
f 1928/1928/1928 1935/1935/1935 1932/1932/1932
f 1930/1930/1930 1934/1934/1934 1935/1935/1935
f 1910/1910/1910 1936/1936/1936 1931/1931/1931
f 1910/1910/1910 1908/1908/1908 1936/1936/1936
f 1932/1932/1932 1937/1937/1937 1933/1933/1933
f 1933/1933/1933 1937/1937/1937 1938/1938/1938
f 1937/1937/1937 1939/1939/1939 1938/1938/1938
f 1935/1935/1935 1940/1940/1940 1932/1932/1932
f 1932/1932/1932 1940/1940/1940 1937/1937/1937
f 1937/1937/1937 1941/1941/1941 1939/1939/1939
f 1940/1940/1940 1941/1941/1941 1937/1937/1937
f 1941/1941/1941 1942/1942/1942 1939/1939/1939
f 1934/1934/1934 1943/1943/1943 1935/1935/1935
f 1935/1935/1935 1943/1943/1943 1940/1940/1940
f 1931/1931/1931 1944/1944/1944 1934/1934/1934
f 1931/1931/1931 1936/1936/1936 1944/1944/1944
f 1934/1934/1934 1944/1944/1944 1943/1943/1943
f 1908/1908/1908 1945/1945/1945 1936/1936/1936
f 1908/1908/1908 1906/1906/1906 1945/1945/1945
f 1941/1941/1941 1946/1946/1946 1942/1942/1942
f 1946/1946/1946 1947/1947/1947 1942/1942/1942
f 1940/1940/1940 1948/1948/1948 1941/1941/1941
f 1943/1943/1943 1948/1948/1948 1940/1940/1940
f 1948/1948/1948 1946/1946/1946 1941/1941/1941
f 1936/1936/1936 1949/1949/1949 1944/1944/1944
f 1936/1936/1936 1945/1945/1945 1949/1949/1949
f 1944/1944/1944 1950/1950/1950 1943/1943/1943
f 1943/1943/1943 1950/1950/1950 1948/1948/1948
f 1944/1944/1944 1949/1949/1949 1950/1950/1950
f 1906/1906/1906 1951/1951/1951 1945/1945/1945
f 1906/1906/1906 1904/1904/1904 1951/1951/1951
f 1946/1946/1946 1952/1952/1952 1947/1947/1947
f 1952/1952/1952 1953/1953/1953 1947/1947/1947
f 1948/1948/1948 1954/1954/1954 1946/1946/1946
f 1950/1950/1950 1954/1954/1954 1948/1948/1948
f 1954/1954/1954 1952/1952/1952 1946/1946/1946
f 1949/1949/1949 1955/1955/1955 1950/1950/1950
f 1950/1950/1950 1955/1955/1955 1954/1954/1954
f 1945/1945/1945 1956/1956/1956 1949/1949/1949
f 1945/1945/1945 1951/1951/1951 1956/1956/1956
f 1949/1949/1949 1956/1956/1956 1955/1955/1955
f 1904/1904/1904 1957/1957/1957 1951/1951/1951
f 1904/1904/1904 1902/1902/1902 1957/1957/1957
f 1952/1952/1952 1958/1958/1958 1953/1953/1953
f 1958/1958/1958 1959/1959/1959 1953/1953/1953
f 1954/1954/1954 1960/1960/1960 1952/1952/1952
f 1955/1955/1955 1960/1960/1960 1954/1954/1954
f 1960/1960/1960 1958/1958/1958 1952/1952/1952
f 1951/1951/1951 1961/1961/1961 1956/1956/1956
f 1951/1951/1951 1957/1957/1957 1961/1961/1961
f 1956/1956/1956 1962/1962/1962 1955/1955/1955
f 1955/1955/1955 1962/1962/1962 1960/1960/1960
f 1956/1956/1956 1961/1961/1961 1962/1962/1962
f 1902/1902/1902 1963/1963/1963 1957/1957/1957
f 1902/1902/1902 1900/1900/1900 1963/1963/1963
f 1958/1958/1958 1964/1964/1964 1959/1959/1959
f 1964/1964/1964 1965/1965/1965 1959/1959/1959
f 1960/1960/1960 1966/1966/1966 1958/1958/1958
f 1962/1962/1962 1966/1966/1966 1960/1960/1960
f 1966/1966/1966 1964/1964/1964 1958/1958/1958
f 1961/1961/1961 1967/1967/1967 1962/1962/1962
f 1962/1962/1962 1967/1967/1967 1966/1966/1966
f 1957/1957/1957 1968/1968/1968 1961/1961/1961
f 1957/1957/1957 1963/1963/1963 1968/1968/1968
f 1961/1961/1961 1968/1968/1968 1967/1967/1967
f 1900/1900/1900 1969/1969/1969 1963/1963/1963
f 1900/1900/1900 1898/1898/1898 1969/1969/1969
f 1964/1964/1964 1970/1970/1970 1965/1965/1965
f 1970/1970/1970 1971/1971/1971 1965/1965/1965
f 1966/1966/1966 1972/1972/1972 1964/1964/1964
f 1967/1967/1967 1972/1972/1972 1966/1966/1966
f 1972/1972/1972 1970/1970/1970 1964/1964/1964
f 1963/1963/1963 1973/1973/1973 1968/1968/1968
f 1963/1963/1963 1969/1969/1969 1973/1973/1973
f 1968/1968/1968 1974/1974/1974 1967/1967/1967
f 1967/1967/1967 1974/1974/1974 1972/1972/1972
f 1968/1968/1968 1973/1973/1973 1974/1974/1974
f 1898/1898/1898 1975/1975/1975 1969/1969/1969
f 1898/1898/1898 1896/1896/1896 1975/1975/1975
f 1970/1970/1970 1976/1976/1976 1971/1971/1971
f 1976/1976/1976 1977/1977/1977 1971/1971/1971
f 1972/1972/1972 1978/1978/1978 1970/1970/1970
f 1974/1974/1974 1978/1978/1978 1972/1972/1972
f 1978/1978/1978 1976/1976/1976 1970/1970/1970
f 1973/1973/1973 1979/1979/1979 1974/1974/1974
f 1974/1974/1974 1979/1979/1979 1978/1978/1978
f 1969/1969/1969 1980/1980/1980 1973/1973/1973
f 1969/1969/1969 1975/1975/1975 1980/1980/1980
f 1973/1973/1973 1980/1980/1980 1979/1979/1979
f 1896/1896/1896 1981/1981/1981 1975/1975/1975
f 1896/1896/1896 1894/1894/1894 1981/1981/1981
f 1976/1976/1976 1982/1982/1982 1977/1977/1977
f 1982/1982/1982 1983/1983/1983 1977/1977/1977
f 1978/1978/1978 1984/1984/1984 1976/1976/1976
f 1979/1979/1979 1984/1984/1984 1978/1978/1978
f 1984/1984/1984 1982/1982/1982 1976/1976/1976
f 1975/1975/1975 1985/1985/1985 1980/1980/1980
f 1975/1975/1975 1981/1981/1981 1985/1985/1985
f 1980/1980/1980 1986/1986/1986 1979/1979/1979
f 1979/1979/1979 1986/1986/1986 1984/1984/1984
f 1980/1980/1980 1985/1985/1985 1986/1986/1986
f 1894/1894/1894 1987/1987/1987 1981/1981/1981
f 1894/1894/1894 1892/1892/1892 1987/1987/1987
f 1982/1982/1982 1988/1988/1988 1983/1983/1983
f 1988/1988/1988 1989/1989/1989 1983/1983/1983
f 1984/1984/1984 1990/1990/1990 1982/1982/1982
f 1986/1986/1986 1990/1990/1990 1984/1984/1984
f 1990/1990/1990 1988/1988/1988 1982/1982/1982
f 1985/1985/1985 1991/1991/1991 1986/1986/1986
f 1986/1986/1986 1991/1991/1991 1990/1990/1990
f 1981/1981/1981 1992/1992/1992 1985/1985/1985
f 1981/1981/1981 1987/1987/1987 1992/1992/1992
f 1985/1985/1985 1992/1992/1992 1991/1991/1991
f 1892/1892/1892 1993/1993/1993 1987/1987/1987
f 1892/1892/1892 1890/1890/1890 1993/1993/1993
f 1988/1988/1988 1994/1994/1994 1989/1989/1989
f 1994/1994/1994 1995/1995/1995 1989/1989/1989
f 1990/1990/1990 1996/1996/1996 1988/1988/1988
f 1991/1991/1991 1996/1996/1996 1990/1990/1990
f 1996/1996/1996 1994/1994/1994 1988/1988/1988
f 1987/1987/1987 1997/1997/1997 1992/1992/1992
f 1987/1987/1987 1993/1993/1993 1997/1997/1997
f 1992/1992/1992 1998/1998/1998 1991/1991/1991
f 1991/1991/1991 1998/1998/1998 1996/1996/1996
f 1992/1992/1992 1997/1997/1997 1998/1998/1998
f 1890/1890/1890 1999/1999/1999 1993/1993/1993
f 1890/1890/1890 1889/1889/1889 1999/1999/1999
f 1994/1994/1994 2000/2000/2000 1995/1995/1995
f 2000/2000/2000 2001/2001/2001 1995/1995/1995
f 1996/1996/1996 2002/2002/2002 1994/1994/1994
f 1998/1998/1998 2002/2002/2002 1996/1996/1996
f 2002/2002/2002 2000/2000/2000 1994/1994/1994
f 1997/1997/1997 2003/2003/2003 1998/1998/1998
f 1998/1998/1998 2003/2003/2003 2002/2002/2002
f 1993/1993/1993 2004/2004/2004 1997/1997/1997
f 1993/1993/1993 1999/1999/1999 2004/2004/2004
f 1997/1997/1997 2004/2004/2004 2003/2003/2003
f 1889/1889/1889 2005/2005/2005 1999/1999/1999
f 1889/1889/1889 1888/1888/1888 2005/2005/2005
f 2000/2000/2000 2006/2006/2006 2001/2001/2001
f 2006/2006/2006 2007/2007/2007 2001/2001/2001
f 2002/2002/2002 2008/2008/2008 2000/2000/2000
f 2003/2003/2003 2008/2008/2008 2002/2002/2002
f 2008/2008/2008 2006/2006/2006 2000/2000/2000
f 1999/1999/1999 2009/2009/2009 2004/2004/2004
f 1999/1999/1999 2005/2005/2005 2009/2009/2009
f 2004/2004/2004 2010/2010/2010 2003/2003/2003
f 2003/2003/2003 2010/2010/2010 2008/2008/2008
f 2004/2004/2004 2009/2009/2009 2010/2010/2010
f 1888/1888/1888 2011/2011/2011 2005/2005/2005
f 1888/1888/1888 1807/1807/1807 2011/2011/2011
f 2006/2006/2006 2012/2012/2012 2007/2007/2007
f 2012/2012/2012 2013/2013/2013 2007/2007/2007
f 2008/2008/2008 2014/2014/2014 2006/2006/2006
f 2010/2010/2010 2014/2014/2014 2008/2008/2008
f 2014/2014/2014 2012/2012/2012 2006/2006/2006
f 2009/2009/2009 2015/2015/2015 2010/2010/2010
f 2010/2010/2010 2015/2015/2015 2014/2014/2014
f 2005/2005/2005 2016/2016/2016 2009/2009/2009
f 2005/2005/2005 2011/2011/2011 2016/2016/2016
f 2009/2009/2009 2016/2016/2016 2015/2015/2015
f 1807/1807/1807 2017/2017/2017 2011/2011/2011
f 1807/1807/1807 1804/1804/1804 2017/2017/2017
f 2012/2012/2012 2018/2018/2018 2013/2013/2013
f 2018/2018/2018 2019/2019/2019 2013/2013/2013
f 2014/2014/2014 2020/2020/2020 2012/2012/2012
f 2015/2015/2015 2020/2020/2020 2014/2014/2014
f 2020/2020/2020 2018/2018/2018 2012/2012/2012
f 2011/2011/2011 2021/2021/2021 2016/2016/2016
f 2011/2011/2011 2017/2017/2017 2021/2021/2021
f 2016/2016/2016 2022/2022/2022 2015/2015/2015
f 2015/2015/2015 2022/2022/2022 2020/2020/2020
f 2016/2016/2016 2021/2021/2021 2022/2022/2022
f 1804/1804/1804 2023/2023/2023 2017/2017/2017
f 1804/1804/1804 1803/1803/1803 2023/2023/2023
f 2018/2018/2018 2024/2024/2024 2019/2019/2019
f 2024/2024/2024 2025/2025/2025 2019/2019/2019
f 2020/2020/2020 2026/2026/2026 2018/2018/2018
f 2022/2022/2022 2026/2026/2026 2020/2020/2020
f 2026/2026/2026 2024/2024/2024 2018/2018/2018
f 2021/2021/2021 2027/2027/2027 2022/2022/2022
f 2022/2022/2022 2027/2027/2027 2026/2026/2026
f 2017/2017/2017 2028/2028/2028 2021/2021/2021
f 2017/2017/2017 2023/2023/2023 2028/2028/2028
f 2021/2021/2021 2028/2028/2028 2027/2027/2027
f 1803/1803/1803 2029/2029/2029 2023/2023/2023
f 1803/1803/1803 1801/1801/1801 2029/2029/2029
f 2024/2024/2024 2030/2030/2030 2025/2025/2025
f 2030/2030/2030 2031/2031/2031 2025/2025/2025
f 2026/2026/2026 2032/2032/2032 2024/2024/2024
f 2027/2027/2027 2032/2032/2032 2026/2026/2026
f 2032/2032/2032 2030/2030/2030 2024/2024/2024
f 2023/2023/2023 2033/2033/2033 2028/2028/2028
f 2023/2023/2023 2029/2029/2029 2033/2033/2033
f 2028/2028/2028 2034/2034/2034 2027/2027/2027
f 2027/2027/2027 2034/2034/2034 2032/2032/2032
f 2028/2028/2028 2033/2033/2033 2034/2034/2034
f 1801/1801/1801 2035/2035/2035 2029/2029/2029
f 1801/1801/1801 1797/1797/1797 2035/2035/2035
f 2030/2030/2030 2036/2036/2036 2031/2031/2031
f 2036/2036/2036 2037/2037/2037 2031/2031/2031
f 2032/2032/2032 2038/2038/2038 2030/2030/2030
f 2034/2034/2034 2038/2038/2038 2032/2032/2032
f 2038/2038/2038 2036/2036/2036 2030/2030/2030
f 2033/2033/2033 2039/2039/2039 2034/2034/2034
f 2034/2034/2034 2039/2039/2039 2038/2038/2038
f 2029/2029/2029 2040/2040/2040 2033/2033/2033
f 2029/2029/2029 2035/2035/2035 2040/2040/2040
f 2033/2033/2033 2040/2040/2040 2039/2039/2039
f 1797/1797/1797 2041/2041/2041 2035/2035/2035
f 1797/1797/1797 1798/1798/1798 2041/2041/2041
f 2036/2036/2036 2042/2042/2042 2037/2037/2037
f 2042/2042/2042 2043/2043/2043 2037/2037/2037
f 2038/2038/2038 2044/2044/2044 2036/2036/2036
f 2039/2039/2039 2044/2044/2044 2038/2038/2038
f 2044/2044/2044 2042/2042/2042 2036/2036/2036
f 2035/2035/2035 2045/2045/2045 2040/2040/2040
f 2035/2035/2035 2041/2041/2041 2045/2045/2045
f 2040/2040/2040 2046/2046/2046 2039/2039/2039
f 2039/2039/2039 2046/2046/2046 2044/2044/2044
f 2040/2040/2040 2045/2045/2045 2046/2046/2046
f 2042/2042/2042 2047/2047/2047 2043/2043/2043
f 2047/2047/2047 2048/2048/2048 2043/2043/2043
f 2044/2044/2044 2049/2049/2049 2042/2042/2042
f 2046/2046/2046 2049/2049/2049 2044/2044/2044
f 2049/2049/2049 2047/2047/2047 2042/2042/2042
f 2045/2045/2045 2050/2050/2050 2046/2046/2046
f 2046/2046/2046 2050/2050/2050 2049/2049/2049
f 2041/2041/2041 2051/2051/2051 2045/2045/2045
f 2045/2045/2045 2051/2051/2051 2050/2050/2050
f 2047/2047/2047 2052/2052/2052 2048/2048/2048
f 2052/2052/2052 2053/2053/2053 2048/2048/2048
f 2049/2049/2049 2054/2054/2054 2047/2047/2047
f 2050/2050/2050 2054/2054/2054 2049/2049/2049
f 2054/2054/2054 2052/2052/2052 2047/2047/2047
f 2052/2052/2052 2055/2055/2055 2053/2053/2053
f 2055/2055/2055 2056/2056/2056 2053/2053/2053
f 2050/2050/2050 2057/2057/2057 2054/2054/2054
f 2051/2051/2051 2057/2057/2057 2050/2050/2050
f 2054/2054/2054 2058/2058/2058 2052/2052/2052
f 2058/2058/2058 2055/2055/2055 2052/2052/2052
f 2057/2057/2057 2058/2058/2058 2054/2054/2054
f 2055/2055/2055 2059/2059/2059 2056/2056/2056
f 2059/2059/2059 2060/2060/2060 2056/2056/2056
f 2061/2061/2061 2059/2059/2059 2055/2055/2055
f 2058/2058/2058 2061/2061/2061 2055/2055/2055
f 2062/2062/2062 2061/2061/2061 2058/2058/2058
f 2057/2057/2057 2062/2062/2062 2058/2058/2058
f 2063/2063/2063 2062/2062/2062 2057/2057/2057
f 2051/2051/2051 2063/2063/2063 2057/2057/2057
f 2064/2064/2064 2063/2063/2063 2051/2051/2051
f 2041/2041/2041 2064/2064/2064 2051/2051/2051
f 1798/1798/1798 2064/2064/2064 2041/2041/2041
f 1798/1798/1798 2065/2065/2065 2064/2064/2064
f 2066/2066/2066 2065/2065/2065 1798/1798/1798
f 2069/2069/2069 2068/2068/2068 2067/2067/2067
f 2068/2068/2068 2070/2070/2070 2067/2067/2067
f 2067/2067/2067 2070/2070/2070 2071/2071/2071
f 2068/2068/2068 2072/2072/2072 2070/2070/2070
f 2070/2070/2070 2073/2073/2073 2071/2071/2071
f 2071/2071/2071 2073/2073/2073 2074/2074/2074
f 2072/2072/2072 2075/2075/2075 2070/2070/2070
f 2070/2070/2070 2075/2075/2075 2073/2073/2073
f 2072/2072/2072 2076/2076/2076 2075/2075/2075
f 2073/2073/2073 2077/2077/2077 2074/2074/2074
f 2074/2074/2074 2077/2077/2077 2078/2078/2078
f 2076/2076/2076 2079/2079/2079 2075/2075/2075
f 2076/2076/2076 2080/2080/2080 2079/2079/2079
f 2075/2075/2075 2081/2081/2081 2073/2073/2073
f 2073/2073/2073 2081/2081/2081 2077/2077/2077
f 2075/2075/2075 2079/2079/2079 2081/2081/2081
f 2077/2077/2077 2082/2082/2082 2078/2078/2078
f 2078/2078/2078 2082/2082/2082 2083/2083/2083
f 2080/2080/2080 2084/2084/2084 2079/2079/2079
f 2080/2080/2080 2085/2085/2085 2084/2084/2084
f 2085/2085/2085 2086/2086/2086 2084/2084/2084
f 2081/2081/2081 2087/2087/2087 2077/2077/2077
f 2077/2077/2077 2087/2087/2087 2082/2082/2082
f 2079/2079/2079 2088/2088/2088 2081/2081/2081
f 2079/2079/2079 2084/2084/2084 2088/2088/2088
f 2081/2081/2081 2088/2088/2088 2087/2087/2087
f 2084/2084/2084 2086/2086/2086 2089/2089/2089
f 2084/2084/2084 2089/2089/2089 2088/2088/2088
f 2086/2086/2086 2090/2090/2090 2089/2089/2089
f 2082/2082/2082 2091/2091/2091 2083/2083/2083
f 2083/2083/2083 2091/2091/2091 2092/2092/2092
f 2088/2088/2088 2093/2093/2093 2087/2087/2087
f 2088/2088/2088 2089/2089/2089 2093/2093/2093
f 2089/2089/2089 2090/2090/2090 2094/2094/2094
f 2089/2089/2089 2094/2094/2094 2093/2093/2093
f 2090/2090/2090 2095/2095/2095 2094/2094/2094
f 2087/2087/2087 2096/2096/2096 2082/2082/2082
f 2087/2087/2087 2093/2093/2093 2096/2096/2096
f 2082/2082/2082 2096/2096/2096 2091/2091/2091
f 2091/2091/2091 2097/2097/2097 2092/2092/2092
f 2092/2092/2092 2097/2097/2097 2098/2098/2098
f 2093/2093/2093 2094/2094/2094 2099/2099/2099
f 2093/2093/2093 2099/2099/2099 2096/2096/2096
f 2094/2094/2094 2095/2095/2095 2100/2100/2100
f 2094/2094/2094 2100/2100/2100 2099/2099/2099
f 2095/2095/2095 2101/2101/2101 2100/2100/2100
f 2096/2096/2096 2102/2102/2102 2091/2091/2091
f 2096/2096/2096 2099/2099/2099 2102/2102/2102
f 2091/2091/2091 2102/2102/2102 2097/2097/2097
f 2097/2097/2097 2103/2103/2103 2098/2098/2098
f 2098/2098/2098 2103/2103/2103 2104/2104/2104
f 2100/2100/2100 2101/2101/2101 2105/2105/2105
f 2101/2101/2101 2106/2106/2106 2105/2105/2105
f 2099/2099/2099 2100/2100/2100 2107/2107/2107
f 2099/2099/2099 2107/2107/2107 2102/2102/2102
f 2100/2100/2100 2105/2105/2105 2107/2107/2107
f 2102/2102/2102 2108/2108/2108 2097/2097/2097
f 2102/2102/2102 2107/2107/2107 2108/2108/2108
f 2097/2097/2097 2108/2108/2108 2103/2103/2103
f 2103/2103/2103 2109/2109/2109 2104/2104/2104
f 2104/2104/2104 2109/2109/2109 2110/2110/2110
f 2105/2105/2105 2106/2106/2106 2111/2111/2111
f 2106/2106/2106 2112/2112/2112 2111/2111/2111
f 2107/2107/2107 2105/2105/2105 2113/2113/2113
f 2107/2107/2107 2113/2113/2113 2108/2108/2108
f 2105/2105/2105 2111/2111/2111 2113/2113/2113
f 2108/2108/2108 2114/2114/2114 2103/2103/2103
f 2108/2108/2108 2113/2113/2113 2114/2114/2114
f 2103/2103/2103 2114/2114/2114 2109/2109/2109
f 2109/2109/2109 2115/2115/2115 2110/2110/2110
f 2110/2110/2110 2115/2115/2115 2116/2116/2116
f 2111/2111/2111 2112/2112/2112 2117/2117/2117
f 2112/2112/2112 2118/2118/2118 2117/2117/2117
f 2113/2113/2113 2111/2111/2111 2119/2119/2119
f 2113/2113/2113 2119/2119/2119 2114/2114/2114
f 2111/2111/2111 2117/2117/2117 2119/2119/2119
f 2114/2114/2114 2120/2120/2120 2109/2109/2109
f 2114/2114/2114 2119/2119/2119 2120/2120/2120
f 2109/2109/2109 2120/2120/2120 2115/2115/2115
f 2115/2115/2115 2121/2121/2121 2116/2116/2116
f 2116/2116/2116 2121/2121/2121 2122/2122/2122
f 2117/2117/2117 2118/2118/2118 2123/2123/2123
f 2118/2118/2118 2124/2124/2124 2123/2123/2123
f 2119/2119/2119 2117/2117/2117 2125/2125/2125
f 2119/2119/2119 2125/2125/2125 2120/2120/2120
f 2117/2117/2117 2123/2123/2123 2125/2125/2125
f 2120/2120/2120 2126/2126/2126 2115/2115/2115
f 2120/2120/2120 2125/2125/2125 2126/2126/2126
f 2115/2115/2115 2126/2126/2126 2121/2121/2121
f 2121/2121/2121 2127/2127/2127 2122/2122/2122
f 2122/2122/2122 2127/2127/2127 2128/2128/2128
f 2123/2123/2123 2124/2124/2124 2129/2129/2129
f 2124/2124/2124 2130/2130/2130 2129/2129/2129
f 2125/2125/2125 2123/2123/2123 2131/2131/2131
f 2125/2125/2125 2131/2131/2131 2126/2126/2126
f 2123/2123/2123 2129/2129/2129 2131/2131/2131
f 2126/2126/2126 2132/2132/2132 2121/2121/2121
f 2126/2126/2126 2131/2131/2131 2132/2132/2132
f 2121/2121/2121 2132/2132/2132 2127/2127/2127
f 2127/2127/2127 2133/2133/2133 2128/2128/2128
f 2128/2128/2128 2133/2133/2133 2134/2134/2134
f 2129/2129/2129 2130/2130/2130 2135/2135/2135
f 2130/2130/2130 2136/2136/2136 2135/2135/2135
f 2131/2131/2131 2129/2129/2129 2137/2137/2137
f 2131/2131/2131 2137/2137/2137 2132/2132/2132
f 2129/2129/2129 2135/2135/2135 2137/2137/2137
f 2132/2132/2132 2138/2138/2138 2127/2127/2127
f 2132/2132/2132 2137/2137/2137 2138/2138/2138
f 2127/2127/2127 2138/2138/2138 2133/2133/2133
f 2133/2133/2133 2139/2139/2139 2134/2134/2134
f 2134/2134/2134 2139/2139/2139 2140/2140/2140
f 2135/2135/2135 2136/2136/2136 2141/2141/2141
f 2136/2136/2136 2142/2142/2142 2141/2141/2141
f 2137/2137/2137 2135/2135/2135 2143/2143/2143
f 2137/2137/2137 2143/2143/2143 2138/2138/2138
f 2135/2135/2135 2141/2141/2141 2143/2143/2143
f 2138/2138/2138 2144/2144/2144 2133/2133/2133
f 2138/2138/2138 2143/2143/2143 2144/2144/2144
f 2133/2133/2133 2144/2144/2144 2139/2139/2139
f 2139/2139/2139 2145/2145/2145 2140/2140/2140
f 2140/2140/2140 2145/2145/2145 2146/2146/2146
f 2141/2141/2141 2142/2142/2142 2147/2147/2147
f 2142/2142/2142 2148/2148/2148 2147/2147/2147
f 2143/2143/2143 2141/2141/2141 2149/2149/2149
f 2143/2143/2143 2149/2149/2149 2144/2144/2144
f 2141/2141/2141 2147/2147/2147 2149/2149/2149
f 2144/2144/2144 2150/2150/2150 2139/2139/2139
f 2144/2144/2144 2149/2149/2149 2150/2150/2150
f 2139/2139/2139 2150/2150/2150 2145/2145/2145
f 2145/2145/2145 2151/2151/2151 2146/2146/2146
f 2146/2146/2146 2151/2151/2151 2152/2152/2152
f 2147/2147/2147 2148/2148/2148 2153/2153/2153
f 2148/2148/2148 2154/2154/2154 2153/2153/2153
f 2149/2149/2149 2147/2147/2147 2155/2155/2155
f 2149/2149/2149 2155/2155/2155 2150/2150/2150
f 2147/2147/2147 2153/2153/2153 2155/2155/2155
f 2150/2150/2150 2156/2156/2156 2145/2145/2145
f 2150/2150/2150 2155/2155/2155 2156/2156/2156
f 2145/2145/2145 2156/2156/2156 2151/2151/2151
f 2151/2151/2151 2157/2157/2157 2152/2152/2152
f 2152/2152/2152 2157/2157/2157 2158/2158/2158
f 2153/2153/2153 2154/2154/2154 2159/2159/2159
f 2154/2154/2154 2160/2160/2160 2159/2159/2159
f 2155/2155/2155 2153/2153/2153 2161/2161/2161
f 2155/2155/2155 2161/2161/2161 2156/2156/2156
f 2153/2153/2153 2159/2159/2159 2161/2161/2161
f 2156/2156/2156 2162/2162/2162 2151/2151/2151
f 2156/2156/2156 2161/2161/2161 2162/2162/2162
f 2151/2151/2151 2162/2162/2162 2157/2157/2157
f 2157/2157/2157 2163/2163/2163 2158/2158/2158
f 2158/2158/2158 2163/2163/2163 2164/2164/2164
f 2159/2159/2159 2160/2160/2160 2165/2165/2165
f 2160/2160/2160 2166/2166/2166 2165/2165/2165
f 2161/2161/2161 2159/2159/2159 2167/2167/2167
f 2159/2159/2159 2165/2165/2165 2167/2167/2167
f 2161/2161/2161 2167/2167/2167 2162/2162/2162
f 2167/2167/2167 2165/2165/2165 2168/2168/2168
f 2162/2162/2162 2169/2169/2169 2157/2157/2157
f 2162/2162/2162 2167/2167/2167 2169/2169/2169
f 2157/2157/2157 2169/2169/2169 2163/2163/2163
f 2167/2167/2167 2168/2168/2168 2169/2169/2169
f 2163/2163/2163 2170/2170/2170 2164/2164/2164
f 2164/2164/2164 2170/2170/2170 2171/2171/2171
f 2169/2169/2169 2172/2172/2172 2163/2163/2163
f 2169/2169/2169 2168/2168/2168 2172/2172/2172
f 2163/2163/2163 2172/2172/2172 2170/2170/2170
f 2170/2170/2170 2173/2173/2173 2171/2171/2171
f 2171/2171/2171 2173/2173/2173 2174/2174/2174
f 2168/2168/2168 2175/2175/2175 2172/2172/2172
f 2168/2168/2168 2176/2176/2176 2175/2175/2175
f 2172/2172/2172 2177/2177/2177 2170/2170/2170
f 2170/2170/2170 2177/2177/2177 2173/2173/2173
f 2172/2172/2172 2175/2175/2175 2177/2177/2177
f 2173/2173/2173 2178/2178/2178 2174/2174/2174
f 2174/2174/2174 2178/2178/2178 2179/2179/2179
f 2176/2176/2176 2180/2180/2180 2175/2175/2175
f 2176/2176/2176 2181/2181/2181 2180/2180/2180
f 2181/2181/2181 2182/2182/2182 2180/2180/2180
f 2177/2177/2177 2183/2183/2183 2173/2173/2173
f 2173/2173/2173 2183/2183/2183 2178/2178/2178
f 2175/2175/2175 2184/2184/2184 2177/2177/2177
f 2175/2175/2175 2180/2180/2180 2184/2184/2184
f 2177/2177/2177 2184/2184/2184 2183/2183/2183
f 2180/2180/2180 2182/2182/2182 2185/2185/2185
f 2180/2180/2180 2185/2185/2185 2184/2184/2184
f 2182/2182/2182 2186/2186/2186 2185/2185/2185
f 2178/2178/2178 2187/2187/2187 2179/2179/2179
f 2179/2179/2179 2187/2187/2187 2188/2188/2188
f 2184/2184/2184 2189/2189/2189 2183/2183/2183
f 2184/2184/2184 2185/2185/2185 2189/2189/2189
f 2185/2185/2185 2186/2186/2186 2190/2190/2190
f 2185/2185/2185 2190/2190/2190 2189/2189/2189
f 2186/2186/2186 2191/2191/2191 2190/2190/2190
f 2183/2183/2183 2192/2192/2192 2178/2178/2178
f 2183/2183/2183 2189/2189/2189 2192/2192/2192
f 2178/2178/2178 2192/2192/2192 2187/2187/2187
f 2187/2187/2187 2193/2193/2193 2188/2188/2188
f 2188/2188/2188 2193/2193/2193 2194/2194/2194
f 2189/2189/2189 2190/2190/2190 2195/2195/2195
f 2189/2189/2189 2195/2195/2195 2192/2192/2192
f 2190/2190/2190 2191/2191/2191 2196/2196/2196
f 2190/2190/2190 2196/2196/2196 2195/2195/2195
f 2191/2191/2191 2197/2197/2197 2196/2196/2196
f 2192/2192/2192 2198/2198/2198 2187/2187/2187
f 2192/2192/2192 2195/2195/2195 2198/2198/2198
f 2187/2187/2187 2198/2198/2198 2193/2193/2193
f 2193/2193/2193 2199/2199/2199 2194/2194/2194
f 2194/2194/2194 2199/2199/2199 2200/2200/2200
f 2196/2196/2196 2197/2197/2197 2201/2201/2201
f 2197/2197/2197 2202/2202/2202 2201/2201/2201
f 2195/2195/2195 2196/2196/2196 2203/2203/2203
f 2195/2195/2195 2203/2203/2203 2198/2198/2198
f 2196/2196/2196 2201/2201/2201 2203/2203/2203
f 2198/2198/2198 2204/2204/2204 2193/2193/2193
f 2198/2198/2198 2203/2203/2203 2204/2204/2204
f 2193/2193/2193 2204/2204/2204 2199/2199/2199
f 2199/2199/2199 2205/2205/2205 2200/2200/2200
f 2200/2200/2200 2205/2205/2205 2206/2206/2206
f 2201/2201/2201 2202/2202/2202 2207/2207/2207
f 2202/2202/2202 2208/2208/2208 2207/2207/2207
f 2203/2203/2203 2201/2201/2201 2209/2209/2209
f 2203/2203/2203 2209/2209/2209 2204/2204/2204
f 2201/2201/2201 2207/2207/2207 2209/2209/2209
f 2204/2204/2204 2210/2210/2210 2199/2199/2199
f 2204/2204/2204 2209/2209/2209 2210/2210/2210
f 2199/2199/2199 2210/2210/2210 2205/2205/2205
f 2205/2205/2205 2211/2211/2211 2206/2206/2206
f 2206/2206/2206 2211/2211/2211 2212/2212/2212
f 2207/2207/2207 2208/2208/2208 2213/2213/2213
f 2208/2208/2208 2214/2214/2214 2213/2213/2213
f 2209/2209/2209 2207/2207/2207 2215/2215/2215
f 2209/2209/2209 2215/2215/2215 2210/2210/2210
f 2207/2207/2207 2213/2213/2213 2215/2215/2215
f 2210/2210/2210 2216/2216/2216 2205/2205/2205
f 2210/2210/2210 2215/2215/2215 2216/2216/2216
f 2205/2205/2205 2216/2216/2216 2211/2211/2211
f 2211/2211/2211 2217/2217/2217 2212/2212/2212
f 2212/2212/2212 2217/2217/2217 2218/2218/2218
f 2213/2213/2213 2214/2214/2214 2219/2219/2219
f 2214/2214/2214 2220/2220/2220 2219/2219/2219
f 2215/2215/2215 2213/2213/2213 2221/2221/2221
f 2215/2215/2215 2221/2221/2221 2216/2216/2216
f 2213/2213/2213 2219/2219/2219 2221/2221/2221
f 2216/2216/2216 2222/2222/2222 2211/2211/2211
f 2216/2216/2216 2221/2221/2221 2222/2222/2222
f 2211/2211/2211 2222/2222/2222 2217/2217/2217
f 2217/2217/2217 2223/2223/2223 2218/2218/2218
f 2218/2218/2218 2223/2223/2223 2224/2224/2224
f 2219/2219/2219 2220/2220/2220 2225/2225/2225
f 2220/2220/2220 2226/2226/2226 2225/2225/2225
f 2221/2221/2221 2219/2219/2219 2227/2227/2227
f 2221/2221/2221 2227/2227/2227 2222/2222/2222
f 2219/2219/2219 2225/2225/2225 2227/2227/2227
f 2222/2222/2222 2228/2228/2228 2217/2217/2217
f 2222/2222/2222 2227/2227/2227 2228/2228/2228
f 2217/2217/2217 2228/2228/2228 2223/2223/2223
f 2223/2223/2223 2229/2229/2229 2224/2224/2224
f 2224/2224/2224 2229/2229/2229 2230/2230/2230
f 2225/2225/2225 2226/2226/2226 2231/2231/2231
f 2226/2226/2226 2232/2232/2232 2231/2231/2231
f 2227/2227/2227 2225/2225/2225 2233/2233/2233
f 2227/2227/2227 2233/2233/2233 2228/2228/2228
f 2225/2225/2225 2231/2231/2231 2233/2233/2233
f 2228/2228/2228 2234/2234/2234 2223/2223/2223
f 2228/2228/2228 2233/2233/2233 2234/2234/2234
f 2223/2223/2223 2234/2234/2234 2229/2229/2229
f 2229/2229/2229 2235/2235/2235 2230/2230/2230
f 2230/2230/2230 2235/2235/2235 2236/2236/2236
f 2231/2231/2231 2232/2232/2232 2237/2237/2237
f 2232/2232/2232 2238/2238/2238 2237/2237/2237
f 2233/2233/2233 2231/2231/2231 2239/2239/2239
f 2233/2233/2233 2239/2239/2239 2234/2234/2234
f 2231/2231/2231 2237/2237/2237 2239/2239/2239
f 2234/2234/2234 2240/2240/2240 2229/2229/2229
f 2234/2234/2234 2239/2239/2239 2240/2240/2240
f 2229/2229/2229 2240/2240/2240 2235/2235/2235
f 2235/2235/2235 2241/2241/2241 2236/2236/2236
f 2236/2236/2236 2241/2241/2241 2242/2242/2242
f 2237/2237/2237 2238/2238/2238 2243/2243/2243
f 2238/2238/2238 2244/2244/2244 2243/2243/2243
f 2239/2239/2239 2237/2237/2237 2245/2245/2245
f 2239/2239/2239 2245/2245/2245 2240/2240/2240
f 2237/2237/2237 2243/2243/2243 2245/2245/2245
f 2240/2240/2240 2246/2246/2246 2235/2235/2235
f 2240/2240/2240 2245/2245/2245 2246/2246/2246
f 2235/2235/2235 2246/2246/2246 2241/2241/2241
f 2241/2241/2241 2247/2247/2247 2242/2242/2242
f 2242/2242/2242 2247/2247/2247 2248/2248/2248
f 2247/2247/2247 2249/2249/2249 2248/2248/2248
f 2243/2243/2243 2244/2244/2244 2250/2250/2250
f 2244/2244/2244 2251/2251/2251 2250/2250/2250
f 2245/2245/2245 2243/2243/2243 2252/2252/2252
f 2245/2245/2245 2252/2252/2252 2246/2246/2246
f 2243/2243/2243 2250/2250/2250 2252/2252/2252
f 2246/2246/2246 2253/2253/2253 2241/2241/2241
f 2241/2241/2241 2253/2253/2253 2247/2247/2247
f 2246/2246/2246 2252/2252/2252 2253/2253/2253
f 2247/2247/2247 2254/2254/2254 2249/2249/2249
f 2253/2253/2253 2254/2254/2254 2247/2247/2247
f 2254/2254/2254 2255/2255/2255 2249/2249/2249
f 2252/2252/2252 2256/2256/2256 2253/2253/2253
f 2252/2252/2252 2250/2250/2250 2256/2256/2256
f 2253/2253/2253 2256/2256/2256 2254/2254/2254
f 2250/2250/2250 2251/2251/2251 2257/2257/2257
f 2250/2250/2250 2257/2257/2257 2256/2256/2256
f 2251/2251/2251 2258/2258/2258 2257/2257/2257
f 2254/2254/2254 2259/2259/2259 2255/2255/2255
f 2256/2256/2256 2259/2259/2259 2254/2254/2254
f 2256/2256/2256 2257/2257/2257 2259/2259/2259
f 2259/2259/2259 2260/2260/2260 2255/2255/2255
f 2257/2257/2257 2258/2258/2258 2261/2261/2261
f 2257/2257/2257 2261/2261/2261 2259/2259/2259
f 2259/2259/2259 2261/2261/2261 2260/2260/2260
f 2258/2258/2258 2262/2262/2262 2261/2261/2261
f 2261/2261/2261 2263/2263/2263 2260/2260/2260
f 2261/2261/2261 2262/2262/2262 2263/2263/2263
f 2262/2262/2262 2264/2264/2264 2263/2263/2263
f 2267/2267/2267 2266/2266/2266 2265/2265/2265
f 2268/2268/2268 2267/2267/2267 2265/2265/2265
f 2271/2271/2271 2270/2270/2270 2269/2269/2269
f 2272/2272/2272 2271/2271/2271 2269/2269/2269
f 2273/2273/2273 2271/2271/2271 2272/2272/2272
f 2274/2274/2274 2273/2273/2273 2272/2272/2272
f 2275/2275/2275 2273/2273/2273 2274/2274/2274
f 2276/2276/2276 2275/2275/2275 2274/2274/2274
f 2277/2277/2277 2275/2275/2275 2276/2276/2276
f 2278/2278/2278 2277/2277/2277 2276/2276/2276
f 2279/2279/2279 2277/2277/2277 2278/2278/2278
f 2280/2280/2280 2279/2279/2279 2278/2278/2278
f 2281/2281/2281 2279/2279/2279 2280/2280/2280
f 2282/2282/2282 2281/2281/2281 2280/2280/2280
f 2283/2283/2283 2281/2281/2281 2282/2282/2282
f 2284/2284/2284 2283/2283/2283 2282/2282/2282
f 2285/2285/2285 2283/2283/2283 2284/2284/2284
f 2286/2286/2286 2285/2285/2285 2284/2284/2284
f 2274/2274/2274 2272/2272/2272 2287/2287/2287
f 2276/2276/2276 2274/2274/2274 2288/2288/2288
f 2288/2288/2288 2274/2274/2274 2287/2287/2287
f 2287/2287/2287 2272/2272/2272 2289/2289/2289
f 2272/2272/2272 2269/2269/2269 2289/2289/2289
f 2289/2289/2289 2269/2269/2269 2290/2290/2290
f 2269/2269/2269 2291/2291/2291 2290/2290/2290
f 2290/2290/2290 2291/2291/2291 2292/2292/2292
f 2291/2291/2291 2293/2293/2293 2292/2292/2292
f 2292/2292/2292 2293/2293/2293 2294/2294/2294
f 2293/2293/2293 2295/2295/2295 2294/2294/2294
f 2293/2293/2293 2296/2296/2296 2295/2295/2295
f 2294/2294/2294 2295/2295/2295 2297/2297/2297
f 2296/2296/2296 2298/2298/2298 2295/2295/2295
f 2295/2295/2295 2299/2299/2299 2297/2297/2297
f 2295/2295/2295 2298/2298/2298 2299/2299/2299
f 2297/2297/2297 2299/2299/2299 2300/2300/2300
f 2298/2298/2298 2301/2301/2301 2299/2299/2299
f 2299/2299/2299 2302/2302/2302 2300/2300/2300
f 2299/2299/2299 2301/2301/2301 2302/2302/2302
f 2300/2300/2300 2302/2302/2302 2303/2303/2303
f 2301/2301/2301 2304/2304/2304 2302/2302/2302
f 2302/2302/2302 2305/2305/2305 2303/2303/2303
f 2302/2302/2302 2304/2304/2304 2305/2305/2305
f 2304/2304/2304 2306/2306/2306 2305/2305/2305
f 2303/2303/2303 2305/2305/2305 2307/2307/2307
f 2305/2305/2305 2306/2306/2306 2308/2308/2308
f 2305/2305/2305 2308/2308/2308 2307/2307/2307
f 2306/2306/2306 2309/2309/2309 2308/2308/2308
f 2307/2307/2307 2308/2308/2308 2310/2310/2310
f 2307/2307/2307 2310/2310/2310 2311/2311/2311
f 2311/2311/2311 2310/2310/2310 2312/2312/2312
f 2308/2308/2308 2309/2309/2309 2313/2313/2313
f 2308/2308/2308 2313/2313/2313 2310/2310/2310
f 2309/2309/2309 2314/2314/2314 2313/2313/2313
f 2310/2310/2310 2315/2315/2315 2312/2312/2312
f 2310/2310/2310 2313/2313/2313 2315/2315/2315
f 2312/2312/2312 2315/2315/2315 2316/2316/2316
f 2313/2313/2313 2314/2314/2314 2317/2317/2317
f 2313/2313/2313 2317/2317/2317 2315/2315/2315
f 2314/2314/2314 2318/2318/2318 2317/2317/2317
f 2315/2315/2315 2319/2319/2319 2316/2316/2316
f 2315/2315/2315 2317/2317/2317 2319/2319/2319
f 2316/2316/2316 2319/2319/2319 2320/2320/2320
f 2317/2317/2317 2318/2318/2318 2321/2321/2321
f 2317/2317/2317 2321/2321/2321 2319/2319/2319
f 2318/2318/2318 2322/2322/2322 2321/2321/2321
f 2319/2319/2319 2323/2323/2323 2320/2320/2320
f 2319/2319/2319 2321/2321/2321 2323/2323/2323
f 2320/2320/2320 2323/2323/2323 2324/2324/2324
f 2321/2321/2321 2322/2322/2322 2325/2325/2325
f 2321/2321/2321 2325/2325/2325 2323/2323/2323
f 2322/2322/2322 2326/2326/2326 2325/2325/2325
f 2323/2323/2323 2327/2327/2327 2324/2324/2324
f 2323/2323/2323 2325/2325/2325 2327/2327/2327
f 2324/2324/2324 2327/2327/2327 2328/2328/2328
f 2325/2325/2325 2326/2326/2326 2329/2329/2329
f 2325/2325/2325 2329/2329/2329 2327/2327/2327
f 2326/2326/2326 2330/2330/2330 2329/2329/2329
f 2327/2327/2327 2331/2331/2331 2328/2328/2328
f 2327/2327/2327 2329/2329/2329 2331/2331/2331
f 2328/2328/2328 2331/2331/2331 2332/2332/2332
f 2329/2329/2329 2330/2330/2330 2333/2333/2333
f 2329/2329/2329 2333/2333/2333 2331/2331/2331
f 2330/2330/2330 2334/2334/2334 2333/2333/2333
f 2331/2331/2331 2335/2335/2335 2332/2332/2332
f 2331/2331/2331 2333/2333/2333 2335/2335/2335
f 2332/2332/2332 2335/2335/2335 2336/2336/2336
f 2333/2333/2333 2334/2334/2334 2337/2337/2337
f 2333/2333/2333 2337/2337/2337 2335/2335/2335
f 2334/2334/2334 2338/2338/2338 2337/2337/2337
f 2335/2335/2335 2339/2339/2339 2336/2336/2336
f 2335/2335/2335 2337/2337/2337 2339/2339/2339
f 2336/2336/2336 2339/2339/2339 2340/2340/2340
f 2337/2337/2337 2338/2338/2338 2341/2341/2341
f 2337/2337/2337 2341/2341/2341 2339/2339/2339
f 2338/2338/2338 2342/2342/2342 2341/2341/2341
f 2339/2339/2339 2343/2343/2343 2340/2340/2340
f 2339/2339/2339 2341/2341/2341 2343/2343/2343
f 2340/2340/2340 2343/2343/2343 2344/2344/2344
f 2341/2341/2341 2342/2342/2342 2345/2345/2345
f 2341/2341/2341 2345/2345/2345 2343/2343/2343
f 2342/2342/2342 2346/2346/2346 2345/2345/2345
f 2343/2343/2343 2347/2347/2347 2344/2344/2344
f 2343/2343/2343 2345/2345/2345 2347/2347/2347
f 2344/2344/2344 2347/2347/2347 2348/2348/2348
f 2345/2345/2345 2346/2346/2346 2349/2349/2349
f 2345/2345/2345 2349/2349/2349 2347/2347/2347
f 2346/2346/2346 2350/2350/2350 2349/2349/2349
f 2347/2347/2347 2351/2351/2351 2348/2348/2348
f 2347/2347/2347 2349/2349/2349 2351/2351/2351
f 2348/2348/2348 2351/2351/2351 2352/2352/2352
f 2349/2349/2349 2350/2350/2350 2353/2353/2353
f 2349/2349/2349 2353/2353/2353 2351/2351/2351
f 2350/2350/2350 2354/2354/2354 2353/2353/2353
f 2351/2351/2351 2355/2355/2355 2352/2352/2352
f 2351/2351/2351 2353/2353/2353 2355/2355/2355
f 2352/2352/2352 2355/2355/2355 2356/2356/2356
f 2355/2355/2355 2357/2357/2357 2356/2356/2356
f 2353/2353/2353 2354/2354/2354 2358/2358/2358
f 2353/2353/2353 2358/2358/2358 2355/2355/2355
f 2355/2355/2355 2358/2358/2358 2357/2357/2357
f 2354/2354/2354 2359/2359/2359 2358/2358/2358
f 2358/2358/2358 2360/2360/2360 2357/2357/2357
f 2358/2358/2358 2359/2359/2359 2360/2360/2360
f 2359/2359/2359 2361/2361/2361 2360/2360/2360
f 2364/2364/2364 2363/2363/2363 2362/2362/2362
f 2362/2362/2362 2363/2363/2363 2365/2365/2365
f 2363/2363/2363 2366/2366/2366 2365/2365/2365
f 2365/2365/2365 2366/2366/2366 2367/2367/2367
f 2366/2366/2366 2368/2368/2368 2367/2367/2367
f 2367/2367/2367 2368/2368/2368 2369/2369/2369
f 2368/2368/2368 2370/2370/2370 2369/2369/2369
f 2369/2369/2369 2370/2370/2370 2371/2371/2371
f 2370/2370/2370 2372/2372/2372 2371/2371/2371
f 2371/2371/2371 2372/2372/2372 2373/2373/2373
f 2372/2372/2372 2374/2374/2374 2373/2373/2373
f 2373/2373/2373 2374/2374/2374 2375/2375/2375
f 2374/2374/2374 2376/2376/2376 2375/2375/2375
f 2375/2375/2375 2376/2376/2376 2377/2377/2377
f 2376/2376/2376 2378/2378/2378 2377/2377/2377
f 2377/2377/2377 2378/2378/2378 2379/2379/2379
f 2381/2381/2381 2287/2287/2287 2380/2380/2380
f 2288/2288/2288 2287/2287/2287 2381/2381/2381
f 2382/2382/2382 2288/2288/2288 2381/2381/2381
f 2383/2383/2383 2288/2288/2288 2382/2382/2382
f 2383/2383/2383 2276/2276/2276 2288/2288/2288
f 2384/2384/2384 2383/2383/2383 2382/2382/2382
f 2278/2278/2278 2276/2276/2276 2383/2383/2383
f 2385/2385/2385 2383/2383/2383 2384/2384/2384
f 2385/2385/2385 2278/2278/2278 2383/2383/2383
f 2386/2386/2386 2385/2385/2385 2384/2384/2384
f 2280/2280/2280 2278/2278/2278 2385/2385/2385
f 2387/2387/2387 2385/2385/2385 2386/2386/2386
f 2387/2387/2387 2280/2280/2280 2385/2385/2385
f 2388/2388/2388 2387/2387/2387 2386/2386/2386
f 2282/2282/2282 2280/2280/2280 2387/2387/2387
f 2389/2389/2389 2387/2387/2387 2388/2388/2388
f 2389/2389/2389 2282/2282/2282 2387/2387/2387
f 2390/2390/2390 2389/2389/2389 2388/2388/2388
f 2284/2284/2284 2282/2282/2282 2389/2389/2389
f 2391/2391/2391 2389/2389/2389 2390/2390/2390
f 2391/2391/2391 2284/2284/2284 2389/2389/2389
f 2392/2392/2392 2391/2391/2391 2390/2390/2390
f 2286/2286/2286 2284/2284/2284 2391/2391/2391
f 2393/2393/2393 2391/2391/2391 2392/2392/2392
f 2393/2393/2393 2286/2286/2286 2391/2391/2391
f 2394/2394/2394 2393/2393/2393 2392/2392/2392
f 2395/2395/2395 2286/2286/2286 2393/2393/2393
f 2396/2396/2396 2393/2393/2393 2394/2394/2394
f 2396/2396/2396 2395/2395/2395 2393/2393/2393
f 2397/2397/2397 2396/2396/2396 2394/2394/2394
f 2398/2398/2398 2395/2395/2395 2396/2396/2396
f 2399/2399/2399 2396/2396/2396 2397/2397/2397
f 2399/2399/2399 2398/2398/2398 2396/2396/2396
f 2400/2400/2400 2399/2399/2399 2397/2397/2397
f 2401/2401/2401 2398/2398/2398 2399/2399/2399
f 2402/2402/2402 2399/2399/2399 2400/2400/2400
f 2402/2402/2402 2401/2401/2401 2399/2399/2399
f 2403/2403/2403 2401/2401/2401 2402/2402/2402
f 2404/2404/2404 2402/2402/2402 2400/2400/2400
f 2405/2405/2405 2403/2403/2403 2402/2402/2402
f 2405/2405/2405 2402/2402/2402 2404/2404/2404
f 2406/2406/2406 2405/2405/2405 2404/2404/2404
f 2409/2409/2409 2408/2408/2408 2407/2407/2407
f 2410/2410/2410 2409/2409/2409 2407/2407/2407
f 2411/2411/2411 2409/2409/2409 2410/2410/2410
f 2412/2412/2412 2411/2411/2411 2410/2410/2410
f 2413/2413/2413 2411/2411/2411 2412/2412/2412
f 2414/2414/2414 2413/2413/2413 2412/2412/2412
f 2417/2417/2417 2416/2416/2416 2415/2415/2415
f 2418/2418/2418 2417/2417/2417 2415/2415/2415
f 2421/2421/2421 2420/2420/2420 2419/2419/2419
f 2419/2419/2419 2420/2420/2420 2422/2422/2422
f 2420/2420/2420 2423/2423/2423 2422/2422/2422
f 2422/2422/2422 2423/2423/2423 2424/2424/2424
f 2423/2423/2423 2425/2425/2425 2424/2424/2424
f 2424/2424/2424 2425/2425/2425 2426/2426/2426
f 2425/2425/2425 2427/2427/2427 2426/2426/2426
f 2426/2426/2426 2427/2427/2427 2428/2428/2428
f 2427/2427/2427 2429/2429/2429 2428/2428/2428
f 2428/2428/2428 2429/2429/2429 2430/2430/2430
f 2429/2429/2429 2431/2431/2431 2430/2430/2430
f 2434/2434/2434 2433/2433/2433 2432/2432/2432
f 2432/2432/2432 2433/2433/2433 2435/2435/2435
f 2433/2433/2433 2436/2436/2436 2435/2435/2435
f 2435/2435/2435 2436/2436/2436 2437/2437/2437
f 2436/2436/2436 2438/2438/2438 2437/2437/2437
f 2437/2437/2437 2438/2438/2438 2439/2439/2439
f 2438/2438/2438 2440/2440/2440 2439/2439/2439
f 2439/2439/2439 2440/2440/2440 2441/2441/2441
f 2440/2440/2440 2442/2442/2442 2441/2441/2441
f 2441/2441/2441 2442/2442/2442 2443/2443/2443
f 2442/2442/2442 2444/2444/2444 2443/2443/2443
f 2443/2443/2443 2444/2444/2444 2445/2445/2445
f 2448/2448/2448 2447/2447/2447 2446/2446/2446
f 2446/2446/2446 2447/2447/2447 2449/2449/2449
f 2447/2447/2447 2450/2450/2450 2449/2449/2449
f 2449/2449/2449 2450/2450/2450 2451/2451/2451
f 2450/2450/2450 2452/2452/2452 2451/2451/2451
f 2451/2451/2451 2452/2452/2452 2453/2453/2453
f 2452/2452/2452 2454/2454/2454 2453/2453/2453
f 2453/2453/2453 2454/2454/2454 2455/2455/2455
f 2454/2454/2454 2456/2456/2456 2455/2455/2455
f 2455/2455/2455 2456/2456/2456 2457/2457/2457
f 2460/2460/2460 2459/2459/2459 2458/2458/2458
f 2461/2461/2461 2460/2460/2460 2458/2458/2458
f 2462/2462/2462 2460/2460/2460 2461/2461/2461
f 2463/2463/2463 2462/2462/2462 2461/2461/2461
f 2464/2464/2464 2462/2462/2462 2463/2463/2463
f 2465/2465/2465 2464/2464/2464 2463/2463/2463
f 2466/2466/2466 2464/2464/2464 2465/2465/2465
f 2467/2467/2467 2466/2466/2466 2465/2465/2465
f 2468/2468/2468 2466/2466/2466 2467/2467/2467
f 2469/2469/2469 2468/2468/2468 2467/2467/2467
f 2470/2470/2470 2468/2468/2468 2469/2469/2469
f 2471/2471/2471 2470/2470/2470 2469/2469/2469
f 2472/2472/2472 2470/2470/2470 2471/2471/2471
f 2473/2473/2473 2472/2472/2472 2471/2471/2471
f 2474/2474/2474 2472/2472/2472 2473/2473/2473
f 2475/2475/2475 2474/2474/2474 2473/2473/2473
f 2476/2476/2476 2474/2474/2474 2475/2475/2475
f 2477/2477/2477 2476/2476/2476 2475/2475/2475
f 2478/2478/2478 2476/2476/2476 2477/2477/2477
f 2479/2479/2479 2478/2478/2478 2477/2477/2477
f 2480/2480/2480 2478/2478/2478 2479/2479/2479
f 2481/2481/2481 2480/2480/2480 2479/2479/2479
f 2482/2482/2482 2480/2480/2480 2481/2481/2481
f 2485/2485/2485 2484/2484/2484 2483/2483/2483
f 2486/2486/2486 2485/2485/2485 2483/2483/2483
f 2487/2487/2487 2485/2485/2485 2486/2486/2486
f 2488/2488/2488 2487/2487/2487 2486/2486/2486
f 2489/2489/2489 2487/2487/2487 2488/2488/2488
f 2490/2490/2490 2489/2489/2489 2488/2488/2488
f 2491/2491/2491 2489/2489/2489 2490/2490/2490
f 2492/2492/2492 2491/2491/2491 2490/2490/2490
f 2493/2493/2493 2491/2491/2491 2492/2492/2492
f 2494/2494/2494 2493/2493/2493 2492/2492/2492
f 2495/2495/2495 2493/2493/2493 2494/2494/2494
f 2496/2496/2496 2495/2495/2495 2494/2494/2494
f 2497/2497/2497 2495/2495/2495 2496/2496/2496
f 2498/2498/2498 2497/2497/2497 2496/2496/2496
f 2499/2499/2499 2497/2497/2497 2498/2498/2498
f 2500/2500/2500 2499/2499/2499 2498/2498/2498
f 2501/2501/2501 2499/2499/2499 2500/2500/2500
f 2502/2502/2502 2501/2501/2501 2500/2500/2500
f 2503/2503/2503 2501/2501/2501 2502/2502/2502
f 2504/2504/2504 2503/2503/2503 2502/2502/2502
f 2505/2505/2505 2503/2503/2503 2504/2504/2504
f 2506/2506/2506 2505/2505/2505 2504/2504/2504
f 2507/2507/2507 2505/2505/2505 2506/2506/2506
f 2508/2508/2508 2507/2507/2507 2506/2506/2506
f 2509/2509/2509 2507/2507/2507 2508/2508/2508
f 2510/2510/2510 2509/2509/2509 2508/2508/2508
f 2511/2511/2511 2509/2509/2509 2510/2510/2510
f 2512/2512/2512 2511/2511/2511 2510/2510/2510
f 2513/2513/2513 2511/2511/2511 2512/2512/2512
f 2514/2514/2514 2513/2513/2513 2512/2512/2512
f 2515/2515/2515 2513/2513/2513 2514/2514/2514
f 2516/2516/2516 2515/2515/2515 2514/2514/2514
f 2517/2517/2517 2515/2515/2515 2516/2516/2516
f 2518/2518/2518 2517/2517/2517 2516/2516/2516
f 2519/2519/2519 2517/2517/2517 2518/2518/2518
f 2520/2520/2520 2519/2519/2519 2518/2518/2518
f 2521/2521/2521 2519/2519/2519 2520/2520/2520
f 2522/2522/2522 2521/2521/2521 2520/2520/2520
f 2523/2523/2523 2521/2521/2521 2522/2522/2522
f 2524/2524/2524 2523/2523/2523 2522/2522/2522
f 2525/2525/2525 2523/2523/2523 2524/2524/2524
f 2526/2526/2526 2525/2525/2525 2524/2524/2524
f 2527/2527/2527 2525/2525/2525 2526/2526/2526
f 2528/2528/2528 2527/2527/2527 2526/2526/2526
f 2529/2529/2529 2527/2527/2527 2528/2528/2528
f 2530/2530/2530 2529/2529/2529 2528/2528/2528
f 2531/2531/2531 2529/2529/2529 2530/2530/2530
f 2532/2532/2532 2531/2531/2531 2530/2530/2530
f 2533/2533/2533 2531/2531/2531 2532/2532/2532
f 2534/2534/2534 2533/2533/2533 2532/2532/2532
f 2535/2535/2535 2533/2533/2533 2534/2534/2534
f 2536/2536/2536 2535/2535/2535 2534/2534/2534
f 2537/2537/2537 2535/2535/2535 2536/2536/2536
f 2538/2538/2538 2537/2537/2537 2536/2536/2536
f 2539/2539/2539 2537/2537/2537 2538/2538/2538
f 2540/2540/2540 2539/2539/2539 2538/2538/2538
f 2541/2541/2541 2539/2539/2539 2540/2540/2540
f 2542/2542/2542 2541/2541/2541 2540/2540/2540
f 2543/2543/2543 2541/2541/2541 2542/2542/2542
f 2544/2544/2544 2543/2543/2543 2542/2542/2542
f 2545/2545/2545 2543/2543/2543 2544/2544/2544
f 2546/2546/2546 2545/2545/2545 2544/2544/2544
f 2547/2547/2547 2545/2545/2545 2546/2546/2546
f 2548/2548/2548 2547/2547/2547 2546/2546/2546
f 2551/2551/2551 2550/2550/2550 2549/2549/2549
f 2552/2552/2552 2551/2551/2551 2549/2549/2549
f 2553/2553/2553 2551/2551/2551 2552/2552/2552
f 2554/2554/2554 2553/2553/2553 2552/2552/2552
f 2555/2555/2555 2553/2553/2553 2554/2554/2554
f 2556/2556/2556 2555/2555/2555 2554/2554/2554
f 2557/2557/2557 2555/2555/2555 2556/2556/2556
f 2558/2558/2558 2557/2557/2557 2556/2556/2556
f 2559/2559/2559 2557/2557/2557 2558/2558/2558
f 2560/2560/2560 2559/2559/2559 2558/2558/2558
f 2561/2561/2561 2559/2559/2559 2560/2560/2560
f 2562/2562/2562 2561/2561/2561 2560/2560/2560
f 2563/2563/2563 2561/2561/2561 2562/2562/2562
f 2564/2564/2564 2563/2563/2563 2562/2562/2562
f 2565/2565/2565 2563/2563/2563 2564/2564/2564
f 2566/2566/2566 2565/2565/2565 2564/2564/2564
f 2567/2567/2567 2565/2565/2565 2566/2566/2566
f 2568/2568/2568 2567/2567/2567 2566/2566/2566
f 2569/2569/2569 2567/2567/2567 2568/2568/2568
f 2570/2570/2570 2569/2569/2569 2568/2568/2568
f 2571/2571/2571 2569/2569/2569 2570/2570/2570
f 2572/2572/2572 2571/2571/2571 2570/2570/2570
f 2573/2573/2573 2571/2571/2571 2572/2572/2572
f 2574/2574/2574 2573/2573/2573 2572/2572/2572
f 2575/2575/2575 2573/2573/2573 2574/2574/2574
f 2576/2576/2576 2575/2575/2575 2574/2574/2574
f 2577/2577/2577 2575/2575/2575 2576/2576/2576
f 2578/2578/2578 2577/2577/2577 2576/2576/2576
f 2579/2579/2579 2577/2577/2577 2578/2578/2578
f 2580/2580/2580 2579/2579/2579 2578/2578/2578
f 2581/2581/2581 2579/2579/2579 2580/2580/2580
f 2582/2582/2582 2581/2581/2581 2580/2580/2580
f 2583/2583/2583 2581/2581/2581 2582/2582/2582
f 2584/2584/2584 2583/2583/2583 2582/2582/2582
f 2585/2585/2585 2583/2583/2583 2584/2584/2584
f 2586/2586/2586 2585/2585/2585 2584/2584/2584
f 2587/2587/2587 2585/2585/2585 2586/2586/2586
f 2588/2588/2588 2587/2587/2587 2586/2586/2586
f 2589/2589/2589 2587/2587/2587 2588/2588/2588
f 2590/2590/2590 2589/2589/2589 2588/2588/2588
f 2591/2591/2591 2589/2589/2589 2590/2590/2590
f 2592/2592/2592 2591/2591/2591 2590/2590/2590
f 2593/2593/2593 2591/2591/2591 2592/2592/2592
f 2594/2594/2594 2593/2593/2593 2592/2592/2592
f 2595/2595/2595 2593/2593/2593 2594/2594/2594
f 2596/2596/2596 2595/2595/2595 2594/2594/2594
f 2597/2597/2597 2595/2595/2595 2596/2596/2596
f 2598/2598/2598 2597/2597/2597 2596/2596/2596
f 2599/2599/2599 2597/2597/2597 2598/2598/2598
f 2600/2600/2600 2599/2599/2599 2598/2598/2598
f 2601/2601/2601 2599/2599/2599 2600/2600/2600
f 2602/2602/2602 2601/2601/2601 2600/2600/2600
f 2603/2603/2603 2601/2601/2601 2602/2602/2602
f 2604/2604/2604 2603/2603/2603 2602/2602/2602
f 2605/2605/2605 2603/2603/2603 2604/2604/2604
f 2606/2606/2606 2605/2605/2605 2604/2604/2604
f 2607/2607/2607 2605/2605/2605 2606/2606/2606
f 2608/2608/2608 2607/2607/2607 2606/2606/2606
f 2609/2609/2609 2607/2607/2607 2608/2608/2608
f 2610/2610/2610 2609/2609/2609 2608/2608/2608
f 2611/2611/2611 2609/2609/2609 2610/2610/2610
f 2612/2612/2612 2611/2611/2611 2610/2610/2610
f 2613/2613/2613 2611/2611/2611 2612/2612/2612
f 2614/2614/2614 2613/2613/2613 2612/2612/2612
f 2617/2617/2617 2616/2616/2616 2615/2615/2615
f 2618/2618/2618 2617/2617/2617 2615/2615/2615
f 2619/2619/2619 2617/2617/2617 2618/2618/2618
f 2620/2620/2620 2619/2619/2619 2618/2618/2618
f 2621/2621/2621 2619/2619/2619 2620/2620/2620
f 2622/2622/2622 2621/2621/2621 2620/2620/2620
f 2623/2623/2623 2621/2621/2621 2622/2622/2622
f 2624/2624/2624 2623/2623/2623 2622/2622/2622
f 2625/2625/2625 2623/2623/2623 2624/2624/2624
f 2626/2626/2626 2625/2625/2625 2624/2624/2624
f 2627/2627/2627 2625/2625/2625 2626/2626/2626
f 2628/2628/2628 2627/2627/2627 2626/2626/2626
f 2629/2629/2629 2627/2627/2627 2628/2628/2628
f 2630/2630/2630 2629/2629/2629 2628/2628/2628
f 2631/2631/2631 2629/2629/2629 2630/2630/2630
f 2632/2632/2632 2631/2631/2631 2630/2630/2630
f 2633/2633/2633 2631/2631/2631 2632/2632/2632
f 2634/2634/2634 2633/2633/2633 2632/2632/2632
f 2635/2635/2635 2633/2633/2633 2634/2634/2634
f 2636/2636/2636 2635/2635/2635 2634/2634/2634
f 2637/2637/2637 2635/2635/2635 2636/2636/2636
f 2638/2638/2638 2637/2637/2637 2636/2636/2636
f 2639/2639/2639 2637/2637/2637 2638/2638/2638
f 2640/2640/2640 2639/2639/2639 2638/2638/2638
f 2641/2641/2641 2639/2639/2639 2640/2640/2640
f 2642/2642/2642 2641/2641/2641 2640/2640/2640
f 2643/2643/2643 2641/2641/2641 2642/2642/2642
f 2644/2644/2644 2643/2643/2643 2642/2642/2642
f 2645/2645/2645 2643/2643/2643 2644/2644/2644
f 2646/2646/2646 2645/2645/2645 2644/2644/2644
f 2647/2647/2647 2645/2645/2645 2646/2646/2646
f 2648/2648/2648 2647/2647/2647 2646/2646/2646
f 2649/2649/2649 2647/2647/2647 2648/2648/2648
f 2650/2650/2650 2649/2649/2649 2648/2648/2648
f 2651/2651/2651 2649/2649/2649 2650/2650/2650
f 2652/2652/2652 2651/2651/2651 2650/2650/2650
f 2653/2653/2653 2651/2651/2651 2652/2652/2652
f 2654/2654/2654 2653/2653/2653 2652/2652/2652
f 2655/2655/2655 2653/2653/2653 2654/2654/2654
f 2656/2656/2656 2655/2655/2655 2654/2654/2654
f 2657/2657/2657 2655/2655/2655 2656/2656/2656
f 2658/2658/2658 2657/2657/2657 2656/2656/2656
f 2659/2659/2659 2657/2657/2657 2658/2658/2658
f 2660/2660/2660 2659/2659/2659 2658/2658/2658
f 2661/2661/2661 2659/2659/2659 2660/2660/2660
f 2662/2662/2662 2661/2661/2661 2660/2660/2660
f 2663/2663/2663 2661/2661/2661 2662/2662/2662
f 2664/2664/2664 2663/2663/2663 2662/2662/2662
f 2665/2665/2665 2663/2663/2663 2664/2664/2664
f 2666/2666/2666 2665/2665/2665 2664/2664/2664
f 2667/2667/2667 2665/2665/2665 2666/2666/2666
f 2668/2668/2668 2667/2667/2667 2666/2666/2666
f 2669/2669/2669 2667/2667/2667 2668/2668/2668
f 2670/2670/2670 2669/2669/2669 2668/2668/2668
f 2671/2671/2671 2669/2669/2669 2670/2670/2670
f 2672/2672/2672 2671/2671/2671 2670/2670/2670
f 2673/2673/2673 2671/2671/2671 2672/2672/2672
f 2674/2674/2674 2673/2673/2673 2672/2672/2672
f 2675/2675/2675 2673/2673/2673 2674/2674/2674
f 2676/2676/2676 2675/2675/2675 2674/2674/2674
f 2677/2677/2677 2675/2675/2675 2676/2676/2676
f 2678/2678/2678 2677/2677/2677 2676/2676/2676
f 2679/2679/2679 2677/2677/2677 2678/2678/2678
f 2680/2680/2680 2679/2679/2679 2678/2678/2678
f 2683/2683/2683 2682/2682/2682 2681/2681/2681
f 2681/2681/2681 2682/2682/2682 2684/2684/2684
f 2682/2682/2682 2685/2685/2685 2684/2684/2684
f 2684/2684/2684 2685/2685/2685 2686/2686/2686
f 2685/2685/2685 2687/2687/2687 2686/2686/2686
f 2686/2686/2686 2687/2687/2687 2688/2688/2688
f 2687/2687/2687 2689/2689/2689 2688/2688/2688
f 2688/2688/2688 2689/2689/2689 2690/2690/2690
f 2689/2689/2689 2691/2691/2691 2690/2690/2690
f 2690/2690/2690 2691/2691/2691 2692/2692/2692
f 2691/2691/2691 2693/2693/2693 2692/2692/2692
f 2692/2692/2692 2693/2693/2693 2694/2694/2694
f 2693/2693/2693 2695/2695/2695 2694/2694/2694
f 2694/2694/2694 2695/2695/2695 2696/2696/2696
f 2695/2695/2695 2697/2697/2697 2696/2696/2696
f 2696/2696/2696 2697/2697/2697 2698/2698/2698
f 2697/2697/2697 2699/2699/2699 2698/2698/2698
f 2698/2698/2698 2699/2699/2699 2700/2700/2700
f 2703/2703/2703 2702/2702/2702 2701/2701/2701
f 2704/2704/2704 2702/2702/2702 2703/2703/2703
f 2705/2705/2705 2704/2704/2704 2703/2703/2703
f 2706/2706/2706 2704/2704/2704 2705/2705/2705
f 2707/2707/2707 2706/2706/2706 2705/2705/2705
f 2708/2708/2708 2706/2706/2706 2707/2707/2707
f 2709/2709/2709 2708/2708/2708 2707/2707/2707
f 2710/2710/2710 2708/2708/2708 2709/2709/2709
f 2711/2711/2711 2710/2710/2710 2709/2709/2709
f 2712/2712/2712 2710/2710/2710 2711/2711/2711
f 2713/2713/2713 2712/2712/2712 2711/2711/2711
f 2714/2714/2714 2712/2712/2712 2713/2713/2713
f 2715/2715/2715 2714/2714/2714 2713/2713/2713
f 2716/2716/2716 2714/2714/2714 2715/2715/2715
f 2717/2717/2717 2716/2716/2716 2715/2715/2715
f 2718/2718/2718 2716/2716/2716 2717/2717/2717
f 2719/2719/2719 2718/2718/2718 2717/2717/2717
f 2720/2720/2720 2718/2718/2718 2719/2719/2719
f 2721/2721/2721 2720/2720/2720 2719/2719/2719
f 2722/2722/2722 2720/2720/2720 2721/2721/2721
f 2723/2723/2723 2722/2722/2722 2721/2721/2721
f 2724/2724/2724 2722/2722/2722 2723/2723/2723
f 2725/2725/2725 2724/2724/2724 2723/2723/2723
