g bed frame
v 0.0018950071 -0.00460950052 -0.00174124807
v 0.0018950071 -0.00460950052 -0.00078314048
v 0.00195748662 -0.00453440286 -0.00078314048
v 0.00195748662 -0.00453440286 -0.00174124807
v 0.00197942648 -0.00444581732 -0.00078314048
v 0.00197942648 -0.00444581732 -0.00174124807
v 0.00197942648 0.00637019984 -0.00174124807
v 0.00197942648 0.00637019984 -0.00078314048
v 0.00195748662 0.00645878492 -0.00078314048
v 0.00195748662 0.00645878492 -0.00174124807
v 0.0018950071 0.00653388305 -0.00078314048
v 0.0018950071 0.00653388305 -0.00174124807
v 0.0018950071 0.00653388305 -0.00174124807
v 0.0018950071 0.00653388305 -0.00078314048
v 0.00180149998 0.00658406317 -0.00078314048
v 0.00180149998 0.00658406317 -0.00174124807
v 0.00169120065 0.00660168286 -0.00078314048
v 0.00169120065 0.00660168286 -0.00174124807
v -0.00344905723 0.00660168286 -0.00078314048
v -0.00344905723 0.00660168286 -0.00174124807
v -0.00355935679 0.00658406317 -0.00078314048
v -0.00355935679 0.00658406317 -0.00174124807
v -0.00365286344 0.00653388305 -0.00078314048
v -0.00365286344 0.00653388305 -0.00174124807
v -0.00365286344 -0.00460950052 -0.00174124807
v -0.00365286344 -0.00460950052 -0.00078314048
v -0.00355935679 -0.00465968065 -0.00078314048
v -0.00355935679 -0.00465968065 -0.00174124807
v -0.00344905723 -0.00467730034 -0.00078314048
v -0.00344905723 -0.00467730034 -0.00174124807
v 0.00169120065 -0.00467730034 -0.00174124807
v 0.00169120065 -0.00467730034 -0.00078314048
v 0.00180149998 -0.00465968065 -0.00078314048
v 0.00180149998 -0.00465968065 -0.00174124807
v 0.0018950071 -0.00460950052 -0.00078314048
v 0.0018950071 -0.00460950052 -0.00174124807
v -0.00371534331 -0.00453440286 -0.00174124807
v -0.00365286344 -0.00460950052 -0.00078314048
v -0.00365286344 -0.00460950052 -0.00174124807
v -0.00371534331 -0.00453440286 -0.00078314048
v -0.00373728317 -0.00444581732 -0.00174124807
v -0.00373728317 -0.00444581732 -0.00078314048
v -0.00373728317 0.00637019984 -0.00078314048
v -0.00373728317 0.00637019984 -0.00174124807
v -0.00371534331 0.00645878492 -0.00174124807
v -0.00371534331 0.00645878492 -0.00078314048
v -0.00365286344 0.00653388305 -0.00174124807
v -0.00365286344 0.00653388305 -0.00078314048
v 0.00195748662 0.00645878492 -0.00078314048
v 0.00197942648 0.00637019984 -0.00078314048
v 0.00197942648 -0.00444581732 -0.00078314048
v 0.00195748662 -0.00453440286 -0.00078314048
v 0.0018950071 0.00653388305 -0.00078314048
v 0.0018950071 -0.00460950052 -0.00078314048
v 0.00180149998 0.00658406317 -0.00078314048
v 0.00180149998 -0.00465968065 -0.00078314048
v 0.00169120065 0.00660168286 -0.00078314048
v 0.00169120065 -0.00467730034 -0.00078314048
v -0.00344905723 0.00660168286 -0.00078314048
v -0.00344905723 -0.00467730034 -0.00078314048
v -0.00355935679 0.00658406317 -0.00078314048
v -0.00355935679 -0.00465968065 -0.00078314048
v -0.00365286344 0.00653388305 -0.00078314048
v -0.00365286344 -0.00460950052 -0.00078314048
v -0.00371534331 0.00645878492 -0.00078314048
v -0.00371534331 -0.00453440286 -0.00078314048
v -0.00373728317 0.00637019984 -0.00078314048
v -0.00373728317 -0.00444581732 -0.00078314048
v 0.00195748662 -0.00453440286 -0.00174124807
v 0.00197942648 -0.00444581732 -0.00174124807
v 0.00197942648 0.00637019984 -0.00174124807
v 0.00195748662 0.00645878492 -0.00174124807
v 0.0018950071 -0.00460950052 -0.00174124807
v 0.0018950071 0.00653388305 -0.00174124807
v 0.00180149998 -0.00465968065 -0.00174124807
v 0.00180149998 0.00658406317 -0.00174124807
v 0.00169120065 -0.00467730034 -0.00174124807
v 0.00169120065 0.00660168286 -0.00174124807
v -0.00344905723 -0.00467730034 -0.00174124807
v -0.00344905723 0.00660168286 -0.00174124807
v -0.00355935679 -0.00465968065 -0.00174124807
v -0.00355935679 0.00658406317 -0.00174124807
v -0.00365286344 -0.00460950052 -0.00174124807
v -0.00365286344 0.00653388305 -0.00174124807
v -0.00371534331 -0.00453440286 -0.00174124807
v -0.00371534331 0.00645878492 -0.00174124807
v -0.00373728317 -0.00444581732 -0.00174124807
v -0.00373728317 0.00637019984 -0.00174124807
v -0.0036239326 -0.00439264625 -0.000252680184
v -0.00364561193 -0.00430511171 -0.000252680184
v -0.00359515008 -0.00426082639 -0.000196758949
v 0.00180433632 0.00639123656 -0.000252680184
v 0.00173234905 0.00645584753 -0.000329069939
v 0.00182372774 0.00640681013 -0.000329069939
v -0.00346979499 0.0064408211 -0.000252680184
v -0.0035621929 0.00639123656 -0.000252680184
v -0.00358158466 0.00640681013 -0.000329069939
v 0.0018372935 0.00618520845 -0.000196758949
v 0.00188775477 -0.00430511171 -0.000252680184
v 0.0018372935 -0.00426082639 -0.000196758949
v 0.00188775477 0.0062294933 -0.000252680184
v 0.00190622534 -0.0043224711 -0.000329069939
v 0.00186607533 -0.00439264625 -0.000252680184
v 0.00190622534 0.00624685269 -0.000329069939
v 0.0018847849 0.00633342145 -0.000329069939
v 0.00186607533 0.00631702878 -0.000252680184
v 0.00182372774 0.00640681013 -0.000329069939
v 0.00180433632 0.00639123656 -0.000252680184
v 0.00182394532 0.00640698522 -0.000719551288
v 0.00188484159 0.00633378979 -0.000719551288
v 0.00190622534 0.00624745013 -0.000719551288
v 0.00187339983 0.00633004401 -0.000787279452
v 0.00181521859 0.00639997656 -0.000787279452
v 0.00190622534 -0.00432306807 -0.000719551288
v 0.0018847849 -0.00440903893 -0.000329069939
v 0.00189406832 0.00624659285 -0.000787279452
v 0.00185989321 0.00632557273 -0.000811066478
v 0.00180489174 0.00639168266 -0.000811066478
v 0.0018407976 0.00631925045 -0.00084469642
v 0.00179029163 0.00637995685 -0.00084469642
v 0.00185944908 0.00624394184 -0.00084469642
v 0.0018797263 0.00624549389 -0.000811066478
v 0.00185944908 -0.00431956025 -0.00084469642
v 0.0018797263 -0.00432111183 -0.000811066478
v 0.0018407976 -0.00439486839 -0.00084469642
v 0.00189406832 -0.00432221033 -0.000787279452
v 0.00185989321 -0.00440119067 -0.000811066478
v 0.00179029163 -0.00445557479 -0.00084469642
v 0.00180489174 -0.00446730014 -0.000811066478
v 0.00187339983 -0.00440566288 -0.000787279452
v 0.00181521859 -0.0044755945 -0.000787279452
v 0.00188484159 -0.00440940866 -0.000719551288
v 0.00182394532 -0.00448260317 -0.000719551288
v 0.00182372774 -0.00448242854 -0.000329069939
v -0.00359515008 -0.00426082639 -0.000196758949
v -0.00364561193 0.0062294933 -0.000252680184
v -0.00359515008 0.00618520845 -0.000196758949
v -0.00364561193 -0.00430511171 -0.000252680184
v -0.00366408215 0.00624685269 -0.000329069939
v -0.0036239326 0.00631702878 -0.000252680184
v -0.00364264124 0.00633342145 -0.000329069939
v -0.0035621929 0.00639123656 -0.000252680184
v -0.00358158466 0.00640681013 -0.000329069939
v -0.00366408215 0.00624745013 -0.000719551288
v -0.00364269852 0.00633378979 -0.000719551288
v -0.00363125675 0.00633004401 -0.000787279452
v -0.0035730754 0.00639997656 -0.000787279452
v -0.00365192513 0.00624659285 -0.000787279452
v -0.00361774978 0.00632557273 -0.000811066478
v -0.00363758323 0.00624549389 -0.000811066478
v -0.00366408215 -0.00432306807 -0.000719551288
v -0.00366408215 -0.0043224711 -0.000329069939
v -0.00364264124 -0.00440903893 -0.000329069939
v -0.0036239326 -0.00439264625 -0.000252680184
v -0.00364269852 -0.00440940866 -0.000719551288
v -0.00365192513 -0.00432221033 -0.000787279452
v -0.00358158466 -0.00448242854 -0.000329069939
v -0.0035621929 -0.00446685497 -0.000252680184
v -0.00358180213 -0.00448260317 -0.000719551288
v -0.00363125675 -0.00440566288 -0.000787279452
v -0.00363758323 -0.00432111183 -0.000811066478
v -0.0035730754 -0.0044755945 -0.000787279452
v 0.00154780503 -0.00449332362 -0.000196758949
v 0.00165858772 -0.0044756257 -0.000196758949
v 0.00171193806 -0.00451643858 -0.000252680184
v 0.00160294585 -0.00453385059 -0.000252680184
v 0.000572751742 -0.00453385105 -0.000199896385
v 0.000572452554 -0.00449332455 -0.00014521688
v -0.000878912804 -0.00449332455 -0.000136888018
v -0.000878912804 -0.00453385105 -0.00019208192
v -0.00233027921 -0.00449332455 -0.00014521688
v 0.000572810182 -0.00454868609 -0.000275840022
v 0.00173234905 -0.00453146547 -0.000329069939
v 0.00182372774 -0.00448242854 -0.000329069939
v 0.00180433632 -0.00446685497 -0.000252680184
v 0.00182394532 -0.00448260317 -0.000719551288
v 0.0017328083 -0.00453151111 -0.000719551288
v 0.00162456033 -0.00454868469 -0.000329069939
v 0.00162530446 -0.00454868469 -0.000719551288
v 0.00162423612 -0.00453892117 -0.000787279452
v -0.000878912804 -0.0045389221 -0.000717712159
v -0.000878912804 -0.00454868609 -0.000649983995
v -0.00338209257 -0.00453892117 -0.000787279452
v -0.000878912804 -0.00454868609 -0.000563283975
v -0.00338241691 -0.00454868469 -0.000329069939
v -0.0033831608 -0.00454868469 -0.000719551288
v -0.0034860014 -0.00452232175 -0.000787279452
v -0.000878913386 -0.00454868609 -0.000268210628
v -0.003490665 -0.00453151111 -0.000719551288
v -0.0035730754 -0.0044755945 -0.000787279452
v -0.00358180213 -0.00448260317 -0.000719551288
v -0.00358158466 -0.00448242854 -0.000329069939
v -0.00349020585 -0.00453146547 -0.000329069939
v -0.0035621929 -0.00446685497 -0.000252680184
v -0.00346979499 -0.00451643858 -0.000252680184
v -0.00233063637 -0.00454868609 -0.000275840022
v -0.00233057793 -0.00453385105 -0.000199896385
v -0.00336080254 -0.00453385059 -0.000252680184
v -0.00341644464 -0.0044756257 -0.000196758949
v -0.00330566149 -0.00449332362 -0.000196758949
v 0.00165858772 -0.0044756257 -0.000196758949
v 0.00180433632 -0.00446685497 -0.000252680184
v 0.00171193806 -0.00451643858 -0.000252680184
v 0.00175250438 -0.00442522625 -0.000196758949
v 0.00186607533 -0.00439264625 -0.000252680184
v 0.00181525736 -0.0043497989 -0.000196758949
v 0.00188775477 -0.00430511171 -0.000252680184
v 0.0018372935 -0.00426082639 -0.000196758949
v 0.00158815912 -0.00442011608 -0.000176290414
v 0.00168286229 -0.0043692952 -0.000176290414
v 0.001746141 -0.00429323595 -0.000176290414
v 0.00147644931 -0.00443796208 -0.000176290414
v 0.00154780503 -0.00449332362 -0.000196758949
v 0.000572452554 -0.00449332455 -0.00014521688
v 0.00158815912 0.00634449814 -0.000176290414
v 0.00147644873 0.00636234367 -0.000176290414
v 0.000571904762 -0.00443796348 -0.000126619183
v 0.00168286229 0.00629367679 -0.000176290414
v -0.000878912804 -0.00443796348 -0.000117515468
v -0.000878912804 -0.00449332455 -0.000136888018
v -0.00232972973 -0.00443796348 -0.000126619343
v -0.00233027921 -0.00449332455 -0.00014521688
v -0.00330566149 -0.00449332362 -0.000196758949
v 0.00057190418 0.0063623446 -0.000126619343
v 0.00154780503 0.00641770568 -0.000196758949
v 0.00165858772 0.00640000822 -0.000196758949
v 0.000572452554 0.00641770568 -0.00014521688
v -0.000878912804 0.00641770568 -0.000136888018
v -0.000878913386 0.0063623446 -0.000117515468
v -0.00233027874 0.00641770568 -0.00014521688
v -0.00232973089 0.0063623446 -0.000126619183
v -0.00323430588 -0.00443796208 -0.000176290414
v -0.00323430658 0.00636234367 -0.000176290414
v -0.00330566149 0.00641770568 -0.000196758949
v -0.00341644464 0.00640000822 -0.000196758949
v -0.0033460164 -0.00442011608 -0.000176290414
v -0.00341644464 -0.0044756257 -0.000196758949
v -0.0033460157 0.00634449814 -0.000176290414
v -0.0034407191 -0.0043692952 -0.000176290414
v -0.0034407191 0.00629367679 -0.000176290414
v -0.00351036061 0.00634960877 -0.000196758949
v -0.0035621929 0.00639123656 -0.000252680184
v -0.00346979499 0.0064408211 -0.000252680184
v -0.0036239326 0.00631702878 -0.000252680184
v -0.00357311359 0.00627418095 -0.000196758949
v -0.00350399734 0.00621761801 -0.000176290414
v -0.00359515008 0.00618520845 -0.000196758949
v -0.00351036061 -0.00442522625 -0.000196758949
v -0.00346979499 -0.00451643858 -0.000252680184
v -0.0035621929 -0.00446685497 -0.000252680184
v -0.00350399734 -0.00429323548 -0.000176290414
v -0.00357311359 -0.0043497989 -0.000196758949
v -0.0036239326 -0.00439264625 -0.000252680184
v -0.00359515008 -0.00426082639 -0.000196758949
v -0.00352621777 -0.00420351792 -0.000176290414
v -0.00352621777 0.00612789998 -0.000176290414
v 0.00180433632 -0.00446685497 -0.000252680184
v 0.0018847849 -0.00440903893 -0.000329069939
v 0.00182372774 -0.00448242854 -0.000329069939
v 0.00186607533 -0.00439264625 -0.000252680184
v 0.00190622534 -0.0043224711 -0.000329069939
v 0.0018372935 0.00618520845 -0.000196758949
v 0.00186607533 0.00631702878 -0.000252680184
v 0.00188775477 0.0062294933 -0.000252680184
v 0.00181525736 0.00627418095 -0.000196758949
v 0.00180433632 0.00639123656 -0.000252680184
v 0.00175250438 0.00634960877 -0.000196758949
v 0.00175250438 0.00634960877 -0.000196758949
v 0.00171193806 0.0064408211 -0.000252680184
v 0.00180433632 0.00639123656 -0.000252680184
v 0.001746141 0.00621761801 -0.000176290414
v 0.00181525736 0.00627418095 -0.000196758949
v 0.00176836154 -0.00420351792 -0.000176290414
v 0.00176836154 0.00612789998 -0.000176290414
v 0.0018372935 0.00618520845 -0.000196758949
v 0.00165858772 0.00640000822 -0.000196758949
v 0.00160294585 0.00645823264 -0.000252680184
v 0.00171193806 0.0064408211 -0.000252680184
v 0.00154780503 0.00641770568 -0.000196758949
v 0.000572452554 0.00641770568 -0.00014521688
v 0.000572751742 0.00645823358 -0.000199896385
v 0.00180433632 0.00639123656 -0.000252680184
v 0.00171193806 0.0064408211 -0.000252680184
v 0.00173234905 0.00645584753 -0.000329069939
v 0.00162456033 0.00647306675 -0.000329069939
v 0.00160294585 0.00645823264 -0.000252680184
v 0.000572751742 0.00645823358 -0.000199896385
v 0.00162530446 0.00647306675 -0.000719551288
v 0.0017328083 0.00645589223 -0.000719551288
v 0.00182372774 0.00640681013 -0.000329069939
v 0.00182394532 0.00640698522 -0.000719551288
v 0.00181521859 0.00639997656 -0.000787279452
v 0.00172814482 0.00644670334 -0.000787279452
v 0.00180489174 0.00639168266 -0.000811066478
v 0.00172257656 0.00643585622 -0.000811066478
v 0.00162423612 0.00646330323 -0.000787279452
v -0.000878912804 0.00647306675 -0.000649983995
v -0.000878912804 0.00646330323 -0.000717712159
v 0.0016228687 0.00645178417 -0.000811066478
v 0.000572810182 0.00647306675 -0.000275840022
v -0.000878912804 0.00647306675 -0.000563283975
v -0.000878912804 0.00645178463 -0.00074149936
v 0.00162093609 0.00643549906 -0.00084469642
v 0.00171470433 0.00642051967 -0.00084469642
v -0.000878912804 0.00643550046 -0.00077512936
v -0.00338072539 0.00645178417 -0.000811066478
v -0.00338209257 0.00646330323 -0.000787279452
v -0.0034860014 0.00644670334 -0.000787279452
v -0.0033831608 0.00647306675 -0.000719551288
v -0.003490665 0.00645589223 -0.000719551288
v -0.00338241691 0.00647306675 -0.000329069939
v -0.00233063637 0.00647306675 -0.000275840022
v -0.00358180213 0.00640698522 -0.000719551288
v -0.0035730754 0.00639997656 -0.000787279452
v -0.00349020585 0.00645584753 -0.000329069939
v -0.00358158466 0.00640681013 -0.000329069939
v -0.00346979499 0.0064408211 -0.000252680184
v -0.00336080254 0.00645823264 -0.000252680184
v -0.00330566149 0.00641770568 -0.000196758949
v -0.00341644464 0.00640000822 -0.000196758949
v -0.00233057723 0.00645823358 -0.000199896385
v -0.00233027874 0.00641770568 -0.00014521688
v -0.000878912804 0.00641770568 -0.000136888018
v -0.000878912804 0.00645823358 -0.00019208192
v 0.000572452554 0.00641770568 -0.00014521688
v -0.000878912804 0.00647306675 -0.000268210628
v -0.000878912804 0.00647306675 -0.000290803146
v 0.000230406513 0.00647306675 -0.000296988321
v -0.000878912804 0.00647306675 -0.000530026678
v -0.0019882326 0.00647306675 -0.000296988321
v -0.00357311359 0.00627418095 -0.000196758949
v -0.00359515008 0.00618520845 -0.000196758949
v -0.00364561193 0.0062294933 -0.000252680184
v -0.0036239326 0.00631702878 -0.000252680184
v -0.00358158466 0.00640681013 -0.000329069939
v -0.00364264124 0.00633342145 -0.000329069939
v -0.00364269852 0.00633378979 -0.000719551288
v -0.00358180213 0.00640698522 -0.000719551288
v -0.0035730754 0.00639997656 -0.000787279452
v 0.00162423612 -0.00453892117 -0.000787279452
v 0.0017328083 -0.00453151111 -0.000719551288
v 0.00172814482 -0.00452232175 -0.000787279452
v 0.00182394532 -0.00448260317 -0.000719551288
v 0.00181521859 -0.0044755945 -0.000787279452
v 0.00172257656 -0.00451147417 -0.000811066478
v 0.00180489174 -0.00446730014 -0.000811066478
v 0.00171470433 -0.00449613761 -0.00084469642
v 0.00179029163 -0.00445557479 -0.00084469642
v -0.00356274843 -0.00446730014 -0.000811066478
v -0.0035730754 -0.0044755945 -0.000787279452
v -0.0034860014 -0.00452232175 -0.000787279452
v -0.00348043325 -0.00451147417 -0.000811066478
v -0.00354814809 -0.00445557479 -0.00084469642
v -0.00338209257 -0.00453892117 -0.000787279452
v -0.00347256125 -0.00449613761 -0.00084469642
v -0.00338072539 -0.00452740258 -0.000811066478
v -0.000878912804 -0.0045389221 -0.000717712159
v -0.0033787929 -0.00451111747 -0.00084469642
v -0.000878912804 -0.00452740351 -0.00074149936
v 0.00162423612 -0.00453892117 -0.000787279452
v -0.000878912804 -0.0045111184 -0.00077512936
v 0.0016228687 -0.00452740258 -0.000811066478
v 0.00172814482 -0.00452232175 -0.000787279452
v 0.00162093609 -0.00451111747 -0.00084469642
v 0.00172257656 -0.00451147417 -0.000811066478
v 0.00171470433 -0.00449613761 -0.00084469642
v 0.00172257656 0.00643585622 -0.000811066478
v 0.00162423612 0.00646330323 -0.000787279452
v 0.0016228687 0.00645178417 -0.000811066478
v 0.00171470433 0.00642051967 -0.00084469642
v 0.00179029163 0.00637995685 -0.00084469642
v 0.00180489174 0.00639168266 -0.000811066478
v -0.00356274843 0.00639168266 -0.000811066478
v -0.0035730754 0.00639997656 -0.000787279452
v -0.00363125675 0.00633004401 -0.000787279452
v -0.00361774978 0.00632557273 -0.000811066478
v -0.00354814809 0.00637995685 -0.00084469642
v -0.00359865418 0.00631925045 -0.00084469642
v -0.00363758323 0.00624549389 -0.000811066478
v -0.00361730577 0.00624394184 -0.00084469642
v -0.00363758323 -0.00432111183 -0.000811066478
v -0.00361730577 -0.00431956025 -0.00084469642
v -0.00365192513 -0.00432221033 -0.000787279452
v -0.00365192513 0.00624659285 -0.000787279452
v -0.00366408215 -0.00432306807 -0.000719551288
v -0.00361774978 -0.00440119067 -0.000811066478
v -0.00363125675 -0.00440566288 -0.000787279452
v -0.0035730754 -0.0044755945 -0.000787279452
v -0.00359865418 -0.00439486839 -0.00084469642
v -0.00356274843 -0.00446730014 -0.000811066478
v -0.00354814809 -0.00445557479 -0.00084469642
v -0.000878912804 0.00643550046 -0.00077512936
v -0.00338072539 0.00645178417 -0.000811066478
v -0.0033787929 0.00643549906 -0.00084469642
v -0.00348043325 0.00643585622 -0.000811066478
v -0.0034860014 0.00644670334 -0.000787279452
v -0.0035730754 0.00639997656 -0.000787279452
v -0.00347256125 0.00642051967 -0.00084469642
v -0.00356274843 0.00639168266 -0.000811066478
v -0.00354814809 0.00637995685 -0.00084469642
v -0.000878912804 -0.0045111184 -0.00077512936
v -0.000878912804 -0.00446950737 -0.00081349432
v -0.00337376283 -0.00446950598 -0.000883061439
v -0.0033787929 -0.00451111747 -0.00084469642
v 0.00162093609 -0.00451111747 -0.00084469642
v -0.00345239043 -0.00445694476 -0.000883061439
v -0.00347256125 -0.00449613761 -0.00084469642
v 0.00161590602 -0.00446950598 -0.000883061439
v 0.00171470433 -0.00449613761 -0.00084469642
v -0.00351081602 -0.00442559179 -0.000883061439
v -0.00354814809 -0.00445557479 -0.00084469642
v 0.00169453351 -0.00445694476 -0.000883061439
v 0.00179029163 -0.00445557479 -0.00084469642
v -0.00354985474 -0.0043786685 -0.000883061439
v -0.00359865418 -0.00439486839 -0.00084469642
v 0.0017529591 -0.00442559179 -0.000883061439
v 0.0018407976 -0.00439486839 -0.00084469642
v -0.00356549444 -0.00431552064 -0.000883061439
v -0.00361730577 -0.00431956025 -0.00084469642
v 0.00179199781 -0.0043786685 -0.000883061439
v 0.00185944908 -0.00431956025 -0.00084469642
v -0.00356549444 0.00623990223 -0.000883061439
v -0.00361730577 0.00624394184 -0.00084469642
v 0.00180763751 -0.00431552064 -0.000883061439
v 0.00185944908 0.00624394184 -0.00084469642
v -0.00354985474 0.00630305056 -0.000883061439
v -0.00359865418 0.00631925045 -0.00084469642
v 0.00180763751 0.00623990223 -0.000883061439
v 0.0018407976 0.00631925045 -0.00084469642
v -0.00351081602 0.00634997338 -0.000883061439
v -0.00354814809 0.00637995685 -0.00084469642
v 0.00179199781 0.00630305056 -0.000883061439
v 0.00179029163 0.00637995685 -0.00084469642
v -0.00345239043 0.00638132682 -0.000883061439
v -0.00347256125 0.00642051967 -0.00084469642
v 0.0017529591 0.00634997338 -0.000883061439
v 0.00171470433 0.00642051967 -0.00084469642
v -0.00337376283 0.00639388803 -0.000883061439
v -0.0033787929 0.00643549906 -0.00084469642
v 0.00169453351 0.00638132682 -0.000883061439
v 0.00162093609 0.00643549906 -0.00084469642
v -0.000878912804 0.0063938885 -0.00081349432
v -0.000878912804 0.00643550046 -0.00077512936
v 0.00161590602 0.00639388803 -0.000883061439
v -0.00342856045 0.00633509224 -0.000896533253
v -0.00336776953 0.00634480407 -0.000896533253
v -0.000878912804 0.00634480454 -0.000826966134
v 0.00160991249 0.00634480407 -0.000896533253
v 0.00167070352 0.00633509224 -0.000896533253
v 0.00170890451 0.00631459244 -0.000896533253
v -0.00346676097 0.00631459244 -0.000896533253
v 0.00173442985 0.00628391141 -0.000896533253
v -0.00349228666 0.00628391141 -0.000896533253
v 0.0017465218 0.00623508915 -0.000896533253
v 0.0017465218 -0.00431070616 -0.000896533253
v 0.00173442985 -0.00435952935 -0.000896533253
v 0.00170890451 -0.00439020991 -0.000896533253
v 0.00167070352 -0.00441071065 -0.000896533253
v 0.00160991249 -0.00442042155 -0.000896533253
v -0.000878912804 -0.00442042202 -0.000826966134
v -0.00336776953 -0.00442042155 -0.000896533253
v -0.00342856045 -0.00441071065 -0.000896533253
v -0.00346676097 -0.00439020991 -0.000896533253
v -0.00349228666 -0.00435952935 -0.000896533253
v -0.00350437872 -0.00431070616 -0.000896533253
v -0.00350437872 0.00623508915 -0.000896533253
v -0.00342369662 0.00593966153 -0.00206029834
v -0.00342369662 0.0062552928 -0.00206029834
v -0.00344141526 0.00627301214 -0.0017207613
v -0.00344141526 0.00592194311 -0.0017207613
v -0.00342369662 0.0062552928 -0.00206029834
v -0.00310806511 0.0062552928 -0.00206029834
v -0.00309034646 0.00627301214 -0.0017207613
v -0.00344141526 0.00627301214 -0.0017207613
v -0.00310806511 0.0062552928 -0.00206029834
v -0.00310806511 0.00593966153 -0.00206029834
v -0.00309034646 0.00592194311 -0.0017207613
v -0.00309034646 0.00627301214 -0.0017207613
v -0.00310806511 0.00593966153 -0.00206029834
v -0.00342369662 0.00593966153 -0.00206029834
v -0.00344141526 0.00592194311 -0.0017207613
v -0.00309034646 0.00592194311 -0.0017207613
v -0.00342369662 0.0062552928 -0.00206029834
v -0.00342369662 0.00593966153 -0.00206029834
v -0.00310806511 0.00593966153 -0.00206029834
v -0.00310806511 0.0062552928 -0.00206029834
v -0.00309034646 0.00627301214 -0.0017207613
v -0.00309034646 0.00592194311 -0.0017207613
v -0.00344141526 0.00592194311 -0.0017207613
v -0.00344141526 0.00627301214 -0.0017207613
v 0.00164749858 0.00593966153 -0.00206029834
v 0.00166521722 0.00592194311 -0.0017207613
v 0.00166521722 0.00627301214 -0.0017207613
v 0.00164749858 0.0062552928 -0.00206029834
v 0.00164749858 0.0062552928 -0.00206029834
v 0.00166521722 0.00627301214 -0.0017207613
v 0.00131414831 0.00627301214 -0.0017207613
v 0.00133186753 0.0062552928 -0.00206029834
v 0.00133186753 0.0062552928 -0.00206029834
v 0.00131414831 0.00627301214 -0.0017207613
v 0.00131414831 0.00592194311 -0.0017207613
v 0.00133186753 0.00593966153 -0.00206029834
v 0.00133186753 0.00593966153 -0.00206029834
v 0.00131414831 0.00592194311 -0.0017207613
v 0.00166521722 0.00592194311 -0.0017207613
v 0.00164749858 0.00593966153 -0.00206029834
v 0.00164749858 0.0062552928 -0.00206029834
v 0.00133186753 0.0062552928 -0.00206029834
v 0.00133186753 0.00593966153 -0.00206029834
v 0.00164749858 0.00593966153 -0.00206029834
v 0.00131414831 0.00627301214 -0.0017207613
v 0.00166521722 0.00627301214 -0.0017207613
v 0.00166521722 0.00592194311 -0.0017207613
v 0.00131414831 0.00592194311 -0.0017207613
v -0.00342369662 -0.00390705513 -0.00206029834
v -0.00344141526 -0.00388933602 -0.0017207613
v -0.00344141526 -0.00424040621 -0.0017207613
v -0.00342369662 -0.00422268733 -0.00206029834
v -0.00342369662 -0.00422268733 -0.00206029834
v -0.00344141526 -0.00424040621 -0.0017207613
v -0.00309034646 -0.00424040621 -0.0017207613
v -0.00310806511 -0.00422268733 -0.00206029834
v -0.00310806511 -0.00422268733 -0.00206029834
v -0.00309034646 -0.00424040621 -0.0017207613
v -0.00309034646 -0.00388933602 -0.0017207613
v -0.00310806511 -0.00390705513 -0.00206029834
v -0.00310806511 -0.00390705513 -0.00206029834
v -0.00309034646 -0.00388933602 -0.0017207613
v -0.00344141526 -0.00388933602 -0.0017207613
v -0.00342369662 -0.00390705513 -0.00206029834
v -0.00342369662 -0.00422268733 -0.00206029834
v -0.00310806511 -0.00422268733 -0.00206029834
v -0.00310806511 -0.00390705513 -0.00206029834
v -0.00342369662 -0.00390705513 -0.00206029834
v -0.00309034646 -0.00424040621 -0.0017207613
v -0.00344141526 -0.00424040621 -0.0017207613
v -0.00344141526 -0.00388933602 -0.0017207613
v -0.00309034646 -0.00388933602 -0.0017207613
v 0.00164749858 -0.00390705513 -0.00206029834
v 0.00164749858 -0.00422268733 -0.00206029834
v 0.00166521722 -0.00424040621 -0.0017207613
v 0.00166521722 -0.00388933602 -0.0017207613
v 0.00164749858 -0.00422268733 -0.00206029834
v 0.00133186753 -0.00422268733 -0.00206029834
v 0.00131414831 -0.00424040621 -0.0017207613
v 0.00166521722 -0.00424040621 -0.0017207613
v 0.00133186753 -0.00422268733 -0.00206029834
v 0.00133186753 -0.00390705513 -0.00206029834
v 0.00131414831 -0.00388933602 -0.0017207613
v 0.00131414831 -0.00424040621 -0.0017207613
v 0.00133186753 -0.00390705513 -0.00206029834
v 0.00164749858 -0.00390705513 -0.00206029834
v 0.00166521722 -0.00388933602 -0.0017207613
v 0.00131414831 -0.00388933602 -0.0017207613
v 0.00164749858 -0.00422268733 -0.00206029834
v 0.00164749858 -0.00390705513 -0.00206029834
v 0.00133186753 -0.00390705513 -0.00206029834
v 0.00133186753 -0.00422268733 -0.00206029834
v 0.00131414831 -0.00424040621 -0.0017207613
v 0.00131414831 -0.00388933602 -0.0017207613
v 0.00166521722 -0.00388933602 -0.0017207613
v 0.00166521722 -0.00424040621 -0.0017207613
v -0.00338582741 0.00617773738 -0.00205772719
v -0.0033556032 0.00615687529 -0.00226924079
v -0.00331632071 0.00619167695 -0.00226924079
v -0.0033333879 0.00622419454 -0.00205772719
v -0.00326536526 0.00620423676 -0.00226924079
v -0.00326536526 0.00624096021 -0.00205772719
v -0.00321440864 0.00619167695 -0.00226924079
v -0.00319734216 0.00622419454 -0.00205772719
v -0.00312005938 0.00611223094 -0.00205772719
v -0.00316284178 0.00605570665 -0.00226924079
v -0.00312850345 0.0060426835 -0.00205772719
v -0.00315651647 0.00610780483 -0.00226924079
v -0.00314490241 0.00617773738 -0.00205772719
v -0.00317512616 0.00615687529 -0.00226924079
v -0.00341066997 0.00611223094 -0.00205772719
v -0.0033556032 0.00615687529 -0.00226924079
v -0.00338582741 0.00617773738 -0.00205772719
v -0.00337421359 0.00610780483 -0.00226924079
v -0.00340222591 0.0060426835 -0.00205772719
v -0.00336788758 0.00605570665 -0.00226924079
v -0.00319734216 0.00622419454 -0.00205772719
v -0.00321440864 0.00619167695 -0.00226924079
v -0.00317512616 0.00615687529 -0.00226924079
v -0.00314490241 0.00617773738 -0.00205772719
v -0.00336242793 0.00598502671 -0.00205772719
v -0.00333807454 0.00601251516 -0.00226924079
v -0.00336788758 0.00605570665 -0.00226924079
v -0.00340222591 0.0060426835 -0.00205772719
v -0.0033003944 0.00595246907 -0.00205772719
v -0.00333807454 0.00601251516 -0.00226924079
v -0.00336242793 0.00598502671 -0.00205772719
v -0.00329160574 0.00598812709 -0.00226924079
v -0.00323033566 0.00595246907 -0.00205772719
v -0.00323912385 0.00598812709 -0.00226924079
v -0.00316830142 0.00598502671 -0.00205772719
v -0.00319265481 0.00601251516 -0.00226924079
v -0.00323912385 0.00598812709 -0.00226924079
v -0.00323033566 0.00595246907 -0.00205772719
v -0.00312850345 0.0060426835 -0.00205772719
v -0.00316284178 0.00605570665 -0.00226924079
v -0.00319265481 0.00601251516 -0.00226924079
v -0.00316830142 0.00598502671 -0.00205772719
v 0.00160962902 0.00617773738 -0.00205772719
v 0.00155718974 0.00622419454 -0.00205772719
v 0.00154012314 0.00619167695 -0.00226924079
v 0.00157940562 0.00615687529 -0.00226924079
v 0.00163447228 0.00611223094 -0.00205772719
v 0.00160962902 0.00617773738 -0.00205772719
v 0.00157940562 0.00615687529 -0.00226924079
v 0.00159801543 0.00610780483 -0.00226924079
v 0.00136870472 0.00617773738 -0.00205772719
v 0.00138031843 0.00610780483 -0.00226924079
v 0.00139892811 0.00615687529 -0.00226924079
v 0.00134386122 0.00611223094 -0.00205772719
v 0.00138664397 0.00605570665 -0.00226924079
v 0.00135230599 0.0060426835 -0.00205772719
v 0.00141645665 0.00601251516 -0.00226924079
v 0.00139210396 0.00598502671 -0.00205772719
v 0.00162602775 0.0060426835 -0.00205772719
v 0.00163447228 0.00611223094 -0.00205772719
v 0.00159801543 0.00610780483 -0.00226924079
v 0.00159168988 0.00605570665 -0.00226924079
v 0.00158622977 0.00598502671 -0.00205772719
v 0.00156187708 0.00601251516 -0.00226924079
v 0.001421144 0.00622419454 -0.00205772719
v 0.00136870472 0.00617773738 -0.00205772719
v 0.00139892811 0.00615687529 -0.00226924079
v 0.00143821083 0.00619167695 -0.00226924079
v 0.00148916722 0.00624096021 -0.00205772719
v 0.00148916722 0.00620423676 -0.00226924079
v 0.00155718974 0.00622419454 -0.00205772719
v 0.00154012314 0.00619167695 -0.00226924079
v 0.00152419624 0.00595246907 -0.00205772719
v 0.00158622977 0.00598502671 -0.00205772719
v 0.00156187708 0.00601251516 -0.00226924079
v 0.00151540758 0.00598812709 -0.00226924079
v 0.0014541375 0.00595246907 -0.00205772719
v 0.00152419624 0.00595246907 -0.00205772719
v 0.00151540758 0.00598812709 -0.00226924079
v 0.00146292627 0.00598812709 -0.00226924079
v 0.00139210396 0.00598502671 -0.00205772719
v 0.00141645665 0.00601251516 -0.00226924079
v -0.00338582741 -0.00414513145 -0.00205772719
v -0.0033333879 -0.00419158861 -0.00205772719
v -0.00331632071 -0.00415906962 -0.00226924079
v -0.0033556032 -0.00412426936 -0.00226924079
v -0.00341066997 -0.00407962548 -0.00205772719
v -0.00338582741 -0.00414513145 -0.00205772719
v -0.0033556032 -0.00412426936 -0.00226924079
v -0.00337421359 -0.0040751989 -0.00226924079
v -0.00314490241 -0.00414513145 -0.00205772719
v -0.00315651647 -0.0040751989 -0.00226924079
v -0.00317512616 -0.00412426936 -0.00226924079
v -0.00312005938 -0.00407962548 -0.00205772719
v -0.00316284178 -0.00402310025 -0.00226924079
v -0.00312850345 -0.0040100771 -0.00205772719
v -0.00319265481 -0.00397990923 -0.00226924079
v -0.00316830142 -0.00395242032 -0.00205772719
v -0.00340222591 -0.0040100771 -0.00205772719
v -0.00341066997 -0.00407962548 -0.00205772719
v -0.00337421359 -0.0040751989 -0.00226924079
v -0.00336788758 -0.00402310025 -0.00226924079
v -0.00336242793 -0.00395242032 -0.00205772719
v -0.00333807454 -0.00397990923 -0.00226924079
v -0.00319734216 -0.00419158861 -0.00205772719
v -0.00314490241 -0.00414513145 -0.00205772719
v -0.00317512616 -0.00412426936 -0.00226924079
v -0.00321440864 -0.00415906962 -0.00226924079
v -0.00326536526 -0.00420835475 -0.00205772719
v -0.00326536526 -0.0041716299 -0.00226924079
v -0.0033333879 -0.00419158861 -0.00205772719
v -0.00331632071 -0.00415906962 -0.00226924079
v -0.0033003944 -0.00391986314 -0.00205772719
v -0.00336242793 -0.00395242032 -0.00205772719
v -0.00333807454 -0.00397990923 -0.00226924079
v -0.00329160574 -0.00395552022 -0.00226924079
v -0.00323033566 -0.00391986314 -0.00205772719
v -0.0033003944 -0.00391986314 -0.00205772719
v -0.00329160574 -0.00395552022 -0.00226924079
v -0.00323912385 -0.00395552022 -0.00226924079
v -0.00316830142 -0.00395242032 -0.00205772719
v -0.00319265481 -0.00397990923 -0.00226924079
v 0.00160962902 -0.00414513191 -0.00205772719
v 0.00157940562 -0.00412426982 -0.00226924079
v 0.00154012314 -0.00415907009 -0.00226924079
v 0.00155718974 -0.00419158908 -0.00205772719
v 0.00148916722 -0.00417163037 -0.00226924079
v 0.00148916722 -0.00420835521 -0.00205772719
v 0.00143821083 -0.00415907009 -0.00226924079
v 0.001421144 -0.00419158908 -0.00205772719
v 0.00134386122 -0.00407962594 -0.00205772719
v 0.00138664397 -0.00402310025 -0.00226924079
v 0.00135230599 -0.0040100771 -0.00205772719
v 0.00138031843 -0.0040751989 -0.00226924079
v 0.00136870472 -0.00414513191 -0.00205772719
v 0.00139892811 -0.00412426982 -0.00226924079
v 0.00163447228 -0.00407962594 -0.00205772719
v 0.00157940562 -0.00412426982 -0.00226924079
v 0.00160962902 -0.00414513191 -0.00205772719
v 0.00159801543 -0.0040751989 -0.00226924079
v 0.00162602775 -0.0040100771 -0.00205772719
v 0.00159168988 -0.00402310025 -0.00226924079
v 0.001421144 -0.00419158908 -0.00205772719
v 0.00143821083 -0.00415907009 -0.00226924079
v 0.00139892811 -0.00412426982 -0.00226924079
v 0.00136870472 -0.00414513191 -0.00205772719
v 0.00158622977 -0.00395242078 -0.00205772719
v 0.00156187708 -0.0039799097 -0.00226924079
v 0.00159168988 -0.00402310025 -0.00226924079
v 0.00162602775 -0.0040100771 -0.00205772719
v 0.00152419624 -0.00391986314 -0.00205772719
v 0.00156187708 -0.0039799097 -0.00226924079
v 0.00158622977 -0.00395242078 -0.00205772719
v 0.00151540758 -0.00395552069 -0.00226924079
v 0.0014541375 -0.00391986314 -0.00205772719
v 0.00146292627 -0.00395552069 -0.00226924079
v 0.00139210396 -0.00395242078 -0.00205772719
v 0.00141645665 -0.0039799097 -0.00226924079
v 0.00146292627 -0.00395552069 -0.00226924079
v 0.0014541375 -0.00391986314 -0.00205772719
v 0.00135230599 -0.0040100771 -0.00205772719
v 0.00138664397 -0.00402310025 -0.00226924079
v 0.00141645665 -0.0039799097 -0.00226924079
v 0.00139210396 -0.00395242078 -0.00205772719
v 0.00182674022 0.00725075835 -0.00201547286
v 0.00187371275 0.00718302932 -0.00200624578
v 0.00187169493 0.00725075835 -0.00199480401
v 0.00182688085 0.00679254858 -0.00202762964
v 0.00187351403 0.00679254858 -0.0020061892
v 0.00181752944 0.00671615964 -0.00200915942
v 0.00186468265 0.00671615964 -0.00198747986
v 0.0018253132 0.00730817532 -0.00198085373
v 0.00186928629 0.00727454526 -0.00198129704
v 0.0018658801 0.00730817532 -0.0019622019
v -0.00353959086 0.00666023698 0.00154899911
v 0.00181752979 0.00671615871 0.00159946189
v 0.00179367384 0.00666023698 0.00154900027
v -0.00356344692 0.00671615871 0.00159946096
v 0.00182688085 0.00679254858 0.00161793246
v 0.001864683 0.00671615871 0.0015777821
v 0.00187351403 0.00679254858 0.00159649143
v 0.00182720274 0.00718302932 0.00161793246
v 0.00187371252 0.00718302932 0.00159654813
v 0.00187169493 0.00725075742 0.00158510637
v 0.00182674045 0.00725075742 0.00160577544
v -0.00357311964 0.00718302932 0.00161793153
v -0.00357265701 0.00725075742 0.00160577428
v -0.00357279764 0.00679254858 0.00161793153
v -0.00361943059 0.00679254858 0.0015964905
v -0.00361060025 0.00671615871 0.00157778151
v -0.00361962966 0.00718302932 0.00159654743
v -0.00361761195 0.00725075742 0.0015851052
v -0.00357206585 0.00727454526 0.00159143156
v 0.00179367361 0.00666023791 -0.0019586978
v -0.00356344623 0.00671615964 -0.00200915942
v -0.00353959086 0.00666023791 -0.0019586985
v 0.00181752944 0.00671615964 -0.00200915942
v -0.00357279764 0.00679254858 -0.00202763011
v -0.00361060025 0.00671615964 -0.00198747986
v -0.00361942989 0.00679254858 -0.00200619013
v 0.00182688085 0.00679254858 -0.00202762964
v 0.00182720274 0.00718302932 -0.00202762964
v 0.00187371275 0.00718302932 -0.00200624578
v -0.00357311964 0.00718302932 -0.00202763011
v 0.00182674022 0.00725075835 -0.00201547286
v -0.00357265701 0.00725075835 -0.00201547286
v -0.00361761195 0.00725075835 -0.00199480494
v -0.00361520285 0.00727454526 -0.00198129797
v -0.00357206585 0.00727454526 -0.00200113119
v 0.00182614918 0.00727454526 -0.00200113025
v -0.00357122952 0.00730817532 -0.00198085373
v 0.00187169493 0.00725075835 -0.00199480401
v 0.0018253132 0.00730817532 -0.00198085373
v 0.00186928629 0.00727454526 -0.00198129704
v 0.00190938322 0.00666023698 0.00137029425
v 0.00188223354 0.00666023698 0.00146421092
v 0.00190465839 0.00671615871 0.00151604332
v 0.00193136837 0.00671615871 0.00142364448
v 0.00191891636 0.00666023698 0.00125951064
v 0.0019130474 0.00679254858 0.00153543486
v 0.00187351403 0.00679254858 0.00159649143
v 0.001864683 0.00671615871 0.0015777821
v 0.00187371252 0.00718302932 0.00159654813
v 0.00194074772 0.00671615871 0.0013146518
v 0.00193946296 0.00679254858 0.00144405582
v 0.00191314158 0.00718302932 0.00153565244
v 0.00194074831 0.0066633746 0.000827712822
v 0.00191891694 0.00660869572 0.000827413925
v 0.00191891694 0.00660036691 4.7610697E-06
v 0.00194074831 0.00665556081 4.7610697E-06
v 0.00191891694 0.00660869572 -0.000693825888
v 0.00194873929 0.00673931837 0.000827772135
v 0.00194873894 0.00679254858 0.00133626536
v 0.00194873929 0.0070267627 4.7610697E-06
v 0.00194873929 0.00673168944 4.7610697E-06
v 0.00194074831 0.00666337553 -0.000694124959
v 0.00193948776 0.00718302932 0.00144451507
v 0.00194873894 0.00718302932 0.00133700983
v 0.00194074772 0.00671615964 -0.0017243498
v 0.00191891636 0.00666023791 -0.00166920887
v 0.00190938322 0.00666023791 -0.00177999225
v 0.00194873929 0.00673931837 -0.000694183516
v 0.0019487387 0.00679254858 -0.00174596393
v 0.00193136837 0.00671615964 -0.00183334225
v 0.00188223354 0.00666023791 -0.00187390845
v 0.00190465839 0.00671615964 -0.00192574097
v 0.00193946296 0.00679254858 -0.00185375323
v 0.00194873894 0.00718302932 -0.00174670783
v 0.0019130474 0.00679254858 -0.00194513181
v 0.00186468265 0.00671615964 -0.00198747986
v 0.00187351403 0.00679254858 -0.0020061892
v 0.00193948776 0.00718302932 -0.00185421237
v 0.00191314123 0.00718302932 -0.00194534997
v 0.00187371275 0.00718302932 -0.00200624578
v 0.00187169493 0.00725075835 -0.00199480401
v 0.00190936646 0.00725075835 -0.00193662313
v 0.00186928629 0.00727454526 -0.00198129704
v 0.0019345372 0.00725075835 -0.00184954912
v 0.00190489797 0.00727454526 -0.00192629604
v 0.0018658801 0.00730817532 -0.0019622019
v 0.00189858198 0.00730817532 -0.00191169581
v 0.00192869396 0.00727454526 -0.00184398121
v 0.00194347918 0.00725075835 -0.00174563972
v 0.00192043209 0.00730817532 -0.00183610851
v 0.00188243052 0.00734653976 -0.0018743634
v 0.00193727424 0.00727454526 -0.00174427265
v 0.00192850165 0.00730817532 -0.00174233934
v 0.00194873929 0.00711346231 4.7610697E-06
v 0.00194347941 0.00718119135 4.7610697E-06
v 0.00193727494 0.00720497826 4.7610697E-06
v 0.00194347918 0.00725075742 0.00133594172
v 0.00192850223 0.00723860832 4.7610697E-06
v 0.00190608646 0.00734653976 -0.00173730985
v 0.00190608681 0.00727697276 4.7610697E-06
v 0.0019345372 0.00725075742 0.00143985194
v 0.00193727424 0.00727454526 0.00133457466
v 0.00192850165 0.00730817532 0.00133264135
v 0.00190608646 0.00734653976 0.00132761162
v 0.00190936623 0.00725075742 0.00152692571
v 0.00187169493 0.00725075742 0.00158510637
v 0.0019286942 0.00727454526 0.00143428368
v 0.00192043209 0.00730817532 0.00142641109
v 0.00189931982 0.00734653976 0.00140624063
v 0.00190489797 0.00727454526 0.00151659863
v 0.00186928629 0.00727454526 0.00157159939
v 0.00189858198 0.00730817532 0.00150199898
v 0.00188243052 0.00734653976 0.00146466622
v 0.0018658801 0.00730817532 0.00155250437
v 0.00188223354 0.00666023698 0.00146421092
v 0.001864683 0.00671615871 0.0015777821
v 0.00190465839 0.00671615871 0.00151604332
v 0.00184160203 0.00666023698 0.00152696378
v 0.00185210432 0.00663976884 0.00139456883
v 0.00188223354 0.00666023698 0.00146421092
v 0.00187948078 0.00663976884 0.00129986473
v 0.00190938322 0.00666023698 0.00137029425
v 0.00188909436 0.00663976884 0.00118815491
v 0.00191891636 0.00666023698 0.00125951064
v 0.00191891694 0.00660869572 0.000827413925
v 0.00181113242 0.00663976884 0.00145784812
v 0.00179367384 0.00666023698 0.00154900027
v -0.00362539757 0.00663976884 0.00129986473
v 0.00188909471 0.00659009814 0.000826866133
v 0.00188909471 0.006580994 4.76196419E-06
v 0.00191891694 0.00660036691 4.7610697E-06
v 0.00188909494 0.00659009814 -0.000693276816
v 0.00191891694 0.00660869572 -0.000693825888
v 0.00191891636 0.00666023791 -0.00166920887
v 0.00188909471 0.00663976884 -0.00159785268
v -0.00363501068 0.00663976884 0.00118815433
v 0.00187948078 0.00663976884 -0.00170956284
v 0.00190938322 0.00666023791 -0.00177999225
v 0.00185210432 0.00663976884 -0.00180426647
v 0.00188223354 0.00666023791 -0.00187390845
v 0.00181113183 0.00663976884 -0.00186754554
v 0.00184160203 0.00666023791 -0.00193666155
v 0.0017628026 0.00663976884 -0.00188976584
v 0.00179367361 0.00666023791 -0.0019586978
v -0.00353959086 0.00666023791 -0.0019586985
v -0.00355704897 0.00663976884 -0.00186754554
v -0.00350871915 0.00663976884 -0.00188976631
v -0.00358751882 0.00666023791 -0.00193666155
v -0.00359802111 0.00663976884 -0.00180426741
v -0.00362815009 0.00666023791 -0.00187390938
v -0.00362539757 0.00663976884 -0.00170956366
v -0.00365530001 0.00666023791 -0.00177999272
v -0.00363501068 0.00663976884 -0.00159785396
v -0.00366483326 0.00666023791 -0.00166920968
v -0.00366483373 0.00660869572 -0.000693825888
v -0.00363501185 0.00659009814 -0.000693278154
v -0.00363501185 0.006580994 4.76047398E-06
v -0.00366483373 0.00660036691 4.760921E-06
v -0.00363501185 0.00659009814 -0.000693278154
v 0.00188909494 0.00659009814 -0.000693276816
v 0.00188909471 0.006580994 4.76196419E-06
v -0.00363501185 0.006580994 4.76047398E-06
v -0.00363501185 0.00659009814 0.000826864678
v -0.00366483373 0.00660869572 0.000827413343
v -0.00366483326 0.00666023698 0.00125951029
v -0.00365529954 0.00666023698 0.00137029425
v -0.00359802111 0.00663976884 0.00139456824
v -0.00362815009 0.00666023698 0.00146420998
v -0.00355704944 0.00663976884 0.00145784684
v -0.00358751882 0.00666023698 0.0015269632
v -0.00350871915 0.00663976884 0.00148006808
v 0.0017628026 0.00663976884 0.00148006808
v -0.00353959086 0.00666023698 0.00154899911
v -0.00361060025 0.00671615871 0.00157778151
v -0.00356344692 0.00671615871 0.00159946096
v -0.00365057518 0.00671615871 0.00151604251
v -0.00362815009 0.00666023698 0.00146420998
v 0.00184160203 0.00666023698 0.00152696378
v 0.00179367384 0.00666023698 0.00154900027
v 0.00181752979 0.00671615871 0.00159946189
v 0.001864683 0.00671615871 0.0015777821
v 0.00190465839 0.00671615964 -0.00192574097
v 0.00184160203 0.00666023791 -0.00193666155
v 0.00188223354 0.00666023791 -0.00187390845
v 0.00186468265 0.00671615964 -0.00198747986
v 0.00179367361 0.00666023791 -0.0019586978
v 0.00181752944 0.00671615964 -0.00200915942
v -0.00362815009 0.00666023698 0.00146420998
v -0.00365529954 0.00666023698 0.00137029425
v -0.00367728574 0.00671615871 0.0014236439
v -0.00368666532 0.00671615871 0.00131465145
v -0.00366483326 0.00666023698 0.00125951029
v -0.00366483373 0.00660869572 0.000827413343
v -0.00369465584 0.00679254858 0.00133626536
v -0.0036853801 0.00679254858 0.001444055
v -0.00368666532 0.0066633746 0.000827712531
v -0.00368666532 0.00665556081 4.760921E-06
v -0.00366483373 0.00660036691 4.760921E-06
v -0.00368666532 0.00666337553 -0.000694124959
v -0.00369465584 0.00673931837 -0.000694184448
v -0.00366483373 0.00660869572 -0.000693825888
v -0.00366483326 0.00666023791 -0.00166920968
v -0.00369465584 0.00673168944 4.760921E-06
v -0.00368666532 0.00671615964 -0.0017243498
v -0.00369465584 0.00673931837 0.000827771553
v -0.00369465584 0.0070267627 4.760921E-06
v -0.00369465584 0.00718302932 0.00133700983
v -0.00367728574 0.00671615964 -0.00183334318
v -0.00365530001 0.00666023791 -0.00177999272
v -0.00365057518 0.00671615964 -0.00192574097
v -0.00362815009 0.00666023791 -0.00187390938
v -0.00369465584 0.00676046731 0.000485367316
v -0.00369465584 0.00675428146 4.760921E-06
v -0.00369465584 0.00699350564 4.760921E-06
v -0.00369465584 0.00676046731 -0.00035177989
v -0.00369465584 0.00679254858 -0.0017459644
v -0.0036853801 0.00679254858 -0.00185375428
v -0.00365896407 0.00679254858 -0.00194513227
v -0.00361942989 0.00679254858 -0.00200619013
v -0.00361060025 0.00671615964 -0.00198747986
v -0.00361962896 0.00718302932 -0.00200624578
v -0.00365905883 0.00718302932 -0.00194534997
v -0.00365528348 0.00725075835 -0.00193662313
v -0.00368540455 0.00718302932 -0.0018542133
v -0.00369465584 0.00718302932 -0.00174670888
v -0.00368045433 0.00725075835 -0.00184954947
v -0.00369465584 0.00711346231 4.760921E-06
v -0.0036893962 0.00725075835 -0.00174564077
v -0.00367461075 0.00727454526 -0.00184398121
v -0.00365081546 0.00727454526 -0.00192629686
v -0.0036893962 0.00718119135 4.760921E-06
v -0.00368319149 0.00727454526 -0.00174427358
v -0.00368939573 0.00725075742 0.00133594102
v -0.00368319149 0.00720497826 4.760921E-06
v -0.0036744189 0.00730817532 -0.00174234028
v -0.00366634945 0.00730817532 -0.00183610944
v -0.00365200266 0.00734653976 -0.00173731067
v -0.0036744189 0.00723860832 4.760921E-06
v -0.0036744189 0.00730817532 0.00133264135
v -0.00368319149 0.00727454526 0.00133457407
v -0.00366634945 0.00730817532 0.00142641016
v -0.00364523754 0.00734653976 0.00140623935
v -0.003628348 0.00734653976 0.0014646654
v -0.00367461075 0.00727454526 0.00143428275
v -0.00364449853 0.00730817532 0.00150199782
v -0.00360307028 0.00734653976 0.00150370342
v -0.003611797 0.00730817532 0.00155250321
v -0.00365081546 0.00727454526 0.00151659735
v -0.00361520285 0.00727454526 0.00157159881
v -0.00368045433 0.00725075742 0.00143985101
v -0.00365528278 0.00725075742 0.00152692478
v -0.00361761195 0.00725075742 0.0015851052
v -0.00368540525 0.00718302932 0.00144451391
v -0.00365905883 0.00718302932 0.00153565151
v -0.00361962966 0.00718302932 0.00159654743
v -0.00361943059 0.00679254858 0.0015964905
v -0.00365896407 0.00679254858 0.00153543369
v -0.00365057518 0.00671615871 0.00151604251
v -0.00361060025 0.00671615871 0.00157778151
v -0.00362815009 0.00666023698 0.00146420998
v -0.00367728574 0.00671615871 0.0014236439
v -0.00365057518 0.00671615871 0.00151604251
v -0.0036853801 0.00679254858 0.001444055
v -0.00361942989 0.00679254858 -0.00200619013
v -0.00357279764 0.00679254858 -0.00202763011
v -0.00357311964 0.00718302932 -0.00202763011
v -0.00361962896 0.00718302932 -0.00200624578
v -0.00361761195 0.00725075835 -0.00199480494
v -0.00362815009 0.00666023791 -0.00187390938
v -0.00361060025 0.00671615964 -0.00198747986
v -0.00365057518 0.00671615964 -0.00192574097
v -0.00358751882 0.00666023791 -0.00193666155
v -0.00353959086 0.00666023791 -0.0019586985
v -0.00356344623 0.00671615964 -0.00200915942
v -0.00361060025 0.00671615964 -0.00198747986
v 0.00185715372 0.00734653976 0.00150370435
v 0.0018658801 0.00730817532 0.00155250437
v 0.00182531297 0.00730817532 0.00157115585
v 0.00182313647 0.00734653976 0.00151934451
v -0.00357122882 0.00730817532 0.00157115504
v -0.00356905325 0.00734653976 0.0015193437
v -0.003611797 0.00730817532 0.00155250321
v -0.00360307028 0.00734653976 0.00150370342
v 0.00184684363 0.00736001227 0.0014461372
v 0.00182054332 0.00736001227 0.00145822833
v -0.00356646045 0.00736001227 0.0014582274
v -0.00359276053 0.00736001227 0.00144613639
v -0.003628348 0.00734653976 0.0014646654
v 0.00186337112 0.00736001227 0.00142061128
v 0.00188243052 0.00734653976 0.00146466622
v -0.00360928755 0.00736001227 0.0014206107
v -0.00364523754 0.00734653976 0.00140623935
v 0.00187441439 0.00736001227 0.00138241006
v 0.00189931982 0.00734653976 0.00140624063
v -0.00362033118 0.00736001227 0.00138240913
v -0.00365200266 0.00734653976 0.00132761127
v 0.00187964551 0.00736001227 0.0013216181
v 0.00190608646 0.00734653976 0.00132761162
v -0.00362556218 0.00736001227 0.00132161775
v -0.00365200383 0.00727697276 4.760921E-06
v 0.00187964586 0.00729044527 4.7610697E-06
v 0.00190608681 0.00727697276 4.7610697E-06
v -0.00362556218 0.00729044527 4.760921E-06
v -0.00365200266 0.00734653976 -0.00173731067
v 0.00187964551 0.00736001227 -0.00173131644
v 0.00190608646 0.00734653976 -0.00173730985
v -0.00362556218 0.00736001227 -0.00173131644
v -0.00364523707 0.00734653976 -0.00181593781
v 0.00187441439 0.00736001227 -0.00179210759
v 0.00189931982 0.00734653976 -0.00181593781
v -0.00362033118 0.00736001227 -0.00179210852
v -0.00362834753 0.00734653976 -0.00187436386
v 0.00186337077 0.00736001227 -0.00183030905
v 0.00188243052 0.00734653976 -0.0018743634
v -0.00360928755 0.00736001227 -0.00183030905
v 0.00184684363 0.00736001227 -0.00185583427
v 0.00185715372 0.00734653976 -0.00191340188
v 0.00189858198 0.00730817532 -0.00191169581
v 0.0018658801 0.00730817532 -0.0019622019
v 0.00182313647 0.00734653976 -0.00192904216
v 0.0018253132 0.00730817532 -0.00198085373
v -0.00356905325 0.00734653976 -0.00192904216
v 0.00182054332 0.00736001227 -0.00186792598
v -0.00359276053 0.00736001227 -0.00185583474
v -0.00356646045 0.00736001227 -0.0018679268
v -0.00360307028 0.00734653976 -0.00191340281
v -0.003611797 0.00730817532 -0.00196220283
v -0.00364449853 0.00730817532 -0.00191169628
v -0.00357122952 0.00730817532 -0.00198085373
v 0.00186928629 0.00727454526 0.00157159939
v 0.00187169493 0.00725075742 0.00158510637
v 0.00182674045 0.00725075742 0.00160577544
v 0.00182614918 0.00727454526 0.00159143284
v 0.0018658801 0.00730817532 0.00155250437
v -0.00357265701 0.00725075742 0.00160577428
v 0.00182531297 0.00730817532 0.00157115585
v -0.00357206585 0.00727454526 0.00159143156
v -0.00357122882 0.00730817532 0.00157115504
v -0.00361520285 0.00727454526 0.00157159881
v -0.003611797 0.00730817532 0.00155250321
v -0.00361761195 0.00725075742 0.0015851052
v 0.00188243052 0.00734653976 0.00146466622
v 0.00189858198 0.00730817532 0.00150199898
v 0.0018658801 0.00730817532 0.00155250437
v 0.00185715372 0.00734653976 0.00150370435
v 0.00188243052 0.00734653976 -0.0018743634
v 0.00192043209 0.00730817532 -0.00183610851
v 0.00189931982 0.00734653976 -0.00181593781
v 0.00192850165 0.00730817532 -0.00174233934
v 0.00190608646 0.00734653976 -0.00173730985
v -0.00364523754 0.00734653976 0.00140623935
v -0.0036744189 0.00730817532 0.00133264135
v -0.00365200266 0.00734653976 0.00132761127
v -0.0036744189 0.00723860832 4.760921E-06
v -0.00365200383 0.00727697276 4.760921E-06
v -0.0036744189 0.00730817532 -0.00174234028
v -0.00365200266 0.00734653976 -0.00173731067
v -0.00366634945 0.00730817532 -0.00183610944
v -0.00364523707 0.00734653976 -0.00181593781
v -0.00364449853 0.00730817532 -0.00191169628
v -0.00362834753 0.00734653976 -0.00187436386
v -0.00365081546 0.00727454526 -0.00192629686
v -0.00367461075 0.00727454526 -0.00184398121
v -0.00361520285 0.00727454526 -0.00198129797
v -0.003611797 0.00730817532 -0.00196220283
v -0.00365081546 0.00727454526 -0.00192629686
v -0.00361761195 0.00725075835 -0.00199480494
v -0.00361520285 0.00727454526 -0.00198129797
v -0.00365528348 0.00725075835 -0.00193662313
v -0.00361962896 0.00718302932 -0.00200624578
v -0.00360307028 0.00734653976 -0.00191340281
v -0.00357122952 0.00730817532 -0.00198085373
v -0.00356905325 0.00734653976 -0.00192904216
v 0.0018253132 0.00730817532 -0.00198085373
v -0.00361520285 0.00727454526 -0.00198129797
v -0.00357265701 0.00725075835 -0.00201547286
v -0.00357206585 0.00727454526 -0.00200113119
v -0.003611797 0.00730817532 -0.00196220283
v -0.00357122952 0.00730817532 -0.00198085373
vt 0.899414062 0.00327301025
vt 0.852539062 0.00332260132
vt 0.852539062 0.00660705566
vt 0.899414062 0.0065612793
vt 0.852539062 0.0105667114
vt 0.899414062 0.0105133057
vt 0.899414062 0.497558594
vt 0.852539062 0.497558594
vt 0.852539062 0.501464844
vt 0.899414062 0.501464844
vt 0.852539062 0.505371094
vt 0.899414062 0.504882812
vt 0.519042969 0.518066406
vt 0.472167969 0.518066406
vt 0.472167969 0.521972656
vt 0.519042969 0.521972656
vt 0.471923828 0.52734375
vt 0.518554688 0.52734375
vt 0.471923828 0.758789062
vt 0.518554688 0.758789062
vt 0.472167969 0.763671875
vt 0.519042969 0.763671875
vt 0.472167969 0.768066406
vt 0.519042969 0.768066406
vt 0.230102539 0.518066406
vt 0.183349609 0.518066406
vt 0.183227539 0.521972656
vt 0.229980469 0.521972656
vt 0.183105469 0.52734375
vt 0.229858398 0.52734375
vt 0.229858398 0.758789062
vt 0.183105469 0.758789062
vt 0.183227539 0.763671875
vt 0.229980469 0.763671875
vt 0.183349609 0.768066406
vt 0.230102539 0.768066406
vt 0.952636719 0.501953125
vt 0.90625 0.505371094
vt 0.953125 0.505371094
vt 0.905761719 0.501953125
vt 0.952636719 0.498046875
vt 0.905761719 0.497802734
vt 0.905761719 0.0107650757
vt 0.952636719 0.0108108521
vt 0.952636719 0.00679016113
vt 0.905761719 0.00674438477
vt 0.953125 0.00331687927
vt 0.90625 0.00327301025
vt 0.00434494019 0.00971221924
vt 0.00327301025 0.0137023926
vt 0.00327301025 0.500976562
vt 0.00434494019 0.504882812
vt 0.0074005127 0.00632858276
vt 0.0074005127 0.508300781
vt 0.01197052 0.00406646729
vt 0.01197052 0.510742188
vt 0.017364502 0.00327301025
vt 0.017364502 0.511230469
vt 0.268798828 0.00327301025
vt 0.268798828 0.511230469
vt 0.274169922 0.00406646729
vt 0.274169922 0.510742188
vt 0.278564453 0.00632858276
vt 0.278564453 0.508300781
vt 0.281738281 0.00971221924
vt 0.281738281 0.504882812
vt 0.282714844 0.0137023926
vt 0.282714844 0.500976562
vt 0.290283203 0.00971221924
vt 0.289306641 0.0137023926
vt 0.289306641 0.500976562
vt 0.290283203 0.504882812
vt 0.293457031 0.00632858276
vt 0.293457031 0.508300781
vt 0.298095703 0.00406646729
vt 0.298095703 0.510742188
vt 0.303466797 0.00327301025
vt 0.303466797 0.511230469
vt 0.5546875 0.00327301025
vt 0.5546875 0.511230469
vt 0.560058594 0.00406646729
vt 0.560058594 0.510742188
vt 0.564453125 0.00632858276
vt 0.564453125 0.508300781
vt 0.567871094 0.00971221924
vt 0.567871094 0.504882812
vt 0.568847656 0.0137023926
vt 0.568847656 0.500976562
vt 0.844726562 0.491455078
vt 0.845703125 0.487304688
vt 0.843261719 0.485595703
vt 0.242431641 0.519042969
vt 0.24597168 0.521972656
vt 0.24609375 0.518066406
vt 0.2421875 0.756347656
vt 0.242431641 0.760742188
vt 0.24609375 0.76171875
vt 0.991210938 0.0132675171
vt 0.988769531 0.485839844
vt 0.991210938 0.483642578
vt 0.988769531 0.0113525391
vt 0.984863281 0.486572266
vt 0.98828125 0.489746094
vt 0.984863281 0.0106048584
vt 0.984863281 0.00667190552
vt 0.98828125 0.00737762451
vt 0.984863281 0.00327301025
vt 0.98828125 0.00394058228
vt 0.965820312 0.00328636169
vt 0.965820312 0.00667572021
vt 0.965820312 0.010597229
vt 0.962402344 0.00682830811
vt 0.962402344 0.00359153748
vt 0.965820312 0.486572266
vt 0.984863281 0.490478516
vt 0.962402344 0.0106201172
vt 0.961425781 0.00701141357
vt 0.9609375 0.00395202637
vt 0.959472656 0.00726699829
vt 0.959472656 0.0044593811
vt 0.959472656 0.0106887817
vt 0.961425781 0.0106506348
vt 0.959472656 0.486328125
vt 0.961425781 0.486572266
vt 0.959472656 0.489746094
vt 0.962402344 0.486572266
vt 0.961425781 0.489990234
vt 0.959472656 0.492431641
vt 0.9609375 0.492919922
vt 0.962402344 0.490234375
vt 0.962402344 0.493408203
vt 0.965820312 0.490478516
vt 0.965820312 0.493652344
vt 0.984863281 0.493652344
vt 0.991210938 0.510253906
vt 0.98828125 0.982421875
vt 0.991210938 0.980957031
vt 0.98828125 0.508300781
vt 0.984863281 0.983398438
vt 0.98828125 0.986816406
vt 0.984863281 0.987304688
vt 0.98828125 0.990234375
vt 0.984863281 0.990722656
vt 0.965820312 0.983398438
vt 0.965820312 0.987304688
vt 0.962402344 0.987304688
vt 0.962402344 0.990234375
vt 0.962402344 0.983398438
vt 0.961425781 0.986816406
vt 0.961425781 0.983398438
vt 0.965820312 0.507324219
vt 0.984863281 0.507324219
vt 0.984863281 0.503417969
vt 0.98828125 0.504394531
vt 0.965820312 0.503417969
vt 0.962402344 0.507324219
vt 0.984863281 0.500488281
vt 0.98828125 0.500976562
vt 0.965820312 0.500488281
vt 0.962402344 0.503417969
vt 0.961425781 0.507324219
vt 0.962402344 0.500488281
vt 0.528320312 0.749023438
vt 0.528320312 0.75390625
vt 0.53125 0.756347656
vt 0.53125 0.751464844
vt 0.528320312 0.705078125
vt 0.525878906 0.705078125
vt 0.525390625 0.639648438
vt 0.528320312 0.639648438
vt 0.525878906 0.57421875
vt 0.532226562 0.705078125
vt 0.534667969 0.757324219
vt 0.53515625 0.76171875
vt 0.53125 0.760742188
vt 0.554199219 0.76171875
vt 0.553710938 0.757324219
vt 0.534667969 0.752441406
vt 0.553710938 0.752441406
vt 0.557128906 0.752441406
vt 0.553710938 0.639648438
vt 0.550292969 0.639648438
vt 0.557128906 0.526855469
vt 0.546386719 0.639648438
vt 0.534667969 0.526855469
vt 0.553710938 0.526855469
vt 0.557128906 0.522460938
vt 0.531738281 0.639648438
vt 0.553710938 0.521972656
vt 0.557128906 0.518554688
vt 0.554199219 0.518066406
vt 0.53515625 0.518066406
vt 0.534667969 0.521972656
vt 0.53125 0.519042969
vt 0.53125 0.522949219
vt 0.532226562 0.57421875
vt 0.528320312 0.57421875
vt 0.53125 0.527832031
vt 0.528320312 0.525390625
vt 0.528320312 0.530273438
vt 0.586425781 0.495117188
vt 0.579589844 0.494628906
vt 0.583984375 0.496826172
vt 0.58203125 0.492919922
vt 0.576660156 0.491455078
vt 0.579101562 0.489501953
vt 0.575195312 0.487304688
vt 0.577636719 0.485595703
vt 0.58984375 0.492675781
vt 0.585449219 0.490478516
vt 0.582519531 0.487060547
vt 0.595703125 0.493408203
vt 0.591796875 0.495849609
vt 0.639648438 0.49609375
vt 0.58984375 0.0076751709
vt 0.595703125 0.00687026978
vt 0.639648438 0.493408203
vt 0.585449219 0.00996398926
vt 0.710449219 0.493408203
vt 0.710449219 0.49609375
vt 0.781738281 0.493408203
vt 0.781738281 0.49609375
vt 0.829101562 0.495849609
vt 0.639648438 0.00690841675
vt 0.591796875 0.00436019897
vt 0.586425781 0.0051574707
vt 0.639648438 0.00440216064
vt 0.710449219 0.00440597534
vt 0.710449219 0.00691604614
vt 0.781738281 0.00440216064
vt 0.781738281 0.00690841675
vt 0.825683594 0.493408203
vt 0.825683594 0.00687026978
vt 0.829101562 0.00436019897
vt 0.834472656 0.0051574707
vt 0.831054688 0.492675781
vt 0.834472656 0.495117188
vt 0.831054688 0.0076751709
vt 0.8359375 0.490478516
vt 0.8359375 0.00996398926
vt 0.839355469 0.00742721558
vt 0.841796875 0.00550842285
vt 0.837402344 0.00327301025
vt 0.844726562 0.00885009766
vt 0.842285156 0.0108261108
vt 0.838867188 0.0133895874
vt 0.843261719 0.014831543
vt 0.839355469 0.492919922
vt 0.837402344 0.496826172
vt 0.841796875 0.494628906
vt 0.838867188 0.487060547
vt 0.842285156 0.489501953
vt 0.844726562 0.491455078
vt 0.843261719 0.485595703
vt 0.83984375 0.482910156
vt 0.83984375 0.0174255371
vt 0.98828125 0.492919922
vt 0.984863281 0.490478516
vt 0.984863281 0.493652344
vt 0.98828125 0.489746094
vt 0.984863281 0.486572266
vt 0.577636719 0.014831543
vt 0.576660156 0.00885009766
vt 0.575195312 0.0127944946
vt 0.579101562 0.0108261108
vt 0.579589844 0.00550842285
vt 0.58203125 0.00742721558
vt 0.58203125 0.00742721558
vt 0.583984375 0.00327301025
vt 0.579589844 0.00550842285
vt 0.582519531 0.0133895874
vt 0.579101562 0.0108261108
vt 0.581054688 0.482910156
vt 0.581054688 0.0174255371
vt 0.577636719 0.014831543
vt 0.239624023 0.525390625
vt 0.2421875 0.527832031
vt 0.2421875 0.522949219
vt 0.239624023 0.530273438
vt 0.237060547 0.57421875
vt 0.239624023 0.57421875
vt 0.242431641 0.519042969
vt 0.2421875 0.522949219
vt 0.24597168 0.521972656
vt 0.245849609 0.526855469
vt 0.2421875 0.527832031
vt 0.239624023 0.57421875
vt 0.264892578 0.526855469
vt 0.264892578 0.521972656
vt 0.24609375 0.518066406
vt 0.265136719 0.518066406
vt 0.268554688 0.518554688
vt 0.268310547 0.522460938
vt 0.26953125 0.519042969
vt 0.26953125 0.522460938
vt 0.268310547 0.526855469
vt 0.261474609 0.639648438
vt 0.264892578 0.639648438
vt 0.26953125 0.526855469
vt 0.243286133 0.57421875
vt 0.257324219 0.639648438
vt 0.266113281 0.639648438
vt 0.271240234 0.52734375
vt 0.271240234 0.522949219
vt 0.267822266 0.639648438
vt 0.26953125 0.752441406
vt 0.268310547 0.752441406
vt 0.268310547 0.757324219
vt 0.264892578 0.752441406
vt 0.264892578 0.757324219
vt 0.245849609 0.752441406
vt 0.243286133 0.705078125
vt 0.265136719 0.76171875
vt 0.268554688 0.761230469
vt 0.24597168 0.757324219
vt 0.24609375 0.76171875
vt 0.2421875 0.756347656
vt 0.2421875 0.751464844
vt 0.239624023 0.749023438
vt 0.239624023 0.75390625
vt 0.239624023 0.705078125
vt 0.237060547 0.705078125
vt 0.236694336 0.639648438
vt 0.239257812 0.639648438
vt 0.237060547 0.57421875
vt 0.242919922 0.639648438
vt 0.244018555 0.639648438
vt 0.244262695 0.58984375
vt 0.255615234 0.639648438
vt 0.244262695 0.689941406
vt 0.842285156 0.0108261108
vt 0.843261719 0.014831543
vt 0.845703125 0.0127944946
vt 0.844726562 0.00885009766
vt 0.984863281 0.990722656
vt 0.984863281 0.987304688
vt 0.965820312 0.987304688
vt 0.965820312 0.990722656
vt 0.962402344 0.990234375
vt 0.557128906 0.752441406
vt 0.553710938 0.757324219
vt 0.557128906 0.757324219
vt 0.554199219 0.76171875
vt 0.557128906 0.761230469
vt 0.55859375 0.756835938
vt 0.55859375 0.760742188
vt 0.560058594 0.756835938
vt 0.560058594 0.760253906
vt 0.55859375 0.519042969
vt 0.557128906 0.518554688
vt 0.557128906 0.522460938
vt 0.55859375 0.522460938
vt 0.560058594 0.51953125
vt 0.557128906 0.526855469
vt 0.560058594 0.522949219
vt 0.558105469 0.526855469
vt 0.553710938 0.639648438
vt 0.560058594 0.52734375
vt 0.5546875 0.639648438
vt 0.557128906 0.752441406
vt 0.556640625 0.639648438
vt 0.558105469 0.752441406
vt 0.557128906 0.757324219
vt 0.560058594 0.752441406
vt 0.55859375 0.756835938
vt 0.560058594 0.756835938
vt 0.26953125 0.522460938
vt 0.268310547 0.526855469
vt 0.26953125 0.526855469
vt 0.271240234 0.522949219
vt 0.271240234 0.51953125
vt 0.26953125 0.519042969
vt 0.9609375 0.990234375
vt 0.962402344 0.990234375
vt 0.962402344 0.987304688
vt 0.961425781 0.986816406
vt 0.959472656 0.989746094
vt 0.959472656 0.986816406
vt 0.961425781 0.983398438
vt 0.959472656 0.983398438
vt 0.961425781 0.507324219
vt 0.959472656 0.507324219
vt 0.962402344 0.507324219
vt 0.962402344 0.983398438
vt 0.965820312 0.507324219
vt 0.961425781 0.50390625
vt 0.962402344 0.503417969
vt 0.962402344 0.500488281
vt 0.959472656 0.504394531
vt 0.9609375 0.500976562
vt 0.959472656 0.501464844
vt 0.267822266 0.639648438
vt 0.26953125 0.752441406
vt 0.271240234 0.752441406
vt 0.26953125 0.756835938
vt 0.268310547 0.757324219
vt 0.268554688 0.761230469
vt 0.271240234 0.756835938
vt 0.26953125 0.760742188
vt 0.271240234 0.760253906
vt 0.709472656 0.996582031
vt 0.709472656 0.994628906
vt 0.587402344 0.995117188
vt 0.586914062 0.996582031
vt 0.831542969 0.996582031
vt 0.583496094 0.994140625
vt 0.582519531 0.99609375
vt 0.831054688 0.995117188
vt 0.8359375 0.99609375
vt 0.580566406 0.992675781
vt 0.578613281 0.994140625
vt 0.834960938 0.994140625
vt 0.83984375 0.994140625
vt 0.578613281 0.990722656
vt 0.576171875 0.991699219
vt 0.837890625 0.992675781
vt 0.842285156 0.991699219
vt 0.578125 0.987792969
vt 0.575195312 0.98828125
vt 0.83984375 0.990722656
vt 0.843261719 0.98828125
vt 0.578125 0.512207031
vt 0.575195312 0.512207031
vt 0.840820312 0.987792969
vt 0.843261719 0.512207031
vt 0.578613281 0.509765625
vt 0.576171875 0.508789062
vt 0.840820312 0.512207031
vt 0.842285156 0.508789062
vt 0.580566406 0.507324219
vt 0.578613281 0.505859375
vt 0.83984375 0.509765625
vt 0.83984375 0.505859375
vt 0.583496094 0.505859375
vt 0.582519531 0.504394531
vt 0.837890625 0.507324219
vt 0.8359375 0.504394531
vt 0.587402344 0.505371094
vt 0.586914062 0.503417969
vt 0.834960938 0.505859375
vt 0.831542969 0.503417969
vt 0.709472656 0.505371094
vt 0.709472656 0.503417969
vt 0.831054688 0.505371094
vt 0.584472656 0.508300781
vt 0.587402344 0.5078125
vt 0.709472656 0.5078125
vt 0.831054688 0.5078125
vt 0.833984375 0.508300781
vt 0.8359375 0.509277344
vt 0.582519531 0.509277344
vt 0.836914062 0.510253906
vt 0.581542969 0.510253906
vt 0.837402344 0.512695312
vt 0.837402344 0.987792969
vt 0.836914062 0.989746094
vt 0.8359375 0.991210938
vt 0.833984375 0.9921875
vt 0.831054688 0.992675781
vt 0.709472656 0.992675781
vt 0.587402344 0.992675781
vt 0.584472656 0.9921875
vt 0.582519531 0.991210938
vt 0.581542969 0.989746094
vt 0.581054688 0.987792969
vt 0.581054688 0.512695312
vt 0.326660156 0.775878906
vt 0.3125 0.775878906
vt 0.311767578 0.79296875
vt 0.327392578 0.79296875
vt 0.107788086 0.774902344
vt 0.0935058594 0.774902344
vt 0.0927124023 0.791503906
vt 0.108581543 0.791503906
vt 0.416015625 0.775878906
vt 0.401855469 0.775878906
vt 0.401123047 0.79296875
vt 0.416992188 0.79296875
vt 0.198120117 0.774414062
vt 0.183959961 0.774414062
vt 0.183105469 0.791015625
vt 0.198974609 0.791015625
vt 0.273193359 0.807128906
vt 0.273193359 0.791992188
vt 0.259033203 0.791992188
vt 0.259033203 0.807128906
vt 0.510253906 0.791503906
vt 0.510253906 0.774414062
vt 0.494384766 0.774414062
vt 0.494384766 0.791503906
vt 0.379638672 0.775878906
vt 0.378662109 0.79296875
vt 0.39453125 0.79296875
vt 0.393798828 0.775878906
vt 0.115905762 0.774902344
vt 0.115112305 0.791503906
vt 0.130981445 0.791503906
vt 0.130126953 0.774902344
vt 0.290039062 0.775878906
vt 0.289306641 0.79296875
vt 0.305175781 0.79296875
vt 0.304199219 0.775878906
vt 0.215087891 0.774414062
vt 0.214233398 0.791015625
vt 0.230102539 0.791015625
vt 0.229370117 0.774414062
vt 0.250976562 0.791992188
vt 0.236694336 0.791992188
vt 0.236694336 0.807128906
vt 0.250976562 0.807128906
vt 0.471923828 0.791503906
vt 0.487792969 0.791503906
vt 0.487792969 0.774414062
vt 0.471923828 0.774414062
vt 0.161621094 0.774902344
vt 0.160766602 0.791503906
vt 0.176635742 0.791503906
vt 0.17578125 0.774902344
vt 0.00407028198 0.774902344
vt 0.00327301025 0.791503906
vt 0.0190887451 0.791503906
vt 0.0182952881 0.774902344
vt 0.334960938 0.775878906
vt 0.333984375 0.79296875
vt 0.349853516 0.79296875
vt 0.349121094 0.775878906
vt 0.0487976074 0.774902344
vt 0.0480041504 0.791503906
vt 0.0638427734 0.791503906
vt 0.0630493164 0.774902344
vt 0.458496094 0.775878906
vt 0.444335938 0.775878906
vt 0.444335938 0.791503906
vt 0.458496094 0.791503906
vt 0.259033203 0.78515625
vt 0.274902344 0.78515625
vt 0.274902344 0.768066406
vt 0.259033203 0.768066406
vt 0.371337891 0.775878906
vt 0.357177734 0.775878906
vt 0.356445312 0.79296875
vt 0.372314453 0.79296875
vt 0.0406494141 0.774902344
vt 0.0264434814 0.774902344
vt 0.0256347656 0.791503906
vt 0.0414733887 0.791503906
vt 0.139282227 0.791503906
vt 0.153442383 0.791503906
vt 0.154296875 0.774902344
vt 0.138427734 0.774902344
vt 0.0853881836 0.774902344
vt 0.0711669922 0.774902344
vt 0.0703735352 0.791503906
vt 0.0861816406 0.791503906
vt 0.423339844 0.775878906
vt 0.423339844 0.791503906
vt 0.437744141 0.791503906
vt 0.437744141 0.775878906
vt 0.252441406 0.78515625
vt 0.252441406 0.768066406
vt 0.236694336 0.768066406
vt 0.236694336 0.78515625
vt 0.183349609 0.80859375
vt 0.193725586 0.807128906
vt 0.193603516 0.805664062
vt 0.183227539 0.806152344
vt 0.193603516 0.803222656
vt 0.183105469 0.803222656
vt 0.193603516 0.80078125
vt 0.183227539 0.800292969
vt 0.00940704346 0.807617188
vt 0.00666427612 0.798339844
vt 0.00602340698 0.807617188
vt 0.0092010498 0.798339844
vt 0.0126495361 0.807617188
vt 0.0116271973 0.798339844
vt 0.478027344 0.798339844
vt 0.48046875 0.807617188
vt 0.481445312 0.798339844
vt 0.478027344 0.807617188
vt 0.474853516 0.798339844
vt 0.475341797 0.807617188
vt 0.183227539 0.800292969
vt 0.193603516 0.80078125
vt 0.193725586 0.798828125
vt 0.183349609 0.797851562
vt 0.471923828 0.798339844
vt 0.473388672 0.807617188
vt 0.475341797 0.807617188
vt 0.474853516 0.798339844
vt 0.144897461 0.798339844
vt 0.146728516 0.807617188
vt 0.147949219 0.798339844
vt 0.14440918 0.807617188
vt 0.141479492 0.798339844
vt 0.141845703 0.807617188
vt 0.138427734 0.798339844
vt 0.139648438 0.807617188
vt 0.141845703 0.807617188
vt 0.141479492 0.798339844
vt 0.00602340698 0.807617188
vt 0.00666427612 0.798339844
vt 0.0046043396 0.798339844
vt 0.00327301025 0.807617188
vt 0.219726562 0.797851562
vt 0.219604492 0.800292969
vt 0.229980469 0.80078125
vt 0.230102539 0.798828125
vt 0.0224456787 0.798339844
vt 0.0191955566 0.798339844
vt 0.0202178955 0.807617188
vt 0.022644043 0.807617188
vt 0.0444946289 0.798339844
vt 0.0410461426 0.807617188
vt 0.0434875488 0.807617188
vt 0.0412597656 0.798339844
vt 0.0385131836 0.807617188
vt 0.0378723145 0.798339844
vt 0.0364379883 0.807617188
vt 0.0351257324 0.798339844
vt 0.0258178711 0.798339844
vt 0.0224456787 0.798339844
vt 0.022644043 0.807617188
vt 0.025177002 0.807617188
vt 0.0285797119 0.798339844
vt 0.0272521973 0.807617188
vt 0.219604492 0.806152344
vt 0.219726562 0.80859375
vt 0.230102539 0.807128906
vt 0.229980469 0.805664062
vt 0.219482422 0.803222656
vt 0.229980469 0.803222656
vt 0.219604492 0.800292969
vt 0.229980469 0.80078125
vt 0.118164062 0.798339844
vt 0.115112305 0.798339844
vt 0.116271973 0.807617188
vt 0.118591309 0.807617188
vt 0.121582031 0.798339844
vt 0.118164062 0.798339844
vt 0.118591309 0.807617188
vt 0.121154785 0.807617188
vt 0.124572754 0.798339844
vt 0.123413086 0.807617188
vt 0.202636719 0.797851562
vt 0.202514648 0.800292969
vt 0.212890625 0.80078125
vt 0.213012695 0.798828125
vt 0.0574035645 0.807617188
vt 0.060546875 0.807617188
vt 0.0594482422 0.798339844
vt 0.0570983887 0.798339844
vt 0.0925292969 0.798339844
vt 0.0891113281 0.807617188
vt 0.0914306641 0.807617188
vt 0.0894165039 0.798339844
vt 0.0865478516 0.807617188
vt 0.0859985352 0.798339844
vt 0.0843505859 0.807617188
vt 0.0831298828 0.798339844
vt 0.0539855957 0.807617188
vt 0.0574035645 0.807617188
vt 0.0570983887 0.798339844
vt 0.0545349121 0.798339844
vt 0.0510864258 0.807617188
vt 0.0523681641 0.798339844
vt 0.202514648 0.806152344
vt 0.202636719 0.80859375
vt 0.213012695 0.807128906
vt 0.212890625 0.805664062
vt 0.202392578 0.803222656
vt 0.212890625 0.803222656
vt 0.202514648 0.800292969
vt 0.212890625 0.80078125
vt 0.163818359 0.798339844
vt 0.160766602 0.798339844
vt 0.161987305 0.807617188
vt 0.164306641 0.807617188
vt 0.167236328 0.798339844
vt 0.163818359 0.798339844
vt 0.164306641 0.807617188
vt 0.166870117 0.807617188
vt 0.170288086 0.798339844
vt 0.169067383 0.807617188
vt 0.423583984 0.809082031
vt 0.434082031 0.807617188
vt 0.433837891 0.805664062
vt 0.423583984 0.806640625
vt 0.433837891 0.803710938
vt 0.423339844 0.803710938
vt 0.433837891 0.801269531
vt 0.423583984 0.800292969
vt 0.0733642578 0.807617188
vt 0.0705566406 0.798339844
vt 0.0700073242 0.807617188
vt 0.073059082 0.798339844
vt 0.0765380859 0.807617188
vt 0.0754394531 0.798339844
vt 0.105407715 0.798339844
vt 0.10748291 0.807617188
vt 0.108581543 0.798339844
vt 0.105102539 0.807617188
vt 0.101989746 0.798339844
vt 0.102539062 0.807617188
vt 0.423583984 0.800292969
vt 0.433837891 0.801269531
vt 0.434082031 0.799316406
vt 0.423583984 0.798339844
vt 0.0991210938 0.798339844
vt 0.100402832 0.807617188
vt 0.102539062 0.807617188
vt 0.101989746 0.798339844
vt 0.447021484 0.798339844
vt 0.448974609 0.807617188
vt 0.449951172 0.798339844
vt 0.446533203 0.807617188
vt 0.443603516 0.798339844
vt 0.444091797 0.807617188
vt 0.440673828 0.798339844
vt 0.441650391 0.807617188
vt 0.444091797 0.807617188
vt 0.443603516 0.798339844
vt 0.0700073242 0.807617188
vt 0.0705566406 0.798339844
vt 0.068359375 0.798339844
vt 0.0670776367 0.807617188
vt 0.908691406 0.513671875
vt 0.912109375 0.51171875
vt 0.908691406 0.51171875
vt 0.931152344 0.513671875
vt 0.931152344 0.51171875
vt 0.935058594 0.514160156
vt 0.935058594 0.512207031
vt 0.905761719 0.514160156
vt 0.907714844 0.51171875
vt 0.905761719 0.512207031
vt 0.884277344 0.515136719
vt 0.881347656 0.756835938
vt 0.884277344 0.755859375
vt 0.881347656 0.514160156
vt 0.877929688 0.757324219
vt 0.881347656 0.758789062
vt 0.877929688 0.759277344
vt 0.858398438 0.757324219
vt 0.858398438 0.759277344
vt 0.85546875 0.759277344
vt 0.85546875 0.757324219
vt 0.858398438 0.513671875
vt 0.85546875 0.513671875
vt 0.877929688 0.513671875
vt 0.877929688 0.51171875
vt 0.881347656 0.512207031
vt 0.858398438 0.51171875
vt 0.85546875 0.51171875
vt 0.854003906 0.513671875
vt 0.9375 0.515136719
vt 0.935058594 0.756835938
vt 0.9375 0.755859375
vt 0.935058594 0.514160156
vt 0.931152344 0.757324219
vt 0.935058594 0.758789062
vt 0.931152344 0.759277344
vt 0.931152344 0.513671875
vt 0.912109375 0.513671875
vt 0.912109375 0.51171875
vt 0.912109375 0.757324219
vt 0.908691406 0.513671875
vt 0.908691406 0.757324219
vt 0.908691406 0.759277344
vt 0.907714844 0.759277344
vt 0.907714844 0.757324219
vt 0.907714844 0.513671875
vt 0.905761719 0.757324219
vt 0.908691406 0.51171875
vt 0.905761719 0.514160156
vt 0.907714844 0.51171875
vt 0.85546875 0.91796875
vt 0.85546875 0.921875
vt 0.857910156 0.924316406
vt 0.857910156 0.920410156
vt 0.85546875 0.913085938
vt 0.861816406 0.925292969
vt 0.861816406 0.928222656
vt 0.858398438 0.927246094
vt 0.880859375 0.928222656
vt 0.857910156 0.915527344
vt 0.861816406 0.921386719
vt 0.880859375 0.925292969
vt 0.85546875 0.893554688
vt 0.853027344 0.893554688
vt 0.852539062 0.856445312
vt 0.854980469 0.856445312
vt 0.853027344 0.825195312
vt 0.859375 0.893554688
vt 0.861816406 0.916503906
vt 0.873046875 0.856445312
vt 0.858886719 0.856445312
vt 0.85546875 0.825195312
vt 0.880859375 0.921386719
vt 0.880859375 0.916503906
vt 0.857910156 0.778808594
vt 0.85546875 0.78125
vt 0.85546875 0.775878906
vt 0.859375 0.825195312
vt 0.861816406 0.777832031
vt 0.857910156 0.7734375
vt 0.85546875 0.771972656
vt 0.857910156 0.76953125
vt 0.861816406 0.772949219
vt 0.880859375 0.777832031
vt 0.861816406 0.768554688
vt 0.858398438 0.766601562
vt 0.861816406 0.765625
vt 0.880859375 0.772949219
vt 0.880859375 0.768554688
vt 0.880859375 0.765625
vt 0.884277344 0.766113281
vt 0.884277344 0.769042969
vt 0.885253906 0.767089844
vt 0.884277344 0.772949219
vt 0.885253906 0.76953125
vt 0.887207031 0.767578125
vt 0.887207031 0.770019531
vt 0.885253906 0.7734375
vt 0.884277344 0.777832031
vt 0.887207031 0.7734375
vt 0.889160156 0.771972656
vt 0.885253906 0.777832031
vt 0.887207031 0.777832031
vt 0.877441406 0.856445312
vt 0.880859375 0.856445312
vt 0.881835938 0.856445312
vt 0.884277344 0.916503906
vt 0.883789062 0.856445312
vt 0.889160156 0.777832031
vt 0.885742188 0.856445312
vt 0.884277344 0.920898438
vt 0.885253906 0.916503906
vt 0.887207031 0.916503906
vt 0.888671875 0.916015625
vt 0.884277344 0.924804688
vt 0.884277344 0.927734375
vt 0.885253906 0.920898438
vt 0.887207031 0.920410156
vt 0.889160156 0.919433594
vt 0.885253906 0.924316406
vt 0.885253906 0.926757812
vt 0.887207031 0.923828125
vt 0.889160156 0.922363281
vt 0.887207031 0.926269531
vt 0.458984375 0.51953125
vt 0.464355469 0.520507812
vt 0.461425781 0.518554688
vt 0.462158203 0.521484375
vt 0.455566406 0.520996094
vt 0.458984375 0.51953125
vt 0.450927734 0.51953125
vt 0.454345703 0.518554688
vt 0.445556641 0.51953125
vt 0.448974609 0.518066406
vt 0.427978516 0.518066406
vt 0.458740234 0.522949219
vt 0.463134766 0.5234375
vt 0.450927734 0.767578125
vt 0.427978516 0.51953125
vt 0.387939453 0.51953125
vt 0.387939453 0.518066406
vt 0.354003906 0.51953125
vt 0.353759766 0.518066406
vt 0.306152344 0.518066406
vt 0.309570312 0.51953125
vt 0.445556641 0.768066406
vt 0.304199219 0.51953125
vt 0.30078125 0.518554688
vt 0.299560547 0.520996094
vt 0.296142578 0.51953125
vt 0.296386719 0.522949219
vt 0.29296875 0.521484375
vt 0.295410156 0.524902344
vt 0.291992188 0.5234375
vt 0.291992188 0.764160156
vt 0.296386719 0.764648438
vt 0.295410156 0.762695312
vt 0.29296875 0.766113281
vt 0.299560547 0.766601562
vt 0.296142578 0.768066406
vt 0.304199219 0.767578125
vt 0.30078125 0.769042969
vt 0.309570312 0.768066406
vt 0.306152344 0.76953125
vt 0.353759766 0.76953125
vt 0.354003906 0.768066406
vt 0.387939453 0.768066406
vt 0.387939453 0.76953125
vt 0.354003906 0.768066406
vt 0.354003906 0.51953125
vt 0.387939453 0.51953125
vt 0.387939453 0.768066406
vt 0.427978516 0.768066406
vt 0.427978516 0.76953125
vt 0.448974609 0.76953125
vt 0.454345703 0.769042969
vt 0.455566406 0.766601562
vt 0.458984375 0.768066406
vt 0.458740234 0.764648438
vt 0.462158203 0.766113281
vt 0.459960938 0.762695312
vt 0.459960938 0.524902344
vt 0.463134766 0.764160156
vt 0.464355469 0.767089844
vt 0.465332031 0.765136719
vt 0.461425781 0.769042969
vt 0.458984375 0.768066406
vt 0.462158203 0.521484375
vt 0.463134766 0.5234375
vt 0.465332031 0.522460938
vt 0.464355469 0.520507812
vt 0.293457031 0.518554688
vt 0.29296875 0.521484375
vt 0.296142578 0.51953125
vt 0.290283203 0.520507812
vt 0.291992188 0.5234375
vt 0.289306641 0.522460938
vt 0.528320312 0.773925781
vt 0.528320312 0.778320312
vt 0.53125 0.775878906
vt 0.53125 0.780761719
vt 0.528320312 0.783203125
vt 0.525878906 0.802734375
vt 0.534667969 0.779785156
vt 0.534667969 0.774902344
vt 0.528320312 0.802734375
vt 0.528320312 0.83984375
vt 0.525390625 0.83984375
vt 0.528320312 0.87109375
vt 0.532226562 0.87109375
vt 0.525878906 0.87109375
vt 0.528320312 0.915039062
vt 0.531738281 0.83984375
vt 0.53125 0.917480469
vt 0.532226562 0.802734375
vt 0.546386719 0.83984375
vt 0.553710938 0.779785156
vt 0.53125 0.922363281
vt 0.528320312 0.919921875
vt 0.53125 0.926757812
vt 0.528320312 0.924316406
vt 0.533203125 0.817871094
vt 0.533203125 0.83984375
vt 0.544433594 0.83984375
vt 0.533203125 0.855957031
vt 0.534667969 0.918457031
vt 0.534667969 0.923339844
vt 0.53515625 0.927734375
vt 0.53515625 0.930175781
vt 0.53125 0.9296875
vt 0.554199219 0.930175781
vt 0.554199219 0.927734375
vt 0.557128906 0.927246094
vt 0.554199219 0.923339844
vt 0.553710938 0.918457031
vt 0.557128906 0.923339844
vt 0.550292969 0.83984375
vt 0.557128906 0.918457031
vt 0.55859375 0.922851562
vt 0.55859375 0.926757812
vt 0.553710938 0.83984375
vt 0.55859375 0.918457031
vt 0.557128906 0.779785156
vt 0.555175781 0.83984375
vt 0.560058594 0.918457031
vt 0.560058594 0.922851562
vt 0.562011719 0.91796875
vt 0.556640625 0.83984375
vt 0.560058594 0.779785156
vt 0.55859375 0.779785156
vt 0.560058594 0.775878906
vt 0.562011719 0.776855469
vt 0.562011719 0.773925781
vt 0.55859375 0.775390625
vt 0.560058594 0.772460938
vt 0.562011719 0.772460938
vt 0.560058594 0.770019531
vt 0.55859375 0.771484375
vt 0.55859375 0.769042969
vt 0.557128906 0.774902344
vt 0.557128906 0.770996094
vt 0.557128906 0.768554688
vt 0.553710938 0.774902344
vt 0.554199219 0.770996094
vt 0.554199219 0.768066406
vt 0.53515625 0.768066406
vt 0.534667969 0.770996094
vt 0.53125 0.771484375
vt 0.53125 0.769042969
vt 0.528320312 0.773925781
vt 0.53125 0.775878906
vt 0.53125 0.771484375
vt 0.534667969 0.774902344
vt 0.931152344 0.759277344
vt 0.931152344 0.757324219
vt 0.912109375 0.757324219
vt 0.912109375 0.759277344
vt 0.908691406 0.759277344
vt 0.296142578 0.768066406
vt 0.290283203 0.767089844
vt 0.293457031 0.769042969
vt 0.29296875 0.766113281
vt 0.291992188 0.764160156
vt 0.289306641 0.765136719
vt 0.290283203 0.767089844
vt 0.173461914 0.766113281
vt 0.17565918 0.766601562
vt 0.176635742 0.764648438
vt 0.174194336 0.764648438
vt 0.176635742 0.521484375
vt 0.174194336 0.521484375
vt 0.17565918 0.520019531
vt 0.173461914 0.520019531
vt 0.170654297 0.765625
vt 0.171264648 0.764648438
vt 0.171264648 0.521972656
vt 0.170654297 0.520507812
vt 0.171508789 0.519042969
vt 0.169433594 0.766601562
vt 0.171508789 0.767578125
vt 0.169433594 0.520019531
vt 0.168701172 0.518066406
vt 0.167602539 0.767089844
vt 0.168701172 0.768066406
vt 0.167602539 0.51953125
vt 0.164794922 0.518066406
vt 0.164550781 0.767089844
vt 0.164794922 0.768554688
vt 0.164550781 0.519042969
vt 0.100097656 0.518066406
vt 0.100097656 0.767089844
vt 0.100097656 0.768554688
vt 0.100097656 0.519042969
vt 0.0152740479 0.518066406
vt 0.0156097412 0.767089844
vt 0.0152740479 0.768554688
vt 0.0156097412 0.519042969
vt 0.0114364624 0.518066406
vt 0.0126419067 0.767089844
vt 0.0114364624 0.768066406
vt 0.0126419067 0.51953125
vt 0.00858306885 0.519042969
vt 0.0107727051 0.766601562
vt 0.00858306885 0.767578125
vt 0.0107727051 0.520019531
vt 0.00952911377 0.765625
vt 0.00667953491 0.766113281
vt 0.00664901733 0.768066406
vt 0.0041847229 0.766601562
vt 0.00591659546 0.764648438
vt 0.00327301025 0.764648438
vt 0.00591659546 0.521484375
vt 0.00894165039 0.764648438
vt 0.00952911377 0.520507812
vt 0.00894165039 0.521972656
vt 0.00667953491 0.520019531
vt 0.0041847229 0.520019531
vt 0.00664901733 0.518554688
vt 0.00327301025 0.521484375
vt 0.854003906 0.759277344
vt 0.85546875 0.759277344
vt 0.85546875 0.757324219
vt 0.854003906 0.757324219
vt 0.852539062 0.758789062
vt 0.85546875 0.513671875
vt 0.852539062 0.756835938
vt 0.854003906 0.513671875
vt 0.852539062 0.513671875
vt 0.854003906 0.51171875
vt 0.852539062 0.512207031
vt 0.85546875 0.51171875
vt 0.889160156 0.922363281
vt 0.887207031 0.923828125
vt 0.887207031 0.926269531
vt 0.889160156 0.923828125
vt 0.889160156 0.771972656
vt 0.887207031 0.7734375
vt 0.889160156 0.774414062
vt 0.887207031 0.777832031
vt 0.889160156 0.777832031
vt 0.562011719 0.776855469
vt 0.560058594 0.779785156
vt 0.562011719 0.780273438
vt 0.556640625 0.83984375
vt 0.55859375 0.83984375
vt 0.560058594 0.918457031
vt 0.562011719 0.91796875
vt 0.560058594 0.922851562
vt 0.562011719 0.921875
vt 0.560058594 0.926269531
vt 0.562011719 0.924316406
vt 0.55859375 0.926757812
vt 0.55859375 0.922851562
vt 0.55859375 0.929199219
vt 0.560058594 0.928222656
vt 0.55859375 0.926757812
vt 0.557617188 0.9296875
vt 0.55859375 0.929199219
vt 0.557128906 0.927246094
vt 0.554199219 0.930175781
vt 0.00667953491 0.520019531
vt 0.00327301025 0.521484375
vt 0.00591659546 0.521484375
vt 0.00327301025 0.764648438
vt 0.907714844 0.759277344
vt 0.908691406 0.757324219
vt 0.907714844 0.757324219
vt 0.905761719 0.758789062
vt 0.905761719 0.757324219
vn 0.632324219 -0.774414062 0
vn 0.632324219 -0.774414062 0
vn 0.892089844 -0.451416016 0
vn 0.892089844 -0.451416016 0
vn 0.992675781 -0.12109375 0
vn 0.992675781 -0.12109375 0
vn 0.992675781 0.12109375 0
vn 0.992675781 0.12109375 0
vn 0.892089844 0.451416016 0
vn 0.892089844 0.451416016 0
vn 0.632324219 0.774414062 0
vn 0.632324219 0.774414062 0
vn 0.632324219 0.774414062 0
vn 0.632324219 0.774414062 0
vn 0.319824219 0.947265625 0
vn 0.319824219 0.947265625 0
vn 0.0791015625 0.997070312 0
vn 0.0791015625 0.997070312 0
vn -0.0791015625 0.997070312 0
vn -0.0791015625 0.997070312 0
vn -0.319824219 0.947265625 0
vn -0.319824219 0.947265625 0
vn -0.632324219 0.774414062 0
vn -0.632324219 0.774414062 0
vn -0.632324219 -0.774414062 0
vn -0.632324219 -0.774414062 0
vn -0.319824219 -0.947265625 0
vn -0.319824219 -0.947265625 0
vn -0.0791015625 -0.997070312 0
vn -0.0791015625 -0.997070312 0
vn 0.0791015625 -0.997070312 0
vn 0.0791015625 -0.997070312 0
vn 0.319824219 -0.947265625 0
vn 0.319824219 -0.947265625 0
vn 0.632324219 -0.774414062 0
vn 0.632324219 -0.774414062 0
vn -0.892089844 -0.451416016 0
vn -0.632324219 -0.774414062 0
vn -0.632324219 -0.774414062 0
vn -0.892089844 -0.451416016 0
vn -0.992675781 -0.12109375 0
vn -0.992675781 -0.12109375 0
vn -0.992675781 0.12109375 0
vn -0.992675781 0.12109375 0
vn -0.892089844 0.451416016 0
vn -0.892089844 0.451416016 0
vn -0.632324219 0.774414062 0
vn -0.632324219 0.774414062 0
vn -0 0 1
vn -0 0 1
vn -0 0 1
vn -0 0 1
vn -0 0 1
vn -0 0 1
vn -0 0 1
vn -0 0 1
vn -0 0 1
vn -0 0 1
vn -0 0 1
vn -0 0 1
vn -0 0 1
vn -0 0 1
vn -0 0 1
vn -0 0 1
vn -0 0 1
vn -0 0 1
vn -0 0 1
vn -0 0 1
vn -0 0 -1
vn -0 0 -1
vn -0 0 -1
vn -0 0 -1
vn -0 0 -1
vn -0 0 -1
vn -0 0 -1
vn -0 0 -1
vn -0 0 -1
vn -0 0 -1
vn -0 0 -1
vn -0 0 -1
vn -0 0 -1
vn -0 0 -1
vn -0 0 -1
vn -0 0 -1
vn -0 0 -1
vn -0 0 -1
vn -0 0 -1
vn -0 0 -1
vn -0.575195312 -0.306884766 0.758300781
vn -0.86328125 -0.108825684 0.492919922
vn -0.518554688 -0.0531616211 0.853515625
vn 0.596679688 0.743164062 0.302978516
vn 0.325195312 0.936523438 0.132324219
vn 0.627929688 0.763671875 0.151367188
vn -0.281982422 0.822753906 0.493408203
vn -0.596679688 0.743164062 0.302978516
vn -0.627929688 0.763671875 0.151367188
vn 0.518554688 0.0531616211 0.853515625
vn 0.86328125 -0.108825684 0.492919922
vn 0.518554688 -0.0531616211 0.853515625
vn 0.86328125 0.108825684 0.492919922
vn 0.983398438 -0.126708984 0.130371094
vn 0.855957031 -0.420654297 0.300048828
vn 0.983398438 0.126708984 0.130371094
vn 0.879882812 0.450683594 0.149658203
vn 0.855957031 0.420654297 0.300048828
vn 0.627929688 0.763671875 0.151367188
vn 0.596679688 0.743164062 0.302978516
vn 0.631835938 0.770996094 -0.0789794922
vn 0.889648438 0.448242188 -0.0855712891
vn 0.988769531 0.120361328 -0.0880737305
vn 0.840332031 0.422851562 -0.338867188
vn 0.6015625 0.732910156 -0.317871094
vn 0.988769531 -0.120361328 -0.0880737305
vn 0.879882812 -0.450683594 0.149658203
vn 0.930664062 0.11315918 -0.348388672
vn 0.767089844 0.390136719 -0.508789062
vn 0.554199219 0.681152344 -0.478271484
vn 0.674804688 0.343505859 -0.652832031
vn 0.491943359 0.604492188 -0.626464844
vn 0.740234375 0.0904541016 -0.666015625
vn 0.849609375 0.103820801 -0.517089844
vn 0.740234375 -0.0904541016 -0.666015625
vn 0.849609375 -0.103820801 -0.517089844
vn 0.674804688 -0.343505859 -0.652832031
vn 0.930664062 -0.11315918 -0.348388672
vn 0.767089844 -0.390136719 -0.508789062
vn 0.491943359 -0.604492188 -0.626464844
vn 0.554199219 -0.681152344 -0.478271484
vn 0.840332031 -0.422851562 -0.338867188
vn 0.6015625 -0.732910156 -0.317871094
vn 0.889648438 -0.448242188 -0.0855712891
vn 0.631835938 -0.770996094 -0.0789794922
vn 0.627929688 -0.763671875 0.151367188
vn -0.518554688 -0.0531616211 0.853515625
vn -0.86328125 0.108825684 0.492919922
vn -0.518554688 0.0531616211 0.853515625
vn -0.86328125 -0.108825684 0.492919922
vn -0.983398438 0.126708984 0.130371094
vn -0.855957031 0.420654297 0.300048828
vn -0.879882812 0.450683594 0.149658203
vn -0.596679688 0.743164062 0.302978516
vn -0.627929688 0.763671875 0.151367188
vn -0.988769531 0.120361328 -0.0880737305
vn -0.889648438 0.448242188 -0.0855712891
vn -0.840332031 0.422851562 -0.338867188
vn -0.6015625 0.732910156 -0.317871094
vn -0.930664062 0.11315918 -0.348388672
vn -0.767089844 0.390136719 -0.508789062
vn -0.849609375 0.103820801 -0.517089844
vn -0.988769531 -0.120361328 -0.0880737305
vn -0.983398438 -0.126708984 0.130371094
vn -0.879882812 -0.450683594 0.149658203
vn -0.855957031 -0.420654297 0.300048828
vn -0.889648438 -0.448242188 -0.0855712891
vn -0.930664062 -0.11315918 -0.348388672
vn -0.627929688 -0.763671875 0.151367188
vn -0.596679688 -0.743164062 0.302978516
vn -0.631835938 -0.770996094 -0.0789794922
vn -0.840332031 -0.422851562 -0.338867188
vn -0.849609375 -0.103820801 -0.517089844
vn -0.6015625 -0.732910156 -0.317871094
vn 0.0579528809 -0.783203125 0.618652344
vn 0.154296875 -0.504394531 0.849609375
vn 0.281982422 -0.822753906 0.493408203
vn 0.0838012695 -0.898925781 0.430419922
vn 0.0118026733 -0.913085938 0.407470703
vn 0.0170288086 -0.801757812 0.597167969
vn -0 -0.8046875 0.59375
vn -0 -0.915039062 0.403076172
vn -0.0170288086 -0.801757812 0.597167969
vn 0.0027961731 -0.995117188 0.0978393555
vn 0.325195312 -0.936523438 0.132324219
vn 0.627929688 -0.763671875 0.151367188
vn 0.596679688 -0.743164062 0.302978516
vn 0.631835938 -0.770996094 -0.0789794922
vn 0.320068359 -0.944335938 -0.0738525391
vn 0.086730957 -0.990722656 0.106079102
vn 0.0780639648 -0.994140625 -0.0722045898
vn 0.0719604492 -0.953125 -0.293457031
vn -0 -0.95703125 -0.290039062
vn -0 -0.997558594 -0.0702514648
vn -0.0719604492 -0.953125 -0.293457031
vn -0 -1 -6.55651093E-07
vn -0.086730957 -0.990722656 0.106079102
vn -0.0780639648 -0.994140625 -0.0722045898
vn -0.306640625 -0.903320312 -0.299804688
vn -0 -0.995117188 0.096496582
vn -0.320068359 -0.944335938 -0.0738525391
vn -0.6015625 -0.732910156 -0.317871094
vn -0.631835938 -0.770996094 -0.0789794922
vn -0.627929688 -0.763671875 0.151367188
vn -0.325195312 -0.936523438 0.132324219
vn -0.596679688 -0.743164062 0.302978516
vn -0.281982422 -0.822753906 0.493408203
vn -0.0027961731 -0.995117188 0.0978393555
vn -0.0117950439 -0.913085938 0.407470703
vn -0.0838012695 -0.898925781 0.430419922
vn -0.154296875 -0.504394531 0.849609375
vn -0.0579528809 -0.783203125 0.618652344
vn 0.154296875 -0.504394531 0.849609375
vn 0.420166016 -0.496826172 0.759277344
vn 0.281982422 -0.822753906 0.493408203
vn 0.296386719 -0.372802734 0.879394531
vn 0.575195312 -0.306884766 0.758300781
vn 0.434082031 -0.209716797 0.875976562
vn 0.86328125 -0.108825684 0.492919922
vn 0.518554688 -0.0531616211 0.853515625
vn 0.0576171875 -0.148193359 0.987304688
vn 0.0971069336 -0.102600098 0.989746094
vn 0.138061523 -0.0551452637 0.988769531
vn 0.0466003418 -0.159912109 0.985839844
vn 0.0477905273 -0.294921875 0.954101562
vn 0.0287475586 -0.313476562 0.94921875
vn 0.0576171875 0.148193359 0.987304688
vn 0.0466003418 0.159912109 0.985839844
vn 0.0263977051 -0.158447266 0.986816406
vn 0.0971069336 0.102600098 0.989746094
vn -0 -0.164306641 0.986328125
vn -0 -0.324462891 0.945800781
vn -0.0263977051 -0.158447266 0.986816406
vn -0.0287475586 -0.313476562 0.94921875
vn -0.0477905273 -0.294921875 0.954101562
vn 0.0263977051 0.158447266 0.986816406
vn 0.0477905273 0.294921875 0.954101562
vn 0.154296875 0.504394531 0.849609375
vn 0.0287475586 0.313476562 0.94921875
vn -0 0.324462891 0.945800781
vn -0 0.164306641 0.986328125
vn -0.0287475586 0.313476562 0.94921875
vn -0.0263977051 0.158447266 0.986816406
vn -0.0466003418 -0.159912109 0.985839844
vn -0.0466003418 0.159912109 0.985839844
vn -0.0477905273 0.294921875 0.954101562
vn -0.154296875 0.504394531 0.849609375
vn -0.0576171875 -0.148193359 0.987304688
vn -0.154296875 -0.504394531 0.849609375
vn -0.0576171875 0.148193359 0.987304688
vn -0.0971069336 -0.102600098 0.989746094
vn -0.0971069336 0.102600098 0.989746094
vn -0.296386719 0.372802734 0.879394531
vn -0.420166016 0.496826172 0.759277344
vn -0.281982422 0.822753906 0.493408203
vn -0.575195312 0.306884766 0.758300781
vn -0.434082031 0.209716797 0.875976562
vn -0.138061523 0.0551452637 0.988769531
vn -0.518554688 0.0531616211 0.853515625
vn -0.296386719 -0.372802734 0.879394531
vn -0.281982422 -0.822753906 0.493408203
vn -0.420166016 -0.496826172 0.759277344
vn -0.138061523 -0.0551452637 0.988769531
vn -0.434082031 -0.209716797 0.875976562
vn -0.575195312 -0.306884766 0.758300781
vn -0.518554688 -0.0531616211 0.853515625
vn -0.165161133 -0.0107421875 0.986328125
vn -0.165283203 0.0107421875 0.986328125
vn 0.596679688 -0.743164062 0.302978516
vn 0.879882812 -0.450683594 0.149658203
vn 0.627929688 -0.763671875 0.151367188
vn 0.855957031 -0.420654297 0.300048828
vn 0.983398438 -0.126708984 0.130371094
vn 0.518554688 0.0531616211 0.853515625
vn 0.575195312 0.306884766 0.758300781
vn 0.86328125 0.108825684 0.492919922
vn 0.434082031 0.209716797 0.875976562
vn 0.420166016 0.496826172 0.759277344
vn 0.296386719 0.372802734 0.879394531
vn 0.296386719 0.372802734 0.879394531
vn 0.281982422 0.822753906 0.493408203
vn 0.420166016 0.496826172 0.759277344
vn 0.138061523 0.0551452637 0.988769531
vn 0.434082031 0.209716797 0.875976562
vn 0.165283203 -0.0107421875 0.986328125
vn 0.165283203 0.0107421875 0.986328125
vn 0.518554688 0.0531616211 0.853515625
vn 0.154296875 0.504394531 0.849609375
vn 0.0838012695 0.898925781 0.430419922
vn 0.281982422 0.822753906 0.493408203
vn 0.0579528809 0.783203125 0.618652344
vn 0.0170288086 0.801757812 0.597167969
vn 0.0117950439 0.913085938 0.407470703
vn 0.596679688 0.743164062 0.302978516
vn 0.281982422 0.822753906 0.493408203
vn 0.325195312 0.936523438 0.132324219
vn 0.086730957 0.990722656 0.106079102
vn 0.0838012695 0.898925781 0.430419922
vn 0.0117950439 0.913085938 0.407470703
vn 0.0780639648 0.994140625 -0.0722045898
vn 0.320068359 0.944335938 -0.0738525391
vn 0.627929688 0.763671875 0.151367188
vn 0.631835938 0.770996094 -0.0789794922
vn 0.6015625 0.732910156 -0.317871094
vn 0.306640625 0.903320312 -0.299804688
vn 0.554199219 0.681152344 -0.478271484
vn 0.284423828 0.845214844 -0.452148438
vn 0.0719604492 0.953125 -0.293457031
vn -0 0.997558594 -0.0702514648
vn -0 0.95703125 -0.290039062
vn 0.0650634766 0.896484375 -0.437988281
vn 0.0027961731 0.995117188 0.0978393555
vn -0 1 0
vn -0 0.900390625 -0.435546875
vn 0.0556335449 0.801757812 -0.594726562
vn 0.254638672 0.755859375 -0.603027344
vn -0 0.805175781 -0.593261719
vn -0.0650634766 0.896484375 -0.437988281
vn -0.0719604492 0.953125 -0.293457031
vn -0.306640625 0.903320312 -0.299804688
vn -0.0780639648 0.994140625 -0.0722045898
vn -0.320068359 0.944335938 -0.0738525391
vn -0.086730957 0.990722656 0.106079102
vn -0.0027961731 0.995117188 0.0978393555
vn -0.631835938 0.770996094 -0.0789794922
vn -0.6015625 0.732910156 -0.317871094
vn -0.325195312 0.936523438 0.132324219
vn -0.627929688 0.763671875 0.151367188
vn -0.281982422 0.822753906 0.493408203
vn -0.0838012695 0.898925781 0.430419922
vn -0.0579528809 0.783203125 0.618652344
vn -0.154296875 0.504394531 0.849609375
vn -0.0117950439 0.913085938 0.407470703
vn -0.0170288086 0.801757812 0.597167969
vn -0 0.8046875 0.59375
vn -0 0.915039062 0.403076172
vn 0.0170288086 0.801757812 0.597167969
vn -0 0.995117188 0.096496582
vn -0 1 0
vn -0 1 0
vn -0 1 0
vn -0 1 0
vn -0.434082031 0.209716797 0.875976562
vn -0.518554688 0.0531616211 0.853515625
vn -0.86328125 0.108825684 0.492919922
vn -0.575195312 0.306884766 0.758300781
vn -0.627929688 0.763671875 0.151367188
vn -0.879882812 0.450683594 0.149658203
vn -0.889648438 0.448242188 -0.0855712891
vn -0.631835938 0.770996094 -0.0789794922
vn -0.6015625 0.732910156 -0.317871094
vn 0.0719604492 -0.953125 -0.293457031
vn 0.320068359 -0.944335938 -0.0738525391
vn 0.306640625 -0.903320312 -0.299804688
vn 0.631835938 -0.770996094 -0.0789794922
vn 0.6015625 -0.732910156 -0.317871094
vn 0.284423828 -0.845214844 -0.452148438
vn 0.554199219 -0.681152344 -0.478271484
vn 0.254638672 -0.755859375 -0.603027344
vn 0.491943359 -0.604492188 -0.626464844
vn -0.554199219 -0.681152344 -0.478271484
vn -0.6015625 -0.732910156 -0.317871094
vn -0.306640625 -0.903320312 -0.299804688
vn -0.284423828 -0.845214844 -0.452148438
vn -0.491943359 -0.604492188 -0.626464844
vn -0.0719604492 -0.953125 -0.293457031
vn -0.254638672 -0.755859375 -0.603027344
vn -0.0650634766 -0.896484375 -0.437988281
vn -0 -0.95703125 -0.290039062
vn -0.0556335449 -0.801757812 -0.594726562
vn -0 -0.900390625 -0.435546875
vn 0.0719604492 -0.953125 -0.293457031
vn -0 -0.805175781 -0.593261719
vn 0.0650634766 -0.896484375 -0.437988281
vn 0.306640625 -0.903320312 -0.299804688
vn 0.0556335449 -0.801757812 -0.594726562
vn 0.284423828 -0.845214844 -0.452148438
vn 0.254638672 -0.755859375 -0.603027344
vn 0.284423828 0.845214844 -0.452148438
vn 0.0719604492 0.953125 -0.293457031
vn 0.0650634766 0.896484375 -0.437988281
vn 0.254638672 0.755859375 -0.603027344
vn 0.491943359 0.604492188 -0.626464844
vn 0.554199219 0.681152344 -0.478271484
vn -0.554199219 0.681152344 -0.478271484
vn -0.6015625 0.732910156 -0.317871094
vn -0.840332031 0.422851562 -0.338867188
vn -0.767089844 0.390136719 -0.508789062
vn -0.491943359 0.604492188 -0.626464844
vn -0.674804688 0.343505859 -0.652832031
vn -0.849609375 0.103820801 -0.517089844
vn -0.740234375 0.0904541016 -0.666015625
vn -0.849609375 -0.103820801 -0.517089844
vn -0.740234375 -0.0904541016 -0.666015625
vn -0.930664062 -0.11315918 -0.348388672
vn -0.930664062 0.11315918 -0.348388672
vn -0.988769531 -0.120361328 -0.0880737305
vn -0.767089844 -0.390136719 -0.508789062
vn -0.840332031 -0.422851562 -0.338867188
vn -0.6015625 -0.732910156 -0.317871094
vn -0.674804688 -0.343505859 -0.652832031
vn -0.554199219 -0.681152344 -0.478271484
vn -0.491943359 -0.604492188 -0.626464844
vn -0 0.805175781 -0.593261719
vn -0.0650634766 0.896484375 -0.437988281
vn -0.0556335449 0.801757812 -0.594726562
vn -0.284423828 0.845214844 -0.452148438
vn -0.306640625 0.903320312 -0.299804688
vn -0.6015625 0.732910156 -0.317871094
vn -0.254638672 0.755859375 -0.603027344
vn -0.554199219 0.681152344 -0.478271484
vn -0.491943359 0.604492188 -0.626464844
vn -0 -0.805175781 -0.593261719
vn -1.78813934E-07 -0.487792969 -0.873046875
vn -0.0266418457 -0.490234375 -0.87109375
vn -0.0556335449 -0.801757812 -0.594726562
vn 0.0556335449 -0.801757812 -0.594726562
vn -0.153076172 -0.464111328 -0.872558594
vn -0.254638672 -0.755859375 -0.603027344
vn 0.0266418457 -0.490234375 -0.87109375
vn 0.254638672 -0.755859375 -0.603027344
vn -0.291503906 -0.366455078 -0.883789062
vn -0.491943359 -0.604492188 -0.626464844
vn 0.153076172 -0.464111328 -0.872558594
vn 0.491943359 -0.604492188 -0.626464844
vn -0.39453125 -0.205566406 -0.895507812
vn -0.674804688 -0.343505859 -0.652832031
vn 0.291503906 -0.366455078 -0.883789062
vn 0.674804688 -0.343505859 -0.652832031
vn -0.423583984 -0.0523376465 -0.904296875
vn -0.740234375 -0.0904541016 -0.666015625
vn 0.39453125 -0.205566406 -0.895507812
vn 0.740234375 -0.0904541016 -0.666015625
vn -0.423583984 0.0523376465 -0.904296875
vn -0.740234375 0.0904541016 -0.666015625
vn 0.423583984 -0.0523376465 -0.904296875
vn 0.740234375 0.0904541016 -0.666015625
vn -0.39453125 0.205566406 -0.895507812
vn -0.674804688 0.343505859 -0.652832031
vn 0.423583984 0.0523376465 -0.904296875
vn 0.674804688 0.343505859 -0.652832031
vn -0.291503906 0.366455078 -0.883789062
vn -0.491943359 0.604492188 -0.626464844
vn 0.39453125 0.205566406 -0.895507812
vn 0.491943359 0.604492188 -0.626464844
vn -0.153076172 0.464111328 -0.872558594
vn -0.254638672 0.755859375 -0.603027344
vn 0.291503906 0.366455078 -0.883789062
vn 0.254638672 0.755859375 -0.603027344
vn -0.0266418457 0.490234375 -0.87109375
vn -0.0556335449 0.801757812 -0.594726562
vn 0.152954102 0.464111328 -0.872558594
vn 0.0556335449 0.801757812 -0.594726562
vn -1.78813934E-07 0.487792969 -0.873046875
vn -0 0.805175781 -0.593261719
vn 0.0266418457 0.490234375 -0.87109375
vn -0.0308532715 0.134887695 -0.990234375
vn 0.00926208496 0.139160156 -0.990234375
vn -1.78813934E-07 0.134643555 -0.990722656
vn -0.00926208496 0.139160156 -0.990234375
vn 0.0308532715 0.134887695 -0.990234375
vn 0.0701904297 0.106750488 -0.991699219
vn -0.0701904297 0.106750488 -0.991699219
vn 0.0998535156 0.059967041 -0.993164062
vn -0.0998535156 0.059967041 -0.993164062
vn 0.103210449 0.0145263672 -0.994628906
vn 0.103210449 -0.0145187378 -0.994628906
vn 0.0998535156 -0.059967041 -0.993164062
vn 0.0701904297 -0.106750488 -0.991699219
vn 0.0308532715 -0.134887695 -0.990234375
vn -0.00926208496 -0.139160156 -0.990234375
vn -1.78813934E-07 -0.134643555 -0.990722656
vn 0.00926208496 -0.139160156 -0.990234375
vn -0.0308532715 -0.134887695 -0.990234375
vn -0.0701904297 -0.106750488 -0.991699219
vn -0.0998535156 -0.059967041 -0.993164062
vn -0.103210449 -0.0145187378 -0.994628906
vn -0.103210449 0.0145263672 -0.994628906
vn -0.998535156 0 -0.0521240234
vn -0.998535156 0 -0.0521240234
vn -0.998535156 0 -0.0521240234
vn -0.998535156 0 -0.0521240234
vn -0 0.998535156 -0.0521240234
vn -0 0.998535156 -0.0521240234
vn -0 0.998535156 -0.0521240234
vn -0 0.998535156 -0.0521240234
vn 0.998535156 0 -0.0521240234
vn 0.998535156 0 -0.0521240234
vn 0.998535156 0 -0.0521240234
vn 0.998535156 0 -0.0521240234
vn -0 -0.998535156 -0.0521240234
vn -0 -0.998535156 -0.0521240234
vn -0 -0.998535156 -0.0521240234
vn -0 -0.998535156 -0.0521240234
vn -0 0 -1
vn -0 0 -1
vn -0 0 -1
vn -0 0 -1
vn -0 0 1
vn -0 0 1
vn -0 0 1
vn -0 0 1
vn 0.998535156 0 -0.0521240234
vn 0.998535156 0 -0.0521240234
vn 0.998535156 0 -0.0521240234
vn 0.998535156 0 -0.0521240234
vn -0 0.998535156 -0.0521240234
vn -0 0.998535156 -0.0521240234
vn -0 0.998535156 -0.0521240234
vn -0 0.998535156 -0.0521240234
vn -0.998535156 0 -0.0521240234
vn -0.998535156 0 -0.0521240234
vn -0.998535156 0 -0.0521240234
vn -0.998535156 0 -0.0521240234
vn -0 -0.998535156 -0.0521240234
vn -0 -0.998535156 -0.0521240234
vn -0 -0.998535156 -0.0521240234
vn -0 -0.998535156 -0.0521240234
vn -0 0 -1
vn -0 0 -1
vn -0 0 -1
vn -0 0 -1
vn -0 0 1
vn -0 0 1
vn -0 0 1
vn -0 0 1
vn -0.998535156 0 -0.0521240234
vn -0.998535156 0 -0.0521240234
vn -0.998535156 0 -0.0521240234
vn -0.998535156 0 -0.0521240234
vn -0 -0.998535156 -0.0521240234
vn -0 -0.998535156 -0.0521240234
vn -0 -0.998535156 -0.0521240234
vn -0 -0.998535156 -0.0521240234
vn 0.998535156 0 -0.0521240234
vn 0.998535156 0 -0.0521240234
vn 0.998535156 0 -0.0521240234
vn 0.998535156 0 -0.0521240234
vn -0 0.998535156 -0.0521240234
vn -0 0.998535156 -0.0521240234
vn -0 0.998535156 -0.0521240234
vn -0 0.998535156 -0.0521240234
vn -0 0 -1
vn -0 0 -1
vn -0 0 -1
vn -0 0 -1
vn -0 0 1
vn -0 0 1
vn -0 0 1
vn -0 0 1
vn 0.998535156 0 -0.0521240234
vn 0.998535156 0 -0.0521240234
vn 0.998535156 0 -0.0521240234
vn 0.998535156 0 -0.0521240234
vn -0 -0.998535156 -0.0521240234
vn -0 -0.998535156 -0.0521240234
vn -0 -0.998535156 -0.0521240234
vn -0 -0.998535156 -0.0521240234
vn -0.998535156 0 -0.0521240234
vn -0.998535156 0 -0.0521240234
vn -0.998535156 0 -0.0521240234
vn -0.998535156 0 -0.0521240234
vn -0 0.998535156 -0.0521240234
vn -0 0.998535156 -0.0521240234
vn -0 0.998535156 -0.0521240234
vn -0 0.998535156 -0.0521240234
vn -0 0 -1
vn -0 0 -1
vn -0 0 -1
vn -0 0 -1
vn -0 0 1
vn -0 0 1
vn -0 0 1
vn -0 0 1
vn -0.811035156 0.559570312 -0.171020508
vn -0.811035156 0.559570312 -0.171020508
vn -0.457763672 0.872558594 -0.171020508
vn -0.457763672 0.872558594 -0.171020508
vn -1.90734863E-06 0.985351562 -0.171020508
vn -1.84774399E-06 0.985351562 -0.171020508
vn 0.457763672 0.872558594 -0.171020508
vn 0.457763672 0.872558594 -0.171020508
vn 0.978027344 0.118774414 -0.171020508
vn 0.921386719 -0.349365234 -0.171020508
vn 0.921386719 -0.349365234 -0.171020508
vn 0.978027344 0.118774414 -0.171020508
vn 0.811035156 0.559570312 -0.171020508
vn 0.811035156 0.559570312 -0.171020508
vn -0.978027344 0.118774414 -0.171020508
vn -0.811035156 0.559570312 -0.171020508
vn -0.811035156 0.559570312 -0.171020508
vn -0.978027344 0.118774414 -0.171020508
vn -0.921386719 -0.349365234 -0.171020508
vn -0.921386719 -0.349365234 -0.171020508
vn 0.457763672 0.872558594 -0.171020508
vn 0.457763672 0.872558594 -0.171020508
vn 0.811035156 0.559570312 -0.171020508
vn 0.811035156 0.559570312 -0.171020508
vn -0.653320312 -0.737304688 -0.171020508
vn -0.653320312 -0.737304688 -0.171020508
vn -0.921386719 -0.349365234 -0.171020508
vn -0.921386719 -0.349365234 -0.171020508
vn -0.235839844 -0.956542969 -0.171020508
vn -0.653320312 -0.737304688 -0.171020508
vn -0.653320312 -0.737304688 -0.171020508
vn -0.235839844 -0.956542969 -0.171020508
vn 0.235839844 -0.956542969 -0.171020508
vn 0.235839844 -0.956542969 -0.171020508
vn 0.653320312 -0.737304688 -0.171020508
vn 0.653320312 -0.737304688 -0.171020508
vn 0.235839844 -0.956542969 -0.171020508
vn 0.235839844 -0.956542969 -0.171020508
vn 0.921386719 -0.349365234 -0.171020508
vn 0.921386719 -0.349365234 -0.171020508
vn 0.653320312 -0.737304688 -0.171020508
vn 0.653320312 -0.737304688 -0.171020508
vn 0.811035156 0.559570312 -0.171020508
vn 0.457763672 0.872558594 -0.171020508
vn 0.457763672 0.872558594 -0.171020508
vn 0.811035156 0.559570312 -0.171020508
vn 0.978027344 0.118774414 -0.171020508
vn 0.811035156 0.559570312 -0.171020508
vn 0.811035156 0.559570312 -0.171020508
vn 0.978027344 0.118774414 -0.171020508
vn -0.811035156 0.559570312 -0.171020508
vn -0.978027344 0.118774414 -0.171020508
vn -0.811035156 0.559570312 -0.171020508
vn -0.978027344 0.118774414 -0.171020508
vn -0.921386719 -0.349365234 -0.171020508
vn -0.921386719 -0.349365234 -0.171020508
vn -0.653320312 -0.737304688 -0.171020508
vn -0.653320312 -0.737304688 -0.171020508
vn 0.921386719 -0.349365234 -0.171020508
vn 0.978027344 0.118774414 -0.171020508
vn 0.978027344 0.118774414 -0.171020508
vn 0.921386719 -0.349365234 -0.171020508
vn 0.653320312 -0.737304688 -0.171020508
vn 0.653320312 -0.737304688 -0.171020508
vn -0.457763672 0.872558594 -0.171020508
vn -0.811035156 0.559570312 -0.171020508
vn -0.811035156 0.559570312 -0.171020508
vn -0.457763672 0.872558594 -0.171020508
vn 7.74860382E-07 0.985351562 -0.171020508
vn 8.34465027E-07 0.985351562 -0.171020508
vn 0.457763672 0.872558594 -0.171020508
vn 0.457763672 0.872558594 -0.171020508
vn 0.235839844 -0.956542969 -0.171020508
vn 0.653320312 -0.737304688 -0.171020508
vn 0.653320312 -0.737304688 -0.171020508
vn 0.235839844 -0.956542969 -0.171020508
vn -0.235839844 -0.956542969 -0.171020508
vn 0.235839844 -0.956542969 -0.171020508
vn 0.235839844 -0.956542969 -0.171020508
vn -0.235839844 -0.956542969 -0.171020508
vn -0.653320312 -0.737304688 -0.171020508
vn -0.653320312 -0.737304688 -0.171020508
vn -0.811035156 -0.559570312 -0.171020508
vn -0.457763672 -0.872558594 -0.171020508
vn -0.457763672 -0.872558594 -0.171020508
vn -0.811035156 -0.559570312 -0.171020508
vn -0.978027344 -0.118774414 -0.171020508
vn -0.811035156 -0.559570312 -0.171020508
vn -0.811035156 -0.559570312 -0.171020508
vn -0.978027344 -0.118774414 -0.171020508
vn 0.811035156 -0.559570312 -0.171020508
vn 0.978027344 -0.118774414 -0.171020508
vn 0.811035156 -0.559570312 -0.171020508
vn 0.978027344 -0.118774414 -0.171020508
vn 0.921386719 0.349365234 -0.171020508
vn 0.921386719 0.349365234 -0.171020508
vn 0.653320312 0.737304688 -0.171020508
vn 0.653320312 0.737304688 -0.171020508
vn -0.921386719 0.349365234 -0.171020508
vn -0.978027344 -0.118774414 -0.171020508
vn -0.978027344 -0.118774414 -0.171020508
vn -0.921386719 0.349365234 -0.171020508
vn -0.653320312 0.737304688 -0.171020508
vn -0.653320312 0.737304688 -0.171020508
vn 0.457763672 -0.872558594 -0.171020508
vn 0.811035156 -0.559570312 -0.171020508
vn 0.811035156 -0.559570312 -0.171020508
vn 0.457763672 -0.872558594 -0.171020508
vn -1.66893005E-06 -0.985351562 -0.171020508
vn -1.78813934E-06 -0.985351562 -0.171020508
vn -0.457763672 -0.872558594 -0.171020508
vn -0.457763672 -0.872558594 -0.171020508
vn -0.235839844 0.956542969 -0.171020508
vn -0.653320312 0.737304688 -0.171020508
vn -0.653320312 0.737304688 -0.171020508
vn -0.235839844 0.956542969 -0.171020508
vn 0.235839844 0.956542969 -0.171020508
vn -0.235839844 0.956542969 -0.171020508
vn -0.235839844 0.956542969 -0.171020508
vn 0.235839844 0.956542969 -0.171020508
vn 0.653320312 0.737304688 -0.171020508
vn 0.653320312 0.737304688 -0.171020508
vn 0.811035156 -0.559570312 -0.171020508
vn 0.811035156 -0.559570312 -0.171020508
vn 0.457763672 -0.872558594 -0.171020508
vn 0.457763672 -0.872558594 -0.171020508
vn 8.94069672E-07 -0.985351562 -0.171020508
vn 8.94069672E-07 -0.985351562 -0.171020508
vn -0.457763672 -0.872558594 -0.171020508
vn -0.457763672 -0.872558594 -0.171020508
vn -0.978027344 -0.118774414 -0.171020508
vn -0.921386719 0.349365234 -0.171020508
vn -0.921386719 0.349365234 -0.171020508
vn -0.978027344 -0.118774414 -0.171020508
vn -0.811035156 -0.559570312 -0.171020508
vn -0.811035156 -0.559570312 -0.171020508
vn 0.978027344 -0.118774414 -0.171020508
vn 0.811035156 -0.559570312 -0.171020508
vn 0.811035156 -0.559570312 -0.171020508
vn 0.978027344 -0.118774414 -0.171020508
vn 0.921386719 0.349365234 -0.171020508
vn 0.921386719 0.349365234 -0.171020508
vn -0.457763672 -0.872558594 -0.171020508
vn -0.457763672 -0.872558594 -0.171020508
vn -0.811035156 -0.559570312 -0.171020508
vn -0.811035156 -0.559570312 -0.171020508
vn 0.653320312 0.737304688 -0.171020508
vn 0.653320312 0.737304688 -0.171020508
vn 0.921386719 0.349365234 -0.171020508
vn 0.921386719 0.349365234 -0.171020508
vn 0.235839844 0.956542969 -0.171020508
vn 0.653320312 0.737304688 -0.171020508
vn 0.653320312 0.737304688 -0.171020508
vn 0.235839844 0.956542969 -0.171020508
vn -0.235839844 0.956542969 -0.171020508
vn -0.235839844 0.956542969 -0.171020508
vn -0.653320312 0.737304688 -0.171020508
vn -0.653320312 0.737304688 -0.171020508
vn -0.235839844 0.956542969 -0.171020508
vn -0.235839844 0.956542969 -0.171020508
vn -0.921386719 0.349365234 -0.171020508
vn -0.921386719 0.349365234 -0.171020508
vn -0.653320312 0.737304688 -0.171020508
vn -0.653320312 0.737304688 -0.171020508
vn 0.198730469 0.340820312 -0.918945312
vn 0.416259766 0.0830688477 -0.905273438
vn 0.393066406 0.339111328 -0.854980469
vn 0.216064453 -0.126098633 -0.968261719
vn 0.4140625 -0.131835938 -0.900390625
vn 0.189331055 -0.478027344 -0.857910156
vn 0.575195312 -0.470703125 -0.668945312
vn 0.163452148 0.655273438 -0.737792969
vn 0.364746094 0.487304688 -0.793457031
vn 0.534179688 0.58984375 -0.60546875
vn -0.107116699 -0.844238281 0.525390625
vn 0.189331055 -0.478027344 0.857910156
vn 0.107116699 -0.844238281 0.525390625
vn -0.189331055 -0.478027344 0.857910156
vn 0.216064453 -0.126098633 0.968261719
vn 0.575195312 -0.470703125 0.668945312
vn 0.4140625 -0.131835938 0.900390625
vn 0.21105957 0.0863647461 0.973632812
vn 0.416259766 0.0830688477 0.905273438
vn 0.393066406 0.339111328 0.854980469
vn 0.198730469 0.340820312 0.918945312
vn -0.21105957 0.0863647461 0.973632812
vn -0.198730469 0.340820312 0.918945312
vn -0.216064453 -0.126098633 0.968261719
vn -0.4140625 -0.131835938 0.900390625
vn -0.575195312 -0.470703125 0.668945312
vn -0.416259766 0.0830688477 0.905273438
vn -0.393066406 0.339111328 0.854980469
vn -0.185546875 0.510742188 0.839355469
vn 0.107116699 -0.844238281 -0.525390625
vn -0.189331055 -0.478027344 -0.857910156
vn -0.107116699 -0.844238281 -0.525390625
vn 0.189331055 -0.478027344 -0.857910156
vn -0.216064453 -0.126098633 -0.968261719
vn -0.575195312 -0.470703125 -0.668945312
vn -0.4140625 -0.131958008 -0.900390625
vn 0.216064453 -0.126098633 -0.968261719
vn 0.21105957 0.0863647461 -0.973632812
vn 0.416259766 0.0830688477 -0.905273438
vn -0.21105957 0.0863647461 -0.973632812
vn 0.198730469 0.340820312 -0.918945312
vn -0.198730469 0.340820312 -0.918945312
vn -0.393066406 0.339111328 -0.854980469
vn -0.364746094 0.487304688 -0.793457031
vn -0.185546875 0.510742188 -0.839355469
vn 0.185546875 0.510742188 -0.839355469
vn -0.163452148 0.655273438 -0.737792969
vn 0.393066406 0.339111328 -0.854980469
vn 0.163452148 0.655273438 -0.737792969
vn 0.364746094 0.487304688 -0.793457031
vn 0.876953125 -0.464111328 0.12512207
vn 0.756347656 -0.581542969 0.300292969
vn 0.826660156 -0.409423828 0.385742188
vn 0.92578125 -0.331787109 0.181030273
vn 0.916503906 -0.396972656 0.0526428223
vn 0.901855469 -0.101745605 0.420166016
vn 0.834472656 -0.107910156 0.540527344
vn 0.575195312 -0.470703125 0.668945312
vn 0.837890625 0.0554504395 0.542480469
vn 0.962890625 -0.263427734 0.0552368164
vn 0.979003906 -0.077331543 0.188964844
vn 0.906738281 0.0518188477 0.418457031
vn 0.96875 -0.248168945 0.015625
vn 0.92578125 -0.377197266 0.022857666
vn 0.929199219 -0.369384766 -0.000319480896
vn 0.970703125 -0.239990234 -0.000207662582
vn 0.928222656 -0.372314453 -0.0117263794
vn 0.998535156 -0.0542907715 0.00325584412
vn 0.997070312 -0.0576171875 0.0485839844
vn 1 0 0
vn 0.998535156 -0.0526733398 -4.41074371E-05
vn 0.970214844 -0.242675781 -0.00776672363
vn 0.981933594 0.0419311523 0.184082031
vn 0.998535156 0.0396118164 0.0420227051
vn 0.962890625 -0.264404297 -0.0506591797
vn 0.920410156 -0.389892578 -0.0350646973
vn 0.876953125 -0.464111328 -0.12512207
vn 0.998535156 -0.0531311035 -0.0016708374
vn 0.997070312 -0.0583496094 -0.0475158691
vn 0.92578125 -0.331787109 -0.181030273
vn 0.756347656 -0.581542969 -0.300292969
vn 0.826660156 -0.409423828 -0.385742188
vn 0.979003906 -0.077331543 -0.188964844
vn 0.998535156 0.0394592285 -0.0422973633
vn 0.901855469 -0.101745605 -0.420166016
vn 0.575195312 -0.470703125 -0.668945312
vn 0.834472656 -0.107910156 -0.540527344
vn 0.981933594 0.0419311523 -0.184082031
vn 0.906738281 0.0518188477 -0.418457031
vn 0.837890625 0.0554504395 -0.542480469
vn 0.818359375 0.221435547 -0.529785156
vn 0.884277344 0.219726562 -0.411621094
vn 0.78125 0.366210938 -0.505859375
vn 0.966796875 0.179321289 -0.182983398
vn 0.859375 0.330810547 -0.389892578
vn 0.534179688 0.58984375 -0.60546875
vn 0.797363281 0.479248047 -0.366455078
vn 0.945800781 0.2734375 -0.175170898
vn 0.984863281 0.167602539 -0.0394897461
vn 0.896972656 0.407958984 -0.169311523
vn 0.561035156 0.791992188 -0.241210938
vn 0.966308594 0.254394531 -0.0364685059
vn 0.922363281 0.384765625 -0.0326843262
vn 0.999511719 0.0375976562 -0.000227928162
vn 0.986816406 0.162841797 -0.00100326538
vn 0.967773438 0.252197266 -0.00157833099
vn 0.984863281 0.16784668 0.0384216309
vn 0.92578125 0.377929688 -0.00235557556
vn 0.861328125 0.507324219 -0.0246582031
vn 0.864257812 0.503417969 -0.00324440002
vn 0.966796875 0.179321289 0.182983398
vn 0.966308594 0.254394531 0.0348815918
vn 0.922363281 0.385009766 0.0303497314
vn 0.861816406 0.507324219 0.0215148926
vn 0.884277344 0.219726562 0.411865234
vn 0.818359375 0.221435547 0.529785156
vn 0.945800781 0.2734375 0.175170898
vn 0.896972656 0.407958984 0.169311523
vn 0.8359375 0.531738281 0.136230469
vn 0.859375 0.330566406 0.389892578
vn 0.78125 0.366210938 0.505859375
vn 0.797363281 0.479248047 0.366455078
vn 0.561035156 0.791992188 0.241210938
vn 0.534179688 0.58984375 0.60546875
vn 0.756347656 -0.581542969 0.300292969
vn 0.575195312 -0.470703125 0.668945312
vn 0.826660156 -0.409423828 0.385742188
vn 0.370605469 -0.834960938 0.406982422
vn 0.188964844 -0.9765625 0.104980469
vn 0.288818359 -0.9453125 0.152709961
vn 0.255859375 -0.964355469 0.0680541992
vn 0.397705078 -0.912597656 0.0963745117
vn 0.244262695 -0.965332031 0.0921020508
vn 0.487792969 -0.871582031 0.0522460938
vn 0.490966797 -0.869140625 0.0629272461
vn 0.116149902 -0.981933594 0.148681641
vn 0.107116699 -0.844238281 0.525390625
vn -0.255859375 -0.964355469 0.0680541992
vn 0.252441406 -0.966308594 0.0532226562
vn 0.537109375 -0.84375 -0.000790119171
vn 0.537109375 -0.84375 -0.000796794891
vn 0.522949219 -0.852050781 -0.0280456543
vn 0.521972656 -0.852539062 -0.0288085938
vn 0.49609375 -0.8671875 -0.0430908203
vn 0.270263672 -0.961914062 -0.0452880859
vn -0.244262695 -0.965332031 0.0921020508
vn 0.255859375 -0.965332031 -0.0512695312
vn 0.397705078 -0.912597656 -0.0963745117
vn 0.189086914 -0.978027344 -0.089050293
vn 0.288818359 -0.9453125 -0.152832031
vn 0.116333008 -0.983886719 -0.134521484
vn 0.370605469 -0.834960938 -0.406982422
vn 0.0277557373 -0.985351562 -0.168945312
vn 0.107116699 -0.844238281 -0.525390625
vn -0.107116699 -0.844238281 -0.525390625
vn -0.116333008 -0.983886719 -0.134521484
vn -0.0277709961 -0.985351562 -0.168945312
vn -0.370605469 -0.834960938 -0.406982422
vn -0.189086914 -0.978027344 -0.089050293
vn -0.288818359 -0.9453125 -0.152832031
vn -0.255859375 -0.965332031 -0.0512695312
vn -0.397705078 -0.912597656 -0.0963745117
vn -0.270263672 -0.961914062 -0.0452880859
vn -0.49609375 -0.8671875 -0.0430908203
vn -0.521972656 -0.852539062 -0.0288085938
vn -0.522949219 -0.852050781 -0.0280456543
vn -0.537109375 -0.84375 -0.000791072845
vn -0.537109375 -0.84375 -0.000797271729
vn -0 -0.999511719 -0.0273132324
vn -0 -0.999511719 -0.0273132324
vn -0 -1 -0.000984191895
vn -0 -1 -0.000984191895
vn -0.252441406 -0.966308594 0.0532226562
vn -0.490966797 -0.869140625 0.0629272461
vn -0.487792969 -0.871582031 0.0522460938
vn -0.397705078 -0.912597656 0.0963745117
vn -0.188964844 -0.9765625 0.104980469
vn -0.288818359 -0.9453125 0.152709961
vn -0.116149902 -0.981933594 0.148681641
vn -0.370605469 -0.834960938 0.406982422
vn -0.0277099609 -0.982421875 0.18371582
vn 0.0277099609 -0.982421875 0.18371582
vn -0.107116699 -0.844238281 0.525390625
vn -0.575195312 -0.470703125 0.668945312
vn -0.189331055 -0.478027344 0.857910156
vn -0.826660156 -0.409423828 0.385742188
vn -0.756347656 -0.581542969 0.300292969
vn 0.370605469 -0.834960938 0.406982422
vn 0.107116699 -0.844238281 0.525390625
vn 0.189331055 -0.478027344 0.857910156
vn 0.575195312 -0.470703125 0.668945312
vn 0.826660156 -0.409423828 -0.385742188
vn 0.370605469 -0.834960938 -0.406982422
vn 0.756347656 -0.581542969 -0.300292969
vn 0.575195312 -0.470703125 -0.668945312
vn 0.107116699 -0.844238281 -0.525390625
vn 0.189331055 -0.478027344 -0.857910156
vn -0.756347656 -0.581542969 0.300292969
vn -0.876953125 -0.464111328 0.12512207
vn -0.92578125 -0.331787109 0.181030273
vn -0.962890625 -0.263427734 0.0552368164
vn -0.916503906 -0.396972656 0.0526428223
vn -0.92578125 -0.377197266 0.022857666
vn -0.997070312 -0.0576171875 0.0485839844
vn -0.979003906 -0.0772705078 0.189086914
vn -0.96875 -0.248168945 0.015625
vn -0.970703125 -0.239990234 -0.000207662582
vn -0.929199219 -0.369384766 -0.000319480896
vn -0.970214844 -0.242675781 -0.00776672363
vn -0.998535156 -0.0531311035 -0.00166988373
vn -0.928222656 -0.372314453 -0.0117263794
vn -0.920410156 -0.389892578 -0.0350646973
vn -0.998535156 -0.0526733398 -4.41074371E-05
vn -0.962890625 -0.264404297 -0.0506591797
vn -0.998535156 -0.0542907715 0.00325584412
vn -1 2.98023224E-07 0
vn -0.998535156 0.0396118164 0.0420227051
vn -0.92578125 -0.331787109 -0.181030273
vn -0.876953125 -0.464111328 -0.12512207
vn -0.826660156 -0.409423828 -0.385742188
vn -0.756347656 -0.581542969 -0.300292969
vn -1 0 0
vn -1 0 0
vn -1 0 0
vn -1 0 0
vn -0.997070312 -0.0583496094 -0.0475158691
vn -0.979003906 -0.077331543 -0.189086914
vn -0.901855469 -0.101745605 -0.420166016
vn -0.834472656 -0.107910156 -0.540527344
vn -0.575195312 -0.470703125 -0.668945312
vn -0.837890625 0.0554504395 -0.542480469
vn -0.906738281 0.0518188477 -0.418457031
vn -0.884277344 0.219726562 -0.411621094
vn -0.981933594 0.0419311523 -0.184082031
vn -0.998535156 0.0394592285 -0.0422973633
vn -0.966796875 0.179321289 -0.182983398
vn -0.999511719 0.0375976562 -0.000227928162
vn -0.984863281 0.167602539 -0.0394897461
vn -0.945800781 0.2734375 -0.175170898
vn -0.859375 0.330810547 -0.389892578
vn -0.986816406 0.162841797 -0.00100326538
vn -0.966308594 0.254394531 -0.0364685059
vn -0.984863281 0.16784668 0.0384216309
vn -0.967773438 0.252197266 -0.00157833099
vn -0.922363281 0.384765625 -0.0326843262
vn -0.896972656 0.407958984 -0.169311523
vn -0.861328125 0.507324219 -0.0246582031
vn -0.92578125 0.377929688 -0.00235557556
vn -0.922363281 0.385009766 0.0303497314
vn -0.966308594 0.254394531 0.0348815918
vn -0.896972656 0.407958984 0.169311523
vn -0.8359375 0.531738281 0.136230469
vn -0.561035156 0.791992188 0.241210938
vn -0.945800781 0.2734375 0.175170898
vn -0.797363281 0.479248047 0.366455078
vn -0.360595703 0.854980469 0.372314453
vn -0.534179688 0.58984375 0.60546875
vn -0.859375 0.330566406 0.389892578
vn -0.78125 0.366210938 0.505859375
vn -0.966796875 0.179321289 0.182983398
vn -0.884277344 0.219726562 0.411865234
vn -0.818359375 0.221435547 0.529785156
vn -0.981933594 0.0419616699 0.184082031
vn -0.906738281 0.0518188477 0.418457031
vn -0.837890625 0.0554504395 0.542480469
vn -0.834472656 -0.107910156 0.540527344
vn -0.901855469 -0.101745605 0.420166016
vn -0.826660156 -0.409423828 0.385742188
vn -0.575195312 -0.470703125 0.668945312
vn -0.756347656 -0.581542969 0.300292969
vn -0.92578125 -0.331787109 0.181030273
vn -0.826660156 -0.409423828 0.385742188
vn -0.979003906 -0.0772705078 0.189086914
vn -0.4140625 -0.131958008 -0.900390625
vn -0.216064453 -0.126098633 -0.968261719
vn -0.21105957 0.0863647461 -0.973632812
vn -0.416259766 0.0830688477 -0.905273438
vn -0.393066406 0.339111328 -0.854980469
vn -0.756347656 -0.581542969 -0.300292969
vn -0.575195312 -0.470703125 -0.668945312
vn -0.826660156 -0.409423828 -0.385742188
vn -0.370605469 -0.834960938 -0.406982422
vn -0.107116699 -0.844238281 -0.525390625
vn -0.189331055 -0.478027344 -0.857910156
vn -0.575195312 -0.470703125 -0.668945312
vn 0.360595703 0.854980469 0.372314453
vn 0.534179688 0.58984375 0.60546875
vn 0.163452148 0.655273438 0.737792969
vn 0.100402832 0.896484375 0.431152344
vn -0.163452148 0.655273438 0.737792969
vn -0.100402832 0.896484375 0.431152344
vn -0.534179688 0.58984375 0.60546875
vn -0.360595703 0.854980469 0.372314453
vn 0.123413086 0.98828125 0.0916137695
vn 0.0303497314 0.994628906 0.101013184
vn -0.0303497314 0.994628906 0.101013184
vn -0.123413086 0.98828125 0.0916137695
vn -0.561035156 0.791992188 0.241210938
vn 0.196411133 0.979003906 0.0503540039
vn 0.561035156 0.791992188 0.241210938
vn -0.196411133 0.979003906 0.0503540039
vn -0.406982422 0.909179688 0.0886230469
vn 0.232177734 0.97265625 0.011390686
vn 0.406982422 0.909179688 0.0886230469
vn -0.232177734 0.97265625 0.0113830566
vn -0.452148438 0.892089844 -6.96182251E-05
vn 0.238647461 0.970703125 -0.0283050537
vn 0.452148438 0.892089844 -6.69360161E-05
vn -0.238647461 0.970703125 -0.0283050537
vn -0.457763672 0.889160156 -0.00555038452
vn 0.237060547 0.971679688 -0.00568771362
vn 0.457763672 0.889160156 -0.00555038452
vn -0.237060547 0.971679688 -0.00568771362
vn -0.451660156 0.892089844 -0.00509262085
vn 0.23840332 0.971191406 0.0197143555
vn 0.451660156 0.892089844 -0.00509262085
vn -0.23828125 0.971191406 0.0197296143
vn -0.406982422 0.909179688 -0.0886230469
vn 0.232055664 0.97265625 -0.0165557861
vn 0.406982422 0.909179688 -0.0886230469
vn -0.232055664 0.97265625 -0.0165557861
vn -0.561035156 0.791992188 -0.241210938
vn 0.196289062 0.979003906 -0.0552978516
vn 0.561035156 0.791992188 -0.241210938
vn -0.196289062 0.979003906 -0.0552978516
vn 0.123352051 0.987792969 -0.0960083008
vn 0.360595703 0.854980469 -0.372314453
vn 0.797363281 0.479248047 -0.366455078
vn 0.534179688 0.58984375 -0.60546875
vn 0.100402832 0.896484375 -0.431152344
vn 0.163452148 0.655273438 -0.737792969
vn -0.100402832 0.896484375 -0.431152344
vn 0.0303344727 0.994140625 -0.10559082
vn -0.123352051 0.987792969 -0.0960083008
vn -0.0303344727 0.994140625 -0.10559082
vn -0.360595703 0.854980469 -0.372314453
vn -0.534179688 0.58984375 -0.60546875
vn -0.797363281 0.479248047 -0.366455078
vn -0.163452148 0.655273438 -0.737792969
vn 0.364746094 0.487304688 0.793457031
vn 0.393066406 0.339111328 0.854980469
vn 0.198730469 0.340820312 0.918945312
vn 0.185668945 0.510742188 0.839355469
vn 0.534179688 0.58984375 0.60546875
vn -0.198730469 0.340820312 0.918945312
vn 0.163452148 0.655273438 0.737792969
vn -0.185546875 0.510742188 0.839355469
vn -0.163452148 0.655273438 0.737792969
vn -0.364746094 0.487304688 0.793457031
vn -0.534179688 0.58984375 0.60546875
vn -0.393066406 0.339111328 0.854980469
vn 0.561035156 0.791992188 0.241210938
vn 0.797363281 0.479248047 0.366455078
vn 0.534179688 0.58984375 0.60546875
vn 0.360595703 0.854980469 0.372314453
vn 0.561035156 0.791992188 -0.241210938
vn 0.896972656 0.407958984 -0.169311523
vn 0.8359375 0.531738281 -0.136230469
vn 0.922363281 0.384765625 -0.0326843262
vn 0.861328125 0.507324219 -0.0246582031
vn -0.8359375 0.531738281 0.136230469
vn -0.922363281 0.385009766 0.0303497314
vn -0.861816406 0.507324219 0.0215148926
vn -0.92578125 0.377929688 -0.00235557556
vn -0.864257812 0.503417969 -0.00324440002
vn -0.922363281 0.384765625 -0.0326843262
vn -0.861328125 0.507324219 -0.0246582031
vn -0.896972656 0.407958984 -0.169311523
vn -0.8359375 0.531738281 -0.136230469
vn -0.797363281 0.479248047 -0.366455078
vn -0.561035156 0.791992188 -0.241210938
vn -0.859375 0.330810547 -0.389892578
vn -0.945800781 0.2734375 -0.175170898
vn -0.78125 0.366210938 -0.505859375
vn -0.534179688 0.58984375 -0.60546875
vn -0.859375 0.330810547 -0.389892578
vn -0.818359375 0.221435547 -0.529785156
vn -0.78125 0.366210938 -0.505859375
vn -0.884277344 0.219726562 -0.411621094
vn -0.837890625 0.0554504395 -0.542480469
vn -0.360595703 0.854980469 -0.372314453
vn -0.163452148 0.655273438 -0.737792969
vn -0.100402832 0.896484375 -0.431152344
vn 0.163452148 0.655273438 -0.737792969
vn -0.364746094 0.487304688 -0.793457031
vn -0.198730469 0.340820312 -0.918945312
vn -0.185546875 0.510742188 -0.839355469
vn -0.534179688 0.58984375 -0.60546875
vn -0.163452148 0.655273438 -0.737792969
g bed frame_0
f 3/3/3 2/2/2 1/1/1
f 4/4/4 3/3/3 1/1/1
f 5/5/5 3/3/3 4/4/4
f 6/6/6 5/5/5 4/4/4
f 5/5/5 6/6/6 7/7/7
f 8/8/8 5/5/5 7/7/7
f 9/9/9 8/8/8 7/7/7
f 10/10/10 9/9/9 7/7/7
f 11/11/11 9/9/9 10/10/10
f 12/12/12 11/11/11 10/10/10
f 15/15/15 14/14/14 13/13/13
f 16/16/16 15/15/15 13/13/13
f 17/17/17 15/15/15 16/16/16
f 18/18/18 17/17/17 16/16/16
f 19/19/19 17/17/17 18/18/18
f 20/20/20 19/19/19 18/18/18
f 21/21/21 19/19/19 20/20/20
f 22/22/22 21/21/21 20/20/20
f 23/23/23 21/21/21 22/22/22
f 24/24/24 23/23/23 22/22/22
f 27/27/27 26/26/26 25/25/25
f 28/28/28 27/27/27 25/25/25
f 29/29/29 27/27/27 28/28/28
f 30/30/30 29/29/29 28/28/28
f 30/30/30 31/31/31 29/29/29
f 31/31/31 32/32/32 29/29/29
f 33/33/33 32/32/32 31/31/31
f 34/34/34 33/33/33 31/31/31
f 35/35/35 33/33/33 34/34/34
f 36/36/36 35/35/35 34/34/34
f 39/39/39 38/38/38 37/37/37
f 38/38/38 40/40/40 37/37/37
f 37/37/37 40/40/40 41/41/41
f 40/40/40 42/42/42 41/41/41
f 42/42/42 43/43/43 41/41/41
f 43/43/43 44/44/44 41/41/41
f 44/44/44 43/43/43 45/45/45
f 43/43/43 46/46/46 45/45/45
f 45/45/45 46/46/46 47/47/47
f 46/46/46 48/48/48 47/47/47
f 51/51/51 50/50/50 49/49/49
f 49/49/49 52/52/52 51/51/51
f 49/49/49 53/53/53 52/52/52
f 53/53/53 54/54/54 52/52/52
f 53/53/53 55/55/55 54/54/54
f 55/55/55 56/56/56 54/54/54
f 55/55/55 57/57/57 56/56/56
f 57/57/57 58/58/58 56/56/56
f 57/57/57 59/59/59 58/58/58
f 59/59/59 60/60/60 58/58/58
f 59/59/59 61/61/61 60/60/60
f 61/61/61 62/62/62 60/60/60
f 61/61/61 63/63/63 62/62/62
f 63/63/63 64/64/64 62/62/62
f 63/63/63 65/65/65 64/64/64
f 65/65/65 66/66/66 64/64/64
f 65/65/65 67/67/67 66/66/66
f 67/67/67 68/68/68 66/66/66
f 71/71/71 70/70/70 69/69/69
f 69/69/69 72/72/72 71/71/71
f 69/69/69 73/73/73 72/72/72
f 73/73/73 74/74/74 72/72/72
f 73/73/73 75/75/75 74/74/74
f 75/75/75 76/76/76 74/74/74
f 75/75/75 77/77/77 76/76/76
f 77/77/77 78/78/78 76/76/76
f 77/77/77 79/79/79 78/78/78
f 79/79/79 80/80/80 78/78/78
f 79/79/79 81/81/81 80/80/80
f 81/81/81 82/82/82 80/80/80
f 81/81/81 83/83/83 82/82/82
f 83/83/83 84/84/84 82/82/82
f 83/83/83 85/85/85 84/84/84
f 85/85/85 86/86/86 84/84/84
f 85/85/85 87/87/87 86/86/86
f 87/87/87 88/88/88 86/86/86
g bed frame_1
f 91/91/91 90/90/90 89/89/89
f 94/94/94 93/93/93 92/92/92
f 97/97/97 96/96/96 95/95/95
f 100/100/100 99/99/99 98/98/98
f 99/99/99 101/101/101 98/98/98
f 99/99/99 102/102/102 101/101/101
f 102/102/102 99/99/99 103/103/103
f 102/102/102 104/104/104 101/101/101
f 104/104/104 105/105/105 101/101/101
f 105/105/105 106/106/106 101/101/101
f 105/105/105 107/107/107 106/106/106
f 107/107/107 108/108/108 106/106/106
f 109/109/109 107/107/107 105/105/105
f 110/110/110 105/105/105 104/104/104
f 110/110/110 109/109/109 105/105/105
f 104/104/104 102/102/102 111/111/111
f 111/111/111 110/110/110 104/104/104
f 109/109/109 110/110/110 112/112/112
f 113/113/113 109/109/109 112/112/112
f 102/102/102 114/114/114 111/111/111
f 102/102/102 115/115/115 114/114/114
f 110/110/110 111/111/111 116/116/116
f 112/112/112 110/110/110 116/116/116
f 113/113/113 112/112/112 117/117/117
f 118/118/118 113/113/113 117/117/117
f 118/118/118 117/117/117 119/119/119
f 120/120/120 118/118/118 119/119/119
f 119/119/119 117/117/117 121/121/121
f 117/117/117 112/112/112 122/122/122
f 117/117/117 122/122/122 121/121/121
f 112/112/112 116/116/116 122/122/122
f 123/123/123 121/121/121 122/122/122
f 124/124/124 123/123/123 122/122/122
f 124/124/124 122/122/122 116/116/116
f 123/123/123 124/124/124 125/125/125
f 126/126/126 116/116/116 111/111/111
f 126/126/126 124/124/124 116/116/116
f 114/114/114 126/126/126 111/111/111
f 124/124/124 127/127/127 125/125/125
f 124/124/124 126/126/126 127/127/127
f 125/125/125 127/127/127 128/128/128
f 127/127/127 129/129/129 128/128/128
f 126/126/126 130/130/130 127/127/127
f 127/127/127 130/130/130 129/129/129
f 126/126/126 114/114/114 130/130/130
f 130/130/130 131/131/131 129/129/129
f 114/114/114 132/132/132 130/130/130
f 130/130/130 132/132/132 131/131/131
f 115/115/115 132/132/132 114/114/114
f 132/132/132 133/133/133 131/131/131
f 115/115/115 134/134/134 132/132/132
f 134/134/134 133/133/133 132/132/132
f 137/137/137 136/136/136 135/135/135
f 136/136/136 138/138/138 135/135/135
f 136/136/136 139/139/139 138/138/138
f 139/139/139 136/136/136 140/140/140
f 141/141/141 139/139/139 140/140/140
f 141/141/141 140/140/140 142/142/142
f 143/143/143 141/141/141 142/142/142
f 144/144/144 139/139/139 141/141/141
f 145/145/145 144/144/144 141/141/141
f 144/144/144 145/145/145 146/146/146
f 146/146/146 145/145/145 147/147/147
f 148/148/148 144/144/144 146/146/146
f 148/148/148 146/146/146 149/149/149
f 150/150/150 148/148/148 149/149/149
f 151/151/151 144/144/144 148/148/148
f 139/139/139 144/144/144 151/151/151
f 139/139/139 152/152/152 138/138/138
f 152/152/152 139/139/139 151/151/151
f 138/138/138 152/152/152 153/153/153
f 154/154/154 138/138/138 153/153/153
f 151/151/151 155/155/155 152/152/152
f 155/155/155 153/153/153 152/152/152
f 155/155/155 151/151/151 156/156/156
f 154/154/154 153/153/153 157/157/157
f 158/158/158 154/154/154 157/157/157
f 159/159/159 157/157/157 153/153/153
f 155/155/155 159/159/159 153/153/153
f 160/160/160 155/155/155 156/156/156
f 159/159/159 155/155/155 160/160/160
f 160/160/160 156/156/156 161/161/161
f 162/162/162 159/159/159 160/160/160
f 165/165/165 164/164/164 163/163/163
f 166/166/166 165/165/165 163/163/163
f 167/167/167 166/166/166 163/163/163
f 168/168/168 167/167/167 163/163/163
f 167/167/167 168/168/168 169/169/169
f 170/170/170 167/167/167 169/169/169
f 170/170/170 169/169/169 171/171/171
f 167/167/167 172/172/172 166/166/166
f 172/172/172 167/167/167 170/170/170
f 173/173/173 165/165/165 166/166/166
f 173/173/173 174/174/174 165/165/165
f 174/174/174 175/175/175 165/165/165
f 174/174/174 173/173/173 176/176/176
f 173/173/173 177/177/177 176/176/176
f 178/178/178 173/173/173 166/166/166
f 173/173/173 178/178/178 177/177/177
f 172/172/172 178/178/178 166/166/166
f 178/178/178 179/179/179 177/177/177
f 177/177/177 179/179/179 180/180/180
f 181/181/181 180/180/180 179/179/179
f 182/182/182 181/181/181 179/179/179
f 182/182/182 179/179/179 178/178/178
f 183/183/183 181/181/181 182/182/182
f 178/178/178 172/172/172 184/184/184
f 178/178/178 184/184/184 182/182/182
f 182/182/182 184/184/184 185/185/185
f 186/186/186 183/183/183 182/182/182
f 185/185/185 186/186/186 182/182/182
f 183/183/183 186/186/186 187/187/187
f 188/188/188 184/184/184 172/172/172
f 188/188/188 172/172/172 170/170/170
f 186/186/186 189/189/189 187/187/187
f 187/187/187 189/189/189 190/190/190
f 189/189/189 191/191/191 190/190/190
f 191/191/191 189/189/189 192/192/192
f 189/189/189 186/186/186 193/193/193
f 189/189/189 193/193/193 192/192/192
f 186/186/186 185/185/185 193/193/193
f 194/194/194 192/192/192 193/193/193
f 195/195/195 194/194/194 193/193/193
f 195/195/195 193/193/193 185/185/185
f 196/196/196 184/184/184 188/188/188
f 184/184/184 196/196/196 185/185/185
f 188/188/188 170/170/170 197/197/197
f 196/196/196 188/188/188 197/197/197
f 185/185/185 196/196/196 197/197/197
f 197/197/197 170/170/170 171/171/171
f 198/198/198 195/195/195 185/185/185
f 198/198/198 185/185/185 197/197/197
f 198/198/198 197/197/197 171/171/171
f 199/199/199 195/195/195 198/198/198
f 200/200/200 198/198/198 171/171/171
f 200/200/200 199/199/199 198/198/198
f 203/203/203 202/202/202 201/201/201
f 202/202/202 204/204/204 201/201/201
f 202/202/202 205/205/205 204/204/204
f 205/205/205 206/206/206 204/204/204
f 205/205/205 207/207/207 206/206/206
f 207/207/207 208/208/208 206/206/206
f 201/201/201 204/204/204 209/209/209
f 204/204/204 206/206/206 210/210/210
f 204/204/204 210/210/210 209/209/209
f 206/206/206 208/208/208 211/211/211
f 206/206/206 211/211/211 210/210/210
f 201/201/201 209/209/209 212/212/212
f 213/213/213 201/201/201 212/212/212
f 214/214/214 213/213/213 212/212/212
f 215/215/215 209/209/209 210/210/210
f 216/216/216 212/212/212 209/209/209
f 215/215/215 216/216/216 209/209/209
f 217/217/217 214/214/214 212/212/212
f 216/216/216 217/217/217 212/212/212
f 218/218/218 210/210/210 211/211/211
f 218/218/218 215/215/215 210/210/210
f 214/214/214 217/217/217 219/219/219
f 220/220/220 214/214/214 219/219/219
f 220/220/220 219/219/219 221/221/221
f 222/222/222 220/220/220 221/221/221
f 223/223/223 222/222/222 221/221/221
f 216/216/216 224/224/224 217/217/217
f 225/225/225 216/216/216 215/215/215
f 216/216/216 225/225/225 224/224/224
f 226/226/226 225/225/225 215/215/215
f 226/226/226 215/215/215 218/218/218
f 225/225/225 227/227/227 224/224/224
f 227/227/227 228/228/228 224/224/224
f 217/217/217 224/224/224 229/229/229
f 228/228/228 229/229/229 224/224/224
f 219/219/219 217/217/217 229/229/229
f 228/228/228 230/230/230 229/229/229
f 219/219/219 229/229/229 231/231/231
f 221/221/221 219/219/219 231/231/231
f 230/230/230 231/231/231 229/229/229
f 232/232/232 223/223/223 221/221/221
f 232/232/232 221/221/221 231/231/231
f 231/231/231 230/230/230 233/233/233
f 231/231/231 233/233/233 232/232/232
f 230/230/230 234/234/234 233/233/233
f 234/234/234 235/235/235 233/233/233
f 232/232/232 236/236/236 223/223/223
f 233/233/233 236/236/236 232/232/232
f 236/236/236 237/237/237 223/223/223
f 235/235/235 238/238/238 233/233/233
f 233/233/233 238/238/238 236/236/236
f 236/236/236 239/239/239 237/237/237
f 238/238/238 240/240/240 236/236/236
f 240/240/240 239/239/239 236/236/236
f 235/235/235 241/241/241 238/238/238
f 241/241/241 240/240/240 238/238/238
f 242/242/242 241/241/241 235/235/235
f 243/243/243 242/242/242 235/235/235
f 242/242/242 244/244/244 241/241/241
f 244/244/244 245/245/245 241/241/241
f 241/241/241 245/245/245 240/240/240
f 245/245/245 246/246/246 240/240/240
f 240/240/240 246/246/246 239/239/239
f 245/245/245 247/247/247 246/246/246
f 239/239/239 248/248/248 237/237/237
f 237/237/237 248/248/248 249/249/249
f 248/248/248 250/250/250 249/249/249
f 246/246/246 251/251/251 239/239/239
f 239/239/239 251/251/251 248/248/248
f 248/248/248 252/252/252 250/250/250
f 251/251/251 252/252/252 248/248/248
f 252/252/252 253/253/253 250/250/250
f 252/252/252 254/254/254 253/253/253
f 255/255/255 254/254/254 252/252/252
f 247/247/247 254/254/254 255/255/255
f 251/251/251 255/255/255 252/252/252
f 246/246/246 256/256/256 251/251/251
f 247/247/247 256/256/256 246/246/246
f 256/256/256 255/255/255 251/251/251
f 256/256/256 247/247/247 255/255/255
f 259/259/259 258/258/258 257/257/257
f 258/258/258 260/260/260 257/257/257
f 258/258/258 261/261/261 260/260/260
f 264/264/264 263/263/263 262/262/262
f 263/263/263 265/265/265 262/262/262
f 263/263/263 266/266/266 265/265/265
f 266/266/266 267/267/267 265/265/265
f 270/270/270 269/269/269 268/268/268
f 269/269/269 226/226/226 268/268/268
f 268/268/268 226/226/226 218/218/218
f 268/268/268 218/218/218 271/271/271
f 271/271/271 218/218/218 211/211/211
f 272/272/272 268/268/268 271/271/271
f 271/271/271 211/211/211 273/273/273
f 208/208/208 273/273/273 211/211/211
f 272/272/272 271/271/271 274/274/274
f 273/273/273 274/274/274 271/271/271
f 273/273/273 208/208/208 274/274/274
f 275/275/275 272/272/272 274/274/274
f 208/208/208 275/275/275 274/274/274
f 278/278/278 277/277/277 276/276/276
f 277/277/277 279/279/279 276/276/276
f 279/279/279 277/277/277 280/280/280
f 277/277/277 281/281/281 280/280/280
f 284/284/284 283/283/283 282/282/282
f 284/284/284 285/285/285 283/283/283
f 285/285/285 286/286/286 283/283/283
f 286/286/286 285/285/285 287/287/287
f 288/288/288 285/285/285 284/284/284
f 289/289/289 288/288/288 284/284/284
f 289/289/289 284/284/284 290/290/290
f 291/291/291 289/289/289 290/290/290
f 289/289/289 291/291/291 292/292/292
f 293/293/293 289/289/289 292/292/292
f 288/288/288 289/289/289 293/293/293
f 293/293/293 292/292/292 294/294/294
f 295/295/295 293/293/293 294/294/294
f 296/296/296 293/293/293 295/295/295
f 296/296/296 288/288/288 293/293/293
f 297/297/297 288/288/288 296/296/296
f 285/285/285 288/288/288 297/297/297
f 298/298/298 297/297/297 296/296/296
f 298/298/298 296/296/296 299/299/299
f 285/285/285 300/300/300 287/287/287
f 297/297/297 301/301/301 285/285/285
f 301/301/301 300/300/300 285/285/285
f 302/302/302 298/298/298 299/299/299
f 302/302/302 299/299/299 303/303/303
f 303/303/303 299/299/299 304/304/304
f 305/305/305 302/302/302 303/303/303
f 306/306/306 302/302/302 305/305/305
f 306/306/306 307/307/307 302/302/302
f 307/307/307 298/298/298 302/302/302
f 308/308/308 307/307/307 306/306/306
f 309/309/309 297/297/297 298/298/298
f 307/307/307 309/309/309 298/298/298
f 308/308/308 310/310/310 307/307/307
f 310/310/310 309/309/309 307/307/307
f 297/297/297 309/309/309 311/311/311
f 311/311/311 301/301/301 297/297/297
f 309/309/309 310/310/310 311/311/311
f 311/311/311 312/312/312 301/301/301
f 313/313/313 310/310/310 308/308/308
f 314/314/314 313/313/313 308/308/308
f 310/310/310 313/313/313 315/315/315
f 310/310/310 315/315/315 311/311/311
f 313/313/313 316/316/316 315/315/315
f 315/315/315 316/316/316 317/317/317
f 311/311/311 315/315/315 318/318/318
f 315/315/315 317/317/317 318/318/318
f 312/312/312 311/311/311 318/318/318
f 318/318/318 317/317/317 319/319/319
f 317/317/317 320/320/320 319/319/319
f 321/321/321 318/318/318 319/319/319
f 321/321/321 312/312/312 318/318/318
f 322/322/322 321/321/321 319/319/319
f 321/321/321 322/322/322 323/323/323
f 324/324/324 321/321/321 323/323/323
f 312/312/312 321/321/321 324/324/324
f 324/324/324 323/323/323 325/325/325
f 287/287/287 324/324/324 325/325/325
f 326/326/326 324/324/324 287/287/287
f 326/326/326 312/312/312 324/324/324
f 300/300/300 326/326/326 287/287/287
f 326/326/326 327/327/327 312/312/312
f 300/300/300 328/328/328 326/326/326
f 328/328/328 327/327/327 326/326/326
f 329/329/329 328/328/328 300/300/300
f 328/328/328 329/329/329 327/327/327
f 301/301/301 329/329/329 300/300/300
f 327/327/327 330/330/330 312/312/312
f 327/327/327 329/329/329 330/330/330
f 330/330/330 329/329/329 301/301/301
f 312/312/312 330/330/330 301/301/301
f 333/333/333 332/332/332 331/331/331
f 334/334/334 333/333/333 331/331/331
f 337/337/337 336/336/336 335/335/335
f 338/338/338 337/337/337 335/335/335
f 337/337/337 338/338/338 339/339/339
f 342/342/342 341/341/341 340/340/340
f 343/343/343 341/341/341 342/342/342
f 344/344/344 343/343/343 342/342/342
f 344/344/344 342/342/342 345/345/345
f 346/346/346 344/344/344 345/345/345
f 346/346/346 345/345/345 347/347/347
f 348/348/348 346/346/346 347/347/347
f 351/351/351 350/350/350 349/349/349
f 352/352/352 351/351/351 349/349/349
f 352/352/352 349/349/349 353/353/353
f 354/354/354 351/351/351 352/352/352
f 355/355/355 352/352/352 353/353/353
f 356/356/356 354/354/354 352/352/352
f 356/356/356 352/352/352 355/355/355
f 354/354/354 356/356/356 357/357/357
f 358/358/358 356/356/356 355/355/355
f 356/356/356 359/359/359 357/357/357
f 356/356/356 358/358/358 359/359/359
f 357/357/357 359/359/359 360/360/360
f 358/358/358 361/361/361 359/359/359
f 359/359/359 362/362/362 360/360/360
f 359/359/359 361/361/361 362/362/362
f 363/363/363 360/360/360 362/362/362
f 361/361/361 364/364/364 362/362/362
f 365/365/365 363/363/363 362/362/362
f 365/365/365 362/362/362 364/364/364
f 366/366/366 365/365/365 364/364/364
f 369/369/369 368/368/368 367/367/367
f 369/369/369 367/367/367 370/370/370
f 370/370/370 367/367/367 371/371/371
f 367/367/367 372/372/372 371/371/371
f 375/375/375 374/374/374 373/373/373
f 376/376/376 375/375/375 373/373/373
f 376/376/376 373/373/373 377/377/377
f 378/378/378 376/376/376 377/377/377
f 379/379/379 376/376/376 378/378/378
f 380/380/380 379/379/379 378/378/378
f 381/381/381 379/379/379 380/380/380
f 382/382/382 381/381/381 380/380/380
f 381/381/381 383/383/383 379/379/379
f 383/383/383 384/384/384 379/379/379
f 383/383/383 385/385/385 384/384/384
f 386/386/386 381/381/381 382/382/382
f 386/386/386 387/387/387 381/381/381
f 388/388/388 387/387/387 386/386/386
f 389/389/389 386/386/386 382/382/382
f 390/390/390 388/388/388 386/386/386
f 390/390/390 386/386/386 389/389/389
f 391/391/391 390/390/390 389/389/389
f 394/394/394 393/393/393 392/392/392
f 395/395/395 393/393/393 394/394/394
f 395/395/395 396/396/396 393/393/393
f 397/397/397 396/396/396 395/395/395
f 398/398/398 395/395/395 394/394/394
f 399/399/399 397/397/397 395/395/395
f 399/399/399 395/395/395 398/398/398
f 400/400/400 399/399/399 398/398/398
f 403/403/403 402/402/402 401/401/401
f 404/404/404 403/403/403 401/401/401
f 401/401/401 402/402/402 405/405/405
f 403/403/403 404/404/404 406/406/406
f 404/404/404 407/407/407 406/406/406
f 402/402/402 408/408/408 405/405/405
f 409/409/409 405/405/405 408/408/408
f 406/406/406 407/407/407 410/410/410
f 407/407/407 411/411/411 410/410/410
f 412/412/412 409/409/409 408/408/408
f 413/413/413 409/409/409 412/412/412
f 410/410/410 411/411/411 414/414/414
f 411/411/411 415/415/415 414/414/414
f 416/416/416 413/413/413 412/412/412
f 417/417/417 413/413/413 416/416/416
f 414/414/414 415/415/415 418/418/418
f 415/415/415 419/419/419 418/418/418
f 420/420/420 417/417/417 416/416/416
f 421/421/421 417/417/417 420/420/420
f 418/418/418 419/419/419 422/422/422
f 419/419/419 423/423/423 422/422/422
f 424/424/424 421/421/421 420/420/420
f 421/421/421 424/424/424 425/425/425
f 422/422/422 423/423/423 426/426/426
f 423/423/423 427/427/427 426/426/426
f 424/424/424 428/428/428 425/425/425
f 429/429/429 425/425/425 428/428/428
f 426/426/426 427/427/427 430/430/430
f 427/427/427 431/431/431 430/430/430
f 432/432/432 429/429/429 428/428/428
f 433/433/433 429/429/429 432/432/432
f 430/430/430 431/431/431 434/434/434
f 431/431/431 435/435/435 434/434/434
f 436/436/436 433/433/433 432/432/432
f 437/437/437 433/433/433 436/436/436
f 434/434/434 435/435/435 438/438/438
f 435/435/435 439/439/439 438/438/438
f 440/440/440 437/437/437 436/436/436
f 441/441/441 437/437/437 440/440/440
f 438/438/438 439/439/439 442/442/442
f 439/439/439 443/443/443 442/442/442
f 443/443/443 441/441/441 444/444/444
f 444/444/444 441/441/441 440/440/440
f 442/442/442 443/443/443 444/444/444
f 430/430/430 434/434/434 445/445/445
f 434/434/434 438/438/438 446/446/446
f 445/445/445 434/434/434 446/446/446
f 438/438/438 442/442/442 447/447/447
f 446/446/446 438/438/438 447/447/447
f 442/442/442 444/444/444 448/448/448
f 447/447/447 442/442/442 448/448/448
f 444/444/444 440/440/440 449/449/449
f 448/448/448 444/444/444 449/449/449
f 440/440/440 436/436/436 450/450/450
f 449/449/449 440/440/440 450/450/450
f 451/451/451 430/430/430 445/445/445
f 426/426/426 430/430/430 451/451/451
f 450/450/450 436/436/436 452/452/452
f 436/436/436 432/432/432 452/452/452
f 453/453/453 426/426/426 451/451/451
f 422/422/422 426/426/426 453/453/453
f 452/452/452 432/432/432 454/454/454
f 432/432/432 428/428/428 454/454/454
f 455/455/455 454/454/454 428/428/428
f 424/424/424 455/455/455 428/428/428
f 454/454/454 455/455/455 456/456/456
f 455/455/455 424/424/424 456/456/456
f 456/456/456 452/452/452 454/454/454
f 424/424/424 420/420/420 456/456/456
f 456/456/456 457/457/457 452/452/452
f 456/456/456 420/420/420 457/457/457
f 457/457/457 450/450/450 452/452/452
f 420/420/420 416/416/416 457/457/457
f 457/457/457 458/458/458 450/450/450
f 457/457/457 416/416/416 458/458/458
f 458/458/458 449/449/449 450/450/450
f 416/416/416 412/412/412 458/458/458
f 458/458/458 459/459/459 449/449/449
f 458/458/458 412/412/412 459/459/459
f 459/459/459 448/448/448 449/449/449
f 412/412/412 408/408/408 459/459/459
f 459/459/459 460/460/460 448/448/448
f 460/460/460 459/459/459 408/408/408
f 460/460/460 447/447/447 448/448/448
f 402/402/402 460/460/460 408/408/408
f 447/447/447 460/460/460 461/461/461
f 461/461/461 460/460/460 402/402/402
f 461/461/461 446/446/446 447/447/447
f 403/403/403 461/461/461 402/402/402
f 461/461/461 462/462/462 446/446/446
f 461/461/461 403/403/403 462/462/462
f 462/462/462 445/445/445 446/446/446
f 403/403/403 406/406/406 462/462/462
f 462/462/462 463/463/463 445/445/445
f 462/462/462 406/406/406 463/463/463
f 463/463/463 451/451/451 445/445/445
f 406/406/406 410/410/410 463/463/463
f 463/463/463 464/464/464 451/451/451
f 463/463/463 410/410/410 464/464/464
f 410/410/410 414/414/414 464/464/464
f 464/464/464 453/453/453 451/451/451
f 464/464/464 414/414/414 465/465/465
f 464/464/464 465/465/465 453/453/453
f 414/414/414 418/418/418 465/465/465
f 465/465/465 466/466/466 453/453/453
f 465/465/465 418/418/418 466/466/466
f 466/466/466 422/422/422 453/453/453
f 418/418/418 422/422/422 466/466/466
g bed frame_2
f 469/469/469 468/468/468 467/467/467
f 470/470/470 469/469/469 467/467/467
f 473/473/473 472/472/472 471/471/471
f 474/474/474 473/473/473 471/471/471
f 477/477/477 476/476/476 475/475/475
f 478/478/478 477/477/477 475/475/475
f 481/481/481 480/480/480 479/479/479
f 482/482/482 481/481/481 479/479/479
f 485/485/485 484/484/484 483/483/483
f 486/486/486 485/485/485 483/483/483
f 489/489/489 488/488/488 487/487/487
f 490/490/490 489/489/489 487/487/487
f 493/493/493 492/492/492 491/491/491
f 494/494/494 493/493/493 491/491/491
f 497/497/497 496/496/496 495/495/495
f 498/498/498 497/497/497 495/495/495
f 501/501/501 500/500/500 499/499/499
f 502/502/502 501/501/501 499/499/499
f 505/505/505 504/504/504 503/503/503
f 506/506/506 505/505/505 503/503/503
f 509/509/509 508/508/508 507/507/507
f 510/510/510 509/509/509 507/507/507
f 513/513/513 512/512/512 511/511/511
f 514/514/514 513/513/513 511/511/511
f 517/517/517 516/516/516 515/515/515
f 518/518/518 517/517/517 515/515/515
f 521/521/521 520/520/520 519/519/519
f 522/522/522 521/521/521 519/519/519
f 525/525/525 524/524/524 523/523/523
f 526/526/526 525/525/525 523/523/523
f 529/529/529 528/528/528 527/527/527
f 530/530/530 529/529/529 527/527/527
f 533/533/533 532/532/532 531/531/531
f 534/534/534 533/533/533 531/531/531
f 537/537/537 536/536/536 535/535/535
f 538/538/538 537/537/537 535/535/535
f 541/541/541 540/540/540 539/539/539
f 542/542/542 541/541/541 539/539/539
f 545/545/545 544/544/544 543/543/543
f 546/546/546 545/545/545 543/543/543
f 549/549/549 548/548/548 547/547/547
f 550/550/550 549/549/549 547/547/547
f 553/553/553 552/552/552 551/551/551
f 554/554/554 553/553/553 551/551/551
f 557/557/557 556/556/556 555/555/555
f 558/558/558 557/557/557 555/555/555
f 561/561/561 560/560/560 559/559/559
f 562/562/562 561/561/561 559/559/559
g bed frame_3
f 565/565/565 564/564/564 563/563/563
f 566/566/566 565/565/565 563/563/563
f 567/567/567 565/565/565 566/566/566
f 568/568/568 567/567/567 566/566/566
f 569/569/569 567/567/567 568/568/568
f 570/570/570 569/569/569 568/568/568
f 573/573/573 572/572/572 571/571/571
f 572/572/572 574/574/574 571/571/571
f 571/571/571 574/574/574 575/575/575
f 574/574/574 576/576/576 575/575/575
f 579/579/579 578/578/578 577/577/577
f 578/578/578 580/580/580 577/577/577
f 577/577/577 580/580/580 581/581/581
f 580/580/580 582/582/582 581/581/581
f 585/585/585 584/584/584 583/583/583
f 586/586/586 585/585/585 583/583/583
f 589/589/589 588/588/588 587/587/587
f 590/590/590 589/589/589 587/587/587
f 593/593/593 592/592/592 591/591/591
f 592/592/592 594/594/594 591/591/591
f 591/591/591 594/594/594 595/595/595
f 594/594/594 596/596/596 595/595/595
f 599/599/599 598/598/598 597/597/597
f 600/600/600 599/599/599 597/597/597
f 603/603/603 602/602/602 601/601/601
f 604/604/604 603/603/603 601/601/601
f 607/607/607 606/606/606 605/605/605
f 608/608/608 607/607/607 605/605/605
f 611/611/611 610/610/610 609/609/609
f 612/612/612 611/611/611 609/609/609
f 615/615/615 614/614/614 613/613/613
f 614/614/614 616/616/616 613/613/613
f 614/614/614 617/617/617 616/616/616
f 617/617/617 618/618/618 616/616/616
f 617/617/617 619/619/619 618/618/618
f 619/619/619 620/620/620 618/618/618
f 623/623/623 622/622/622 621/621/621
f 624/624/624 623/623/623 621/621/621
f 624/624/624 621/621/621 625/625/625
f 626/626/626 624/624/624 625/625/625
f 629/629/629 628/628/628 627/627/627
f 630/630/630 629/629/629 627/627/627
f 630/630/630 627/627/627 631/631/631
f 632/632/632 630/630/630 631/631/631
f 632/632/632 631/631/631 633/633/633
f 634/634/634 632/632/632 633/633/633
f 637/637/637 636/636/636 635/635/635
f 638/638/638 637/637/637 635/635/635
f 641/641/641 640/640/640 639/639/639
f 642/642/642 641/641/641 639/639/639
f 642/642/642 639/639/639 643/643/643
f 644/644/644 642/642/642 643/643/643
f 647/647/647 646/646/646 645/645/645
f 648/648/648 647/647/647 645/645/645
f 651/651/651 650/650/650 649/649/649
f 652/652/652 651/651/651 649/649/649
f 655/655/655 654/654/654 653/653/653
f 654/654/654 656/656/656 653/653/653
f 654/654/654 657/657/657 656/656/656
f 657/657/657 658/658/658 656/656/656
f 657/657/657 659/659/659 658/658/658
f 659/659/659 660/660/660 658/658/658
f 663/663/663 662/662/662 661/661/661
f 664/664/664 663/663/663 661/661/661
f 664/664/664 661/661/661 665/665/665
f 666/666/666 664/664/664 665/665/665
f 669/669/669 668/668/668 667/667/667
f 670/670/670 669/669/669 667/667/667
f 670/670/670 667/667/667 671/671/671
f 672/672/672 670/670/670 671/671/671
f 672/672/672 671/671/671 673/673/673
f 674/674/674 672/672/672 673/673/673
f 677/677/677 676/676/676 675/675/675
f 678/678/678 677/677/677 675/675/675
f 681/681/681 680/680/680 679/679/679
f 682/682/682 681/681/681 679/679/679
f 682/682/682 679/679/679 683/683/683
f 684/684/684 682/682/682 683/683/683
f 687/687/687 686/686/686 685/685/685
f 688/688/688 687/687/687 685/685/685
f 689/689/689 687/687/687 688/688/688
f 690/690/690 689/689/689 688/688/688
f 691/691/691 689/689/689 690/690/690
f 692/692/692 691/691/691 690/690/690
f 695/695/695 694/694/694 693/693/693
f 694/694/694 696/696/696 693/693/693
f 693/693/693 696/696/696 697/697/697
f 696/696/696 698/698/698 697/697/697
f 701/701/701 700/700/700 699/699/699
f 700/700/700 702/702/702 699/699/699
f 699/699/699 702/702/702 703/703/703
f 702/702/702 704/704/704 703/703/703
f 707/707/707 706/706/706 705/705/705
f 708/708/708 707/707/707 705/705/705
f 711/711/711 710/710/710 709/709/709
f 712/712/712 711/711/711 709/709/709
f 715/715/715 714/714/714 713/713/713
f 714/714/714 716/716/716 713/713/713
f 713/713/713 716/716/716 717/717/717
f 716/716/716 718/718/718 717/717/717
f 721/721/721 720/720/720 719/719/719
f 722/722/722 721/721/721 719/719/719
f 725/725/725 724/724/724 723/723/723
f 726/726/726 725/725/725 723/723/723
g bed frame_4
f 729/729/729 728/728/728 727/727/727
f 728/728/728 731/731/731 730/730/730
f 732/732/732 730/730/730 731/731/731
f 733/733/733 732/732/732 731/731/731
f 736/736/736 735/735/735 734/734/734
f 739/739/739 738/738/738 737/737/737
f 738/738/738 740/740/740 737/737/737
f 738/738/738 741/741/741 740/740/740
f 741/741/741 738/738/738 742/742/742
f 743/743/743 741/741/741 742/742/742
f 741/741/741 743/743/743 744/744/744
f 743/743/743 745/745/745 744/744/744
f 744/744/744 745/745/745 746/746/746
f 747/747/747 744/744/744 746/746/746
f 744/744/744 747/747/747 748/748/748
f 741/741/741 744/744/744 748/748/748
f 747/747/747 749/749/749 748/748/748
f 741/741/741 750/750/750 740/740/740
f 750/750/750 741/741/741 748/748/748
f 750/750/750 751/751/751 740/740/740
f 751/751/751 752/752/752 740/740/740
f 753/753/753 751/751/751 750/750/750
f 748/748/748 753/753/753 750/750/750
f 753/753/753 748/748/748 749/749/749
f 754/754/754 753/753/753 749/749/749
f 754/754/754 749/749/749 755/755/755
f 758/758/758 757/757/757 756/756/756
f 757/757/757 759/759/759 756/756/756
f 757/757/757 760/760/760 759/759/759
f 760/760/760 757/757/757 761/761/761
f 762/762/762 760/760/760 761/761/761
f 760/760/760 763/763/763 759/759/759
f 763/763/763 760/760/760 764/764/764
f 764/764/764 765/765/765 763/763/763
f 760/760/760 766/766/766 764/764/764
f 765/765/765 764/764/764 767/767/767
f 764/764/764 766/766/766 768/768/768
f 767/767/767 764/764/764 768/768/768
f 768/768/768 766/766/766 769/769/769
f 768/768/768 769/769/769 770/770/770
f 767/767/767 768/768/768 771/771/771
f 772/772/772 767/767/767 771/771/771
f 772/772/772 771/771/771 773/773/773
f 774/774/774 767/767/767 772/772/772
f 775/775/775 772/772/772 773/773/773
f 776/776/776 774/774/774 772/772/772
f 776/776/776 772/772/772 775/775/775
f 779/779/779 778/778/778 777/777/777
f 780/780/780 779/779/779 777/777/777
f 780/780/780 777/777/777 781/781/781
f 782/782/782 779/779/779 780/780/780
f 782/782/782 783/783/783 779/779/779
f 783/783/783 784/784/784 779/779/779
f 783/783/783 782/782/782 785/785/785
f 786/786/786 780/780/780 781/781/781
f 787/787/787 782/782/782 780/780/780
f 787/787/787 780/780/780 786/786/786
f 782/782/782 788/788/788 785/785/785
f 782/782/782 787/787/787 788/788/788
f 789/789/789 786/786/786 781/781/781
f 790/790/790 789/789/789 781/781/781
f 789/789/789 790/790/790 791/791/791
f 792/792/792 789/789/789 791/791/791
f 792/792/792 791/791/791 793/793/793
f 789/789/789 794/794/794 786/786/786
f 794/794/794 789/789/789 792/792/792
f 795/795/795 787/787/787 786/786/786
f 794/794/794 795/795/795 786/786/786
f 795/795/795 794/794/794 796/796/796
f 797/797/797 794/794/794 792/792/792
f 797/797/797 796/796/796 794/794/794
f 798/798/798 792/792/792 793/793/793
f 797/797/797 792/792/792 798/798/798
f 787/787/787 795/795/795 799/799/799
f 787/787/787 799/799/799 788/788/788
f 796/796/796 800/800/800 795/795/795
f 795/795/795 800/800/800 799/799/799
f 801/801/801 798/798/798 793/793/793
f 802/802/802 801/801/801 793/793/793
f 802/802/802 803/803/803 801/801/801
f 804/804/804 797/797/797 798/798/798
f 804/804/804 796/796/796 797/797/797
f 805/805/805 804/804/804 798/798/798
f 801/801/801 805/805/805 798/798/798
f 796/796/796 804/804/804 805/805/805
f 803/803/803 806/806/806 801/801/801
f 801/801/801 806/806/806 805/805/805
f 803/803/803 807/807/807 806/806/806
f 807/807/807 808/808/808 806/806/806
f 806/806/806 809/809/809 805/805/805
f 806/806/806 808/808/808 809/809/809
f 805/805/805 810/810/810 796/796/796
f 810/810/810 805/805/805 809/809/809
f 808/808/808 811/811/811 809/809/809
f 808/808/808 812/812/812 811/811/811
f 812/812/812 813/813/813 811/811/811
f 814/814/814 809/809/809 811/811/811
f 814/814/814 810/810/810 809/809/809
f 815/815/815 811/811/811 813/813/813
f 815/815/815 814/814/814 811/811/811
f 816/816/816 815/815/815 813/813/813
f 815/815/815 816/816/816 817/817/817
f 818/818/818 815/815/815 817/817/817
f 814/814/814 815/815/815 818/818/818
f 818/818/818 817/817/817 819/819/819
f 820/820/820 814/814/814 818/818/818
f 810/810/810 814/814/814 820/820/820
f 821/821/821 818/818/818 819/819/819
f 820/820/820 818/818/818 821/821/821
f 821/821/821 819/819/819 822/822/822
f 823/823/823 821/821/821 822/822/822
f 824/824/824 820/820/820 821/821/821
f 824/824/824 821/821/821 823/823/823
f 825/825/825 810/810/810 820/820/820
f 825/825/825 820/820/820 824/824/824
f 826/826/826 824/824/824 823/823/823
f 826/826/826 823/823/823 827/827/827
f 828/828/828 824/824/824 826/826/826
f 828/828/828 825/825/825 824/824/824
f 829/829/829 828/828/828 826/826/826
f 810/810/810 825/825/825 830/830/830
f 810/810/810 830/830/830 796/796/796
f 796/796/796 830/830/830 800/800/800
f 825/825/825 831/831/831 830/830/830
f 825/825/825 828/828/828 831/831/831
f 830/830/830 831/831/831 800/800/800
f 828/828/828 829/829/829 832/832/832
f 828/828/828 832/832/832 831/831/831
f 831/831/831 833/833/833 800/800/800
f 831/831/831 832/832/832 833/833/833
f 799/799/799 800/800/800 833/833/833
f 829/829/829 834/834/834 832/832/832
f 829/829/829 835/835/835 834/834/834
f 835/835/835 836/836/836 834/834/834
f 837/837/837 799/799/799 833/833/833
f 788/788/788 799/799/799 837/837/837
f 832/832/832 838/838/838 833/833/833
f 832/832/832 834/834/834 838/838/838
f 837/837/837 833/833/833 838/838/838
f 834/834/834 836/836/836 839/839/839
f 834/834/834 839/839/839 838/838/838
f 836/836/836 840/840/840 839/839/839
f 841/841/841 788/788/788 837/837/837
f 785/785/785 788/788/788 841/841/841
f 842/842/842 785/785/785 841/841/841
f 843/843/843 837/837/837 838/838/838
f 843/843/843 838/838/838 839/839/839
f 841/841/841 837/837/837 843/843/843
f 844/844/844 839/839/839 840/840/840
f 844/844/844 843/843/843 839/839/839
f 845/845/845 844/844/844 840/840/840
f 842/842/842 841/841/841 846/846/846
f 846/846/846 841/841/841 843/843/843
f 846/846/846 843/843/843 844/844/844
f 847/847/847 842/842/842 846/846/846
f 848/848/848 844/844/844 845/845/845
f 848/848/848 846/846/846 844/844/844
f 847/847/847 846/846/846 848/848/848
f 849/849/849 848/848/848 845/845/845
f 850/850/850 847/847/847 848/848/848
f 853/853/853 852/852/852 851/851/851
f 852/852/852 854/854/854 851/851/851
f 856/856/856 854/854/854 855/855/855
f 856/856/856 855/855/855 857/857/857
f 858/858/858 856/856/856 857/857/857
f 858/858/858 857/857/857 859/859/859
f 860/860/860 858/858/858 859/859/859
f 861/861/861 860/860/860 859/859/859
f 854/854/854 862/862/862 855/855/855
f 854/854/854 863/863/863 862/862/862
f 859/859/859 857/857/857 864/864/864
f 857/857/857 855/855/855 864/864/864
f 865/865/865 861/861/861 859/859/859
f 861/861/861 865/865/865 866/866/866
f 867/867/867 861/861/861 866/866/866
f 867/867/867 866/866/866 868/868/868
f 869/869/869 867/867/867 868/868/868
f 870/870/870 869/869/869 868/868/868
f 871/871/871 870/870/870 868/868/868
f 859/859/859 864/864/864 872/872/872
f 865/865/865 859/859/859 872/872/872
f 871/871/871 873/873/873 870/870/870
f 873/873/873 874/874/874 870/870/870
f 873/873/873 875/875/875 874/874/874
f 875/875/875 876/876/876 874/874/874
f 875/875/875 877/877/877 876/876/876
f 877/877/877 878/878/878 876/876/876
f 877/877/877 879/879/879 878/878/878
f 879/879/879 880/880/880 878/878/878
f 881/881/881 880/880/880 879/879/879
f 879/879/879 877/877/877 882/882/882
f 877/877/877 875/875/875 882/882/882
f 883/883/883 881/881/881 879/879/879
f 882/882/882 883/883/883 879/879/879
f 881/881/881 883/883/883 882/882/882
f 884/884/884 881/881/881 882/882/882
f 875/875/875 885/885/885 882/882/882
f 884/884/884 882/882/882 885/885/885
f 886/886/886 884/884/884 885/885/885
f 875/875/875 887/887/887 885/885/885
f 886/886/886 885/885/885 887/887/887
f 875/875/875 873/873/873 887/887/887
f 888/888/888 886/886/886 887/887/887
f 873/873/873 889/889/889 887/887/887
f 888/888/888 887/887/887 889/889/889
f 890/890/890 888/888/888 889/889/889
f 873/873/873 871/871/871 889/889/889
f 891/891/891 890/890/890 889/889/889
f 892/892/892 891/891/891 889/889/889
f 891/891/891 892/892/892 893/893/893
f 894/894/894 891/891/891 893/893/893
f 871/871/871 895/895/895 889/889/889
f 871/871/871 896/896/896 895/895/895
f 896/896/896 897/897/897 895/895/895
f 897/897/897 898/898/898 895/895/895
f 897/897/897 865/865/865 898/898/898
f 894/894/894 893/893/893 899/899/899
f 865/865/865 899/899/899 898/898/898
f 900/900/900 894/894/894 899/899/899
f 872/872/872 899/899/899 865/865/865
f 901/901/901 900/900/900 899/899/899
f 872/872/872 901/901/901 899/899/899
f 901/901/901 872/872/872 864/864/864
f 902/902/902 901/901/901 864/864/864
f 902/902/902 864/864/864 903/903/903
f 855/855/855 903/903/903 864/864/864
f 904/904/904 902/902/902 903/903/903
f 855/855/855 905/905/905 903/903/903
f 904/904/904 903/903/903 905/905/905
f 855/855/855 862/862/862 905/905/905
f 906/906/906 904/904/904 905/905/905
f 862/862/862 907/907/907 905/905/905
f 906/906/906 905/905/905 907/907/907
f 862/862/862 908/908/908 907/907/907
f 863/863/863 908/908/908 862/862/862
f 908/908/908 863/863/863 907/907/907
f 863/863/863 909/909/909 907/907/907
f 909/909/909 906/906/906 907/907/907
f 910/910/910 906/906/906 909/909/909
f 911/911/911 910/910/910 909/909/909
f 910/910/910 912/912/912 906/906/906
f 912/912/912 913/913/913 906/906/906
f 916/916/916 915/915/915 914/914/914
f 917/917/917 916/916/916 914/914/914
f 920/920/920 919/919/919 918/918/918
f 919/919/919 921/921/921 918/918/918
f 919/919/919 922/922/922 921/921/921
f 922/922/922 923/923/923 921/921/921
f 926/926/926 925/925/925 924/924/924
f 926/926/926 927/927/927 925/925/925
f 927/927/927 928/928/928 925/925/925
f 928/928/928 927/927/927 929/929/929
f 930/930/930 927/927/927 926/926/926
f 931/931/931 930/930/930 926/926/926
f 927/927/927 932/932/932 929/929/929
f 927/927/927 930/930/930 932/932/932
f 932/932/932 933/933/933 929/929/929
f 933/933/933 934/934/934 929/929/929
f 933/933/933 935/935/935 934/934/934
f 936/936/936 935/935/935 933/933/933
f 935/935/935 937/937/937 934/934/934
f 937/937/937 935/935/935 938/938/938
f 939/939/939 933/933/933 932/932/932
f 939/939/939 936/936/936 933/933/933
f 935/935/935 940/940/940 938/938/938
f 935/935/935 936/936/936 940/940/940
f 930/930/930 941/941/941 932/932/932
f 941/941/941 939/939/939 932/932/932
f 942/942/942 941/941/941 930/930/930
f 930/930/930 943/943/943 942/942/942
f 943/943/943 930/930/930 931/931/931
f 940/940/940 944/944/944 938/938/938
f 944/944/944 945/945/945 938/938/938
f 944/944/944 946/946/946 945/945/945
f 946/946/946 947/947/947 945/945/945
f 941/941/941 948/948/948 939/939/939
f 948/948/948 949/949/949 939/939/939
f 939/939/939 949/949/949 936/936/936
f 950/950/950 948/948/948 941/941/941
f 948/948/948 950/950/950 949/949/949
f 942/942/942 950/950/950 941/941/941
f 949/949/949 950/950/950 951/951/951
f 949/949/949 951/951/951 936/936/936
f 951/951/951 950/950/950 942/942/942
f 936/936/936 951/951/951 942/942/942
f 936/936/936 952/952/952 940/940/940
f 952/952/952 936/936/936 942/942/942
f 953/953/953 944/944/944 940/940/940
f 952/952/952 953/953/953 940/940/940
f 954/954/954 946/946/946 944/944/944
f 953/953/953 954/954/954 944/944/944
f 954/954/954 955/955/955 946/946/946
f 955/955/955 956/956/956 946/946/946
f 957/957/957 955/955/955 954/954/954
f 958/958/958 957/957/957 954/954/954
f 958/958/958 954/954/954 953/953/953
f 957/957/957 958/958/958 959/959/959
f 960/960/960 953/953/953 952/952/952
f 960/960/960 958/958/958 953/953/953
f 942/942/942 961/961/961 952/952/952
f 961/961/961 960/960/960 952/952/952
f 959/959/959 958/958/958 962/962/962
f 958/958/958 960/960/960 962/962/962
f 942/942/942 963/963/963 961/961/961
f 943/943/943 963/963/963 942/942/942
f 960/960/960 961/961/961 964/964/964
f 962/962/962 960/960/960 964/964/964
f 959/959/959 962/962/962 965/965/965
f 966/966/966 959/959/959 965/965/965
f 961/961/961 963/963/963 967/967/967
f 964/964/964 961/961/961 967/967/967
f 962/962/962 964/964/964 968/968/968
f 965/965/965 962/962/962 968/968/968
f 963/963/963 943/943/943 969/969/969
f 967/967/967 963/963/963 969/969/969
f 964/964/964 967/967/967 970/970/970
f 968/968/968 964/964/964 970/970/970
f 965/965/965 968/968/968 971/971/971
f 972/972/972 965/965/965 971/971/971
f 972/972/972 971/971/971 973/973/973
f 971/971/971 968/968/968 974/974/974
f 968/968/968 970/970/970 974/974/974
f 974/974/974 970/970/970 975/975/975
f 970/970/970 967/967/967 976/976/976
f 970/970/970 976/976/976 975/975/975
f 967/967/967 969/969/969 976/976/976
f 975/975/975 976/976/976 977/977/977
f 975/975/975 977/977/977 978/978/978
f 978/978/978 977/977/977 979/979/979
f 976/976/976 969/969/969 980/980/980
f 976/976/976 980/980/980 977/977/977
f 977/977/977 981/981/981 979/979/979
f 977/977/977 980/980/980 981/981/981
f 979/979/979 981/981/981 982/982/982
f 981/981/981 983/983/983 982/982/982
f 981/981/981 984/984/984 983/983/983
f 980/980/980 984/984/984 981/981/981
f 984/984/984 985/985/985 983/983/983
f 969/969/969 986/986/986 980/980/980
f 980/980/980 986/986/986 984/984/984
f 969/969/969 943/943/943 986/986/986
f 984/984/984 987/987/987 985/985/985
f 986/986/986 987/987/987 984/984/984
f 987/987/987 988/988/988 985/985/985
f 943/943/943 989/989/989 986/986/986
f 986/986/986 989/989/989 987/987/987
f 989/989/989 943/943/943 931/931/931
f 987/987/987 990/990/990 988/988/988
f 989/989/989 990/990/990 987/987/987
f 990/990/990 991/991/991 988/988/988
f 991/991/991 990/990/990 992/992/992
f 989/989/989 931/931/931 993/993/993
f 990/990/990 989/989/989 993/993/993
f 990/990/990 993/993/993 992/992/992
f 993/993/993 931/931/931 994/994/994
f 992/992/992 993/993/993 995/995/995
f 993/993/993 994/994/994 995/995/995
f 998/998/998 997/997/997 996/996/996
f 999/999/999 997/997/997 998/998/998
f 1002/1002/1002 1001/1001/1001 1000/1000/1000
f 1003/1003/1003 1002/1002/1002 1000/1000/1000
f 1002/1002/1002 1003/1003/1003 1004/1004/1004
f 1007/1007/1007 1006/1006/1006 1005/1005/1005
f 1006/1006/1006 884/884/884 1005/1005/1005
f 1010/1010/1010 1009/1009/1009 1008/1008/1008
f 1011/1011/1011 1010/1010/1010 1008/1008/1008
f 1014/1014/1014 1013/1013/1013 1012/1012/1012
f 1015/1015/1015 1014/1014/1014 1012/1012/1012
f 1014/1014/1014 1015/1015/1015 1016/1016/1016
f 1015/1015/1015 1017/1017/1017 1016/1016/1016
f 1018/1018/1018 1016/1016/1016 1017/1017/1017
f 1019/1019/1019 1018/1018/1018 1017/1017/1017
f 1015/1015/1015 1012/1012/1012 1020/1020/1020
f 1015/1015/1015 1021/1021/1021 1017/1017/1017
f 1021/1021/1021 1015/1015/1015 1020/1020/1020
f 1021/1021/1021 1022/1022/1022 1017/1017/1017
f 1019/1019/1019 1017/1017/1017 1022/1022/1022
f 1022/1022/1022 1021/1021/1021 1020/1020/1020
f 1023/1023/1023 1019/1019/1019 1022/1022/1022
f 1023/1023/1023 1022/1022/1022 1020/1020/1020
f 1024/1024/1024 1019/1019/1019 1023/1023/1023
f 1020/1020/1020 1012/1012/1012 1025/1025/1025
f 1023/1023/1023 1020/1020/1020 1025/1025/1025
f 1012/1012/1012 1026/1026/1026 1025/1025/1025
f 1027/1027/1027 1024/1024/1024 1023/1023/1023
f 1027/1027/1027 1023/1023/1023 1025/1025/1025
f 1028/1028/1028 1024/1024/1024 1027/1027/1027
f 1025/1025/1025 1026/1026/1026 1029/1029/1029
f 1027/1027/1027 1025/1025/1025 1029/1029/1029
f 1026/1026/1026 1030/1030/1030 1029/1029/1029
f 1031/1031/1031 1028/1028/1028 1027/1027/1027
f 1031/1031/1031 1027/1027/1027 1029/1029/1029
f 1032/1032/1032 1028/1028/1028 1031/1031/1031
f 1029/1029/1029 1030/1030/1030 1033/1033/1033
f 1031/1031/1031 1029/1029/1029 1033/1033/1033
f 1030/1030/1030 1034/1034/1034 1033/1033/1033
f 1035/1035/1035 1032/1032/1032 1031/1031/1031
f 1035/1035/1035 1031/1031/1031 1033/1033/1033
f 1036/1036/1036 1032/1032/1032 1035/1035/1035
f 1037/1037/1037 1033/1033/1033 1034/1034/1034
f 1035/1035/1035 1033/1033/1033 1037/1037/1037
f 1038/1038/1038 1037/1037/1037 1034/1034/1034
f 1039/1039/1039 1036/1036/1036 1035/1035/1035
f 1037/1037/1037 1039/1039/1039 1035/1035/1035
f 1040/1040/1040 1036/1036/1036 1039/1039/1039
f 1041/1041/1041 1037/1037/1037 1038/1038/1038
f 1039/1039/1039 1037/1037/1037 1041/1041/1041
f 1042/1042/1042 1041/1041/1041 1038/1038/1038
f 1043/1043/1043 1040/1040/1040 1039/1039/1039
f 1043/1043/1043 1039/1039/1039 1041/1041/1041
f 1044/1044/1044 1040/1040/1040 1043/1043/1043
f 1041/1041/1041 1042/1042/1042 1045/1045/1045
f 1043/1043/1043 1041/1041/1041 1045/1045/1045
f 1042/1042/1042 1046/1046/1046 1045/1045/1045
f 1047/1047/1047 1044/1044/1044 1043/1043/1043
f 1047/1047/1047 1043/1043/1043 1045/1045/1045
f 1048/1048/1048 1044/1044/1044 1047/1047/1047
f 1045/1045/1045 1046/1046/1046 1049/1049/1049
f 1047/1047/1047 1045/1045/1045 1049/1049/1049
f 1046/1046/1046 1050/1050/1050 1049/1049/1049
f 1051/1051/1051 1047/1047/1047 1049/1049/1049
f 1051/1051/1051 1048/1048/1048 1047/1047/1047
f 1049/1049/1049 1050/1050/1050 1052/1052/1052
f 1051/1051/1051 1049/1049/1049 1052/1052/1052
f 1050/1050/1050 1053/1053/1053 1052/1052/1052
f 1050/1050/1050 1054/1054/1054 1053/1053/1053
f 1054/1054/1054 1055/1055/1055 1053/1053/1053
f 1053/1053/1053 1055/1055/1055 1056/1056/1056
f 1055/1055/1055 1057/1057/1057 1056/1056/1056
f 1056/1056/1056 1057/1057/1057 1058/1058/1058
f 1052/1052/1052 1053/1053/1053 1059/1059/1059
f 1053/1053/1053 1056/1056/1056 1059/1059/1059
f 1060/1060/1060 1051/1051/1051 1052/1052/1052
f 1060/1060/1060 1052/1052/1052 1059/1059/1059
f 1059/1059/1059 1056/1056/1056 1061/1061/1061
f 1056/1056/1056 1058/1058/1058 1061/1061/1061
f 1059/1059/1059 1061/1061/1061 1060/1060/1060
f 1061/1061/1061 1058/1058/1058 1060/1060/1060
f 1058/1058/1058 1062/1062/1062 1060/1060/1060
f 1060/1060/1060 1062/1062/1062 1051/1051/1051
f 1062/1062/1062 1048/1048/1048 1051/1051/1051
f 1062/1062/1062 1063/1063/1063 1048/1048/1048
f 1063/1063/1063 1064/1064/1064 1048/1048/1048
f 1065/1065/1065 1063/1063/1063 1062/1062/1062
f 1068/1068/1068 1067/1067/1067 1066/1066/1066
f 1069/1069/1069 1068/1068/1068 1066/1066/1066
f 1069/1069/1069 1066/1066/1066 1070/1070/1070
f 1068/1068/1068 1069/1069/1069 1071/1071/1071
f 1072/1072/1072 1069/1069/1069 1070/1070/1070
f 1069/1069/1069 1073/1073/1073 1071/1071/1071
f 1069/1069/1069 1072/1072/1072 1073/1073/1073
f 1072/1072/1072 1074/1074/1074 1073/1073/1073
f 1075/1075/1075 1073/1073/1073 1074/1074/1074
f 1076/1076/1076 1075/1075/1075 1074/1074/1074
f 1075/1075/1075 1077/1077/1077 1073/1073/1073
f 1080/1080/1080 1079/1079/1079 1078/1078/1078
f 1081/1081/1081 1080/1080/1080 1078/1078/1078
f 1084/1084/1084 1083/1083/1083 1082/1082/1082
f 1085/1085/1085 1083/1083/1083 1084/1084/1084
f 1086/1086/1086 1085/1085/1085 1084/1084/1084
f 1089/1089/1089 1088/1088/1088 1087/1087/1087
f 1090/1090/1090 1088/1088/1088 1089/1089/1089
f 1091/1091/1091 1090/1090/1090 1089/1089/1089
f 1092/1092/1092 1090/1090/1090 1091/1091/1091
f 1093/1093/1093 1092/1092/1092 1091/1091/1091
f 1095/1095/1095 1094/1094/1094 1093/1093/1093
f 1096/1096/1096 1094/1094/1094 1095/1095/1095
f 1097/1097/1097 1096/1096/1096 1095/1095/1095
f 1096/1096/1096 1098/1098/1098 1094/1094/1094
f 1098/1098/1098 1099/1099/1099 1094/1094/1094
f 1100/1100/1100 1098/1098/1098 1096/1096/1096
f 1101/1101/1101 1100/1100/1100 1096/1096/1096
f 1104/1104/1104 1103/1103/1103 1102/1102/1102
f 1103/1103/1103 1105/1105/1105 1102/1102/1102
f 1103/1103/1103 1106/1106/1106 1105/1105/1105
f 1109/1109/1109 1108/1108/1108 1107/1107/1107
f 1110/1110/1110 1108/1108/1108 1109/1109/1109
f 1113/1113/1113 1112/1112/1112 1111/1111/1111
f 1113/1113/1113 1111/1111/1111 1114/1114/1114
f 1115/1115/1115 1113/1113/1113 1114/1114/1114
