g Computer  chair
v -0.0102696726 0.00608281977 -0.00835161749
v -0.0102821887 0.00714553939 -0.00800872315
v -0.0106931776 -0.00886321161 -0.00956349075
v -0.0116975615 0.01529718 -0.00769010186
v -0.0114878006 0.00769907096 -0.0079687126
v -0.011432806 0.00632819533 -0.00844961312
v -0.0116975615 0.01529718 -0.00769010186
v -0.0116387289 0.00916527025 -0.00769010233
v -0.0114878006 0.00769907096 -0.0079687126
v -0.00996693689 0.0096867634 0.00732441712
v -0.0102094505 0.00843651965 0.00741137331
v -0.0101060057 0.0131030045 0.00728363357
v -0.0102821896 0.00714553939 0.00760225533
v -0.010451016 0.0140657593 0.00728363311
v -0.0106931776 -0.00886321068 0.00915702339
v -0.0102094505 0.00843651965 0.00741137331
v -0.010451016 0.0140657593 0.00728363311
v -0.0101060057 0.0131030045 0.00728363357
v 0.00461646356 -0.00347618642 -0.0115126548
v 0.00452739047 -0.00346855749 -0.0116420733
v 0.00445692847 -0.00429403875 -0.0116426237
v -0.00521321921 -0.00247163326 -0.00934793428
v -0.00512315333 -0.00247934693 -0.00921707507
v -0.00521470932 -0.00263417512 -0.00919256825
v 0.00426250044 -0.00316411885 -0.00928112864
v 0.00455356156 -0.00330812926 -0.00934793428
v 0.00446349429 -0.00330041512 -0.00921707321
v -0.00533623854 -0.00359950634 -0.0093223732
v -0.00528564397 -0.00345961587 -0.00919201504
v -0.00525037339 -0.00360686076 -0.00919761602
v -0.0103326673 0.0101213213 -0.00840622187
v -0.0102871535 0.0110735362 -0.00840622187
v -0.0103232525 0.0118944095 -0.00840622187
v -0.0103232525 0.0118944095 -0.00840622187
v -0.0105204964 0.012763462 -0.00840622187
v -0.0103326673 0.0101213213 -0.00840622187
v -0.0108044427 0.0134346951 -0.00840622187
v -0.0105398772 0.00943301432 -0.00840622187
v -0.0107698459 0.00899731647 -0.00840622187
v -0.0110032577 0.00885090604 -0.00840622187
v -0.0110967113 0.0138022285 -0.00840622187
v -0.0112208528 0.00900481548 -0.00840622187
v -0.0113763949 0.0140087958 -0.00840622187
v -0.0113930078 0.00949032791 -0.00840622187
v -0.0116214491 0.0140490299 -0.00840622187
v -0.0115033267 0.0102504538 -0.00840622187
v -0.0116151404 0.0110721607 -0.00840622187
v -0.0117558306 0.0117730722 -0.00840622187
v -0.0118202139 0.0139303431 -0.00840622187
v -0.0118553378 0.0125360321 -0.00840622187
v -0.0119456453 0.0136615094 -0.00840622187
v -0.0119628096 0.0132444594 -0.00840622187
v -0.0105204964 0.012763462 -0.00840622187
v -0.0105398772 0.00943301432 -0.00840622187
v -0.0103326673 0.0101213213 -0.00840622187
v -0.00499345688 -0.00237137219 0.00917339232
v -0.00521321921 -0.00247163232 0.00910718646
v -0.00512315426 -0.002479346 0.00897632726
v -0.0049019116 -0.00237921299 0.00904038083
v -0.00486666616 -0.00250131357 0.00886538904
v -0.00464121019 -0.00240154122 0.00892761908
v -0.00521321921 -0.00247163232 0.00910718646
v -0.00521470932 -0.00263417419 0.00895182043
v -0.00512315426 -0.002479346 0.00897632726
v 0.0043971329 -0.00443314016 0.00895686541
v 0.00448299712 -0.00444049435 0.00908162538
v 0.00454576313 -0.00430164579 0.00908034202
v 0.00452739047 -0.00346855656 0.00895181857
v 0.00461646123 -0.00347618503 0.00908123422
v 0.00446349429 -0.00330041442 0.00897632539
v 0.00455356156 -0.00330812833 0.00910718646
v 0.00448299712 -0.00444049435 0.00908162538
v 0.00448299712 -0.00444049435 0.0112715205
v 0.00454576313 -0.00430164579 0.0112728011
v -0.0103232525 0.0118944105 0.00816547219
v -0.0102871535 0.0110735381 0.00816547219
v -0.0103326673 0.0101213222 0.00816547219
v -0.0103326673 0.0101213222 0.00816547219
v -0.0105204964 0.012763463 0.00816547219
v -0.0103232525 0.0118944105 0.00816547219
v -0.0105398772 0.00943301432 0.00816547219
v -0.0108044427 0.013434696 0.00816547219
v -0.0107698459 0.00899731647 0.00816547219
v -0.0110032577 0.00885090698 0.00816547219
v -0.0110967113 0.0138022285 0.00816547219
v -0.0112208528 0.00900481548 0.00816547219
v -0.0113763949 0.0140087968 0.00816547219
v -0.0113930078 0.00949032884 0.00816547219
v -0.0116214491 0.0140490318 0.00816547219
v -0.0115033267 0.0102504548 0.00816547219
v -0.0116151404 0.0110721625 0.00816547219
v -0.0117558306 0.0117730731 0.00816547219
v -0.0118202139 0.0139303431 0.00816547219
v -0.0118553378 0.0125360331 0.00816547219
v -0.0119456453 0.0136615094 0.00816547219
v -0.0119628096 0.0132444603 0.00816547219
v -0.0103326673 0.0101213222 0.00816547219
v -0.0105398772 0.00943301432 0.00816547219
v -0.0105204964 0.012763463 0.00816547219
v -0.0121585084 0.0140055455 0.0081936717
v -0.0120163485 0.0144491661 0.00734189991
v -0.011976826 0.0143464524 0.0081936717
v -0.010744147 -0.010073998 -0.007580237
v -0.0105632283 -0.0100894924 -0.00849310681
v -0.0101141641 -0.0098340679 -0.00804626755
v 0.00829462614 -0.0114107262 0.00780551974
v 0.00887463149 -0.0117542874 0.00733948918
v 0.00869371463 -0.0117387921 0.008252359
v -0.0102750249 -0.0095494194 -0.0020842813
v -0.0107170697 -0.00975785125 -0.000120373959
v -0.0107205631 -0.0097986199 -0.00208460586
v 0.00248371647 -0.0281038992 0.0112733422
v 0.0026969749 -0.028116798 0.0111679416
v 0.00274779368 -0.0287571251 0.0114015779
v 0.00236595562 -0.0287821926 0.011536642
v 0.0022597604 -0.0281785317 0.0113460645
v 0.00233099284 -0.0276748985 0.0108543951
v 0.00211232132 -0.0277674329 0.0109421927
v 0.00205969508 -0.029006945 0.0107752811
v 0.0020228785 -0.0288231559 0.0105852699
v 0.00199861219 -0.0288124885 0.0106033906
v 0.00962363277 -0.0301477015 0.000242289694
v 0.00975174457 -0.0305486582 0.00010714063
v 0.0095941117 -0.0303392764 0.000107140928
v 0.0101294471 -0.0294471141 0.000280023
v 0.0101855677 -0.0300186072 3.37989259E-05
v 0.0101407999 -0.0300343931 0.000181223557
v 0.0101710241 -0.0293997563 8.43030939E-05
v 0.0101852752 -0.0300121903 -0.000120372089
v 0.0101665137 -0.0293925181 -0.000120372417
v 0.0101855677 -0.0300186072 -0.000274543097
v 0.0101710269 -0.0293997563 -0.000325047615
v 0.0101407999 -0.0300343931 -0.000421969249
v 0.0101294471 -0.0294471141 -0.000520767586
v 0.00994248409 -0.0288365353 -0.000585907663
v 0.0095941145 -0.0303392764 -0.000347885099
v 0.00960252341 -0.0303348918 -0.000120372395
v 0.0095941117 -0.0303392764 0.000107140928
v 0.00790481642 -0.030835025 0.00022796249
v 0.00765146548 -0.0306213163 5.7058649E-05
v 0.00770010985 -0.0305919666 0.000227962781
v 0.00896492042 -0.0291315857 -0.000468687416
v 0.00923471712 -0.0292994902 -0.000468687707
v 0.00927191321 -0.0292565431 -0.000297784514
v 0.00790481828 -0.030835025 -0.000468687416
v 0.00765146548 -0.0306213163 -0.000297784805
v 0.00786762498 -0.0308779702 -0.000297784805
v -0.00998046529 -0.0265703462 0.00869131088
v -0.0101637905 -0.02671602 0.00886984635
v -0.0103234136 -0.0265910849 0.00871818792
v -0.00975412782 -0.0264308956 0.0084701227
v -0.0101403613 -0.0264471602 0.00853977352
v -0.00991427619 -0.0263091009 0.00831870735
v -0.0095192166 -0.0263186973 0.00823994819
v -0.00967957173 -0.0261979382 0.00808864273
v -0.00931147672 -0.0262507033 0.00803582463
v -0.00947198458 -0.0261305999 0.00788460393
v -0.00330231129 -0.0249002483 0.00211870624
v -0.00348334014 -0.024779316 0.00198837765
v -0.0113366004 -0.0282300506 0.00876432564
v -0.0113619063 -0.0281927492 0.0088833617
v -0.0111290598 -0.0288115777 0.0087453993
v -0.0113366004 -0.0282300506 0.00876432564
v -0.0111290598 -0.0288115777 0.0087453993
v -0.0111196758 -0.0287610814 0.00868425518
v -0.0110737272 -0.0283750333 0.00847378187
v -0.0111196758 -0.0287610814 0.00868425518
v -0.0109833786 -0.0285768732 0.00855705701
v -0.0111132953 -0.0281398799 0.008363734
v -0.0113412756 -0.027718043 0.00864247605
v -0.0113619063 -0.0281927492 0.0088833617
v -0.0113416212 -0.0276081786 0.00877087191
v -0.0111023905 -0.027980525 0.0082525555
v -0.0111752171 -0.0270278659 0.00855281111
v -0.0112133883 -0.027240824 0.00843656901
v -0.0110006137 -0.0278158057 0.00816002954
v -0.0108383577 -0.0266582463 0.00823069643
v -0.0109271957 -0.0269222632 0.00816331059
v -0.0108152386 -0.027608525 0.00798132923
v -0.0106568048 -0.0265124198 0.00805048086
v -0.0107454034 -0.0267709363 0.00798333716
v -0.0105912425 -0.027423162 0.00775658293
v -0.0104355263 -0.0263725352 0.00782450009
v -0.0105239274 -0.02662641 0.00775756035
v -0.0103627294 -0.0272879452 0.00752000837
v -0.0102081867 -0.0262596887 0.00758715207
v -0.0102964044 -0.0265099835 0.00752033619
v -0.0101644872 -0.0272234548 0.00730761932
v -0.0100093801 -0.0261909291 0.00737456325
v -0.0100974226 -0.0264389645 0.00730775855
v -0.00449656183 -0.0264065787 0.00109616457
v -0.00430156756 -0.0248146597 0.00117191405
v -0.00438143173 -0.0250623394 0.00109616446
v -0.00951300375 -0.02934324 -0.00798695069
v -0.00943478942 -0.0291579291 -0.00767292781
v -0.00933983736 -0.0291325469 -0.00782384351
v -0.00969142281 -0.029135948 -0.0074288575
v -0.00961764343 -0.029380409 -0.00784515869
v -0.00987427682 -0.0293584298 -0.00760108791
v -0.0100168418 -0.0293000862 -0.00750777638
v -0.00984367449 -0.0290893931 -0.00734467013
v -0.010223194 -0.0294272099 -0.00771330297
v 0.00150485453 -0.0299649108 -0.00971910916
v 0.0015676301 -0.0301595125 -0.00989022385
v 0.00159837655 -0.0301535595 -0.00988313649
v 0.00216714083 -0.0290161483 -0.010970586
v 0.00212844904 -0.0288321972 -0.0107811047
v 0.00219044741 -0.0290243812 -0.0109500941
v 0.00157379569 -0.0301007815 -0.00948559586
v 0.00189467601 -0.0301282629 -0.00933661964
v 0.00197368092 -0.0303731728 -0.00955196936
v 0.00151614484 -0.0302878544 -0.00980300456
v 0.00144132669 -0.0300559197 -0.00959906448
v 0.00165280036 -0.0303456895 -0.00970094558
v 0.00162227452 -0.0304417387 -0.0100599835
v 0.00176486548 -0.0305081811 -0.00997229945
v 0.00174932298 -0.0305025168 -0.010344848
v 0.00189902121 -0.0305723585 -0.0102730971
v -0.0128475139 0.0148899257 0.00686089369
v -0.0125669623 0.0156460404 -0.0072673629
v -0.0125669623 0.0156460442 0.00686089369
v -0.0128475139 0.0148899257 -0.0072673629
v -0.0128494669 0.0138567872 0.00686089369
v -0.0128494669 0.0138567863 -0.0072673629
v -0.0126860877 0.0128367934 0.00686089369
v -0.0126860877 0.0128367925 -0.0072673629
v -0.0120576331 0.00910552405 0.00686089369
v -0.0120576331 0.00910552219 -0.0072673629
v -0.0119265486 0.00764405727 0.00714475475
v -0.0119265467 0.00764405727 -0.00755122351
v -0.0119001456 0.00628105877 0.00760365603
v -0.0119001456 0.00628105737 -0.00801012479
v -0.0120347962 0.00372513756 0.00797007233
v -0.0120347952 0.00372513663 -0.00837654062
v -0.0121540381 0.00209523505 0.00821194332
v -0.0121540362 0.00209523458 -0.00861841161
v -0.0123428674 -0.00149434351 0.00857457891
v -0.0123428674 -0.00149434351 -0.00898104627
v -0.0123012364 -0.00432092277 0.00871502701
v -0.0123012345 -0.0043209237 -0.00912149437
v -0.0120318765 -0.00662299618 0.00870120246
v -0.0120318765 -0.00662299618 -0.00910766982
v -0.011685309 -0.00813915581 0.00865497254
v -0.011685309 -0.00813915581 -0.00906143989
v -0.0110549666 -0.00930562988 0.00862850435
v -0.0110549647 -0.00930563174 -0.00903497264
v -0.0114676291 0.0156692956 0.00686089369
v -0.0105701871 0.0150228357 -0.0072673629
v -0.010570189 0.0150228366 0.00686089369
v -0.0114676282 0.0156692956 -0.0072673629
v -0.012056483 0.0158473477 0.00686089369
v -0.012056482 0.0158473477 -0.00726736244
v -0.00874028727 -0.00932018366 0.00862850435
v -0.00874028634 -0.00932018366 -0.00903497264
v -0.00989418663 -0.00965849031 -0.00903497264
v -0.00989418756 -0.00965848938 0.00862850435
v -0.00989418756 -0.00965848938 0.00862850435
v -0.00989418663 -0.00965849031 -0.00903497264
v -0.0110549647 -0.00930563174 -0.00903497264
v -0.0110549666 -0.00930562988 0.00862850435
v -0.010570189 0.0150228366 0.00686089369
v -0.0105701871 0.0150228357 -0.0072673629
v -0.0100701218 0.0142521728 -0.0072673629
v -0.0100701237 0.0142521737 0.00686089369
v -0.00969405193 0.0132107548 -0.0072673629
v -0.00969405193 0.0132107548 0.00686089369
v -0.00954581145 0.012124314 -0.0072673629
v -0.00954581331 0.012124314 0.00686089369
v -0.00946992822 0.0109897805 -0.0072673629
v -0.00946992822 0.0109897815 0.00686089369
v -0.00954131316 0.00966006331 -0.0073083262
v -0.00954131316 0.00966006331 0.00690185837
v -0.00978176109 0.00837216433 -0.00739558367
v -0.00978176109 0.00837216433 0.00698911585
v -0.00984025747 0.00710785855 -0.00757346023
v -0.0098402584 0.00710785855 0.00716699148
v -0.00981147587 0.00613670936 -0.00788276736
v -0.00981147587 0.00613671029 0.0074762986
v -0.00956018735 0.0051444429 -0.00814746972
v -0.00956018735 0.00514444476 0.0077410005
v -0.00924916286 0.00388503307 -0.00832721312
v -0.00924916286 0.00388503307 0.00792074483
v -0.0088236779 0.00226008683 -0.00851931889
v -0.0088236779 0.00226008683 0.00811284967
v -0.00847560167 0.00116600096 -0.00871587638
v -0.0084756026 0.00116600143 0.00830940809
v -0.00800427049 -0.000770834566 -0.00893368199
v -0.00800427143 -0.000770834566 0.00852721371
v -0.00754068466 -0.00262389262 -0.00908218045
v -0.00754068606 -0.00262389262 0.00867571216
v -0.00741614494 -0.00486255903 -0.00914847199
v -0.00741614634 -0.00486255903 0.0087420037
v -0.00759069109 -0.00631438103 -0.00912453141
v -0.00759069249 -0.00631438103 0.00871806312
v -0.0080129914 -0.00779672386 -0.00907145441
v -0.00801299233 -0.00779672386 0.00866498612
v -0.0086689759 -0.00917081069 -0.00903854985
v -0.00866897684 -0.00917081069 0.00863208156
v -0.0116498992 0.00207893341 -0.00910741743
v -0.0118156038 -0.00149901363 -0.00949233025
v -0.0117655993 -0.00427630823 -0.00963639282
v -0.0115452306 0.00373549573 -0.0088478066
v -0.011503987 -0.00652244454 -0.00962120481
v -0.011432806 0.00632819533 -0.00844961312
v -0.011183545 -0.00794503186 -0.00957765523
v -0.0109098973 0.0147668077 -0.00769010233
v -0.0116975615 0.01529718 -0.00769010186
v -0.0106931776 -0.00886321161 -0.00956349075
v -0.010451016 0.0140657574 -0.00769010233
v -0.0102821887 0.00714553939 -0.00800872315
v -0.0102094505 0.00843651872 -0.00781784113
v -0.0101060057 0.0131030018 -0.00769010186
v -0.00996693689 0.0096867606 -0.00773088634
v -0.00996663701 0.0120815812 -0.00769010233
v -0.00989267975 0.0109758414 -0.00769010233
v -0.01002069 0.00501292711 -0.00864253659
v -0.0102696726 0.00608281977 -0.00835161749
v -0.00989145227 -0.00910692476 -0.00956349075
v -0.00971264113 0.00371716334 -0.00883361232
v -0.0092926817 0.00206217915 -0.00903463643
v -0.00911480933 -0.00887922477 -0.00956349075
v -0.0090556955 -0.00875346176 -0.00956585351
v -0.00895933248 0.000979705597 -0.00923888572
v -0.00851191394 -0.00759655796 -0.00958758872
v -0.00850732904 -0.000933853386 -0.00945991091
v -0.00811852701 -0.00619062549 -0.00963837747
v -0.00807023887 -0.00272049638 -0.00960461143
v -0.00795785431 -0.00483675068 -0.00966384821
v -0.0122696711 0.012909851 -0.00769010233
v -0.0116387289 0.00916527025 -0.00769010233
v -0.0120381396 0.0154001582 -0.00769010279
v -0.0122362869 0.0153220212 -0.00769010186
v -0.0124249198 0.0148136383 -0.00769010233
v -0.0124266641 0.0138900317 -0.00769010233
v -0.00996663794 0.0120815821 0.00728363264
v -0.00989268068 0.0109758424 0.00728363311
v -0.00996693689 0.0096867634 0.00732441712
v -0.0101060057 0.0131030045 0.00728363357
v -0.00807023887 -0.00272049499 0.00919814222
v -0.00795785431 -0.00483675068 0.00925737992
v -0.00811852701 -0.00619062549 0.00923190825
v -0.00850732997 -0.000933852745 0.00905344263
v -0.00851191487 -0.00759655796 0.00918112043
v -0.00895933248 0.000979705248 0.00883241743
v -0.00905569736 -0.00875346083 0.00915938616
v -0.00929268263 0.00206217961 0.00862816814
v -0.00911481027 -0.00887922384 0.00915702339
v -0.00989145227 -0.00910692289 0.00915702339
v -0.00971264206 0.00371716428 0.0084271431
v -0.01002069 0.00501292804 0.00823606737
v -0.0106931776 -0.00886321068 0.00915702339
v -0.0109098982 0.0147668077 0.00728363311
v -0.010451016 0.0140657593 0.00728363311
v -0.011183545 -0.00794503093 0.00917118788
v -0.011432807 0.00632819626 0.00804314483
v -0.0115039879 -0.00652244454 0.00921473745
v -0.0116975615 0.015297181 0.00728363357
v -0.0115452325 0.00373549666 0.00844133832
v -0.0117655993 -0.00427630823 0.00922992546
v -0.0116498992 0.00207893457 0.00870094914
v -0.0118156048 -0.00149900431 0.00908586103
v -0.0116387289 0.00916527119 0.00728363264
v -0.0122696729 0.012909852 0.00728363264
v -0.0120381396 0.0154001592 0.00728363218
v -0.0122362869 0.0153220221 0.00728363357
v -0.0124249198 0.0148136402 0.00728363264
v -0.0124266641 0.0138900327 0.00728363264
v -0.0106931776 -0.00886321068 0.00915702339
v -0.0102696726 0.00608281977 0.00794514921
v -0.01002069 0.00501292804 0.00823606737
v -0.0102821896 0.00714553939 0.00760225533
v -0.011432807 0.00632819626 0.00804314483
v -0.0114878016 0.00769907236 0.00756224385
v -0.0116975615 0.015297181 0.00728363357
v -0.0116387289 0.00916527119 0.00728363264
v -0.0125669623 0.0156460442 0.00686089369
v -0.0125669623 0.0156460404 -0.0072673629
v -0.012056482 0.0158473477 -0.00726736244
v -0.012056483 0.0158473477 0.00686089369
v -0.00521321921 -0.00247163326 -0.00934793428
v -0.00530378148 -0.00262654666 -0.0115126567
v -0.00521321828 -0.00247163326 -0.0114867054
v -0.00530378148 -0.00262654619 -0.00932198483
v -0.00537447957 -0.00345200719 -0.00932109077
v -0.00537447957 -0.00345200743 -0.0115135508
v -0.00533623854 -0.0035995068 -0.0115122683
v -0.00533623854 -0.00359950634 -0.0093223732
v 0.00315140304 -0.00306895631 -0.00906656403
v 0.00337035232 -0.00320679089 -0.0090059787
v -0.00403001253 -0.00257297116 -0.0090059787
v -0.00413363753 -0.00272676582 -0.00898380112
v -0.00448280619 -0.00253419066 -0.00903200824
v -0.00458143279 -0.00268841349 -0.00900954381
v -0.00486666616 -0.00250131451 -0.00910613686
v -0.00496105477 -0.00265589985 -0.00908285286
v -0.00512315333 -0.00247934693 -0.00921707507
v -0.00521470932 -0.00263417512 -0.00919256825
v -0.00503265765 -0.00348128309 -0.00908259209
v -0.00528564397 -0.00345961587 -0.00919201504
v -0.00525037339 -0.00360686076 -0.00919761602
v -0.00465403823 -0.00351371081 -0.00900947768
v -0.00500866584 -0.0036275622 -0.00909306947
v -0.00512532657 -0.00373983872 -0.00921375211
v -0.00491550472 -0.00375780906 -0.00912299752
v -0.00464692758 -0.00365854404 -0.00902321283
v -0.00460148603 -0.00378470379 -0.00906235818
v -0.00420742668 -0.00355196209 -0.00898380112
v -0.00421525165 -0.00369551615 -0.00899839774
v -0.00421193661 -0.00381806819 -0.0090399636
v 0.00337871118 -0.00420169253 -0.00898380112
v 0.00336201 -0.00434448617 -0.00899839774
v 0.00344631728 -0.0033759668 -0.00898380112
v 0.00382532179 -0.00423994334 -0.00900947768
v 0.00389411254 -0.00341431913 -0.00900954381
v 0.00382314739 -0.0032455714 -0.00903200824
v 0.00427373452 -0.00344683253 -0.00908285286
v 0.00420700852 -0.00327844801 -0.009106135
v 0.00361163658 -0.00310837408 -0.00909302197
v 0.00400180137 -0.00314179063 -0.0091683669
v 0.00420394214 -0.00427237106 -0.00908259209
v 0.00379368593 -0.00438145781 -0.00902321283
v 0.00415542675 -0.00441243965 -0.00909306761
v 0.0037274533 -0.00449805334 -0.00906235632
v 0.00404147431 -0.00452494808 -0.00912299752
v 0.00333790365 -0.00446468964 -0.0090399636
v -0.0041979868 -0.00390095916 -0.00910217222
v -0.00452463562 -0.00387298246 -0.00912094954
v 0.00331006106 -0.00454400154 -0.00910217222
v 0.00455356156 -0.00330812926 -0.0114867026
v 0.00461646123 -0.00347618596 -0.00932198204
v 0.00455356156 -0.00330812926 -0.00934793428
v 0.00461646356 -0.00347618642 -0.0115126548
v 0.00454576546 -0.00430164719 -0.0115135489
v 0.00454576546 -0.00430164719 -0.00932109077
v 0.00448299944 -0.00444049574 -0.0093223732
v 0.00448299944 -0.00444049574 -0.0115122683
v -0.00425104331 -0.0024349587 -0.0117416177
v -0.00464121019 -0.00240154238 -0.0116662728
v -0.00486666476 -0.00250131451 -0.0117285047
v -0.00448280619 -0.00253419089 -0.0118026333
v -0.0037908107 -0.00247437647 -0.0117680747
v 0.00337035232 -0.00320679089 -0.0118286619
v 0.00315140304 -0.00306895678 -0.0117680747
v 0.00361163658 -0.00310837408 -0.0117416177
v -0.00464121019 -0.00240154238 -0.0116662728
v -0.00512315193 -0.00247934717 -0.0116175665
v -0.00486666476 -0.00250131451 -0.0117285047
v -0.0049019102 -0.00237921393 -0.0115535101
v -0.00521321828 -0.00247163326 -0.0114867054
v -0.00434818445 -0.00238305144 -0.0115826568
v -0.00395475095 -0.00241674809 -0.0116586313
v -0.00425104331 -0.0024349587 -0.0117416177
v -0.0034906643 -0.00245649577 -0.0116853127
v -0.0037908107 -0.00247437647 -0.0117680747
v 0.00315140304 -0.00306895678 -0.0117680747
v 0.00285866787 -0.00300029712 -0.0116853099
v 0.00332275452 -0.0030400448 -0.0116586313
v 0.00361163658 -0.00310837408 -0.0117416177
v 0.00371618802 -0.00307374145 -0.0115826568
v 0.00400180137 -0.00314179086 -0.0116662728
v -0.00461106701 -0.00236053648 -0.0114689525
v 0.00397907291 -0.00309625641 -0.0114689507
v 0.00426250044 -0.00316411909 -0.0115535101
v -0.00499345688 -0.00237137335 -0.0114205014
v -0.00470338017 -0.00235263025 -0.0113348253
v 0.0040713842 -0.0031041631 -0.0113348253
v -0.00499345688 -0.00237137312 -0.00941414014
v -0.00521321921 -0.00247163326 -0.00934793428
v -0.00512315333 -0.00247934693 -0.00921707507
v -0.00470338156 -0.00235262979 -0.00949981343
v -0.0049019102 -0.00237921393 -0.00928112864
v -0.00486666616 -0.00250131451 -0.00910613686
v -0.00464121019 -0.00240154192 -0.0091683669
v -0.00461106934 -0.00236053602 -0.00936568901
v 0.00435404805 -0.00317195966 -0.0114204986
v 0.00446349429 -0.00330041558 -0.0116175665
v 0.00455356156 -0.00330812926 -0.0114867026
v 0.00455356156 -0.00330812926 -0.00934793428
v 0.00435404805 -0.00317195966 -0.00941414014
v 0.00426250044 -0.00316411885 -0.00928112864
v 0.0040713842 -0.00310416264 -0.00949981343
v 0.00397907291 -0.00309625641 -0.00936568901
v -0.00434818445 -0.00238305144 -0.00925198197
v -0.00425104331 -0.0024349587 -0.00909302197
v 0.00371618802 -0.00307374145 -0.00925198197
v 0.00400180137 -0.00314179063 -0.0091683669
v -0.00395475095 -0.00241674786 -0.00917600747
v -0.00379081187 -0.00247437623 -0.00906656403
v 0.00332275452 -0.0030400448 -0.00917600747
v 0.00361163658 -0.00310837408 -0.00909302197
v -0.0034906643 -0.00245649531 -0.00914932881
v 0.00285866787 -0.00300029712 -0.00914932881
v 0.00315140304 -0.00306895631 -0.00906656403
v -0.00486666476 -0.00250131451 -0.0117285047
v -0.00512315193 -0.00247934717 -0.0116175665
v -0.00521470932 -0.00263417512 -0.0116420733
v -0.00496105477 -0.00265590008 -0.0117517887
v -0.00448280619 -0.00253419089 -0.0118026333
v -0.00528564397 -0.00345961587 -0.0116426265
v -0.00458143279 -0.00268841349 -0.0118250949
v -0.00503265765 -0.00348128332 -0.0117520485
v -0.00403001253 -0.00257297163 -0.0118286619
v -0.0037908107 -0.00247437647 -0.0117680747
v 0.00337035232 -0.00320679089 -0.0118286619
v -0.00500866584 -0.0036275622 -0.0117415721
v -0.00525037339 -0.00360686076 -0.0116370255
v -0.00413363753 -0.00272676582 -0.0118508395
v 0.00344631728 -0.0033759668 -0.0118508376
v -0.00465403823 -0.00351371104 -0.0118251638
v -0.00464692758 -0.00365854474 -0.0118114268
v -0.00420742668 -0.00355196209 -0.0118508395
v 0.00382314739 -0.0032455714 -0.0118026314
v 0.00361163658 -0.00310837408 -0.0117416177
v 0.00400180137 -0.00314179086 -0.0116662728
v 0.00420700852 -0.00327844801 -0.0117285047
v 0.00389411254 -0.00341431913 -0.0118250949
v -0.00460148603 -0.00378470379 -0.0117722806
v -0.00491550379 -0.00375780906 -0.0117116412
v -0.00421525072 -0.00369551615 -0.011836241
v 0.00337871118 -0.00420169253 -0.0118508376
v 0.00427373452 -0.00344683253 -0.0117517887
v 0.00446349429 -0.00330041558 -0.0116175665
v 0.00452739047 -0.00346855749 -0.0116420733
v -0.00421193661 -0.00381806819 -0.0117946779
v 0.00336201 -0.00434448617 -0.011836241
v 0.00382532179 -0.00423994334 -0.0118251638
v 0.00420394214 -0.00427237106 -0.0117520485
v 0.00445692847 -0.00429403875 -0.0116426237
v 0.0043971329 -0.00443314156 -0.0116370237
v 0.00415542675 -0.00441243965 -0.0117415702
v 0.00425129477 -0.00454291888 -0.0116208876
v 0.00404147431 -0.00452494808 -0.0117116412
v 0.00379368593 -0.00438145781 -0.0118114268
v 0.0037274533 -0.00449805334 -0.0117722806
v 0.00333790365 -0.00446468964 -0.0117946751
v 0.00331006339 -0.00454400154 -0.0117324693
v 0.00363671104 -0.004571978 -0.011713692
v -0.0041979868 -0.00390095916 -0.0117324693
v -0.00452463562 -0.00387298316 -0.011713692
v -0.00512315193 -0.00247934717 -0.0116175665
v -0.00521321828 -0.00247163326 -0.0114867054
v -0.00530378148 -0.00262654666 -0.0115126567
v -0.00521470932 -0.00263417512 -0.0116420733
v -0.00537447957 -0.00345200743 -0.0115135508
v -0.00528564397 -0.00345961587 -0.0116426265
v -0.00525037339 -0.00360686076 -0.0116370255
v -0.00533623854 -0.0035995068 -0.0115122683
v 0.00420700852 -0.00327844801 -0.0117285047
v 0.00446349429 -0.00330041558 -0.0116175665
v 0.00426250044 -0.00316411909 -0.0115535101
v 0.00400180137 -0.00314179086 -0.0116662728
v 0.00452739047 -0.00346855749 -0.0116420733
v 0.00455356156 -0.00330812926 -0.0114867026
v 0.00446349429 -0.00330041558 -0.0116175665
v 0.00461646356 -0.00347618642 -0.0115126548
v 0.00445692847 -0.00429403875 -0.0116426237
v 0.00454576546 -0.00430164719 -0.0115135489
v 0.00448299944 -0.00444049574 -0.0115122683
v 0.0043971329 -0.00443314156 -0.0116370237
v -0.00464121019 -0.00240154192 -0.0091683669
v -0.00448280619 -0.00253419066 -0.00903200824
v -0.00486666616 -0.00250131451 -0.00910613686
v -0.00425104331 -0.0024349587 -0.00909302197
v -0.00403001253 -0.00257297116 -0.0090059787
v -0.00379081187 -0.00247437623 -0.00906656403
v 0.00315140304 -0.00306895631 -0.00906656403
v 0.00361163658 -0.00310837408 -0.00909302197
v 0.00382314739 -0.0032455714 -0.00903200824
v 0.00337035232 -0.00320679089 -0.0090059787
v -0.00521321921 -0.00247163326 -0.00934793428
v -0.00521470932 -0.00263417512 -0.00919256825
v -0.00530378148 -0.00262654619 -0.00932198483
v -0.00528564397 -0.00345961587 -0.00919201504
v -0.00537447957 -0.00345200719 -0.00932109077
v -0.00533623854 -0.00359950634 -0.0093223732
v 0.00400180137 -0.00314179063 -0.0091683669
v 0.00426250044 -0.00316411885 -0.00928112864
v 0.00446349429 -0.00330041512 -0.00921707321
v 0.00420700852 -0.00327844801 -0.009106135
v 0.00420700852 -0.00327844801 -0.009106135
v 0.00446349429 -0.00330041512 -0.00921707321
v 0.00452739047 -0.00346855749 -0.00919256639
v 0.00427373452 -0.00344683253 -0.00908285286
v 0.00445692847 -0.00429403875 -0.00919201504
v 0.00420394214 -0.00427237106 -0.00908259209
v 0.00415542675 -0.00441243965 -0.00909306761
v 0.0043971329 -0.00443314156 -0.00919761322
v 0.00446349429 -0.00330041512 -0.00921707321
v 0.00455356156 -0.00330812926 -0.00934793428
v 0.00461646123 -0.00347618596 -0.00932198204
v 0.00452739047 -0.00346855749 -0.00919256639
v 0.00454576546 -0.00430164719 -0.00932109077
v 0.00445692847 -0.00429403875 -0.00919201504
v 0.0043971329 -0.00443314156 -0.00919761322
v 0.00448299944 -0.00444049574 -0.0093223732
v -0.00512532657 -0.00373983872 -0.0116208894
v -0.00525037339 -0.00360686076 -0.0116370255
v -0.00533623854 -0.0035995068 -0.0115122683
v -0.00520281261 -0.00373320235 -0.0115083056
v -0.00533623854 -0.00359950634 -0.0093223732
v -0.00476735644 -0.00385219418 -0.0116668185
v -0.00491550379 -0.00375780906 -0.0117116412
v -0.00512532657 -0.00373983872 -0.0116208894
v -0.00492953835 -0.00383830396 -0.0115966713
v -0.00520281261 -0.00373320235 -0.0115083056
v -0.00499451347 -0.00383273931 -0.0115022669
v -0.00520281261 -0.00373320235 -0.00932633597
v -0.00533623854 -0.00359950634 -0.0093223732
v -0.00525037339 -0.00360686076 -0.00919761602
v -0.00499451207 -0.00383273931 -0.00933237467
v -0.00512532657 -0.00373983872 -0.00921375211
v -0.00492953928 -0.00383830396 -0.00923797023
v -0.00491550472 -0.00375780906 -0.00912299752
v -0.00476735737 -0.00385219418 -0.00916782022
v -0.00491550379 -0.00375780906 -0.0117116412
v -0.00500866584 -0.0036275622 -0.0117415721
v -0.00525037339 -0.00360686076 -0.0116370255
v -0.00512532657 -0.00373983872 -0.0116208894
v -0.00452463562 -0.00387298316 -0.011713692
v -0.00460148603 -0.00378470379 -0.0117722806
v -0.00476735644 -0.00385219418 -0.0116668185
v 0.00404161494 -0.00460665673 -0.0115966685
v 0.00404147431 -0.00452494808 -0.0117116412
v 0.00387943326 -0.00459276652 -0.0116668185
v 0.00425129477 -0.00454291888 -0.0116208876
v 0.00410658866 -0.00461222185 -0.0115022641
v 0.00432878081 -0.00454955548 -0.0115083056
v 0.0043971329 -0.00443314156 -0.0116370237
v 0.00410658866 -0.00461222185 -0.00933237467
v 0.00448299944 -0.00444049574 -0.0115122683
v 0.00432878081 -0.00454955548 -0.00932633597
v 0.00404161494 -0.00460665673 -0.00923797023
v 0.00448299944 -0.00444049574 -0.0093223732
v 0.00425129477 -0.00454291888 -0.00921375211
v 0.0043971329 -0.00443314156 -0.00919761322
v 0.00387943326 -0.00459276652 -0.00916782022
v 0.00404147431 -0.00452494808 -0.00912299752
v 0.00387943326 -0.00459276652 -0.0116668185
v 0.00404147431 -0.00452494808 -0.0117116412
v 0.0037274533 -0.00449805334 -0.0117722806
v 0.00363671104 -0.004571978 -0.011713692
v 0.00333790365 -0.00446468964 -0.0117946751
v -0.00476735737 -0.00385219418 -0.00916782022
v -0.00491550472 -0.00375780906 -0.00912299752
v -0.00460148603 -0.00378470379 -0.00906235818
v -0.00452463562 -0.00387298246 -0.00912094954
v -0.00421193661 -0.00381806819 -0.0090399636
v 0.00331006106 -0.00454400154 -0.00910217222
v 0.00333790365 -0.00446468964 -0.0090399636
v 0.0037274533 -0.00449805334 -0.00906235632
v 0.00363671104 -0.004571978 -0.00912094954
v 0.00404147431 -0.00452494808 -0.00912299752
v 0.00387943326 -0.00459276652 -0.00916782022
v 0.00415542675 -0.00441243965 -0.00909306761
v 0.0043971329 -0.00443314156 -0.00919761322
v 0.00425129477 -0.00454291888 -0.00921375211
v 0.00353527116 -0.00459197816 -0.0116445692
v 0.00328272395 -0.00457034772 -0.0116590895
v -0.00417552656 -0.0039315708 -0.0116590895
v -0.00442807376 -0.00390994083 -0.0116445692
v 0.00369397458 -0.00460557081 -0.0116139231
v -0.00458677579 -0.00389634864 -0.0116139231
v 0.0038000159 -0.0046146526 -0.0115680583
v -0.00469281711 -0.00388726662 -0.0115680583
v 0.00385025074 -0.00461895484 -0.0114950687
v -0.00474305311 -0.00388296391 -0.0114950687
v 0.00385025074 -0.00461895484 -0.00933957007
v -0.00474305311 -0.00388296391 -0.00933957286
v -0.0046928185 -0.00388726662 -0.00926658325
v 0.0038000159 -0.0046146526 -0.00926658325
v 0.00369397458 -0.00460557081 -0.00922071654
v -0.00458677718 -0.00389634818 -0.00922071654
v 0.00353527116 -0.00459197769 -0.00919006951
v -0.00442807376 -0.00390994083 -0.00919006951
v 0.00328272395 -0.00457034772 -0.00917555019
v -0.00417552656 -0.0039315708 -0.00917555019
v -0.00888548139 -0.00656982651 -0.0103490232
v -0.00879779737 -0.00621538516 -0.0103490232
v -0.00882393215 -0.005851191 -0.0103490232
v -0.0089613311 -0.00551289925 -0.0103490232
v -0.00907840487 -0.00687982794 -0.0103490232
v -0.009196545 -0.00523362402 -0.0103490232
v -0.00935768243 -0.00711504091 -0.0103490232
v -0.00950654503 -0.00504069915 -0.0103490232
v -0.00969597138 -0.00725243799 -0.0103490232
v -0.00986098871 -0.00495301466 -0.0103490232
v -0.0100601669 -0.00727857323 -0.0103490232
v -0.0102251787 -0.0049791499 -0.0103490232
v -0.0104146097 -0.00719088875 -0.0103490232
v -0.0105634732 -0.00511655072 -0.0103490232
v -0.0107246106 -0.0069979676 -0.0103490232
v -0.0108427498 -0.00535176136 -0.0103490232
v -0.0109598227 -0.00671868911 -0.0103490232
v -0.0110356733 -0.00566176185 -0.0103490232
v -0.0110972235 -0.0063803969 -0.0103490232
v -0.0111233592 -0.00601620786 -0.0103490232
v -0.0113574574 -0.00552586559 -0.0103942845
v -0.0111067938 -0.0051230751 -0.0103942845
v -0.0111709042 -0.00506754965 -0.00926984288
v -0.0114355916 -0.00549286604 -0.00926984288
v -0.0114713879 -0.00598640088 -0.0103942845
v -0.011555898 -0.00597916218 -0.00926984288
v -0.0114374282 -0.0064595961 -0.0103942845
v -0.0115200374 -0.00647882698 -0.00926984288
v -0.0112589095 -0.0068991431 -0.0103942845
v -0.0113315294 -0.00694295857 -0.00926984288
v -0.0109532923 -0.0072620092 -0.0103942845
v -0.0110088205 -0.00732612237 -0.00926984288
v -0.00866224896 -0.0053324434 -0.0103942845
v -0.0084837256 -0.00577199226 -0.0103942845
v -0.00840111915 -0.00575275999 -0.00926984288
v -0.00858962908 -0.0052886284 -0.00926984288
v -0.00896786246 -0.0049695787 -0.0103942845
v -0.00891233329 -0.00490546646 -0.00926984381
v -0.00881436374 -0.00710851187 -0.0103942845
v -0.0091334125 -0.00748674478 -0.00926984288
v -0.00875025149 -0.00716403686 -0.00926984288
v -0.0091772303 -0.00741412397 -0.0103942845
v -0.00959754456 -0.00767525285 -0.00926984288
v -0.00961677451 -0.00759264315 -0.0103942845
v -0.0100972122 -0.0077111111 -0.00926984288
v -0.0100899739 -0.00762660475 -0.0103942845
v -0.010583505 -0.00759080891 -0.00926984288
v -0.0105505083 -0.00751267187 -0.0103942845
v -0.0093706483 -0.00471891556 -0.0103942845
v -0.00896786246 -0.0049695787 -0.0103942845
v -0.00891233329 -0.00490546646 -0.00926984381
v -0.00933765061 -0.00464077899 -0.00926984381
v -0.00983118173 -0.0046049864 -0.0103942845
v -0.00982394535 -0.0045204754 -0.00926984381
v -0.00856369641 -0.00670572277 -0.0103942845
v -0.00881436374 -0.00710851187 -0.0103942845
v -0.00875025149 -0.00716403686 -0.00926984288
v -0.00848556403 -0.00673872093 -0.00926984288
v -0.00844976772 -0.00624519354 -0.0103942845
v -0.00836526044 -0.00625243038 -0.00926984288
v -0.0084837256 -0.00577199226 -0.0103942845
v -0.00840111915 -0.00575275999 -0.00926984288
v -0.0103043821 -0.00463894382 -0.0103942845
v -0.00983118173 -0.0046049864 -0.0103942845
v -0.00982394535 -0.0045204754 -0.00926984381
v -0.0103236102 -0.00455633504 -0.00926984381
v -0.0107439253 -0.00481746392 -0.0103942845
v -0.0107877422 -0.00474484358 -0.00926984381
v -0.0111067938 -0.0051230751 -0.0103942845
v -0.0111709042 -0.00506754965 -0.00926984288
v -0.0105505083 -0.00751267187 -0.0103942845
v -0.0109532923 -0.0072620092 -0.0103942845
v -0.0110088205 -0.00732612237 -0.00926984288
v -0.010583505 -0.00759080891 -0.00926984288
v -0.0103775645 0.00906817894 -0.00843442231
v -0.0106618255 0.00857218262 -0.00843442138
v -0.0106359096 0.00847396441 -0.00758264959
v -0.0103086736 0.00912021752 -0.00758265005
v -0.0101430463 0.00979766902 -0.00843442231
v -0.0100512188 0.00993060786 -0.00758265005
v -0.0100585027 0.0109086726 -0.00843442231
v -0.0100073284 0.0110087162 -0.00758265005
v -0.0101190014 0.0119757587 -0.00843442231
v -0.0100874584 0.0121650165 -0.00758265005
v -0.0103700012 0.0130559616 -0.00843442231
v -0.0103230188 0.0131613286 -0.00758265005
v -0.0107081765 0.013757647 -0.00843442231
v -0.0106468769 0.0138028748 -0.00758265005
v -0.0110580279 0.0142014455 -0.00843442231
v -0.0110254763 0.0142807411 -0.00758265005
v -0.0114074014 0.0144606996 -0.00843442231
v -0.0110580279 0.0142014455 -0.00843442231
v -0.0110254763 0.0142807411 -0.00758265005
v -0.0114122815 0.0145705184 -0.00758265005
v -0.011729233 0.0145144081 -0.00843442231
v -0.0117526483 0.0146278227 -0.00758265005
v -0.011976826 0.0143464515 -0.00843442231
v -0.011729233 0.0145144081 -0.00843442231
v -0.0117526483 0.0146278227 -0.00758265005
v -0.0120163485 0.0144491661 -0.00758265005
v -0.011245043 0.00854377821 -0.00843442138
v -0.0114787742 0.00908303261 -0.00758265005
v -0.011251132 0.00843356922 -0.00758264959
v -0.0114912316 0.00904330797 -0.00843442231
v -0.0116692586 0.00994313974 -0.00758265005
v -0.0116715021 0.0098662544 -0.00843442231
v -0.0118597336 0.010954584 -0.00758265005
v -0.0117982095 0.0109001137 -0.00843442231
v -0.0120437238 0.011884572 -0.00758265005
v -0.011971755 0.0117728766 -0.00843442231
v -0.0121628232 0.012830168 -0.00758265005
v -0.0121094603 0.0127535742 -0.00843442231
v -0.012231824 0.0135184806 -0.00758265005
v -0.0122152492 0.0135001326 -0.00843442231
v -0.0121662496 0.0140524432 -0.00758265005
v -0.0121585084 0.0140055437 -0.00843442231
v -0.0120163485 0.0144491661 -0.00758265005
v -0.011976826 0.0143464515 -0.00843442231
v -0.0109686749 0.00835114066 -0.00843442138
v -0.011245043 0.00854377821 -0.00843442138
v -0.011251132 0.00843356922 -0.00758264959
v -0.0109610083 0.00823559426 -0.00758264959
v -0.0106618255 0.00857218262 -0.00843442138
v -0.0109686749 0.00835114066 -0.00843442138
v -0.0109610083 0.00823559426 -0.00758264959
v -0.0106359096 0.00847396441 -0.00758264959
v -0.00521321921 -0.00247163232 0.00910718646
v -0.00521321921 -0.00247163232 0.0112459576
v -0.00530378288 -0.00262654526 0.0112719089
v -0.00530378288 -0.00262654526 0.00908123609
v -0.00537448097 -0.00345200626 0.00908034202
v -0.00537448097 -0.00345200626 0.0112728029
v -0.00533623993 -0.00359950564 0.0112715205
v -0.00533623854 -0.00359950564 0.00908162538
v -0.00499345688 -0.00237137219 0.00917339232
v -0.00521321921 -0.00247163232 0.0112459576
v -0.00521321921 -0.00247163232 0.00910718646
v -0.00499345688 -0.00237137219 0.0111797536
v -0.0049019116 -0.00237921299 0.0113127623
v -0.00512315426 -0.002479346 0.0113768177
v -0.00464121019 -0.00240154122 0.011425525
v -0.00486666616 -0.00250131334 0.0114877569
v -0.00434818538 -0.00238305051 0.0113419089
v -0.00461106841 -0.00236053555 0.0112282047
v -0.00395475188 -0.00241674692 0.0114178834
v -0.00425104564 -0.00243495754 0.0115008699
v 0.00371618802 -0.00307374028 0.0113419089
v -0.00349066546 -0.00245649461 0.0114445649
v -0.00379081187 -0.0024743753 0.0115273269
v 0.00315140071 -0.00306895538 0.0115273269
v 0.00332275452 -0.00304004387 0.0114178834
v 0.0028586667 -0.00300029619 0.0114445621
v 0.00361163425 -0.00310837314 0.0115008699
v 0.00400179904 -0.0031417897 0.011425525
v 0.00397907058 -0.00309625571 0.0112282019
v 0.00426250044 -0.00316411792 0.0113127623
v 0.00420700619 -0.00327844708 0.0114877569
v 0.00446349429 -0.00330041442 0.0113768177
v 0.0040713842 -0.00310416194 0.0110940775
v 0.00435404805 -0.00317195849 0.0111797508
v 0.00455355924 -0.00330812833 0.0112459548
v 0.00455356156 -0.00330812833 0.00910718646
v 0.00435404805 -0.00317195849 0.00917339232
v -0.00470338296 -0.00235262886 0.0110940775
v 0.0040713842 -0.00310416194 0.00925906561
v -0.00470338156 -0.00235262886 0.00925906561
v 0.00426250044 -0.00316411792 0.00904038083
v 0.00446349429 -0.00330041442 0.00897632539
v 0.00397907058 -0.00309625571 0.00912494119
v -0.0049019116 -0.00237921299 0.00904038083
v -0.00512315426 -0.002479346 0.00897632726
v -0.00461106934 -0.00236053532 0.00912494119
v -0.00464121019 -0.00240154122 0.00892761908
v 0.00400179904 -0.0031417897 0.00892761908
v 0.00420700619 -0.00327844708 0.00886538625
v 0.00371618802 -0.00307374028 0.00901123416
v -0.00434818538 -0.00238305051 0.00901123416
v -0.00425104424 -0.00243495777 0.00885227323
v 0.00332275452 -0.00304004387 0.00893525966
v 0.00361163425 -0.00310837314 0.00885227323
v -0.00395475188 -0.00241674692 0.00893525966
v -0.00379081187 -0.0024743753 0.00882581621
v 0.00285866787 -0.00300029619 0.00890858099
v 0.00315140071 -0.00306895538 0.00882581621
v -0.0034906643 -0.00245649484 0.00890858099
v 0.00455355924 -0.00330812833 0.0112459548
v 0.00455356156 -0.00330812833 0.00910718646
v 0.00461646123 -0.00347618503 0.00908123422
v 0.00461646123 -0.00347618503 0.011271907
v -0.00379081187 -0.0024743753 0.0115273269
v -0.00448280759 -0.00253418973 0.0115618855
v -0.00425104564 -0.00243495754 0.0115008699
v -0.00403001253 -0.00257297023 0.0115879141
v 0.00337035232 -0.00320678996 0.0115879141
v 0.00315140071 -0.00306895538 0.0115273269
v 0.00361163425 -0.00310837314 0.0115008699
v 0.00382314739 -0.00324557023 0.0115618836
v 0.00344631728 -0.00337596564 0.0116100889
v 0.00389411254 -0.00341431797 0.0115843471
v 0.00420700619 -0.00327844708 0.0114877569
v 0.00427373452 -0.0034468316 0.0115110409
v 0.00446349429 -0.00330041442 0.0113768177
v 0.00452739047 -0.00346855633 0.0114013255
v 0.00420393981 -0.00427237013 0.0115113007
v 0.00445692567 -0.00429403735 0.0114018759
v 0.00439713057 -0.00443314016 0.0113962758
v 0.00382532179 -0.00423994195 0.011584416
v 0.00415542396 -0.00441243919 0.0115008224
v 0.00425129477 -0.00454291794 0.0113801397
v 0.00404147198 -0.00452494714 0.0114708934
v 0.00337871118 -0.00420169113 0.0116100889
v 0.0037936836 -0.00438145641 0.011570679
v 0.0037274533 -0.00449805241 0.0115315327
v 0.0038794307 -0.00459276512 0.0114260707
v 0.00363670872 -0.00457197707 0.0114729442
v 0.00336200767 -0.00434448523 0.0115954932
v 0.00333790365 -0.00446468871 0.0115539273
v 0.00331006106 -0.00454400014 0.0114917215
v -0.00421193754 -0.00381806702 0.0115539301
v -0.00421525165 -0.00369551498 0.0115954932
v -0.00420742808 -0.00355196069 0.0116100917
v -0.00413363846 -0.00272676488 0.0116100917
v -0.00465403963 -0.00351370987 0.011584416
v -0.00464692758 -0.00365854334 0.011570679
v -0.00458143419 -0.00268841232 0.0115843471
v -0.00503265765 -0.00348128215 0.0115113007
v -0.00500866678 -0.00362756103 0.0115008242
v -0.00496105617 -0.00265589892 0.0115110409
v -0.00486666616 -0.00250131334 0.0114877569
v -0.00528564397 -0.0034596147 0.0114018787
v -0.00525037479 -0.00360685959 0.0113962777
v -0.00521471212 -0.00263417419 0.0114013255
v -0.00512315426 -0.002479346 0.0113768177
v -0.00425104564 -0.00243495754 0.0115008699
v -0.00448280759 -0.00253418973 0.0115618855
v -0.00486666616 -0.00250131334 0.0114877569
v -0.00464121019 -0.00240154122 0.011425525
v -0.00512315426 -0.002479346 0.0113768177
v -0.00530378288 -0.00262654526 0.0112719089
v -0.00521321921 -0.00247163232 0.0112459576
v -0.00521471212 -0.00263417419 0.0114013255
v -0.00537448097 -0.00345200626 0.0112728029
v -0.00528564397 -0.0034596147 0.0114018787
v -0.00525037479 -0.00360685959 0.0113962777
v -0.00533623993 -0.00359950564 0.0112715205
v 0.00382314739 -0.00324557023 0.0115618836
v 0.00361163425 -0.00310837314 0.0115008699
v 0.00400179904 -0.0031417897 0.011425525
v 0.00420700619 -0.00327844708 0.0114877569
v 0.00452739047 -0.00346855633 0.0114013255
v 0.00446349429 -0.00330041442 0.0113768177
v 0.00455355924 -0.00330812833 0.0112459548
v 0.00461646123 -0.00347618503 0.011271907
v 0.00454576313 -0.00430164579 0.0112728011
v 0.00461646123 -0.00347618503 0.011271907
v 0.00461646123 -0.00347618503 0.00908123422
v 0.00454576313 -0.00430164579 0.00908034202
v 0.00448299712 -0.00444049435 0.00908162538
v 0.00461646123 -0.00347618503 0.011271907
v 0.00454576313 -0.00430164579 0.0112728011
v 0.00445692567 -0.00429403735 0.0114018759
v 0.00452739047 -0.00346855633 0.0114013255
v -0.00521321921 -0.00247163232 0.00910718646
v -0.00530378288 -0.00262654526 0.00908123609
v -0.00521470932 -0.00263417419 0.00895182043
v -0.00528564397 -0.0034596147 0.00895126723
v -0.00537448097 -0.00345200626 0.00908034202
v -0.00533623854 -0.00359950564 0.00908162538
v -0.00525037479 -0.00360685959 0.0089568682
v 0.00452739047 -0.00346855656 0.00895181857
v 0.00445692567 -0.00429403735 0.00895126723
v 0.00454576313 -0.00430164579 0.00908034202
v 0.0043971329 -0.00443314016 0.00895686541
v -0.00521470932 -0.00263417419 0.00895182043
v -0.00528564397 -0.0034596147 0.00895126723
v -0.00503265765 -0.00348128262 0.00884184428
v -0.00525037479 -0.00360685959 0.0089568682
v -0.00500866678 -0.00362756103 0.00885232165
v -0.00512532657 -0.00373983826 0.0089730043
v 0.00315140071 -0.00306895538 0.00882581621
v 0.00337035232 -0.00320678996 0.00876523089
v 0.00382314739 -0.0032455707 0.00879125949
v 0.00361163425 -0.00310837314 0.00885227323
v 0.00420700619 -0.00327844708 0.00886538625
v 0.00400179904 -0.0031417897 0.00892761908
v 0.00420700619 -0.00327844708 0.00886538625
v 0.00452739047 -0.00346855656 0.00895181857
v 0.00446349429 -0.00330041442 0.00897632539
v 0.00427373452 -0.0034468316 0.00884210505
v 0.00382314739 -0.0032455707 0.00879125949
v 0.00445692567 -0.00429403735 0.00895126723
v 0.00389411254 -0.0034143182 0.00876879599
v 0.00337035232 -0.00320678996 0.00876523089
v 0.00420394214 -0.00427237013 0.00884184428
v 0.00415542396 -0.00441243919 0.00885231979
v 0.0043971329 -0.00443314016 0.00895686541
v 0.00404147198 -0.00452494761 0.00888224971
v 0.00425129477 -0.00454291794 0.0089730043
v 0.0037274533 -0.00449805241 0.0088216085
v 0.00379368593 -0.00438145734 0.00878246501
v 0.00333790365 -0.00446468871 0.00879921578
v 0.00382532179 -0.00423994241 0.00876872893
v 0.00336201 -0.00434448523 0.00875764992
v 0.00344631728 -0.00337596587 0.0087430533
v 0.00337871118 -0.00420169113 0.0087430533
v -0.00421193754 -0.00381806702 0.00879921578
v -0.00419798773 -0.00390095799 0.0088614244
v -0.00452463655 -0.00387298199 0.00888020173
v -0.00413363846 -0.00272676488 0.0087430533
v -0.00421525165 -0.00369551498 0.00875764992
v -0.00460148742 -0.00378470332 0.00882161036
v -0.00476735737 -0.00385219301 0.0089270724
v -0.00491550472 -0.00375780836 0.00888224971
v -0.00420742808 -0.00355196069 0.0087430533
v -0.00464692758 -0.00365854334 0.00878246501
v -0.00500866678 -0.00362756103 0.00885232165
v -0.00512532657 -0.00373983826 0.0089730043
v -0.00465403963 -0.00351371011 0.00876872893
v -0.00503265765 -0.00348128262 0.00884184428
v -0.00458143419 -0.00268841255 0.00876879599
v -0.00496105617 -0.00265589915 0.00884210505
v -0.00521470932 -0.00263417419 0.00895182043
v -0.00512315426 -0.002479346 0.00897632726
v -0.00486666616 -0.00250131357 0.00886538904
v -0.00448280759 -0.00253418996 0.00879125949
v -0.00464121019 -0.00240154122 0.00892761908
v -0.00425104424 -0.00243495777 0.00885227323
v -0.00403001253 -0.0025729707 0.00876523089
v -0.00379081187 -0.0024743753 0.00882581621
v 0.00315140071 -0.00306895538 0.00882581621
v -0.00512532657 -0.00373983756 0.0113801416
v -0.00533623993 -0.00359950564 0.0112715205
v -0.00525037479 -0.00360685959 0.0113962777
v -0.00520281261 -0.00373320119 0.0112675577
v -0.00492953928 -0.0038383028 0.0113559235
v -0.00476735737 -0.00385219301 0.0114260707
v -0.00491550611 -0.00375780836 0.0114708934
v -0.0049945144 -0.00383273792 0.011261519
v -0.00520281261 -0.00373320119 0.00908558723
v -0.00499451347 -0.00383273792 0.00909162685
v -0.00512532657 -0.00373983826 0.0089730043
v -0.00492953928 -0.0038383028 0.00899722241
v -0.00491550611 -0.00375780836 0.0114708934
v -0.00512532657 -0.00373983756 0.0113801416
v -0.00525037479 -0.00360685959 0.0113962777
v -0.00500866678 -0.00362756103 0.0115008242
v -0.00460148742 -0.00378470332 0.0115315327
v -0.00464692758 -0.00365854334 0.011570679
v -0.00452463655 -0.00387298199 0.0114729442
v -0.00476735737 -0.00385219301 0.0114260707
v -0.00419798773 -0.00390095799 0.0114917215
v -0.00421193754 -0.00381806702 0.0115539301
v -0.00421525165 -0.00369551498 0.0115954932
v 0.00331006106 -0.00454400014 0.0114917215
v 0.00448299712 -0.00444049435 0.0112715205
v 0.00439713057 -0.00443314016 0.0113962758
v 0.00445692567 -0.00429403735 0.0114018759
v 0.00454576313 -0.00430164579 0.0112728011
v 0.00404161261 -0.0046066558 0.0113559207
v 0.0038794307 -0.00459276512 0.0114260707
v 0.00404147198 -0.00452494714 0.0114708934
v 0.00425129477 -0.00454291794 0.0113801397
v 0.00410658633 -0.00461222092 0.0112615163
v 0.00432878081 -0.00454955408 0.0112675577
v 0.00439713057 -0.00443314016 0.0113962758
v 0.00410658866 -0.00461222092 0.00909162685
v 0.00448299712 -0.00444049435 0.0112715205
v 0.00432878081 -0.00454955408 0.00908558723
v 0.00448299712 -0.00444049435 0.00908162538
v 0.00404161261 -0.0046066558 0.00899722241
v 0.00425129477 -0.00454291794 0.0089730043
v 0.0038794307 -0.00459276559 0.0089270724
v 0.00404147198 -0.00452494761 0.00888224971
v -0.00520281261 -0.00373320119 0.00908558723
v -0.00512532657 -0.00373983826 0.0089730043
v -0.00525037479 -0.00360685959 0.0089568682
v -0.00533623854 -0.00359950564 0.00908162538
v -0.00520281261 -0.00373320119 0.0112675577
v -0.00533623993 -0.00359950564 0.0112715205
v -0.00492953928 -0.0038383028 0.00899722241
v -0.00476735737 -0.00385219301 0.0089270724
v -0.00491550472 -0.00375780836 0.00888224971
v -0.00512532657 -0.00373983826 0.0089730043
v 0.00363671104 -0.00457197754 0.00888020173
v 0.0038794307 -0.00459276559 0.0089270724
v 0.00404147198 -0.00452494761 0.00888224971
v 0.0037274533 -0.00449805241 0.0088216085
v 0.00331006106 -0.00454400061 0.0088614244
v 0.00333790365 -0.00446468871 0.00879921578
v -0.00419798773 -0.00390095799 0.0088614244
v 0.00425129477 -0.00454291794 0.0089730043
v 0.00432878081 -0.00454955408 0.00908558723
v 0.00448299712 -0.00444049435 0.00908162538
v 0.0043971329 -0.00443314016 0.00895686541
v 0.00353527116 -0.00459197722 0.00894932169
v 0.00328272162 -0.00457034726 0.00893480238
v -0.00417552656 -0.00393156987 0.00893480238
v -0.00442807376 -0.00390994037 0.00894932169
v 0.00369397225 -0.00460556941 0.0089799678
v -0.00458677718 -0.00389634748 0.0089799678
v 0.0038000159 -0.00461465213 0.00902583543
v -0.0046928185 -0.00388726545 0.00902583543
v 0.00385025074 -0.00461895438 0.00909882225
v -0.00474305311 -0.00388296321 0.00909882504
v 0.00385024841 -0.00461895438 0.0112543209
v -0.00474305451 -0.00388296321 0.0112543209
v 0.0038000159 -0.0046146512 0.0113273105
v -0.0046928185 -0.00388726545 0.0113273105
v 0.00369397225 -0.00460556941 0.0113731753
v -0.00458677718 -0.00389634748 0.0113731753
v 0.00353527116 -0.00459197722 0.0114038214
v -0.00442807376 -0.00390994037 0.0114038214
v 0.00328272162 -0.00457034726 0.0114183407
v -0.00417552656 -0.00393156987 0.0114183407
v -0.00882393308 -0.00585119007 0.0101082753
v -0.00879779831 -0.00621538516 0.0101082753
v -0.00888548326 -0.00656982511 0.0101082753
v -0.00896133203 -0.00551289786 0.0101082753
v -0.0090784058 -0.00687982654 0.0101082753
v -0.00919654593 -0.00523362262 0.0101082753
v -0.00935768429 -0.00711503951 0.0101082753
v -0.00950654689 -0.00504069775 0.0101082753
v -0.00969597232 -0.0072524366 0.0101082753
v -0.00986098964 -0.00495301327 0.0101082753
v -0.0100601669 -0.0072785723 0.0101082753
v -0.0102251815 -0.00497914851 0.0101082753
v -0.0104146097 -0.00719088782 0.0101082753
v -0.0105634732 -0.00511654979 0.0101082753
v -0.0107246106 -0.00699796667 0.0101082753
v -0.0108427498 -0.00535176042 0.0101082753
v -0.0109598227 -0.00671868771 0.0101082753
v -0.0110356733 -0.00566176046 0.0101082753
v -0.0110972235 -0.00638039596 0.0101082753
v -0.0111233592 -0.00601620646 0.0101082753
v -0.0113574574 -0.0055258642 0.0101535367
v -0.0111709042 -0.00506754871 0.00902909506
v -0.0111067938 -0.0051230751 0.0101535367
v -0.0114355916 -0.00549286604 0.00902909506
v -0.0114713879 -0.00598639948 0.0101535367
v -0.011555898 -0.00597916124 0.00902909506
v -0.0114374282 -0.0064595961 0.0101535367
v -0.0089678634 -0.00496957731 0.0101535367
v -0.00891233515 -0.00490546552 0.00902909413
v -0.00858963002 -0.0052886284 0.00902909506
v -0.00866224989 -0.00533244247 0.0101535367
v -0.00840112008 -0.00575275905 0.00902909506
v -0.00848372653 -0.00577199087 0.0101535367
v -0.0083652623 -0.00625243038 0.00902909506
v -0.00844976865 -0.00624519214 0.0101535367
v -0.00881436467 -0.00710851047 0.0101535367
v -0.00875025336 -0.00716403686 0.00902909506
v -0.00913341343 -0.00748674385 0.00902909506
v -0.00917723123 -0.00741412258 0.0101535367
v -0.00959754549 -0.00767525285 0.00902909506
v -0.00961677544 -0.00759264221 0.0101535367
v -0.010097215 -0.00771111017 0.00902909506
v -0.0100899739 -0.00762660382 0.0101535367
v -0.0114374282 -0.0064595961 0.0101535367
v -0.0115200374 -0.00647882698 0.00902909506
v -0.011555898 -0.00597916124 0.00902909506
v -0.0112589095 -0.00689914217 0.0101535367
v -0.0113315294 -0.00694295764 0.00902909506
v -0.00937064923 -0.00471891416 0.0101535367
v -0.00891233515 -0.00490546552 0.00902909413
v -0.0089678634 -0.00496957731 0.0101535367
v -0.00933765247 -0.00464077853 0.00902909413
v -0.00983118266 -0.00460498547 0.0101535367
v -0.00982394628 -0.00452047447 0.00902909413
v -0.00856369734 -0.00670572277 0.0101535367
v -0.00875025336 -0.00716403686 0.00902909506
v -0.00881436467 -0.00710851047 0.0101535367
v -0.00848556496 -0.00673872 0.00902909506
v -0.00844976865 -0.00624519214 0.0101535367
v -0.0083652623 -0.00625243038 0.00902909506
v -0.0109532923 -0.0072620078 0.0101535367
v -0.0113315294 -0.00694295764 0.00902909506
v -0.0112589095 -0.00689914217 0.0101535367
v -0.0110088205 -0.00732612098 0.00902909506
v -0.0105505083 -0.00751267048 0.0101535367
v -0.010583505 -0.00759080751 0.00902909506
v -0.0100899739 -0.00762660382 0.0101535367
v -0.010097215 -0.00771111017 0.00902909506
v -0.0103043821 -0.00463894289 0.0101535367
v -0.00982394628 -0.00452047447 0.00902909413
v -0.00983118266 -0.00460498547 0.0101535367
v -0.010323612 -0.00455633365 0.00902909413
v -0.0107439253 -0.00481746253 0.0101535367
v -0.0107877422 -0.00474484218 0.00902909413
v -0.0111067938 -0.0051230751 0.0101535367
v -0.0111709042 -0.00506754871 0.00902909506
v -0.0103775645 0.00906817988 0.0081936717
v -0.0106359096 0.00847396441 0.00734190037
v -0.0106618255 0.00857218355 0.00819367263
v -0.0103086736 0.00912021846 0.00734189991
v -0.0101430463 0.00979766902 0.0081936717
v -0.0100512188 0.00993060879 0.00734189991
v -0.0100585027 0.0109086735 0.0081936717
v -0.0100073284 0.0110087181 0.00734189991
v -0.0101190014 0.0119757606 0.0081936717
v -0.0100874584 0.0121650184 0.00734189991
v -0.0103700012 0.0130559634 0.0081936717
v -0.0103230188 0.0131613286 0.00734189991
v -0.0107081765 0.0137576479 0.0081936717
v -0.0106468769 0.0138028758 0.00734189991
v -0.0110580279 0.0142014464 0.0081936717
v -0.0110254763 0.014280742 0.00734189991
v -0.0114074014 0.0144607006 0.0081936717
v -0.0114122815 0.0145705193 0.00734189991
v -0.0110254763 0.014280742 0.00734189991
v -0.0110580279 0.0142014464 0.0081936717
v -0.011729233 0.014514409 0.0081936717
v -0.0117526483 0.0146278236 0.00734189991
v -0.0114122815 0.0145705193 0.00734189991
v -0.0114074014 0.0144607006 0.0081936717
v -0.011976826 0.0143464524 0.0081936717
v -0.0120163485 0.0144491661 0.00734189991
v -0.0117526483 0.0146278236 0.00734189991
v -0.011729233 0.014514409 0.0081936717
v -0.011245043 0.00854378007 0.00819367263
v -0.011251132 0.00843357109 0.00734190037
v -0.0114787742 0.00908303354 0.00734189991
v -0.0114912316 0.00904330984 0.0081936717
v -0.0116692586 0.00994313974 0.00734189991
v -0.0116715021 0.00986625534 0.0081936717
v -0.0118597336 0.0109545849 0.00734189991
v -0.0117982095 0.0109001137 0.0081936717
v -0.0120437238 0.011884572 0.00734189991
v -0.011971755 0.0117728775 0.0081936717
v -0.0121628232 0.012830168 0.00734189991
v -0.0121094603 0.012753576 0.0081936717
v -0.012231824 0.0135184806 0.00734189991
v -0.0122152492 0.0135001326 0.0081936717
v -0.0121662496 0.0140524432 0.00734189991
v -0.0121585084 0.0140055455 0.0081936717
v -0.0120163485 0.0144491661 0.00734189991
v -0.0109686749 0.00835114252 0.00819367263
v -0.0109610083 0.00823559519 0.00734190037
v -0.011251132 0.00843357109 0.00734190037
v -0.011245043 0.00854378007 0.00819367263
v -0.0106618255 0.00857218355 0.00819367263
v -0.0106359096 0.00847396441 0.00734190037
v -0.0109610083 0.00823559519 0.00734190037
v -0.0109686749 0.00835114252 0.00819367263
v -0.00965972431 -0.0126204472 0.00970052555
v -0.0104202647 -0.0125553096 0.00919048674
v -0.010243969 -0.010518291 0.00918866042
v -0.00948141329 -0.0105836019 0.00970005058
v -0.0102980565 -0.00981831737 0.00687765097
v -0.0105632301 -0.0100894915 0.00825235806
v -0.010744147 -0.0100739961 0.00733948825
v -0.0107205631 -0.0097986199 0.00184385793
v -0.010744147 -0.0100739961 0.00733948825
v -0.0105632301 -0.0100894915 0.00825235806
v -0.0107534928 -0.0104746521 0.00842331257
v -0.0109324139 -0.0104593271 0.00752052153
v -0.0109086297 -0.0101816226 0.00184392184
v -0.0107205631 -0.0097986199 0.00184385793
v -0.0107170697 -0.00975785125 -0.000120373959
v -0.0109052202 -0.0101418197 -0.000120374105
v -0.0107205631 -0.0097986199 -0.00208460586
v -0.0110370684 -0.0116812419 -0.000120373879
v -0.0109086297 -0.0101816226 -0.00208466966
v -0.0109324139 -0.010459329 -0.00776127074
v -0.010744147 -0.010073998 -0.007580237
v -0.0105632283 -0.0100894924 -0.00849310681
v -0.0110758068 -0.0121335639 -0.000120373857
v -0.0111068934 -0.0124965012 0.0075267544
v -0.0109284446 -0.0125117861 0.00842715986
v -0.0104202647 -0.0125553096 0.00919048674
v -0.010243969 -0.010518291 0.00918866042
v -0.0111068916 -0.0124965021 -0.00776750268
v -0.0107534928 -0.0104746521 -0.00866406225
v -0.010048016 -0.0101336194 -0.00926699862
v -0.0109284418 -0.0125117861 -0.00866790768
v -0.010243969 -0.010518292 -0.0094294101
v -0.0104202647 -0.0125553096 -0.00943123456
v -0.0105632301 -0.0100894915 0.00825235806
v -0.0100480169 -0.0101336176 0.00902624987
v -0.010243969 -0.010518291 0.00918866042
v -0.0107534928 -0.0104746521 0.00842331257
v -0.0100480169 -0.0101336176 0.00902624987
v -0.00927694794 -0.0101996576 0.0095433481
v -0.00948141329 -0.0105836019 0.00970005058
v -0.010243969 -0.010518291 0.00918866042
v -0.00876260269 -0.0126972832 0.00987962633
v -0.00965972431 -0.0126204472 0.00970052555
v -0.00948141329 -0.0105836019 0.00970005058
v -0.00858191494 -0.0106606409 0.00987962633
v -0.00927694794 -0.0101996576 0.0095433481
v -0.00836740993 -0.0102775572 0.00972492807
v 0.00647586631 -0.0140024135 0.00987962633
v 0.00649789395 -0.0115507264 0.009724929
v 0.00664413488 -0.0119647067 0.00987962633
v 0.00737298792 -0.0140792495 0.00970052648
v 0.0075436309 -0.0120417457 0.00970005151
v 0.00813352875 -0.014144388 0.00919048768
v 0.00740743196 -0.0116286259 0.00954334904
v 0.00830618944 -0.0121070575 0.00918866228
v 0.00817850139 -0.011694666 0.0090262508
v -0.010243969 -0.010518292 -0.0094294101
v -0.00927694701 -0.0101996586 -0.00978409685
v -0.010048016 -0.0101336194 -0.00926699862
v -0.00948141236 -0.0105836019 -0.00994080026
v -0.0104202647 -0.0125553096 -0.00943123456
v -0.00965972245 -0.0126204472 -0.00994127337
v -0.00836740807 -0.0102775581 -0.00996567681
v -0.00858191401 -0.0106606418 -0.0101203751
v -0.00876260176 -0.0126972841 -0.0101203751
v 0.00664413488 -0.0119647086 -0.0101203751
v 0.00649789628 -0.0115507282 -0.00996567588
v 0.00647586631 -0.0140024144 -0.0101203751
v 0.00740743428 -0.0116286259 -0.00978409592
v 0.00754363323 -0.0120417485 -0.00994079839
v 0.00817850418 -0.0116946669 -0.00926699769
v 0.00737298792 -0.0140792495 -0.00994127151
v 0.00830618944 -0.0121070584 -0.00942940824
v 0.00813353062 -0.014144388 -0.00943123363
v 0.00830618944 -0.0121070575 0.00918866228
v 0.00864170585 -0.0141879115 0.00842716172
v 0.00813352875 -0.014144388 0.00919048768
v 0.00881571323 -0.0121506965 0.0084233135
v 0.00817850139 -0.011694666 0.0090262508
v 0.0088201547 -0.0142031955 0.0075267558
v 0.0089946324 -0.0121660205 0.00752052292
v 0.00869371463 -0.0117387921 0.008252359
v 0.00887463149 -0.0117542874 0.00733948918
v 0.00885124039 -0.0138402563 -0.000120372912
v 0.00889821816 -0.0114789102 0.00184385909
v 0.00901841931 -0.011888315 0.00184392289
v 0.00902182888 -0.011848513 -0.000120372853
v 0.00890171062 -0.0114381416 -0.000120373021
v 0.00888998061 -0.0133879352 -0.000120372926
v 0.00901841931 -0.011888315 -0.00208466849
v 0.00889821816 -0.0114789102 -0.0020846047
v 0.00887463335 -0.0117542883 -0.00758023607
v 0.00899463426 -0.0121660214 -0.00776126981
v 0.0088201575 -0.0142031964 -0.00776750129
v 0.00864170864 -0.0141879115 -0.00866790675
v 0.00881571323 -0.0121506974 -0.00866406038
v 0.00813353062 -0.014144388 -0.00943123363
v 0.00869371463 -0.0117387939 -0.00849310588
v 0.00830618944 -0.0121070584 -0.00942940824
v 0.00817850418 -0.0116946669 -0.00926699769
v 0.00847851764 -0.0114264758 -0.00711839879
v 0.00869371463 -0.0117387939 -0.00849310588
v 0.00887463335 -0.0117542883 -0.00758023607
v 0.00889821816 -0.0114789102 -0.0020846047
v -0.0109266471 -0.012992884 0.00750635564
v -0.0107724639 -0.0131828273 0.00749016553
v -0.0107413791 -0.0128198899 -0.000120373814
v -0.0108955624 -0.0126299458 -0.000120373828
v -0.010772462 -0.0131828273 -0.00773091381
v -0.0109266471 -0.012992885 -0.00774710346
v -0.0106168147 -0.0131961592 -0.00851627719
v -0.0107611418 -0.0130070597 -0.0085822111
v -0.010195341 -0.0132322563 -0.0091493642
v -0.0103021525 -0.0130463708 -0.00927164871
v -0.0102750249 -0.0095494194 -0.0020842813
v -0.0107205631 -0.0097986199 -0.00208460586
v -0.010744147 -0.010073998 -0.007580237
v -0.0102980556 -0.00981831737 -0.00711840019
v -0.0101141641 -0.0098340679 -0.00804626755
v -0.00969147682 -0.00950166211 -0.00208368502
v -0.0102713034 -0.00950596761 -0.00012037393
v -0.0107170697 -0.00975785125 -0.000120373959
v -0.0107205631 -0.0097986199 0.00184385793
v -0.0102750249 -0.0095494194 0.00184353348
v -0.0102980565 -0.00981831737 0.00687765097
v -0.0096874088 -0.00945416652 -0.000120373465
v -0.00971367117 -0.00976079889 0.00628000498
v -0.00969147682 -0.00950166211 0.00184293848
v -0.0101141669 -0.00983406603 0.00780551834
v -0.0105632301 -0.0100894915 0.00825235806
v -0.0100480169 -0.0101336176 0.00902624987
v -0.00959048886 -0.0098789176 0.00859212503
v -0.00927694794 -0.0101996576 0.0095433481
v -0.00952824112 -0.0097766798 0.00721563911
v -0.00880675204 -0.0099460436 0.00911771879
v -0.00836740993 -0.0102775572 0.00972492807
v 0.00791242439 -0.0112704225 0.00628000498
v -0.00900018029 -0.00982190669 0.00800883397
v 0.00772699155 -0.0112545406 0.00721564097
v 0.00793868583 -0.0109637892 -0.000120373552
v 0.00793461874 -0.0110112848 0.00184293836
v 0.00847851578 -0.0114264758 0.00687765237
v 0.00793461874 -0.0110112848 -0.00208368525
v -0.0078822691 -0.0100252219 0.00930228271
v -0.00820987951 -0.00988959428 0.00853882823
v 0.00719893025 -0.0112093138 0.00800883584
v 0.00829462614 -0.0114107262 0.00780551974
v 0.00606272975 -0.0112195704 0.00930228364
v 0.00649789395 -0.0115507264 0.009724929
v 0.00740743196 -0.0116286259 0.00954334904
v 0.00698721223 -0.0112987505 0.00911771972
v 0.00817850139 -0.011694666 0.0090262508
v 0.00547640864 -0.0110617848 0.00872494001
v -0.00727765588 -0.00996943563 0.00872493815
v 0.00640862994 -0.0111416262 0.00853883009
v 0.00777094904 -0.0113658747 0.00859212596
v 0.00869371463 -0.0117387921 0.008252359
v 0.00887463149 -0.0117542874 0.00733948918
v 0.00850154646 -0.0111575779 0.00184353453
v 0.00889821816 -0.0114789102 0.00184385909
v 0.00890171062 -0.0114381416 -0.000120373021
v 0.00850526895 -0.0111141242 -0.000120373064
v 0.00889821816 -0.0114789102 -0.0020846047
v 0.00850154646 -0.0111575779 -0.00208428013
v 0.00847851764 -0.0114264758 -0.00711839879
v 0.00791242439 -0.0112704225 -0.0065207528
v 0.00829462614 -0.0114107262 -0.00804626662
v 0.00869371463 -0.0117387939 -0.00849310588
v 0.00817850418 -0.0116946669 -0.00926699769
v -0.00971367117 -0.00976079889 -0.0065207528
v 0.00772699388 -0.0112545416 -0.00745638693
v 0.00777094904 -0.0113658747 -0.00883287285
v 0.00740743428 -0.0116286259 -0.00978409592
v -0.00952824019 -0.00977668166 -0.00745638879
v 0.00719893258 -0.0112093147 -0.00824958179
v 0.00698721223 -0.0112987505 -0.0093584666
v 0.00649789628 -0.0115507282 -0.00996567588
v -0.00900017936 -0.00982190855 -0.00824958365
v 0.00640863227 -0.011141628 -0.00877957605
v 0.00606272975 -0.0112195713 -0.00954303052
v -0.00959048793 -0.00987891853 -0.00883287378
v -0.0105632283 -0.0100894924 -0.00849310681
v -0.010048016 -0.0101336194 -0.00926699862
v -0.00820987765 -0.00988959521 -0.00877957791
v -0.00880675018 -0.00994604453 -0.00935846753
v -0.00927694701 -0.0101996586 -0.00978409685
v 0.00547640864 -0.0110617857 -0.00896568596
v -0.00727765588 -0.00996943656 -0.00896568783
v -0.00788226817 -0.0100252237 -0.00954303145
v -0.00836740807 -0.0102775581 -0.00996567681
v 0.0071659903 -0.0147192031 -0.00957237929
v 0.00724671176 -0.0145493802 -0.00973231625
v 0.00641465001 -0.0144781172 -0.00989842787
v 0.00638349354 -0.0146521851 -0.00972859655
v -0.00878316816 -0.0131764682 -0.00989842974
v -0.00878206454 -0.0133532993 -0.00972859748
v -0.00961523037 -0.0131052034 -0.00973231811
v -0.00956456363 -0.0132862814 -0.00957238022
v 0.0077967695 -0.0147732282 -0.00914936326
v 0.0079336334 -0.0146082127 -0.00927164685
v 0.00724671176 -0.0145493802 -0.00973231625
v 0.0071659903 -0.0147192031 -0.00957237929
v -0.00956456363 -0.0132862814 -0.00957238022
v -0.00961523037 -0.0131052034 -0.00973231811
v -0.0103021525 -0.0130463708 -0.00927164871
v -0.010195341 -0.0132322563 -0.0091493642
v -0.00941338018 -0.0135008506 -0.00916365348
v -0.00875723269 -0.0135570476 -0.00929464679
v -0.00878206454 -0.0133532993 -0.00972859748
v -0.00990094151 -0.013459092 -0.00883668195
v -0.0106168147 -0.0131961592 -0.00851627719
v 0.00632437738 -0.0148487436 -0.00929464586
v 0.00638349354 -0.0146521851 -0.00972859655
v -0.0102267219 -0.0134311896 -0.0083473362
v -0.010772462 -0.0131828273 -0.00773091381
v 0.0069805244 -0.0149049414 -0.00916365255
v 0.0071659903 -0.0147192031 -0.00957237929
v -0.0103572365 -0.0134200118 -0.00768878637
v -0.0107413791 -0.0128198899 -0.000120373814
v 0.00746808574 -0.0149466973 -0.00883668009
v 0.0077967695 -0.0147732282 -0.00914936326
v -0.0103261517 -0.0130570726 -0.000120373785
v -0.0107724639 -0.0131828273 0.00749016553
v 0.0062683397 -0.0149147436 -0.0087827649
v 0.00677563949 -0.0149581917 -0.00868148822
v -0.00871323608 -0.0136316158 -0.00878276583
v -0.00922053494 -0.0135881668 -0.00868148915
v -0.00953932479 -0.0135608632 -0.0084676994
v 0.00709442887 -0.0149854952 -0.00846769847
v -0.0097523341 -0.0135426195 -0.0081477426
v 0.00730743911 -0.0150037389 -0.00814774167
v -0.00985324197 -0.0135339769 -0.00763858622
v 0.00779386563 -0.0149745997 -0.00834733434
v 0.00740834745 -0.0150123816 -0.00763858482
v -0.00982215814 -0.0131710386 -0.000120373756
v 0.00821824372 -0.0148093253 -0.00851627626
v 0.0079336334 -0.0146082127 -0.00927164685
v 0.00839262269 -0.0146475239 -0.00858221017
v 0.00792438071 -0.0149857793 -0.00768878497
v 0.00837389007 -0.0148226572 -0.00773091242
v 0.00855812803 -0.0146616995 -0.00774710206
v 0.00743943034 -0.0146494433 -0.000120372941
v -0.0103572365 -0.0134200109 0.00744803809
v 0.0079554636 -0.0146228392 -0.000120372919
v 0.00840497576 -0.014459718 -0.000120372897
v 0.00858921371 -0.0142987603 -0.000120372897
v -0.00985324383 -0.0135339769 0.00739783794
v 0.00740834512 -0.0150123807 0.00739783933
v 0.00792437792 -0.0149857784 0.00744803948
v 0.00837389007 -0.0148226554 0.00749016693
v 0.00855812803 -0.0146616977 0.00750635657
v 0.00821824092 -0.0148093253 0.0082755303
v 0.00839262269 -0.0146475229 0.00834146515
v 0.0077938633 -0.0149745997 0.00810658932
v 0.00730743678 -0.015003738 0.00790699571
v -0.00975233503 -0.0135426186 0.00790699478
v -0.0102267219 -0.0134311896 0.00810658839
v 0.00779676717 -0.0147732263 0.00890861731
v 0.0079336334 -0.0146082127 0.00903090183
v 0.00746808341 -0.0149466973 0.00859593507
v 0.00709442887 -0.0149854952 0.00822695252
v -0.00953932665 -0.0135608623 0.00822695158
v 0.0071659903 -0.0147192031 0.00933163427
v 0.00724671176 -0.0145493792 0.00949157123
v 0.00698052207 -0.0149049386 0.00892290659
v 0.00677563716 -0.0149581917 0.00844074227
v 0.00638349121 -0.0146521842 0.00948785059
v 0.00641464768 -0.0144781144 0.00965768285
v 0.00632437505 -0.0148487417 0.00905389991
v -0.00878206547 -0.0133532984 0.00948784966
v -0.00878316909 -0.0131764663 0.00965768099
v -0.00990094244 -0.013459092 0.00859593414
v -0.00922053587 -0.0135881659 0.00844074134
v 0.0062683397 -0.0149147427 0.00854201987
v -0.00871323701 -0.0136316139 0.00854201801
v -0.00875723362 -0.0135570467 0.00905389898
v -0.00941338204 -0.0135008488 0.00892290566
v -0.00956456456 -0.0132862795 0.00933163241
v -0.00961523131 -0.0131052025 0.00949156936
v -0.0101953419 -0.0132322563 0.00890861638
v -0.0103021534 -0.0130463708 0.00903089996
v -0.0106168147 -0.0131961573 0.00827552937
v -0.0107611418 -0.0130070588 0.00834146328
v -0.0109266471 -0.012992884 0.00750635564
v -0.00453660171 -0.0246891081 0.000663731538
v -0.00417750282 -0.0247198641 0.00137108262
v -0.00432323758 -0.026421424 0.00137108262
v -0.00468233507 -0.026390668 0.000663731596
v -0.00466033863 -0.0246785078 -0.000120372752
v -0.00480607199 -0.0263800714 -0.000120372679
v -0.00453660171 -0.0246891081 -0.000904477376
v -0.00135093508 -0.0249619503 -0.0025335981
v -0.00213217898 -0.0248950403 -0.00265778764
v -0.00227791374 -0.0265966002 -0.00265778764
v -0.00149666844 -0.026663512 -0.0025335981
v -0.00064616499 -0.025022313 -0.00217318465
v -0.000791898347 -0.0267238729 -0.00217318465
v -8.68552888E-05 -0.0250702165 -0.00161182776
v -0.000232589839 -0.0267717764 -0.00161182776
v 0.000272242411 -0.0251009725 0.000663731364
v 0.000395979267 -0.0251115691 -0.00012037273
v 0.00025024591 -0.026813129 -0.000120372657
v 0.000126509069 -0.0268025324 0.00066373148
v -8.68552888E-05 -0.0250702165 0.00137108297
v -0.000232589839 -0.0267717764 0.00137108297
v -0.000646166212 -0.025022313 0.00193243986
v -0.000791899569 -0.0267238729 0.00193243986
v -0.00417750282 -0.0247198641 0.00137108262
v -0.00376392785 -0.0264693275 0.00193243986
v -0.00432323758 -0.026421424 0.00137108262
v -0.00361819449 -0.0247677676 0.00193243986
v -0.00305915764 -0.0265296884 0.00229285238
v -0.00291342428 -0.0248281285 0.00229285238
v -0.00227791374 -0.0265966002 0.00241704215
v -0.00213217898 -0.0248950403 0.00241704215
v -0.00213217898 -0.0248950403 -0.00265778764
v -0.00305915764 -0.0265296884 -0.0025335981
v -0.00227791374 -0.0265966002 -0.00265778764
v -0.00291342428 -0.0248281285 -0.0025335981
v -0.00376392785 -0.0264693275 -0.00217318465
v -0.00361819449 -0.0247677676 -0.00217318465
v -0.00361819449 -0.0247677676 -0.00217318465
v -0.00432323851 -0.026421424 -0.00161182799
v -0.00376392785 -0.0264693275 -0.00217318465
v -0.00417750422 -0.0247198641 -0.00161182799
v -0.00468233507 -0.026390668 -0.000904477318
v -0.00453660171 -0.0246891081 -0.000904477376
v -0.00480607199 -0.0263800714 -0.000120372679
v 0.000395979267 -0.0251115691 -0.00012037273
v 0.000126509069 -0.0268025324 -0.000904476969
v 0.00025024591 -0.026813129 -0.000120372657
v 0.000272242411 -0.0251009725 -0.000904477085
v -0.000232589839 -0.0267717764 -0.00161182776
v -8.68552888E-05 -0.0250702165 -0.00161182776
v -0.00213217898 -0.0248950403 0.00241704215
v -0.00149666844 -0.026663512 0.00229285238
v -0.00227791374 -0.0265966002 0.00241704215
v -0.00135093508 -0.0249619503 0.00229285238
v -0.000791899569 -0.0267238729 0.00193243986
v -0.000646166212 -0.025022313 0.00193243986
v -0.000462732889 -0.0253979657 0.00175768556
v -0.00057786284 -0.026742205 0.00175768556
v 0.00253825239 -0.0283114091 0.00945198629
v 0.00260551274 -0.0275269337 0.00945215859
v 0.00264288718 -0.0284018368 0.00971550401
v 0.00254280376 -0.0272659864 0.0094935149
v -0.000520804489 -0.0251384731 0.00181014999
v 0.00264719292 -0.027360715 0.00975728594
v 0.0027096956 -0.0276239179 0.00971591286
v 0.00275611924 -0.0285663232 0.0100097694
v 0.00276278076 -0.0275029298 0.0100525245
v 0.00282490067 -0.027769696 0.010010994
v 0.00286071119 -0.0287798308 0.0102899838
v 0.00287196087 -0.0276711173 0.0103342887
v 0.00293356343 -0.0279424991 0.0102925021
v 0.00294073764 -0.0290098414 0.0105134882
v 0.00295809796 -0.027839873 0.010559693
v 0.00301909028 -0.0281167217 0.0105176019
v 0.00297807506 -0.0291864742 0.0106294975
v 0.00310553843 -0.0282509699 0.0109635647
v 0.00314374012 -0.0284704696 0.0108602149
v 0.00292563601 -0.0293422733 0.010733665
v 0.0030933863 -0.0288444962 0.0112076653
v 0.00311674643 -0.0289563295 0.0110831531
v 0.0028140503 -0.0295644794 0.0108181965
v 0.00298800878 -0.0294569135 0.0111824824
v 0.00266943034 -0.0297461972 0.0108618056
v 0.00272437511 -0.0299467836 0.0110212881
v 0.00297893328 -0.0294209998 0.0113042565
v 0.00272437511 -0.0299467836 0.0110212881
v 0.00270482944 -0.0299964081 0.0110807167
v 0.00242887787 -0.028964268 0.0107356235
v 0.0019237512 -0.0289227404 0.0109734163
v 0.00196108874 -0.0290993731 0.0110894265
v 0.00246261409 -0.02912971 0.0108415531
v 0.00294073764 -0.0290098414 0.0105134882
v 0.0020509176 -0.0292673558 0.0111292517
v 0.00297807506 -0.0291864742 0.0106294975
v 0.00248472276 -0.0292883981 0.010920492
v 0.00215517101 -0.0295080487 0.0111161722
v 0.00292563601 -0.0293422733 0.010733665
v 0.00248507666 -0.029521266 0.0109653752
v 0.00225608773 -0.0297107957 0.0110487379
v 0.0028140503 -0.0295644794 0.0108181965
v 0.00246646814 -0.0297237076 0.0109625682
v 0.00266943034 -0.0297461972 0.0108618056
v -0.00057786284 -0.026742205 0.00175768556
v -0.000462732889 -0.0253979657 0.00175768556
v -0.000520804489 -0.0251384731 0.00181014999
v -0.000704279519 -0.0250173341 0.00193681009
v -0.00123930397 -0.0266855545 0.00219303439
v -0.00109357061 -0.0249839947 0.00219303439
v -0.00154269638 -0.0249455273 0.00231598015
v -0.00200241152 -0.0266201962 0.00240193098
v -0.00177367858 -0.025031168 0.0023767564
v -0.00188728154 -0.0252759568 0.00240193098
v -0.00123930397 -0.0266855545 0.00219303439
v -0.00200241152 -0.0266201962 0.00240193098
v 0.00149196445 -0.0282217972 0.00992516428
v 0.00201342884 -0.0282650106 0.00968456175
v -0.00057786284 -0.026742205 0.00175768556
v 0.00160781201 -0.028313186 0.0101836119
v 0.00253825239 -0.0283114091 0.00945198629
v 0.0021234923 -0.0283563305 0.00994522218
v 0.00173055113 -0.0284784865 0.0104735773
v 0.00264288718 -0.0284018368 0.00971550401
v 0.00224109227 -0.0285212826 0.0102365026
v 0.00184149435 -0.0286925361 0.0107509205
v 0.00275611924 -0.0285663232 0.0100097694
v 0.00234833057 -0.0287347641 0.0105140544
v 0.0019237512 -0.0289227404 0.0109734163
v 0.00286071119 -0.0287798308 0.0102899838
v 0.00242887787 -0.028964268 0.0107356235
v 0.00294073764 -0.0290098414 0.0105134882
v 0.00233099284 -0.0276748985 0.0108543951
v 0.0026969749 -0.028116798 0.0111679416
v 0.00248371647 -0.0281038992 0.0112733422
v 0.00254949857 -0.0276951883 0.0107619986
v 0.00291616027 -0.0281409379 0.0110777719
v 0.00224255864 -0.0275077187 0.0106301513
v 0.00211232132 -0.0277674329 0.0109421927
v 0.00202395977 -0.0275984909 0.0107177934
v 0.00212699943 -0.0273404028 0.0103514111
v 0.00190843875 -0.0274297595 0.0104388958
v 0.00246239966 -0.0275274739 0.0105376448
v 0.00276343524 -0.0277119372 0.0106588257
v 0.00200190605 -0.0271984208 0.0100606093
v 0.00178335723 -0.0272867288 0.0101479515
v 0.00295809796 -0.027839873 0.010559693
v 0.00310553843 -0.0282509699 0.0109635647
v 0.00287196087 -0.0276711173 0.0103342887
v 0.00267720991 -0.0275449455 0.0104335817
v 0.00276278076 -0.0275029298 0.0100525245
v 0.00235025212 -0.0273597967 0.0102579091
v 0.00256797369 -0.0273781698 0.0101519832
v 0.00264719292 -0.027360715 0.00975728594
v 0.00188632065 -0.0271034036 0.00980201457
v 0.00166776835 -0.0271910429 0.00988924503
v 0.00223012734 -0.0272176862 0.009965376
v 0.00245235255 -0.0272370018 0.00985689741
v 0.00254280376 -0.0272659864 0.0094935149
v -0.00154269638 -0.0249455273 0.00231598015
v -0.00177367858 -0.025031168 0.0023767564
v 0.002120313 -0.0271227807 0.00970458332
v -0.00109357061 -0.0249839947 0.00219303439
v 0.00234794919 -0.027142942 0.00959324557
v -0.000520804489 -0.0251384731 0.00181014999
v -0.000704279519 -0.0250173341 0.00193681009
v 0.00200210512 -0.0280296206 0.0109775299
v 0.00202395977 -0.0275984909 0.0107177934
v 0.00211232132 -0.0277674329 0.0109421927
v 0.00191434799 -0.0278552081 0.0107534379
v 0.00190843875 -0.0274297595 0.0104388958
v 0.00179933489 -0.0276818611 0.010474802
v 0.00178335723 -0.0272867288 0.0101479515
v 0.00167462649 -0.0275352672 0.0101840179
v 0.00166776835 -0.0271910429 0.00988924503
v 0.00155923422 -0.0274373237 0.00992533285
v -0.00177367858 -0.025031168 0.0023767564
v -0.00188728154 -0.0252759568 0.00240193098
v -0.00200241152 -0.0266201962 0.00240193098
v 0.00149196445 -0.0282217972 0.00992516428
v 0.00160781201 -0.028313186 0.0101836119
v 0.00173055113 -0.0284784865 0.0104735773
v 0.00184149435 -0.0286925361 0.0107509205
v 0.0019237512 -0.0289227404 0.0109734163
v 0.0021267538 -0.0283833686 0.0113201439
v 0.00196108874 -0.0290993731 0.0110894265
v 0.00224202685 -0.0288814139 0.0114787398
v 0.0020509176 -0.0292673558 0.0111292517
v 0.00232913066 -0.0294004809 0.0114804571
v 0.00215517101 -0.0295080487 0.0111161722
v 0.00231103366 -0.0299113821 0.0112082204
v 0.00225608773 -0.0297107957 0.0110487379
v 0.0021267538 -0.0283833686 0.0113201439
v 0.00200210512 -0.0280296206 0.0109775299
v 0.00211232132 -0.0277674329 0.0109421927
v 0.0022597604 -0.0281785317 0.0113460645
v 0.00224202685 -0.0288814139 0.0114787398
v 0.00236595562 -0.0287821926 0.011536642
v 0.00243099732 -0.0293740686 0.0115520582
v 0.00232913066 -0.0294004809 0.0114804571
v 0.00236108596 -0.029966969 0.0112361731
v 0.00231103366 -0.0299113821 0.0112082204
v 0.00236595562 -0.0287821926 0.011536642
v 0.00258429232 -0.0293675791 0.011530932
v 0.00243099732 -0.0293740686 0.0115520582
v 0.00256337808 -0.0287481844 0.0114903236
v 0.00248371647 -0.0281038992 0.0112733422
v 0.00272453949 -0.0293731987 0.011466831
v 0.00274779368 -0.0287571251 0.0114015779
v 0.00286438758 -0.02939157 0.0114042601
v 0.00293522887 -0.0287800338 0.0113221547
v 0.0026969749 -0.028116798 0.0111679416
v 0.00297893328 -0.0294209998 0.0113042565
v 0.00291616027 -0.0281409379 0.0110777719
v 0.0030933863 -0.0288444962 0.0112076653
v 0.00310553843 -0.0282509699 0.0109635647
v 0.00270482944 -0.0299964081 0.0110807167
v 0.00272437511 -0.0299467836 0.0110212881
v 0.00266943034 -0.0297461972 0.0108618056
v 0.00262838416 -0.0300093889 0.0111392653
v 0.00246646814 -0.0297237076 0.0109625682
v 0.00254210294 -0.0299998298 0.0111821014
v 0.0024526685 -0.0299943388 0.0112187322
v 0.00225608773 -0.0297107957 0.0110487379
v 0.00236108596 -0.029966969 0.0112361731
v 0.00231103366 -0.0299113821 0.0112082204
v 0.00243099732 -0.0293740686 0.0115520582
v 0.0024526685 -0.0299943388 0.0112187322
v 0.00236108596 -0.029966969 0.0112361731
v 0.00258429232 -0.0293675791 0.011530932
v 0.00254210294 -0.0299998298 0.0111821014
v 0.00272453949 -0.0293731987 0.011466831
v 0.00262838416 -0.0300093889 0.0111392653
v 0.00286438758 -0.02939157 0.0114042601
v 0.00270482944 -0.0299964081 0.0110807167
v 0.00297893328 -0.0294209998 0.0113042565
v 0.00199861219 -0.0288124885 0.0106033906
v 0.0020228785 -0.0288231559 0.0105852699
v 0.00193704665 -0.0286958218 0.0103713637
v 0.00191170268 -0.0286835544 0.0103867967
v 0.00183410814 -0.0286456626 0.0101342481
v 0.00180746964 -0.0286327638 0.0101467026
v 0.00172413886 -0.0286775865 0.0098971324
v 0.0016961199 -0.0286650881 0.00990660582
v 0.00161790429 -0.0287884697 0.00968322717
v 0.00158855016 -0.0287773665 0.00969001465
v 0.00197420525 -0.0300051086 0.0107752811
v 0.00199877308 -0.0300009754 0.0107550276
v 0.00206772611 -0.0297714043 0.0108640175
v 0.00204402371 -0.029772656 0.01088564
v 0.00210677925 -0.0295137204 0.0109015722
v 0.00208356907 -0.029511733 0.0109236678
v 0.00211211271 -0.0292531475 0.0108640175
v 0.00208896818 -0.0292478856 0.01088564
v 0.00208320189 -0.0290151946 0.0107550276
v 0.00205969508 -0.029006945 0.0107752811
v 0.0020228785 -0.0288231559 0.0105852699
v 0.00138052762 -0.0297158286 0.0094077643
v 0.00141246256 -0.0297152828 0.00940447859
v 0.00144137442 -0.0299532358 0.00951346941
v 0.00138592778 -0.029451983 0.00936973747
v 0.00141779601 -0.02945471 0.00936692394
v 0.00142547302 -0.02919106 0.0094077643
v 0.00145685009 -0.0291970279 0.00940447859
v 0.0014952916 -0.0289586056 0.00951812509
v 0.00152580312 -0.0289674569 0.00951346941
v 0.00158855016 -0.0287773665 0.00969001465
v 0.00161790429 -0.0287884697 0.00968322717
v 0.00138052762 -0.0297158286 0.0094077643
v 0.00144137442 -0.0299532358 0.00951346941
v 0.00140980177 -0.0299567692 0.00951812509
v 0.00150169781 -0.0301452801 0.00968322717
v 0.00147088349 -0.0301512256 0.00969001465
v 0.00147088349 -0.0301512256 0.00969001465
v 0.00150169781 -0.0301452801 0.00968322717
v 0.00158752978 -0.0302726123 0.0098971324
v 0.00155779417 -0.0302801561 0.00990660582
v 0.00169046817 -0.0303227697 0.0101342481
v 0.00166202604 -0.0303309485 0.0101467026
v 0.00180043757 -0.0302908458 0.0103713656
v 0.00177337707 -0.0302986205 0.0103867985
v 0.00177337707 -0.0302986205 0.0103867985
v 0.00180043757 -0.0302908458 0.0103713656
v 0.00190667086 -0.0301799644 0.0105852699
v 0.00188094552 -0.0301863477 0.0106033906
v 0.00199877308 -0.0300009754 0.0107550276
v 0.00197420525 -0.0300051086 0.0107752811
v 0.0013661402 -0.0291352738 0.00926600304
v 0.00150076917 -0.0291291811 0.00914653204
v 0.00158863724 -0.028836634 0.00928541925
v 0.00144935306 -0.0288582202 0.00939753465
v 0.00131900841 -0.0294462498 0.00922068022
v 0.00150076917 -0.0291291811 0.00914653204
v 0.0013661402 -0.0291352738 0.00926600304
v 0.00145100174 -0.0294575542 0.00909867231
v 0.00131257228 -0.0297607128 0.00926600304
v 0.00144420564 -0.0297896061 0.00914653204
v 0.00134746253 -0.0300478805 0.00939753465
v 0.00148104725 -0.0300928373 0.00928541925
v 0.00142026239 -0.0302796401 0.00960240047
v 0.00155791931 -0.0303375628 0.00950174592
v 0.00204923446 -0.0286840741 0.0106910048
v 0.00222207373 -0.0286527462 0.0106512411
v 0.00229894463 -0.028897468 0.0108675659
v 0.00212203432 -0.0289158337 0.0108958706
v 0.00233578729 -0.0292006955 0.0110064549
v 0.00215692329 -0.0292030014 0.0110274022
v 0.00265812338 -0.0292283054 0.0108606797
v 0.00262128166 -0.028925078 0.0107217906
v 0.00232899003 -0.0295327511 0.0110543128
v 0.00215048855 -0.0295174643 0.0110727251
v 0.00265132729 -0.0295603611 0.0109085375
v 0.00278975535 -0.0292572007 0.0107412077
v 0.00278332038 -0.0295716636 0.0107865296
v 0.00260155974 -0.0298887324 0.0108606797
v 0.0027361887 -0.0298826396 0.0107412077
v 0.00227922248 -0.0298611224 0.0110064549
v 0.00210335664 -0.0298284404 0.0110274022
v 0.00202014274 -0.030105494 0.0108958706
v 0.00207398715 -0.0303817615 0.0106512411
v 0.00190899312 -0.0303214993 0.0106910048
v 0.00219135452 -0.0301536713 0.0108675659
v 0.00210335664 -0.0298284404 0.0110274022
v 0.00227922248 -0.0298611224 0.0110064549
v 0.00251369178 -0.0301812813 0.0107217906
v 0.00260155974 -0.0298887324 0.0108606797
v 0.0027361887 -0.0298826396 0.0107412077
v 0.00265297457 -0.0301596951 0.0106096752
v 0.00194564997 -0.028530404 0.0104328599
v 0.00222207373 -0.0286527462 0.0106512411
v 0.00204923446 -0.0286840741 0.0106910048
v 0.00211269432 -0.0284904838 0.010378656
v 0.00254441076 -0.0286803525 0.0105054658
v 0.00243503158 -0.02851809 0.0102328807
v 0.00257848203 -0.0285846051 0.0101466645
v 0.00268206536 -0.0287382733 0.0104048094
v 0.00262128166 -0.028925078 0.0107217906
v 0.00229894463 -0.028897468 0.0108675659
v 0.00275486521 -0.0289700329 0.0106096752
v 0.0018214219 -0.0284698717 0.0101467026
v 0.00211269432 -0.0284904838 0.010378656
v 0.00194564997 -0.028530404 0.0104328599
v 0.00198151753 -0.0284265615 0.010076493
v 0.00168870867 -0.0285083987 0.00986054633
v 0.00243503158 -0.02851809 0.0102328807
v 0.00184138119 -0.0284672435 0.00977433007
v 0.00156050257 -0.0286422148 0.00960240047
v 0.0023038548 -0.0284541696 0.00993071683
v 0.00170600472 -0.0286085457 0.00950174592
v 0.00144935306 -0.0288582202 0.00939753465
v 0.00158863724 -0.028836634 0.00928541925
v 0.00245425268 -0.0285240747 0.00986050721
v 0.00257848203 -0.0285846051 0.0101466645
v 0.00232154061 -0.0285625998 0.0095743509
v 0.00216371822 -0.0284948517 0.00962855481
v 0.00219333475 -0.0286964141 0.00931620505
v 0.00202834187 -0.0286361519 0.00935596973
v 0.00191097311 -0.0288642403 0.00913964398
v 0.00152384571 -0.0304333083 0.00986054633
v 0.00155791931 -0.0303375628 0.00950174592
v 0.00142026239 -0.0302796401 0.00960240047
v 0.00166729745 -0.0304998253 0.00977433007
v 0.00188025646 -0.030365169 0.00935596973
v 0.00198963447 -0.0305274315 0.00962855481
v 0.00215667789 -0.0304875113 0.0095743509
v 0.00205309317 -0.0303338394 0.00931620505
v 0.00180338323 -0.0301204436 0.00913964398
v 0.00148104725 -0.0300928373 0.00928541925
v 0.00164807378 -0.0304938424 0.0101467026
v 0.00166729745 -0.0304998253 0.00977433007
v 0.00152384571 -0.0304333083 0.00986054633
v 0.00179847411 -0.0305637456 0.010076493
v 0.00178078702 -0.0304553136 0.0104328599
v 0.00198963447 -0.0305274315 0.00962855481
v 0.00193861069 -0.0305230636 0.010378656
v 0.00190899312 -0.0303214993 0.0106910048
v 0.00207398715 -0.0303817615 0.0106512411
v 0.00212081126 -0.0305913538 0.00993071683
v 0.00226094783 -0.0305506699 0.0102328807
v 0.00228090584 -0.0305480454 0.00986050721
v 0.00215667789 -0.0304875113 0.0095743509
v 0.00241361908 -0.0305095166 0.0101466645
v 0.00254182401 -0.0303756986 0.0104048094
v 0.00239632418 -0.0304093696 0.0105054658
v 0.00219135452 -0.0301536713 0.0108675659
v 0.00265297457 -0.0301596951 0.0106096752
v 0.00251369178 -0.0301812813 0.0107217906
v 0.00201875973 -0.0295061823 0.00908354297
v 0.00201335968 -0.0297700278 0.00912156887
v 0.00199021515 -0.0297647659 0.00914319325
v 0.00199554861 -0.029504193 0.00910563767
v 0.00205830391 -0.0292452592 0.00912156887
v 0.00203460269 -0.0292465109 0.00914319325
v 0.00263144542 -0.0288666878 0.0103171952
v 0.00251479913 -0.0287453029 0.0101100774
v 0.00260062981 -0.0288726371 0.0103239836
v 0.00254453486 -0.0287377536 0.0101006012
v 0.00241185958 -0.0286951438 0.00987296179
v 0.0024403017 -0.0286869667 0.00986050721
v 0.00230189133 -0.0287270676 0.00963584613
v 0.00232895184 -0.0287192892 0.00962041132
v 0.00219565677 -0.0288379528 0.00942194089
v 0.00222138222 -0.0288315676 0.00940381922
v 0.00260703615 -0.0300593078 0.0104890857
v 0.00264547765 -0.0298208874 0.0106027313
v 0.00257652462 -0.0300504584 0.0104937404
v 0.00267685577 -0.0298268553 0.0105994446
v 0.00268453173 -0.0295632016 0.0106402859
v 0.00271639996 -0.0295659322 0.0106374724
v 0.00268986518 -0.0293026324 0.0106027313
v 0.00272180024 -0.0293020867 0.0105994446
v 0.0026609546 -0.0290646777 0.0104937404
v 0.00269252597 -0.0290611442 0.0104890857
v 0.00260062981 -0.0288726371 0.0103239836
v 0.00263144542 -0.0288666878 0.0103171952
v 0.00201335968 -0.0297700278 0.00912156887
v 0.00204263395 -0.0300109684 0.00923192967
v 0.00201912574 -0.0300027188 0.00925218407
v 0.00199021515 -0.0297647659 0.00914319325
v 0.00204263395 -0.0300109684 0.00923192967
v 0.00207944936 -0.0301947612 0.00942194089
v 0.00201912574 -0.0300027188 0.00925218407
v 0.00210371544 -0.0302054249 0.00940381922
v 0.00216528238 -0.0303220935 0.00963584613
v 0.00219062623 -0.0303343553 0.00962041132
v 0.00226822076 -0.0303722527 0.00987296179
v 0.00229485799 -0.0303851496 0.00986050721
v 0.00237819017 -0.0303403269 0.0101100784
v 0.00240620901 -0.0303528216 0.0101006031
v 0.00248442357 -0.0302294455 0.0103239836
v 0.00251377886 -0.0302405469 0.0103171952
v 0.00222138222 -0.0288315676 0.00940381922
v 0.00212812237 -0.0290128049 0.00923192967
v 0.00210355571 -0.0290169399 0.00925218407
v 0.00219565677 -0.0288379528 0.00942194089
v 0.00212812237 -0.0290128049 0.00923192967
v 0.00205830391 -0.0292452592 0.00912156887
v 0.00203460269 -0.0292465109 0.00914319325
v 0.00210355571 -0.0290169399 0.00925218407
v 0.00251377886 -0.0302405469 0.0103171952
v 0.00260703615 -0.0300593078 0.0104890857
v 0.00257652462 -0.0300504584 0.0104937404
v 0.00248442357 -0.0302294455 0.0103239836
v 0.00275486521 -0.0289700329 0.0106096752
v 0.00278975535 -0.0292572007 0.0107412077
v 0.00265812338 -0.0292283054 0.0108606797
v 0.00262128166 -0.028925078 0.0107217906
v 0.00195183931 -0.0295004509 0.00893448479
v 0.00199897098 -0.029189473 0.00897980761
v 0.00182310631 -0.0291567873 0.00900075585
v 0.00191097311 -0.0288642403 0.00913964398
v 0.00150076917 -0.0291291811 0.00914653204
v 0.00158863724 -0.028836634 0.00928541925
v 0.00208218512 -0.0289124195 0.00911134016
v 0.00202834187 -0.0286361519 0.00935596973
v 0.00219333475 -0.0286964141 0.00931620505
v 0.00205309317 -0.0303338394 0.00931620505
v 0.00180338323 -0.0301204436 0.00913964398
v 0.00188025646 -0.030365169 0.00935596973
v 0.00198029331 -0.0301020797 0.00911134016
v 0.00176654279 -0.0298172142 0.00900075585
v 0.00148104725 -0.0300928373 0.00928541925
v 0.00194540434 -0.029814912 0.00897980761
v 0.00144420564 -0.0297896061 0.00914653204
v 0.00177333888 -0.0294851623 0.00895289704
v 0.00195183931 -0.0295004509 0.00893448479
v 0.00145100174 -0.0294575542 0.00909867231
v 0.00182310631 -0.0291567873 0.00900075585
v 0.00150076917 -0.0291291811 0.00914653204
v 0.00024163902 -0.025458293 -0.000904477085
v 0.000126509069 -0.0268025324 -0.000904476969
v 0.00833086576 -0.0288075302 -0.000696272589
v 0.00839824043 -0.0280230641 -0.000696267933
v 0.00860914774 -0.0289128292 -0.000690101471
v 0.0084228497 -0.0277695954 -0.000602012384
v 0.000278190972 -0.0252069067 -0.000809983525
v 0.0087010432 -0.0278792083 -0.000595847494
v 0.00867622159 -0.0281349327 -0.000690097921
v 0.00891521946 -0.0290938318 -0.000684869068
v 0.00901009329 -0.0280379932 -0.000590621668
v 0.00898479018 -0.0282972734 -0.000684867322
v 0.00920248777 -0.0293229837 -0.00068137265
v 0.00930294581 -0.0282219145 -0.000587131421
v 0.00927696284 -0.0284857936 -0.00068137265
v 0.00942721404 -0.0295653902 -0.000680144993
v 0.00953500345 -0.0284031648 -0.000585907779
v 0.00950821396 -0.0286724959 -0.0006801454
v 0.00953924656 -0.0297484193 -0.000680145284
v 0.00994248409 -0.0288365353 -0.000585907663
v 0.00985346362 -0.0290451385 -0.000680144993
v 0.00960429665 -0.0299142804 -0.000601837004
v 0.0101294471 -0.0294471141 -0.000520767586
v 0.0100204321 -0.0295476094 -0.000601836713
v 0.00962363277 -0.0301477015 -0.000483034848
v 0.0100321481 -0.0300602242 -0.000483034761
v 0.0095941145 -0.0303392764 -0.000347885099
v 0.00975174736 -0.0305486582 -0.00034788542
v 0.0101407999 -0.0300343931 -0.000421969249
v 0.00975174736 -0.0305486582 -0.00034788542
v 0.0097951293 -0.0306036733 -0.000309576018
v 0.00941880513 -0.0295629352 -0.000120372446
v 0.00942721125 -0.0295653902 0.000439400523
v 0.00953924656 -0.0297484193 0.000439400523
v 0.0095207477 -0.0297342204 -0.000120372126
v 0.00942721404 -0.0295653902 -0.000680144993
v 0.00960429665 -0.0299142804 0.000361093116
v 0.00953924656 -0.0297484193 -0.000680145284
v 0.00959368236 -0.0298972595 -0.000120372119
v 0.00962363277 -0.0301477015 0.000242289694
v 0.00960429665 -0.0299142804 -0.000601837004
v 0.00962293707 -0.0301326048 -0.000120372999
v 0.0095941117 -0.0303392764 0.000107140928
v 0.00962363277 -0.0301477015 -0.000483034848
v 0.00960252341 -0.0303348918 -0.000120372395
v 0.0095941145 -0.0303392764 -0.000347885099
v 0.000278190972 -0.0252069067 -0.000809983525
v 0.000323154323 -0.0251053311 -0.00058185641
v 0.000395979267 -0.0251115691 -0.000120372744
v 0.00024163902 -0.025458293 -0.000904477085
v 0.000126509069 -0.0268025324 -0.000904476969
v 0.00025024591 -0.026813129 -0.000120372664
v 0.000126509069 -0.0268025324 0.000663731364
v 0.00024163902 -0.025458293 0.000663731305
v 0.000278190972 -0.025206903 0.000569237745
v 0.000323154323 -0.0251053311 0.000341110601
v 0.00025024591 -0.026813129 -0.000120372664
v 0.000126509069 -0.0268025324 0.000663731364
v 0.00833086576 -0.0288075302 0.000455527974
v 0.00832660217 -0.028805716 -0.000120372526
v 0.000126509069 -0.0268025324 -0.000904476969
v 0.00860914774 -0.0289128292 0.000449355895
v 0.00833086576 -0.0288075302 -0.000696272589
v 0.00860449858 -0.028911408 -0.000120371915
v 0.00891521946 -0.0290938318 0.000444123812
v 0.00860914774 -0.0289128292 -0.000690101471
v 0.00890964828 -0.0290924255 -0.000120372184
v 0.0092024859 -0.0293229837 0.000440628297
v 0.00891521946 -0.0290938318 -0.000684869068
v 0.00919559505 -0.0293212123 -0.000120372162
v 0.00942721125 -0.0295653902 0.000439400523
v 0.00920248777 -0.0293229837 -0.00068137265
v 0.00941880513 -0.0295629352 -0.000120372446
v 0.00942721404 -0.0295653902 -0.000680144993
v 0.0101294471 -0.0294471141 0.000280023
v 0.00994248409 -0.0288365353 0.000345163426
v 0.00997312833 -0.0287453458 0.000117654257
v 0.0101710241 -0.0293997563 8.43030939E-05
v 0.0101855677 -0.0300186072 3.37989259E-05
v 0.0101665137 -0.0293925181 -0.000120372417
v 0.00996526238 -0.0287393071 -0.000120372453
v 0.0101710269 -0.0293997563 -0.000325047615
v 0.00997312833 -0.0287453458 -0.000358399149
v 0.00994248409 -0.0288365353 -0.000585907663
v 0.00985346362 -0.0290451385 0.000439400203
v 0.00953500066 -0.0284031648 0.000345163047
v 0.00994248409 -0.0288365353 0.000345163426
v 0.0100204349 -0.0295476113 0.000361092825
v 0.0101294471 -0.0294471141 0.000280023
v 0.0101407999 -0.0300343931 0.000181223557
v 0.0100321481 -0.0300602242 0.000242289127
v 0.0084228497 -0.0277695954 0.000361267914
v 0.000278190972 -0.025206903 0.000569237745
v 0.000323154323 -0.0251053311 0.000341110601
v 0.0084387213 -0.0276645981 0.000133717884
v 0.0087010432 -0.0278792083 0.000355102413
v 0.00844637677 -0.0276645888 -0.000120372279
v 0.000395979267 -0.0251115691 -0.000120372744
v 0.00871684868 -0.0277735367 0.000127562816
v 0.00901009608 -0.0280379951 0.000349877169
v 0.0084387213 -0.0276645981 -0.000374462747
v 0.000323154323 -0.0251053311 -0.00058185641
v 0.00871684868 -0.0277735367 -0.000368307956
v 0.0087241102 -0.0277738757 -0.000120372555
v 0.00902582426 -0.0279312674 -0.000363093714
v 0.00903259125 -0.0279321186 -0.000120372242
v 0.00931861717 -0.0281137619 -0.000359613972
v 0.00902582426 -0.0279312674 0.00012234952
v 0.00930294581 -0.0282219145 0.000346386427
v 0.00932485424 -0.0281152241 -0.000120372213
v 0.00955065526 -0.0282932427 -0.000358398334
v 0.00931861904 -0.0281137619 0.000118869539
v 0.00953500066 -0.0284031648 0.000345163047
v 0.00955641083 -0.0282953121 -0.000120371893
v 0.00955065526 -0.0282932427 0.000117653603
v 0.00994248409 -0.0288365353 0.000345163426
v 0.00997312833 -0.0287453458 0.000117654257
v 0.00996526238 -0.0287393071 -0.000120372453
v 0.00997312833 -0.0287453458 -0.000358399149
v 0.00953500345 -0.0284031648 -0.000585907779
v 0.00994248409 -0.0288365353 -0.000585907663
v 0.00930294581 -0.0282219145 -0.000587131421
v 0.00953500345 -0.0284031648 -0.000585907779
v 0.00955065526 -0.0282932427 -0.000358398334
v 0.00931861717 -0.0281137619 -0.000359613972
v 0.00901009329 -0.0280379932 -0.000590621668
v 0.00902582426 -0.0279312674 -0.000363093714
v 0.0087010432 -0.0278792083 -0.000595847494
v 0.00871684868 -0.0277735367 -0.000368307956
v 0.0084228497 -0.0277695954 -0.000602012384
v 0.0084387213 -0.0276645981 -0.000374462747
v 0.000278190972 -0.0252069067 -0.000809983525
v 0.000323154323 -0.0251053311 -0.00058185641
v 0.00962363277 -0.0301477015 0.000242289694
v 0.0100321481 -0.0300602242 0.000242289127
v 0.00975174457 -0.0305486582 0.00010714063
v 0.00960429665 -0.0299142804 0.000361093116
v 0.0100204349 -0.0295476113 0.000361092825
v 0.00953924656 -0.0297484193 0.000439400523
v 0.00985346362 -0.0290451385 0.000439400203
v 0.00942721125 -0.0295653902 0.000439400523
v 0.00950821396 -0.0286724959 0.000439400435
v 0.00953500066 -0.0284031648 0.000345163047
v 0.0092024859 -0.0293229837 0.000440628297
v 0.00930294581 -0.0282219145 0.000346386427
v 0.00927696284 -0.0284857936 0.000440627104
v 0.00891521946 -0.0290938318 0.000444123812
v 0.00901009608 -0.0280379951 0.000349877169
v 0.00898479018 -0.0282972734 0.000444122852
v 0.00860914774 -0.0289128292 0.000449355895
v 0.0087010432 -0.0278792083 0.000355102413
v 0.00867622159 -0.0281349327 0.000449353451
v 0.00833086576 -0.0288075302 0.000455527974
v 0.0084228497 -0.0277695954 0.000361267914
v 0.00839824229 -0.0280230641 0.000455523725
v 0.000126509069 -0.0268025324 0.000663731364
v 0.000278190972 -0.025206903 0.000569237745
v 0.00024163902 -0.025458293 0.000663731305
v 0.0097951293 -0.0306036733 6.88318542E-05
v 0.00981593132 -0.0306249801 -2.36539909E-05
v 0.0098195076 -0.0306231175 -0.000120372068
v 0.0097951293 -0.0306036733 -0.000309576018
v 0.00981593132 -0.0306249801 -0.000217089852
v 0.00975174457 -0.0305486582 0.00010714063
v 0.00975174736 -0.0305486582 -0.00034788542
v 0.0095941117 -0.0303392764 0.000107140928
v 0.0095941145 -0.0303392764 -0.000347885099
v 0.0101407999 -0.0300343931 0.000181223557
v 0.0097951293 -0.0306036733 6.88318542E-05
v 0.00975174457 -0.0305486582 0.00010714063
v 0.0101407999 -0.0300343931 0.000181223557
v 0.00981593132 -0.0306249801 -2.36539909E-05
v 0.0097951293 -0.0306036733 6.88318542E-05
v 0.0101855677 -0.0300186072 3.37989259E-05
v 0.0098195076 -0.0306231175 -0.000120372068
v 0.0101852752 -0.0300121903 -0.000120372089
v 0.00981593132 -0.0306249801 -0.000217089852
v 0.0101855677 -0.0300186072 -0.000274543097
v 0.0097951293 -0.0306036733 -0.000309576018
v 0.0101407999 -0.0300343931 -0.000421969249
v 0.00921395328 -0.0306251701 0.000227962257
v 0.00920595694 -0.0306182504 0.000197645553
v 0.00934508815 -0.0303946901 0.000197645844
v 0.00935482979 -0.0303988047 0.000227962562
v 0.00940832216 -0.0301390756 0.000197646106
v 0.00941886008 -0.030139979 0.000227962519
v 0.00938947499 -0.0298764333 0.000197645815
v 0.00939977448 -0.0298740361 0.000227962519
v 0.00773976138 -0.0302604791 0.000227962781
v 0.00784915034 -0.0305020437 0.000197646077
v 0.00784009509 -0.0305075049 0.00022796249
v 0.00775006087 -0.03025808 0.000197645481
v 0.00772067579 -0.0299945343 0.000227962446
v 0.00773121417 -0.0299954377 0.000197645742
v 0.00778470561 -0.0297357105 0.000227962752
v 0.00779444724 -0.0297398251 0.000197645437
v 0.00890131481 -0.0292821918 0.000227962446
v 0.00864158664 -0.0292287041 0.000197645742
v 0.00864249002 -0.0292181652 0.000227962752
v 0.00889720023 -0.0292919371 0.000197646339
v 0.00912768394 -0.0294230711 0.000227962781
v 0.00912076049 -0.0294310674 0.000197645772
v 0.0092994431 -0.0296270084 0.000227962228
v 0.00929038785 -0.0296324696 0.00019764551
v 0.00784009509 -0.0305075049 0.00022796249
v 0.00784915034 -0.0305020437 0.000197646077
v 0.00801877584 -0.0307034478 0.000197645815
v 0.00801185146 -0.0307114404 0.000227962519
v 0.00864249002 -0.0292181652 0.000227962752
v 0.00864158664 -0.0292287041 0.000197645742
v 0.00837894715 -0.0292475503 0.000197645437
v 0.0083765462 -0.029237248 0.000227962752
v 0.00813498255 -0.0293466393 0.000197645742
v 0.00812951848 -0.0293375812 0.000227962446
v 0.00793357845 -0.0295162648 0.000197646033
v 0.00792558491 -0.0295093413 0.000227962446
v 0.00801185146 -0.0307114404 0.000227962519
v 0.00801877584 -0.0307034478 0.000197645815
v 0.00824233796 -0.0308425762 0.00019764551
v 0.00823822059 -0.0308523141 0.000227962824
v 0.00849794876 -0.0309058111 0.000197645815
v 0.00849704538 -0.03091635 0.000227962824
v 0.00876059104 -0.0308869611 0.000197646106
v 0.00876298919 -0.0308972616 0.000227962824
v 0.00900455471 -0.0307878777 0.000197645248
v 0.00792558491 -0.0295093413 0.000227962446
v 0.00793357845 -0.0295162648 0.000197646033
v 0.00779444724 -0.0297398251 0.000197645437
v 0.00778470561 -0.0297357105 0.000227962752
v 0.00939977448 -0.0298740361 0.000227962519
v 0.00938947499 -0.0298764333 0.000197645815
v 0.00929038785 -0.0296324696 0.00019764551
v 0.0092994431 -0.0296270084 0.000227962228
v 0.00876298919 -0.0308972616 0.000227962824
v 0.00900455471 -0.0307878777 0.000197645248
v 0.00901001692 -0.0307969302 0.000227962853
v 0.00920595694 -0.0306182504 0.000197645553
v 0.00921395328 -0.0306251701 0.000227962257
v 0.00763409678 -0.0296721067 0.000227962752
v 0.00775905652 -0.029365113 5.70585944E-05
v 0.00780200027 -0.0294023063 0.000227962752
v 0.00758176111 -0.0296500009 5.70589109E-05
v 0.00755778374 -0.0299805831 0.000227962446
v 0.00775905652 -0.029365113 -0.000297784864
v 0.00750117842 -0.0299757347 5.70589109E-05
v 0.0075805313 -0.0302975457 0.000227962781
v 0.00758176111 -0.0296500009 -0.000297784864
v 0.0075251963 -0.0303104278 5.70589291E-05
v 0.00770010985 -0.0305919666 0.000227962781
v 0.00765146548 -0.0306213163 5.7058649E-05
v 0.00750117842 -0.0299757347 -0.000297784543
v 0.0075251963 -0.0303104278 -0.000297784834
v 0.00765146548 -0.0306213163 -0.000297784805
v 0.00770010985 -0.0305919666 -0.000468687096
v 0.00790481828 -0.030835025 -0.000468687416
v 0.0075805313 -0.0302975457 -0.000468687416
v 0.00755778374 -0.0299805831 -0.000468687474
v 0.00763409678 -0.0296721067 -0.000468687474
v 0.00780200027 -0.0294023063 -0.000468687183
v 0.008015709 -0.0291489549 -0.000297784864
v 0.0080450587 -0.0291975997 -0.000468687474
v 0.00933753513 -0.0307322089 0.000227962257
v 0.0091238264 -0.0309855603 5.70587254E-05
v 0.0090944767 -0.0309369154 0.000227962257
v 0.00938047934 -0.0307694022 5.70587254E-05
v 0.0091238264 -0.0309855603 -0.000297784456
v 0.00938047934 -0.0307694022 -0.000297784136
v 0.00933753513 -0.0307322089 -0.00046868762
v 0.0090944767 -0.0309369154 -0.00046868762
v 0.00896492042 -0.0291315857 0.00022796249
v 0.00898702443 -0.0290792491 5.70589291E-05
v 0.00927191321 -0.0292565431 5.7058649E-05
v 0.00923471712 -0.0292994902 0.000227962184
v 0.00950543955 -0.0304624066 0.000227962853
v 0.00938047934 -0.0307694022 5.70587254E-05
v 0.00933753513 -0.0307322089 0.000227962257
v 0.00955777708 -0.0304845106 5.7059322E-05
v 0.00958175212 -0.0301539302 0.000227963115
v 0.00963835791 -0.0301587787 5.70590018E-05
v 0.00938047934 -0.0307694022 -0.000297784136
v 0.00955777708 -0.0304845106 -0.000297783845
v 0.00963835791 -0.0301587787 -0.000297783874
v 0.00950543955 -0.0304624066 -0.000468687329
v 0.00933753513 -0.0307322089 -0.00046868762
v 0.00958175212 -0.0301539302 -0.000468687096
v 0.00955900736 -0.0298369695 -0.000468687416
v 0.0096143391 -0.0298240837 -0.000297783874
v 0.00865644217 -0.0290552732 0.000227962752
v 0.00898702443 -0.0290792491 5.70589291E-05
v 0.00896492042 -0.0291315857 0.00022796249
v 0.0086612897 -0.0289986655 5.70586126E-05
v 0.00833947957 -0.0290780179 0.000227962446
v 0.00832659751 -0.0290226862 5.70588927E-05
v 0.0080450587 -0.0291975997 0.000227962417
v 0.008015709 -0.0291489549 5.70585944E-05
v 0.00832659751 -0.0290226862 -0.000297784572
v 0.0086612897 -0.0289986655 -0.000297784543
v 0.00898702163 -0.0290792491 -0.000297784252
v 0.00833947677 -0.0290780179 -0.000468687474
v 0.0080450587 -0.0291975997 -0.000468687474
v 0.00865644217 -0.0290552732 -0.000468687474
v 0.00896492042 -0.0291315857 -0.000468687416
v 0.00927191321 -0.0292565431 -0.000297784514
v 0.00927191321 -0.0292565431 5.7058649E-05
v 0.00780200027 -0.0294023063 0.000227962752
v 0.008015709 -0.0291489549 5.70585944E-05
v 0.0080450587 -0.0291975997 0.000227962417
v 0.00775905652 -0.029365113 5.70585944E-05
v 0.008015709 -0.0291489549 -0.000297784864
v 0.00775905652 -0.029365113 -0.000297784864
v 0.00832659751 -0.0290226862 -0.000297784572
v 0.0080450587 -0.0291975997 -0.000468687474
v 0.00955900736 -0.0298369695 0.000227962824
v 0.00963835791 -0.0301587787 5.70590018E-05
v 0.00958175212 -0.0301539302 0.000227963115
v 0.0096143391 -0.0298240837 5.70593002E-05
v 0.00963835791 -0.0301587787 -0.000297783874
v 0.00943942834 -0.0295425486 0.000227962519
v 0.0096143391 -0.0298240837 -0.000297783874
v 0.00948807038 -0.0295131989 5.70586672E-05
v 0.00923471712 -0.0292994902 0.000227962184
v 0.00927191321 -0.0292565431 5.7058649E-05
v 0.00948807038 -0.0295131989 -0.000297784194
v 0.00927191321 -0.0292565431 -0.000297784514
v 0.00923471712 -0.0292994902 -0.000468687707
v 0.00943942834 -0.0295425486 -0.000468687707
v 0.00955900736 -0.0298369695 -0.000468687416
v 0.00912768394 -0.0294230711 -0.000468687416
v 0.00889720023 -0.0292919371 -0.00043837016
v 0.00912076049 -0.0294310674 -0.000438370393
v 0.00890131481 -0.0292821918 -0.000468687474
v 0.00864158664 -0.0292287041 -0.00043837048
v 0.00864249002 -0.0292181652 -0.000468687474
v 0.00837894715 -0.0292475503 -0.000438370771
v 0.008376549 -0.029237248 -0.000468687474
v 0.00813498255 -0.0293466393 -0.000438370771
v 0.00812951848 -0.0293375812 -0.000468687183
v 0.00793357845 -0.0295162648 -0.00043837016
v 0.00792558491 -0.0295093413 -0.000468687474
v 0.00921395328 -0.0306251701 -0.00046868762
v 0.00934508815 -0.0303946901 -0.000438370334
v 0.00920595881 -0.0306182504 -0.000438370625
v 0.00935482979 -0.0303988047 -0.00046868762
v 0.00940832216 -0.0301390756 -0.000438370393
v 0.00941886008 -0.030139979 -0.000468687416
v 0.00938947499 -0.0298764333 -0.000438370393
v 0.00939977448 -0.0298740361 -0.000468687707
v 0.00929038785 -0.0296324696 -0.000438370684
v 0.0092994431 -0.0296270084 -0.000468687707
v 0.00912076049 -0.0294310674 -0.000438370393
v 0.00912768394 -0.0294230711 -0.000468687416
v 0.00784009509 -0.0305075049 -0.000468687416
v 0.00801185146 -0.0307114404 -0.000468687096
v 0.00801877584 -0.0307034478 -0.000438370684
v 0.00784915034 -0.0305020437 -0.000438370102
v 0.00773976138 -0.0302604791 -0.000468687416
v 0.0077500632 -0.03025808 -0.000438370393
v 0.00772067811 -0.0299945343 -0.000468687183
v 0.00773121417 -0.0299954377 -0.00043837048
v 0.00778470561 -0.0297357105 -0.000468687474
v 0.00779444957 -0.0297398251 -0.00043837048
v 0.00801185146 -0.0307114404 -0.000468687096
v 0.00824233796 -0.0308425762 -0.000438370684
v 0.00801877584 -0.0307034478 -0.000438370684
v 0.00823822338 -0.0308523141 -0.000468687416
v 0.00849794876 -0.0309058111 -0.000438370393
v 0.00849704538 -0.03091635 -0.000468687416
v 0.00849704538 -0.03091635 -0.000468687416
v 0.0087605929 -0.0308869649 -0.000438370393
v 0.00849794876 -0.0309058111 -0.000438370393
v 0.00876298919 -0.0308972616 -0.000468687096
v 0.00900455471 -0.0307878777 -0.000438370625
v 0.00901001692 -0.0307969302 -0.000468687329
v 0.00792558491 -0.0295093413 -0.000468687474
v 0.00778470561 -0.0297357105 -0.000468687474
v 0.00779444957 -0.0297398251 -0.00043837048
v 0.00793357845 -0.0295162648 -0.00043837016
v 0.00901001692 -0.0307969302 -0.000468687329
v 0.00921395328 -0.0306251701 -0.00046868762
v 0.00920595881 -0.0306182504 -0.000438370625
v 0.00900455471 -0.0307878777 -0.000438370625
v 0.00817461498 -0.0310029294 -0.000468687416
v 0.00790481828 -0.030835025 -0.000468687416
v 0.00786762498 -0.0308779702 -0.000297784805
v 0.00815251376 -0.031055266 -0.000297784485
v 0.00848309603 -0.0310792439 -0.000468687416
v 0.0084782457 -0.0311358497 -0.000297784456
v 0.00880005863 -0.0310564972 -0.000468687329
v 0.00881293789 -0.031111829 -0.000297784136
v 0.0090944767 -0.0309369154 -0.00046868762
v 0.0091238264 -0.0309855603 -0.000297784456
v 0.0091238264 -0.0309855603 5.70587254E-05
v 0.00881293789 -0.031111829 5.70590237E-05
v 0.0090944767 -0.0309369154 0.000227962257
v 0.00880005863 -0.0310564972 0.000227962562
v 0.0084782457 -0.0311358497 5.70587072E-05
v 0.00848309603 -0.0310792439 0.000227962824
v 0.00815251376 -0.031055266 5.70589837E-05
v 0.00817461498 -0.0310029294 0.000227962519
v 0.00786762498 -0.0308779702 5.70586672E-05
v 0.00765146548 -0.0306213163 -0.000297784805
v 0.00790481642 -0.030835025 0.00022796249
v 0.00765146548 -0.0306213163 5.7058649E-05
v -0.00324525288 -0.0251596496 0.00217268988
v -0.00336038414 -0.0265038889 0.00217268988
v -0.00932999887 -0.0272949282 0.00809829496
v -0.00926294178 -0.0265104361 0.00809842721
v -0.00953718368 -0.0273586512 0.00830220897
v -0.00947086327 -0.0265806876 0.00830253307
v -0.00977327768 -0.0274932161 0.00853160024
v -0.00970596634 -0.026696464 0.00853257719
v -0.0100023411 -0.0276781451 0.00875154696
v -0.00993250776 -0.0268405583 0.0087535549
v -0.0101894969 -0.0278852768 0.00892856158
v -0.0101160761 -0.0269917343 0.00893184356
v -0.0102912737 -0.0280499924 0.00902108848
v -0.0104022715 -0.027310295 0.00920510106
v -0.0105890343 -0.027849324 0.00853805151
v -0.0110006137 -0.0278158057 0.00816002954
v -0.0111023905 -0.027980525 0.0082525555
v -0.0106823249 -0.0280038845 0.0086225383
v -0.0101894969 -0.0278852768 0.00892856158
v -0.0111132953 -0.0281398799 0.008363734
v -0.0102912737 -0.0280499924 0.00902108848
v -0.010754874 -0.0281544663 0.0086854985
v -0.0110737272 -0.0283750333 0.00847378187
v -0.0104156472 -0.0281996317 0.0090247551
v -0.0108083412 -0.0283827242 0.00872129574
v -0.0109833786 -0.0285768732 0.00855705701
v -0.0105482265 -0.0284200404 0.00897169393
v -0.0108235832 -0.0285854544 0.00871905591
v -0.01065371 -0.0286051091 0.00886941794
v -0.0110179735 -0.0269475188 0.00872553233
v -0.0110686943 -0.0275737848 0.00906919781
v -0.0112210633 -0.0275675859 0.0089324126
v -0.0108393496 -0.0269574523 0.008882856
v -0.0109244864 -0.0275929868 0.00921341963
v -0.0110596176 -0.0281990189 0.00922768656
v -0.0109248897 -0.0282301772 0.00929743424
v -0.0107614445 -0.0276578702 0.00932058878
v -0.0105006527 -0.0270856395 0.00919196196
v -0.0106730675 -0.0269770585 0.00905232783
v -0.0101637905 -0.02671602 0.00886984635
v -0.0103234136 -0.0265910849 0.00871818792
v -0.00336038414 -0.0265038889 0.00217268988
v -0.00324525288 -0.0251596496 0.00217268988
v -0.00330231129 -0.0249002483 0.00211870624
v -0.00348334014 -0.024779316 0.00198837765
v -0.00401341496 -0.0264479611 0.00172473292
v -0.00386768044 -0.0247463975 0.00172473292
v -0.0104022715 -0.027310295 0.00920510106
v -0.0102912737 -0.0280499924 0.00902108848
v -0.0104156472 -0.0281996317 0.0090247551
v -0.0106436247 -0.0277777947 0.00930349715
v -0.0105482265 -0.0284200404 0.00897169393
v -0.0108110998 -0.0282750595 0.0092622377
v -0.0107614445 -0.0276578702 0.00932058878
v -0.0105006527 -0.0270856395 0.00919196196
v -0.0109248897 -0.0282301772 0.00929743424
v -0.0107900072 -0.0287893172 0.00899661612
v -0.0108548999 -0.0288350582 0.00900516473
v -0.0101160761 -0.0269917343 0.00893184356
v -0.0101637905 -0.02671602 0.00886984635
v -0.00993250776 -0.0268405583 0.0087535549
v -0.00998046529 -0.0265703462 0.00869131088
v -0.00970596634 -0.026696464 0.00853257719
v -0.00975412782 -0.0264308956 0.0084701227
v -0.00947086327 -0.0265806876 0.00830253307
v -0.0095192166 -0.0263186973 0.00823994819
v -0.00926294178 -0.0265104361 0.00809842721
v -0.00931147672 -0.0262507033 0.00803582463
v -0.00324525288 -0.0251596496 0.00217268988
v -0.00330231129 -0.0249002483 0.00211870624
v -0.00401341496 -0.0264479611 0.00172473292
v -0.00449656183 -0.0264065787 0.00109616457
v -0.0101644872 -0.0272234548 0.00730761932
v -0.00974410865 -0.0272580124 0.00769975595
v -0.00336038414 -0.0265038889 0.00217268988
v -0.0103627294 -0.0272879452 0.00752000837
v -0.00932999887 -0.0272949282 0.00809829496
v -0.00994661823 -0.0273225587 0.0079076523
v -0.0105912425 -0.027423162 0.00775658293
v -0.00953718368 -0.0273586512 0.00830220897
v -0.0101783015 -0.0274575986 0.00813996792
v -0.0108152386 -0.027608525 0.00798132923
v -0.00977327768 -0.0274932161 0.00853160024
v -0.0104038902 -0.0276425742 0.00836133491
v -0.0110006137 -0.0278158057 0.00816002954
v -0.0100023411 -0.0276781451 0.00875154696
v -0.0105890343 -0.027849324 0.00853805151
v -0.0101894969 -0.0278852768 0.00892856158
v -0.00449656183 -0.0264065787 0.00109616457
v -0.00401341496 -0.0264479611 0.00172473292
v -0.00386768044 -0.0247463975 0.00172473292
v -0.00438143173 -0.0250623394 0.00109616446
v -0.00430156756 -0.0248146597 0.00117191405
v -0.00415203627 -0.0247220434 0.00135478971
v -0.0113416212 -0.0276081786 0.00877087191
v -0.0111752171 -0.0270278659 0.00855281111
v -0.0110179735 -0.0269475188 0.00872553233
v -0.0112210633 -0.0275675859 0.0089324126
v -0.0100093801 -0.0261909291 0.00737456325
v -0.00430156756 -0.0248146597 0.00117191405
v -0.00415203627 -0.0247220434 0.00135478971
v -0.00984016526 -0.0260990653 0.00753575424
v -0.0102081867 -0.0262596887 0.00758715207
v -0.00966123492 -0.0261137262 0.00771572534
v -0.00386768044 -0.0247463975 0.00172473292
v -0.0100388359 -0.0261671674 0.00774824293
v -0.0104355263 -0.0263725352 0.00782450009
v -0.00947198458 -0.0261305999 0.00788460393
v -0.00348334014 -0.024779316 0.00198837765
v -0.00967957173 -0.0261979382 0.00808864273
v -0.00986414868 -0.026181845 0.00792372506
v -0.00991427619 -0.0263091009 0.00831870735
v -0.0100948131 -0.0262939129 0.00815704092
v -0.0101403613 -0.0264471602 0.00853977352
v -0.0102659827 -0.0262789801 0.00798546616
v -0.0106568048 -0.0265124198 0.00805048086
v -0.010318107 -0.0264328625 0.00838015042
v -0.0104870265 -0.0264174677 0.00821131002
v -0.0108383577 -0.0266582463 0.00823069643
v -0.0103234136 -0.0265910849 0.00871818792
v -0.00998046529 -0.0265703462 0.00869131088
v -0.0105000418 -0.0265775342 0.00855908822
v -0.0106730675 -0.0269770585 0.00905232783
v -0.0108393496 -0.0269574523 0.008882856
v -0.0106683178 -0.0265615452 0.00839139335
v -0.0111752171 -0.0270278659 0.00855281111
v -0.0110179735 -0.0269475188 0.00872553233
v -0.0113416212 -0.0276081786 0.00877087191
v -0.0112210633 -0.0275675859 0.0089324126
v -0.011283014 -0.0281798858 0.00901601929
v -0.0113619063 -0.0281927492 0.0088833617
v -0.0112210633 -0.0275675859 0.0089324126
v -0.0111701982 -0.0281831548 0.00912124198
v -0.011283014 -0.0281798858 0.00901601929
v -0.0110686943 -0.0275737848 0.00906919781
v -0.0110596176 -0.0281990189 0.00922768656
v -0.0108235832 -0.0285854544 0.00871905591
v -0.0109833786 -0.0285768732 0.00855705701
v -0.0111196758 -0.0287610814 0.00868425518
v -0.0111290598 -0.0288115777 0.0087453993
v -0.01065371 -0.0286051091 0.00886941794
v -0.0110791326 -0.0288353786 0.00882528163
v -0.0110112047 -0.0288390294 0.00889415108
v -0.0107900072 -0.0287893172 0.00899661612
v -0.0109389853 -0.0288473815 0.00895806961
v -0.0108548999 -0.0288350582 0.00900516473
v -0.0113619063 -0.0281927492 0.0088833617
v -0.011283014 -0.0281798858 0.00901601929
v -0.0110791326 -0.0288353786 0.00882528163
v -0.0111290598 -0.0288115777 0.0087453993
v -0.0110596176 -0.0281990189 0.00922768656
v -0.0109248897 -0.0282301772 0.00929743424
v -0.0108548999 -0.0288350582 0.00900516473
v -0.0109389853 -0.0288473815 0.00895806961
v -0.0111701982 -0.0281831548 0.00912124198
v -0.0110112047 -0.0288390294 0.00889415108
v -0.011283014 -0.0281798858 0.00901601929
v -0.0110791326 -0.0288353786 0.00882528163
v -0.0108110998 -0.0282750595 0.0092622377
v -0.0105482265 -0.0284200404 0.00897169393
v -0.01065371 -0.0286051091 0.00886941794
v -0.0107900072 -0.0287893172 0.00899661612
v -0.010625083 -0.0277313069 0.00807933323
v -0.0105995964 -0.0277420785 0.00809562579
v -0.0104289241 -0.0276367106 0.00792502053
v -0.0104522659 -0.0276246164 0.007906585
v -0.0108556105 -0.0289062727 0.00821642764
v -0.0108890058 -0.0286616981 0.00831794646
v -0.0109181283 -0.028662486 0.00830444694
v -0.0108272647 -0.0289024636 0.00823101774
v -0.01074275 -0.0291051641 0.00807933323
v -0.0107158013 -0.029098887 0.00809562393
v -0.00980943721 -0.0287574399 0.00712573528
v -0.00989585649 -0.0289822351 0.00724078855
v -0.00991250016 -0.0289870463 0.00721375505
v -0.00979407132 -0.0287554767 0.00715386076
v -0.00975843705 -0.0284975003 0.00709540583
v -0.00974370539 -0.0284987614 0.00712390756
v -0.00976449251 -0.0282326713 0.00712573528
v -0.0104522659 -0.0276246164 0.007906585
v -0.0104289241 -0.0276367106 0.00792502053
v -0.0102475258 -0.0276109055 0.00773590384
v -0.0102685895 -0.0275984854 0.00771509157
v -0.0100731589 -0.0276671816 0.00754678668
v -0.0100920293 -0.0276554693 0.00752359768
v -0.00992288999 -0.0278000347 0.00737618143
v -0.00993987266 -0.0277899932 0.00735084992
v -0.00981142838 -0.0279964563 0.00724078808
v -0.00982701033 -0.0279888846 0.00721375505
v -0.0109181283 -0.028662486 0.00830444694
v -0.0108890058 -0.0286616981 0.00831794646
v -0.0108949877 -0.0284001585 0.00834789872
v -0.0109241838 -0.028397657 0.00833477639
v -0.010844619 -0.0281434432 0.00831794646
v -0.0108731836 -0.0281377174 0.00830444694
v -0.0107428357 -0.0279166829 0.00823101774
v -0.0107701207 -0.0279081091 0.00821642764
v -0.0105995964 -0.0277420785 0.00809562579
v -0.010625083 -0.0277313069 0.00807933323
v -0.00991250016 -0.0289870463 0.00721375505
v -0.00989585649 -0.0289822351 0.00724078855
v -0.0100390958 -0.0291568432 0.00737618143
v -0.0100575397 -0.0291638505 0.00735084992
v -0.0102097671 -0.0292622056 0.00754678715
v -0.010230355 -0.0292705353 0.00752359768
v -0.010230355 -0.0292705353 0.00752359768
v -0.0102097671 -0.0292622056 0.00754678715
v -0.0103911664 -0.0292880125 0.00773590384
v -0.0104140323 -0.0292966701 0.00771509157
v -0.0105655333 -0.0292317364 0.00792502146
v -0.0105905915 -0.0292396825 0.00790658593
v -0.0107158013 -0.029098887 0.00809562393
v -0.01074275 -0.0291051641 0.00807933323
v -0.00982701033 -0.0279888846 0.00721375505
v -0.00981142838 -0.0279964563 0.00724078808
v -0.00974968448 -0.0282372199 0.00715386076
v -0.00976449251 -0.0282326713 0.00712573528
v -0.00974370539 -0.0284987614 0.00712390756
v -0.00965383369 -0.0281914435 0.00701267039
v -0.00957023632 -0.0278809089 0.00720147416
v -0.00972834509 -0.0279008839 0.00711757643
v -0.00949155726 -0.0281877201 0.00709070126
v -0.00964661501 -0.0285070762 0.00697652251
v -0.00948393624 -0.0285210107 0.007052531
v -0.00923447032 -0.0282097384 0.00733428961
v -0.00970739964 -0.0288168825 0.00701267039
v -0.0092268493 -0.028543029 0.00729611842
v -0.00954812113 -0.028848147 0.00709070126
v -0.0098302355 -0.0290905442 0.0071175769
v -0.00929103419 -0.0288701653 0.00733428961
v -0.00967782643 -0.0291371122 0.00720147416
v -0.00942073949 -0.0291591305 0.00744506344
v -0.0108523862 -0.0278046131 0.00831260625
v -0.0107571529 -0.0277792551 0.00846334826
v -0.0108868601 -0.0280682184 0.00857412256
v -0.0109752221 -0.0280782711 0.00841751229
v -0.0106795216 -0.0275938939 0.00814921036
v -0.0107571529 -0.0277792551 0.00846334826
v -0.0108523862 -0.0278046131 0.00831260625
v -0.0105746193 -0.0275567453 0.00829081424
v -0.010500066 -0.0278012715 0.00870693754
v -0.0104735512 -0.0274667367 0.00794332195
v -0.0103175323 -0.0275787655 0.00853440259
v -0.0103571266 -0.0274224784 0.00807340816
v -0.0102546383 -0.0274355933 0.00771509157
v -0.0101259686 -0.0273895897 0.00783241168
v -0.0101000406 -0.0274444986 0.00831699651
v -0.00996882282 -0.027509965 0.0084215505
v -0.0101747941 -0.0276371203 0.00862743892
v -0.009749908 -0.0274788234 0.00819331966
v -0.00986888073 -0.0274116099 0.00807600096
v -0.00990376621 -0.0274613071 0.00759141473
v -0.0109542776 -0.0289942734 0.00831260625
v -0.0107227033 -0.0292857625 0.00829081424
v -0.0108197611 -0.0292313192 0.00814921036
v -0.010864744 -0.0290354583 0.00846334826
v -0.0104656173 -0.0293077826 0.00853440259
v -0.0106076552 -0.0290574767 0.00870693754
v -0.0104495473 -0.0290375017 0.00879083481
v -0.0103150345 -0.0292745456 0.00862743892
v -0.0110287899 -0.0287037101 0.00841751229
v -0.010864744 -0.0290354583 0.00846334826
v -0.0109542776 -0.0289942734 0.00831260625
v -0.0109434221 -0.0287286434 0.00857412256
v -0.0110360067 -0.0283880793 0.00845366064
v -0.010951044 -0.0283953566 0.00861229189
v -0.0109752221 -0.0280782711 0.00841751229
v -0.0108868601 -0.0280682184 0.00857412256
v -0.0100030992 -0.0293012634 0.00728097139
v -0.00986036099 -0.0293596182 0.00737400912
v -0.00967782643 -0.0291371122 0.00720147416
v -0.0098302355 -0.0290905442 0.0071175769
v -0.0100442059 -0.0275035091 0.0074868612
v -0.0101259686 -0.0273895897 0.00783241168
v -0.0102546383 -0.0274355933 0.00771509157
v -0.00990376621 -0.0274613071 0.00759141473
v -0.0098628588 -0.0276638381 0.00728097139
v -0.00971227605 -0.0276306029 0.00737400912
v -0.00964668114 -0.0274833273 0.00783500355
v -0.00986888073 -0.0274116099 0.00807600096
v -0.00953947846 -0.0275467373 0.00796508975
v -0.009749908 -0.0274788234 0.00819331966
v -0.0093581304 -0.0277070664 0.00775919948
v -0.00945518911 -0.0276526231 0.00761759793
v -0.00957023632 -0.0278809089 0.00720147416
v -0.00931314938 -0.0279029272 0.00744506298
v -0.0102090687 -0.0294284187 0.0074868612
v -0.00986036099 -0.0293596182 0.00737400912
v -0.0100030992 -0.0293012634 0.00728097139
v -0.0100778509 -0.029493887 0.00759141473
v -0.0104279853 -0.029459564 0.00771509204
v -0.0103090117 -0.0295267738 0.00783241168
v -0.0106384158 -0.0293916482 0.00794332195
v -0.0105312131 -0.0294550583 0.00807340816
v -0.0108197611 -0.0292313192 0.00814921036
v -0.0107227033 -0.0292857625 0.00829081424
v -0.0102741262 -0.0294770785 0.00831699651
v -0.0104656173 -0.0293077826 0.00853440259
v -0.0103150345 -0.0292745456 0.00862743892
v -0.0101336855 -0.0294348765 0.0084215505
v -0.0100519238 -0.029548794 0.00807600096
v -0.009923256 -0.0295027941 0.00819331966
v -0.00982076488 -0.0295159072 0.00783500355
v -0.00970434025 -0.029471647 0.00796508975
v -0.00960327405 -0.0293816384 0.00761759793
v -0.00949837081 -0.0293444917 0.00775919948
v -0.00942073949 -0.0291591305 0.00744506344
v -0.00967782643 -0.0291371122 0.00720147416
v -0.00972834509 -0.0279008839 0.00711757643
v -0.00971227605 -0.0276306029 0.00737400912
v -0.0098628588 -0.0276638381 0.00728097139
v -0.00957023632 -0.0278809089 0.00720147416
v -0.00931314938 -0.0279029272 0.00744506298
v -0.00949155726 -0.0281877201 0.00709070126
v -0.00923447032 -0.0282097384 0.00733428961
v -0.00925370865 -0.0285407268 0.00757363485
v -0.0093332734 -0.0287949406 0.00759046618
v -0.00928290747 -0.0285382271 0.00756051345
v -0.0093047088 -0.0288006682 0.00760396384
v -0.00943505764 -0.0290217008 0.00767739397
v -0.00940777175 -0.0290302746 0.00769198453
v -0.00957829785 -0.0291963089 0.00781278685
v -0.0095528122 -0.0292070787 0.00782907847
v -0.00994753651 -0.0276678428 0.00838481262
v -0.00976386014 -0.0276417155 0.00819331966
v -0.00978672877 -0.0276503731 0.00817250833
v -0.00996812619 -0.0276761781 0.00836162455
v -0.0101203537 -0.0277745333 0.00855756085
v -0.0101387976 -0.0277815424 0.00853222981
v -0.0102653932 -0.0279513374 0.00869465526
v -0.0102820368 -0.0279561486 0.00866762269
v -0.0104134008 -0.0287057124 0.00878267549
v -0.0104194563 -0.0284408852 0.00881300494
v -0.0104341889 -0.0284396242 0.00878450368
v -0.0104282089 -0.0287011638 0.00875455048
v -0.010350883 -0.028949501 0.00869465526
v -0.0103664659 -0.0289419293 0.00866762269
v -0.0102380197 -0.0291483924 0.00855756085
v -0.0102550024 -0.0291383527 0.00853222888
v -0.00976386014 -0.0276417155 0.00819331966
v -0.00961236097 -0.0277066492 0.0079833921
v -0.00978672877 -0.0276503731 0.00817250833
v -0.00958730094 -0.0276986975 0.00800182577
v -0.00946209114 -0.0278395005 0.00781278685
v -0.00943514518 -0.0278332196 0.00782907847
v -0.0095528122 -0.0292070787 0.00782907847
v -0.00974897016 -0.0293016732 0.0079833921
v -0.00957829785 -0.0291963089 0.00781278685
v -0.00972562749 -0.0293137636 0.00800182577
v -0.00993036758 -0.0293274801 0.00817250833
v -0.00990930386 -0.0293399002 0.00819331966
v -0.00943514518 -0.0278332196 0.00782907847
v -0.00935062952 -0.028035922 0.0076773935
v -0.00946209114 -0.0278395005 0.00781278685
v -0.00932228286 -0.028032111 0.00769198406
v -0.00928888656 -0.0282766856 0.00759046618
v -0.00925976411 -0.0282758996 0.00760396384
v -0.00928290747 -0.0285382271 0.00756051345
v -0.00925370865 -0.0285407268 0.00757363485
v -0.0104194563 -0.0284408852 0.00881300494
v -0.010383823 -0.0281829089 0.00875455048
v -0.0104341889 -0.0284396242 0.00878450368
v -0.0103684571 -0.0281809438 0.00878267549
v -0.0102820368 -0.0279561486 0.00866762269
v -0.0102653932 -0.0279513374 0.00869465526
v -0.00990930386 -0.0293399002 0.00819331966
v -0.0101047372 -0.0292712022 0.00836162642
v -0.00993036758 -0.0293274801 0.00817250833
v -0.010085864 -0.0292829107 0.00838481355
v -0.0102550024 -0.0291383527 0.00853222888
v -0.0102380197 -0.0291483924 0.00855756085
v -0.0103476569 -0.0278478395 0.00879083481
v -0.0104704928 -0.0281215012 0.00889573991
v -0.0106297731 -0.0280902348 0.00881771091
v -0.010500066 -0.0278012715 0.00870693754
v -0.0101747941 -0.0276371203 0.00862743892
v -0.0103175323 -0.0275787655 0.00853440259
v -0.0107571529 -0.0277792551 0.00846334826
v -0.0108868601 -0.0280682184 0.00857412256
v -0.00914188754 -0.0285503045 0.00745475153
v -0.00914910436 -0.0282346737 0.00749089941
v -0.00923447032 -0.0282097384 0.00733428961
v -0.00931314938 -0.0279029272 0.00744506298
v -0.00922361668 -0.0279441103 0.00759580545
v -0.00945518911 -0.0276526231 0.00761759793
v -0.0093581304 -0.0277070664 0.00775919948
v -0.00914188754 -0.0285503045 0.00745475153
v -0.00923447032 -0.0282097384 0.00733428961
v -0.0092268493 -0.028543029 0.00729611842
v -0.00920267124 -0.0288601127 0.00749089941
v -0.00929103419 -0.0288701653 0.00733428961
v -0.00932550803 -0.0291337725 0.00759580545
v -0.00942073949 -0.0291591305 0.00744506344
v -0.0105240606 -0.0287469402 0.00889573991
v -0.0104495473 -0.0290375017 0.00879083481
v -0.0106076552 -0.0290574767 0.00870693754
v -0.0106863352 -0.0287506618 0.00881771091
v -0.0105312802 -0.0284313075 0.0089318892
v -0.0109434221 -0.0287286434 0.00857412256
v -0.010864744 -0.0290354583 0.00846334826
v -0.010951044 -0.0283953566 0.00861229189
v -0.010693958 -0.0284173749 0.00885588117
v -0.0104704928 -0.0281215012 0.00889573991
v -0.0108868601 -0.0280682184 0.00857412256
v -0.0106297731 -0.0280902348 0.00881771091
v -0.00949837081 -0.0293444917 0.00775919948
v -0.00932550803 -0.0291337725 0.00759580545
v -0.00942073949 -0.0291591305 0.00744506344
v -0.00960327405 -0.0293816384 0.00761759793
v -0.00438369205 -0.0250621475 -0.00133274985
v -0.00449882215 -0.026406385 -0.00133274973
v -0.0101782912 -0.0272222757 -0.00753377937
v -0.0101112295 -0.0264377818 -0.0075339186
v -0.0103769274 -0.0272867288 -0.00774580892
v -0.010310607 -0.0265087672 -0.00774613582
v -0.0106058838 -0.0274219085 -0.00798197929
v -0.0105385687 -0.0266251564 -0.00798295625
v -0.0108302971 -0.0276072361 -0.00820633769
v -0.0107604666 -0.0267696474 -0.00820834469
v -0.0110160038 -0.027814487 -0.00838472601
v -0.0109425904 -0.0269209445 -0.0083880024
v -0.0111179538 -0.0279791914 -0.00847708993
v -0.0112292953 -0.0272394624 -0.0086607784
v -0.0111179538 -0.0279791914 -0.00847708993
v -0.0106985755 -0.0280024949 -0.00884785596
v -0.0107712429 -0.0281530637 -0.00891070627
v -0.0111290645 -0.0281385295 -0.00858827308
v -0.0108247781 -0.0283813179 -0.00894643925
v -0.011089704 -0.0283736642 -0.00869843084
v -0.0105651282 -0.0284185931 -0.00919732638
v -0.0104326475 -0.028198177 -0.00925059989
v -0.0106704207 -0.0286036786 -0.00909488462
v -0.0108400155 -0.0285840482 -0.00894420501
v -0.0109995073 -0.028575493 -0.00878190715
v -0.0110160038 -0.027814487 -0.00838472601
v -0.0106985755 -0.0280024949 -0.00884785596
v -0.0111179538 -0.0279791914 -0.00847708993
v -0.0106051303 -0.0278479457 -0.00876352005
v -0.0103082657 -0.0280485377 -0.00924714003
v -0.0108302971 -0.0276072361 -0.00820633769
v -0.0102063185 -0.027883837 -0.00915477704
v -0.0104196547 -0.0276412237 -0.00858711358
v -0.0106058838 -0.0274219085 -0.00798197929
v -0.0100188339 -0.0276767351 -0.00897807814
v -0.0101936553 -0.0274562836 -0.00836613774
v -0.0103769274 -0.0272867288 -0.00774580892
v -0.00978936162 -0.0274918415 -0.00875852909
v -0.00996153988 -0.0273212828 -0.00813423283
v -0.0101782912 -0.0272222757 -0.00753377937
v -0.00955284014 -0.0273573101 -0.00852955505
v -0.00975864474 -0.0272567663 -0.0079267025
v -0.00449882215 -0.026406385 -0.00133274973
v -0.00934527628 -0.0272936188 -0.0083260173
v -0.00401684456 -0.0264476649 -0.00196222286
v -0.0033646482 -0.0265035238 -0.00241140276
v -0.0106901191 -0.0269756 -0.00927749928
v -0.0108560873 -0.0269560181 -0.00910771638
v -0.0110857766 -0.0275723245 -0.00929372851
v -0.010941837 -0.0275915023 -0.00943821948
v -0.0038711112 -0.0247461051 -0.00196222286
v -0.00401684456 -0.0264476649 -0.00196222286
v -0.00449882215 -0.026406385 -0.00133274973
v -0.00438369205 -0.0250621475 -0.00133274985
v -0.00430396711 -0.0248144567 -0.00140860851
v -0.00415477809 -0.0247218106 -0.00159174716
v -0.0112292953 -0.0272394624 -0.0086607784
v -0.0111179538 -0.0279791914 -0.00847708993
v -0.0111290645 -0.0281385295 -0.00858827308
v -0.0113575626 -0.0277166478 -0.00886652246
v -0.011089704 -0.0283736642 -0.00869843084
v -0.0113531156 -0.0282286406 -0.00898846239
v -0.0113581484 -0.0276067648 -0.00899489969
v -0.0111913392 -0.0270264857 -0.00877705868
v -0.0113786412 -0.028191315 -0.00910744444
v -0.0111360429 -0.0287596807 -0.00890887994
v -0.0111455387 -0.0288101658 -0.00897001568
v -0.0109425904 -0.0269209445 -0.0083880024
v -0.0108538792 -0.0266569164 -0.00845551025
v -0.0107604666 -0.0267696474 -0.00820834469
v -0.0106719919 -0.0265111197 -0.00827560946
v -0.0105385687 -0.0266251564 -0.00798295625
v -0.0104502914 -0.0263712686 -0.00805001892
v -0.010310607 -0.0265087672 -0.00774613582
v -0.0102225132 -0.026258463 -0.00781307742
v -0.0101112295 -0.0264377818 -0.0075339186
v -0.0100233126 -0.026189737 -0.00760084717
v -0.00438369205 -0.0250621475 -0.00133274985
v -0.00430396711 -0.0248144567 -0.00140860851
v -0.00330647524 -0.0248998906 -0.0023572715
v -0.00324951811 -0.0251592845 -0.00241140276
v -0.0033646482 -0.0265035238 -0.00241140276
v -0.00348726194 -0.0247789808 -0.00222658692
v -0.00401684456 -0.0264476649 -0.00196222286
v -0.0038711112 -0.0247461051 -0.00196222286
v -0.0106985755 -0.0280024949 -0.00884785596
v -0.0103082657 -0.0280485377 -0.00924714003
v -0.0104326475 -0.028198177 -0.00925059989
v -0.0107712429 -0.0281530637 -0.00891070627
v -0.0107789943 -0.0276563689 -0.00954570435
v -0.0105179613 -0.0270841587 -0.00941747241
v -0.0106901191 -0.0269756 -0.00927749928
v -0.010941837 -0.0275915023 -0.00943821948
v -0.0110769961 -0.0281975307 -0.00945233367
v -0.0109423967 -0.0282286797 -0.0095223356
v -0.00932663865 -0.0262494031 -0.00826341566
v -0.00330647524 -0.0248998906 -0.0023572715
v -0.00348726194 -0.0247789808 -0.00222658692
v -0.00948686432 -0.0261293259 -0.00811187644
v -0.00953475852 -0.0263173673 -0.00846716296
v -0.00967579987 -0.0261124801 -0.00794264395
v -0.0038711112 -0.0247461051 -0.00196222286
v -0.00969483331 -0.0261966325 -0.00831553992
v -0.00977009721 -0.0264295265 -0.00869691838
v -0.00985439494 -0.0260978471 -0.00776233757
v -0.00415477809 -0.0247218106 -0.00159174716
v -0.00430396711 -0.0248144567 -0.00140860851
v -0.0100233126 -0.026189737 -0.00760084717
v -0.0100534605 -0.0261659157 -0.00797446724
v -0.00987910107 -0.0261805654 -0.00815027766
v -0.0102810496 -0.0262776893 -0.00821128674
v -0.0101101995 -0.026292596 -0.00838318188
v -0.0105025126 -0.0264161415 -0.00843673944
v -0.00992996339 -0.0263077579 -0.00854518544
v -0.00999684446 -0.0265689436 -0.00891770795
v -0.0103339078 -0.0264315102 -0.0086058965
v -0.0106841391 -0.0265601911 -0.00861650892
v -0.0101564592 -0.0264457818 -0.00876585301
v -0.0101805041 -0.0267145894 -0.00909592398
v -0.010516176 -0.0265761539 -0.00878451951
v -0.0110344142 -0.0269461125 -0.00895005837
v -0.0108560873 -0.0269560181 -0.00910771638
v -0.010339844 -0.0265896786 -0.00894394889
v -0.0105179613 -0.0270841587 -0.00941747241
v -0.0106901191 -0.0269756 -0.00927749928
v -0.0106719919 -0.0265111197 -0.00827560946
v -0.0108538792 -0.0266569164 -0.00845551025
v -0.0106841391 -0.0265601911 -0.00861650892
v -0.0105025126 -0.0264161415 -0.00843673944
v -0.0104502914 -0.0263712686 -0.00805001892
v -0.0102810496 -0.0262776893 -0.00821128674
v -0.0102225132 -0.026258463 -0.00781307742
v -0.0100534605 -0.0261659157 -0.00797446724
v -0.0100233126 -0.026189737 -0.00760084717
v -0.00985439494 -0.0260978471 -0.00776233757
v -0.0108538792 -0.0266569164 -0.00845551025
v -0.0111913392 -0.0270264857 -0.00877705868
v -0.0110344142 -0.0269461125 -0.00895005837
v -0.0106841391 -0.0265601911 -0.00861650892
v -0.0105651282 -0.0284185931 -0.00919732638
v -0.0108069535 -0.0287878644 -0.00922185834
v -0.0106704207 -0.0286036786 -0.00909488462
v -0.0108285397 -0.0282735676 -0.00948735792
v -0.0104326475 -0.028198177 -0.00925059989
v -0.0106611438 -0.0277762953 -0.00952884927
v -0.0103082657 -0.0280485377 -0.00924714003
v -0.0104196072 -0.0273088086 -0.0094308285
v -0.0102063185 -0.027883837 -0.00915477704
v -0.0101329042 -0.0269902945 -0.0091580525
v -0.0100188339 -0.0276767351 -0.00897807814
v -0.00994900428 -0.0268391464 -0.00898008421
v -0.00978936162 -0.0274918415 -0.00875852909
v -0.00972205121 -0.0266950894 -0.00875950418
v -0.00955284014 -0.0273573101 -0.00852955505
v -0.00948652159 -0.0265793465 -0.00852987822
v -0.00934527628 -0.0272936188 -0.0083260173
v -0.00927822106 -0.0265091266 -0.00832614955
v -0.0033646482 -0.0265035238 -0.00241140276
v -0.00324951811 -0.0251592845 -0.00241140276
v -0.00330647524 -0.0248998906 -0.0023572715
v -0.00932663865 -0.0262494031 -0.00826341566
v -0.00953475852 -0.0263173673 -0.00846716296
v -0.00977009721 -0.0264295265 -0.00869691838
v -0.00999684446 -0.0265689436 -0.00891770795
v -0.0101805041 -0.0267145894 -0.00909592398
v -0.0105179613 -0.0270841587 -0.00941747241
v -0.0107789943 -0.0276563689 -0.00954570435
v -0.0109423967 -0.0282286797 -0.0095223356
v -0.010871863 -0.0288336053 -0.00923029426
v -0.0108069535 -0.0287878644 -0.00922185834
v -0.010941837 -0.0275915023 -0.00943821948
v -0.0111873765 -0.0281816851 -0.00934568048
v -0.0110769961 -0.0281975307 -0.00945233367
v -0.0110857766 -0.0275723245 -0.00929372851
v -0.0112999957 -0.0281784311 -0.00924024824
v -0.0112378905 -0.0275661461 -0.00915665925
v -0.0108560873 -0.0269560181 -0.00910771638
v -0.0113786412 -0.028191315 -0.00910744444
v -0.0110344142 -0.0269461125 -0.00895005837
v -0.0113581484 -0.0276067648 -0.00899489969
v -0.0111913392 -0.0270264857 -0.00877705868
v -0.0108069535 -0.0287878644 -0.00922185834
v -0.010871863 -0.0288336053 -0.00923029426
v -0.0109558627 -0.0288459398 -0.00918304548
v -0.0106704207 -0.0286036786 -0.00909488462
v -0.0110279601 -0.0288375951 -0.00911898911
v -0.0110957623 -0.0288339555 -0.00904999394
v -0.0108400155 -0.0285840482 -0.00894420501
v -0.0111455387 -0.0288101658 -0.00897001568
v -0.0111360429 -0.0287596807 -0.00890887994
v -0.0109995073 -0.028575493 -0.00878190715
v -0.0109423967 -0.0282286797 -0.0095223356
v -0.0110769961 -0.0281975307 -0.00945233367
v -0.0109558627 -0.0288459398 -0.00918304548
v -0.010871863 -0.0288336053 -0.00923029426
v -0.0112999957 -0.0281784311 -0.00924024824
v -0.0113786412 -0.028191315 -0.00910744444
v -0.0111455387 -0.0288101658 -0.00897001568
v -0.0110957623 -0.0288339555 -0.00904999394
v -0.0111873765 -0.0281816851 -0.00934568048
v -0.0110279601 -0.0288375951 -0.00911898911
v -0.0110769961 -0.0281975307 -0.00945233367
v -0.0109558627 -0.0288459398 -0.00918304548
v -0.0113531156 -0.0282286406 -0.00898846239
v -0.011089704 -0.0283736642 -0.00869843084
v -0.0109995073 -0.028575493 -0.00878190715
v -0.0111360429 -0.0287596807 -0.00890887994
v -0.00931905303 -0.0287994407 -0.00783198792
v -0.00944953971 -0.0290204622 -0.00790521037
v -0.00942228083 -0.0290290322 -0.00791985262
v -0.00934759341 -0.0287937149 -0.00781843625
v -0.009267997 -0.0285395049 -0.00780171249
v -0.00929716974 -0.0285370052 -0.00778853567
v -0.00927410834 -0.0282746721 -0.00783198792
v -0.00930320658 -0.02827546 -0.00781843625
v -0.009336791 -0.0280308686 -0.00791985262
v -0.00936510973 -0.0280346815 -0.00790521037
v -0.00942228083 -0.0290290322 -0.00791985262
v -0.00944953971 -0.0290204622 -0.00790521037
v -0.00959303044 -0.0291950479 -0.0080403639
v -0.00956757367 -0.0292058159 -0.00805670582
v -0.00956757367 -0.0292058159 -0.00805670582
v -0.00959303044 -0.0291950479 -0.0080403639
v -0.0097640194 -0.0293003842 -0.00821066927
v -0.00974071026 -0.0293124709 -0.00822914857
v -0.00994576886 -0.0293261614 -0.00839945115
v -0.00992474519 -0.0293385759 -0.00842030346
v -0.0101204896 -0.0292698536 -0.00858823583
v -0.0101016592 -0.0292815585 -0.00861145929
v -0.0102710743 -0.0291369762 -0.00875853654
v -0.0102541372 -0.029147014 -0.00878390204
v -0.00960238464 -0.0276974048 -0.00822914857
v -0.00947682373 -0.0278382394 -0.0080403639
v -0.00944990758 -0.0278319567 -0.00805670582
v -0.00962741021 -0.0277053583 -0.00821066927
v -0.00977930054 -0.027640393 -0.00842030346
v -0.00980212912 -0.0276490543 -0.00839945115
v -0.00996333361 -0.0276664924 -0.00861145835
v -0.00998387858 -0.0276748296 -0.00858823489
v -0.0101364702 -0.0277731549 -0.00878390204
v -0.0101548666 -0.0277801678 -0.0087585384
v -0.0102817649 -0.0279499367 -0.00892075524
v -0.0102983564 -0.0279547516 -0.00889369193
v -0.00944990758 -0.0278319567 -0.00805670582
v -0.00947682373 -0.0278382394 -0.0080403639
v -0.00936510973 -0.0280346815 -0.00790521037
v -0.009336791 -0.0280308686 -0.00791985262
v -0.0103849908 -0.0281795282 -0.009008619
v -0.0102983564 -0.0279547516 -0.00889369193
v -0.0102817649 -0.0279499367 -0.00892075524
v -0.0104003046 -0.028181497 -0.00898046698
v -0.0104360487 -0.028439464 -0.00903889444
v -0.0104507273 -0.0284382068 -0.00901036616
v -0.0104299355 -0.0287042968 -0.009008619
v -0.0104446914 -0.0286997519 -0.00898046698
v -0.0103672547 -0.0289480984 -0.00892075524
v -0.0103827855 -0.0289405324 -0.00889369193
v -0.0102541372 -0.029147014 -0.00878390204
v -0.0102710743 -0.0291369762 -0.00875853654
v -0.00916323904 -0.0282334629 -0.00771912327
v -0.00932720024 -0.0279017258 -0.00767292781
v -0.00923794601 -0.0279428866 -0.00782384351
v -0.00924831443 -0.0282085538 -0.00756235048
v -0.0091559533 -0.0285491012 -0.00768303871
v -0.0092406217 -0.0285418499 -0.00752424682
v -0.00921680592 -0.0288589019 -0.00771912327
v -0.0093048783 -0.0288689788 -0.00756235048
v -0.00933983736 -0.0291325469 -0.00782384351
v -0.00943478942 -0.0291579291 -0.00767292781
v -0.0103642084 -0.0278464239 -0.00901676342
v -0.0105164619 -0.0277998671 -0.00893257558
v -0.010646374 -0.0280888155 -0.00904315431
v -0.0104872389 -0.028120067 -0.00912148505
v -0.0107106306 -0.0284159482 -0.00908125844
v -0.0105480906 -0.0284298677 -0.00915756822
v -0.0103312815 -0.0292731561 -0.00885365624
v -0.010481691 -0.0293064062 -0.00876034517
v -0.0102897948 -0.0294757355 -0.00854332279
v -0.0105464291 -0.0294537563 -0.00829925295
v -0.0107383253 -0.0292844232 -0.00851627532
v -0.0106240511 -0.0290560722 -0.00893257465
v -0.0108806826 -0.0290340912 -0.00868850574
v -0.0108351177 -0.0292300023 -0.00837448239
v -0.0106533887 -0.0293903649 -0.00816895906
v -0.0103237797 -0.029525511 -0.00805868208
v -0.0104425335 -0.0294583198 -0.00794113055
v -0.0103312815 -0.0292731561 -0.00885365624
v -0.0102897948 -0.0294757355 -0.00854332279
v -0.0101495516 -0.0294335168 -0.00864813197
v -0.0100671453 -0.0295474902 -0.00830275193
v -0.00993869547 -0.0295014717 -0.00842030346
v -0.0103237797 -0.029525511 -0.00805868208
v -0.0105464291 -0.0294537563 -0.00829925295
v -0.00983553845 -0.0295146406 -0.0080621792
v -0.00971935689 -0.0294703618 -0.00819247682
v -0.0100921728 -0.0294926614 -0.00781811122
v -0.0104425335 -0.0294583198 -0.00794113055
v -0.010223194 -0.0294272099 -0.00771330297
v -0.00987427682 -0.0293584298 -0.00760108791
v -0.00961764343 -0.029380409 -0.00784515869
v -0.00951300375 -0.02934324 -0.00798695069
v -0.00943478942 -0.0291579291 -0.00767292781
v -0.0101910401 -0.0276357308 -0.00885365624
v -0.0105164619 -0.0277998671 -0.00893257558
v -0.0103642084 -0.0278464239 -0.00901676342
v -0.010333606 -0.0275773909 -0.00876034517
v -0.00998468883 -0.0275086071 -0.00864813197
v -0.0107730934 -0.0277778879 -0.00868850574
v -0.010115711 -0.0274431556 -0.00854332373
v -0.0105902404 -0.027555408 -0.00851627532
v -0.0104660988 -0.0290360842 -0.00901676342
v -0.010481691 -0.0293064062 -0.00876034517
v -0.0103312815 -0.0292731561 -0.00885365624
v -0.0106240511 -0.0290560722 -0.00893257465
v -0.0105408067 -0.028745506 -0.00912148505
v -0.010702936 -0.0287492406 -0.00904315338
v -0.0105480906 -0.0284298677 -0.00915756822
v -0.0107106306 -0.0284159482 -0.00908125844
v -0.0097653484 -0.0274774991 -0.00842030346
v -0.010115711 -0.0274431556 -0.00854332373
v -0.00998468883 -0.0275086071 -0.00864813197
v -0.00988410413 -0.027410306 -0.00830275193
v -0.00955449417 -0.0275454521 -0.00819247682
v -0.0103723453 -0.0274211764 -0.00829925295
v -0.0105902404 -0.027555408 -0.00851627532
v -0.00966145471 -0.0274820607 -0.00806218106
v -0.00937276334 -0.0277058147 -0.00798695069
v -0.00946955848 -0.0276513919 -0.00784515869
v -0.0104885269 -0.0274654552 -0.00816895906
v -0.0106948782 -0.027592577 -0.00837448239
v -0.0102691865 -0.0274343491 -0.00794113055
v -0.0101407357 -0.0273883268 -0.00805868208
v -0.0100583313 -0.0275023002 -0.00771330297
v -0.00991808716 -0.0274600815 -0.00781811122
v -0.00987660047 -0.0276626609 -0.00750777684
v -0.00972619187 -0.0276294127 -0.00760108791
v -0.00932720024 -0.0279017258 -0.00767292781
v -0.0095838327 -0.0278797448 -0.0074288575
v -0.00923794601 -0.0279428866 -0.00782384351
v -0.00932720024 -0.0279017258 -0.00767292781
v -0.00946955848 -0.0276513919 -0.00784515869
v -0.00937276334 -0.0277058147 -0.00798695069
v -0.0106403083 -0.0277300011 -0.00830472913
v -0.0104438635 -0.0276354328 -0.00815076753
v -0.0106148524 -0.027740771 -0.00832107011
v -0.0104671717 -0.0276233405 -0.00813228544
v -0.0102621149 -0.0276096575 -0.00796198379
v -0.0102831377 -0.0275972411 -0.00794113055
v -0.0100873942 -0.0276659634 -0.00777320145
v -0.0108710909 -0.0289049484 -0.00844158139
v -0.0109046763 -0.028660357 -0.00854299869
v -0.0108427713 -0.0289011355 -0.00845622458
v -0.0109337736 -0.0286611449 -0.00852944609
v -0.0109107131 -0.0283988118 -0.00857289974
v -0.0109398859 -0.0283963121 -0.00855972059
v -0.00992611703 -0.0289858803 -0.00744067878
v -0.0100714117 -0.029162664 -0.00757753057
v -0.0100530144 -0.0291556511 -0.00760289514
v -0.00990952551 -0.0289810654 -0.00746774161
v -0.00982289016 -0.0287562888 -0.00735281454
v -0.00980757829 -0.02875432 -0.00738096796
v -0.00977183506 -0.028496353 -0.00732253911
v -0.00975715555 -0.0284976102 -0.00735106738
v -0.00977794547 -0.0282315202 -0.00735281408
v -0.00976319145 -0.0282360651 -0.00738096749
v -0.00984062813 -0.0279877186 -0.00744067971
v -0.00982509553 -0.0279952846 -0.00746774254
v -0.0102831377 -0.0275972411 -0.00794113055
v -0.0101062227 -0.0276542529 -0.00774997519
v -0.0100873942 -0.0276659634 -0.00777320145
v -0.00993680861 -0.0277988426 -0.00760289608
v -0.00995374564 -0.0277888048 -0.00757753104
v -0.0100714117 -0.029162664 -0.00757753057
v -0.0102240052 -0.0292609874 -0.00777320052
v -0.0100530144 -0.0291556511 -0.00760289514
v -0.0102445483 -0.0292693209 -0.00774997519
v -0.0104057537 -0.0292867646 -0.00796198379
v -0.0104285814 -0.029295424 -0.00794113055
v -0.0105804726 -0.0292304587 -0.00815076753
v -0.0106054973 -0.0292384066 -0.00813228544
v -0.0107310582 -0.0290975794 -0.00832106918
v -0.0107579753 -0.0291038603 -0.00830472913
v -0.00995374564 -0.0277888048 -0.00757753104
v -0.00984062813 -0.0279877186 -0.00744067971
v -0.00982509553 -0.0279952846 -0.00746774254
v -0.00993680861 -0.0277988426 -0.00760289608
v -0.0109398859 -0.0283963121 -0.00855972059
v -0.0108602904 -0.0281421021 -0.00854299869
v -0.0109107131 -0.0283988118 -0.00857289974
v -0.0108888289 -0.0281363763 -0.00852944609
v -0.0107583422 -0.0279153548 -0.00845622458
v -0.0107856011 -0.0279067848 -0.00844158139
v -0.0106148524 -0.027740771 -0.00832107011
v -0.0106403083 -0.0277300011 -0.00830472913
v -0.0107579753 -0.0291038603 -0.00830472913
v -0.0108710909 -0.0289049484 -0.00844158139
v -0.0108427713 -0.0289011355 -0.00845622458
v -0.0107310582 -0.0290975794 -0.00832106918
v -0.00966707524 -0.028190311 -0.00723994849
v -0.00974178314 -0.0278997328 -0.00734467013
v -0.0095838327 -0.0278797448 -0.0074288575
v -0.00972619187 -0.0276294127 -0.00760108791
v -0.00987660047 -0.0276626609 -0.00750777684
v -0.0106948782 -0.027592577 -0.00837448239
v -0.0107730934 -0.0277778879 -0.00868850574
v -0.0105902404 -0.027555408 -0.00851627532
v -0.0108680464 -0.027803272 -0.0085375905
v -0.0109030074 -0.0280668344 -0.00879908446
v -0.0105164619 -0.0277998671 -0.00893257558
v -0.0109910769 -0.0280769151 -0.00864231121
v -0.010646374 -0.0280888155 -0.00904315431
v -0.0109672612 -0.0283939689 -0.00883718766
v -0.0110519286 -0.0283867158 -0.00867839623
v -0.0107106306 -0.0284159482 -0.00908125844
v -0.0109699368 -0.0289929342 -0.0085375905
v -0.0108351177 -0.0292300023 -0.00837448239
v -0.0107383253 -0.0292844232 -0.00851627532
v -0.0108806826 -0.0290340912 -0.00868850574
v -0.0110446448 -0.0287023541 -0.00864231121
v -0.0109595703 -0.0287272613 -0.00879908446
v -0.0110519286 -0.0283867158 -0.00867839623
v -0.0109672612 -0.0283939689 -0.00883718766
v -0.0107106306 -0.0284159482 -0.00908125844
v -0.010702936 -0.0287492406 -0.00904315338
v -0.0106240511 -0.0290560722 -0.00893257465
v -0.0095838327 -0.0278797448 -0.0074288575
v -0.00932720024 -0.0279017258 -0.00767292781
v -0.00924831443 -0.0282085538 -0.00756235048
v -0.00950494688 -0.0281865727 -0.00731828017
v -0.00966707524 -0.028190311 -0.00723994849
v -0.0092406217 -0.0285418499 -0.00752424682
v -0.00965979137 -0.0285059493 -0.00720386487
v -0.00949725416 -0.0285198707 -0.00728017651
v -0.0093048783 -0.0288689788 -0.00756235048
v -0.00972064305 -0.02881575 -0.00723994849
v -0.00956151076 -0.0288469996 -0.00731828017
v -0.00943478942 -0.0291579291 -0.00767292781
v -0.00984367449 -0.0290893931 -0.00734467013
v -0.00969142281 -0.029135948 -0.0074288575
v -0.0018623739 -0.0252780914 -0.00263981079
v -0.00197750493 -0.0266223308 -0.00263981079
v 0.00159102376 -0.0282302834 -0.0101267947
v 0.00165829598 -0.0274458099 -0.0101269623
v 0.00170941884 -0.0283218902 -0.0103840055
v 0.00176646886 -0.0271994974 -0.0100900121
v -0.00174902496 -0.0250332803 -0.00261372211
v 0.0018846076 -0.0272954032 -0.0103474818
v 0.00177623809 -0.0275439695 -0.0103844106
v 0.00183501653 -0.0284874346 -0.0106726056
v 0.00201255735 -0.027438676 -0.010637057
v 0.00190381345 -0.0276908074 -0.0106738247
v 0.0019486933 -0.0287017189 -0.010948658
v 0.00213082856 -0.0276076421 -0.0109146573
v 0.00202157185 -0.027864391 -0.0109511651
v 0.00203314354 -0.0289321113 -0.0111701339
v 0.00222140015 -0.0277767777 -0.0111380275
v 0.00211153808 -0.0280389953 -0.011174229
v 0.00237282203 -0.0281882156 -0.0115400739
v 0.00207162439 -0.029108841 -0.0112856198
v 0.00223956397 -0.028393032 -0.0115152951
v 0.00216184184 -0.0292768572 -0.0113244159
v 0.00235639745 -0.0288912095 -0.0116723245
v 0.00226595928 -0.029517537 -0.0113101015
v 0.00244351081 -0.0294102803 -0.0116727408
v 0.00236620475 -0.0297202263 -0.0112415021
v 0.00242272182 -0.0299209487 -0.0114002647
v 0.00253589684 -0.028973436 -0.0109273279
v 0.00304553565 -0.0290188193 -0.0107001076
v 0.00308401627 -0.029195549 -0.0108155925
v 0.00257067732 -0.0291389674 -0.0110327788
v 0.00203314354 -0.0289321113 -0.0111701339
v 0.00303260866 -0.0293514356 -0.0109201418
v 0.00207162439 -0.029108841 -0.0112856198
v 0.0025935655 -0.0292977206 -0.0111113619
v 0.00292186183 -0.0295737144 -0.0110055842
v 0.00216184184 -0.0292768572 -0.0113244159
v 0.00259435945 -0.0295306295 -0.0111560421
v 0.00277767959 -0.0297554694 -0.0110504664
v 0.00226595928 -0.029517537 -0.0113101015
v 0.00257572462 -0.0297330655 -0.0111532472
v 0.00236620475 -0.0297202263 -0.0112415021
v -0.00197750493 -0.0266223308 -0.00263981079
v -0.0018623739 -0.0252780914 -0.00263981079
v -0.00174902496 -0.0250332803 -0.00261372211
v -0.00151865417 -0.0249475855 -0.0025507391
v -0.00121649797 -0.0266875066 -0.00242332928
v -0.00107076461 -0.0249859449 -0.00242332928
v -0.00068402465 -0.0250190701 -0.00216324348
v -0.000559391396 -0.0267437864 -0.00198141835
v -0.0005018097 -0.0251400992 -0.0020346737
v -0.000444261415 -0.0253995452 -0.00198141835
v -0.00121649797 -0.0266875066 -0.00242332928
v -0.000559391396 -0.0267437864 -0.00198141835
v 0.00263258512 -0.0283194892 -0.009643225
v 0.00211008615 -0.0282732882 -0.00988101494
v -0.00197750493 -0.0266223308 -0.00263981079
v 0.00273981737 -0.0284101404 -0.00990561955
v 0.00159102376 -0.0282302834 -0.0101267947
v 0.00222271727 -0.0283648297 -0.0101404991
v 0.00285595236 -0.0285748746 -0.0101986136
v 0.00170941884 -0.0283218902 -0.0103840055
v 0.00234319037 -0.0285300277 -0.0104304608
v 0.00296330499 -0.0287886169 -0.0104776006
v 0.00183501653 -0.0284874346 -0.0106726056
v 0.00245316559 -0.0287437439 -0.0107067591
v 0.00304553565 -0.0290188193 -0.0107001076
v 0.0019486933 -0.0287017189 -0.010948658
v 0.00253589684 -0.028973436 -0.0109273279
v 0.00203314354 -0.0289321113 -0.0111701339
v 0.00320503768 -0.0288540591 -0.011392883
v 0.00321477931 -0.0282603279 -0.0111491773
v 0.00302653853 -0.0281503908 -0.0112653421
v 0.00304801995 -0.0287896935 -0.0115089845
v 0.00297798915 -0.0294012986 -0.0115912678
v 0.00309154089 -0.0294306446 -0.0114901122
v 0.00283876713 -0.0293829832 -0.011655231
v 0.00286137755 -0.0287668556 -0.0115902741
v 0.00280825538 -0.0281263292 -0.011357693
v 0.00269915862 -0.0293774195 -0.0117207207
v 0.0026778488 -0.0287579894 -0.0116808452
v 0.00259604747 -0.0281135216 -0.0114652067
v 0.00254607969 -0.0293839276 -0.0117433555
v 0.00237282203 -0.0281882156 -0.0115400739
v 0.00248089246 -0.0287920367 -0.011729084
v 0.0026375514 -0.027274102 -0.00968559179
v -0.0005018097 -0.0251400992 -0.0020346737
v -0.00068402465 -0.0250190701 -0.00216324348
v 0.00244369078 -0.0271511432 -0.00978734717
v 0.00274454174 -0.0273690522 -0.0099482378
v 0.00221716706 -0.027131075 -0.00990094524
v -0.00107076461 -0.0249859449 -0.00242332928
v 0.002550693 -0.0272454247 -0.0100498749
v 0.00286303926 -0.0275115166 -0.0102421995
v 0.00198414852 -0.0271117855 -0.0100007011
v -0.00151865417 -0.0249475855 -0.0025507391
v -0.00174902496 -0.0250332803 -0.00261372211
v 0.00176646886 -0.0271994974 -0.0100900121
v 0.0021022826 -0.0272070188 -0.010258059
v 0.0018846076 -0.0272954032 -0.0103474818
v 0.00232955161 -0.0272262022 -0.0101605607
v 0.00223024422 -0.0273492448 -0.0105474908
v 0.00201255735 -0.027438676 -0.010637057
v 0.00266922405 -0.0273868442 -0.0103436848
v 0.00297499704 -0.0276799425 -0.0105227316
v 0.00245256117 -0.0273685586 -0.0104517723
v 0.00234855106 -0.027516799 -0.0108249336
v 0.00213082856 -0.0276076421 -0.0109146573
v 0.00278123911 -0.0275538564 -0.0106240492
v 0.00306335744 -0.0278488863 -0.01074713
v 0.00256746705 -0.0275364742 -0.0107302424
v 0.00243919436 -0.0276841689 -0.0110481521
v 0.00222140015 -0.0277767777 -0.0111380275
v 0.00265677855 -0.0277043786 -0.0109535847
v 0.00259604747 -0.0281135216 -0.0114652067
v 0.00280825538 -0.0281263292 -0.011357693
v 0.00286968285 -0.0277210381 -0.0108482884
v 0.00321477931 -0.0282603279 -0.0111491773
v 0.00302653853 -0.0281503908 -0.0112653421
v 0.00223956397 -0.028393032 -0.0115152951
v 0.00248089246 -0.0287920367 -0.011729084
v 0.00237282203 -0.0281882156 -0.0115400739
v 0.00235639745 -0.0288912095 -0.0116723245
v 0.00244351081 -0.0294102803 -0.0116727408
v 0.00254607969 -0.0293839276 -0.0117433555
v 0.00222140015 -0.0277767777 -0.0111380275
v 0.00237282203 -0.0281882156 -0.0115400739
v 0.00259604747 -0.0281135216 -0.0114652067
v 0.00243919436 -0.0276841689 -0.0110481521
v 0.00292186183 -0.0295737144 -0.0110055842
v 0.00283419783 -0.0299561899 -0.0112092281
v 0.00277767959 -0.0297554694 -0.0110504664
v 0.00309941336 -0.0294664558 -0.0113682235
v 0.00303260866 -0.0293514356 -0.0109201418
v 0.0032271652 -0.028965788 -0.0112680513
v 0.00308401627 -0.029195549 -0.0108155925
v 0.00325195608 -0.02847974 -0.0110452687
v 0.00304553565 -0.0290188193 -0.0107001076
v 0.00312392996 -0.0281257033 -0.0107042026
v 0.00296330499 -0.0287886169 -0.0104776006
v 0.00303618493 -0.0279512908 -0.0104801068
v 0.00285595236 -0.0285748746 -0.0101986136
v 0.00292474683 -0.0277782474 -0.0101998327
v 0.00273981737 -0.0284101404 -0.00990561955
v 0.00280663068 -0.0276322197 -0.00990602747
v 0.00263258512 -0.0283194892 -0.009643225
v 0.0026998478 -0.0275350139 -0.00964339729
v -0.000559391396 -0.0267437864 -0.00198141835
v -0.000444261415 -0.0253995452 -0.00198141835
v -0.0005018097 -0.0251400992 -0.0020346737
v 0.0026375514 -0.027274102 -0.00968559179
v 0.00274454174 -0.0273690522 -0.0099482378
v 0.00286303926 -0.0275115166 -0.0102421995
v 0.00297499704 -0.0276799425 -0.0105227316
v 0.00306335744 -0.0278488863 -0.01074713
v 0.00321477931 -0.0282603279 -0.0111491773
v 0.00320503768 -0.0288540591 -0.011392883
v 0.00309154089 -0.0294306446 -0.0114901122
v 0.00281523867 -0.0300058667 -0.0112688038
v 0.00283419783 -0.0299561899 -0.0112092281
v 0.00277767959 -0.0297554694 -0.0110504664
v 0.00283419783 -0.0299561899 -0.0112092281
v 0.00281523867 -0.0300058667 -0.0112688038
v 0.00273937639 -0.030018894 -0.0113280946
v 0.00257572462 -0.0297330655 -0.0111532472
v 0.00265352312 -0.030009374 -0.0113717895
v 0.00256445352 -0.0300039146 -0.011409306
v 0.00236620475 -0.0297202263 -0.0112415021
v 0.0024730484 -0.0299765598 -0.0114276726
v 0.00242272182 -0.0299209487 -0.0114002647
v 0.00254607969 -0.0293839276 -0.0117433555
v 0.00244351081 -0.0294102803 -0.0116727408
v 0.00242272182 -0.0299209487 -0.0114002647
v 0.0024730484 -0.0299765598 -0.0114276726
v 0.00309154089 -0.0294306446 -0.0114901122
v 0.00273937639 -0.030018894 -0.0113280946
v 0.00281523867 -0.0300058667 -0.0112688038
v 0.00297798915 -0.0294012986 -0.0115912678
v 0.00265352312 -0.030009374 -0.0113717895
v 0.00283876713 -0.0293829832 -0.011655231
v 0.00256445352 -0.0300039146 -0.011409306
v 0.00269915862 -0.0293774195 -0.0117207207
v 0.0024730484 -0.0299765598 -0.0114276726
v 0.00254607969 -0.0293839276 -0.0117433555
v 0.00273433747 -0.0288755 -0.0105069941
v 0.00270359335 -0.0288814567 -0.0105140815
v 0.00261565135 -0.0287539419 -0.0103011411
v 0.00264529162 -0.0287463851 -0.0102913799
v 0.00251037418 -0.0287035834 -0.0100650964
v 0.0025386936 -0.0286953915 -0.010052368
v 0.00239806948 -0.0287353061 -0.00982905179
v 0.00242497493 -0.0287275147 -0.00981335714
v 0.002289725 -0.0288460106 -0.00961611327
v 0.00231527141 -0.0288396087 -0.00959774386
v 0.00219595013 -0.0290248524 -0.00944712292
v 0.00222031656 -0.0290207025 -0.00942662917
v 0.00210446538 -0.0297778305 -0.0093167685
v 0.00211152132 -0.0300106332 -0.00944712292
v 0.00213482673 -0.0300188661 -0.00942662917
v 0.00208153669 -0.029772589 -0.00933862384
v 0.0021094901 -0.0295139551 -0.0092789121
v 0.00208649924 -0.0295119844 -0.00930123869
v 0.00214940961 -0.0292530619 -0.0093167685
v 0.00212592422 -0.029254334 -0.00933862384
v 0.00222031656 -0.0290207025 -0.00942662917
v 0.00219595013 -0.0290248524 -0.00944712292
v 0.00213482673 -0.0300188661 -0.00942662917
v 0.00211152132 -0.0300106332 -0.00944712292
v 0.00217351853 -0.030202819 -0.00961611327
v 0.00219760463 -0.0302134678 -0.00959774386
v 0.00226146029 -0.0303303301 -0.00982905179
v 0.00228664931 -0.0303425808 -0.00981335714
v 0.00236673537 -0.0303806923 -0.0100650964
v 0.00239324872 -0.0303935762 -0.010052368
v 0.00247904239 -0.0303489678 -0.0103011429
v 0.00250696717 -0.0303614512 -0.0102913808
v 0.00258738454 -0.0302382652 -0.0105140805
v 0.00261667068 -0.0302493591 -0.0105069941
v 0.00282747555 -0.0293111373 -0.0107879676
v 0.00279557519 -0.0293116868 -0.0107915699
v 0.00276558939 -0.0290736407 -0.0106830699
v 0.00282244966 -0.0295750163 -0.0108258249
v 0.0027906124 -0.0295722913 -0.0108289551
v 0.00278253015 -0.0298359059 -0.0107879676
v 0.00275118882 -0.0298299417 -0.0107915699
v 0.00271162321 -0.0300682653 -0.0106781079
v 0.00268116058 -0.0300594196 -0.0106830699
v 0.00261667068 -0.0302493591 -0.0105069941
v 0.00258738454 -0.0302382652 -0.0105140805
v 0.00282747555 -0.0293111373 -0.0107879676
v 0.00276558939 -0.0290736407 -0.0106830699
v 0.00279711303 -0.0290701017 -0.0106781079
v 0.00270359335 -0.0288814567 -0.0105140815
v 0.00273433747 -0.0288755 -0.0105069941
v 0.00278582145 -0.02874716 -0.0105942115
v 0.00272817188 -0.0289342329 -0.0109116193
v 0.00286064204 -0.0289790928 -0.0107981525
v 0.00264916709 -0.0286893267 -0.0106962714
v 0.00240729144 -0.0289067496 -0.0110605964
v 0.00267969305 -0.0285932757 -0.0103372317
v 0.00232828665 -0.0286618434 -0.0108452477
v 0.00253710197 -0.0285268333 -0.0104249176
v 0.00255264342 -0.0285324994 -0.010052368
v 0.00240294519 -0.0284626577 -0.0101241209
v 0.00241710944 -0.0285707843 -0.00976750441
v 0.00221622153 -0.02849935 -0.0105738947
v 0.00225983071 -0.0285030827 -0.0098233223
v 0.0022863585 -0.0287043825 -0.00951052457
v 0.00208206475 -0.0284351744 -0.0102730971
v 0.00193895039 -0.0284756012 -0.00997229945
v 0.00178713736 -0.028516829 -0.0100599835
v 0.00192266994 -0.0284785461 -0.010344848
v 0.00204972085 -0.0285393186 -0.0106297117
v 0.00215584808 -0.0286932047 -0.0108866915
v 0.00275875139 -0.030168755 -0.0107981525
v 0.00250108168 -0.030418342 -0.0106962714
v 0.00264558126 -0.0303845853 -0.0105942115
v 0.00262058084 -0.0301904362 -0.0109116193
v 0.00218020147 -0.0303908605 -0.0108452477
v 0.0022997004 -0.0301629528 -0.0110605964
v 0.00203511282 -0.0298225973 -0.00917564705
v 0.00186278997 -0.0294928234 -0.00915071834
v 0.00204110192 -0.0295080971 -0.0091305282
v 0.00191302947 -0.0291644894 -0.00919835921
v 0.0020886797 -0.0291971583 -0.00917564705
v 0.00159214914 -0.0291370079 -0.00934733637
v 0.002002266 -0.0288720597 -0.00933661964
v 0.00217318954 -0.0289202165 -0.00930658542
v 0.0021217661 -0.0286441557 -0.00955196936
v 0.0022863585 -0.0287043825 -0.00951052457
v 0.00168138556 -0.0288445782 -0.00948559586
v 0.00145870622 -0.0291432012 -0.00946812704
v 0.00154321722 -0.0288662594 -0.00959906448
v 0.00141112856 -0.02945414 -0.00942300819
v 0.00154190953 -0.0294653401 -0.00929969363
v 0.00284326123 -0.0298918113 -0.0109290909
v 0.00262058084 -0.0301904362 -0.0109116193
v 0.00275875139 -0.030168755 -0.0107981525
v 0.00270981831 -0.0298980046 -0.0110498816
v 0.00289083901 -0.0295808744 -0.0109742079
v 0.00276005804 -0.0295696724 -0.0110975225
v 0.0022997004 -0.0301629528 -0.0110605964
v 0.0023889381 -0.0298705213 -0.0111988587
v 0.0024391776 -0.029542191 -0.0112465005
v 0.00221328787 -0.0298378561 -0.01122157
v 0.00212877803 -0.0301147997 -0.0110906325
v 0.00218020147 -0.0303908605 -0.0108452477
v 0.0020156079 -0.0303306319 -0.0108866915
v 0.00226086541 -0.0295269173 -0.0112666879
v 0.00226685568 -0.0292124171 -0.01122157
v 0.00244550174 -0.0292100944 -0.0111988587
v 0.00214611832 -0.0303418078 -0.00951052457
v 0.00197368092 -0.0303731728 -0.00955196936
v 0.00189467601 -0.0301282629 -0.00933661964
v 0.00207129889 -0.0301098768 -0.00930658542
v 0.00185646594 -0.0298249163 -0.00919835921
v 0.00203511282 -0.0298225973 -0.00917564705
v 0.00186278997 -0.0294928234 -0.00915071834
v 0.0015355855 -0.0297974348 -0.00934733637
v 0.00157379569 -0.0301007815 -0.00948559586
v 0.00144132669 -0.0300559197 -0.00959906448
v 0.00140513957 -0.0297686402 -0.00946812704
v 0.00154190953 -0.0294653401 -0.00929969363
v 0.00159214914 -0.0291370079 -0.00934733637
v 0.00141112856 -0.02945414 -0.00942300819
v 0.00225224788 -0.0304956958 -0.00976750441
v 0.00197368092 -0.0303731728 -0.00955196936
v 0.00214611832 -0.0303418078 -0.00951052457
v 0.0020857458 -0.0305356644 -0.0098233223
v 0.00237929635 -0.0305564702 -0.010052368
v 0.00165280036 -0.0303456895 -0.00970094558
v 0.00157379569 -0.0301007815 -0.00948559586
v 0.00176486548 -0.0305081811 -0.00997229945
v 0.00221990165 -0.0305998418 -0.0101241209
v 0.00251483009 -0.0305181853 -0.0103372317
v 0.00189902121 -0.0305723585 -0.0102730971
v 0.00236301706 -0.0305594131 -0.0104249176
v 0.00264558126 -0.0303845853 -0.0105942115
v 0.00250108168 -0.030418342 -0.0106962714
v 0.00204213685 -0.0305319298 -0.0105738947
v 0.00218020147 -0.0303908605 -0.0108452477
v 0.0020156079 -0.0303306319 -0.0108866915
v 0.00188485801 -0.0304642282 -0.0106297117
v 0.00174932298 -0.0305025168 -0.010344848
v 0.0022863585 -0.0287043825 -0.00951052457
v 0.0021217661 -0.0286441557 -0.00955196936
v 0.00225983071 -0.0285030827 -0.0098233223
v 0.00193895039 -0.0284756012 -0.00997229945
v 0.00180088577 -0.0286166724 -0.00970094558
v 0.002002266 -0.0288720597 -0.00933661964
v 0.00168138556 -0.0288445782 -0.00948559586
v 0.00154321722 -0.0288662594 -0.00959906448
v 0.00165638619 -0.0286504291 -0.00980300456
v 0.00178713736 -0.028516829 -0.0100599835
v 0.00289682788 -0.0292663742 -0.0109290909
v 0.00276005804 -0.0295696724 -0.0110975225
v 0.00289083901 -0.0295808744 -0.0109742079
v 0.00276638311 -0.0292375777 -0.0110498816
v 0.00286064204 -0.0289790928 -0.0107981525
v 0.0024391776 -0.029542191 -0.0112465005
v 0.00272817188 -0.0289342329 -0.0109116193
v 0.00244550174 -0.0292100944 -0.0111988587
v 0.00240729144 -0.0289067496 -0.0110605964
v 0.00223066867 -0.0289251395 -0.0110906325
v 0.00226685568 -0.0292124171 -0.01122157
v 0.00215584808 -0.0286932047 -0.0108866915
v 0.00232828665 -0.0286618434 -0.0108452477
v 0.00208165101 -0.0300143119 -0.010970586
v 0.00217604451 -0.0297806822 -0.0110585922
v 0.0021060186 -0.0300101601 -0.0109500941
v 0.00215255795 -0.0297819506 -0.0110804476
v 0.00221546949 -0.0295230318 -0.0110959774
v 0.00219247746 -0.0295210611 -0.0111183031
v 0.00222043204 -0.0292624272 -0.0110585922
v 0.00219750218 -0.029257182 -0.0110804476
v 0.00219044741 -0.0290243812 -0.0109500941
v 0.00216714083 -0.0290161483 -0.010970586
v 0.00150485453 -0.0299649108 -0.00971910916
v 0.00159837655 -0.0301535595 -0.00988313649
v 0.00153637945 -0.0299613737 -0.00971414614
v 0.0014744919 -0.0297238771 -0.00960924756
v 0.00150639354 -0.0297233295 -0.009605648
v 0.00147951778 -0.029459998 -0.00957139209
v 0.00151135738 -0.0294627249 -0.00956826285
v 0.00151943741 -0.0291991085 -0.00960924756
v 0.00155078107 -0.0292050745 -0.009605648
v 0.00159034424 -0.0289667472 -0.00971910916
v 0.00162080815 -0.0289755929 -0.00971414614
v 0.00168529688 -0.0287856553 -0.00989022385
v 0.00171458302 -0.0287967511 -0.00988313649
v 0.00190871896 -0.0286414381 -0.010344848
v 0.00179500156 -0.0286735594 -0.0101058371
v 0.00182292634 -0.0286860485 -0.010096075
v 0.0019352322 -0.0286543239 -0.0103321206
v 0.00201531826 -0.028692428 -0.0105838599
v 0.0020405096 -0.0287046824 -0.0105681643
v 0.0021043641 -0.0288215466 -0.0107994732
v 0.00212844904 -0.0288321972 -0.0107811047
v 0.00216714083 -0.0290161483 -0.010970586
v 0.0015676301 -0.0301595125 -0.00989022385
v 0.00168631726 -0.0302810725 -0.010096075
v 0.00159837655 -0.0301535595 -0.00988313649
v 0.00165667594 -0.0302886274 -0.0101058371
v 0.00179159339 -0.0303314328 -0.0103321206
v 0.00176327524 -0.030339621 -0.010344848
v 0.00190390041 -0.0302997082 -0.0105681652
v 0.00187699369 -0.0303074941 -0.0105838599
v 0.00201224256 -0.0301890057 -0.0107811028
v 0.00198669732 -0.0301954057 -0.0107994732
v 0.00179500156 -0.0286735594 -0.0101058371
v 0.00168529688 -0.0287856553 -0.00989022385
v 0.00171458302 -0.0287967511 -0.00988313649
v 0.00182292634 -0.0286860485 -0.010096075
v 0.00198669732 -0.0301954057 -0.0107994732
v 0.00208165101 -0.0300143119 -0.010970586
v 0.0021060186 -0.0300101601 -0.0109500941
v 0.00201224256 -0.0301890057 -0.0107811028
v -0.00138805679 -0.0241475981 0.000812300656
v -0.0011339396 -0.0241693631 0.000557254243
v -8.68552888E-05 -0.0250702165 0.00137108297
v -0.000646166212 -0.025022313 0.00193243986
v 0.000272242411 -0.0251009725 0.000663731364
v -0.00170826132 -0.0241201762 0.000976050331
v -0.000970787369 -0.0241833366 0.000235876607
v -0.00135093508 -0.0249619503 0.00229285238
v 0.000395979267 -0.0251115691 -0.00012037273
v -0.00206321175 -0.0240897741 0.00103247457
v -0.000914568256 -0.0241881534 -0.000120372752
v -0.00213217898 -0.0248950403 0.00241704215
v 0.000272242411 -0.0251009725 -0.000904477085
v -0.0024181609 -0.0240593739 0.000976050331
v -0.000970787369 -0.0241833366 -0.000476622285
v -0.00291342428 -0.0248281285 0.00229285238
v -8.68552888E-05 -0.0250702165 -0.00161182776
v -0.00273836544 -0.0240319502 0.000812300714
v -0.0011339396 -0.0241693631 -0.000797999499
v -0.00361819449 -0.0247677676 0.00193243986
v -0.00064616499 -0.025022313 -0.00217318465
v -0.00299248146 -0.0240101852 0.000557254069
v -0.00138805562 -0.0241475981 -0.00105304609
v -0.00417750282 -0.0247198641 0.00137108262
v -0.00135093508 -0.0249619503 -0.0025335981
v -0.00315563497 -0.0239962116 0.00023587668
v -0.00170826132 -0.0241201762 -0.00121679599
v -0.00453660171 -0.0246891081 0.000663731538
v -0.00213217898 -0.0248950403 -0.00265778764
v -0.00321185286 -0.0239913967 -0.000120372759
v -0.00206321059 -0.0240897741 -0.00127322029
v -0.00466033863 -0.0246785078 -0.000120372752
v -0.00291342428 -0.0248281285 -0.0025335981
v -0.00315563497 -0.0239962116 -0.000476622343
v -0.0024181609 -0.0240593739 -0.00121679599
v -0.00453660171 -0.0246891081 -0.000904477376
v -0.00361819449 -0.0247677676 -0.00217318465
v -0.00299248262 -0.0240101852 -0.000797999615
v -0.00273836544 -0.0240319502 -0.00105304609
v -0.00417750422 -0.0247198641 -0.00161182799
v 0.00212877803 -0.0301147997 -0.0110906325
v 0.00221328787 -0.0298378561 -0.01122157
v 0.00215255795 -0.0297819506 -0.0110804476
v 0.00208165101 -0.0300143119 -0.010970586
v 0.00219247746 -0.0295210611 -0.0111183031
v 0.0020156079 -0.0303306319 -0.0108866915
v 0.00226086541 -0.0295269173 -0.0112666879
v 0.00198669732 -0.0301954057 -0.0107994732
v 0.00219750218 -0.029257182 -0.0110804476
v 0.00188485801 -0.0304642282 -0.0106297117
v 0.00226685568 -0.0292124171 -0.01122157
v 0.00187699369 -0.0303074941 -0.0105838599
v 0.00216714083 -0.0290161483 -0.010970586
v 0.00174932298 -0.0305025168 -0.010344848
v 0.00223066867 -0.0289251395 -0.0110906325
v 0.00176327524 -0.030339621 -0.010344848
v 0.0021043641 -0.0288215466 -0.0107994732
v 0.00162227452 -0.0304417387 -0.0100599835
v 0.00215584808 -0.0286932047 -0.0108866915
v 0.00165667594 -0.0302886274 -0.0101058371
v 0.00201531826 -0.028692428 -0.0105838599
v 0.00151614484 -0.0302878544 -0.00980300456
v 0.00204972085 -0.0285393186 -0.0106297117
v 0.0015676301 -0.0301595125 -0.00989022385
v 0.00190871896 -0.0286414381 -0.010344848
v 0.00144132669 -0.0300559197 -0.00959906448
v 0.00192266994 -0.0284785461 -0.010344848
v 0.00150485453 -0.0299649108 -0.00971910916
v 0.00179500156 -0.0286735594 -0.0101058371
v 0.00140513957 -0.0297686402 -0.00946812704
v 0.00178713736 -0.028516829 -0.0100599835
v 0.0014744919 -0.0297238771 -0.00960924756
v 0.00168529688 -0.0287856553 -0.00989022385
v 0.00141112856 -0.02945414 -0.00942300819
v 0.00165638619 -0.0286504291 -0.00980300456
v 0.00147951778 -0.029459998 -0.00957139209
v 0.00159034424 -0.0289667472 -0.00971910916
v 0.00145870622 -0.0291432012 -0.00946812704
v 0.00154321722 -0.0288662594 -0.00959906448
v 0.00151943741 -0.0291991085 -0.00960924756
v 0.00275875139 -0.030168755 -0.0107981525
v 0.00271162321 -0.0300682653 -0.0106781079
v 0.00278253015 -0.0298359059 -0.0107879676
v 0.00264558126 -0.0303845853 -0.0105942115
v 0.00284326123 -0.0298918113 -0.0109290909
v 0.00261667068 -0.0302493591 -0.0105069941
v 0.00282244966 -0.0295750163 -0.0108258249
v 0.00251483009 -0.0305181853 -0.0103372317
v 0.00289083901 -0.0295808744 -0.0109742079
v 0.00250696717 -0.0303614512 -0.0102913808
v 0.00282747555 -0.0293111373 -0.0107879676
v 0.00237929635 -0.0305564702 -0.010052368
v 0.00289682788 -0.0292663742 -0.0109290909
v 0.00239324872 -0.0303935762 -0.010052368
v 0.00279711303 -0.0290701017 -0.0106781079
v 0.00225224788 -0.0304956958 -0.00976750441
v 0.00286064204 -0.0289790928 -0.0107981525
v 0.00228664931 -0.0303425808 -0.00981335714
v 0.00273433747 -0.0288755 -0.0105069941
v 0.00214611832 -0.0303418078 -0.00951052457
v 0.00278582145 -0.02874716 -0.0105942115
v 0.00219760463 -0.0302134678 -0.00959774386
v 0.00264529162 -0.0287463851 -0.0102913799
v 0.00207129889 -0.0301098768 -0.00930658542
v 0.00267969305 -0.0285932757 -0.0103372317
v 0.00213482673 -0.0300188661 -0.00942662917
v 0.0025386936 -0.0286953915 -0.010052368
v 0.00203511282 -0.0298225973 -0.00917564705
v 0.00255264342 -0.0285324994 -0.010052368
v 0.00210446538 -0.0297778305 -0.0093167685
v 0.00242497493 -0.0287275147 -0.00981335714
v 0.00204110192 -0.0295080971 -0.0091305282
v 0.00241710944 -0.0285707843 -0.00976750441
v 0.0021094901 -0.0295139551 -0.0092789121
v 0.00231527141 -0.0288396087 -0.00959774386
v 0.0020886797 -0.0291971583 -0.00917564705
v 0.0022863585 -0.0287043825 -0.00951052457
v 0.00214940961 -0.0292530619 -0.0093167685
v 0.00222031656 -0.0290207025 -0.00942662917
v 0.00217318954 -0.0289202165 -0.00930658542
v -0.0109699368 -0.0289929342 -0.0085375905
v -0.0110446448 -0.0287023541 -0.00864231121
v -0.0109337736 -0.0286611449 -0.00852944609
v -0.0108710909 -0.0289049484 -0.00844158139
v -0.0109398859 -0.0283963121 -0.00855972059
v -0.0108351177 -0.0292300023 -0.00837448239
v -0.0110519286 -0.0283867158 -0.00867839623
v -0.0107579753 -0.0291038603 -0.00830472913
v -0.0108888289 -0.0281363763 -0.00852944609
v -0.0106533887 -0.0293903649 -0.00816895906
v -0.0109910769 -0.0280769151 -0.00864231121
v -0.0106054973 -0.0292384066 -0.00813228544
v -0.0107856011 -0.0279067848 -0.00844158139
v -0.0104425335 -0.0294583198 -0.00794113055
v -0.0108680464 -0.027803272 -0.0085375905
v -0.0104285814 -0.029295424 -0.00794113055
v -0.0106403083 -0.0277300011 -0.00830472913
v -0.010223194 -0.0294272099 -0.00771330297
v -0.0106948782 -0.027592577 -0.00837448239
v -0.0102445483 -0.0292693209 -0.00774997519
v -0.0104671717 -0.0276233405 -0.00813228544
v -0.0100168418 -0.0293000862 -0.00750777638
v -0.0104885269 -0.0274654552 -0.00816895906
v -0.0100714117 -0.029162664 -0.00757753057
v -0.0102831377 -0.0275972411 -0.00794113055
v -0.00984367449 -0.0290893931 -0.00734467013
v -0.0102691865 -0.0274343491 -0.00794113055
v -0.00992611703 -0.0289858803 -0.00744067878
v -0.0101062227 -0.0276542529 -0.00774997519
v -0.00972064305 -0.02881575 -0.00723994849
v -0.0100583313 -0.0275023002 -0.00771330297
v -0.00982289016 -0.0287562888 -0.00735281454
v -0.00995374564 -0.0277888048 -0.00757753104
v -0.00965979137 -0.0285059493 -0.00720386487
v -0.00987660047 -0.0276626609 -0.00750777684
v -0.00977183506 -0.028496353 -0.00732253911
v -0.00984062813 -0.0279877186 -0.00744067971
v -0.00966707524 -0.028190311 -0.00723994849
v -0.00974178314 -0.0278997328 -0.00734467013
v -0.00977794547 -0.0282315202 -0.00735281408
v -0.0104660988 -0.0290360842 -0.00901676342
v -0.0103672547 -0.0289480984 -0.00892075524
v -0.0104299355 -0.0287042968 -0.009008619
v -0.0103312815 -0.0292731561 -0.00885365624
v -0.0105408067 -0.028745506 -0.00912148505
v -0.0102541372 -0.029147014 -0.00878390204
v -0.0104360487 -0.028439464 -0.00903889444
v -0.0101495516 -0.0294335168 -0.00864813197
v -0.0105480906 -0.0284298677 -0.00915756822
v -0.0101016592 -0.0292815585 -0.00861145929
v -0.0103849908 -0.0281795282 -0.009008619
v -0.00993869547 -0.0295014717 -0.00842030346
v -0.0104872389 -0.028120067 -0.00912148505
v -0.00992474519 -0.0293385759 -0.00842030346
v -0.0102817649 -0.0279499367 -0.00892075524
v -0.00971935689 -0.0294703618 -0.00819247682
v -0.0103642084 -0.0278464239 -0.00901676342
v -0.00974071026 -0.0293124709 -0.00822914857
v -0.0101364702 -0.0277731549 -0.00878390204
v -0.00951300375 -0.02934324 -0.00798695069
v -0.0101910401 -0.0276357308 -0.00885365624
v -0.00956757367 -0.0292058159 -0.00805670582
v -0.00996333361 -0.0276664924 -0.00861145835
v -0.00933983736 -0.0291325469 -0.00782384351
v -0.00998468883 -0.0275086071 -0.00864813197
v -0.00942228083 -0.0290290322 -0.00791985262
v -0.00977930054 -0.027640393 -0.00842030346
v -0.00921680592 -0.0288589019 -0.00771912327
v -0.0097653484 -0.0274774991 -0.00842030346
v -0.00931905303 -0.0287994407 -0.00783198792
v -0.00960238464 -0.0276974048 -0.00822914857
v -0.0091559533 -0.0285491012 -0.00768303871
v -0.00955449417 -0.0275454521 -0.00819247682
v -0.009267997 -0.0285395049 -0.00780171249
v -0.00944990758 -0.0278319567 -0.00805670582
v -0.00916323904 -0.0282334629 -0.00771912327
v -0.00937276334 -0.0277058147 -0.00798695069
v -0.00927410834 -0.0282746721 -0.00783198792
v -0.009336791 -0.0280308686 -0.00791985262
v -0.00923794601 -0.0279428866 -0.00782384351
v -0.0104495473 -0.0290375017 0.00879083481
v -0.0105240606 -0.0287469402 0.00889573991
v -0.0104134008 -0.0287057124 0.00878267549
v -0.010350883 -0.028949501 0.00869465526
v -0.0104194563 -0.0284408852 0.00881300494
v -0.0103150345 -0.0292745456 0.00862743892
v -0.0105312802 -0.0284313075 0.0089318892
v -0.0102380197 -0.0291483924 0.00855756085
v -0.0103684571 -0.0281809438 0.00878267549
v -0.0101336855 -0.0294348765 0.0084215505
v -0.0104704928 -0.0281215012 0.00889573991
v -0.010085864 -0.0292829107 0.00838481355
v -0.0102653932 -0.0279513374 0.00869465526
v -0.009923256 -0.0295027941 0.00819331966
v -0.0103476569 -0.0278478395 0.00879083481
v -0.00990930386 -0.0293399002 0.00819331966
v -0.0101203537 -0.0277745333 0.00855756085
v -0.00970434025 -0.029471647 0.00796508975
v -0.0101747941 -0.0276371203 0.00862743892
v -0.00972562749 -0.0293137636 0.00800182577
v -0.00994753651 -0.0276678428 0.00838481262
v -0.00949837081 -0.0293444917 0.00775919948
v -0.00996882282 -0.027509965 0.0084215505
v -0.0095528122 -0.0292070787 0.00782907847
v -0.00976386014 -0.0276417155 0.00819331966
v -0.00932550803 -0.0291337725 0.00759580545
v -0.009749908 -0.0274788234 0.00819331966
v -0.00940777175 -0.0290302746 0.00769198453
v -0.00958730094 -0.0276986975 0.00800182577
v -0.00920267124 -0.0288601127 0.00749089941
v -0.00953947846 -0.0275467373 0.00796508975
v -0.0093047088 -0.0288006682 0.00760396384
v -0.00943514518 -0.0278332196 0.00782907847
v -0.00914188754 -0.0285503045 0.00745475153
v -0.0093581304 -0.0277070664 0.00775919948
v -0.00925370865 -0.0285407268 0.00757363485
v -0.00932228286 -0.028032111 0.00769198406
v -0.00914910436 -0.0282346737 0.00749089941
v -0.00922361668 -0.0279441103 0.00759580545
v -0.00925976411 -0.0282758996 0.00760396384
v -0.0109542776 -0.0289942734 0.00831260625
v -0.0108556105 -0.0289062727 0.00821642764
v -0.0109181283 -0.028662486 0.00830444694
v -0.0108197611 -0.0292313192 0.00814921036
v -0.0110287899 -0.0287037101 0.00841751229
v -0.01074275 -0.0291051641 0.00807933323
v -0.0109241838 -0.028397657 0.00833477639
v -0.0106384158 -0.0293916482 0.00794332195
v -0.0110360067 -0.0283880793 0.00845366064
v -0.0105905915 -0.0292396825 0.00790658593
v -0.0108731836 -0.0281377174 0.00830444694
v -0.0104279853 -0.029459564 0.00771509204
v -0.0109752221 -0.0280782711 0.00841751229
v -0.0104140323 -0.0292966701 0.00771509157
v -0.0107701207 -0.0279081091 0.00821642764
v -0.0102090687 -0.0294284187 0.0074868612
v -0.0108523862 -0.0278046131 0.00831260625
v -0.010230355 -0.0292705353 0.00752359768
v -0.010625083 -0.0277313069 0.00807933323
v -0.0100030992 -0.0293012634 0.00728097139
v -0.0106795216 -0.0275938939 0.00814921036
v -0.0100575397 -0.0291638505 0.00735084992
v -0.0104522659 -0.0276246164 0.007906585
v -0.0098302355 -0.0290905442 0.0071175769
v -0.0104735512 -0.0274667367 0.00794332195
v -0.00991250016 -0.0289870463 0.00721375505
v -0.0102685895 -0.0275984854 0.00771509157
v -0.00970739964 -0.0288168825 0.00701267039
v -0.0102546383 -0.0274355933 0.00771509157
v -0.00980943721 -0.0287574399 0.00712573528
v -0.0100920293 -0.0276554693 0.00752359768
v -0.00964661501 -0.0285070762 0.00697652251
v -0.0100442059 -0.0275035091 0.0074868612
v -0.00975843705 -0.0284975003 0.00709540583
v -0.00993987266 -0.0277899932 0.00735084992
v -0.00965383369 -0.0281914435 0.00701267039
v -0.0098628588 -0.0276638381 0.00728097139
v -0.00976449251 -0.0282326713 0.00712573528
v -0.00982701033 -0.0279888846 0.00721375505
v -0.00972834509 -0.0279008839 0.00711757643
v 0.00933753513 -0.0307322089 -0.00046868762
v 0.00950543955 -0.0304624066 -0.000468687329
v 0.00935482979 -0.0303988047 -0.00046868762
v 0.00921395328 -0.0306251701 -0.00046868762
v 0.00941886008 -0.030139979 -0.000468687416
v 0.0090944767 -0.0309369154 -0.00046868762
v 0.00958175212 -0.0301539302 -0.000468687096
v 0.00901001692 -0.0307969302 -0.000468687329
v 0.00939977448 -0.0298740361 -0.000468687707
v 0.00880005863 -0.0310564972 -0.000468687329
v 0.00955900736 -0.0298369695 -0.000468687416
v 0.00876298919 -0.0308972616 -0.000468687096
v 0.0092994431 -0.0296270084 -0.000468687707
v 0.00848309603 -0.0310792439 -0.000468687416
v 0.00943942834 -0.0295425486 -0.000468687707
v 0.00849704538 -0.03091635 -0.000468687416
v 0.00912768394 -0.0294230711 -0.000468687416
v 0.00817461498 -0.0310029294 -0.000468687416
v 0.00923471712 -0.0292994902 -0.000468687707
v 0.00823822338 -0.0308523141 -0.000468687416
v 0.00890131481 -0.0292821918 -0.000468687474
v 0.00790481828 -0.030835025 -0.000468687416
v 0.00896492042 -0.0291315857 -0.000468687416
v 0.00801185146 -0.0307114404 -0.000468687096
v 0.00864249002 -0.0292181652 -0.000468687474
v 0.00770010985 -0.0305919666 -0.000468687096
v 0.00865644217 -0.0290552732 -0.000468687474
v 0.00784009509 -0.0305075049 -0.000468687416
v 0.008376549 -0.029237248 -0.000468687474
v 0.0075805313 -0.0302975457 -0.000468687416
v 0.00833947677 -0.0290780179 -0.000468687474
v 0.00773976138 -0.0302604791 -0.000468687416
v 0.00812951848 -0.0293375812 -0.000468687183
v 0.00755778374 -0.0299805831 -0.000468687474
v 0.0080450587 -0.0291975997 -0.000468687474
v 0.00772067811 -0.0299945343 -0.000468687183
v 0.00792558491 -0.0295093413 -0.000468687474
v 0.00763409678 -0.0296721067 -0.000468687474
v 0.00780200027 -0.0294023063 -0.000468687183
v 0.00778470561 -0.0297357105 -0.000468687474
v 0.00933753513 -0.0307322089 0.000227962257
v 0.00921395328 -0.0306251701 0.000227962257
v 0.00935482979 -0.0303988047 0.000227962562
v 0.0090944767 -0.0309369154 0.000227962257
v 0.00950543955 -0.0304624066 0.000227962853
v 0.00901001692 -0.0307969302 0.000227962853
v 0.00941886008 -0.030139979 0.000227962519
v 0.00880005863 -0.0310564972 0.000227962562
v 0.00958175212 -0.0301539302 0.000227963115
v 0.00876298919 -0.0308972616 0.000227962824
v 0.00939977448 -0.0298740361 0.000227962519
v 0.00848309603 -0.0310792439 0.000227962824
v 0.00955900736 -0.0298369695 0.000227962824
v 0.00849704538 -0.03091635 0.000227962824
v 0.0092994431 -0.0296270084 0.000227962228
v 0.00817461498 -0.0310029294 0.000227962519
v 0.00943942834 -0.0295425486 0.000227962519
v 0.00823822059 -0.0308523141 0.000227962824
v 0.00912768394 -0.0294230711 0.000227962781
v 0.00790481642 -0.030835025 0.00022796249
v 0.00923471712 -0.0292994902 0.000227962184
v 0.00801185146 -0.0307114404 0.000227962519
v 0.00890131481 -0.0292821918 0.000227962446
v 0.00770010985 -0.0305919666 0.000227962781
v 0.00896492042 -0.0291315857 0.00022796249
v 0.00784009509 -0.0305075049 0.00022796249
v 0.00864249002 -0.0292181652 0.000227962752
v 0.0075805313 -0.0302975457 0.000227962781
v 0.00865644217 -0.0290552732 0.000227962752
v 0.00773976138 -0.0302604791 0.000227962781
v 0.0083765462 -0.029237248 0.000227962752
v 0.00755778374 -0.0299805831 0.000227962446
v 0.00833947957 -0.0290780179 0.000227962446
v 0.00772067579 -0.0299945343 0.000227962446
v 0.00812951848 -0.0293375812 0.000227962446
v 0.00763409678 -0.0296721067 0.000227962752
v 0.0080450587 -0.0291975997 0.000227962417
v 0.00778470561 -0.0297357105 0.000227962752
v 0.00792558491 -0.0295093413 0.000227962446
v 0.00780200027 -0.0294023063 0.000227962752
v 0.00265297457 -0.0301596951 0.0106096752
v 0.0027361887 -0.0298826396 0.0107412077
v 0.00267685577 -0.0298268553 0.0105994446
v 0.00260703615 -0.0300593078 0.0104890857
v 0.00271639996 -0.0295659322 0.0106374724
v 0.00254182401 -0.0303756986 0.0104048094
v 0.00278332038 -0.0295716636 0.0107865296
v 0.00251377886 -0.0302405469 0.0103171952
v 0.00272180024 -0.0293020867 0.0105994446
v 0.00241361908 -0.0305095166 0.0101466645
v 0.00278975535 -0.0292572007 0.0107412077
v 0.00240620901 -0.0303528216 0.0101006031
v 0.00269252597 -0.0290611442 0.0104890857
v 0.00228090584 -0.0305480454 0.00986050721
v 0.00275486521 -0.0289700329 0.0106096752
v 0.00229485799 -0.0303851496 0.00986050721
v 0.00263144542 -0.0288666878 0.0103171952
v 0.00215667789 -0.0304875113 0.0095743509
v 0.00268206536 -0.0287382733 0.0104048094
v 0.00219062623 -0.0303343553 0.00962041132
v 0.00254453486 -0.0287377536 0.0101006012
v 0.00205309317 -0.0303338394 0.00931620505
v 0.00257848203 -0.0285846051 0.0101466645
v 0.00210371544 -0.0302054249 0.00940381922
v 0.0024403017 -0.0286869667 0.00986050721
v 0.00198029331 -0.0301020797 0.00911134016
v 0.00245425268 -0.0285240747 0.00986050721
v 0.00204263395 -0.0300109684 0.00923192967
v 0.00232895184 -0.0287192892 0.00962041132
v 0.00194540434 -0.029814912 0.00897980761
v 0.00232154061 -0.0285625998 0.0095743509
v 0.00201335968 -0.0297700278 0.00912156887
v 0.00222138222 -0.0288315676 0.00940381922
v 0.00195183931 -0.0295004509 0.00893448479
v 0.00219333475 -0.0286964141 0.00931620505
v 0.00201875973 -0.0295061823 0.00908354297
v 0.00212812237 -0.0290128049 0.00923192967
v 0.00199897098 -0.029189473 0.00897980761
v 0.00208218512 -0.0289124195 0.00911134016
v 0.00205830391 -0.0292452592 0.00912156887
v 0.00202014274 -0.030105494 0.0108958706
v 0.00197420525 -0.0300051086 0.0107752811
v 0.00204402371 -0.029772656 0.01088564
v 0.00190899312 -0.0303214993 0.0106910048
v 0.00210335664 -0.0298284404 0.0110274022
v 0.00188094552 -0.0301863477 0.0106033906
v 0.00208356907 -0.029511733 0.0109236678
v 0.00178078702 -0.0304553136 0.0104328599
v 0.00215048855 -0.0295174643 0.0110727251
v 0.00177337707 -0.0302986205 0.0103867985
v 0.00208896818 -0.0292478856 0.01088564
v 0.00164807378 -0.0304938424 0.0101467026
v 0.00215692329 -0.0292030014 0.0110274022
v 0.00166202604 -0.0303309485 0.0101467026
v 0.00205969508 -0.029006945 0.0107752811
v 0.00152384571 -0.0304333083 0.00986054633
v 0.00212203432 -0.0289158337 0.0108958706
v 0.00155779417 -0.0302801561 0.00990660582
v 0.00199861219 -0.0288124885 0.0106033906
v 0.00142026239 -0.0302796401 0.00960240047
v 0.00204923446 -0.0286840741 0.0106910048
v 0.00147088349 -0.0301512256 0.00969001465
v 0.00191170268 -0.0286835544 0.0103867967
v 0.00134746253 -0.0300478805 0.00939753465
v 0.00194564997 -0.028530404 0.0104328599
v 0.00140980177 -0.0299567692 0.00951812509
v 0.00180746964 -0.0286327638 0.0101467026
v 0.00131257228 -0.0297607128 0.00926600304
v 0.0018214219 -0.0284698717 0.0101467026
v 0.00138052762 -0.0297158286 0.0094077643
v 0.0016961199 -0.0286650881 0.00990660582
v 0.00131900841 -0.0294462498 0.00922068022
v 0.00168870867 -0.0285083987 0.00986054633
v 0.00138592778 -0.029451983 0.00936973747
v 0.00158855016 -0.0287773665 0.00969001465
v 0.0013661402 -0.0291352738 0.00926600304
v 0.00156050257 -0.0286422148 0.00960240047
v 0.00142547302 -0.02919106 0.0094077643
v 0.0014952916 -0.0289586056 0.00951812509
v 0.00144935306 -0.0288582202 0.00939753465
v -0.0101430463 0.00979766902 0.0081936717
v -0.0102783581 0.0100081768 0.0081936717
v -0.0102174878 0.0110127637 0.0081936717
v -0.0103775645 0.00906817988 0.0081936717
v -0.0100585027 0.0109086735 0.0081936717
v -0.0104967635 0.00929154363 0.0081936717
v -0.010260744 0.0119139953 0.0081936717
v -0.0106618255 0.00857218355 0.00819367263
v -0.0101190014 0.0119757606 0.0081936717
v -0.0107369758 0.0088639548 0.0081936717
v -0.0104759261 0.0128534399 0.0081936717
v -0.0109686749 0.00835114252 0.00819367263
v -0.0103700012 0.0130559634 0.0081936717
v -0.0109923743 0.00869665574 0.00819367263
v -0.0107786888 0.0135398144 0.0081936717
v -0.011245043 0.00854378007 0.00819367263
v -0.0107081765 0.0137576479 0.0081936717
v -0.011229868 0.0088552786 0.0081936717
v -0.011090152 0.0139257414 0.0081936717
v -0.0114912316 0.00904330984 0.0081936717
v -0.0110580279 0.0142014464 0.0081936717
v -0.0114297699 0.00932427775 0.0081936717
v -0.0113876741 0.0141452644 0.0081936717
v -0.0116715021 0.00986625534 0.0081936717
v -0.0114074014 0.0144607006 0.0081936717
v -0.0115562361 0.0101280697 0.0081936717
v -0.0116553856 0.0141890235 0.0081936717
v -0.0117982095 0.0109001137 0.0081936717
v -0.011729233 0.014514409 0.0081936717
v -0.0116694588 0.0110128922 0.0081936717
v -0.011869533 0.0140564926 0.0081936717
v -0.011971755 0.0117728775 0.0081936717
v -0.011976826 0.0143464524 0.0081936717
v -0.0118207885 0.0117710186 0.0081936717
v -0.0120154638 0.0137691544 0.0081936717
v -0.0121094603 0.012753576 0.0081936717
v -0.0121585084 0.0140055455 0.0081936717
v -0.0119321533 0.0126026608 0.0081936717
v -0.0120423529 0.013330048 0.0081936717
v -0.0122152492 0.0135001326 0.0081936717
v -0.00881436467 -0.00710851047 0.0101535367
v -0.00899886433 -0.00694871508 0.0101535367
v -0.00878854655 -0.00661076419 0.0101535367
v -0.00917723123 -0.00741412258 0.0101535367
v -0.00856369734 -0.00670572277 0.0101535367
v -0.00930332206 -0.00720513426 0.0101535367
v -0.0086929556 -0.00622436404 0.0101535367
v -0.00961677544 -0.00759264221 0.0101535367
v -0.00844976865 -0.00624519214 0.0101535367
v -0.00967211369 -0.00735492073 0.0101535367
v -0.00872144755 -0.00582733005 0.0101535367
v -0.0100899739 -0.00762660382 0.0101535367
v -0.00848372653 -0.00577199087 0.0101535367
v -0.0100691458 -0.00738341548 0.0101535367
v -0.00887123495 -0.00545853702 0.0101535367
v -0.0105505083 -0.00751267048 0.0101535367
v -0.00866224989 -0.00533244247 0.0101535367
v -0.0104555506 -0.00728782173 0.0101535367
v -0.00912765507 -0.00515408022 0.0101535367
v -0.0109532923 -0.0072620078 0.0101535367
v -0.0089678634 -0.00496957731 0.0101535367
v -0.0107935024 -0.00707750535 0.0101535367
v -0.00946560781 -0.00494376011 0.0101535367
v -0.0112589095 -0.00689914217 0.0101535367
v -0.00937064923 -0.00471891416 0.0101535367
v -0.0110499216 -0.00677304715 0.0101535367
v -0.00985201076 -0.00484817009 0.0101535367
v -0.0114374282 -0.0064595961 0.0101535367
v -0.00983118266 -0.00460498547 0.0101535367
v -0.01119971 -0.00640425552 0.0101535367
v -0.010249042 -0.00487666158 0.0101535367
v -0.0114713879 -0.00598639948 0.0101535367
v -0.0103043821 -0.00463894289 0.0101535367
v -0.011228201 -0.00600722758 0.0101535367
v -0.0106178354 -0.00502645131 0.0101535367
v -0.0113574574 -0.0055258642 0.0101535367
v -0.0107439253 -0.00481746253 0.0101535367
v -0.0111326119 -0.00562082138 0.0101535367
v -0.0109222913 -0.00528287049 0.0101535367
v -0.0111067938 -0.0051230751 0.0101535367
v -0.0101430463 0.00979766902 -0.00843442231
v -0.0100585027 0.0109086726 -0.00843442231
v -0.0102174878 0.0110127637 -0.00843442231
v -0.0102783581 0.0100081749 -0.00843442231
v -0.010260744 0.0119139953 -0.00843442231
v -0.0103775645 0.00906817894 -0.00843442231
v -0.0101190014 0.0119757587 -0.00843442231
v -0.0104967635 0.00929154269 -0.00843442231
v -0.0104759261 0.012853439 -0.00843442231
v -0.0106618255 0.00857218262 -0.00843442138
v -0.0103700012 0.0130559616 -0.00843442231
v -0.0107369758 0.00886395294 -0.00843442231
v -0.0107786888 0.0135398135 -0.00843442231
v -0.0109686749 0.00835114066 -0.00843442138
v -0.0107081765 0.013757647 -0.00843442231
v -0.0109923743 0.00869665481 -0.00843442138
v -0.011090152 0.0139257405 -0.00843442231
v -0.011245043 0.00854377821 -0.00843442138
v -0.0110580279 0.0142014455 -0.00843442231
v -0.011229868 0.00885527674 -0.00843442231
v -0.0113876741 0.0141452644 -0.00843442231
v -0.0114912316 0.00904330797 -0.00843442231
v -0.0114074014 0.0144606996 -0.00843442231
v -0.0114297699 0.00932427589 -0.00843442231
v -0.0116553856 0.0141890235 -0.00843442231
v -0.0116715021 0.0098662544 -0.00843442231
v -0.011729233 0.0145144081 -0.00843442231
v -0.0115562361 0.0101280697 -0.00843442231
v -0.011869533 0.0140564926 -0.00843442231
v -0.0117982095 0.0109001137 -0.00843442231
v -0.011976826 0.0143464515 -0.00843442231
v -0.0116694588 0.0110128913 -0.00843442231
v -0.0120154638 0.0137691544 -0.00843442231
v -0.011971755 0.0117728766 -0.00843442231
v -0.0121585084 0.0140055437 -0.00843442231
v -0.0118207885 0.0117710168 -0.00843442231
v -0.0120423529 0.013330047 -0.00843442231
v -0.0121094603 0.0127535742 -0.00843442231
v -0.0122152492 0.0135001326 -0.00843442231
v -0.0119321533 0.0126026589 -0.00843442231
v -0.00881436374 -0.00710851187 -0.0103942845
v -0.00856369641 -0.00670572277 -0.0103942845
v -0.00878854468 -0.00661076512 -0.0103942845
v -0.0089988634 -0.00694871508 -0.0103942845
v -0.00869295467 -0.00622436497 -0.0103942845
v -0.0091772303 -0.00741412397 -0.0103942845
v -0.00844976772 -0.00624519354 -0.0103942845
v -0.00930332113 -0.00720513565 -0.0103942845
v -0.00872144662 -0.00582733145 -0.0103942845
v -0.00961677451 -0.00759264315 -0.0103942845
v -0.0084837256 -0.00577199226 -0.0103942845
v -0.00967211276 -0.00735492213 -0.0103942845
v -0.00887123402 -0.00545853842 -0.0103942845
v -0.0100899739 -0.00762660475 -0.0103942845
v -0.00866224896 -0.0053324434 -0.0103942845
v -0.0100691458 -0.00738341687 -0.0103942845
v -0.0091276532 -0.00515408162 -0.0103942845
v -0.0105505083 -0.00751267187 -0.0103942845
v -0.00896786246 -0.0049695787 -0.0103942845
v -0.0104555488 -0.00728782266 -0.0103942845
v -0.00946560688 -0.00494376151 -0.0103942845
v -0.0109532923 -0.0072620092 -0.0103942845
v -0.0093706483 -0.00471891556 -0.0103942845
v -0.0107935024 -0.00707750674 -0.0103942845
v -0.00985200889 -0.00484817103 -0.0103942845
v -0.0112589095 -0.0068991431 -0.0103942845
v -0.00983118173 -0.0046049864 -0.0103942845
v -0.0110499216 -0.00677304855 -0.0103942845
v -0.0102490401 -0.00487666251 -0.0103942845
v -0.0114374282 -0.0064595961 -0.0103942845
v -0.0103043821 -0.00463894382 -0.0103942845
v -0.01119971 -0.00640425645 -0.0103942845
v -0.0106178354 -0.00502645224 -0.0103942845
v -0.0114713879 -0.00598640088 -0.0103942845
v -0.0107439253 -0.00481746392 -0.0103942845
v -0.011228201 -0.00600722898 -0.0103942845
v -0.0109222913 -0.00528287143 -0.0103942845
v -0.0113574574 -0.00552586559 -0.0103942845
v -0.0111067938 -0.0051230751 -0.0103942845
v -0.0111326119 -0.00562082278 -0.0103942845
v -0.00866897684 -0.00917081069 0.00863208156
v -0.00874028634 -0.00932018366 -0.00903497264
v -0.00874028727 -0.00932018366 0.00862850435
v -0.0115825962 0.0154832387 0.00722699752
v -0.0114984345 0.0156194419 0.00707226433
v -0.0106156999 0.0149885369 0.00707226386
v -0.0100616878 0.00712870574 0.00754368538
v -0.00989993475 0.00711490726 0.00738442922
v -0.00987309031 0.00613118615 0.00770573644
v 0.00353527116 -0.00459197816 -0.0116445692
v 0.00363671104 -0.004571978 -0.011713692
v 0.00331006339 -0.00454400154 -0.0117324693
v -0.0102783581 0.0100081749 -0.00843442231
v -0.0102871535 0.0110735362 -0.00840622187
v -0.0103326673 0.0101213213 -0.00840622187
v -0.0104967635 0.00929154269 -0.00843442231
v -0.0103326673 0.0101213213 -0.00840622187
v -0.0105398772 0.00943301432 -0.00840622187
v -0.0102783581 0.0100081768 0.0081936717
v -0.0103326673 0.0101213222 0.00816547219
v -0.0102871535 0.0110735381 0.00816547219
v -0.0104967635 0.00929154363 0.0081936717
v -0.0105398772 0.00943301432 0.00816547219
v -0.0103326673 0.0101213222 0.00816547219
v 0.00858921371 -0.0142987603 -0.000120372897
v 0.00871953089 -0.0141849117 -0.000120372897
v 0.0086884452 -0.01454785 -0.00775855407
v 0.0086884452 -0.01454785 -0.00775855407
v 0.00871953089 -0.0141849117 -0.000120372897
v 0.00868844334 -0.01454785 0.00751780858
v 0.00851596426 -0.0145330774 0.00838810112
v 0.00803044159 -0.0144914938 0.00911739655
v 0.00730380556 -0.01442926 0.00960469712
v 0.00643668696 -0.0143549927 0.00977780763
v -0.00878395047 -0.0130513906 0.0097778067
v -0.0096510686 -0.0129771242 0.00960469618
v -0.0103777051 -0.0129148895 0.00911739469
v -0.0108632278 -0.0128733059 0.00838809926
v -0.0110357068 -0.0128585352 0.00751780719
v -0.0120473104 0.0156237539 -0.00763346488
v -0.0125226602 0.0156026315 -0.00747873308
v -0.0124016237 0.0154840313 -0.00763346488
v -0.0120540243 0.0157874338 -0.00747873122
v -0.0115825934 0.0154832387 -0.00763346534
v -0.0114984345 0.0156194419 -0.00747873308
v -0.0107400436 0.0148948217 -0.00763346488
v -0.0106156999 0.0149885342 -0.00747873215
v -0.0102605689 0.0141589651 -0.00763346488
v -0.0101211518 0.0142271984 -0.00747873215
v -0.00974924304 0.0131963193 -0.00747873308
v -0.00990002882 0.0131568788 -0.00763346488
v -0.00975622423 0.0121029466 -0.00763346534
v -0.0101211518 0.0142271984 -0.00747873215
v -0.0102605689 0.0141589651 -0.00763346488
v -0.00974924304 0.0131963193 -0.00747873308
v -0.00975622423 0.0121029466 -0.00763346534
v -0.00960219279 0.0121185882 -0.00747873308
v -0.00968130492 0.0109828115 -0.00763346488
v -0.0095265666 0.0109879132 -0.00747873215
v -0.00975416414 0.00967342034 -0.00767523702
v -0.00959835481 0.00966364238 -0.00752057554
v -0.00999587774 0.00840491615 -0.00776343467
v -0.00983921532 0.0083811162 -0.00760924863
v -0.0100616878 0.00712870713 -0.0079501532
v -0.00989993382 0.00711490726 -0.00779089751
v -0.0100406976 0.00611147145 -0.00828378275
v -0.00987309031 0.00613118522 -0.00811220519
v -0.00979027525 0.00507982681 -0.00856863149
v -0.0096217962 0.00512729259 -0.00838767178
v -0.00948052108 0.0038005528 -0.00875879545
v -0.00931106135 0.00386218517 -0.00857321266
v -0.00905786827 0.00216043554 -0.00895923842
v -0.00888631307 0.0022327702 -0.00877065863
v -0.00871721469 0.00107246975 -0.00916404184
v -0.00854026806 0.00114067213 -0.00897253864
v -0.00825571548 -0.00085268938 -0.00938813388
v -0.00807156041 -0.000793298532 -0.0091956323
v -0.00780555652 -0.00267277285 -0.00953797158
v -0.00761167984 -0.0026373833 -0.00934667978
v -0.00768783549 -0.00485063763 -0.00959985144
v -0.00748949032 -0.00486013805 -0.00941111334
v -0.00785553269 -0.00625331141 -0.00957399607
v -0.00766225066 -0.00629857508 -0.00938596204
v -0.00826321077 -0.00769726979 -0.00952054001
v -0.00808057003 -0.0077704154 -0.00933165569
v -0.00886240974 -0.00896219816 -0.00949541386
v -0.00872085895 -0.00911494717 -0.00930241123
v -0.0124016237 0.0154840313 -0.00763346488
v -0.0125226602 0.0156026315 -0.00747873308
v -0.0127908969 0.0148797035 -0.00747873308
v -0.0126362154 0.0148517815 -0.00763346534
v -0.012792821 0.0138612399 -0.00747873308
v -0.012638066 0.0138734095 -0.00763346534
v -0.0126302978 0.0128465807 -0.00747873308
v -0.0124778794 0.0128733218 -0.00763346534
v -0.0120015098 0.0091135269 -0.00747873308
v -0.0118481796 0.00913539622 -0.00763346534
v -0.0118679041 0.00764873112 -0.00777169503
v -0.0117072994 0.00766593777 -0.00792848971
v -0.0118372859 0.00628881436 -0.00823884923
v -0.0116660446 0.00630605314 -0.00839970727
v -0.0119690262 0.00372762163 -0.00861782394
v -0.0117897196 0.00373141374 -0.00879030582
v -0.0120862974 0.00209385809 -0.00886733364
v -0.0119016813 0.00208790158 -0.0090463059
v -0.0122720199 -0.00149436563 -0.00924103521
v -0.0120789427 -0.00149606133 -0.00942817423
v -0.0122287767 -0.0043153204 -0.00938337483
v -0.0120326495 -0.00429896358 -0.00957186613
v -0.0119603556 -0.00660984265 -0.00936843455
v -0.0117670558 -0.00657306658 -0.00955634657
v -0.0116174603 -0.00811342709 -0.00932181068
v -0.0114337206 -0.00804252457 -0.00951051153
v -0.0110064959 -0.00924635958 -0.00929923169
v -0.010874073 -0.00908442214 -0.00949268229
v -0.00989381969 -0.00958459731 -0.00929923169
v -0.010874073 -0.00908442214 -0.00949268229
v -0.0110064959 -0.00924635958 -0.00929923169
v -0.00989281945 -0.00938270986 -0.00949268229
v -0.00879046321 -0.00926110707 -0.00929923169
v -0.00892754737 -0.00909970514 -0.00949268229
v -0.0120540261 0.0157874357 0.00707226433
v -0.0120473122 0.0156237539 0.00722699612
v -0.0124016255 0.0154840332 0.00722699566
v -0.0125226611 0.0156026324 0.00707226247
v -0.0125226611 0.0156026324 0.00707226247
v -0.0126362154 0.0148517815 0.00722699612
v -0.0127908969 0.0148797045 0.0070722634
v -0.012638066 0.0138734095 0.00722699612
v -0.012792821 0.0138612408 0.0070722634
v -0.0124778794 0.0128733218 0.00722699612
v -0.0126302978 0.0128465816 0.0070722634
v -0.0118481815 0.00913539715 0.00722699612
v -0.0120015098 0.00911352877 0.0070722634
v -0.0117073013 0.00766593777 0.00752202142
v -0.011867906 0.00764873112 0.00736522675
v -0.0116660446 0.00630605454 0.00799323805
v -0.0118372841 0.00628881436 0.00783238001
v -0.0117897196 0.00373141351 0.00838383753
v -0.0119690271 0.0037276228 0.00821135473
v -0.0119016832 0.00208790204 0.00863983762
v -0.0120862983 0.00209385878 0.00846086442
v -0.0120789455 -0.00149605633 0.00902170781
v -0.0122720217 -0.00149436353 0.00883456785
v -0.0120326495 -0.00429896358 0.00916539971
v -0.0122287767 -0.00431531947 0.0089769084
v -0.0117670558 -0.00657306518 0.00914987922
v -0.0119603556 -0.00660984265 0.00896196719
v -0.0114337206 -0.00804252364 0.00910404511
v -0.0116174603 -0.00811342709 0.00891534332
v -0.0114984345 0.0156194419 0.00707226433
v -0.0120473122 0.0156237539 0.00722699612
v -0.0120540261 0.0157874357 0.00707226433
v -0.0115825962 0.0154832387 0.00722699752
v -0.0106156999 0.0149885369 0.00707226386
v -0.0107400427 0.0148948226 0.00722699612
v -0.0101211518 0.0142271994 0.00707226386
v -0.0102605699 0.0141589651 0.00722699612
v -0.00974924304 0.0131963193 0.00707226247
v -0.00990002882 0.0131568825 0.00722699566
v -0.00990002882 0.0131568825 0.00722699566
v -0.00974924304 0.0131963193 0.00707226247
v -0.00960219186 0.0121185901 0.0070722634
v -0.00975622423 0.0121029466 0.00722699612
v -0.0095265666 0.0109879132 0.00707226386
v -0.00999587961 0.00840491708 0.00735696638
v -0.00989993475 0.00711490726 0.00738442922
v -0.0100616878 0.00712870574 0.00754368538
v -0.00983921718 0.0083811162 0.00720278081
v -0.00975416508 0.00967342034 0.00726876827
v -0.00959835481 0.00966364238 0.00711410679
v -0.00968130492 0.0109828115 0.00722699612
v -0.0095265666 0.0109879132 0.00707226386
v -0.00975622423 0.0121029466 0.00722699612
v -0.0100616878 0.00712870574 0.00754368538
v -0.00987309031 0.00613118615 0.00770573644
v -0.0100406976 0.00611147145 0.00787731353
v -0.00962179713 0.00512729399 0.0079812035
v -0.00979027525 0.00507982727 0.0081621632
v -0.00931106228 0.00386218634 0.00816674437
v -0.00948052108 0.0038005528 0.00835232716
v -0.00888631307 0.0022327709 0.00836418942
v -0.00905786827 0.00216043647 0.0085527692
v -0.00854026992 0.0011406726 0.00856607035
v -0.00871721469 0.00107246975 0.00875757542
v -0.00807155948 -0.000793297368 0.00878916401
v -0.00825571362 -0.000852688157 0.0089816656
v -0.00761168171 -0.00263738236 0.0089402115
v -0.00780555699 -0.00267277239 0.00913150329
v -0.00748949265 -0.00486013805 0.00900464505
v -0.00872085989 -0.00911494438 0.00889594387
v -0.0088624116 -0.0089621963 0.00908894744
v -0.00826321077 -0.00769726979 0.00911407173
v -0.00879046414 -0.00926110521 0.00889276434
v -0.00892754924 -0.00909970235 0.0090862168
v -0.00872085989 -0.00911494438 0.00889594387
v -0.00826321077 -0.00769726979 0.00911407173
v -0.00808057003 -0.0077704154 0.0089251874
v -0.00785553269 -0.00625331141 0.00916752778
v -0.00785553269 -0.00625331141 0.00916752778
v -0.00766225066 -0.00629857415 0.00897949282
v -0.00808057003 -0.0077704154 0.0089251874
v -0.00768783735 -0.00485063763 0.00919338223
v -0.00748949265 -0.00486013805 0.00900464505
v -0.00780555699 -0.00267277239 0.00913150329
v -0.0116174603 -0.00811342709 0.00891534332
v -0.0114337206 -0.00804252364 0.00910404511
v -0.0108740712 -0.00908442121 0.0090862168
v -0.0110064959 -0.00924635585 0.00889276434
v -0.00989281945 -0.0093827052 0.0090862168
v -0.00989382062 -0.00958459266 0.00889276434
v -0.0110064959 -0.00924635585 0.00889276434
v -0.0108740712 -0.00908442121 0.0090862168
v -0.00892754924 -0.00909970235 0.0090862168
v -0.00879046414 -0.00926110521 0.00889276434
v -0.00989382062 -0.00958459266 0.00889276434
v -0.00989281945 -0.0093827052 0.0090862168
v -0.00874028727 -0.00932018366 0.00862850435
v -0.00879046414 -0.00926110521 0.00889276434
v -0.00872085989 -0.00911494438 0.00889594387
v -0.00874028634 -0.00932018366 -0.00903497264
v -0.00879046321 -0.00926110707 -0.00929923169
v -0.00872085895 -0.00911494717 -0.00930241123
v -0.00892754737 -0.00909970514 -0.00949268229
v -0.00879046321 -0.00926110707 -0.00929923169
v -0.00872085895 -0.00911494717 -0.00930241123
v -0.00886240974 -0.00896219816 -0.00949541386
v -0.0102871535 0.0110735362 -0.00840622187
v 0.00369397225 -0.00460556941 0.0113731753
v 0.00353527116 -0.00459197722 0.0114038214
v 0.00363670872 -0.00457197707 0.0114729442
v 0.00331006106 -0.00454400014 0.0114917215
v 0.00363670872 -0.00457197707 0.0114729442
v 0.00363671104 -0.00457197754 0.00888020173
v 0.00331006106 -0.00454400061 0.0088614244
v -0.00419798773 -0.00390095799 0.0088614244
v -0.00452463655 -0.00387298199 0.00888020173
v -0.00476735737 -0.00385219301 0.0089270724
v -0.00452463655 -0.00387298199 0.0114729442
v -0.00419798773 -0.00390095799 0.0114917215
v 0.00331006106 -0.00454400014 0.0114917215
v -0.0102871535 0.0110735381 0.00816547219
v -0.00965106767 -0.0129771242 -0.009845444
v -0.00878394954 -0.0130513916 -0.0100185545
v 0.00643668929 -0.0143549936 -0.0100185536
v -0.00965106767 -0.0129771242 -0.009845444
v -0.0103777023 -0.0129148914 -0.00935814343
v -0.0103777023 -0.0129148914 -0.00935814343
v -0.010863225 -0.0128733069 -0.00862884708
v -0.0107611418 -0.0130070597 -0.0085822111
v -0.010863225 -0.0128733069 -0.00862884708
v -0.0110357041 -0.0128585352 -0.00775855547
v -0.0109266471 -0.012992885 -0.00774710346
v -0.0110046221 -0.012495596 -0.000120373843
v 0.00855812803 -0.0146616995 -0.00774710206
v 0.0086884452 -0.01454785 -0.00775855407
v 0.00851596426 -0.0145330783 -0.00862884615
v 0.00839262269 -0.0146475239 -0.00858221017
v 0.00803044345 -0.0144914947 -0.00935814157
v 0.00803044345 -0.0144914947 -0.00935814157
v 0.00730380556 -0.01442926 -0.00984544214
v 0.00724671176 -0.0145493802 -0.00973231625
v 0.00724671176 -0.0145493802 -0.00973231625
v 0.00730380556 -0.01442926 -0.00984544214
v 0.00643668929 -0.0143549936 -0.0100185536
v 0.00641465001 -0.0144781172 -0.00989842787
v -0.0110357068 -0.0128585352 0.00751780719
v -0.0110046221 -0.012495596 -0.000120373843
v 0.00331006339 -0.00454400154 -0.0117324693
v -0.0041979868 -0.00390095916 -0.0117324693
v -0.00452463562 -0.00387298316 -0.011713692
v -0.00452463562 -0.00387298246 -0.00912094954
v -0.0041979868 -0.00390095916 -0.00910217222
v 0.00331006106 -0.00454400154 -0.00910217222
v 0.00363671104 -0.004571978 -0.00912094954
v 0.00363671104 -0.004571978 -0.011713692
v -0.00277945935 -0.0238826107 0.000410957698
v -0.00258020568 -0.0238996763 0.000610940973
v -0.00290738745 -0.0238716528 0.000158964132
v -0.00232913066 -0.0239211787 0.00073933776
v -0.00295146881 -0.0238678753 -0.000120372759
v -0.00205081282 -0.0239450168 0.000783580355
v -0.00290738745 -0.0238716528 -0.000399709796
v -0.00177249487 -0.0239688531 0.00073933776
v -0.00277945935 -0.0238826107 -0.000651703216
v -0.00152142101 -0.0239903573 0.000610940973
v -0.00258020568 -0.0238996763 -0.000851686345
v -0.00132216746 -0.0240074228 0.000410957786
v -0.00232913066 -0.0239211787 -0.000980083481
v -0.00119423808 -0.0240183808 0.00015896406
v -0.00205081282 -0.0239450168 -0.00102432608
v -0.00115015684 -0.0240221545 -0.000120372759
v -0.00177249487 -0.0239688531 -0.000980083481
v -0.00119423808 -0.0240183808 -0.000399709708
v -0.00152142101 -0.0239903573 -0.000851686345
v -0.00132216746 -0.0240074228 -0.000651703158
v 0.00901173148 -0.0119663794 -0.000120372861
v 0.00900896825 -0.0119986488 0.00147213251
v 0.00890484173 -0.0132144289 -0.000120372926
v 0.00900896825 -0.0119986488 -0.00171287835
v -0.0106156999 0.0149885342 -0.00747873215
v -0.0101211518 0.0142271984 -0.00747873215
v -0.0102821896 0.00714553939 0.00760225533
v -0.00766225066 -0.00629857415 0.00897949282
v -0.00801299233 -0.00779672386 0.00866498612
v -0.00808057003 -0.0077704154 0.0089251874
v -0.0103777051 -0.0129148895 0.00911739469
v -0.0120540243 0.0157874338 -0.00747873122
v -0.012056482 0.0158473477 -0.00726736244
v -0.0125669623 0.0156460404 -0.0072673629
v -0.0125226602 0.0156026315 -0.00747873308
v -0.0114984345 0.0156194419 -0.00747873308
v -0.0120540243 0.0157874338 -0.00747873122
v -0.0106156999 0.0149885342 -0.00747873215
v -0.0105701871 0.0150228357 -0.0072673629
v -0.0101211518 0.0142271984 -0.00747873215
v -0.0100701218 0.0142521728 -0.0072673629
v -0.00974924304 0.0131963193 -0.00747873308
v -0.00974924304 0.0131963193 -0.00747873308
v -0.00960219279 0.0121185882 -0.00747873308
v -0.0095265666 0.0109879132 -0.00747873215
v -0.00959835481 0.00966364238 -0.00752057554
v -0.00983921532 0.0083811162 -0.00760924863
v -0.00989993382 0.00711490726 -0.00779089751
v -0.00987309031 0.00613118522 -0.00811220519
v -0.0096217962 0.00512729259 -0.00838767178
v -0.00931106135 0.00386218517 -0.00857321266
v -0.00888631307 0.0022327702 -0.00877065863
v -0.00854026806 0.00114067213 -0.00897253864
v -0.00807156041 -0.000793298532 -0.0091956323
v -0.00761167984 -0.0026373833 -0.00934667978
v -0.00748949032 -0.00486013805 -0.00941111334
v -0.00766225066 -0.00629857508 -0.00938596204
v -0.00808057003 -0.0077704154 -0.00933165569
v -0.0125226602 0.0156026315 -0.00747873308
v -0.0120015098 0.0091135269 -0.00747873308
v -0.0118679041 0.00764873112 -0.00777169503
v -0.0118372859 0.00628881436 -0.00823884923
v -0.0119690262 0.00372762163 -0.00861782394
v -0.0120862974 0.00209385809 -0.00886733364
v -0.0122720199 -0.00149436563 -0.00924103521
v -0.0122287767 -0.0043153204 -0.00938337483
v -0.0119603556 -0.00660984265 -0.00936843455
v -0.0116174603 -0.00811342709 -0.00932181068
v -0.0110064959 -0.00924635958 -0.00929923169
v -0.0117072994 0.00766593777 -0.00792848971
v -0.0114878006 0.00769907096 -0.0079687126
v -0.0118481796 0.00913539622 -0.00763346534
v -0.0124778794 0.0128733218 -0.00763346534
v -0.012638066 0.0138734095 -0.00763346534
v -0.0126362154 0.0148517815 -0.00763346534
v -0.0124016237 0.0154840313 -0.00763346488
v -0.0120473104 0.0156237539 -0.00763346488
v -0.0115825934 0.0154832387 -0.00763346534
v -0.0107400436 0.0148948217 -0.00763346488
v -0.00968130492 0.0109828115 -0.00763346488
v -0.00975416414 0.00967342034 -0.00767523702
v -0.00999587774 0.00840491615 -0.00776343467
v -0.0100616878 0.00712870713 -0.0079501532
v -0.0100406976 0.00611147145 -0.00828378275
v -0.00979027525 0.00507982681 -0.00856863149
v -0.00948052108 0.0038005528 -0.00875879545
v -0.00905786827 0.00216043554 -0.00895923842
v -0.00871721469 0.00107246975 -0.00916404184
v -0.00825571548 -0.00085268938 -0.00938813388
v -0.00780555652 -0.00267277285 -0.00953797158
v -0.00768783549 -0.00485063763 -0.00959985144
v -0.00785553269 -0.00625331141 -0.00957399607
v -0.00826321077 -0.00769726979 -0.00952054001
v -0.00892754737 -0.00909970514 -0.00949268229
v -0.00989281945 -0.00938270986 -0.00949268229
v -0.010874073 -0.00908442214 -0.00949268229
v -0.0114337206 -0.00804252457 -0.00951051153
v -0.0117670558 -0.00657306658 -0.00955634657
v -0.0120326495 -0.00429896358 -0.00957186613
v -0.0120789427 -0.00149606133 -0.00942817423
v -0.0117072994 0.00766593777 -0.00792848971
v -0.0116660446 0.00630605314 -0.00839970727
v -0.011432806 0.00632819533 -0.00844961312
v -0.0117897196 0.00373141374 -0.00879030582
v -0.0115452306 0.00373549573 -0.0088478066
v -0.0119016813 0.00208790158 -0.0090463059
v -0.0116498992 0.00207893341 -0.00910741743
v -0.0120789427 -0.00149606133 -0.00942817423
v -0.00989381969 -0.00958459731 -0.00929923169
v -0.0110064959 -0.00924635958 -0.00929923169
v -0.00879046321 -0.00926110707 -0.00929923169
v -0.00989381969 -0.00958459731 -0.00929923169
v -0.0120540261 0.0157874357 0.00707226433
v -0.0125226611 0.0156026324 0.00707226247
v -0.0120540261 0.0157874357 0.00707226433
v -0.0114984345 0.0156194419 0.00707226433
v -0.0106156999 0.0149885369 0.00707226386
v -0.00895933248 0.000979705248 0.00883241743
v -0.00929268263 0.00206217961 0.00862816814
v -0.00850732997 -0.000933852745 0.00905344263
v -0.00871721469 0.00107246975 0.00875757542
v -0.00905786827 0.00216043647 0.0085527692
v -0.00948052108 0.0038005528 0.00835232716
v -0.00979027525 0.00507982727 0.0081621632
v -0.0102696726 0.00608281977 0.00794514921
v -0.0100406976 0.00611147145 0.00787731353
v -0.0102821896 0.00714553939 0.00760225533
v -0.0101060057 0.0131030045 0.00728363357
v -0.00975622423 0.0121029466 0.00722699612
v -0.0107400427 0.0148948226 0.00722699612
v -0.0124016255 0.0154840332 0.00722699566
v -0.0126362154 0.0148517815 0.00722699612
v -0.012638066 0.0138734095 0.00722699612
v -0.0124778794 0.0128733218 0.00722699612
v -0.0118481815 0.00913539715 0.00722699612
v -0.0114878016 0.00769907236 0.00756224385
v -0.0117073013 0.00766593777 0.00752202142
v -0.0116660446 0.00630605454 0.00799323805
v -0.0117897196 0.00373141351 0.00838383753
v -0.0119016832 0.00208790204 0.00863983762
v -0.0120789455 -0.00149605633 0.00902170781
v -0.0120326495 -0.00429896358 0.00916539971
v -0.0117670558 -0.00657306518 0.00914987922
v -0.00989281945 -0.0093827052 0.0090862168
v -0.00892754924 -0.00909970235 0.0090862168
v -0.00768783735 -0.00485063763 0.00919338223
v -0.00825571362 -0.000852688157 0.0089816656
v -0.00975622423 0.0121029466 0.00722699612
v -0.00996663794 0.0120815821 0.00728363264
v -0.00968130492 0.0109828115 0.00722699612
v -0.00989268068 0.0109758424 0.00728363311
v -0.00975416508 0.00967342034 0.00726876827
v -0.00999587961 0.00840491708 0.00735696638
v -0.0106156999 0.0149885369 0.00707226386
v -0.0101211518 0.0142271994 0.00707226386
v -0.00974924304 0.0131963193 0.00707226247
v -0.00960219186 0.0121185901 0.0070722634
v -0.0095265666 0.0109879132 0.00707226386
v -0.00959835481 0.00966364238 0.00711410679
v -0.00983921718 0.0083811162 0.00720278081
v -0.00989993475 0.00711490726 0.00738442922
v -0.00987309031 0.00613118615 0.00770573644
v -0.00962179713 0.00512729399 0.0079812035
v -0.00931106228 0.00386218634 0.00816674437
v -0.00888631307 0.0022327709 0.00836418942
v -0.00854026992 0.0011406726 0.00856607035
v -0.00807155948 -0.000793297368 0.00878916401
v -0.00761168171 -0.00263738236 0.0089402115
v -0.00748949265 -0.00486013805 0.00900464505
v -0.00766225066 -0.00629857415 0.00897949282
v -0.00808057003 -0.0077704154 0.0089251874
v -0.0125226611 0.0156026324 0.00707226247
v -0.0127908969 0.0148797045 0.0070722634
v -0.012792821 0.0138612408 0.0070722634
v -0.0126302978 0.0128465816 0.0070722634
v -0.0120015098 0.00911352877 0.0070722634
v -0.011867906 0.00764873112 0.00736522675
v -0.0118372841 0.00628881436 0.00783238001
v -0.0119690271 0.0037276228 0.00821135473
v -0.0120862983 0.00209385878 0.00846086442
v -0.0122720217 -0.00149436353 0.00883456785
v -0.0122287767 -0.00431531947 0.0089769084
v -0.0119603556 -0.00660984265 0.00896196719
v -0.0116174603 -0.00811342709 0.00891534332
v -0.0110064959 -0.00924635585 0.00889276434
v -0.00989382062 -0.00958459266 0.00889276434
v -0.0110064959 -0.00924635585 0.00889276434
v -0.00879046414 -0.00926110521 0.00889276434
v -0.00989382062 -0.00958459266 0.00889276434
v -0.0096510686 -0.0129771242 0.00960469618
v -0.00876260269 -0.0126972832 0.00987962633
v -0.00878395047 -0.0130513906 0.0097778067
v -0.00965972431 -0.0126204472 0.00970052555
v -0.0103777051 -0.0129148895 0.00911739469
v -0.0108632278 -0.0128733059 0.00838809926
v -0.0103777051 -0.0129148895 0.00911739469
v -0.0110357068 -0.0128585352 0.00751780719
v -0.0103777023 -0.0129148914 -0.00935814343
v -0.0103777023 -0.0129148914 -0.00935814343
v 0.00730380556 -0.01442926 -0.00984544214
v 0.00803044345 -0.0144914947 -0.00935814157
v 0.00730380556 -0.01442926 0.00960469712
v 0.00803044159 -0.0144914938 0.00911739655
v 0.00643668696 -0.0143549927 0.00977780763
v -0.00878395047 -0.0130513906 0.0097778067
v 0.00803044159 -0.0144914938 0.00911739655
v 0.00851596426 -0.0145330774 0.00838810112
v 0.00868844334 -0.01454785 0.00751780858
v 0.00871953089 -0.0141849117 -0.000120372897
v 0.0086884452 -0.01454785 -0.00775855407
v 0.0086884452 -0.01454785 -0.00775855407
v 0.00864170864 -0.0141879115 -0.00866790675
v 0.00851596426 -0.0145330783 -0.00862884615
v 0.00813353062 -0.014144388 -0.00943123363
v 0.00803044345 -0.0144914947 -0.00935814157
v -0.00277945935 -0.0238826107 -0.000651703216
v -0.00258020568 -0.0238996763 -0.000851686345
v -0.00173696456 -0.0140541503 -0.000851686811
v -0.00132216746 -0.0240074228 -0.000651703158
v -0.000350998045 -0.0141728539 -0.000399710145
v -0.000478926289 -0.0141618978 -0.000651703565
v 0.00412939582 -0.0148259876 0.00772413006
v -0.00732081337 -0.0139480792 0.00782652386
v -0.0073120757 -0.0138460593 0.00772413006
v 0.00616780343 -0.0151083954 -0.00708555803
v 0.00608944008 -0.0150966281 -0.00718304561
v 0.00611437624 -0.014995995 -0.00728479028
v -0.00765994517 -0.0113358805 -0.0108807879
v -0.00766330166 -0.0113750705 -0.0103385709
v -0.00897194911 -0.00747773051 -0.00959003344
v -0.00897090416 -0.00746552693 -0.00990999397
v -0.00914927479 -0.0071784961 -0.00987324305
v -0.00915014837 -0.0071886885 -0.00960598048
v -0.00726423599 -0.0118075274 -0.0102571938
v -0.00706977304 -0.013163724 -0.0101867896
v -0.01034775 -0.0136024291 -0.0102028931
v -0.0105287218 -0.0122437561 -0.0103004286
v -0.00766330166 -0.0113750705 -0.0103385709
v -0.0103226686 -0.0117295282 -0.0103823841
v -0.0105396891 -0.0076635466 -0.00960174855
v -0.00897194911 -0.00747773051 -0.00959003344
v -0.00915014837 -0.0071886885 -0.00960598048
v -0.0104613779 -0.0073638293 -0.00961694308
v -0.009352074 -0.00704238983 -0.00963037368
v -0.0103760883 -0.00717916712 -0.00963893533
v -0.00958065875 -0.00693551032 -0.00966864917
v -0.010197022 -0.00701783877 -0.00967380218
v -0.00765994517 -0.0113358805 -0.0108807879
v -0.00726110023 -0.0117709124 -0.0109232496
v -0.00726423599 -0.0118075274 -0.0102571938
v -0.00766330166 -0.0113750705 -0.0103385709
v -0.00703664124 -0.0134094404 -0.00990021974
v -0.00702189468 -0.0135182152 -0.00973696355
v -0.0102998847 -0.0139570516 -0.00974749774
v -0.0103146266 -0.0138482451 -0.00991242193
v -0.00705133658 -0.013300091 -0.0100634377
v -0.0103293182 -0.0137388445 -0.0100773536
v -0.00726110023 -0.0117709124 -0.0109232496
v -0.00706977304 -0.013163724 -0.0101867896
v -0.00726423599 -0.0118075274 -0.0102571938
v -0.00705360435 -0.0132640284 -0.0108376807
v -0.00705133658 -0.013300091 -0.0100634377
v -0.00700511737 -0.0136263054 -0.0106448708
v -0.00703664124 -0.0134094404 -0.00990021974
v -0.00695358682 -0.0140102012 -0.0102297198
v -0.00702189468 -0.0135182152 -0.00973696355
v -0.00693228748 -0.0141688799 -0.00968368445
v -0.00702220388 -0.013521825 -0.00816863496
v -0.00693214685 -0.014167239 -0.00812628213
v -0.0102998847 -0.0139570516 -0.00974749774
v -0.0103002209 -0.0139609985 -0.00817573257
v -0.0102101155 -0.0146058556 -0.00812760368
v -0.0102102561 -0.0146074845 -0.009686823
v -0.0103146266 -0.0138482451 -0.00991242193
v -0.0102315517 -0.0144487629 -0.0102344248
v -0.0103293182 -0.0137388445 -0.0100773536
v -0.0102830762 -0.0140648102 -0.0106538711
v -0.01034775 -0.0136024291 -0.0102028931
v -0.0103315562 -0.0137024364 -0.0108517371
v -0.0105287218 -0.0122437561 -0.0103004286
v -0.0105255293 -0.0122065051 -0.0109660728
v -0.0103226686 -0.0117295282 -0.0103823841
v -0.0103192925 -0.0116901016 -0.010924262
v -0.0105384132 -0.00764865987 -0.00992165878
v -0.0105396891 -0.0076635466 -0.00960174855
v -0.0104613779 -0.0073638293 -0.00961694308
v -0.0104605053 -0.00735363597 -0.00988420565
v -0.0103760883 -0.00717916712 -0.00963893533
v -0.0103754066 -0.00717120618 -0.00984765589
v -0.0102315517 -0.0144487629 -0.0102344248
v -0.00693228748 -0.0141688799 -0.00968368445
v -0.00695358682 -0.0140102012 -0.0102297198
v -0.0102102561 -0.0146074845 -0.009686823
v -0.00693214685 -0.014167239 -0.00812628213
v -0.0102101155 -0.0146058556 -0.00812760368
v -0.00693214685 -0.014167239 -0.00812628213
v -0.0102101155 -0.0146058556 -0.00812760368
v -0.0103002209 -0.0139609985 -0.00817573257
v -0.00702220388 -0.013521825 -0.00816863496
v -0.00702189468 -0.0135182152 -0.00973696355
v -0.00702220388 -0.013521825 -0.00816863496
v -0.0103002209 -0.0139609985 -0.00817573257
v -0.0102998847 -0.0139570516 -0.00974749774
v -0.0103315562 -0.0137024364 -0.0108517371
v -0.0102830762 -0.0140648102 -0.0106538711
v -0.00700511737 -0.0136263054 -0.0106448708
v -0.00705360435 -0.0132640284 -0.0108376807
v -0.0105255293 -0.0122065051 -0.0109660728
v -0.00726110023 -0.0117709124 -0.0109232496
v -0.0103192925 -0.0116901016 -0.010924262
v -0.00765994517 -0.0113358805 -0.0108807879
v -0.00897090416 -0.00746552693 -0.00990999397
v -0.0105384132 -0.00764865987 -0.00992165878
v -0.0104605053 -0.00735363597 -0.00988420565
v -0.00914927479 -0.0071784961 -0.00987324305
v -0.0103754066 -0.00717120618 -0.00984765589
v -0.00935139228 -0.00703442935 -0.00983909331
v -0.0101966113 -0.00701304665 -0.00979943387
v -0.00958024804 -0.0069307196 -0.00979427993
v -0.00706977304 -0.013163724 -0.0101867896
v -0.00705133658 -0.013300091 -0.0100634377
v -0.0103293182 -0.0137388445 -0.0100773536
v -0.01034775 -0.0136024291 -0.0102028931
v -0.0102830762 -0.0140648102 -0.0106538711
v -0.0102315517 -0.0144487629 -0.0102344248
v -0.00695358682 -0.0140102012 -0.0102297198
v -0.00700511737 -0.0136263054 -0.0106448708
v -0.0103754066 -0.00717120618 -0.00984765589
v -0.0101966113 -0.00701304665 -0.00979943387
v -0.010197022 -0.00701783877 -0.00967380218
v -0.0103760883 -0.00717916712 -0.00963893533
v -0.00915014837 -0.0071886885 -0.00960598048
v -0.00935139228 -0.00703442935 -0.00983909331
v -0.00914927479 -0.0071784961 -0.00987324305
v -0.009352074 -0.00704238983 -0.00963037368
v -0.00958024804 -0.0069307196 -0.00979427993
v -0.00958065875 -0.00693551032 -0.00966864917
v -0.00958065875 -0.00693551032 -0.00966864917
v -0.010197022 -0.00701783877 -0.00967380218
v -0.0101966113 -0.00701304665 -0.00979943387
v -0.00958024804 -0.0069307196 -0.00979427993
v -0.00197271281 -0.0125259524 -0.0107087754
v -0.000627222646 -0.0126411896 -0.0107087754
v 9.42629558E-05 -0.00421725633 -0.0107087754
v -0.00125122839 -0.00410201913 -0.0107087754
v -0.000627222646 -0.0126411896 -0.0107087754
v -0.000627222646 -0.0126411896 -0.0101640476
v 9.42629558E-05 -0.00421725633 -0.0101640476
v 9.42629558E-05 -0.00421725633 -0.0107087754
v -0.000627222646 -0.0126411896 -0.0101640476
v -0.00197271281 -0.0125259524 -0.0101640476
v -0.00125122839 -0.00410201913 -0.0101640476
v 9.42629558E-05 -0.00421725633 -0.0101640476
v -0.00197271281 -0.0125259524 -0.0101640476
v -0.00197271281 -0.0125259524 -0.0107087754
v -0.00125122839 -0.00410201913 -0.0107087754
v -0.00125122839 -0.00410201913 -0.0101640476
v 9.42629558E-05 -0.00421725633 -0.0101640476
v -0.00125122839 -0.00410201913 -0.0101640476
v -0.00125122839 -0.00410201913 -0.0107087754
v 9.42629558E-05 -0.00421725633 -0.0107087754
v -0.00765994657 -0.0113358805 0.01064004
v -0.00897195004 -0.00747772912 0.00934928562
v -0.00766330305 -0.0113750705 0.0100978231
v -0.0089709051 -0.00746552553 0.00966924615
v -0.00914927665 -0.00717849471 0.00963249523
v -0.0091501493 -0.0071886885 0.00936523266
v -0.00726423739 -0.0118075265 0.010016446
v -0.0103477519 -0.0136024281 0.0099621471
v -0.00706977397 -0.0131637221 0.0099460436
v -0.0105287218 -0.0122437542 0.0100596827
v -0.00766330305 -0.0113750705 0.0100978231
v -0.0103226705 -0.0117295273 0.0101416362
v -0.0105396891 -0.00766354566 0.00936100073
v -0.00897195004 -0.00747772912 0.00934928562
v -0.0091501493 -0.0071886885 0.00936523266
v -0.0104613807 -0.00736382836 0.00937619526
v -0.00935207494 -0.0070423889 0.00938962586
v -0.0103760883 -0.00717916572 0.00939818751
v -0.00958065968 -0.00693551032 0.00942790136
v -0.010197022 -0.00701783784 0.00943305437
v -0.00765994657 -0.0113358805 0.01064004
v -0.00766330305 -0.0113750705 0.0100978231
v -0.00726423739 -0.0118075265 0.010016446
v -0.00726110162 -0.0117709106 0.0106825018
v -0.00703664217 -0.0134094395 0.00965947285
v -0.0102998847 -0.0139570506 0.00950674992
v -0.00702189608 -0.0135182142 0.00949621759
v -0.0103146285 -0.0138482433 0.00967167411
v -0.00705133798 -0.0133000892 0.00982269179
v -0.0103293201 -0.0137388427 0.00983660575
v -0.00726110162 -0.0117709106 0.0106825018
v -0.00726423739 -0.0118075265 0.010016446
v -0.00706977397 -0.0131637221 0.0099460436
v -0.00705360575 -0.0132640274 0.0105969356
v -0.00705133798 -0.0133000892 0.00982269179
v -0.00700511876 -0.0136263045 0.0104041249
v -0.00703664217 -0.0134094395 0.00965947285
v -0.00695358776 -0.0140102003 0.00998897385
v -0.00702189608 -0.0135182142 0.00949621759
v -0.00693228887 -0.0141688781 0.00944293756
v -0.00702220481 -0.013521824 0.00792788807
v -0.00693214824 -0.014167238 0.00788553525
v -0.0102998847 -0.0139570506 0.00950674992
v -0.0102101183 -0.0146058546 0.00788685586
v -0.0103002237 -0.0139609985 0.00793498475
v -0.0102102561 -0.0146074826 0.00944607519
v -0.0103146285 -0.0138482433 0.00967167411
v -0.0102315545 -0.0144487619 0.00999367889
v -0.0103293201 -0.0137388427 0.00983660575
v -0.010283079 -0.0140648084 0.0104131252
v -0.0103477519 -0.0136024281 0.0099621471
v -0.0103315562 -0.0137024354 0.0106109912
v -0.0105287218 -0.0122437542 0.0100596827
v -0.0105255311 -0.0122065041 0.0107253278
v -0.0103226705 -0.0117295273 0.0101416362
v -0.0103192925 -0.0116900997 0.0106835132
v -0.010538416 -0.00764865847 0.00968091097
v -0.0105396891 -0.00766354566 0.00936100073
v -0.0104613807 -0.00736382836 0.00937619526
v -0.0104605081 -0.00735363457 0.00964345783
v -0.0103760883 -0.00717916572 0.00939818751
v -0.0103754066 -0.00717120524 0.00960690808
v -0.010197022 -0.00701783784 0.00943305437
v -0.0101966113 -0.00701304525 0.00955868606
v -0.00693214824 -0.014167238 0.00788553525
v -0.00702220481 -0.013521824 0.00792788807
v -0.0103002237 -0.0139609985 0.00793498475
v -0.0102101183 -0.0146058546 0.00788685586
v -0.00702189608 -0.0135182142 0.00949621759
v -0.0102998847 -0.0139570506 0.00950674992
v -0.0103002237 -0.0139609985 0.00793498475
v -0.00702220481 -0.013521824 0.00792788807
v -0.0102102561 -0.0146074826 0.00944607519
v -0.00693214824 -0.014167238 0.00788553525
v -0.0102101183 -0.0146058546 0.00788685586
v -0.00693228887 -0.0141688781 0.00944293756
v -0.0102315545 -0.0144487619 0.00999367889
v -0.00695358776 -0.0140102003 0.00998897385
v -0.010283079 -0.0140648084 0.0104131252
v -0.00700511876 -0.0136263045 0.0104041249
v -0.0103315562 -0.0137024354 0.0106109912
v -0.00700511876 -0.0136263045 0.0104041249
v -0.010283079 -0.0140648084 0.0104131252
v -0.00705360575 -0.0132640274 0.0105969356
v -0.0105255311 -0.0122065041 0.0107253278
v -0.00726110162 -0.0117709106 0.0106825018
v -0.0103192925 -0.0116900997 0.0106835132
v -0.00765994657 -0.0113358805 0.01064004
v -0.0089709051 -0.00746552553 0.00966924615
v -0.010538416 -0.00764865847 0.00968091097
v -0.0104605081 -0.00735363457 0.00964345783
v -0.00914927665 -0.00717849471 0.00963249523
v -0.0103754066 -0.00717120524 0.00960690808
v -0.00935139321 -0.00703442795 0.0095983455
v -0.0101966113 -0.00701304525 0.00955868606
v -0.00958024897 -0.0069307182 0.00955353212
v -0.00706977397 -0.0131637221 0.0099460436
v -0.0103477519 -0.0136024281 0.0099621471
v -0.0103293201 -0.0137388427 0.00983660575
v -0.00705133798 -0.0133000892 0.00982269179
v -0.0091501493 -0.0071886885 0.00936523266
v -0.00914927665 -0.00717849471 0.00963249523
v -0.00935139321 -0.00703442795 0.0095983455
v -0.00935207494 -0.0070423889 0.00938962586
v -0.00958024897 -0.0069307182 0.00955353212
v -0.00958065968 -0.00693551032 0.00942790136
v -0.00958065968 -0.00693551032 0.00942790136
v -0.00958024897 -0.0069307182 0.00955353212
v -0.0101966113 -0.00701304525 0.00955868606
v -0.010197022 -0.00701783784 0.00943305437
v -0.00197271397 -0.0125259515 0.0104680276
v -0.00125122839 -0.0041020182 0.0104680276
v 9.42617626E-05 -0.00421725539 0.0104680276
v -0.00062722381 -0.0126411896 0.0104680276
v -0.00062722381 -0.0126411896 0.0104680276
v 9.42617626E-05 -0.00421725539 0.0104680276
v 9.42617626E-05 -0.00421725539 0.00992329884
v -0.00062722381 -0.0126411896 0.00992329884
v -0.00062722381 -0.0126411896 0.00992329884
v 9.42617626E-05 -0.00421725539 0.00992329884
v -0.00125122839 -0.0041020182 0.00992329884
v -0.00197271397 -0.0125259524 0.00992329884
v -0.00197271397 -0.0125259524 0.00992329884
v -0.00125122839 -0.0041020182 0.00992329884
v -0.00125122839 -0.0041020182 0.0104680276
v -0.00197271397 -0.0125259515 0.0104680276
v 9.42617626E-05 -0.00421725539 0.00992329884
v 9.42617626E-05 -0.00421725539 0.0104680276
v -0.00125122839 -0.0041020182 0.0104680276
v -0.00125122839 -0.0041020182 0.00992329884
v -0.00277945935 -0.0238826107 0.000410957698
v -0.0020641475 -0.0140261278 0.000158963696
v -0.00193621812 -0.0140370838 0.00041095732
v -0.00290738745 -0.0238716528 0.000158964132
v -0.00210822886 -0.0140223522 -0.000120373195
v -0.00295146881 -0.0238678753 -0.000120372759
v -0.0020641475 -0.0140261278 -0.000399710232
v -0.00290738745 -0.0238716528 -0.000399709796
v -0.00193621928 -0.0140370838 -0.000651703624
v -0.00277945935 -0.0238826107 -0.000651703216
v -0.00173696456 -0.0140541503 -0.000851686811
v -0.00258020568 -0.0238996763 0.000610940973
v -0.00277945935 -0.0238826107 0.000410957698
v -0.00193621812 -0.0140370838 0.00041095732
v -0.00173696456 -0.0140541503 0.000610940508
v -0.00232913066 -0.0239211787 0.00073933776
v -0.00258020568 -0.0238996763 0.000610940973
v -0.00173696456 -0.0140541503 0.000610940508
v -0.00148589071 -0.0140756546 0.000739337353
v -0.00205081282 -0.0239450168 0.000783580355
v -0.00120757276 -0.0140994918 0.000783579948
v -0.00177249487 -0.0239688531 0.00073933776
v -0.000929254864 -0.014123329 0.000739337353
v -0.00152142101 -0.0239903573 0.000610940973
v -0.000678181008 -0.0141448313 0.000610940508
v -0.00258020568 -0.0238996763 -0.000851686345
v -0.00148589071 -0.0140756546 -0.000980083947
v -0.00173696456 -0.0140541503 -0.000851686811
v -0.00232913066 -0.0239211787 -0.000980083481
v -0.00120757276 -0.0140994918 -0.00102432654
v -0.00205081282 -0.0239450168 -0.00102432608
v -0.000929254864 -0.014123329 -0.000980083947
v -0.00177249487 -0.0239688531 -0.000980083481
v -0.000678181008 -0.0141448313 -0.000851686811
v -0.00152142101 -0.0239903573 -0.000851686345
v -0.000478926289 -0.0141618978 -0.000651703565
v -0.00132216746 -0.0240074228 -0.000651703158
v -0.00132216746 -0.0240074228 -0.000651703158
v -0.00119423808 -0.0240183808 -0.000399709708
v -0.000350998045 -0.0141728539 -0.000399710145
v -0.000306916831 -0.0141766295 -0.000120373188
v -0.00115015684 -0.0240221545 -0.000120372759
v -0.000350998045 -0.0141728539 0.000158963623
v -0.00119423808 -0.0240183808 0.00015896406
v -0.000478926289 -0.0141618978 0.000410957407
v -0.00132216746 -0.0240074228 0.000410957786
v -0.00132216746 -0.0240074228 0.000410957786
v -0.00152142101 -0.0239903573 0.000610940973
v -0.000678181008 -0.0141448313 0.000610940508
v -0.000478926289 -0.0141618978 0.000410957407
v 0.00407422613 -0.0154701183 0.00782652386
v -0.00737598119 -0.0145922098 0.00772413006
v -0.00736724352 -0.01449019 0.00782652386
v 0.00406549033 -0.0155721372 0.00772413006
v -0.00738159101 -0.0146577107 0.00759510603
v 0.00405988051 -0.0156376399 0.00759510603
v 0.00540415104 -0.0155840227 0.00782652386
v 0.00539541291 -0.0156860426 0.00772413053
v 0.00576050347 -0.0156145422 0.00780363055
v 0.00575245172 -0.0157166198 0.00769973313
v 0.00611272873 -0.0156447105 0.0077135847
v 0.00609876681 -0.0157462824 0.00760567607
v 0.00664717937 -0.0156814642 0.00734270178
v 0.00408523623 -0.015341565 0.00701190019
v -0.00734402891 -0.014219135 0.00698924717
v -0.00735623343 -0.0143616367 0.00701190019
v 0.00409744307 -0.0151990633 0.00698924717
v -0.00733182346 -0.0140766315 0.00701190019
v 0.00410964759 -0.0150565607 0.00701190019
v -0.00732081337 -0.0139480792 0.00707764085
v 0.00412065815 -0.0149280084 0.00707764085
v 0.00543957064 -0.0151704643 0.00701190112
v 0.00545058073 -0.015041911 0.00707764132
v 0.00542736566 -0.0153129669 0.00698924763
v 0.00541516114 -0.0154554686 0.00701190112
v 0.00579022197 -0.0152004967 0.0069821775
v 0.00580319948 -0.0150721129 0.0070479298
v 0.00540415104 -0.0155840227 0.00707764132
v 0.00407422613 -0.0154701183 0.00707764085
v 0.00575676979 -0.0156142227 0.0070479298
v 0.00576581294 -0.0154855009 0.00698217796
v 0.00604300806 -0.0156387389 0.00694230013
v 0.00604195148 -0.0155091519 0.0068772207
v 0.00577724027 -0.0153429322 0.00695951842
v 0.00604962418 -0.0153662618 0.00685481587
v 0.00606636098 -0.0152241476 0.00687722024
v 0.00608943729 -0.0150966272 0.00694230013
v 0.00407422613 -0.0154701183 0.00707764085
v 0.00408523623 -0.015341565 0.00701190019
v -0.00735623343 -0.0143616367 0.00701190019
v -0.00736724352 -0.01449019 0.00707764085
v 0.00406549033 -0.0155721372 0.00718003418
v -0.00737598119 -0.0145922098 0.00718003418
v 0.00539541291 -0.0156860426 0.00718003511
v 0.00540415104 -0.0155840227 0.00707764132
v 0.00575039443 -0.0157164447 0.00715039345
v 0.00575676979 -0.0156142227 0.0070479298
v 0.00409744307 -0.0151990633 0.00791491754
v -0.00735623343 -0.0143616367 0.00789226405
v -0.00734402891 -0.014219135 0.00791491754
v 0.00408523623 -0.0153415641 0.00789226405
v -0.00736724352 -0.01449019 0.00782652386
v 0.00542736566 -0.0153129669 0.00791491754
v 0.00407422613 -0.0154701183 0.00782652386
v 0.00541516114 -0.0154554686 0.00789226498
v 0.00578308385 -0.0153434332 0.00789326243
v 0.00540415104 -0.0155840227 0.00782652386
v 0.00577104138 -0.0154859489 0.00787029788
v 0.00614029448 -0.0153740272 0.00780652883
v 0.00576050347 -0.0156145422 0.00780363055
v 0.00612698123 -0.0155164348 0.00778273214
v 0.00673055695 -0.0154245812 0.0074105137
v 0.00611272873 -0.0156447105 0.0077135847
v 0.00670314347 -0.01556098 0.00739314128
v 0.00664717937 -0.0156814642 0.00734270178
v 0.00412939582 -0.0148259876 0.00718003418
v -0.00730646588 -0.0137805576 0.00730905822
v -0.0073120757 -0.0138460593 0.00718003418
v 0.00412065815 -0.0149280084 0.00707764085
v -0.00732081337 -0.0139480792 0.00707764085
v 0.00405988051 -0.0156376399 0.00759510603
v -0.00738352444 -0.0146802813 0.00745208235
v -0.00738159101 -0.0146577107 0.00759510603
v 0.00405794661 -0.0156602096 0.00745208235
v -0.00738159101 -0.0146577107 0.00730905822
v 0.00538980309 -0.0157515444 0.00759510696
v 0.00539541291 -0.0156860426 0.00772413053
v 0.00575245172 -0.0157166198 0.00769973313
v 0.00405988051 -0.0156376399 0.00730905822
v -0.00737598119 -0.0145922098 0.00718003418
v 0.00406549033 -0.0155721372 0.00718003418
v 0.0057475213 -0.0157821812 0.00756879989
v 0.00609876681 -0.0157462824 0.00760567607
v 0.0053878692 -0.0157741141 0.00745208329
v 0.00538980309 -0.0157515444 0.00730905868
v 0.00539541291 -0.0156860426 0.00718003511
v 0.00574575225 -0.0158047657 0.00742394198
v 0.00574675109 -0.015782116 0.00727979885
v 0.00575039443 -0.0157164447 0.00715039345
v 0.00608586846 -0.0158111583 0.00746969925
v 0.00607374217 -0.0158328582 0.00732017681
v 0.00606158562 -0.0158090796 0.0071736169
v 0.00656810822 -0.0157743432 0.00726430956
v 0.00664717937 -0.0156814642 0.00734270178
v 0.00683559477 -0.015697388 0.0071118013
v 0.00647347514 -0.0158306006 0.00716695702
v 0.00675559323 -0.015790103 0.00703063048
v 0.00710480986 -0.0157296788 0.00641286932
v 0.00699405698 -0.0158229601 0.0064117033
v 0.0063721519 -0.015844753 0.00706414459
v 0.00665903138 -0.0158461165 0.00693016686
v 0.00605046796 -0.0157421455 0.00704404479
v 0.00575676979 -0.0156142227 0.0070479298
v 0.00604300806 -0.0156387389 0.00694230013
v 0.00627358491 -0.0158153586 0.00697104959
v 0.0061872392 -0.0157451145 0.00689682458
v 0.00685990369 -0.0158774536 0.00641023321
v 0.00699405698 -0.0158229601 7.49807441E-05
v 0.00685990369 -0.0158774536 7.35108915E-05
v 0.00655466598 -0.0158599 0.00682420656
v 0.00645219348 -0.0158299487 0.00672782166
v 0.00636139931 -0.0157589372 0.00664978474
v 0.00671547698 -0.0158878211 0.00640860433
v 0.00657491712 -0.0158530455 0.00640697544
v 0.00645198394 -0.0157765336 0.00640550535
v 0.00671547698 -0.0158878211 7.18818774E-05
v 0.00685990369 -0.0158774536 -0.0003142567
v 0.00657491712 -0.0158530455 7.02528851E-05
v 0.00671547698 -0.0158878211 -0.000312627701
v 0.00645198394 -0.0157765336 6.87830325E-05
v 0.00635870732 -0.015665777 0.00640433887
v 0.00635870732 -0.015665777 6.7616551E-05
v 0.00657491712 -0.0158530455 -0.00031099873
v 0.00645198394 -0.0157765336 -0.00030952887
v 0.00635870732 -0.015665777 -0.000308362418
v 0.00635870732 -0.015665777 -0.00664508436
v 0.00645198394 -0.0157765355 -0.00664625084
v 0.00629156642 -0.0156535171 -0.00683408184
v 0.00671547698 -0.0158878211 -0.00664934982
v 0.00685990369 -0.0158774536 -0.0066509787
v 0.00657491712 -0.0158530455 -0.00664772093
v 0.00636139931 -0.0157589372 -0.00689053023
v 0.00612223195 -0.0156404693 -0.00708555803
v 0.0065546683 -0.0158599 -0.00706495205
v 0.00665903138 -0.0158461183 -0.00717091234
v 0.00645219628 -0.0158299487 -0.00696856715
v 0.00618724152 -0.0157451145 -0.00713757006
v 0.00604300806 -0.0156387389 -0.00718304561
v 0.00627358491 -0.0158153605 -0.00721179508
v 0.00605047029 -0.0157421455 -0.00728479028
v 0.00575676979 -0.0156142246 -0.00728867529
v 0.0063721519 -0.015844753 -0.00730489008
v 0.00606158795 -0.0158090796 -0.00741436239
v 0.00575039675 -0.0157164447 -0.00739113893
v 0.00540415337 -0.0155840227 -0.00731838681
v 0.00647347514 -0.0158306025 -0.00740770251
v 0.00675559556 -0.015790103 -0.00727137597
v 0.00607374217 -0.0158328582 -0.0075609223
v 0.00539541524 -0.0156860426 -0.0074207806
v 0.00407422846 -0.0154701192 -0.00731838727
v 0.00574675389 -0.015782116 -0.00752054434
v 0.00656810822 -0.0157743432 -0.00750505505
v 0.00683559477 -0.015697388 -0.00735254679
v 0.00664718216 -0.0156814642 -0.00758344773
v 0.00406549033 -0.0155721391 -0.00742078107
v -0.00736724259 -0.01449019 -0.00731838727
v -0.0073759798 -0.0145922098 -0.00742078107
v 0.00608586846 -0.0158111602 -0.00771044474
v 0.00609876681 -0.0157462824 -0.00784642156
v 0.00611272873 -0.0156447105 -0.00795433018
v 0.00538980542 -0.0157515444 -0.00754980417
v 0.00405988051 -0.0156376399 -0.0075498051
v -0.00738158962 -0.0146577116 -0.0075498051
v 0.00574575458 -0.0158047676 -0.00766468747
v 0.00574752362 -0.0157821812 -0.00780954538
v 0.00575245405 -0.0157166217 -0.00794047862
v 0.00538787153 -0.0157741141 -0.00769282877
v 0.00405794661 -0.0156602114 -0.00769282924
v -0.00738352351 -0.0146802831 -0.00769282924
v 0.00538980542 -0.0157515444 -0.00783585198
v 0.00539541524 -0.0156860426 -0.00796487648
v 0.00405988051 -0.0156376399 -0.00783585291
v -0.00738158962 -0.0146577116 -0.00783585291
v 0.00406549033 -0.0155721391 -0.00796487648
v -0.0073759798 -0.0145922098 -0.00796487648
v 0.0060860971 -0.0155109735 0.00681541022
v 0.00604962418 -0.0153662618 0.00685481587
v 0.00604195148 -0.0155091519 0.0068772207
v 0.00608227076 -0.0153690586 0.00680619758
v 0.00625074189 -0.0155238658 0.00655991351
v 0.00606636098 -0.0152241476 0.00687722024
v 0.00624459563 -0.0153829604 0.00654904032
v 0.00611017272 -0.0152298575 0.00681540929
v 0.00608943729 -0.0150966272 0.00694230013
v 0.0061678011 -0.0151083954 0.00684481254
v 0.00627461262 -0.0152451508 0.00655991351
v 0.0063368897 -0.0151243322 0.00659333635
v 0.00629385514 -0.0153871793 0.00640333211
v 0.00630422169 -0.0155316144 0.00640359009
v 0.00630422169 -0.0155316144 6.68678986E-05
v 0.00632863073 -0.0152466102 0.00640359009
v 0.00629385514 -0.0153871793 6.66098131E-05
v 0.00630422169 -0.0155316144 -0.000307613809
v 0.00629385514 -0.0153871793 -0.000307355716
v 0.00640513701 -0.0151236663 0.00640433887
v 0.00642363122 -0.0150323212 0.00664978474
v 0.00651588943 -0.0150303841 0.00640550535
v 0.00632863073 -0.0152466102 6.68678767E-05
v 0.00640513701 -0.0151236663 6.76165291E-05
v 0.00632863073 -0.0152466102 -0.000307613838
v 0.00640513701 -0.0151236663 -0.000308362447
v 0.00640513701 -0.0151236672 -0.00664508436
v 0.00632863073 -0.0152466102 -0.00664433604
v 0.00629385514 -0.0153871803 -0.0066440776
v 0.0063368897 -0.015124334 -0.00683408184
v 0.00627461262 -0.0152451526 -0.006800659
v 0.00616780343 -0.0151083954 -0.00708555803
v 0.00624459563 -0.0153829604 -0.00678978628
v 0.00611017505 -0.0152298594 -0.00705615524
v 0.00608227309 -0.0153690586 -0.00704694306
v 0.0061872392 -0.0157451145 0.00689682458
v 0.00604300806 -0.0156387389 0.00694230013
v 0.00605046796 -0.0157421455 0.00704404479
v 0.00612223195 -0.0156404674 0.00684481254
v 0.00604195148 -0.0155091519 0.0068772207
v 0.00636139931 -0.0157589372 0.00664978474
v 0.0060860971 -0.0155109735 0.00681541022
v 0.00629156642 -0.0156535152 0.00659333635
v 0.00645198394 -0.0157765336 0.00640550535
v 0.00625074189 -0.0155238658 0.00655991351
v 0.00635870732 -0.015665777 0.00640433887
v 0.00630422169 -0.0155316144 0.00640359009
v 0.00624459563 -0.0153829604 0.00654904032
v 0.00635870732 -0.015665777 6.7616551E-05
v 0.00630422169 -0.0155316144 6.68678986E-05
v 0.00635870732 -0.015665777 -0.000308362418
v 0.00630422169 -0.0155316144 -0.000307613809
v 0.00630422169 -0.0155316144 -0.00664433604
v 0.00635870732 -0.015665777 -0.00664508436
v 0.00629385514 -0.0153871803 -0.0066440776
v 0.00629385514 -0.0153871793 -0.000307355716
v 0.00624459563 -0.0153829604 -0.00678978628
v 0.00625074189 -0.0155238658 -0.006800659
v 0.00629156642 -0.0156535171 -0.00683408184
v 0.00608227309 -0.0153690586 -0.00704694306
v 0.0060860971 -0.0155109745 -0.00705615571
v 0.00612223195 -0.0156404693 -0.00708555803
v 0.00604195148 -0.0155091519 -0.00711796619
v 0.00604300806 -0.0156387389 -0.00718304561
v 0.00604962418 -0.0153662618 -0.00709556136
v 0.00606636098 -0.0152241476 -0.00711796572
v 0.00611017505 -0.0152298594 -0.00705615524
v 0.0067267376 -0.0152855087 0.00739314128
v 0.00673055695 -0.0154245812 0.0074105137
v 0.00614029448 -0.0153740272 0.00780652883
v 0.00615139073 -0.0152314305 0.00778273214
v 0.0066920761 -0.0151572619 0.00734270178
v 0.00578308385 -0.0153434332 0.00789326243
v 0.00615915842 -0.0151025997 0.0077135847
v 0.00579545321 -0.0152009446 0.00787029788
v 0.00542736566 -0.0153129669 0.00791491754
v 0.00580693269 -0.0150724323 0.00780363055
v 0.00616266998 -0.0150001319 0.00760567607
v 0.00581635768 -0.0149704702 0.00769973313
v 0.00543957064 -0.0151704643 0.00789226498
v 0.00409744307 -0.0151990633 0.00791491754
v 0.00545058073 -0.015041911 0.00782652386
v 0.0054593184 -0.0149398912 0.00772413053
v 0.00410964759 -0.0150565607 0.00789226405
v -0.00734402891 -0.014219135 0.00791491754
v -0.00733182346 -0.0140766315 0.00789226405
v 0.00412065815 -0.0149280084 0.00782652386
v 0.00412939582 -0.0148259876 0.00772413006
v -0.00732081337 -0.0139480792 0.00782652386
v 0.00662994897 -0.0150522888 0.00726430956
v 0.00615915842 -0.0151025997 0.0077135847
v 0.00616266998 -0.0150001319 0.00760567607
v 0.0066920761 -0.0151572619 0.00734270178
v 0.00681738416 -0.01506864 0.00703063048
v 0.00688045565 -0.0151736103 0.0071118013
v 0.00412939582 -0.0148259876 0.00718003418
v 0.00412065815 -0.0149280084 0.00707764085
v 0.00545058073 -0.015041911 0.00707764132
v 0.0054593184 -0.0149398912 0.00718003511
v 0.00580319948 -0.0150721129 0.0070479298
v 0.00413500611 -0.0147604859 0.00730905822
v -0.00730646588 -0.0137805576 0.00730905822
v -0.00730453292 -0.0137579879 0.00745208235
v 0.00581429992 -0.0149702951 0.00715039345
v 0.00608943729 -0.0150966272 0.00694230013
v 0.00611437345 -0.014995995 0.00704404479
v 0.0041369372 -0.0147379171 0.00745208235
v -0.00730646588 -0.0137805576 0.00759510603
v 0.00546492869 -0.0148743903 0.00730905868
v 0.00582187716 -0.014904961 0.00727979839
v 0.00413500611 -0.0147604859 0.00759510603
v -0.0073120757 -0.0138460593 0.00772413006
v 0.00412939582 -0.0148259876 0.00772413006
v 0.00546686212 -0.0148518197 0.00745208329
v 0.00546492869 -0.0148743903 0.00759510696
v 0.0054593184 -0.0149398912 0.00772413053
v 0.00613671122 -0.0149319256 0.00717361551
v 0.00624965737 -0.0150163276 0.00689682458
v 0.00582474517 -0.0148824723 0.00742394244
v 0.0058226469 -0.0149050271 0.00756879896
v 0.00581635768 -0.0149704702 0.00769973313
v 0.00634668861 -0.0149617875 0.00697104866
v 0.00642363122 -0.0150323212 0.00664978474
v 0.00615273509 -0.0149105629 0.00732017728
v 0.00616099406 -0.0149340052 0.00746969879
v 0.00616266998 -0.0150001319 0.00760567607
v 0.00652518077 -0.014977783 0.00672782119
v 0.00651588943 -0.0150303841 0.00640550535
v 0.00665004319 -0.0149758924 0.00640697544
v 0.00663125329 -0.0149656944 0.00682420656
v 0.00644882023 -0.0149495853 0.00706414459
v 0.00654625939 -0.0149807585 0.00716695655
v 0.00662994897 -0.0150522888 0.00726430956
v 0.0067317537 -0.0149970222 0.00693016639
v 0.0067944699 -0.0149655258 0.00640860433
v 0.00681738416 -0.01506864 0.00703063048
v 0.00693502929 -0.0150002986 0.00641023321
v 0.00705796294 -0.0150768114 0.0064117033
v 0.0067944699 -0.0149655258 7.1881841E-05
v 0.00693502929 -0.0150003005 7.35108551E-05
v 0.00705796294 -0.0150768114 7.49807077E-05
v 0.00693502929 -0.0150003005 -0.000314256729
v 0.00705796294 -0.0150768114 -0.000315726589
v 0.00705796294 -0.0150768114 -0.00665244879
v 0.0067944699 -0.0149655258 -0.000312627759
v 0.00693502929 -0.0150003005 -0.0066509787
v 0.00681738649 -0.0150686419 -0.00727137597
v 0.00665004319 -0.0149758924 -0.000310998759
v 0.00665004319 -0.0149758924 7.02528487E-05
v 0.00651588943 -0.0150303841 -0.000309528899
v 0.0067944699 -0.0149655268 -0.00664934982
v 0.00665004319 -0.0149758924 -0.00664772093
v 0.00651588943 -0.015030385 -0.00664625084
v 0.0067317537 -0.0149970232 -0.00717091188
v 0.00652518077 -0.0149777839 -0.00696856668
v 0.00642363122 -0.0150323212 -0.00689053023
v 0.00663125562 -0.0149656944 -0.00706495205
v 0.00662994897 -0.0150522888 -0.00750505505
v 0.00654626172 -0.0149807595 -0.00740770204
v 0.00644882256 -0.0149495853 -0.00730489008
v 0.00616099406 -0.0149340061 -0.00771044428
v 0.0066920761 -0.0151572628 -0.00758344773
v 0.00688045565 -0.0151736103 -0.00735254679
v 0.00615915842 -0.0151025997 -0.00795433018
v 0.0061626723 -0.0150001319 -0.00784642156
v 0.00634669093 -0.0149617884 -0.00721179415
v 0.00615273509 -0.0149105638 -0.00756092276
v 0.00624965969 -0.0150163276 -0.00713757006
v 0.0063368897 -0.015124334 -0.00683408184
v 0.00616780343 -0.0151083954 -0.00708555803
v 0.00611437624 -0.014995995 -0.00728479028
v 0.00613671355 -0.0149319265 -0.007414361
v 0.00582264969 -0.014905028 -0.00780954445
v 0.00581635768 -0.0149704712 -0.00794047862
v 0.00582187949 -0.0149049629 -0.00752054388
v 0.00581430225 -0.0149702961 -0.00739113893
v 0.0058247475 -0.0148824723 -0.00766468793
v 0.0054593184 -0.014939893 -0.00796487648
v 0.00545058306 -0.0150419129 -0.00806726981
v 0.00412065815 -0.0149280084 -0.00806727074
v 0.00412939582 -0.0148259886 -0.00796487648
v 0.00546493102 -0.0148743903 -0.00783585198
v 0.00546493102 -0.0148743903 -0.00754980417
v 0.0054593184 -0.014939893 -0.0074207806
v 0.00413500611 -0.0147604859 -0.0075498051
v 0.00546686212 -0.0148518216 -0.00769282877
v 0.00413500611 -0.0147604859 -0.00783585291
v -0.00731207477 -0.0138460593 -0.00796487648
v -0.00730646495 -0.0137805594 -0.00783585291
v 0.00413693953 -0.0147379171 -0.00769282924
v -0.00730453199 -0.0137579879 -0.00769282924
v -0.00730646495 -0.0137805594 -0.0075498051
v 0.0061678011 -0.0151083954 0.00684481254
v 0.00611437345 -0.014995995 0.00704404479
v 0.00608943729 -0.0150966272 0.00694230013
v 0.00624965737 -0.0150163276 0.00689682458
v 0.0063368897 -0.0151243322 0.00659333635
v 0.00642363122 -0.0150323212 0.00664978474
v 0.00699405698 -0.0158229601 0.0064117033
v 0.00710480986 -0.0157296788 0.00641286932
v 0.00710480986 -0.0157296788 7.61471892E-05
v 0.00699405698 -0.0158229601 7.49807441E-05
v 0.00710480986 -0.0157296788 -0.000316893012
v 0.00699405698 -0.0158229601 -0.000315726531
v 0.00685990369 -0.0158774536 7.35108915E-05
v 0.00685990369 -0.0158774536 -0.0003142567
v 0.00685990369 -0.0158774536 -0.0066509787
v 0.00699405698 -0.0158229601 -0.00665244879
v 0.00665903138 -0.0158461183 -0.00717091234
v 0.00710480986 -0.0157296788 -0.00665361527
v 0.00675559556 -0.015790103 -0.00727137597
v 0.00683559477 -0.015697388 -0.00735254679
v 0.0067944699 -0.0149655258 0.00640860433
v 0.00665004319 -0.0149758924 7.02528487E-05
v 0.0067944699 -0.0149655258 7.1881841E-05
v 0.00665004319 -0.0149758924 0.00640697544
v 0.00663125329 -0.0149656944 0.00682420656
v 0.00651588943 -0.0150303841 6.87829961E-05
v 0.00651588943 -0.0150303841 0.00640550535
v 0.00651588943 -0.0150303841 -0.000309528899
v 0.00640513701 -0.0151236663 6.76165291E-05
v 0.00640513701 -0.0151236663 0.00640433887
v 0.00640513701 -0.0151236663 -0.000308362447
v 0.00651588943 -0.015030385 -0.00664625084
v 0.00640513701 -0.0151236672 -0.00664508436
v 0.00642363122 -0.0150323212 -0.00689053023
v 0.0063368897 -0.015124334 -0.00683408184
v 0.00691931508 -0.015440749 0.00718225306
v 0.00691543147 -0.0153017817 0.00716418261
v 0.00720572518 -0.0153217297 0.00641361857
v 0.00721608941 -0.0154661667 0.00641387608
v 0.00720572518 -0.0153217316 7.68964164E-05
v 0.00721608941 -0.0154661667 7.71539271E-05
v 0.00720572518 -0.0153217316 -0.000317642232
v 0.00689185923 -0.0155770294 0.00716418261
v 0.00670314347 -0.01556098 0.00739314128
v 0.00673055695 -0.0154245812 0.0074105137
v 0.00664717937 -0.0156814642 0.00734270178
v 0.00683559477 -0.015697388 0.0071118013
v 0.00718131568 -0.015606734 0.00641361857
v 0.00710480986 -0.0157296788 0.00641286932
v 0.00718131568 -0.0156067358 7.68964383E-05
v 0.00710480986 -0.0157296788 7.61471892E-05
v 0.00721608941 -0.0154661667 -0.000317899714
v 0.00718131568 -0.0156067358 -0.000317642232
v 0.00710480986 -0.0157296788 -0.000316893012
v 0.00710480986 -0.0157296788 -0.00665361527
v 0.00718131568 -0.0156067358 -0.00665436452
v 0.00683559477 -0.015697388 -0.00735254679
v 0.00689185923 -0.0155770313 -0.0074049281
v 0.00721608941 -0.0154661667 -0.00665462203
v 0.00720572518 -0.0153217316 -0.00665436452
v 0.00691931788 -0.015440749 -0.00742299855
v 0.00688045565 -0.0151736103 0.0071118013
v 0.00681738416 -0.01506864 0.00703063048
v 0.00705796294 -0.0150768114 0.0064117033
v 0.00715123955 -0.015187568 0.00641286932
v 0.00691543147 -0.0153017817 0.00716418261
v 0.00705796294 -0.0150768114 7.49807077E-05
v 0.00720572518 -0.0153217297 0.00641361857
v 0.00715123955 -0.015187568 7.61471674E-05
v 0.00720572518 -0.0153217316 7.68964164E-05
v 0.00705796294 -0.0150768114 -0.000315726589
v 0.00715123955 -0.015187568 -0.000316893042
v 0.00720572518 -0.0153217316 -0.000317642232
v 0.00720572518 -0.0153217316 -0.00665436452
v 0.00715123955 -0.015187568 -0.00665361527
v 0.00705796294 -0.0150768114 -0.00665244879
v 0.0069154338 -0.0153017826 -0.0074049281
v 0.00688045565 -0.0151736103 -0.00735254679
v 0.00681738649 -0.0150686419 -0.00727137597
v 0.00672673993 -0.0152855096 -0.00763388677
v 0.0066920761 -0.0151572628 -0.00758344773
v 0.00673055928 -0.0154245822 -0.00765125919
v 0.00691543147 -0.0153017817 0.00716418261
v 0.00691931508 -0.015440749 0.00718225306
v 0.00673055695 -0.0154245812 0.0074105137
v 0.0067267376 -0.0152855087 0.00739314128
v 0.00688045565 -0.0151736103 0.0071118013
v 0.0066920761 -0.0151572619 0.00734270178
v -0.00738159101 -0.0146577107 0.00759510603
v -0.00738352444 -0.0146802813 0.00745208235
v -0.00738159101 -0.0146577107 0.00730905822
v -0.00737598119 -0.0145922098 0.00772413006
v -0.00737598119 -0.0145922098 0.00718003418
v -0.00736724352 -0.01449019 0.00782652386
v -0.00736724352 -0.01449019 0.00707764085
v -0.00735623343 -0.0143616367 0.00789226405
v -0.00735623343 -0.0143616367 0.00701190019
v -0.00734402891 -0.014219135 0.00791491754
v -0.00734402891 -0.014219135 0.00698924717
v -0.00733182346 -0.0140766315 0.00789226405
v -0.00733182346 -0.0140766315 0.00701190019
v -0.00732081337 -0.0139480792 0.00782652386
v -0.00732081337 -0.0139480792 0.00707764085
v -0.0073120757 -0.0138460593 0.00772413006
v -0.0073120757 -0.0138460593 0.00718003418
v -0.00730646588 -0.0137805576 0.00759510603
v -0.00730646588 -0.0137805576 0.00730905822
v -0.00730453292 -0.0137579879 0.00745208235
v 0.00407422846 -0.0154701192 -0.00806727074
v -0.0073759798 -0.0145922098 -0.00796487648
v 0.00406549033 -0.0155721391 -0.00796487648
v -0.00736724259 -0.01449019 -0.00806727074
v 0.00408523856 -0.015341565 -0.00813301094
v -0.00735623203 -0.0143616376 -0.00813301094
v 0.00409744307 -0.0151990633 -0.00815566443
v -0.00734402752 -0.014219135 -0.00815566443
v 0.00542736566 -0.0153129678 -0.0081556635
v 0.00541516347 -0.0154554695 -0.00813301001
v 0.00410964759 -0.0150565607 -0.00813301094
v -0.00733182253 -0.0140766315 -0.00813301094
v 0.00412065815 -0.0149280084 -0.00806727074
v -0.00732081197 -0.0139480792 -0.00806727074
v 0.00545058306 -0.0150419129 -0.00806726981
v 0.00543957297 -0.0151704652 -0.00813301001
v 0.00580693269 -0.0150724323 -0.00804437604
v 0.00579545321 -0.0152009446 -0.00811104383
v 0.00615915842 -0.0151025997 -0.00795433018
v 0.00578308618 -0.0153434342 -0.00813400745
v 0.00577104371 -0.0154859489 -0.00811104383
v 0.00615139306 -0.0152314305 -0.00802347716
v 0.0066920761 -0.0151572628 -0.00758344773
v 0.00672673993 -0.0152855096 -0.00763388677
v 0.00614029681 -0.0153740281 -0.00804727431
v 0.00673055928 -0.0154245822 -0.00765125919
v 0.00612698356 -0.0155164348 -0.00802347716
v 0.00576050347 -0.015614544 -0.00804437604
v 0.00540415337 -0.0155840227 -0.00806726981
v 0.00611272873 -0.0156447105 -0.00795433018
v 0.0067031458 -0.01556098 -0.00763388677
v 0.00691931788 -0.015440749 -0.00742299855
v 0.00407422846 -0.0154701192 -0.00731838727
v -0.00736724259 -0.01449019 -0.00731838727
v -0.00735623203 -0.0143616376 -0.00725264708
v 0.00408523856 -0.015341565 -0.00725264708
v 0.00540415337 -0.0155840227 -0.00731838681
v -0.00734402752 -0.014219135 -0.00722999359
v 0.00541516347 -0.0154554695 -0.00725264661
v 0.00575676979 -0.0156142246 -0.00728867529
v 0.00409744307 -0.0151990633 -0.00722999359
v -0.00733182253 -0.0140766315 -0.00725264708
v 0.00576581294 -0.0154855018 -0.00722292345
v 0.00604300806 -0.0156387389 -0.00718304561
v 0.00604195148 -0.0155091519 -0.00711796619
v 0.00410964759 -0.0150565607 -0.00725264708
v -0.00732081197 -0.0139480792 -0.00731838727
v 0.00542736566 -0.0153129678 -0.00722999312
v 0.00577724027 -0.0153429341 -0.00720026437
v 0.00604962418 -0.0153662618 -0.00709556136
v 0.00412065815 -0.0149280084 -0.00731838727
v -0.00731207477 -0.0138460593 -0.00742078107
v 0.00412939582 -0.0148259886 -0.00742078107
v 0.00543957297 -0.0151704652 -0.00725264661
v 0.00579022476 -0.0152004976 -0.00722292298
v 0.00606636098 -0.0152241476 -0.00711796572
v 0.00545058306 -0.0150419129 -0.00731838681
v 0.0054593184 -0.014939893 -0.0074207806
v 0.00580320181 -0.0150721129 -0.00728867529
v 0.00608944008 -0.0150966281 -0.00718304561
v 0.00412939582 -0.0148259886 -0.00742078107
v -0.00731207477 -0.0138460593 -0.00742078107
v -0.00730646495 -0.0137805594 -0.0075498051
v 0.00413500611 -0.0147604859 -0.0075498051
v 0.0054593184 -0.014939893 -0.0074207806
v 0.00412939582 -0.0148259886 -0.00796487648
v -0.00731207477 -0.0138460593 -0.00796487648
v -0.00732081197 -0.0139480792 -0.00806727074
v 0.00412065815 -0.0149280084 -0.00806727074
v 0.00611017505 -0.0152298594 -0.00705615524
v 0.00606636098 -0.0152241476 -0.00711796572
v 0.00608944008 -0.0150966281 -0.00718304561
v 0.00616780343 -0.0151083954 -0.00708555803
v 0.00654626172 -0.0149807595 -0.00740770204
v 0.0061626723 -0.0150001319 -0.00784642156
v 0.00662994897 -0.0150522888 -0.00750505505
v 0.00616099406 -0.0149340061 -0.00771044428
v 0.00581635768 -0.0149704712 -0.00794047862
v 0.00580693269 -0.0150724323 -0.00804437604
v 0.00615915842 -0.0151025997 -0.00795433018
v 0.00545058306 -0.0150419129 -0.00806726981
v 0.00407422846 -0.0154701192 -0.00806727074
v 0.00541516347 -0.0154554695 -0.00813301001
v 0.00408523856 -0.015341565 -0.00813301094
v 0.00540415337 -0.0155840227 -0.00806726981
v 0.00577104371 -0.0154859489 -0.00811104383
v 0.00406549033 -0.0155721391 -0.00796487648
v 0.00539541524 -0.0156860426 -0.00796487648
v 0.00576050347 -0.015614544 -0.00804437604
v 0.00575245405 -0.0157166217 -0.00794047862
v 0.00611272873 -0.0156447105 -0.00795433018
v 0.00609876681 -0.0157462824 -0.00784642156
v 0.0067031458 -0.01556098 -0.00763388677
v 0.00664718216 -0.0156814642 -0.00758344773
v 0.00689185923 -0.0155770313 -0.0074049281
v 0.00683559477 -0.015697388 -0.00735254679
v 0.00691931788 -0.015440749 -0.00742299855
v 0.00608944008 -0.0150966281 -0.00718304561
v 0.00581430225 -0.0149702961 -0.00739113893
v 0.00611437624 -0.014995995 -0.00728479028
v 0.00580320181 -0.0150721129 -0.00728867529
v 0.0054593184 -0.014939893 -0.0074207806
v 0.00691931788 -0.015440749 -0.00742299855
v 0.00721608941 -0.0154661667 -0.00665462203
v 0.00720572518 -0.0153217316 -0.00665436452
v 0.0069154338 -0.0153017826 -0.0074049281
v 0.00673055928 -0.0154245822 -0.00765125919
v -0.00738158962 -0.0146577116 -0.0075498051
v -0.00738352351 -0.0146802831 -0.00769282924
v -0.00738158962 -0.0146577116 -0.00783585291
v -0.0073759798 -0.0145922098 -0.00742078107
v -0.0073759798 -0.0145922098 -0.00796487648
v -0.00736724259 -0.01449019 -0.00731838727
v -0.00736724259 -0.01449019 -0.00806727074
v -0.00735623203 -0.0143616376 -0.00725264708
v -0.00735623203 -0.0143616376 -0.00813301094
v -0.00734402752 -0.014219135 -0.00722999359
v -0.00734402752 -0.014219135 -0.00815566443
v -0.00733182253 -0.0140766315 -0.00725264708
v -0.00733182253 -0.0140766315 -0.00813301094
v -0.00732081197 -0.0139480792 -0.00731838727
v -0.00732081197 -0.0139480792 -0.00806727074
v -0.00731207477 -0.0138460593 -0.00742078107
v -0.00731207477 -0.0138460593 -0.00796487648
v -0.00730646495 -0.0137805594 -0.0075498051
v -0.00730646495 -0.0137805594 -0.00783585291
v -0.00730453199 -0.0137579879 -0.00769282924
v -0.00367927016 -0.0139619848 -0.00259478949
v -0.00367927016 -0.0139619848 0.00235404284
v 0.00125150976 -0.0143842921 0.00235404307
v 0.00125150976 -0.0143842921 -0.00259478926
v -0.00366473966 -0.0137923257 -0.00259478949
v 0.00126604142 -0.014214633 -0.00259478926
v 0.00126604014 -0.014214633 0.00235404307
v -0.00366473966 -0.0137923257 0.00235404284
v 0.00125150976 -0.0143842921 0.00235404307
v 0.00126604014 -0.014214633 0.00235404307
v 0.00126604142 -0.014214633 -0.00259478926
v 0.00125150976 -0.0143842921 -0.00259478926
v -0.00367927016 -0.0139619848 -0.00259478949
v -0.00366473966 -0.0137923257 -0.00259478949
v -0.00366473966 -0.0137923257 0.00235404284
v -0.00367927016 -0.0139619848 0.00235404284
v 0.00125150976 -0.0143842921 -0.00259478926
v 0.00126604142 -0.014214633 -0.00259478926
v -0.00366473966 -0.0137923257 -0.00259478949
v -0.00367927016 -0.0139619848 -0.00259478949
v -0.00367927016 -0.0139619848 0.00235404284
v -0.00366473966 -0.0137923257 0.00235404284
v 0.00126604014 -0.014214633 0.00235404307
v 0.00125150976 -0.0143842921 0.00235404307
v -0.000474230648 -0.0126542933 -0.0101021063
v -0.000591970049 -0.0140289972 -0.0101124579
v -0.00224344432 -0.0138875525 -0.0101124579
v -0.00212570606 -0.0125128496 -0.0101021063
v -0.00061323226 -0.0142772505 -0.00984376669
v -0.000622674823 -0.014387507 -0.00968864094
v -0.00227415026 -0.0142460633 -0.00968864094
v -0.00226470642 -0.0141358059 -0.00984376669
v -0.000603789696 -0.0141669959 -0.00999889337
v -0.00225526397 -0.0140255522 -0.00999889337
v -0.00212570606 -0.0125128496 -0.0107707148
v -0.000601686828 -0.0141424537 -0.0107707139
v -0.000474230648 -0.0126542933 -0.0107707148
v -0.00225316221 -0.0140010091 -0.0107707139
v -0.000632893411 -0.0145068066 -0.0106023159
v -0.00228436757 -0.0143653629 -0.0106023159
v -0.000666019332 -0.0148935914 -0.0102095287
v -0.00231749471 -0.0147521468 -0.0102095287
v -0.00212570606 -0.0125128496 -0.0101021063
v -0.00225316221 -0.0140010091 -0.0107707139
v -0.00212570606 -0.0125128496 -0.0107707148
v -0.00224344432 -0.0138875525 -0.0101124579
v -0.00228436757 -0.0143653629 -0.0106023159
v -0.00225526397 -0.0140255522 -0.00999889337
v -0.00231749471 -0.0147521468 -0.0102095287
v -0.00226470642 -0.0141358059 -0.00984376669
v -0.00233118702 -0.0149120223 -0.00967181474
v -0.00227415026 -0.0142460633 -0.00968864094
v -0.00233118702 -0.0149120223 -0.00812320411
v -0.00227415026 -0.0142460633 -0.00814003032
v -0.000474230648 -0.0126542933 -0.0107707148
v -0.000591970049 -0.0140289972 -0.0101124579
v -0.000474230648 -0.0126542933 -0.0101021063
v -0.000601686828 -0.0141424537 -0.0107707139
v -0.000603789696 -0.0141669959 -0.00999889337
v -0.000632893411 -0.0145068066 -0.0106023159
v -0.00061323226 -0.0142772505 -0.00984376669
v -0.000666019332 -0.0148935914 -0.0102095287
v -0.000622674823 -0.014387507 -0.00968864094
v -0.000679712859 -0.015053466 -0.00967181474
v -0.000622674823 -0.014387507 -0.00814003032
v -0.000679712859 -0.015053466 -0.00812320411
v -0.00231749471 -0.0147521468 -0.0102095287
v -0.000679712859 -0.015053466 -0.00967181474
v -0.000666019332 -0.0148935914 -0.0102095287
v -0.00233118702 -0.0149120223 -0.00967181474
v -0.000679712859 -0.015053466 -0.00812320411
v -0.00233118702 -0.0149120223 -0.00812320411
v -0.000679712859 -0.015053466 -0.00812320411
v -0.00233118702 -0.0149120223 -0.00812320411
v -0.00227415026 -0.0142460633 -0.00814003032
v -0.000622674823 -0.014387507 -0.00814003032
v -0.000622674823 -0.014387507 -0.00968864094
v -0.000622674823 -0.014387507 -0.00814003032
v -0.00227415026 -0.0142460633 -0.00814003032
v -0.00227415026 -0.0142460633 -0.00968864094
v -0.000591970049 -0.0140289972 -0.0101124579
v -0.000603789696 -0.0141669959 -0.00999889337
v -0.00225526397 -0.0140255522 -0.00999889337
v -0.00224344432 -0.0138875525 -0.0101124579
v -0.000474231842 -0.0126542924 0.0098613603
v -0.00212570606 -0.0125128496 0.0098613603
v -0.00224344549 -0.0138875525 0.00987171195
v -0.000591971271 -0.0140289962 0.00987171195
v -0.000613233424 -0.0142772496 0.00960302074
v -0.00227415143 -0.0142460633 0.00944789406
v -0.000622675987 -0.0143875061 0.00944789406
v -0.00226470758 -0.0141358059 0.00960302074
v -0.000603789696 -0.014166995 0.00975814648
v -0.00225526514 -0.0140255522 0.00975814648
v -0.00212570606 -0.0125128496 0.010529967
v -0.000474231842 -0.0126542924 0.010529967
v -0.000601687992 -0.0141424518 0.0105299689
v -0.00225316221 -0.0140010091 0.0105299689
v -0.000632893411 -0.0145068057 0.0103615699
v -0.00228436873 -0.0143653629 0.0103615699
v -0.00212570606 -0.0125128496 0.0098613603
v -0.00212570606 -0.0125128496 0.010529967
v -0.00225316221 -0.0140010091 0.0105299689
v -0.00224344549 -0.0138875525 0.00987171195
v -0.00228436873 -0.0143653629 0.0103615699
v -0.00225526514 -0.0140255522 0.00975814648
v -0.00231749588 -0.0147521468 0.00996878278
v -0.00226470758 -0.0141358059 0.00960302074
v -0.00233118818 -0.0149120223 0.00943106785
v -0.00227415143 -0.0142460633 0.00944789406
v -0.00233118818 -0.0149120223 0.00788245723
v -0.00227415143 -0.0142460633 0.00789928343
v -0.000474231842 -0.0126542924 0.010529967
v -0.000474231842 -0.0126542924 0.0098613603
v -0.000591971271 -0.0140289962 0.00987171195
v -0.000601687992 -0.0141424518 0.0105299689
v -0.000603789696 -0.014166995 0.00975814648
v -0.000632893411 -0.0145068057 0.0103615699
v -0.000613233424 -0.0142772496 0.00960302074
v -0.000666020496 -0.0148935895 0.00996878278
v -0.000622675987 -0.0143875061 0.00944789406
v -0.000679712859 -0.015053465 0.00943106785
v -0.000622675987 -0.014387507 0.00789928343
v -0.000679712859 -0.015053466 0.00788245723
v -0.000679712859 -0.015053466 0.00788245723
v -0.000622675987 -0.014387507 0.00789928343
v -0.00227415143 -0.0142460633 0.00789928343
v -0.00233118818 -0.0149120223 0.00788245723
v -0.000622675987 -0.0143875061 0.00944789406
v -0.00227415143 -0.0142460633 0.00944789406
v -0.00227415143 -0.0142460633 0.00789928343
v -0.000622675987 -0.014387507 0.00789928343
v -0.00233118818 -0.0149120223 0.00943106785
v -0.000679712859 -0.015053466 0.00788245723
v -0.00233118818 -0.0149120223 0.00788245723
v -0.000679712859 -0.015053465 0.00943106785
v -0.00231749588 -0.0147521468 0.00996878278
v -0.000666020496 -0.0148935895 0.00996878278
v -0.00228436873 -0.0143653629 0.0103615699
v -0.000632893411 -0.0145068057 0.0103615699
v -0.000591971271 -0.0140289962 0.00987171195
v -0.00224344549 -0.0138875525 0.00987171195
v -0.00225526514 -0.0140255522 0.00975814648
v -0.000603789696 -0.014166995 0.00975814648
v -0.00062722381 -0.0126411896 0.00992329884
v -0.00212570606 -0.0125128496 0.0098613603
v -0.000474231842 -0.0126542924 0.0098613603
v -0.00197271397 -0.0125259524 0.00992329884
v -0.00062722381 -0.0126411896 0.0104680276
v -0.00212570606 -0.0125128496 0.010529967
v -0.000474231842 -0.0126542924 0.010529967
v -0.00197271397 -0.0125259515 0.0104680276
v -0.000627222646 -0.0126411896 -0.0101640476
v -0.00212570606 -0.0125128496 -0.0101021063
v -0.00197271281 -0.0125259524 -0.0101640476
v -0.000474230648 -0.0126542933 -0.0101021063
v -0.00212570606 -0.0125128496 -0.0107707148
v -0.000627222646 -0.0126411896 -0.0107087754
v -0.00197271281 -0.0125259524 -0.0107087754
v -0.000474230648 -0.0126542933 -0.0107707148
v 0.00180043757 -0.0302908458 0.0103713656
v 0.00169046817 -0.0303227697 0.0101342481
v 0.00158752978 -0.0302726123 0.0098971324
v 0.00190667086 -0.0301799644 0.0105852699
v 0.00150169781 -0.0301452801 0.00968322717
v 0.00199877308 -0.0300009754 0.0107550276
v 0.00144137442 -0.0299532358 0.00951346941
v 0.00206772611 -0.0297714043 0.0108640175
v 0.00141246256 -0.0297152828 0.00940447859
v 0.00210677925 -0.0295137204 0.0109015722
v 0.00141779601 -0.02945471 0.00936692394
v 0.00211211271 -0.0292531475 0.0108640175
v 0.00145685009 -0.0291970279 0.00940447859
v 0.00208320189 -0.0290151946 0.0107550276
v 0.00152580312 -0.0289674569 0.00951346941
v 0.0020228785 -0.0288231559 0.0105852699
v 0.00161790429 -0.0287884697 0.00968322717
v 0.00193704665 -0.0286958218 0.0103713637
v 0.00172413886 -0.0286775865 0.0098971324
v 0.00183410814 -0.0286456626 0.0101342481
v 0.00216528238 -0.0303220935 0.00963584613
v 0.00226822076 -0.0303722527 0.00987296179
v 0.00237819017 -0.0303403269 0.0101100784
v 0.00248442357 -0.0302294455 0.0103239836
v 0.00207944936 -0.0301947612 0.00942194089
v 0.00257652462 -0.0300504584 0.0104937404
v 0.00201912574 -0.0300027188 0.00925218407
v 0.00264547765 -0.0298208874 0.0106027313
v 0.00199021515 -0.0297647659 0.00914319325
v 0.00268453173 -0.0295632016 0.0106402859
v 0.00199554861 -0.029504193 0.00910563767
v 0.00268986518 -0.0293026324 0.0106027313
v 0.00203460269 -0.0292465109 0.00914319325
v 0.0026609546 -0.0290646777 0.0104937404
v 0.00210355571 -0.0290169399 0.00925218407
v 0.00260062981 -0.0288726371 0.0103239836
v 0.00219565677 -0.0288379528 0.00942194089
v 0.00251479913 -0.0287453029 0.0101100774
v 0.00230189133 -0.0287270676 0.00963584613
v 0.00241185958 -0.0286951438 0.00987296179
v 0.00938947499 -0.0298764333 0.000197645815
v 0.00940832216 -0.0301390756 0.000197646106
v 0.00934508815 -0.0303946901 0.000197645844
v 0.00929038785 -0.0296324696 0.00019764551
v 0.00920595694 -0.0306182504 0.000197645553
v 0.00912076049 -0.0294310674 0.000197645772
v 0.00900455471 -0.0307878777 0.000197645248
v 0.00889720023 -0.0292919371 0.000197646339
v 0.00876059104 -0.0308869611 0.000197646106
v 0.00864158664 -0.0292287041 0.000197645742
v 0.00849794876 -0.0309058111 0.000197645815
v 0.00837894715 -0.0292475503 0.000197645437
v 0.00824233796 -0.0308425762 0.00019764551
v 0.00813498255 -0.0293466393 0.000197645742
v 0.00801877584 -0.0307034478 0.000197645815
v 0.00793357845 -0.0295162648 0.000197646033
v 0.00784915034 -0.0305020437 0.000197646077
v 0.00779444724 -0.0297398251 0.000197645437
v 0.00775006087 -0.03025808 0.000197645481
v 0.00773121417 -0.0299954377 0.000197645742
v 0.00934508815 -0.0303946901 -0.000438370334
v 0.00940832216 -0.0301390756 -0.000438370393
v 0.00938947499 -0.0298764333 -0.000438370393
v 0.00929038785 -0.0296324696 -0.000438370684
v 0.00920595881 -0.0306182504 -0.000438370625
v 0.00912076049 -0.0294310674 -0.000438370393
v 0.00900455471 -0.0307878777 -0.000438370625
v 0.00889720023 -0.0292919371 -0.00043837016
v 0.0087605929 -0.0308869649 -0.000438370393
v 0.00864158664 -0.0292287041 -0.00043837048
v 0.00849794876 -0.0309058111 -0.000438370393
v 0.00837894715 -0.0292475503 -0.000438370771
v 0.00824233796 -0.0308425762 -0.000438370684
v 0.00813498255 -0.0293466393 -0.000438370771
v 0.00801877584 -0.0307034478 -0.000438370684
v 0.00793357845 -0.0295162648 -0.00043837016
v 0.00784915034 -0.0305020437 -0.000438370102
v 0.00779444957 -0.0297398251 -0.00043837048
v 0.0077500632 -0.03025808 -0.000438370393
v 0.00773121417 -0.0299954377 -0.00043837048
v -0.0105655333 -0.0292317364 0.00792502146
v -0.0103911664 -0.0292880125 0.00773590384
v -0.0102097671 -0.0292622056 0.00754678715
v -0.0100390958 -0.0291568432 0.00737618143
v -0.0107158013 -0.029098887 0.00809562393
v -0.00989585649 -0.0289822351 0.00724078855
v -0.0108272647 -0.0289024636 0.00823101774
v -0.00979407132 -0.0287554767 0.00715386076
v -0.0108890058 -0.0286616981 0.00831794646
v -0.00974370539 -0.0284987614 0.00712390756
v -0.0108949877 -0.0284001585 0.00834789872
v -0.00974968448 -0.0282372199 0.00715386076
v -0.010844619 -0.0281434432 0.00831794646
v -0.00981142838 -0.0279964563 0.00724078808
v -0.0107428357 -0.0279166829 0.00823101774
v -0.00992288999 -0.0278000347 0.00737618143
v -0.0105995964 -0.0277420785 0.00809562579
v -0.0100731589 -0.0276671816 0.00754678668
v -0.0104289241 -0.0276367106 0.00792502053
v -0.0102475258 -0.0276109055 0.00773590384
v -0.00974897016 -0.0293016732 0.0079833921
v -0.00993036758 -0.0293274801 0.00817250833
v -0.0101047372 -0.0292712022 0.00836162642
v -0.00957829785 -0.0291963089 0.00781278685
v -0.0102550024 -0.0291383527 0.00853222888
v -0.00943505764 -0.0290217008 0.00767739397
v -0.0103664659 -0.0289419293 0.00866762269
v -0.0093332734 -0.0287949406 0.00759046618
v -0.0104282089 -0.0287011638 0.00875455048
v -0.00928290747 -0.0285382271 0.00756051345
v -0.0104341889 -0.0284396242 0.00878450368
v -0.00928888656 -0.0282766856 0.00759046618
v -0.010383823 -0.0281829089 0.00875455048
v -0.00935062952 -0.028035922 0.0076773935
v -0.0102820368 -0.0279561486 0.00866762269
v -0.00946209114 -0.0278395005 0.00781278685
v -0.0101387976 -0.0277815424 0.00853222981
v -0.00961236097 -0.0277066492 0.0079833921
v -0.00996812619 -0.0276761781 0.00836162455
v -0.00978672877 -0.0276503731 0.00817250833
v -0.0101204896 -0.0292698536 -0.00858823583
v -0.00994576886 -0.0293261614 -0.00839945115
v -0.0097640194 -0.0293003842 -0.00821066927
v -0.00959303044 -0.0291950479 -0.0080403639
v -0.0102710743 -0.0291369762 -0.00875853654
v -0.00944953971 -0.0290204622 -0.00790521037
v -0.0103827855 -0.0289405324 -0.00889369193
v -0.00934759341 -0.0287937149 -0.00781843625
v -0.0104446914 -0.0286997519 -0.00898046698
v -0.00929716974 -0.0285370052 -0.00778853567
v -0.0104507273 -0.0284382068 -0.00901036616
v -0.00930320658 -0.02827546 -0.00781843625
v -0.0104003046 -0.028181497 -0.00898046698
v -0.00936510973 -0.0280346815 -0.00790521037
v -0.0102983564 -0.0279547516 -0.00889369193
v -0.00947682373 -0.0278382394 -0.0080403639
v -0.0101548666 -0.0277801678 -0.0087585384
v -0.00962741021 -0.0277053583 -0.00821066927
v -0.00998387858 -0.0276748296 -0.00858823489
v -0.00980212912 -0.0276490543 -0.00839945115
v -0.0102240052 -0.0292609874 -0.00777320052
v -0.0104057537 -0.0292867646 -0.00796198379
v -0.0105804726 -0.0292304587 -0.00815076753
v -0.0100530144 -0.0291556511 -0.00760289514
v -0.0107310582 -0.0290975794 -0.00832106918
v -0.00990952551 -0.0289810654 -0.00746774161
v -0.0108427713 -0.0289011355 -0.00845622458
v -0.00980757829 -0.02875432 -0.00738096796
v -0.0109046763 -0.028660357 -0.00854299869
v -0.00975715555 -0.0284976102 -0.00735106738
v -0.0109107131 -0.0283988118 -0.00857289974
v -0.00976319145 -0.0282360651 -0.00738096749
v -0.0108602904 -0.0281421021 -0.00854299869
v -0.00982509553 -0.0279952846 -0.00746774254
v -0.0107583422 -0.0279153548 -0.00845622458
v -0.00993680861 -0.0277988426 -0.00760289608
v -0.0106148524 -0.027740771 -0.00832107011
v -0.0100873942 -0.0276659634 -0.00777320145
v -0.0104438635 -0.0276354328 -0.00815076753
v -0.0102621149 -0.0276096575 -0.00796198379
v 0.00247904239 -0.0303489678 -0.0103011429
v 0.00236673537 -0.0303806923 -0.0100650964
v 0.00226146029 -0.0303303301 -0.00982905179
v 0.00258738454 -0.0302382652 -0.0105140805
v 0.00217351853 -0.030202819 -0.00961611327
v 0.00268116058 -0.0300594196 -0.0106830699
v 0.00211152132 -0.0300106332 -0.00944712292
v 0.00275118882 -0.0298299417 -0.0107915699
v 0.00208153669 -0.029772589 -0.00933862384
v 0.0027906124 -0.0295722913 -0.0108289551
v 0.00208649924 -0.0295119844 -0.00930123869
v 0.00279557519 -0.0293116868 -0.0107915699
v 0.00212592422 -0.029254334 -0.00933862384
v 0.00276558939 -0.0290736407 -0.0106830699
v 0.00219595013 -0.0290248524 -0.00944712292
v 0.00270359335 -0.0288814567 -0.0105140815
v 0.002289725 -0.0288460106 -0.00961611327
v 0.00261565135 -0.0287539419 -0.0103011411
v 0.00239806948 -0.0287353061 -0.00982905179
v 0.00251037418 -0.0287035834 -0.0100650964
v 0.00168631726 -0.0302810725 -0.010096075
v 0.00179159339 -0.0303314328 -0.0103321206
v 0.00190390041 -0.0302997082 -0.0105681652
v 0.00201224256 -0.0301890057 -0.0107811028
v 0.00159837655 -0.0301535595 -0.00988313649
v 0.0021060186 -0.0300101601 -0.0109500941
v 0.00153637945 -0.0299613737 -0.00971414614
v 0.00217604451 -0.0297806822 -0.0110585922
v 0.00150639354 -0.0297233295 -0.009605648
v 0.00221546949 -0.0295230318 -0.0110959774
v 0.00151135738 -0.0294627249 -0.00956826285
v 0.00222043204 -0.0292624272 -0.0110585922
v 0.00155078107 -0.0292050745 -0.009605648
v 0.00219044741 -0.0290243812 -0.0109500941
v 0.00162080815 -0.0289755929 -0.00971414614
v 0.00212844904 -0.0288321972 -0.0107811047
v 0.00171458302 -0.0287967511 -0.00988313649
v 0.0020405096 -0.0287046824 -0.0105681643
v 0.00182292634 -0.0286860485 -0.010096075
v 0.0019352322 -0.0286543239 -0.0103321206
vt 0.927246094 0.530273438
vt 0.928710938 0.514160156
vt 0.906738281 0.761230469
vt 0.9140625 0.386962891
vt 0.910644531 0.504394531
vt 0.909667969 0.525878906
vt 0.9140625 0.386962891
vt 0.91015625 0.481933594
vt 0.910644531 0.504394531
vt 0.86328125 0.678222656
vt 0.858398438 0.659179688
vt 0.864257812 0.731445312
vt 0.856445312 0.639160156
vt 0.859863281 0.747070312
vt 0.8359375 0.389892578
vt 0.858398438 0.659179688
vt 0.859863281 0.747070312
vt 0.864257812 0.731445312
vt 0.156616211 0.934570312
vt 0.156616211 0.932617188
vt 0.143798828 0.932617188
vt 0.0453491211 0.935546875
vt 0.0453186035 0.934082031
vt 0.0427856445 0.933105469
vt 0.0804443359 0.778808594
vt 0.0794067383 0.783203125
vt 0.0813598633 0.781738281
vt 0.0275268555 0.935058594
vt 0.0297698975 0.933105469
vt 0.0274963379 0.93359375
vt 0.775878906 0.876953125
vt 0.772949219 0.891113281
vt 0.771484375 0.903808594
vt 0.771484375 0.903808594
vt 0.772460938 0.917480469
vt 0.775878906 0.876953125
vt 0.775390625 0.928222656
vt 0.780761719 0.866699219
vt 0.78515625 0.860839844
vt 0.7890625 0.859375
vt 0.778808594 0.934082031
vt 0.791992188 0.861816406
vt 0.782226562 0.937988281
vt 0.793457031 0.869628906
vt 0.786132812 0.939453125
vt 0.79296875 0.881347656
vt 0.79296875 0.894042969
vt 0.793457031 0.905273438
vt 0.7890625 0.937988281
vt 0.79296875 0.916992188
vt 0.791503906 0.934082031
vt 0.79296875 0.927734375
vt 0.772460938 0.917480469
vt 0.780761719 0.866699219
vt 0.775878906 0.876953125
vt 0.00568389893 0.63671875
vt 0.00462722778 0.633300781
vt 0.00262641907 0.634765625
vt 0.00364875793 0.637695312
vt 0.000930786133 0.638671875
vt 0.0019235611 0.642089844
vt 0.979980469 0.360839844
vt 0.977050781 0.363037109
vt 0.979980469 0.363037109
vt 0.959960938 0.966796875
vt 0.959960938 0.96484375
vt 0.957519531 0.96484375
vt 0.944824219 0.966796875
vt 0.944824219 0.96484375
vt 0.942382812 0.966796875
vt 0.942382812 0.96484375
vt 0.959960938 0.96484375
vt 0.959960938 0.931152344
vt 0.957519531 0.931152344
vt 0.205078125 0.89453125
vt 0.206420898 0.906738281
vt 0.209350586 0.920898438
vt 0.209350586 0.920898438
vt 0.205932617 0.880859375
vt 0.205078125 0.89453125
vt 0.214111328 0.931152344
vt 0.208618164 0.870117188
vt 0.21862793 0.937011719
vt 0.22253418 0.938476562
vt 0.212158203 0.863769531
vt 0.225341797 0.935546875
vt 0.215942383 0.859863281
vt 0.226806641 0.928222656
vt 0.219482422 0.858886719
vt 0.22668457 0.916503906
vt 0.22644043 0.903808594
vt 0.226928711 0.893066406
vt 0.22277832 0.860351562
vt 0.2265625 0.881347656
vt 0.225219727 0.863769531
vt 0.2265625 0.870117188
vt 0.209350586 0.920898438
vt 0.214111328 0.931152344
vt 0.205932617 0.880859375
vt 0.800292969 0.846191406
vt 0.813964844 0.83984375
vt 0.801269531 0.840820312
vt 0.611816406 0.00244140625
vt 0.59765625 0.00521850586
vt 0.604980469 0.0116882324
vt 0.84765625 0.294921875
vt 0.840332031 0.304199219
vt 0.854492188 0.301513672
vt 0.696289062 0.00884246826
vt 0.726074219 0.00241470337
vt 0.696289062 0.00241470337
vt 0.583007812 0.95703125
vt 0.579589844 0.958007812
vt 0.580566406 0.96875
vt 0.586914062 0.968261719
vt 0.586914062 0.957519531
vt 0.584472656 0.94921875
vt 0.588378906 0.950195312
vt 0.0252990723 0.944824219
vt 0.0227508545 0.948242188
vt 0.0231628418 0.948730469
vt 0.193359375 0.794433594
vt 0.198364258 0.798339844
vt 0.196166992 0.794921875
vt 0.853027344 0.961914062
vt 0.849121094 0.971191406
vt 0.8515625 0.971191406
vt 0.850097656 0.961425781
vt 0.847167969 0.971191406
vt 0.847167969 0.961425781
vt 0.844726562 0.971191406
vt 0.84375 0.961425781
vt 0.842285156 0.971191406
vt 0.840820312 0.961914062
vt 0.83984375 0.952636719
vt 0.584960938 0.357666016
vt 0.584960938 0.361328125
vt 0.584960938 0.364990234
vt 0.23034668 0.970703125
vt 0.227661133 0.975097656
vt 0.23046875 0.974121094
vt 0.610839844 0.358154297
vt 0.610839844 0.353515625
vt 0.608398438 0.353027344
vt 0.175537109 0.979492188
vt 0.171875 0.976074219
vt 0.172729492 0.979980469
vt 0.311279297 0.9453125
vt 0.311279297 0.94921875
vt 0.314941406 0.94921875
vt 0.311279297 0.940429688
vt 0.314941406 0.9453125
vt 0.314941406 0.940429688
vt 0.311279297 0.935546875
vt 0.314697266 0.935546875
vt 0.311035156 0.931152344
vt 0.314697266 0.931152344
vt 0.307617188 0.799316406
vt 0.311035156 0.799804688
vt 0.362792969 0.916992188
vt 0.361572266 0.918945312
vt 0.371826172 0.918945312
vt 0.362792969 0.916992188
vt 0.371826172 0.918945312
vt 0.371337891 0.917480469
vt 0.366455078 0.912109375
vt 0.371337891 0.917480469
vt 0.369140625 0.9140625
vt 0.36328125 0.909667969
vt 0.355224609 0.912597656
vt 0.361572266 0.918945312
vt 0.353027344 0.9140625
vt 0.361328125 0.907226562
vt 0.344970703 0.907714844
vt 0.348876953 0.906738281
vt 0.359130859 0.904785156
vt 0.340820312 0.899902344
vt 0.345214844 0.900390625
vt 0.356933594 0.900390625
vt 0.339355469 0.895507812
vt 0.34375 0.895996094
vt 0.354980469 0.895019531
vt 0.338378906 0.890625
vt 0.342529297 0.891113281
vt 0.354003906 0.890136719
vt 0.337646484 0.885742188
vt 0.342041016 0.886230469
vt 0.354248047 0.885742188
vt 0.337646484 0.881347656
vt 0.342041016 0.881835938
vt 0.371826172 0.766601562
vt 0.346679688 0.759765625
vt 0.350830078 0.759765625
vt 0.297363281 0.978515625
vt 0.294677734 0.982910156
vt 0.297363281 0.982421875
vt 0.288818359 0.982910156
vt 0.294677734 0.979003906
vt 0.288818359 0.979003906
vt 0.286132812 0.978515625
vt 0.285888672 0.982421875
vt 0.286132812 0.973632812
vt 0.284423828 0.482177734
vt 0.28515625 0.485107422
vt 0.285644531 0.485107422
vt 0.285644531 0.525390625
vt 0.28515625 0.521972656
vt 0.28515625 0.525390625
vt 0.455810547 0.984863281
vt 0.461669922 0.984863281
vt 0.461425781 0.980957031
vt 0.452880859 0.98046875
vt 0.452880859 0.984375
vt 0.455810547 0.980957031
vt 0.452880859 0.976074219
vt 0.455566406 0.976074219
vt 0.452880859 0.970703125
vt 0.455566406 0.970703125
vt 0.260009766 0.373779297
vt 0.0448608398 0.385986328
vt 0.259277344 0.385986328
vt 0.0456542969 0.373779297
vt 0.259765625 0.357910156
vt 0.0454406738 0.357910156
vt 0.259033203 0.342285156
vt 0.0446777344 0.342285156
vt 0.256103516 0.284912109
vt 0.0417785645 0.284912109
vt 0.259765625 0.262451172
vt 0.0367431641 0.262451172
vt 0.266357422 0.241210938
vt 0.0294036865 0.241210938
vt 0.271728516 0.201538086
vt 0.0237579346 0.201538086
vt 0.275634766 0.176147461
vt 0.0201416016 0.176147461
vt 0.281005859 0.120239258
vt 0.0145187378 0.120239258
vt 0.282226562 0.0764160156
vt 0.0116577148 0.0764160156
vt 0.280761719 0.0409851074
vt 0.0104751587 0.0409851074
vt 0.278564453 0.017791748
vt 0.00969696045 0.017791748
vt 0.275878906 0.000315904617
vt 0.00774002075 0.000315904617
vt 0.78515625 0.624511719
vt 0.800292969 0.850585938
vt 0.800292969 0.624511719
vt 0.78515625 0.850097656
vt 0.775390625 0.624511719
vt 0.775390625 0.850097656
vt 0.732421875 0.631347656
vt 0.732421875 0.905761719
vt 0.749511719 0.90625
vt 0.749511719 0.631347656
vt 0.749511719 0.631347656
vt 0.749511719 0.90625
vt 0.768066406 0.90625
vt 0.768066406 0.631347656
vt 0.540039062 0.0013551712
vt 0.322021484 0.0013551712
vt 0.321777344 0.013092041
vt 0.540039062 0.013092041
vt 0.321533203 0.0290527344
vt 0.540039062 0.0290527344
vt 0.321533203 0.0457763672
vt 0.539550781 0.0457763672
vt 0.321533203 0.063293457
vt 0.539550781 0.063293457
vt 0.320800781 0.0838623047
vt 0.540527344 0.0838623047
vt 0.319580078 0.103820801
vt 0.541992188 0.103820801
vt 0.316894531 0.123413086
vt 0.544433594 0.123413086
vt 0.312011719 0.138427734
vt 0.549316406 0.138427734
vt 0.307861328 0.153686523
vt 0.553222656 0.153686523
vt 0.304931641 0.172973633
vt 0.556152344 0.172973633
vt 0.301757812 0.197998047
vt 0.55859375 0.197998047
vt 0.298583984 0.21472168
vt 0.561523438 0.21472168
vt 0.294921875 0.244506836
vt 0.564941406 0.244506836
vt 0.292480469 0.272949219
vt 0.566894531 0.272949219
vt 0.291259766 0.307617188
vt 0.567871094 0.307617188
vt 0.291748047 0.330078125
vt 0.567382812 0.330078125
vt 0.292724609 0.353027344
vt 0.566894531 0.353027344
vt 0.293457031 0.374511719
vt 0.56640625 0.374511719
vt 0.901367188 0.591308594
vt 0.895019531 0.646484375
vt 0.893554688 0.689453125
vt 0.904785156 0.565429688
vt 0.895996094 0.724121094
vt 0.909667969 0.525878906
vt 0.899902344 0.746582031
vt 0.92578125 0.395751953
vt 0.9140625 0.386962891
vt 0.906738281 0.761230469
vt 0.932128906 0.406982422
vt 0.928710938 0.514160156
vt 0.931152344 0.494140625
vt 0.937011719 0.422119141
vt 0.936035156 0.475097656
vt 0.937988281 0.437988281
vt 0.938476562 0.455078125
vt 0.9296875 0.546875
vt 0.927246094 0.530273438
vt 0.918457031 0.765625
vt 0.933105469 0.567382812
vt 0.9375 0.593261719
vt 0.930664062 0.762695312
vt 0.931640625 0.760742188
vt 0.94140625 0.610351562
vt 0.940917969 0.743164062
vt 0.946289062 0.640136719
vt 0.947753906 0.721679688
vt 0.951171875 0.66796875
vt 0.951171875 0.700683594
vt 0.903320312 0.423339844
vt 0.91015625 0.481933594
vt 0.909179688 0.385009766
vt 0.905761719 0.386230469
vt 0.902832031 0.393798828
vt 0.901855469 0.408203125
vt 0.865722656 0.715820312
vt 0.865722656 0.698242188
vt 0.86328125 0.678222656
vt 0.864257812 0.731445312
vt 0.882324219 0.483154297
vt 0.881835938 0.450195312
vt 0.878417969 0.429199219
vt 0.876953125 0.511230469
vt 0.87109375 0.407714844
vt 0.871582031 0.541503906
vt 0.861816406 0.390136719
vt 0.8671875 0.55859375
vt 0.860839844 0.388183594
vt 0.848144531 0.385498047
vt 0.862304688 0.584960938
vt 0.858398438 0.60546875
vt 0.8359375 0.389892578
vt 0.853027344 0.758300781
vt 0.859863281 0.747070312
vt 0.829101562 0.404541016
vt 0.837890625 0.626953125
vt 0.825683594 0.427001953
vt 0.841308594 0.767089844
vt 0.833496094 0.586914062
vt 0.823242188 0.462158203
vt 0.830566406 0.561035156
vt 0.824707031 0.505371094
vt 0.836914062 0.671875
vt 0.830566406 0.73046875
vt 0.8359375 0.769042969
vt 0.833007812 0.768066406
vt 0.829589844 0.760253906
vt 0.828613281 0.74609375
vt 0.8359375 0.389892578
vt 0.85546875 0.622558594
vt 0.858398438 0.60546875
vt 0.856445312 0.639160156
vt 0.837890625 0.626953125
vt 0.837890625 0.648925781
vt 0.841308594 0.767089844
vt 0.836914062 0.671875
vt 0.767578125 0.624511719
vt 0.767578125 0.850097656
vt 0.775390625 0.850097656
vt 0.775390625 0.624511719
vt 0.0453491211 0.935546875
vt 0.0428161621 0.968261719
vt 0.0453491211 0.968261719
vt 0.0428161621 0.935058594
vt 0.0298156738 0.934570312
vt 0.0298156738 0.968261719
vt 0.0275268555 0.96875
vt 0.0275268555 0.935058594
vt 0.911621094 0.296142578
vt 0.913574219 0.299560547
vt 0.913574219 0.184692383
vt 0.916015625 0.183349609
vt 0.913574219 0.177734375
vt 0.916015625 0.176391602
vt 0.913574219 0.17175293
vt 0.916015625 0.170532227
vt 0.913085938 0.16784668
vt 0.916015625 0.166625977
vt 0.928710938 0.170532227
vt 0.928710938 0.166625977
vt 0.930664062 0.167358398
vt 0.928710938 0.176391602
vt 0.930664062 0.171020508
vt 0.932617188 0.169433594
vt 0.932617188 0.172729492
vt 0.931152344 0.176635742
vt 0.932617188 0.177490234
vt 0.928710938 0.183349609
vt 0.931152344 0.183349609
vt 0.932617188 0.18359375
vt 0.928710938 0.301025391
vt 0.931152344 0.301025391
vt 0.916015625 0.301025391
vt 0.928710938 0.308105469
vt 0.916015625 0.308105469
vt 0.913574219 0.306640625
vt 0.916015625 0.313964844
vt 0.913574219 0.312744141
vt 0.911621094 0.303222656
vt 0.911621094 0.309326172
vt 0.928710938 0.313964844
vt 0.931152344 0.307617188
vt 0.930664062 0.313232422
vt 0.932617188 0.306884766
vt 0.932617188 0.311767578
vt 0.932617188 0.30078125
vt 0.934082031 0.183959961
vt 0.934082031 0.178833008
vt 0.934082031 0.300537109
vt 0.159179688 0.935058594
vt 0.156616211 0.96875
vt 0.159179688 0.968261719
vt 0.156616211 0.934570312
vt 0.143798828 0.934570312
vt 0.143798828 0.96875
vt 0.141601562 0.96875
vt 0.141601562 0.934570312
vt 0.0841064453 0.921386719
vt 0.0841064453 0.927246094
vt 0.0859375 0.931152344
vt 0.0859375 0.925292969
vt 0.0841064453 0.914550781
vt 0.0859375 0.804199219
vt 0.0841064453 0.807617188
vt 0.0841064453 0.800292969
vt 0.0439758301 0.642089844
vt 0.0446777344 0.634765625
vt 0.04296875 0.638671875
vt 0.0456848145 0.637695312
vt 0.046661377 0.633300781
vt 0.0452575684 0.646484375
vt 0.0440979004 0.65234375
vt 0.0428161621 0.647949219
vt 0.0437011719 0.659667969
vt 0.0424194336 0.654785156
vt 0.0424194336 0.76171875
vt 0.0437011719 0.756835938
vt 0.0440979004 0.764160156
vt 0.0428161621 0.768554688
vt 0.0452575684 0.770019531
vt 0.0439758301 0.774414062
vt 0.0469970703 0.642089844
vt 0.0469970703 0.774414062
vt 0.0456848145 0.778808594
vt 0.0477294922 0.63671875
vt 0.049041748 0.641113281
vt 0.049041748 0.775390625
vt 0.0784301758 0.63671875
vt 0.0794067383 0.633300781
vt 0.0813598633 0.634765625
vt 0.0770874023 0.641113281
vt 0.0804443359 0.637695312
vt 0.0830688477 0.638671875
vt 0.0821533203 0.642089844
vt 0.0791625977 0.642089844
vt 0.0477294922 0.779785156
vt 0.0446777344 0.781738281
vt 0.046661377 0.783203125
vt 0.0794067383 0.783203125
vt 0.0784301758 0.779785156
vt 0.0804443359 0.778808594
vt 0.0770874023 0.775390625
vt 0.0791625977 0.774414062
vt 0.0809326172 0.646484375
vt 0.0833129883 0.647949219
vt 0.0809326172 0.770019531
vt 0.0821533203 0.774414062
vt 0.0820922852 0.65234375
vt 0.0837402344 0.654785156
vt 0.0820922852 0.764160156
vt 0.0833129883 0.768554688
vt 0.0824584961 0.659667969
vt 0.0824584961 0.756835938
vt 0.0837402344 0.76171875
vt 0.0859375 0.931152344
vt 0.0859375 0.934570312
vt 0.0884399414 0.936035156
vt 0.0885009766 0.932128906
vt 0.0859375 0.925292969
vt 0.101379395 0.936035156
vt 0.0885009766 0.926757812
vt 0.101379395 0.932128906
vt 0.0859375 0.918457031
vt 0.0841064453 0.914550781
vt 0.0859375 0.804199219
vt 0.10357666 0.931640625
vt 0.10357666 0.935058594
vt 0.0885009766 0.919433594
vt 0.0885009766 0.802734375
vt 0.101379395 0.926757812
vt 0.10357666 0.926269531
vt 0.101379395 0.919921875
vt 0.0859375 0.796875
vt 0.0841064453 0.800292969
vt 0.0841064453 0.793945312
vt 0.0859375 0.791015625
vt 0.0885009766 0.795898438
vt 0.10546875 0.925292969
vt 0.10546875 0.930175781
vt 0.10357666 0.919433594
vt 0.101379395 0.802734375
vt 0.0885009766 0.789550781
vt 0.0859375 0.786621094
vt 0.0884399414 0.785644531
vt 0.10546875 0.919433594
vt 0.10357666 0.802734375
vt 0.101379395 0.795898438
vt 0.101379395 0.789550781
vt 0.101379395 0.785644531
vt 0.10357666 0.786132812
vt 0.10357666 0.790039062
vt 0.10546875 0.788085938
vt 0.10546875 0.791503906
vt 0.10357666 0.795898438
vt 0.10546875 0.796875
vt 0.10546875 0.802734375
vt 0.106750488 0.802734375
vt 0.106750488 0.797851562
vt 0.106750488 0.918945312
vt 0.106750488 0.923828125
vt 0.0453186035 0.970703125
vt 0.0453491211 0.968261719
vt 0.0428161621 0.968261719
vt 0.0427856445 0.970703125
vt 0.0298156738 0.968261719
vt 0.0297698975 0.970703125
vt 0.0274963379 0.970703125
vt 0.0275268555 0.96875
vt 0.04296875 0.777832031
vt 0.0446777344 0.781738281
vt 0.0456848145 0.778808594
vt 0.0439758301 0.774414062
vt 0.156616211 0.932617188
vt 0.159179688 0.935058594
vt 0.159301758 0.933105469
vt 0.156616211 0.934570312
vt 0.143798828 0.932617188
vt 0.143798828 0.934570312
vt 0.141601562 0.934570312
vt 0.141601562 0.932617188
vt 0.911621094 0.175170898
vt 0.913574219 0.177734375
vt 0.913574219 0.17175293
vt 0.911621094 0.181152344
vt 0.913574219 0.184692383
vt 0.911621094 0.188354492
vt 0.911621094 0.296142578
vt 0.911621094 0.303222656
vt 0.913574219 0.306640625
vt 0.913574219 0.299560547
vt 0.0453491211 0.935546875
vt 0.0427856445 0.933105469
vt 0.0428161621 0.935058594
vt 0.0297698975 0.933105469
vt 0.0298156738 0.934570312
vt 0.0275268555 0.935058594
vt 0.0821533203 0.774414062
vt 0.0804443359 0.778808594
vt 0.0813598633 0.781738281
vt 0.0830688477 0.777832031
vt 0.913574219 0.312744141
vt 0.913085938 0.316650391
vt 0.916015625 0.317871094
vt 0.916015625 0.313964844
vt 0.928710938 0.317871094
vt 0.928710938 0.313964844
vt 0.930664062 0.313232422
vt 0.930664062 0.317138672
vt 0.159301758 0.970214844
vt 0.159179688 0.968261719
vt 0.156616211 0.96875
vt 0.156616211 0.970703125
vt 0.143798828 0.96875
vt 0.143798828 0.970703125
vt 0.141601562 0.970703125
vt 0.141601562 0.96875
vt 0.0861816406 0.780761719
vt 0.0859985352 0.782714844
vt 0.087890625 0.784179688
vt 0.087890625 0.781738281
vt 0.121398926 0.784179688
vt 0.0854492188 0.774902344
vt 0.084777832 0.77734375
vt 0.0861816406 0.780761719
vt 0.0864868164 0.777832031
vt 0.087890625 0.781738281
vt 0.0879516602 0.778808594
vt 0.121276855 0.781738281
vt 0.121398926 0.784179688
vt 0.123291016 0.782714844
vt 0.121154785 0.778808594
vt 0.12298584 0.780761719
vt 0.122619629 0.777832031
vt 0.124389648 0.77734375
vt 0.123657227 0.774902344
vt 0.10546875 0.930175781
vt 0.10357666 0.931640625
vt 0.10357666 0.935058594
vt 0.10546875 0.933105469
vt 0.106750488 0.923828125
vt 0.10546875 0.925292969
vt 0.106750488 0.927246094
vt 0.0864868164 0.639648438
vt 0.084777832 0.639648438
vt 0.0854492188 0.642089844
vt 0.0861816406 0.63671875
vt 0.0879516602 0.638671875
vt 0.087890625 0.635253906
vt 0.0859985352 0.634765625
vt 0.121154785 0.638671875
vt 0.087890625 0.633300781
vt 0.121276855 0.635253906
vt 0.122619629 0.639648438
vt 0.121398926 0.633300781
vt 0.12298584 0.63671875
vt 0.123291016 0.634765625
vt 0.123657227 0.642089844
vt 0.124389648 0.639648438
vt 0.106750488 0.793945312
vt 0.10546875 0.791503906
vt 0.10546875 0.796875
vt 0.106750488 0.797851562
vt 0.10546875 0.802734375
vt 0.934082031 0.175048828
vt 0.932617188 0.172729492
vt 0.932617188 0.177490234
vt 0.934082031 0.178833008
vt 0.932617188 0.18359375
vt 0.934082031 0.300537109
vt 0.932617188 0.30078125
vt 0.932617188 0.306884766
vt 0.934082031 0.305664062
vt 0.932617188 0.311767578
vt 0.934082031 0.309326172
vt 0.930664062 0.313232422
vt 0.930664062 0.317138672
vt 0.932617188 0.314941406
vt 0.0857543945 0.647460938
vt 0.0855712891 0.651367188
vt 0.0855712891 0.766113281
vt 0.0857543945 0.770019531
vt 0.0862426758 0.645019531
vt 0.0862426758 0.772460938
vt 0.0869140625 0.643554688
vt 0.0869140625 0.773925781
vt 0.0880737305 0.642578125
vt 0.0880737305 0.774902344
vt 0.121032715 0.642578125
vt 0.121032715 0.774902344
vt 0.122131348 0.773925781
vt 0.122131348 0.643554688
vt 0.12286377 0.645019531
vt 0.12286377 0.772460938
vt 0.123291016 0.647460938
vt 0.123291016 0.770019531
vt 0.123535156 0.651367188
vt 0.123535156 0.766113281
vt 0.626464844 0.321777344
vt 0.625 0.327148438
vt 0.625 0.332763672
vt 0.626464844 0.338134766
vt 0.629882812 0.317382812
vt 0.629882812 0.342529297
vt 0.634277344 0.313964844
vt 0.634277344 0.345947266
vt 0.639648438 0.312255859
vt 0.639648438 0.34765625
vt 0.645019531 0.312255859
vt 0.645019531 0.34765625
vt 0.650390625 0.313964844
vt 0.650390625 0.345947266
vt 0.654785156 0.317138672
vt 0.654785156 0.342529297
vt 0.658203125 0.321777344
vt 0.658203125 0.337890625
vt 0.66015625 0.327148438
vt 0.66015625 0.332763672
vt 0.635253906 0.952636719
vt 0.636230469 0.945800781
vt 0.618652344 0.944335938
vt 0.617675781 0.951660156
vt 0.634765625 0.959960938
vt 0.616699219 0.959472656
vt 0.634765625 0.967773438
vt 0.616699219 0.967285156
vt 0.635253906 0.974609375
vt 0.617675781 0.974609375
vt 0.636230469 0.979980469
vt 0.618652344 0.98046875
vt 0.201293945 0.953613281
vt 0.201171875 0.960449219
vt 0.219238281 0.959960938
vt 0.219238281 0.952636719
vt 0.201416016 0.947753906
vt 0.219360352 0.946777344
vt 0.768066406 0.947753906
vt 0.786132812 0.952636719
vt 0.786132812 0.946777344
vt 0.768066406 0.953125
vt 0.786132812 0.959472656
vt 0.768066406 0.959960938
vt 0.786132812 0.967773438
vt 0.768066406 0.967773438
vt 0.786132812 0.975585938
vt 0.768066406 0.975097656
vt 0.803710938 0.954589844
vt 0.803710938 0.947753906
vt 0.785644531 0.946777344
vt 0.785644531 0.954101562
vt 0.803710938 0.961914062
vt 0.785644531 0.961914062
vt 0.201293945 0.975585938
vt 0.201416016 0.981933594
vt 0.219360352 0.982910156
vt 0.219238281 0.976074219
vt 0.201171875 0.968261719
vt 0.219238281 0.968261719
vt 0.201171875 0.960449219
vt 0.219238281 0.959960938
vt 0.803710938 0.969726562
vt 0.803710938 0.961914062
vt 0.785644531 0.961914062
vt 0.785644531 0.969726562
vt 0.803710938 0.976074219
vt 0.785644531 0.977050781
vt 0.803710938 0.981445312
vt 0.785644531 0.982910156
vt 0.768066406 0.975097656
vt 0.768066406 0.981933594
vt 0.786132812 0.982910156
vt 0.786132812 0.975585938
vt 0.986328125 0.081237793
vt 0.986816406 0.0891113281
vt 1 0.090637207
vt 1 0.0803833008
vt 0.986328125 0.0697021484
vt 1 0.067565918
vt 0.986328125 0.0522460938
vt 0.999511719 0.0505981445
vt 0.986328125 0.0355224609
vt 0.999511719 0.0325012207
vt 0.986328125 0.0186462402
vt 1 0.0169372559
vt 0.986328125 0.00775527954
vt 1 0.00698852539
vt 0.986816406 0.000913143158
vt 1 -0.000375986099
vt 0.633789062 0.367919922
vt 0.634277344 0.361816406
vt 0.620117188 0.361328125
vt 0.620117188 0.368164062
vt 0.633789062 0.373046875
vt 0.620117188 0.373779297
vt 0.634277344 0.376953125
vt 0.633789062 0.373046875
vt 0.620117188 0.373779297
vt 0.620117188 0.377685547
vt 0.591796875 0.778320312
vt 0.578125 0.76953125
vt 0.578613281 0.779296875
vt 0.590820312 0.770507812
vt 0.577636719 0.756347656
vt 0.590820312 0.7578125
vt 0.577636719 0.740722656
vt 0.590820312 0.741699219
vt 0.577636719 0.726074219
vt 0.590332031 0.728515625
vt 0.577636719 0.711425781
vt 0.590332031 0.713378906
vt 0.577636719 0.701171875
vt 0.590332031 0.701660156
vt 0.578125 0.692382812
vt 0.590820312 0.693847656
vt 0.578613281 0.686523438
vt 0.591796875 0.688476562
vt 0.742675781 0.376220703
vt 0.747558594 0.376220703
vt 0.747558594 0.361816406
vt 0.742675781 0.361816406
vt 0.737792969 0.376220703
vt 0.742675781 0.376220703
vt 0.742675781 0.361816406
vt 0.737304688 0.361816406
vt 0.979980469 0.360839844
vt 0.979980469 0.327880859
vt 0.977050781 0.327148438
vt 0.977050781 0.360839844
vt 0.964355469 0.360839844
vt 0.964355469 0.327148438
vt 0.961914062 0.327392578
vt 0.961914062 0.360839844
vt 0.00568389893 0.63671875
vt 0.037322998 0.633300781
vt 0.00462722778 0.633300781
vt 0.0363769531 0.63671875
vt 0.0383911133 0.637695312
vt 0.0393371582 0.634765625
vt 0.0401306152 0.642089844
vt 0.0410461426 0.638671875
vt 0.038848877 0.646484375
vt 0.037109375 0.642089844
vt 0.0400085449 0.65234375
vt 0.0412597656 0.647949219
vt 0.038848877 0.770019531
vt 0.040435791 0.659667969
vt 0.0416870117 0.654785156
vt 0.0416870117 0.76171875
vt 0.0400085449 0.764160156
vt 0.040435791 0.756835938
vt 0.0412597656 0.768554688
vt 0.0401306152 0.774414062
vt 0.037109375 0.774414062
vt 0.0383911133 0.778808594
vt 0.0410461426 0.777832031
vt 0.0393371582 0.781738281
vt 0.0350646973 0.775390625
vt 0.0363769531 0.779785156
vt 0.037322998 0.783203125
vt 0.00462722778 0.783203125
vt 0.00568389893 0.779785156
vt 0.0350646973 0.641113281
vt 0.00700759888 0.775390625
vt 0.00700759888 0.641113281
vt 0.00364875793 0.778808594
vt 0.00262641907 0.781738281
vt 0.00495529175 0.774414062
vt 0.00364875793 0.637695312
vt 0.00262641907 0.634765625
vt 0.00495529175 0.642089844
vt 0.0019235611 0.642089844
vt 0.0019235611 0.774414062
vt 0.000930786133 0.777832031
vt 0.00321769714 0.770019531
vt 0.00321769714 0.646484375
vt 0.000771522522 0.647949219
vt 0.00205612183 0.764160156
vt 0.000771522522 0.768554688
vt 0.00205612183 0.65234375
vt 0.000366926193 0.654785156
vt 0.00164794922 0.756835938
vt 0.000366926193 0.76171875
vt 0.00164794922 0.659667969
vt 0.942382812 0.931640625
vt 0.942382812 0.96484375
vt 0.944824219 0.96484375
vt 0.944824219 0.931152344
vt 0.912597656 0.0222015381
vt 0.914550781 0.0116119385
vt 0.912597656 0.0150527954
vt 0.914550781 0.0186309814
vt 0.914550781 0.133544922
vt 0.912597656 0.130004883
vt 0.912597656 0.137084961
vt 0.914550781 0.140625
vt 0.916992188 0.134887695
vt 0.916992188 0.141845703
vt 0.914550781 0.146484375
vt 0.916992188 0.147827148
vt 0.914550781 0.150512695
vt 0.916992188 0.151733398
vt 0.9296875 0.147827148
vt 0.9296875 0.151733398
vt 0.932128906 0.151000977
vt 0.930175781 0.141967773
vt 0.932128906 0.147216797
vt 0.934082031 0.148925781
vt 0.934082031 0.145629883
vt 0.930175781 0.135009766
vt 0.932128906 0.141601562
vt 0.934082031 0.14074707
vt 0.935058594 0.143188477
vt 0.935058594 0.139404297
vt 0.932128906 0.134887695
vt 0.934082031 0.134765625
vt 0.935058594 0.134399414
vt 0.934082031 0.0174865723
vt 0.932128906 0.0172729492
vt 0.930175781 0.0171966553
vt 0.916992188 0.0172424316
vt 0.930175781 0.0102615356
vt 0.932128906 0.0105667114
vt 0.916992188 0.0102920532
vt 0.9296875 0.00439071655
vt 0.932128906 0.00495529175
vt 0.916992188 0.00440216064
vt 0.914550781 0.00565719604
vt 0.9296875 0.000474452972
vt 0.932128906 0.00121307373
vt 0.916992188 0.000476121902
vt 0.914550781 0.00168514252
vt 0.912597656 0.0150527954
vt 0.914550781 0.0116119385
vt 0.914550781 0.00565719604
vt 0.912597656 0.00900268555
vt 0.979980469 0.326171875
vt 0.977050781 0.327148438
vt 0.979980469 0.327880859
vt 0.977050781 0.325439453
vt 0.964355469 0.327148438
vt 0.964355469 0.325439453
vt 0.961914062 0.325683594
vt 0.961914062 0.327392578
vt 0.914550781 0.140625
vt 0.912597656 0.137084961
vt 0.912597656 0.143188477
vt 0.914550781 0.146484375
vt 0.944824219 0.929199219
vt 0.942382812 0.929199219
vt 0.942382812 0.931640625
vt 0.944824219 0.931152344
vt 0.957519531 0.931152344
vt 0.944824219 0.931152344
vt 0.944824219 0.96484375
vt 0.957519531 0.96484375
vt 0.959960938 0.96484375
vt 0.944824219 0.931152344
vt 0.957519531 0.931152344
vt 0.957519531 0.928710938
vt 0.944824219 0.929199219
vt 0.979980469 0.360839844
vt 0.977050781 0.360839844
vt 0.977050781 0.363037109
vt 0.964355469 0.363037109
vt 0.964355469 0.360839844
vt 0.961914062 0.360839844
vt 0.961914062 0.363037109
vt 0.944824219 0.966796875
vt 0.957519531 0.966796875
vt 0.957519531 0.96484375
vt 0.959960938 0.966796875
vt 0.923828125 0.925292969
vt 0.936523438 0.925292969
vt 0.936523438 0.921875
vt 0.938964844 0.924804688
vt 0.938964844 0.921386719
vt 0.940917969 0.922851562
vt 0.919433594 0.796875
vt 0.921386719 0.793457031
vt 0.921386719 0.786621094
vt 0.919433594 0.790039062
vt 0.921386719 0.780273438
vt 0.919433594 0.783691406
vt 0.921386719 0.780273438
vt 0.923828125 0.774902344
vt 0.921386719 0.776367188
vt 0.923828125 0.779296875
vt 0.921386719 0.786621094
vt 0.936523438 0.774902344
vt 0.923828125 0.78515625
vt 0.921386719 0.793457031
vt 0.936523438 0.779296875
vt 0.938964844 0.779785156
vt 0.938964844 0.775878906
vt 0.940917969 0.78125
vt 0.940917969 0.777832031
vt 0.940917969 0.786132812
vt 0.938964844 0.785644531
vt 0.940917969 0.792480469
vt 0.936523438 0.78515625
vt 0.938964844 0.792480469
vt 0.923828125 0.792480469
vt 0.936523438 0.792480469
vt 0.940917969 0.909179688
vt 0.942382812 0.908691406
vt 0.942382812 0.913574219
vt 0.923828125 0.909179688
vt 0.938964844 0.909179688
vt 0.940917969 0.915039062
vt 0.942382812 0.916992188
vt 0.940917969 0.919433594
vt 0.936523438 0.909179688
vt 0.938964844 0.916015625
vt 0.938964844 0.921386719
vt 0.940917969 0.922851562
vt 0.936523438 0.916015625
vt 0.936523438 0.921875
vt 0.923828125 0.916015625
vt 0.923828125 0.921875
vt 0.923828125 0.925292969
vt 0.921386719 0.924316406
vt 0.921386719 0.920410156
vt 0.921386719 0.915039062
vt 0.919433594 0.916992188
vt 0.919433594 0.911132812
vt 0.921386719 0.907714844
vt 0.919433594 0.904296875
vt 0.919433594 0.796875
vt 0.127075195 0.63671875
vt 0.128662109 0.633300781
vt 0.126708984 0.634765625
vt 0.12878418 0.635253906
vt 0.127441406 0.639648438
vt 0.126342773 0.642089844
vt 0.125610352 0.640136719
vt 0.12890625 0.638671875
vt 0.162109375 0.635253906
vt 0.162109375 0.638671875
vt 0.163818359 0.63671875
vt 0.163574219 0.639648438
vt 0.934082031 0.00656890869
vt 0.934082031 0.00331878662
vt 0.932128906 0.00121307373
vt 0.932128906 0.00495529175
vt 0.934082031 0.0114364624
vt 0.932128906 0.0105667114
vt 0.935058594 0.0127410889
vt 0.935058594 0.00897979736
vt 0.935058594 0.0178070068
vt 0.934082031 0.0174865723
vt 0.932128906 0.0172729492
vt 0.935058594 0.134399414
vt 0.959960938 0.931152344
vt 0.959960938 0.929199219
vt 0.957519531 0.928710938
vt 0.957519531 0.931152344
vt 0.127441406 0.777832031
vt 0.126342773 0.774902344
vt 0.125610352 0.77734375
vt 0.127075195 0.780761719
vt 0.12890625 0.778808594
vt 0.12878418 0.781738281
vt 0.126708984 0.782714844
vt 0.162109375 0.778808594
vt 0.128662109 0.784179688
vt 0.162109375 0.781738281
vt 0.162109375 0.784179688
vt 0.163574219 0.777832031
vt 0.163818359 0.780761719
vt 0.164550781 0.774902344
vt 0.165283203 0.77734375
vt 0.162109375 0.635253906
vt 0.163818359 0.63671875
vt 0.1640625 0.634765625
vt 0.162109375 0.633300781
vt 0.12878418 0.635253906
vt 0.128662109 0.633300781
vt 0.163574219 0.639648438
vt 0.164550781 0.642089844
vt 0.165283203 0.639648438
vt 0.163818359 0.63671875
vt 0.942382812 0.787597656
vt 0.942382812 0.783691406
vt 0.940917969 0.78125
vt 0.940917969 0.786132812
vt 0.942382812 0.792480469
vt 0.940917969 0.792480469
vt 0.942382812 0.908691406
vt 0.163818359 0.780761719
vt 0.162109375 0.781738281
vt 0.162109375 0.784179688
vt 0.1640625 0.782714844
vt 0.164306641 0.770019531
vt 0.164550781 0.766113281
vt 0.164550781 0.651367188
vt 0.164306641 0.647460938
vt 0.163818359 0.772460938
vt 0.163818359 0.645019531
vt 0.163085938 0.773925781
vt 0.163085938 0.643554688
vt 0.161987305 0.774902344
vt 0.161987305 0.642578125
vt 0.12902832 0.774902344
vt 0.12902832 0.642578125
vt 0.127929688 0.773925781
vt 0.127929688 0.643554688
vt 0.127197266 0.772460938
vt 0.127197266 0.645019531
vt 0.126708984 0.770019531
vt 0.126708984 0.647460938
vt 0.126464844 0.766113281
vt 0.126464844 0.651367188
vt 0.587890625 0.345703125
vt 0.593261719 0.347412109
vt 0.599121094 0.347412109
vt 0.583496094 0.342529297
vt 0.604003906 0.345703125
vt 0.580078125 0.337890625
vt 0.608886719 0.342529297
vt 0.578613281 0.332763672
vt 0.611816406 0.337890625
vt 0.578613281 0.327148438
vt 0.613769531 0.332763672
vt 0.580078125 0.321777344
vt 0.613769531 0.327148438
vt 0.583496094 0.317382812
vt 0.611816406 0.321777344
vt 0.587890625 0.313964844
vt 0.608886719 0.317382812
vt 0.593261719 0.312255859
vt 0.604003906 0.313964844
vt 0.599121094 0.312255859
vt 0.175292969 0.959960938
vt 0.193359375 0.952148438
vt 0.176025391 0.953125
vt 0.192504883 0.958984375
vt 0.175048828 0.967285156
vt 0.192260742 0.967285156
vt 0.175292969 0.974609375
vt 0.484619141 0.946777344
vt 0.466796875 0.945800781
vt 0.466552734 0.952148438
vt 0.484619141 0.952636719
vt 0.466552734 0.959472656
vt 0.484619141 0.959472656
vt 0.466552734 0.967285156
vt 0.484619141 0.967285156
vt 0.937988281 0.92578125
vt 0.919433594 0.924804688
vt 0.918945312 0.930175781
vt 0.9375 0.931152344
vt 0.918945312 0.9375
vt 0.9375 0.937988281
vt 0.918945312 0.945800781
vt 0.9375 0.945800781
vt 0.175292969 0.974609375
vt 0.192504883 0.975097656
vt 0.192260742 0.967285156
vt 0.176025391 0.981445312
vt 0.193359375 0.982421875
vt 0.854980469 0.957519531
vt 0.873046875 0.949707031
vt 0.854980469 0.950683594
vt 0.873046875 0.95703125
vt 0.854980469 0.96484375
vt 0.873046875 0.96484375
vt 0.484619141 0.974609375
vt 0.466796875 0.981933594
vt 0.484619141 0.980957031
vt 0.466552734 0.975097656
vt 0.484619141 0.967285156
vt 0.466552734 0.967285156
vt 0.9375 0.960449219
vt 0.919433594 0.966796875
vt 0.937988281 0.965820312
vt 0.918945312 0.9609375
vt 0.9375 0.953613281
vt 0.918945312 0.953613281
vt 0.9375 0.945800781
vt 0.918945312 0.945800781
vt 0.854980469 0.97265625
vt 0.873046875 0.96484375
vt 0.854980469 0.96484375
vt 0.873046875 0.973144531
vt 0.854980469 0.979492188
vt 0.873046875 0.979980469
vt 0.854980469 0.984863281
vt 0.873046875 0.985839844
vt 0.466552734 0.948242188
vt 0.453369141 0.957519531
vt 0.466796875 0.956054688
vt 0.453369141 0.947265625
vt 0.466552734 0.936523438
vt 0.453125 0.934570312
vt 0.466552734 0.919433594
vt 0.453125 0.917480469
vt 0.466552734 0.90234375
vt 0.453125 0.899414062
vt 0.466552734 0.885742188
vt 0.453125 0.884277344
vt 0.466552734 0.875
vt 0.453369141 0.874023438
vt 0.466796875 0.868164062
vt 0.453369141 0.866699219
vt 0.633300781 0.367919922
vt 0.647460938 0.368164062
vt 0.647460938 0.361328125
vt 0.633789062 0.361816406
vt 0.633300781 0.373291016
vt 0.647460938 0.373779297
vt 0.647460938 0.368164062
vt 0.633300781 0.367919922
vt 0.633789062 0.376953125
vt 0.647460938 0.377685547
vt 0.647460938 0.373779297
vt 0.633300781 0.373291016
vt 0.801269531 0.931152344
vt 0.813964844 0.93359375
vt 0.813476562 0.923339844
vt 0.800292969 0.923339844
vt 0.813476562 0.91015625
vt 0.800292969 0.910644531
vt 0.812988281 0.89453125
vt 0.800292969 0.89453125
vt 0.812988281 0.879882812
vt 0.800292969 0.881347656
vt 0.812988281 0.865234375
vt 0.799804688 0.865722656
vt 0.812988281 0.854492188
vt 0.799804688 0.854492188
vt 0.813476562 0.846191406
vt 0.800292969 0.846191406
vt 0.813964844 0.83984375
vt 0.7265625 0.358886719
vt 0.726074219 0.373291016
vt 0.731445312 0.373291016
vt 0.731445312 0.358642578
vt 0.721679688 0.358642578
vt 0.721191406 0.373291016
vt 0.726074219 0.373291016
vt 0.7265625 0.358886719
vt 0.7265625 0.63671875
vt 0.7265625 0.625
vt 0.694824219 0.625
vt 0.694824219 0.637207031
vt 0.833496094 0.0089263916
vt 0.854492188 0.00528717041
vt 0.840332031 0.00250053406
vt 0.756347656 0.00242996216
vt 0.230712891 0.645019531
vt 0.230834961 0.658691406
vt 0.237060547 0.661621094
vt 0.237060547 0.6484375
vt 0.232543945 0.560546875
vt 0.226318359 0.560058594
vt 0.225585938 0.529296875
vt 0.231933594 0.530273438
vt 0.226196289 0.499023438
vt 0.256347656 0.530273438
vt 0.232543945 0.499511719
vt 0.236816406 0.411621094
vt 0.23059082 0.4140625
vt 0.23059082 0.399169922
vt 0.263671875 0.530273438
vt 0.26953125 0.6484375
vt 0.26953125 0.662109375
vt 0.269775391 0.671875
vt 0.237304688 0.671875
vt 0.269287109 0.411865234
vt 0.236938477 0.397216797
vt 0.230834961 0.385498047
vt 0.269287109 0.397216797
vt 0.237060547 0.383544922
vt 0.26953125 0.383544922
vt 0.230834961 0.658691406
vt 0.230957031 0.668945312
vt 0.237304688 0.671875
vt 0.237060547 0.661621094
vt 0.688476562 0.627929688
vt 0.688964844 0.639648438
vt 0.694824219 0.637207031
vt 0.694824219 0.625
vt 0.7265625 0.650878906
vt 0.7265625 0.63671875
vt 0.694824219 0.637207031
vt 0.6953125 0.650878906
vt 0.688964844 0.639648438
vt 0.688964844 0.653808594
vt 0.7265625 0.887207031
vt 0.688964844 0.884277344
vt 0.6953125 0.887207031
vt 0.7265625 0.900878906
vt 0.694824219 0.900878906
vt 0.7265625 0.913085938
vt 0.688964844 0.8984375
vt 0.694824219 0.912597656
vt 0.688476562 0.91015625
vt 0.645996094 0.912597656
vt 0.639648438 0.898925781
vt 0.639648438 0.909667969
vt 0.645996094 0.901855469
vt 0.678222656 0.912597656
vt 0.678222656 0.901855469
vt 0.639648438 0.885253906
vt 0.645996094 0.888183594
vt 0.678222656 0.888183594
vt 0.645996094 0.649902344
vt 0.639648438 0.65234375
vt 0.678222656 0.649902344
vt 0.639648438 0.637695312
vt 0.645996094 0.635253906
vt 0.639648438 0.624511719
vt 0.678222656 0.635253906
vt 0.645996094 0.622070312
vt 0.678222656 0.622070312
vt 0.602539062 0.625
vt 0.634277344 0.637207031
vt 0.633789062 0.625
vt 0.603027344 0.637207031
vt 0.596191406 0.627441406
vt 0.634765625 0.650878906
vt 0.603027344 0.651367188
vt 0.596679688 0.639648438
vt 0.596679688 0.653808594
vt 0.62890625 0.769042969
vt 0.592285156 0.738769531
vt 0.598632812 0.738769531
vt 0.598144531 0.76953125
vt 0.591796875 0.769042969
vt 0.622070312 0.769042969
vt 0.598632812 0.799804688
vt 0.592285156 0.799804688
vt 0.596679688 0.884765625
vt 0.603027344 0.887207031
vt 0.634765625 0.887207031
vt 0.634277344 0.901367188
vt 0.603027344 0.901367188
vt 0.633789062 0.913085938
vt 0.596679688 0.8984375
vt 0.602539062 0.913085938
vt 0.596191406 0.91015625
vt 0.619140625 0.297607422
vt 0.59765625 0.301269531
vt 0.611816406 0.304199219
vt 0.696289062 0.304199219
vt 0.277099609 0.647460938
vt 0.280029297 0.646972656
vt 0.274169922 0.528808594
vt 0.271240234 0.529296875
vt 0.279785156 0.411132812
vt 0.276855469 0.411376953
vt 0.279785156 0.3984375
vt 0.277099609 0.397949219
vt 0.280029297 0.386962891
vt 0.277099609 0.385498047
vt 0.696289062 0.00884246826
vt 0.696289062 0.00241470337
vt 0.611816406 0.00244140625
vt 0.619140625 0.00886535645
vt 0.604980469 0.0116882324
vt 0.696289062 0.0176696777
vt 0.726074219 0.00884246826
vt 0.726074219 0.00241470337
vt 0.756347656 0.00242996216
vt 0.756347656 0.00885772705
vt 0.833496094 0.0089263916
vt 0.7265625 0.0176696777
vt 0.82421875 0.0177459717
vt 0.756347656 0.0176849365
vt 0.84765625 0.011756897
vt 0.854492188 0.00528717041
vt 0.866210938 0.0132141113
vt 0.859863281 0.0198059082
vt 0.874023438 0.0250701904
vt 0.838378906 0.0205993652
vt 0.867675781 0.0318603516
vt 0.876953125 0.0390625
vt 0.82421875 0.288818359
vt 0.850585938 0.0287322998
vt 0.838378906 0.285888672
vt 0.7265625 0.288818359
vt 0.756347656 0.288818359
vt 0.833496094 0.297607422
vt 0.696289062 0.288818359
vt 0.870605469 0.046081543
vt 0.858886719 0.0408935547
vt 0.850585938 0.277832031
vt 0.84765625 0.294921875
vt 0.870605469 0.260498047
vt 0.876953125 0.267578125
vt 0.874023438 0.281738281
vt 0.867675781 0.274658203
vt 0.866210938 0.293457031
vt 0.861816406 0.251220703
vt 0.861816406 0.0552062988
vt 0.858886719 0.265625
vt 0.859863281 0.286865234
vt 0.854492188 0.301513672
vt 0.840332031 0.304199219
vt 0.756347656 0.297607422
vt 0.756347656 0.304199219
vt 0.726074219 0.304199219
vt 0.726074219 0.297607422
vt 0.696289062 0.304199219
vt 0.696289062 0.297607422
vt 0.619140625 0.297607422
vt 0.628417969 0.288818359
vt 0.604980469 0.294677734
vt 0.59765625 0.301269531
vt 0.5859375 0.293457031
vt 0.628417969 0.0177001953
vt 0.613769531 0.285888672
vt 0.592773438 0.286621094
vt 0.578125 0.281494141
vt 0.613769531 0.0205383301
vt 0.6015625 0.277832031
vt 0.584472656 0.274658203
vt 0.575195312 0.267578125
vt 0.6015625 0.0286560059
vt 0.59375 0.265625
vt 0.58203125 0.260498047
vt 0.592773438 0.019744873
vt 0.59765625 0.00521850586
vt 0.5859375 0.0131378174
vt 0.59375 0.040802002
vt 0.584472656 0.0317993164
vt 0.578125 0.0249938965
vt 0.590820312 0.251220703
vt 0.590820312 0.0551452637
vt 0.58203125 0.0460205078
vt 0.575195312 0.0389709473
vt 0.688476562 0.63671875
vt 0.686035156 0.636230469
vt 0.686035156 0.649414062
vt 0.688476562 0.649414062
vt 0.686035156 0.887695312
vt 0.688476562 0.88671875
vt 0.686035156 0.900390625
vt 0.688476562 0.898925781
vt 0.298828125 0.393554688
vt 0.297119141 0.391845703
vt 0.290039062 0.40234375
vt 0.292236328 0.403320312
vt 0.292236328 0.661132812
vt 0.290039062 0.662109375
vt 0.297119141 0.672851562
vt 0.298828125 0.670898438
vt 0.298583984 0.658691406
vt 0.296630859 0.6484375
vt 0.290039062 0.649414062
vt 0.303466797 0.666015625
vt 0.30859375 0.677734375
vt 0.296630859 0.416015625
vt 0.290039062 0.415283203
vt 0.311035156 0.671386719
vt 0.320556641 0.6796875
vt 0.298583984 0.406005859
vt 0.292236328 0.403320312
vt 0.321289062 0.673339844
vt 0.437744141 0.6796875
vt 0.303466797 0.3984375
vt 0.298828125 0.393554688
vt 0.4375 0.673339844
vt 0.554199219 0.6796875
vt 0.304443359 0.416748047
vt 0.305908203 0.408935547
vt 0.304443359 0.647949219
vt 0.305908203 0.655761719
vt 0.309082031 0.660644531
vt 0.309082031 0.404052734
vt 0.314208984 0.6640625
vt 0.314208984 0.400878906
vt 0.322021484 0.665527344
vt 0.311035156 0.393310547
vt 0.322021484 0.399169922
vt 0.4375 0.665527344
vt 0.30859375 0.387207031
vt 0.297119141 0.391845703
vt 0.307617188 0.384765625
vt 0.321289062 0.391357422
vt 0.320556641 0.384765625
vt 0.320556641 0.382080078
vt 0.4375 0.399169922
vt 0.553710938 0.673339844
vt 0.4375 0.391357422
vt 0.437744141 0.384765625
vt 0.437744141 0.382080078
vt 0.552734375 0.665527344
vt 0.552734375 0.399169922
vt 0.553710938 0.391357422
vt 0.554199219 0.384765625
vt 0.5546875 0.382080078
vt 0.56640625 0.387207031
vt 0.567382812 0.384765625
vt 0.563964844 0.393310547
vt 0.560546875 0.400878906
vt 0.560546875 0.663574219
vt 0.563964844 0.671386719
vt 0.576171875 0.393554688
vt 0.578125 0.391845703
vt 0.571289062 0.3984375
vt 0.565429688 0.404052734
vt 0.565429688 0.660644531
vt 0.582519531 0.403320312
vt 0.584960938 0.40234375
vt 0.576171875 0.406005859
vt 0.568847656 0.408935547
vt 0.584960938 0.415283203
vt 0.587890625 0.415039062
vt 0.578125 0.416015625
vt 0.584960938 0.649414062
vt 0.587890625 0.649414062
vt 0.571289062 0.666015625
vt 0.568847656 0.655761719
vt 0.5703125 0.416748047
vt 0.5703125 0.647949219
vt 0.578125 0.6484375
vt 0.576171875 0.658691406
vt 0.582519531 0.661132812
vt 0.584960938 0.662109375
vt 0.576171875 0.670898438
vt 0.578125 0.672851562
vt 0.56640625 0.677734375
vt 0.567382812 0.680175781
vt 0.5546875 0.682617188
vt 0.815917969 0.941894531
vt 0.815917969 0.952148438
vt 0.843261719 0.952148438
vt 0.843261719 0.942382812
vt 0.815917969 0.930175781
vt 0.843261719 0.930175781
vt 0.815917969 0.917480469
vt 0.285644531 0.943847656
vt 0.285644531 0.931152344
vt 0.258300781 0.931152344
vt 0.258300781 0.943847656
vt 0.285644531 0.955566406
vt 0.258300781 0.955566406
vt 0.285644531 0.965820312
vt 0.258300781 0.965820312
vt 0.792480469 0.326416016
vt 0.792480469 0.339111328
vt 0.819824219 0.339355469
vt 0.819824219 0.326660156
vt 0.792480469 0.314941406
vt 0.819824219 0.315185547
vt 0.791992188 0.305664062
vt 0.819335938 0.305908203
vt 0.914550781 0.969726562
vt 0.88671875 0.960449219
vt 0.887207031 0.969726562
vt 0.9140625 0.9609375
vt 0.88671875 0.94921875
vt 0.9140625 0.94921875
vt 0.88671875 0.936523438
vt 0.9140625 0.937011719
vt 0.285644531 0.931152344
vt 0.258300781 0.918945312
vt 0.258300781 0.931152344
vt 0.285644531 0.918945312
vt 0.258300781 0.908691406
vt 0.285644531 0.908691406
vt 0.815917969 0.89453125
vt 0.843261719 0.905273438
vt 0.843261719 0.89453125
vt 0.815917969 0.905273438
vt 0.843261719 0.917480469
vt 0.815917969 0.917480469
vt 0.843261719 0.930175781
vt 0.792480469 0.339111328
vt 0.819824219 0.351806641
vt 0.819824219 0.339355469
vt 0.792480469 0.3515625
vt 0.819335938 0.363037109
vt 0.791992188 0.362792969
vt 0.9140625 0.937011719
vt 0.88671875 0.923828125
vt 0.88671875 0.936523438
vt 0.9140625 0.924316406
vt 0.887207031 0.912597656
vt 0.914550781 0.912597656
vt 0.891601562 0.326904297
vt 0.911621094 0.320068359
vt 0.895019531 0.197631836
vt 0.883300781 0.201782227
vt 0.895019531 0.193237305
vt 0.87890625 0.202392578
vt 0.887207031 0.327392578
vt 0.87890625 0.197998047
vt 0.883300781 0.197387695
vt 0.895996094 0.188110352
vt 0.879394531 0.192871094
vt 0.883789062 0.192138672
vt 0.897460938 0.182739258
vt 0.880859375 0.187866211
vt 0.884765625 0.187133789
vt 0.899902344 0.178222656
vt 0.881835938 0.18359375
vt 0.886230469 0.182861328
vt 0.901855469 0.17565918
vt 0.886230469 0.175537109
vt 0.889648438 0.17590332
vt 0.903808594 0.173217773
vt 0.893554688 0.168823242
vt 0.895996094 0.170043945
vt 0.906738281 0.170776367
vt 0.903320312 0.165893555
vt 0.909179688 0.169067383
vt 0.911132812 0.165649414
vt 0.901855469 0.164306641
vt 0.911132812 0.165649414
vt 0.911621094 0.164550781
vt 0.686035156 0.367919922
vt 0.686035156 0.375976562
vt 0.688964844 0.374755859
vt 0.688476562 0.366699219
vt 0.686035156 0.359619141
vt 0.691894531 0.372802734
vt 0.688964844 0.358398438
vt 0.69140625 0.365966797
vt 0.695800781 0.370849609
vt 0.691894531 0.358886719
vt 0.6953125 0.365478516
vt 0.69921875 0.368896484
vt 0.695800781 0.360107422
vt 0.69921875 0.365478516
vt 0.69921875 0.362304688
vt 0.954589844 0.130615234
vt 0.954589844 0.153076172
vt 0.955566406 0.157348633
vt 0.958496094 0.159057617
vt 0.964355469 0.130615234
vt 0.964355469 0.159057617
vt 0.971679688 0.159057617
vt 0.9765625 0.130737305
vt 0.975097656 0.157348633
vt 0.9765625 0.153198242
vt 0.129394531 0.788085938
vt 0.117248535 0.786132812
vt 0.120727539 0.9140625
vt 0.129638672 0.9140625
vt 0.141479492 0.786132812
vt 0.120849609 0.918457031
vt 0.138549805 0.9140625
vt 0.129638672 0.918457031
vt 0.12097168 0.923339844
vt 0.138427734 0.918457031
vt 0.129638672 0.923339844
vt 0.12109375 0.928222656
vt 0.138427734 0.923339844
vt 0.129760742 0.928222656
vt 0.121154785 0.931640625
vt 0.138427734 0.928222656
vt 0.129760742 0.931640625
vt 0.138427734 0.931640625
vt 0.293945312 0.806640625
vt 0.297851562 0.799804688
vt 0.294189453 0.799316406
vt 0.297851562 0.806640625
vt 0.301757812 0.799316406
vt 0.293945312 0.810546875
vt 0.290527344 0.806640625
vt 0.290283203 0.810546875
vt 0.293945312 0.815429688
vt 0.290283203 0.815429688
vt 0.297607422 0.810546875
vt 0.301513672 0.806640625
vt 0.293701172 0.8203125
vt 0.290039062 0.8203125
vt 0.305175781 0.806640625
vt 0.305419922 0.799804688
vt 0.305175781 0.810546875
vt 0.301513672 0.810546875
vt 0.305175781 0.815429688
vt 0.297607422 0.815429688
vt 0.301513672 0.815429688
vt 0.305175781 0.8203125
vt 0.293457031 0.824707031
vt 0.290039062 0.825195312
vt 0.297607422 0.8203125
vt 0.301513672 0.8203125
vt 0.305175781 0.825195312
vt 0.289550781 0.956054688
vt 0.286132812 0.956542969
vt 0.297607422 0.824707031
vt 0.296875 0.955078125
vt 0.301513672 0.824707031
vt 0.307861328 0.956542969
vt 0.304199219 0.956054688
vt 0.892089844 0.906738281
vt 0.88671875 0.899902344
vt 0.888183594 0.903808594
vt 0.890625 0.90234375
vt 0.885742188 0.89453125
vt 0.889648438 0.897460938
vt 0.885253906 0.889648438
vt 0.889160156 0.892089844
vt 0.885253906 0.885742188
vt 0.889160156 0.888183594
vt 0.895996094 0.766601562
vt 0.899414062 0.769042969
vt 0.921386719 0.777832031
vt 0.901855469 0.893066406
vt 0.901367188 0.897460938
vt 0.90234375 0.90234375
vt 0.904296875 0.907714844
vt 0.906738281 0.912109375
vt 0.895996094 0.913574219
vt 0.908691406 0.915039062
vt 0.902832031 0.918945312
vt 0.911132812 0.916503906
vt 0.911621094 0.921875
vt 0.915527344 0.917480469
vt 0.921386719 0.920410156
vt 0.918945312 0.916992188
vt 0.58984375 0.9609375
vt 0.590820312 0.954589844
vt 0.588378906 0.950195312
vt 0.586914062 0.957519531
vt 0.589355469 0.969238281
vt 0.586914062 0.968261719
vt 0.587402344 0.978027344
vt 0.588867188 0.978027344
vt 0.58984375 0.987304688
vt 0.590820312 0.986328125
vt 0.586914062 0.968261719
vt 0.584960938 0.978515625
vt 0.587402344 0.978027344
vt 0.583496094 0.967773438
vt 0.583007812 0.95703125
vt 0.582519531 0.978515625
vt 0.580566406 0.96875
vt 0.580078125 0.979492188
vt 0.577148438 0.969238281
vt 0.579589844 0.958007812
vt 0.578125 0.979980469
vt 0.575683594 0.958496094
vt 0.574707031 0.970703125
vt 0.573242188 0.9609375
vt 0.584472656 0.378173828
vt 0.585449219 0.37890625
vt 0.588867188 0.37890625
vt 0.584472656 0.376464844
vt 0.588378906 0.374511719
vt 0.583984375 0.374755859
vt 0.584472656 0.372802734
vt 0.588867188 0.370361328
vt 0.584472656 0.37109375
vt 0.585449219 0.370361328
vt 0.587402344 0.978027344
vt 0.588378906 0.98828125
vt 0.58984375 0.987304688
vt 0.584960938 0.978515625
vt 0.586914062 0.98828125
vt 0.582519531 0.978515625
vt 0.5859375 0.988769531
vt 0.580078125 0.979492188
vt 0.584472656 0.988769531
vt 0.578125 0.979980469
vt 0.279541016 0.433349609
vt 0.280029297 0.433105469
vt 0.280029297 0.429443359
vt 0.279541016 0.429443359
vt 0.280029297 0.425292969
vt 0.279541016 0.425292969
vt 0.280029297 0.421142578
vt 0.279541016 0.420898438
vt 0.280029297 0.417236328
vt 0.279541016 0.417236328
vt 0.0231628418 0.928222656
vt 0.0227508545 0.928222656
vt 0.0248718262 0.932128906
vt 0.0252990723 0.932128906
vt 0.0259857178 0.936523438
vt 0.0264282227 0.936035156
vt 0.0259857178 0.940917969
vt 0.0264282227 0.940917969
vt 0.0248718262 0.944824219
vt 0.0252990723 0.944824219
vt 0.0227508545 0.948242188
vt 0.0816040039 0.791015625
vt 0.0821533203 0.791015625
vt 0.0829467773 0.787597656
vt 0.0813598633 0.795410156
vt 0.0818481445 0.795410156
vt 0.0816040039 0.799804688
vt 0.0821533203 0.799804688
vt 0.0823974609 0.803710938
vt 0.0829467773 0.803222656
vt 0.0836791992 0.806640625
vt 0.0841674805 0.806152344
vt 0.0816040039 0.791015625
vt 0.0829467773 0.787597656
vt 0.0823974609 0.787109375
vt 0.0841674805 0.784179688
vt 0.0836791992 0.784179688
vt 0.281005859 0.491210938
vt 0.280517578 0.491210938
vt 0.280273438 0.495117188
vt 0.280761719 0.495117188
vt 0.280273438 0.499267578
vt 0.280761719 0.499267578
vt 0.280273438 0.50390625
vt 0.280761719 0.50390625
vt 0.280761719 0.50390625
vt 0.280273438 0.50390625
vt 0.280273438 0.5078125
vt 0.280761719 0.5078125
vt 0.280517578 0.510742188
vt 0.281005859 0.510742188
vt 0.002576828 0.9453125
vt 0.000154733658 0.945800781
vt 0.00284767151 0.950195312
vt 0.00512695312 0.949707031
vt 0.00123596191 0.939941406
vt 0.000154733658 0.945800781
vt 0.002576828 0.9453125
vt -0.00126171112 0.939941406
vt 0.00123596191 0.934570312
vt -0.00126075745 0.934570312
vt 0.002576828 0.9296875
vt 0.000154614449 0.929199219
vt 0.00512695312 0.925292969
vt 0.00284767151 0.924804688
vt 0.885742188 0.950195312
vt 0.8828125 0.949707031
vt 0.881347656 0.953613281
vt 0.884277344 0.954101562
vt 0.880371094 0.958496094
vt 0.883300781 0.958984375
vt 0.875 0.958496094
vt 0.875976562 0.953613281
vt 0.879882812 0.964355469
vt 0.8828125 0.964355469
vt 0.874511719 0.963867188
vt 0.872558594 0.958984375
vt 0.872558594 0.963867188
vt 0.875 0.969726562
vt 0.872558594 0.969238281
vt 0.880371094 0.969726562
vt 0.883300781 0.969238281
vt 0.884277344 0.974121094
vt 0.8828125 0.978515625
vt 0.885742188 0.977539062
vt 0.881347656 0.974609375
vt 0.883300781 0.969238281
vt 0.880371094 0.969726562
vt 0.875976562 0.974609375
vt 0.875 0.969726562
vt 0.872558594 0.969238281
vt 0.873535156 0.973632812
vt 0.432373047 0.963867188
vt 0.435058594 0.958496094
vt 0.432373047 0.959472656
vt 0.435058594 0.963378906
vt 0.440917969 0.958496094
vt 0.440917969 0.963378906
vt 0.443847656 0.963867188
vt 0.443847656 0.959472656
vt 0.440917969 0.955078125
vt 0.435302734 0.955078125
vt 0.443847656 0.955566406
vt 0.432373047 0.969238281
vt 0.435058594 0.963378906
vt 0.432373047 0.963867188
vt 0.435058594 0.969238281
vt 0.432373047 0.974121094
vt 0.440917969 0.963378906
vt 0.435058594 0.974609375
vt 0.432373047 0.979003906
vt 0.440917969 0.969238281
vt 0.435302734 0.979492188
vt 0.432373047 0.982421875
vt 0.435302734 0.983398438
vt 0.443847656 0.969238281
vt 0.443847656 0.963867188
vt 0.443847656 0.974121094
vt 0.440917969 0.974609375
vt 0.443847656 0.979003906
vt 0.440917969 0.979492188
vt 0.441162109 0.983398438
vt 0.987304688 0.280273438
vt 0.984375 0.285400391
vt 0.987304688 0.284667969
vt 0.984375 0.280517578
vt 0.979003906 0.285400391
vt 0.979003906 0.280517578
vt 0.976074219 0.280273438
vt 0.976074219 0.284667969
vt 0.979003906 0.2890625
vt 0.984863281 0.2890625
vt 0.987304688 0.275146484
vt 0.984375 0.280517578
vt 0.987304688 0.280273438
vt 0.984375 0.275146484
vt 0.987304688 0.270019531
vt 0.979003906 0.280517578
vt 0.984375 0.269775391
vt 0.987304688 0.265136719
vt 0.984375 0.264648438
vt 0.978515625 0.275146484
vt 0.978515625 0.269775391
vt 0.976074219 0.275146484
vt 0.976074219 0.280273438
vt 0.976074219 0.270019531
vt 0.976074219 0.265136719
vt 0.979003906 0.264648438
vt 0.984863281 0.260742188
vt 0.976074219 0.261474609
vt 0.979003906 0.260742188
vt 0.280761719 0.53515625
vt 0.281005859 0.530761719
vt 0.280517578 0.530761719
vt 0.280273438 0.53515625
vt 0.281005859 0.540039062
vt 0.280517578 0.540039062
vt 0.284423828 0.525390625
vt 0.283935547 0.521484375
vt 0.283935547 0.525390625
vt 0.284423828 0.521484375
vt 0.283935547 0.517089844
vt 0.284423828 0.517089844
vt 0.283935547 0.512695312
vt 0.284423828 0.512695312
vt 0.283935547 0.508789062
vt 0.284423828 0.508789062
vt 0.282958984 0.716796875
vt 0.282470703 0.720703125
vt 0.283447266 0.717285156
vt 0.281982422 0.720703125
vt 0.281982422 0.725097656
vt 0.281494141 0.725097656
vt 0.282470703 0.729492188
vt 0.281982422 0.729492188
vt 0.283447266 0.733398438
vt 0.282958984 0.733398438
vt 0.28515625 0.736328125
vt 0.284667969 0.736328125
vt 0.880371094 0.928710938
vt 0.877929688 0.925292969
vt 0.877441406 0.92578125
vt 0.879882812 0.929199219
vt 0.285644531 0.481201172
vt 0.286132812 0.484375
vt 0.286132812 0.481445312
vt 0.285644531 0.484375
vt 0.286132812 0.48828125
vt 0.285644531 0.48828125
vt 0.286132812 0.492431641
vt 0.285644531 0.492431641
vt 0.286132812 0.496826172
vt 0.285644531 0.496826172
vt 0.286132812 0.500488281
vt 0.285644531 0.500976562
vt 0.284423828 0.508789062
vt 0.284423828 0.505371094
vt 0.283935547 0.505859375
vt 0.283935547 0.508789062
vt 0.880859375 0.94140625
vt 0.881835938 0.937011719
vt 0.881347656 0.937011719
vt 0.880371094 0.940917969
vt 0.284667969 0.713867188
vt 0.282958984 0.716796875
vt 0.283447266 0.717285156
vt 0.28515625 0.713867188
vt 0.859863281 0.946289062
vt 0.856933594 0.942382812
vt 0.854980469 0.943359375
vt 0.857910156 0.947265625
vt 0.983886719 0.247924805
vt 0.984375 0.242675781
vt 0.981445312 0.24230957
vt 0.982910156 0.237304688
vt 0.976074219 0.24230957
vt 0.977539062 0.237304688
vt 0.985351562 0.237915039
vt 0.984863281 0.233398438
vt 0.987304688 0.234130859
vt 0.987304688 0.26171875
vt 0.982910156 0.258544922
vt 0.984863281 0.262451172
vt 0.985351562 0.2578125
vt 0.981445312 0.253417969
vt 0.977539062 0.258544922
vt 0.984375 0.253173828
vt 0.976074219 0.253417969
vt 0.980957031 0.247924805
vt 0.983886719 0.247924805
vt 0.975585938 0.247924805
vt 0.981445312 0.24230957
vt 0.976074219 0.24230957
vt 0.505371094 0.854003906
vt 0.525390625 0.848144531
vt 0.508300781 0.720703125
vt 0.496582031 0.724121094
vt 0.508300781 0.716308594
vt 0.492919922 0.725097656
vt 0.501953125 0.854980469
vt 0.492919922 0.720214844
vt 0.496582031 0.719726562
vt 0.509277344 0.7109375
vt 0.493408203 0.715332031
vt 0.497314453 0.714355469
vt 0.510742188 0.705566406
vt 0.494384766 0.709960938
vt 0.498291016 0.708984375
vt 0.512695312 0.700683594
vt 0.495605469 0.705566406
vt 0.499755859 0.704589844
vt 0.515136719 0.698242188
vt 0.499511719 0.697265625
vt 0.502929688 0.697753906
vt 0.517089844 0.696289062
vt 0.507324219 0.69140625
vt 0.509277344 0.692382812
vt 0.520019531 0.694335938
vt 0.516601562 0.688964844
vt 0.522949219 0.693359375
vt 0.524902344 0.689941406
vt 0.515625 0.6875
vt 0.524902344 0.689941406
vt 0.525390625 0.688964844
vt 0.572265625 0.362304688
vt 0.572265625 0.37109375
vt 0.575195312 0.370605469
vt 0.575195312 0.361816406
vt 0.572265625 0.353271484
vt 0.578125 0.369140625
vt 0.575195312 0.352783203
vt 0.577636719 0.361572266
vt 0.581542969 0.3671875
vt 0.578125 0.353759766
vt 0.581542969 0.361328125
vt 0.584960938 0.364990234
vt 0.581542969 0.35546875
vt 0.584960938 0.361328125
vt 0.584960938 0.357666016
vt 0.674316406 0.970214844
vt 0.677734375 0.971679688
vt 0.684082031 0.971679688
vt 0.672851562 0.966308594
vt 0.672851562 0.9453125
vt 0.684082031 0.9453125
vt 0.696777344 0.9453125
vt 0.696777344 0.966308594
vt 0.694824219 0.970214844
vt 0.69140625 0.971679688
vt 0.0642089844 0.787109375
vt 0.0521240234 0.78515625
vt 0.0559082031 0.9140625
vt 0.0647583008 0.9140625
vt 0.0762939453 0.78515625
vt 0.056060791 0.918457031
vt 0.0736694336 0.9140625
vt 0.0648193359 0.918457031
vt 0.0562133789 0.923339844
vt 0.0736083984 0.918457031
vt 0.0648803711 0.923339844
vt 0.0563354492 0.927734375
vt 0.0736083984 0.923339844
vt 0.0650024414 0.927734375
vt 0.0564575195 0.931640625
vt 0.0736083984 0.927734375
vt 0.0650634766 0.931640625
vt 0.0736694336 0.931640625
vt 0.853027344 0.961914062
vt 0.854492188 0.952636719
vt 0.850585938 0.951171875
vt 0.850097656 0.961425781
vt 0.849121094 0.971191406
vt 0.847167969 0.961425781
vt 0.847167969 0.951171875
vt 0.84375 0.961425781
vt 0.843261719 0.951171875
vt 0.83984375 0.952636719
vt 0.176391602 0.791503906
vt 0.169067383 0.783203125
vt 0.172973633 0.791503906
vt 0.182617188 0.796386719
vt 0.180541992 0.797363281
vt 0.188842773 0.80078125
vt 0.189819336 0.799804688
vt 0.564941406 0.926269531
vt 0.568847656 0.793945312
vt 0.565429688 0.794433594
vt 0.561523438 0.926269531
vt 0.564941406 0.930664062
vt 0.557128906 0.926269531
vt 0.558105469 0.795898438
vt 0.561035156 0.930664062
vt 0.564453125 0.936035156
vt 0.553222656 0.926269531
vt 0.55078125 0.794433594
vt 0.553222656 0.930664062
vt 0.557128906 0.931152344
vt 0.553222656 0.936035156
vt 0.557128906 0.936035156
vt 0.553222656 0.940917969
vt 0.561035156 0.936035156
vt 0.564453125 0.940917969
vt 0.557128906 0.940917969
vt 0.553222656 0.944824219
vt 0.561035156 0.940917969
vt 0.564453125 0.944824219
vt 0.557128906 0.944824219
vt 0.561035156 0.944824219
vt 0.564453125 0.951660156
vt 0.560546875 0.952148438
vt 0.557128906 0.952148438
vt 0.553222656 0.952148438
vt 0.549804688 0.944824219
vt 0.549316406 0.951660156
vt 0.549804688 0.940917969
vt 0.549804688 0.944824219
vt 0.553222656 0.944824219
vt 0.553222656 0.940917969
vt 0.549804688 0.936035156
vt 0.553222656 0.936035156
vt 0.549804688 0.930664062
vt 0.553222656 0.930664062
vt 0.549804688 0.926269531
vt 0.553222656 0.926269531
vt 0.546875 0.793945312
vt 0.55078125 0.794433594
vt 0.193359375 0.794433594
vt 0.189819336 0.799804688
vt 0.198364258 0.798339844
vt 0.190185547 0.792480469
vt 0.182617188 0.796386719
vt 0.188232422 0.791015625
vt 0.176391602 0.791503906
vt 0.186279297 0.788085938
vt 0.173095703 0.784179688
vt 0.169067383 0.783203125
vt 0.184082031 0.783691406
vt 0.167724609 0.778808594
vt 0.171630859 0.780273438
vt 0.182373047 0.778320312
vt 0.166748047 0.773925781
vt 0.170654297 0.774902344
vt 0.181518555 0.772949219
vt 0.166259766 0.768554688
vt 0.170043945 0.76953125
vt 0.181518555 0.768554688
vt 0.166259766 0.763671875
vt 0.170043945 0.765136719
vt 0.198852539 0.640136719
vt 0.175170898 0.633300781
vt 0.179077148 0.634277344
vt 0.588867188 0.363769531
vt 0.589355469 0.362060547
vt 0.589355469 0.360595703
vt 0.588867188 0.357666016
vt 0.589355469 0.359130859
vt 0.588378906 0.364501953
vt 0.588378906 0.357177734
vt 0.584960938 0.364990234
vt 0.584960938 0.357666016
vt 0.188842773 0.80078125
vt 0.198852539 0.799316406
vt 0.198364258 0.798339844
vt 0.8515625 0.971191406
vt 0.848632812 0.980957031
vt 0.850097656 0.98046875
vt 0.849121094 0.971191406
vt 0.847167969 0.980957031
vt 0.847167969 0.971191406
vt 0.845703125 0.980957031
vt 0.844726562 0.971191406
vt 0.844238281 0.98046875
vt 0.842285156 0.971191406
vt 0.281005859 0.416748047
vt 0.280517578 0.416748047
vt 0.280029297 0.420654297
vt 0.280517578 0.420654297
vt 0.280029297 0.425048828
vt 0.280517578 0.425048828
vt 0.280029297 0.4296875
vt 0.280517578 0.4296875
vt 0.279785156 0.439697266
vt 0.280273438 0.435791016
vt 0.279785156 0.435791016
vt 0.280273438 0.439941406
vt 0.279785156 0.444091797
vt 0.280273438 0.444091797
vt 0.279785156 0.448486328
vt 0.280273438 0.448242188
vt 0.280273438 0.447998047
vt 0.280761719 0.443603516
vt 0.280273438 0.443603516
vt 0.280761719 0.447998047
vt 0.280517578 0.452148438
vt 0.281005859 0.451904297
vt 0.280517578 0.455322266
vt 0.281005859 0.455078125
vt 0.279785156 0.435791016
vt 0.280273438 0.435791016
vt 0.280273438 0.432617188
vt 0.279785156 0.432617188
vt 0.280273438 0.443603516
vt 0.280761719 0.443603516
vt 0.280761719 0.439453125
vt 0.280273438 0.439208984
vt 0.281005859 0.435546875
vt 0.280517578 0.435302734
vt 0.281005859 0.432373047
vt 0.280517578 0.432128906
vt 0.280273438 0.469482422
vt 0.279785156 0.469726562
vt 0.279785156 0.473632812
vt 0.280273438 0.473632812
vt 0.279785156 0.478027344
vt 0.280273438 0.478027344
vt 0.279785156 0.482177734
vt 0.280273438 0.482177734
vt 0.279785156 0.486083984
vt 0.279785156 0.452148438
vt 0.280273438 0.452148438
vt 0.280273438 0.448242188
vt 0.279785156 0.448486328
vt 0.280517578 0.4296875
vt 0.280029297 0.4296875
vt 0.280517578 0.43359375
vt 0.281005859 0.43359375
vt 0.280273438 0.482177734
vt 0.279785156 0.486083984
vt 0.280273438 0.486328125
vt 0.279785156 0.489257812
vt 0.280273438 0.489257812
vt 0.163208008 0.9609375
vt 0.166259766 0.955566406
vt 0.163696289 0.956542969
vt 0.165649414 0.960449219
vt 0.162963867 0.965820312
vt 0.171875 0.955566406
vt 0.165527344 0.965820312
vt 0.163208008 0.971191406
vt 0.171264648 0.960449219
vt 0.165649414 0.971191406
vt 0.163696289 0.975585938
vt 0.166259766 0.976074219
vt 0.171142578 0.965820312
vt 0.171264648 0.971191406
vt 0.171875 0.976074219
vt 0.174682617 0.975585938
vt 0.175537109 0.979492188
vt 0.174194336 0.971191406
vt 0.174072266 0.965820312
vt 0.174194336 0.9609375
vt 0.174682617 0.956054688
vt 0.172729492 0.952148438
vt 0.175537109 0.952636719
vt 0.23046875 0.947265625
vt 0.227539062 0.950195312
vt 0.23034668 0.950683594
vt 0.227661133 0.946289062
vt 0.221679688 0.950195312
vt 0.221801758 0.946289062
vt 0.218994141 0.947265625
vt 0.21887207 0.950683594
vt 0.599609375 0.358154297
vt 0.602539062 0.357910156
vt 0.602539062 0.353027344
vt 0.599609375 0.353515625
vt 0.588867188 0.357910156
vt 0.591308594 0.352783203
vt 0.588867188 0.353271484
vt 0.591796875 0.357421875
vt 0.588867188 0.362792969
vt 0.591796875 0.362792969
vt 0.597167969 0.352783203
vt 0.597167969 0.357421875
vt 0.59765625 0.362792969
vt 0.600097656 0.357666016
vt 0.600097656 0.353271484
vt 0.600097656 0.362792969
vt 0.600097656 0.367919922
vt 0.59765625 0.368164062
vt 0.599609375 0.36328125
vt 0.602539062 0.357910156
vt 0.599609375 0.358154297
vt 0.602539062 0.36328125
vt 0.599609375 0.368408203
vt 0.602539062 0.368652344
vt 0.599609375 0.372802734
vt 0.602539062 0.373535156
vt 0.608398438 0.368652344
vt 0.608398438 0.36328125
vt 0.608398438 0.357910156
vt 0.610839844 0.368408203
vt 0.610839844 0.372802734
vt 0.610839844 0.36328125
vt 0.610839844 0.358154297
vt 0.608398438 0.353027344
vt 0.602539062 0.353027344
vt 0.600097656 0.376464844
vt 0.602539062 0.373535156
vt 0.599609375 0.372802734
vt 0.602539062 0.377197266
vt 0.608398438 0.373535156
vt 0.608398438 0.377197266
vt 0.608398438 0.368652344
vt 0.610839844 0.372802734
vt 0.588867188 0.367919922
vt 0.591796875 0.362792969
vt 0.588867188 0.362792969
vt 0.591796875 0.368164062
vt 0.59765625 0.362792969
vt 0.588867188 0.372558594
vt 0.59765625 0.368164062
vt 0.591796875 0.373046875
vt 0.588867188 0.376464844
vt 0.591308594 0.377197266
vt 0.597167969 0.373046875
vt 0.597167969 0.377197266
vt 0.600097656 0.376464844
vt 0.600097656 0.372558594
vt 0.600097656 0.367919922
vt 0.280273438 0.470703125
vt 0.279785156 0.466796875
vt 0.279785156 0.470703125
vt 0.280273438 0.466796875
vt 0.279785156 0.462402344
vt 0.280273438 0.462402344
vt 0.279785156 0.458251953
vt 0.280273438 0.458007812
vt 0.279785156 0.454345703
vt 0.280273438 0.454101562
vt 0.279785156 0.451171875
vt 0.280273438 0.450927734
vt 0.284423828 0.487304688
vt 0.284667969 0.491210938
vt 0.284912109 0.487304688
vt 0.284179688 0.490966797
vt 0.284423828 0.495361328
vt 0.283935547 0.495361328
vt 0.284667969 0.499511719
vt 0.284179688 0.499511719
vt 0.284912109 0.503417969
vt 0.284423828 0.503417969
vt 0.285644531 0.506347656
vt 0.28515625 0.506835938
vt 0.280761719 0.457275391
vt 0.281005859 0.453857422
vt 0.280517578 0.454101562
vt 0.280273438 0.457275391
vt 0.280761719 0.461181641
vt 0.280273438 0.461181641
vt 0.280761719 0.465576172
vt 0.280273438 0.465576172
vt 0.280761719 0.469970703
vt 0.280273438 0.469970703
vt 0.284667969 0.524414062
vt 0.28515625 0.528320312
vt 0.28515625 0.524414062
vt 0.284667969 0.528320312
vt 0.28515625 0.532226562
vt 0.284667969 0.532226562
vt 0.284667969 0.532226562
vt 0.28515625 0.536621094
vt 0.28515625 0.532226562
vt 0.284667969 0.536621094
vt 0.28515625 0.540527344
vt 0.284667969 0.540527344
vt 0.281005859 0.473632812
vt 0.280761719 0.469970703
vt 0.280273438 0.469970703
vt 0.280517578 0.473632812
vt 0.28515625 0.484130859
vt 0.284423828 0.487304688
vt 0.284912109 0.487304688
vt 0.285644531 0.484375
vt 0.21887207 0.965820312
vt 0.21887207 0.970703125
vt 0.221679688 0.971191406
vt 0.221679688 0.966308594
vt 0.21875 0.9609375
vt 0.221557617 0.9609375
vt 0.21887207 0.955566406
vt 0.221679688 0.955078125
vt 0.21887207 0.950683594
vt 0.221679688 0.950195312
vt 0.227539062 0.950195312
vt 0.227416992 0.955078125
vt 0.23034668 0.950683594
vt 0.23034668 0.955566406
vt 0.227416992 0.9609375
vt 0.23034668 0.9609375
vt 0.227416992 0.966308594
vt 0.23034668 0.965820312
vt 0.227539062 0.971191406
vt 0.221801758 0.975097656
vt 0.23034668 0.970703125
vt 0.227661133 0.975097656
vt 0.252197266 0.842285156
vt 0.229003906 0.848144531
vt 0.238647461 0.95703125
vt 0.252197266 0.953613281
vt 0.23840332 0.9609375
vt 0.251953125 0.957519531
vt 0.236938477 0.965820312
vt 0.250732422 0.962402344
vt 0.234619141 0.970214844
vt 0.249145508 0.966796875
vt 0.231811523 0.974121094
vt 0.247192383 0.970703125
vt 0.229248047 0.9765625
vt 0.242797852 0.977050781
vt 0.708984375 0.366210938
vt 0.708984375 0.374511719
vt 0.711914062 0.375732422
vt 0.711914062 0.367431641
vt 0.708984375 0.358398438
vt 0.71484375 0.375488281
vt 0.711914062 0.359619141
vt 0.714355469 0.368408203
vt 0.71875 0.374023438
vt 0.71484375 0.361572266
vt 0.71875 0.368896484
vt 0.722167969 0.372070312
vt 0.71875 0.363525391
vt 0.722167969 0.368896484
vt 0.722167969 0.365478516
vt -0.00160980225 0.791992188
vt 0.00791168213 0.786132812
vt 0.00657272339 0.783691406
vt 2.56299973E-06 0.794433594
vt 0.00939178467 0.788085938
vt 0.0178222656 0.78125
vt 0.0193939209 0.782714844
vt 0.0117263794 0.790039062
vt 0.00477600098 0.798828125
vt 0.00167274475 0.796875
vt 0.00152873993 0.807128906
vt -0.00173282623 0.805664062
vt 0.318603516 0.954589844
vt 0.318603516 0.976074219
vt 0.319824219 0.979980469
vt 0.323242188 0.981933594
vt 0.330078125 0.954589844
vt 0.330078125 0.981933594
vt 0.0090713501 0.798339844
vt 0.0214691162 0.794433594
vt 0.0228271484 0.791015625
vt 0.0145263672 0.791015625
vt 0.0252227783 0.787597656
vt 0.020980835 0.784179688
vt 0.0117263794 0.790039062
vt 0.00477600098 0.798828125
vt 0.0193939209 0.782714844
vt 0.0291137695 0.780761719
vt 0.0293273926 0.779296875
vt 0.00624084473 0.805664062
vt 0.00152873993 0.807128906
vt 0.00525665283 0.809570312
vt 0.000629425049 0.811035156
vt 0.00470733643 0.814453125
vt 0.000151515007 0.815917969
vt 0.00466918945 0.818847656
vt 0.000164985657 0.8203125
vt 0.00513458252 0.822753906
vt 0.000665664673 0.82421875
vt 0.0293273926 0.9296875
vt 0.0247955322 0.930664062
vt 0.153686523 0.930175781
vt 0.165893555 0.932128906
vt 0.163085938 0.803710938
vt 0.154174805 0.803710938
vt 0.141601562 0.932128906
vt 0.162963867 0.799316406
vt 0.145263672 0.803710938
vt 0.154174805 0.799316406
vt 0.162963867 0.794433594
vt 0.145385742 0.799316406
vt 0.154296875 0.794433594
vt 0.162963867 0.789550781
vt 0.145507812 0.794433594
vt 0.154296875 0.790039062
vt 0.163085938 0.786132812
vt 0.145629883 0.789550781
vt 0.154418945 0.786132812
vt 0.145751953 0.786132812
vt 0.443115234 0.961914062
vt 0.453613281 0.962402344
vt 0.453613281 0.933105469
vt 0.443115234 0.938476562
vt 0.444335938 0.934570312
vt 0.447509766 0.932617188
vt 0.353027344 0.9140625
vt 0.344970703 0.907714844
vt 0.343017578 0.909179688
vt 0.3515625 0.916015625
vt 0.326416016 0.931152344
vt 0.329345703 0.799316406
vt 0.325683594 0.799804688
vt 0.322753906 0.931152344
vt 0.326171875 0.935546875
vt 0.318603516 0.931152344
vt 0.318359375 0.801269531
vt 0.322753906 0.935546875
vt 0.326171875 0.940429688
vt 0.314697266 0.931152344
vt 0.311035156 0.799804688
vt 0.314697266 0.935546875
vt 0.318603516 0.935546875
vt 0.314941406 0.940429688
vt 0.318847656 0.940917969
vt 0.314941406 0.9453125
vt 0.322509766 0.940429688
vt 0.326171875 0.9453125
vt 0.318847656 0.9453125
vt 0.322509766 0.9453125
vt 0.326171875 0.94921875
vt 0.314941406 0.94921875
vt 0.311279297 0.9453125
vt 0.318847656 0.94921875
vt 0.314941406 0.956542969
vt 0.318847656 0.956054688
vt 0.322509766 0.94921875
vt 0.326171875 0.956054688
vt 0.322509766 0.956542969
vt 0.353027344 0.9140625
vt 0.3515625 0.916015625
vt 0.360839844 0.920410156
vt 0.361572266 0.918945312
vt 0.00657272339 0.783691406
vt 0.0166778564 0.779296875
vt 0.0157012939 0.777832031
vt 0.00791168213 0.786132812
vt 0.0178222656 0.78125
vt 0.584960938 0.374755859
vt 0.584960938 0.370361328
vt 0.581542969 0.370361328
vt 0.581054688 0.37109375
vt 0.584960938 0.37890625
vt 0.580566406 0.372802734
vt 0.580566406 0.374511719
vt 0.581542969 0.37890625
vt 0.580566406 0.376464844
vt 0.581054688 0.378173828
vt 0.361572266 0.918945312
vt 0.360839844 0.920410156
vt 0.371826172 0.919921875
vt 0.371826172 0.918945312
vt 0.0178222656 0.78125
vt 0.0193939209 0.782714844
vt 0.0293273926 0.779296875
vt 0.0288391113 0.777832031
vt 0.0166778564 0.779296875
vt 0.0281219482 0.776855469
vt 0.0157012939 0.777832031
vt 0.0274963379 0.775878906
vt 0.284423828 0.656738281
vt 0.280761719 0.661621094
vt 0.280761719 0.665527344
vt 0.284423828 0.667480469
vt 0.286132812 0.499755859
vt 0.285644531 0.499755859
vt 0.285644531 0.503417969
vt 0.286132812 0.503417969
vt 0.282470703 0.655273438
vt 0.281738281 0.650878906
vt 0.28125 0.651367188
vt 0.282958984 0.654785156
vt 0.284179688 0.658203125
vt 0.284667969 0.658203125
vt 0.675292969 0.923828125
vt 0.677734375 0.919921875
vt 0.677734375 0.919921875
vt 0.67578125 0.923828125
vt 0.674316406 0.927734375
vt 0.674804688 0.927734375
vt 0.674316406 0.932128906
vt 0.286132812 0.503417969
vt 0.285644531 0.503417969
vt 0.285644531 0.5078125
vt 0.286132812 0.5078125
vt 0.285644531 0.512207031
vt 0.286132812 0.512207031
vt 0.285644531 0.516113281
vt 0.286132812 0.516113281
vt 0.285644531 0.51953125
vt 0.286132812 0.51953125
vt 0.28125 0.651367188
vt 0.281738281 0.650878906
vt 0.281494141 0.646972656
vt 0.280761719 0.646972656
vt 0.281738281 0.642578125
vt 0.28125 0.642578125
vt 0.282958984 0.638671875
vt 0.282470703 0.638671875
vt 0.284667969 0.635742188
vt 0.284179688 0.635742188
vt 0.279785156 0.526367188
vt 0.280273438 0.525878906
vt 0.280273438 0.522949219
vt 0.279785156 0.522949219
vt 0.280273438 0.519042969
vt 0.279785156 0.519042969
vt 0.279785156 0.519042969
vt 0.280273438 0.519042969
vt 0.280273438 0.515136719
vt 0.279785156 0.515136719
vt 0.280273438 0.510742188
vt 0.279785156 0.510742188
vt 0.280273438 0.506835938
vt 0.279785156 0.506347656
vt 0.675292969 0.936523438
vt 0.67578125 0.936523438
vt 0.674804688 0.932128906
vt 0.674316406 0.932128906
vt 0.674804688 0.927734375
vt 0.315673828 0.973632812
vt 0.314208984 0.979003906
vt 0.316894531 0.978515625
vt 0.312744141 0.974121094
vt 0.315185547 0.968261719
vt 0.312255859 0.968261719
vt 0.307861328 0.974121094
vt 0.315673828 0.962890625
vt 0.307373047 0.968261719
vt 0.312744141 0.962890625
vt 0.316894531 0.958496094
vt 0.307861328 0.962890625
vt 0.314208984 0.957519531
vt 0.309326172 0.957519531
vt 0.696289062 0.940917969
vt 0.698242188 0.941894531
vt 0.701171875 0.9375
vt 0.698730469 0.937011719
vt 0.0780639648 0.984863281
vt 0.0753173828 0.989257812
vt 0.078125 0.98828125
vt 0.0753173828 0.985351562
vt 0.069519043 0.989257812
vt 0.0780639648 0.979980469
vt 0.069519043 0.985351562
vt 0.0752563477 0.98046875
vt 0.0780639648 0.975097656
vt 0.0752563477 0.975097656
vt 0.0694580078 0.98046875
vt 0.0667114258 0.979980469
vt 0.0667114258 0.984863281
vt 0.0667114258 0.975097656
vt 0.0694580078 0.975097656
vt 0.0753173828 0.969726562
vt 0.0162200928 0.98046875
vt 0.018951416 0.977539062
vt 0.0161437988 0.977050781
vt 0.01902771 0.981445312
vt 0.0247955322 0.977539062
vt 0.0248718262 0.981445312
vt 0.0276947021 0.98046875
vt 0.0276184082 0.977050781
vt 0.700195312 0.926757812
vt 0.701171875 0.921386719
vt 0.698730469 0.921386719
vt 0.702636719 0.926269531
vt 0.700195312 0.931640625
vt 0.702636719 0.932128906
vt 0.698730469 0.937011719
vt 0.701171875 0.9375
vt 0.319091797 0.954589844
vt 0.31640625 0.953613281
vt 0.314208984 0.957519531
vt 0.316894531 0.958496094
vt 0.0780639648 0.969726562
vt 0.0752563477 0.975097656
vt 0.0780639648 0.975097656
vt 0.0753173828 0.969726562
vt 0.078125 0.965332031
vt 0.0753173828 0.96484375
vt 0.069519043 0.969726562
vt 0.0694580078 0.975097656
vt 0.0667114258 0.969726562
vt 0.0667114258 0.975097656
vt 0.0667114258 0.965332031
vt 0.069519043 0.96484375
vt 0.0753173828 0.9609375
vt 0.069519043 0.9609375
vt 0.0160980225 0.961914062
vt 0.018951416 0.956542969
vt 0.0161437988 0.95703125
vt 0.0188903809 0.961425781
vt 0.0160827637 0.966796875
vt 0.0188751221 0.966796875
vt 0.0160980225 0.972167969
vt 0.0188903809 0.97265625
vt 0.0161437988 0.977050781
vt 0.018951416 0.977539062
vt 0.0247497559 0.97265625
vt 0.0247955322 0.977539062
vt 0.0276184082 0.977050781
vt 0.0275726318 0.972167969
vt 0.0247192383 0.966796875
vt 0.027557373 0.966796875
vt 0.0247497559 0.961425781
vt 0.0275726318 0.961914062
vt 0.0247955322 0.956542969
vt 0.0276184082 0.95703125
vt 0.0248718262 0.952636719
vt 0.01902771 0.952636719
vt 0.316894531 0.978515625
vt 0.31640625 0.982910156
vt 0.319091797 0.982421875
vt 0.314208984 0.979003906
vt 0.309326172 0.979003906
vt 0.312744141 0.974121094
vt 0.307861328 0.974121094
vt 0.280761719 0.625488281
vt 0.281738281 0.629882812
vt 0.28125 0.625488281
vt 0.28125 0.629882812
vt 0.283203125 0.633789062
vt 0.282714844 0.633789062
vt 0.285400391 0.63671875
vt 0.284912109 0.637207031
vt 0.279785156 0.495117188
vt 0.279785156 0.499267578
vt 0.280273438 0.499267578
vt 0.280273438 0.495117188
vt 0.279785156 0.491210938
vt 0.280273438 0.491210938
vt 0.279785156 0.488037109
vt 0.280273438 0.48828125
vt 0.961425781 0.343994141
vt 0.961425781 0.339355469
vt 0.9609375 0.339355469
vt 0.9609375 0.343994141
vt 0.960449219 0.348388672
vt 0.959960938 0.348388672
vt 0.958496094 0.352050781
vt 0.958007812 0.352050781
vt 0.279785156 0.499267578
vt 0.280273438 0.50390625
vt 0.280273438 0.499267578
vt 0.279785156 0.50390625
vt 0.280273438 0.5078125
vt 0.279785156 0.5078125
vt 0.280273438 0.541503906
vt 0.279785156 0.537597656
vt 0.279785156 0.541503906
vt 0.280273438 0.537597656
vt 0.279785156 0.533691406
vt 0.280273438 0.533691406
vt 0.284912109 0.613769531
vt 0.283203125 0.6171875
vt 0.285400391 0.613769531
vt 0.282714844 0.616699219
vt 0.281738281 0.62109375
vt 0.28125 0.62109375
vt 0.28125 0.625488281
vt 0.280761719 0.625488281
vt 0.961425781 0.339355469
vt 0.959960938 0.334960938
vt 0.9609375 0.339355469
vt 0.960449219 0.334960938
vt 0.958007812 0.331298828
vt 0.958496094 0.331054688
vt 0.280273438 0.533691406
vt 0.279785156 0.529296875
vt 0.279785156 0.533691406
vt 0.280273438 0.529296875
vt 0.279785156 0.525390625
vt 0.280273438 0.525390625
vt 0.612304688 0.356689453
vt 0.613769531 0.362060547
vt 0.616699219 0.361816406
vt 0.615234375 0.356445312
vt 0.610351562 0.352539062
vt 0.612792969 0.351806641
vt 0.619628906 0.356689453
vt 0.62109375 0.362304688
vt 0.9375 0.343505859
vt 0.9375 0.338134766
vt 0.934570312 0.337890625
vt 0.936035156 0.332519531
vt 0.938964844 0.332763672
vt 0.938476562 0.327880859
vt 0.94140625 0.328369141
vt 0.9375 0.343505859
vt 0.934570312 0.337890625
vt 0.934570312 0.34375
vt 0.938964844 0.348876953
vt 0.936035156 0.349365234
vt 0.94140625 0.353515625
vt 0.938476562 0.354248047
vt 0.612304688 0.373046875
vt 0.610351562 0.377685547
vt 0.612792969 0.378662109
vt 0.615234375 0.373535156
vt 0.613769531 0.367675781
vt 0.619628906 0.374023438
vt 0.6171875 0.37890625
vt 0.62109375 0.368164062
vt 0.616699219 0.367919922
vt 0.613769531 0.362060547
vt 0.62109375 0.362304688
vt 0.616699219 0.361816406
vt 0.0276184082 0.95703125
vt 0.0276947021 0.953613281
vt 0.0248718262 0.952636719
vt 0.0247955322 0.956542969
vt 0.514648438 0.845214844
vt 0.490722656 0.852539062
vt 0.500488281 0.957519531
vt 0.514648438 0.953125
vt 0.500488281 0.961425781
vt 0.514160156 0.95703125
vt 0.498779297 0.965820312
vt 0.513183594 0.961425781
vt 0.496337891 0.970703125
vt 0.511230469 0.966308594
vt 0.493408203 0.974609375
vt 0.509277344 0.970214844
vt 0.490966797 0.977050781
vt 0.504882812 0.9765625
vt 0.697265625 0.36328125
vt 0.700195312 0.370605469
vt 0.702148438 0.368408203
vt 0.700195312 0.362060547
vt 0.706054688 0.366210938
vt 0.704101562 0.361328125
vt 0.708007812 0.370361328
vt 0.705078125 0.374023438
vt 0.710449219 0.367431641
vt 0.709472656 0.364501953
vt 0.708496094 0.361816406
vt 0.470947266 0.766113281
vt 0.479492188 0.764648438
vt 0.470947266 0.764160156
vt 0.479492188 0.766113281
vt 0.48828125 0.764160156
vt 0.470703125 0.770019531
vt 0.48828125 0.766113281
vt 0.479492188 0.770019531
vt 0.470703125 0.774902344
vt 0.488037109 0.770019531
vt 0.479492188 0.774902344
vt 0.470458984 0.779785156
vt 0.488037109 0.774902344
vt 0.479248047 0.779785156
vt 0.470458984 0.784179688
vt 0.488037109 0.779785156
vt 0.479248047 0.784179688
vt 0.466796875 0.913085938
vt 0.48828125 0.784179688
vt 0.479003906 0.911132812
vt 0.490966797 0.913085938
vt 0.163574219 0.809570312
vt 0.165527344 0.8125
vt 0.173583984 0.803710938
vt 0.171875 0.801269531
vt 0.0994873047 0.963867188
vt 0.0994873047 0.992675781
vt 0.110351562 0.9921875
vt 0.110351562 0.969726562
vt 0.109008789 0.965332031
vt 0.105895996 0.963867188
vt 0.175415039 0.816894531
vt 0.187988281 0.811523438
vt 0.189331055 0.80859375
vt 0.180908203 0.809570312
vt 0.19152832 0.804199219
vt 0.187255859 0.802246094
vt 0.177978516 0.80859375
vt 0.171020508 0.817382812
vt 0.185668945 0.80078125
vt 0.1953125 0.797363281
vt 0.195556641 0.795898438
vt 0.172485352 0.823730469
vt 0.167602539 0.825195312
vt 0.171508789 0.827636719
vt 0.166748047 0.829101562
vt 0.170898438 0.83203125
vt 0.166137695 0.833496094
vt 0.170898438 0.8359375
vt 0.166137695 0.837402344
vt 0.171386719 0.839355469
vt 0.166625977 0.840820312
vt 0.195556641 0.930664062
vt 0.190795898 0.931640625
vt 0.298583984 0.956054688
vt 0.297119141 0.960449219
vt 0.297119141 0.982910156
vt 0.301757812 0.954101562
vt 0.308105469 0.982910156
vt 0.308105469 0.954589844
vt 0.700195312 0.370605469
vt 0.703125 0.377197266
vt 0.705078125 0.374023438
vt 0.702148438 0.368408203
vt 0.869628906 0.918457031
vt 0.861328125 0.911621094
vt 0.858886719 0.913574219
vt 0.867675781 0.920898438
vt 0.876953125 0.92578125
vt 0.877929688 0.923828125
vt 0.587402344 0.926269531
vt 0.590332031 0.793945312
vt 0.586425781 0.794921875
vt 0.583984375 0.926269531
vt 0.587402344 0.930664062
vt 0.580078125 0.926269531
vt 0.579101562 0.795898438
vt 0.583984375 0.930664062
vt 0.587402344 0.935546875
vt 0.576171875 0.926269531
vt 0.571777344 0.794921875
vt 0.568359375 0.793945312
vt 0.572265625 0.926269531
vt 0.576171875 0.930664062
vt 0.580078125 0.930664062
vt 0.576171875 0.936035156
vt 0.580078125 0.936035156
vt 0.576171875 0.940917969
vt 0.583984375 0.936035156
vt 0.587402344 0.940429688
vt 0.580078125 0.940917969
vt 0.576660156 0.944824219
vt 0.583984375 0.940917969
vt 0.587402344 0.944335938
vt 0.580078125 0.944824219
vt 0.576660156 0.952148438
vt 0.580566406 0.951660156
vt 0.583984375 0.944824219
vt 0.587890625 0.951660156
vt 0.583984375 0.952148438
vt 0.572753906 0.940429688
vt 0.572753906 0.944335938
vt 0.576660156 0.944824219
vt 0.576171875 0.940917969
vt 0.572753906 0.935546875
vt 0.576171875 0.936035156
vt 0.572753906 0.930664062
vt 0.576171875 0.930664062
vt 0.572265625 0.926269531
vt 0.576171875 0.926269531
vt 0.167602539 0.825195312
vt 0.171020508 0.817382812
vt 0.167480469 0.815429688
vt 0.1640625 0.823730469
vt 0.883300781 0.917480469
vt 0.888183594 0.923339844
vt 0.885742188 0.919921875
vt 0.879394531 0.921875
vt 0.879882812 0.914550781
vt 0.872070312 0.916992188
vt 0.877929688 0.912109375
vt 0.865234375 0.911132812
vt 0.875976562 0.909667969
vt 0.861816406 0.904296875
vt 0.873535156 0.905273438
vt 0.860351562 0.900390625
vt 0.871582031 0.899902344
vt 0.858886719 0.895507812
vt 0.870605469 0.895019531
vt 0.858398438 0.890625
vt 0.870605469 0.891113281
vt 0.858398438 0.886230469
vt 0.888671875 0.776855469
vt 0.8671875 0.769042969
vt 0.862792969 0.768554688
vt 0.854003906 0.885742188
vt 0.854003906 0.890136719
vt 0.854492188 0.895019531
vt 0.85546875 0.899902344
vt 0.856933594 0.903808594
vt 0.861328125 0.911621094
vt 0.869628906 0.918457031
vt 0.877929688 0.923828125
vt 0.888671875 0.924316406
vt 0.888183594 0.923339844
vt 0.171875 0.801269531
vt 0.182495117 0.796875
vt 0.181274414 0.794921875
vt 0.173583984 0.803710938
vt 0.183837891 0.798828125
vt 0.175292969 0.806152344
vt 0.165527344 0.8125
vt 0.185668945 0.80078125
vt 0.167480469 0.815429688
vt 0.177978516 0.80859375
vt 0.171020508 0.817382812
vt 0.577636719 0.370361328
vt 0.577148438 0.37109375
vt 0.576660156 0.372802734
vt 0.581054688 0.370605469
vt 0.576660156 0.374511719
vt 0.576660156 0.376464844
vt 0.581054688 0.374755859
vt 0.577148438 0.378173828
vt 0.577636719 0.37890625
vt 0.581054688 0.37890625
vt 0.877929688 0.923828125
vt 0.876953125 0.92578125
vt 0.888183594 0.92578125
vt 0.888671875 0.924316406
vt 0.183837891 0.798828125
vt 0.185668945 0.80078125
vt 0.195556641 0.795898438
vt 0.194946289 0.793945312
vt 0.182495117 0.796875
vt 0.194091797 0.79296875
vt 0.181274414 0.794921875
vt 0.193237305 0.791503906
vt 0.700195312 0.357910156
vt 0.704101562 0.361328125
vt 0.708496094 0.361816406
vt 0.710449219 0.358398438
vt 0.192260742 0.939941406
vt 0.190673828 0.944335938
vt 0.191162109 0.944335938
vt 0.191772461 0.939941406
vt 0.192260742 0.935546875
vt 0.191772461 0.935546875
vt 0.191162109 0.931152344
vt 0.190673828 0.931152344
vt 0.188964844 0.927246094
vt 0.188598633 0.927246094
vt 0.285644531 0.482421875
vt 0.286132812 0.482177734
vt 0.286132812 0.479003906
vt 0.285644531 0.479248047
vt 0.285644531 0.479248047
vt 0.286132812 0.479003906
vt 0.286132812 0.475341797
vt 0.285644531 0.475341797
vt 0.286132812 0.470947266
vt 0.285644531 0.470947266
vt 0.286132812 0.466552734
vt 0.285644531 0.466552734
vt 0.286132812 0.462890625
vt 0.285644531 0.462646484
vt 0.280761719 0.488525391
vt 0.280517578 0.4921875
vt 0.281005859 0.492431641
vt 0.280273438 0.48828125
vt 0.280761719 0.484130859
vt 0.280273438 0.484130859
vt 0.280761719 0.479736328
vt 0.280273438 0.479736328
vt 0.280761719 0.475830078
vt 0.280273438 0.475830078
vt 0.281005859 0.472412109
vt 0.280517578 0.47265625
vt 0.186157227 0.924316406
vt 0.185668945 0.924316406
vt 0.188598633 0.927246094
vt 0.188964844 0.927246094
vt 0.8125 0.626953125
vt 0.814941406 0.623535156
vt 0.814453125 0.623535156
vt 0.812988281 0.627441406
vt 0.811523438 0.631347656
vt 0.812011719 0.631347656
vt 0.811523438 0.635742188
vt 0.812011719 0.635742188
vt 0.8125 0.640136719
vt 0.812988281 0.640136719
vt 0.814453125 0.643554688
vt 0.814941406 0.643554688
vt 0.281982422 0.684082031
vt 0.280517578 0.689453125
vt 0.283203125 0.688964844
vt 0.279296875 0.684082031
vt 0.281982422 0.678710938
vt 0.279296875 0.678710938
vt 0.283203125 0.673828125
vt 0.280517578 0.673339844
vt 0.285400391 0.669433594
vt 0.282714844 0.668457031
vt 0.168579102 0.928222656
vt 0.166137695 0.927734375
vt 0.164672852 0.933105469
vt 0.167236328 0.933105469
vt 0.164672852 0.938964844
vt 0.167236328 0.938476562
vt 0.297363281 0.958984375
vt 0.294677734 0.958496094
vt 0.294677734 0.963378906
vt 0.288818359 0.963378906
vt 0.288818359 0.958496094
vt 0.294433594 0.954589844
vt 0.288818359 0.954589844
vt 0.285888672 0.958984375
vt 0.286132812 0.963378906
vt 0.288818359 0.96875
vt 0.286132812 0.96875
vt 0.297363281 0.958984375
vt 0.294677734 0.963378906
vt 0.297363281 0.963378906
vt 0.294677734 0.96875
vt 0.297607422 0.96875
vt 0.288818359 0.96875
vt 0.288818359 0.963378906
vt 0.294677734 0.974121094
vt 0.297607422 0.973632812
vt 0.288818359 0.974121094
vt 0.286132812 0.96875
vt 0.286132812 0.973632812
vt 0.288818359 0.979003906
vt 0.294677734 0.979003906
vt 0.297363281 0.978515625
vt 0.294677734 0.982910156
vt 0.0166015625 0.977050781
vt 0.0138626099 0.981445312
vt 0.0166625977 0.98046875
vt 0.0137863159 0.977539062
vt 0.0165557861 0.972167969
vt 0.00807189941 0.981445312
vt 0.0137481689 0.97265625
vt 0.00799560547 0.977539062
vt 0.171142578 0.948242188
vt 0.172485352 0.952636719
vt 0.174560547 0.951660156
vt 0.168823242 0.94921875
vt 0.168579102 0.943847656
vt 0.166137695 0.944335938
vt 0.167236328 0.938476562
vt 0.164672852 0.938964844
vt 0.0165557861 0.967285156
vt 0.0137481689 0.97265625
vt 0.0165557861 0.972167969
vt 0.0137481689 0.967285156
vt 0.0166015625 0.961914062
vt 0.0079574585 0.97265625
vt 0.00799560547 0.977539062
vt 0.0137863159 0.961914062
vt 0.0166625977 0.957519531
vt 0.0138626099 0.95703125
vt 0.00518798828 0.972167969
vt 0.00522613525 0.977050781
vt 0.00518798828 0.967285156
vt 0.0079574585 0.967285156
vt 0.00522613525 0.961914062
vt 0.00799560547 0.961425781
vt 0.0052986145 0.957519531
vt 0.00807189941 0.95703125
vt 0.0139694214 0.953125
vt 0.00817871094 0.953125
vt 0.283203125 0.688964844
vt 0.280517578 0.689453125
vt 0.282714844 0.693847656
vt 0.285400391 0.693359375
vt 0.28515625 0.524414062
vt 0.285644531 0.528320312
vt 0.285644531 0.524414062
vt 0.28515625 0.528320312
vt 0.285644531 0.532714844
vt 0.28515625 0.532714844
vt 0.285644531 0.536621094
vt 0.442871094 0.947753906
vt 0.443359375 0.943359375
vt 0.442382812 0.947753906
vt 0.443847656 0.943359375
vt 0.443359375 0.938476562
vt 0.443847656 0.938476562
vt 0.282958984 0.711914062
vt 0.284667969 0.71484375
vt 0.28515625 0.71484375
vt 0.283447266 0.711914062
vt 0.281982422 0.708007812
vt 0.282470703 0.708007812
vt 0.281494141 0.703613281
vt 0.281982422 0.703613281
vt 0.281982422 0.69921875
vt 0.282470703 0.699707031
vt 0.282958984 0.6953125
vt 0.283447266 0.695800781
vt 0.28515625 0.532714844
vt 0.28515625 0.536621094
vt 0.285644531 0.536621094
vt 0.285644531 0.540527344
vt 0.28515625 0.540527344
vt 0.284423828 0.540527344
vt 0.283935547 0.536621094
vt 0.283935547 0.540527344
vt 0.284423828 0.536621094
vt 0.283935547 0.532714844
vt 0.284423828 0.532714844
vt 0.283935547 0.528320312
vt 0.284423828 0.528320312
vt 0.283935547 0.524414062
vt 0.284423828 0.524414062
vt 0.284667969 0.692382812
vt 0.282958984 0.6953125
vt 0.283447266 0.695800781
vt 0.28515625 0.692382812
vt 0.443847656 0.938476562
vt 0.442382812 0.934082031
vt 0.443359375 0.938476562
vt 0.442871094 0.93359375
vt 0.440429688 0.9296875
vt 0.440917969 0.9296875
vt 0.437744141 0.926757812
vt 0.438232422 0.926757812
vt 0.440917969 0.951660156
vt 0.442871094 0.947753906
vt 0.442382812 0.947753906
vt 0.440429688 0.951171875
vt 0.420898438 0.936035156
vt 0.422119141 0.930664062
vt 0.419189453 0.930175781
vt 0.421630859 0.925292969
vt 0.424316406 0.926269531
vt 0.427001953 0.982910156
vt 0.422119141 0.979980469
vt 0.424316406 0.983886719
vt 0.424804688 0.979492188
vt 0.420654297 0.974609375
vt 0.416992188 0.979980469
vt 0.423339844 0.974609375
vt 0.415527344 0.974609375
vt 0.420166016 0.969238281
vt 0.423095703 0.969238281
vt 0.415039062 0.969238281
vt 0.424804688 0.958984375
vt 0.427001953 0.955078125
vt 0.424316406 0.954589844
vt 0.422119141 0.958496094
vt 0.423339844 0.963867188
vt 0.420654297 0.963867188
vt 0.423095703 0.969238281
vt 0.420166016 0.969238281
vt 0.415039062 0.969238281
vt 0.415527344 0.963378906
vt 0.416992188 0.958496094
vt 0.419189453 0.930175781
vt 0.414550781 0.930664062
vt 0.413085938 0.936035156
vt 0.41796875 0.936035156
vt 0.420898438 0.936035156
vt 0.413085938 0.942382812
vt 0.420898438 0.94140625
vt 0.41796875 0.941894531
vt 0.414550781 0.948242188
vt 0.422119141 0.947265625
vt 0.419189453 0.947753906
vt 0.416992188 0.953125
vt 0.424316406 0.952148438
vt 0.421630859 0.953125
vt 0.892578125 0.165039062
vt 0.912597656 0.158691406
vt 0.89453125 0.0317993164
vt 0.8828125 0.0354614258
vt 0.89453125 0.0272674561
vt 0.879394531 0.0369262695
vt 0.888671875 0.166259766
vt 0.879394531 0.0323486328
vt 0.8828125 0.0309143066
vt 0.895507812 0.0218963623
vt 0.879882812 0.0270843506
vt 0.883789062 0.0256195068
vt 0.896972656 0.016494751
vt 0.880859375 0.0218811035
vt 0.884765625 0.020401001
vt 0.899414062 0.0119094849
vt 0.881835938 0.0175323486
vt 0.885742188 0.0160369873
vt 0.885742188 0.00923156738
vt 0.901367188 0.00924682617
vt 0.889160156 0.00897216797
vt 0.903320312 0.00759124756
vt 0.895996094 0.00388717651
vt 0.906738281 0.00630569458
vt 0.903320312 0.00106143951
vt 0.91015625 0.0060043335
vt 0.912109375 0.00254631042
vt 0.674316406 0.3671875
vt 0.674316406 0.375732422
vt 0.677246094 0.376708984
vt 0.677246094 0.367919922
vt 0.674316406 0.358642578
vt 0.6796875 0.375976562
vt 0.677246094 0.359619141
vt 0.6796875 0.368652344
vt 0.68359375 0.374511719
vt 0.6796875 0.361328125
vt 0.68359375 0.369140625
vt 0.687011719 0.372558594
vt 0.68359375 0.363525391
vt 0.687011719 0.369140625
vt 0.687011719 0.365478516
vt 0.524902344 0.951171875
vt 0.524902344 0.973144531
vt 0.526367188 0.977050781
vt 0.529785156 0.978515625
vt 0.537109375 0.951171875
vt 0.537109375 0.978515625
vt 0.54296875 0.978515625
vt 0.547363281 0.951171875
vt 0.546386719 0.9765625
vt 0.547363281 0.97265625
vt 0.0397949219 0.930175781
vt 0.0518493652 0.932128906
vt 0.0484619141 0.803710938
vt 0.0396118164 0.803710938
vt 0.0277557373 0.932128906
vt 0.0483398438 0.799316406
vt 0.0307617188 0.803710938
vt 0.0395812988 0.799316406
vt 0.048248291 0.794433594
vt 0.0308380127 0.799316406
vt 0.0395812988 0.794433594
vt 0.0481567383 0.789550781
vt 0.0308990479 0.794433594
vt 0.0395202637 0.789550781
vt 0.0480957031 0.785644531
vt 0.0309143066 0.789550781
vt 0.0394897461 0.785644531
vt 0.0308990479 0.785644531
vt 0.638671875 0.924316406
vt 0.638671875 0.915039062
vt 0.635253906 0.913574219
vt 0.635742188 0.923828125
vt 0.635253906 0.93359375
vt 0.637207031 0.934082031
vt 0.6328125 0.93359375
vt 0.632324219 0.923339844
vt 0.631347656 0.913085938
vt 0.630371094 0.93359375
vt 0.629394531 0.923828125
vt 0.627441406 0.913574219
vt 0.627929688 0.934082031
vt 0.624023438 0.915039062
vt 0.625976562 0.924316406
vt 0.528808594 0.8203125
vt 0.525390625 0.952636719
vt 0.529296875 0.952148438
vt 0.532226562 0.8203125
vt 0.528808594 0.815917969
vt 0.536621094 0.819824219
vt 0.536621094 0.950683594
vt 0.532714844 0.815429688
vt 0.528808594 0.810546875
vt 0.540527344 0.8203125
vt 0.543457031 0.952148438
vt 0.547363281 0.952636719
vt 0.543945312 0.8203125
vt 0.540527344 0.815429688
vt 0.543945312 0.815917969
vt 0.536621094 0.815429688
vt 0.540039062 0.810546875
vt 0.543945312 0.810546875
vt 0.532714844 0.810546875
vt 0.528808594 0.805664062
vt 0.536621094 0.810546875
vt 0.540039062 0.805664062
vt 0.543945312 0.805664062
vt 0.532714844 0.805664062
vt 0.528808594 0.801757812
vt 0.536621094 0.805664062
vt 0.540039062 0.801757812
vt 0.543945312 0.801757812
vt 0.536621094 0.801757812
vt 0.540039062 0.794433594
vt 0.536621094 0.794433594
vt 0.532714844 0.801757812
vt 0.528808594 0.794433594
vt 0.532714844 0.794433594
vt 0.622070312 0.918457031
vt 0.625976562 0.924316406
vt 0.624023438 0.915039062
vt 0.624511719 0.926269531
vt 0.626464844 0.934570312
vt 0.627929688 0.934082031
vt 0.543945312 0.801757812
vt 0.543945312 0.794433594
vt 0.540039062 0.794433594
vt 0.540039062 0.801757812
vt 0.280273438 0.903808594
vt 0.284912109 0.908691406
vt 0.282714844 0.905273438
vt 0.276855469 0.908691406
vt 0.27734375 0.901367188
vt 0.269775391 0.904785156
vt 0.275390625 0.898925781
vt 0.263671875 0.898925781
vt 0.2734375 0.896484375
vt 0.260009766 0.892089844
vt 0.271240234 0.892089844
vt 0.258544922 0.887695312
vt 0.26953125 0.88671875
vt 0.257568359 0.8828125
vt 0.268554688 0.881347656
vt 0.256835938 0.877441406
vt 0.268554688 0.876953125
vt 0.256835938 0.873046875
vt 0.285400391 0.753417969
vt 0.265380859 0.746582031
vt 0.261230469 0.74609375
vt 0.252685547 0.872558594
vt 0.252685547 0.876953125
vt 0.253417969 0.881835938
vt 0.254394531 0.887207031
vt 0.255859375 0.891113281
vt 0.259765625 0.899414062
vt 0.267333984 0.90625
vt 0.275634766 0.910644531
vt 0.285400391 0.91015625
vt 0.284912109 0.908691406
vt 0.577148438 0.370361328
vt 0.573730469 0.370605469
vt 0.572753906 0.371337891
vt 0.572753906 0.372802734
vt 0.577148438 0.374755859
vt 0.572265625 0.374755859
vt 0.572753906 0.376464844
vt 0.577148438 0.37890625
vt 0.572753906 0.378173828
vt 0.573730469 0.37890625
vt 0.90234375 -0.000130534172
vt 0.903320312 0.00106143951
vt 0.912109375 0.00254631042
vt 0.912597656 0.00172710419
vt 0.637207031 0.934082031
vt 0.6328125 0.943847656
vt 0.633789062 0.943847656
vt 0.635253906 0.93359375
vt 0.631347656 0.943847656
vt 0.6328125 0.93359375
vt 0.629882812 0.943847656
vt 0.630371094 0.93359375
vt 0.627929688 0.943359375
vt 0.627929688 0.934082031
vt 0.284667969 0.525390625
vt 0.28515625 0.524902344
vt 0.28515625 0.520996094
vt 0.284667969 0.520996094
vt 0.28515625 0.516601562
vt 0.284667969 0.516601562
vt 0.28515625 0.512695312
vt 0.284667969 0.512695312
vt 0.28515625 0.508789062
vt 0.284667969 0.508789062
vt 0.28515625 0.505859375
vt 0.284667969 0.505371094
vt 0.280517578 0.4140625
vt 0.280517578 0.418212891
vt 0.281005859 0.418212891
vt 0.280029297 0.4140625
vt 0.280273438 0.409667969
vt 0.279785156 0.409667969
vt 0.280517578 0.405029297
vt 0.280029297 0.405029297
vt 0.281005859 0.400878906
vt 0.280517578 0.400878906
vt 0.280273438 0.529296875
vt 0.280761719 0.529296875
vt 0.280761719 0.526367188
vt 0.280273438 0.526367188
vt 0.280761719 0.522460938
vt 0.280273438 0.522460938
vt 0.280761719 0.518066406
vt 0.280273438 0.518066406
vt 0.280761719 0.513671875
vt 0.280273438 0.513671875
vt 0.280761719 0.509765625
vt 0.280273438 0.509765625
vt 0.0766601562 0.791015625
vt 0.0771484375 0.791015625
vt 0.0779418945 0.787109375
vt 0.0763549805 0.795410156
vt 0.0768432617 0.795410156
vt 0.0766601562 0.799316406
vt 0.0771484375 0.799316406
vt 0.0774536133 0.803222656
vt 0.0779418945 0.803222656
vt 0.0787963867 0.806640625
vt 0.079284668 0.806152344
vt 0.0766601562 0.791015625
vt 0.0779418945 0.787109375
vt 0.0774536133 0.787109375
vt 0.079284668 0.784179688
vt 0.0787963867 0.784179688
vt 0.0631103516 0.984863281
vt 0.060333252 0.989257812
vt 0.0631713867 0.98828125
vt 0.060333252 0.985351562
vt 0.0545043945 0.989257812
vt 0.0631103516 0.979980469
vt 0.0545043945 0.985351562
vt 0.060333252 0.979980469
vt 0.0631103516 0.974609375
vt 0.060333252 0.974609375
vt 0.0631103516 0.969726562
vt 0.0545043945 0.979980469
vt 0.060333252 0.969238281
vt 0.0631713867 0.96484375
vt 0.0545043945 0.974609375
vt 0.0545043945 0.969238281
vt 0.0516967773 0.969726562
vt 0.0516967773 0.974609375
vt 0.0516967773 0.979980469
vt 0.0516967773 0.984863281
vt 0.464355469 0.957519531
vt 0.461425781 0.960449219
vt 0.464355469 0.9609375
vt 0.461425781 0.956542969
vt 0.455566406 0.960449219
vt 0.455810547 0.956542969
vt 0.372802734 0.956054688
vt 0.369384766 0.961425781
vt 0.372314453 0.961425781
vt 0.369628906 0.966796875
vt 0.372802734 0.966308594
vt 0.364257812 0.966796875
vt 0.370849609 0.971679688
vt 0.373779297 0.971191406
vt 0.372558594 0.976074219
vt 0.375244141 0.975097656
vt 0.365478516 0.972167969
vt 0.362060547 0.966796875
vt 0.36328125 0.971191406
vt 0.361816406 0.961425781
vt 0.364013672 0.961425781
vt 0.402587891 0.959472656
vt 0.405761719 0.954589844
vt 0.403320312 0.955078125
vt 0.405029297 0.959472656
vt 0.40234375 0.96484375
vt 0.404785156 0.96484375
vt 0.411376953 0.954589844
vt 0.410644531 0.959472656
vt 0.410400391 0.96484375
vt 0.413574219 0.959472656
vt 0.414306641 0.955078125
vt 0.412353516 0.950683594
vt 0.415283203 0.951171875
vt 0.413330078 0.96484375
vt 0.413574219 0.969726562
vt 0.410644531 0.970214844
vt 0.375244141 0.947753906
vt 0.372558594 0.946777344
vt 0.370849609 0.950683594
vt 0.373779297 0.951171875
vt 0.369628906 0.955566406
vt 0.372802734 0.956054688
vt 0.369384766 0.961425781
vt 0.364257812 0.955566406
vt 0.365478516 0.950683594
vt 0.36328125 0.951171875
vt 0.362060547 0.956054688
vt 0.364013672 0.961425781
vt 0.364257812 0.966796875
vt 0.361816406 0.961425781
vt 0.464355469 0.975585938
vt 0.461425781 0.980957031
vt 0.464355469 0.98046875
vt 0.461425781 0.976074219
vt 0.464355469 0.970703125
vt 0.455810547 0.980957031
vt 0.455810547 0.984863281
vt 0.455566406 0.976074219
vt 0.461425781 0.970703125
vt 0.464355469 0.965332031
vt 0.455566406 0.970703125
vt 0.461425781 0.965332031
vt 0.464355469 0.9609375
vt 0.461425781 0.960449219
vt 0.455566406 0.965332031
vt 0.455566406 0.960449219
vt 0.452880859 0.9609375
vt 0.452880859 0.965332031
vt 0.452880859 0.970703125
vt 0.0631713867 0.96484375
vt 0.060333252 0.964355469
vt 0.060333252 0.969238281
vt 0.0545043945 0.969238281
vt 0.0545043945 0.964355469
vt 0.060333252 0.960449219
vt 0.0545043945 0.960449219
vt 0.0516967773 0.961425781
vt 0.0516967773 0.96484375
vt 0.0516967773 0.969726562
vt 0.402587891 0.969726562
vt 0.404785156 0.96484375
vt 0.40234375 0.96484375
vt 0.405029297 0.970214844
vt 0.403320312 0.974609375
vt 0.410400391 0.96484375
vt 0.405761719 0.975097656
vt 0.410644531 0.970214844
vt 0.411376953 0.975097656
vt 0.414306641 0.974609375
vt 0.413574219 0.969726562
vt 0.415283203 0.978027344
vt 0.412353516 0.979003906
vt 0.281005859 0.403320312
vt 0.279785156 0.398681641
vt 0.280761719 0.403320312
vt 0.280273438 0.398925781
vt 0.279296875 0.394042969
vt 0.279785156 0.394042969
vt 0.279785156 0.389160156
vt 0.280273438 0.389160156
vt 0.280761719 0.384765625
vt 0.281005859 0.384765625
vt 0.284423828 0.482177734
vt 0.285644531 0.485107422
vt 0.284912109 0.481933594
vt 0.283691406 0.478271484
vt 0.284179688 0.478271484
vt 0.283691406 0.473876953
vt 0.284179688 0.473876953
vt 0.283691406 0.469726562
vt 0.284179688 0.469726562
vt 0.284423828 0.465820312
vt 0.284912109 0.465820312
vt 0.28515625 0.462890625
vt 0.285644531 0.462890625
vt 0.285644531 0.513671875
vt 0.285644531 0.509277344
vt 0.28515625 0.509765625
vt 0.28515625 0.513671875
vt 0.285644531 0.518066406
vt 0.28515625 0.518066406
vt 0.285644531 0.521972656
vt 0.28515625 0.521972656
vt 0.285644531 0.525390625
vt 0.286132812 0.538085938
vt 0.285644531 0.533691406
vt 0.285644531 0.537597656
vt 0.286132812 0.533691406
vt 0.285644531 0.529785156
vt 0.286132812 0.529785156
vt 0.285644531 0.525390625
vt 0.286132812 0.525390625
vt 0.285644531 0.521484375
vt 0.286132812 0.521484375
vt 0.285644531 0.509277344
vt 0.285644531 0.505371094
vt 0.28515625 0.505859375
vt 0.28515625 0.509765625
vt 0.286132812 0.521484375
vt 0.286132812 0.518066406
vt 0.285644531 0.518554688
vt 0.285644531 0.521484375
vt 0.231567383 0.69140625
vt 0.237182617 0.689941406
vt 0.234008789 0.667480469
vt 0.221679688 0.671386719
vt 0.246948242 0.667480469
vt 0.226806641 0.694824219
vt 0.243041992 0.689941406
vt 0.211181641 0.679199219
vt 0.259277344 0.671386719
vt 0.223388672 0.699707031
vt 0.248657227 0.69140625
vt 0.203491211 0.689453125
vt 0.269775391 0.679199219
vt 0.221557617 0.705566406
vt 0.253417969 0.694824219
vt 0.199462891 0.701660156
vt 0.27734375 0.689453125
vt 0.221557617 0.711425781
vt 0.256835938 0.699707031
vt 0.199462891 0.71484375
vt 0.281494141 0.701660156
vt 0.223388672 0.716796875
vt 0.258789062 0.705566406
vt 0.203491211 0.727050781
vt 0.281494141 0.71484375
vt 0.226806641 0.721679688
vt 0.258789062 0.711425781
vt 0.211181641 0.737792969
vt 0.27734375 0.727050781
vt 0.231567383 0.725097656
vt 0.256835938 0.716796875
vt 0.221679688 0.745605469
vt 0.269775391 0.737792969
vt 0.237182617 0.727050781
vt 0.253417969 0.721679688
vt 0.234008789 0.749511719
vt 0.259277344 0.745605469
vt 0.243041992 0.727050781
vt 0.248657227 0.725097656
vt 0.246948242 0.749511719
vt 0.727539062 0.940429688
vt 0.73046875 0.936523438
vt 0.728515625 0.935546875
vt 0.726074219 0.938964844
vt 0.729492188 0.931640625
vt 0.724121094 0.943359375
vt 0.731933594 0.932128906
vt 0.72265625 0.94140625
vt 0.729492188 0.927734375
vt 0.719238281 0.944824219
vt 0.731933594 0.927246094
vt 0.719238281 0.942382812
vt 0.728515625 0.923828125
vt 0.71484375 0.944824219
vt 0.73046875 0.922363281
vt 0.71484375 0.942382812
vt 0.726074219 0.920410156
vt 0.709960938 0.943359375
vt 0.727539062 0.918457031
vt 0.711425781 0.94140625
vt 0.72265625 0.91796875
vt 0.706054688 0.940429688
vt 0.724121094 0.915527344
vt 0.708007812 0.938964844
vt 0.719238281 0.916503906
vt 0.703613281 0.936523438
vt 0.719238281 0.9140625
vt 0.705566406 0.935546875
vt 0.71484375 0.916503906
vt 0.702148438 0.932128906
vt 0.71484375 0.9140625
vt 0.704589844 0.931640625
vt 0.711425781 0.91796875
vt 0.702148438 0.927246094
vt 0.709960938 0.915527344
vt 0.704589844 0.927734375
vt 0.708007812 0.920410156
vt 0.703613281 0.922363281
vt 0.706054688 0.918457031
vt 0.705566406 0.923828125
vt 0.36328125 0.920898438
vt 0.361572266 0.922851562
vt 0.364013672 0.926269531
vt 0.359619141 0.91796875
vt 0.365966797 0.924804688
vt 0.358398438 0.920410156
vt 0.364990234 0.930175781
vt 0.355224609 0.916503906
vt 0.367431641 0.9296875
vt 0.354736328 0.918945312
vt 0.364990234 0.934570312
vt 0.350585938 0.916503906
vt 0.367431641 0.934570312
vt 0.350830078 0.918945312
vt 0.364013672 0.938476562
vt 0.346191406 0.91796875
vt 0.365966797 0.939453125
vt 0.347167969 0.920410156
vt 0.361572266 0.941894531
vt 0.342529297 0.920898438
vt 0.36328125 0.943847656
vt 0.343994141 0.922851562
vt 0.358398438 0.944335938
vt 0.339599609 0.924804688
vt 0.359619141 0.946777344
vt 0.341796875 0.926269531
vt 0.354736328 0.945800781
vt 0.338378906 0.9296875
vt 0.355224609 0.948242188
vt 0.340576172 0.930175781
vt 0.350830078 0.945800781
vt 0.338378906 0.934570312
vt 0.350585938 0.948242188
vt 0.340576172 0.934570312
vt 0.347167969 0.944335938
vt 0.339599609 0.939453125
vt 0.346191406 0.946777344
vt 0.341796875 0.938476562
vt 0.343994141 0.941894531
vt 0.342529297 0.943847656
vt 0.444580078 0.94921875
vt 0.445800781 0.943847656
vt 0.443847656 0.943359375
vt 0.442871094 0.947753906
vt 0.443847656 0.938476562
vt 0.442382812 0.953613281
vt 0.445800781 0.937988281
vt 0.440917969 0.951660156
vt 0.442871094 0.93359375
vt 0.439208984 0.95703125
vt 0.444580078 0.932617188
vt 0.438232422 0.954101562
vt 0.440917969 0.9296875
vt 0.435302734 0.958496094
vt 0.442382812 0.927734375
vt 0.435058594 0.955078125
vt 0.438232422 0.926757812
vt 0.431396484 0.958007812
vt 0.439208984 0.923828125
vt 0.431640625 0.955078125
vt 0.435058594 0.924804688
vt 0.427734375 0.955566406
vt 0.435302734 0.921875
vt 0.428466797 0.953125
vt 0.431640625 0.924316406
vt 0.424316406 0.952148438
vt 0.431396484 0.921386719
vt 0.42578125 0.950195312
vt 0.428466797 0.92578125
vt 0.422119141 0.947265625
vt 0.427734375 0.922851562
vt 0.423828125 0.945800781
vt 0.42578125 0.928222656
vt 0.420898438 0.94140625
vt 0.424316406 0.926269531
vt 0.422851562 0.94140625
vt 0.423828125 0.932128906
vt 0.420898438 0.936035156
vt 0.422119141 0.930664062
vt 0.422851562 0.936523438
vt 0.171142578 0.948242188
vt 0.172729492 0.946289062
vt 0.170532227 0.942871094
vt 0.174560547 0.951660156
vt 0.168579102 0.943847656
vt 0.17565918 0.94921875
vt 0.169433594 0.938476562
vt 0.178710938 0.953613281
vt 0.167236328 0.938476562
vt 0.179077148 0.951171875
vt 0.169433594 0.93359375
vt 0.182983398 0.954101562
vt 0.167236328 0.933105469
vt 0.182617188 0.951171875
vt 0.170532227 0.9296875
vt 0.187133789 0.952636719
vt 0.168579102 0.928222656
vt 0.186157227 0.950195312
vt 0.172729492 0.92578125
vt 0.190551758 0.949707031
vt 0.171142578 0.923828125
vt 0.188964844 0.947753906
vt 0.17565918 0.923339844
vt 0.193115234 0.945800781
vt 0.174560547 0.920898438
vt 0.191162109 0.944335938
vt 0.179077148 0.922363281
vt 0.194458008 0.940429688
vt 0.178710938 0.919433594
vt 0.192260742 0.939941406
vt 0.182617188 0.922851562
vt 0.194458008 0.935058594
vt 0.182983398 0.919921875
vt 0.192260742 0.935546875
vt 0.186157227 0.924316406
vt 0.193115234 0.9296875
vt 0.187133789 0.921875
vt 0.191162109 0.931152344
vt 0.188964844 0.927246094
vt 0.190551758 0.925292969
vt 0.962402344 0.349853516
vt 0.963867188 0.344482422
vt 0.961425781 0.343994141
vt 0.960449219 0.348388672
vt 0.961425781 0.339355469
vt 0.959960938 0.354248047
vt 0.963867188 0.339111328
vt 0.958496094 0.352050781
vt 0.960449219 0.334960938
vt 0.956542969 0.357421875
vt 0.962402344 0.333740234
vt 0.955566406 0.354736328
vt 0.958496094 0.331054688
vt 0.952636719 0.358886719
vt 0.959960938 0.329101562
vt 0.952148438 0.356201172
vt 0.955566406 0.328125
vt 0.948730469 0.358886719
vt 0.956542969 0.325683594
vt 0.948730469 0.355957031
vt 0.952148438 0.326660156
vt 0.944335938 0.356933594
vt 0.952636719 0.323730469
vt 0.9453125 0.354492188
vt 0.948730469 0.326416016
vt 0.94140625 0.353515625
vt 0.948730469 0.323730469
vt 0.942871094 0.3515625
vt 0.9453125 0.327880859
vt 0.938964844 0.348876953
vt 0.944335938 0.325195312
vt 0.940429688 0.34765625
vt 0.942871094 0.330566406
vt 0.9375 0.343505859
vt 0.94140625 0.328369141
vt 0.939453125 0.343261719
vt 0.940429688 0.334228516
vt 0.9375 0.338134766
vt 0.938964844 0.332763672
vt 0.939453125 0.338623047
vt 0.698730469 0.921386719
vt 0.696777344 0.922851562
vt 0.698242188 0.927246094
vt 0.696289062 0.917480469
vt 0.700195312 0.926757812
vt 0.694824219 0.919433594
vt 0.698242188 0.931640625
vt 0.692871094 0.914550781
vt 0.700195312 0.931640625
vt 0.69140625 0.916992188
vt 0.696777344 0.935546875
vt 0.688476562 0.913085938
vt 0.698730469 0.937011719
vt 0.687988281 0.915527344
vt 0.694824219 0.939453125
vt 0.684082031 0.913085938
vt 0.696289062 0.940917969
vt 0.684082031 0.916015625
vt 0.69140625 0.941894531
vt 0.6796875 0.915039062
vt 0.692871094 0.944335938
vt 0.680664062 0.917480469
vt 0.687988281 0.943359375
vt 0.67578125 0.91796875
vt 0.688476562 0.946289062
vt 0.677734375 0.919921875
vt 0.684082031 0.943359375
vt 0.673339844 0.922363281
vt 0.684082031 0.946289062
vt 0.675292969 0.923828125
vt 0.680664062 0.942382812
vt 0.671875 0.927734375
vt 0.6796875 0.944824219
vt 0.674316406 0.927734375
vt 0.677734375 0.939941406
vt 0.671875 0.932617188
vt 0.67578125 0.941894531
vt 0.674316406 0.932128906
vt 0.675292969 0.936523438
vt 0.673339844 0.9375
vt 0.596191406 0.918457031
vt 0.593261719 0.922363281
vt 0.595703125 0.923828125
vt 0.598144531 0.920410156
vt 0.594238281 0.927734375
vt 0.600097656 0.915527344
vt 0.591796875 0.927246094
vt 0.601074219 0.91796875
vt 0.594238281 0.931640625
vt 0.604492188 0.9140625
vt 0.591796875 0.932128906
vt 0.604980469 0.916503906
vt 0.595703125 0.935546875
vt 0.609375 0.9140625
vt 0.593261719 0.936523438
vt 0.608886719 0.916503906
vt 0.598144531 0.938964844
vt 0.614257812 0.915527344
vt 0.596191406 0.940429688
vt 0.612792969 0.91796875
vt 0.601074219 0.940917969
vt 0.618164062 0.918457031
vt 0.600097656 0.943359375
vt 0.616210938 0.920410156
vt 0.604980469 0.942382812
vt 0.620605469 0.922363281
vt 0.604492188 0.944824219
vt 0.618652344 0.923339844
vt 0.608886719 0.942382812
vt 0.622070312 0.927246094
vt 0.609375 0.944824219
vt 0.619628906 0.927246094
vt 0.612792969 0.940917969
vt 0.622070312 0.932128906
vt 0.614257812 0.943359375
vt 0.619628906 0.931640625
vt 0.616210938 0.938476562
vt 0.620605469 0.936523438
vt 0.618164062 0.940429688
vt 0.618652344 0.935546875
vt 0.913574219 0.327636719
vt 0.915039062 0.329833984
vt 0.918945312 0.328369141
vt 0.909667969 0.330322266
vt 0.918457031 0.325927734
vt 0.911621094 0.33203125
vt 0.922851562 0.328369141
vt 0.907226562 0.334228516
vt 0.923339844 0.325927734
vt 0.909179688 0.335449219
vt 0.926757812 0.329833984
vt 0.905273438 0.338867188
vt 0.927734375 0.327636719
vt 0.908203125 0.339355469
vt 0.9296875 0.33203125
vt 0.905273438 0.34375
vt 0.931640625 0.330322266
vt 0.908203125 0.343261719
vt 0.932128906 0.335449219
vt 0.907226562 0.348144531
vt 0.934570312 0.334228516
vt 0.909179688 0.347167969
vt 0.93359375 0.339355469
vt 0.909667969 0.352050781
vt 0.936035156 0.338867188
vt 0.911621094 0.350341797
vt 0.93359375 0.343261719
vt 0.913574219 0.354980469
vt 0.936035156 0.34375
vt 0.915039062 0.352783203
vt 0.932128906 0.347167969
vt 0.918457031 0.356445312
vt 0.934570312 0.348388672
vt 0.918945312 0.354003906
vt 0.9296875 0.350341797
vt 0.923339844 0.356445312
vt 0.931640625 0.352050781
vt 0.922851562 0.354003906
vt 0.926757812 0.352783203
vt 0.927734375 0.354980469
vt 0.855957031 0.927734375
vt 0.854492188 0.932617188
vt 0.856933594 0.933105469
vt 0.857910156 0.928710938
vt 0.857421875 0.937011719
vt 0.858398438 0.923828125
vt 0.854980469 0.9375
vt 0.860351562 0.925292969
vt 0.858886719 0.94140625
vt 0.861816406 0.920410156
vt 0.856933594 0.942382812
vt 0.86328125 0.922851562
vt 0.861328125 0.944824219
vt 0.866210938 0.918945312
vt 0.859863281 0.946289062
vt 0.866699219 0.921875
vt 0.864746094 0.947265625
vt 0.870605469 0.918945312
vt 0.863769531 0.94921875
vt 0.870605469 0.921875
vt 0.868164062 0.948242188
vt 0.875488281 0.920410156
vt 0.868164062 0.951171875
vt 0.874511719 0.922851562
vt 0.872070312 0.948242188
vt 0.879394531 0.923828125
vt 0.872558594 0.951171875
vt 0.877929688 0.925292969
vt 0.875976562 0.947265625
vt 0.882324219 0.927734375
vt 0.876953125 0.94921875
vt 0.880371094 0.928710938
vt 0.87890625 0.944824219
vt 0.883789062 0.932617188
vt 0.880859375 0.946289062
vt 0.881835938 0.933105469
vt 0.880859375 0.94140625
vt 0.884277344 0.9375
vt 0.883300781 0.942382812
vt 0.881835938 0.937011719
vt 0.0247344971 0.926269531
vt 0.0231628418 0.928222656
vt 0.0252990723 0.932128906
vt 0.0212249756 0.922851562
vt 0.0272979736 0.930664062
vt 0.0202178955 0.925292969
vt 0.0264282227 0.936035156
vt 0.0171051025 0.920898438
vt 0.0286407471 0.936035156
vt 0.0167541504 0.923828125
vt 0.0264282227 0.940917969
vt 0.0127639771 0.920898438
vt 0.0286407471 0.94140625
vt 0.0131149292 0.923339844
vt 0.0252990723 0.944824219
vt 0.00863647461 0.922363281
vt 0.0272979736 0.946289062
vt 0.00965118408 0.924804688
vt 0.0231628418 0.948730469
vt 0.00512695312 0.925292969
vt 0.0247344971 0.950683594
vt 0.00670623779 0.927246094
vt 0.0202178955 0.951171875
vt 0.002576828 0.9296875
vt 0.0212249756 0.953613281
vt 0.00456619263 0.930664062
vt 0.0167541504 0.952148438
vt 0.00123596191 0.934570312
vt 0.0171051025 0.955078125
vt 0.00344085693 0.935058594
vt 0.0131149292 0.952148438
vt 0.00123596191 0.939941406
vt 0.0127639771 0.954589844
vt 0.00344085693 0.939453125
vt 0.00965118408 0.950683594
vt 0.002576828 0.9453125
vt 0.00863647461 0.953125
vt 0.00456619263 0.943847656
vt 0.00670623779 0.947753906
vt 0.00512695312 0.949707031
vt 0.207275391 0.926269531
vt 0.208862305 0.922851562
vt 0.205566406 0.907714844
vt 0.212524414 0.937011719
vt 0.203369141 0.909667969
vt 0.213867188 0.933105469
vt 0.204101562 0.894042969
vt 0.218017578 0.943359375
vt 0.201782227 0.893554688
vt 0.218505859 0.938964844
vt 0.205078125 0.879394531
vt 0.223144531 0.946289062
vt 0.20300293 0.876953125
vt 0.22265625 0.940917969
vt 0.208007812 0.868652344
vt 0.226806641 0.942871094
vt 0.206420898 0.865234375
vt 0.225952148 0.937988281
vt 0.211791992 0.861816406
vt 0.229370117 0.934570312
vt 0.210693359 0.857910156
vt 0.227783203 0.930664062
vt 0.215698242 0.857910156
vt 0.230102539 0.921875
vt 0.215332031 0.853027344
vt 0.227783203 0.91796875
vt 0.219604492 0.856933594
vt 0.229614258 0.905761719
vt 0.219970703 0.8515625
vt 0.227416992 0.904296875
vt 0.223144531 0.858398438
vt 0.230102539 0.892578125
vt 0.224121094 0.853515625
vt 0.227905273 0.892578125
vt 0.226074219 0.862304688
vt 0.229858398 0.877441406
vt 0.227661133 0.858398438
vt 0.227539062 0.879882812
vt 0.227539062 0.868652344
vt 0.229736328 0.865722656
vt 0.606445312 0.350585938
vt 0.604980469 0.347167969
vt 0.599121094 0.349121094
vt 0.612304688 0.346191406
vt 0.599609375 0.352783203
vt 0.609863281 0.34375
vt 0.593261719 0.349121094
vt 0.616699219 0.340332031
vt 0.592773438 0.352783203
vt 0.61328125 0.338623047
vt 0.587402344 0.347167969
vt 0.619140625 0.333496094
vt 0.585449219 0.350585938
vt 0.615234375 0.333007812
vt 0.582519531 0.34375
vt 0.619140625 0.326416016
vt 0.579589844 0.346191406
vt 0.615234375 0.326904297
vt 0.579101562 0.338623047
vt 0.616699219 0.319335938
vt 0.575683594 0.340332031
vt 0.61328125 0.321044922
vt 0.577148438 0.333007812
vt 0.612304688 0.313476562
vt 0.573242188 0.333496094
vt 0.609863281 0.316162109
vt 0.577148438 0.326904297
vt 0.606445312 0.309326172
vt 0.573242188 0.326416016
vt 0.604980469 0.3125
vt 0.579101562 0.321044922
vt 0.599609375 0.307128906
vt 0.575683594 0.319335938
vt 0.599121094 0.310791016
vt 0.582519531 0.316162109
vt 0.592773438 0.307128906
vt 0.579589844 0.313476562
vt 0.593261719 0.310791016
vt 0.587402344 0.3125
vt 0.585449219 0.309326172
vt 0.773925781 0.871582031
vt 0.770019531 0.888183594
vt 0.771972656 0.890136719
vt 0.775390625 0.875
vt 0.770507812 0.903808594
vt 0.779296875 0.860839844
vt 0.768554688 0.904296875
vt 0.780273438 0.864746094
vt 0.771484375 0.918457031
vt 0.784667969 0.854003906
vt 0.76953125 0.921386719
vt 0.78515625 0.858886719
vt 0.774414062 0.9296875
vt 0.789550781 0.8515625
vt 0.772949219 0.932617188
vt 0.7890625 0.856933594
vt 0.778320312 0.936035156
vt 0.793457031 0.854980469
vt 0.77734375 0.940429688
vt 0.792480469 0.859863281
vt 0.782226562 0.940429688
vt 0.795898438 0.86328125
vt 0.781738281 0.944824219
vt 0.794433594 0.8671875
vt 0.786132812 0.94140625
vt 0.796386719 0.875976562
vt 0.786621094 0.946777344
vt 0.794433594 0.879882812
vt 0.789550781 0.939941406
vt 0.795898438 0.892089844
vt 0.790527344 0.944824219
vt 0.793945312 0.893554688
vt 0.792480469 0.936035156
vt 0.796386719 0.905761719
vt 0.793945312 0.939941406
vt 0.794433594 0.905273438
vt 0.793945312 0.929199219
vt 0.796386719 0.920898438
vt 0.796386719 0.932128906
vt 0.793945312 0.91796875
vt 0.626464844 0.313476562
vt 0.622070312 0.319335938
vt 0.625488281 0.321044922
vt 0.62890625 0.316162109
vt 0.623535156 0.326904297
vt 0.632324219 0.309326172
vt 0.619628906 0.326416016
vt 0.633789062 0.3125
vt 0.623535156 0.333007812
vt 0.639160156 0.306884766
vt 0.619628906 0.333740234
vt 0.639648438 0.310546875
vt 0.625488281 0.338867188
vt 0.645996094 0.306884766
vt 0.622070312 0.340576172
vt 0.645507812 0.310546875
vt 0.62890625 0.34375
vt 0.652832031 0.309082031
vt 0.626464844 0.346435547
vt 0.651367188 0.3125
vt 0.633789062 0.347412109
vt 0.658691406 0.313476562
vt 0.632324219 0.350585938
vt 0.65625 0.316162109
vt 0.639648438 0.349121094
vt 0.663085938 0.319335938
vt 0.639160156 0.353027344
vt 0.659667969 0.321044922
vt 0.645507812 0.349121094
vt 0.665039062 0.326171875
vt 0.645996094 0.352783203
vt 0.661621094 0.326904297
vt 0.651367188 0.347167969
vt 0.665039062 0.333496094
vt 0.652832031 0.350585938
vt 0.661621094 0.333007812
vt 0.65625 0.34375
vt 0.663085938 0.340332031
vt 0.658691406 0.346435547
vt 0.659667969 0.338623047
vt 0.56640625 0.374511719
vt 0.293701172 0.376953125
vt 0.56640625 0.376953125
vt 0.843261719 0.770019531
vt 0.844726562 0.771972656
vt 0.857910156 0.76171875
vt 0.859863281 0.638671875
vt 0.862304688 0.638183594
vt 0.861816406 0.623046875
vt 0.0857543945 0.647460938
vt 0.0847167969 0.645996094
vt 0.0844116211 0.650878906
vt 0.775390625 0.875
vt 0.772949219 0.891113281
vt 0.775878906 0.876953125
vt 0.780273438 0.864746094
vt 0.775878906 0.876953125
vt 0.780761719 0.866699219
vt 0.208862305 0.922851562
vt 0.209350586 0.920898438
vt 0.206420898 0.906738281
vt 0.213867188 0.933105469
vt 0.214111328 0.931152344
vt 0.209350586 0.920898438
vt 0.437744141 0.382080078
vt 0.437744141 0.380371094
vt 0.3203125 0.380371094
vt 0.3203125 0.380371094
vt 0.437744141 0.380371094
vt 0.5546875 0.380371094
vt 0.568359375 0.3828125
vt 0.579589844 0.390380859
vt 0.586914062 0.401611328
vt 0.58984375 0.415039062
vt 0.58984375 0.649414062
vt 0.586914062 0.663085938
vt 0.579589844 0.674316406
vt 0.568359375 0.681640625
vt 0.5546875 0.684570312
vt 0.909179688 0.381591797
vt 0.90234375 0.381591797
vt 0.903808594 0.383544922
vt 0.909667969 0.379150391
vt 0.916015625 0.384033203
vt 0.91796875 0.382080078
vt 0.928710938 0.393798828
vt 0.931152344 0.392578125
vt 0.935546875 0.405517578
vt 0.937988281 0.404785156
vt 0.942871094 0.420898438
vt 0.939941406 0.421386719
vt 0.94140625 0.437744141
vt 0.937988281 0.404785156
vt 0.935546875 0.405517578
vt 0.942871094 0.420898438
vt 0.94140625 0.437744141
vt 0.944335938 0.437744141
vt 0.941894531 0.455078125
vt 0.944335938 0.455322266
vt 0.939453125 0.475341797
vt 0.942382812 0.475585938
vt 0.934570312 0.494873047
vt 0.9375 0.495361328
vt 0.932128906 0.514648438
vt 0.935058594 0.514648438
vt 0.931152344 0.530273438
vt 0.934082031 0.529785156
vt 0.93359375 0.546386719
vt 0.936523438 0.545898438
vt 0.936523438 0.56640625
vt 0.939941406 0.565429688
vt 0.94140625 0.591796875
vt 0.944335938 0.590820312
vt 0.9453125 0.608886719
vt 0.948730469 0.607910156
vt 0.950195312 0.639160156
vt 0.953613281 0.638183594
vt 0.955566406 0.667480469
vt 0.958984375 0.666992188
vt 0.955566406 0.701171875
vt 0.958984375 0.701660156
vt 0.952148438 0.72265625
vt 0.955078125 0.723632812
vt 0.944824219 0.744628906
vt 0.947753906 0.74609375
vt 0.934570312 0.764160156
vt 0.937011719 0.766601562
vt 0.0387268066 0.383544922
vt 0.0415039062 0.385253906
vt 0.0422668457 0.373779297
vt 0.0393981934 0.373535156
vt 0.0420532227 0.357910156
vt 0.0391845703 0.358398438
vt 0.0412902832 0.342285156
vt 0.0384521484 0.343017578
vt 0.0383911133 0.28515625
vt 0.0355529785 0.285644531
vt 0.033203125 0.262451172
vt 0.0302886963 0.262939453
vt 0.0257263184 0.241455078
vt 0.0227050781 0.241943359
vt 0.0198669434 0.201538086
vt 0.0166625977 0.201782227
vt 0.0161437988 0.176147461
vt 0.012802124 0.176269531
vt 0.0103378296 0.120300293
vt 0.00684738159 0.120483398
vt 0.00743865967 0.0765991211
vt 0.00392532349 0.0770263672
vt 0.0062828064 0.0412597656
vt 0.00279045105 0.0420227051
vt 0.00552368164 0.0182647705
vt 0.00205993652 0.0195465088
vt 0.00358009338 0.00128269196
vt 0.000234246254 0.00392150879
vt 0.918945312 0.772949219
vt 0.903808594 0.764160156
vt 0.901855469 0.766601562
vt 0.918457031 0.76953125
vt 0.936035156 0.768554688
vt 0.93359375 0.766113281
vt 0.836425781 0.775390625
vt 0.836425781 0.772460938
vt 0.830566406 0.770507812
vt 0.828613281 0.772460938
vt 0.828613281 0.772460938
vt 0.826171875 0.761230469
vt 0.82421875 0.76171875
vt 0.825683594 0.745605469
vt 0.823242188 0.745605469
vt 0.827148438 0.729980469
vt 0.824707031 0.729980469
vt 0.833984375 0.671386719
vt 0.831542969 0.671386719
vt 0.834472656 0.6484375
vt 0.83203125 0.6484375
vt 0.833984375 0.626953125
vt 0.831542969 0.626953125
vt 0.830078125 0.586914062
vt 0.827148438 0.586914062
vt 0.826660156 0.561523438
vt 0.823730469 0.561523438
vt 0.820800781 0.505859375
vt 0.817871094 0.505859375
vt 0.819335938 0.461914062
vt 0.815917969 0.461914062
vt 0.821289062 0.426513672
vt 0.818359375 0.426025391
vt 0.825195312 0.403320312
vt 0.822265625 0.40234375
vt 0.844726562 0.771972656
vt 0.836425781 0.772460938
vt 0.836425781 0.775390625
vt 0.843261719 0.770019531
vt 0.857910156 0.76171875
vt 0.855957031 0.760253906
vt 0.864746094 0.749023438
vt 0.862792969 0.748046875
vt 0.870117188 0.732910156
vt 0.867675781 0.732421875
vt 0.545410156 0.0299530029
vt 0.54296875 0.029296875
vt 0.54296875 0.0458984375
vt 0.545410156 0.0462036133
vt 0.54296875 0.0633544922
vt 0.547363281 0.103393555
vt 0.547851562 0.123291016
vt 0.550292969 0.123168945
vt 0.544921875 0.10369873
vt 0.545898438 0.0837402344
vt 0.543457031 0.0838012695
vt 0.545410156 0.0634765625
vt 0.54296875 0.0633544922
vt 0.545410156 0.0462036133
vt 0.859863281 0.638671875
vt 0.861816406 0.623046875
vt 0.859375 0.622558594
vt 0.864746094 0.606933594
vt 0.862304688 0.606445312
vt 0.868652344 0.586914062
vt 0.865722656 0.5859375
vt 0.874023438 0.561035156
vt 0.87109375 0.560058594
vt 0.878417969 0.543945312
vt 0.875488281 0.54296875
vt 0.883789062 0.513183594
vt 0.880859375 0.512207031
vt 0.889160156 0.484130859
vt 0.886230469 0.483642578
vt 0.889160156 0.449462891
vt 0.866699219 0.384277344
vt 0.864746094 0.38671875
vt 0.875 0.406005859
vt 0.865234375 0.382080078
vt 0.86328125 0.384765625
vt 0.866699219 0.384277344
vt 0.875 0.406005859
vt 0.877929688 0.404785156
vt 0.882324219 0.427978516
vt 0.882324219 0.427978516
vt 0.885253906 0.427246094
vt 0.877929688 0.404785156
vt 0.886230469 0.449707031
vt 0.889160156 0.449462891
vt 0.886230469 0.483642578
vt 0.822265625 0.40234375
vt 0.825195312 0.403320312
vt 0.833007812 0.38671875
vt 0.831054688 0.384277344
vt 0.75 0.624023438
vt 0.75 0.627441406
vt 0.767578125 0.627441406
vt 0.765625 0.624023438
vt 0.86328125 0.384765625
vt 0.865234375 0.382080078
vt 0.848144531 0.378173828
vt 0.848144531 0.381103516
vt 0.56640625 0.376953125
vt 0.570800781 0.375976562
vt 0.570800781 0.373779297
vt 0.293701172 0.376953125
vt 0.289550781 0.375976562
vt 0.289550781 0.373779297
vt 0.93359375 0.766113281
vt 0.936035156 0.768554688
vt 0.937011719 0.766601562
vt 0.934570312 0.764160156
vt 0.772949219 0.891113281
vt 0.127197266 0.772460938
vt 0.126708984 0.770019531
vt 0.125610352 0.771484375
vt 0.125366211 0.766601562
vt 0.125610352 0.771484375
vt 0.165283203 0.771484375
vt 0.165649414 0.766601562
vt 0.165649414 0.650878906
vt 0.165283203 0.645996094
vt 0.164550781 0.642089844
vt 0.125610352 0.645996094
vt 0.125366211 0.650878906
vt 0.125366211 0.766601562
vt 0.206420898 0.906738281
vt 0.684082031 0.901367188
vt 0.684082031 0.888183594
vt 0.684082031 0.649414062
vt 0.288330078 0.663085938
vt 0.295898438 0.674316406
vt 0.275146484 0.384521484
vt 0.274902344 0.397460938
vt 0.277099609 0.397949219
vt 0.274902344 0.397460938
vt 0.274902344 0.411621094
vt 0.276855469 0.411376953
vt 0.269287109 0.529785156
vt 0.320556641 0.382080078
vt 0.3203125 0.380371094
vt 0.306884766 0.3828125
vt 0.307617188 0.384765625
vt 0.295898438 0.390380859
vt 0.295898438 0.390380859
vt 0.288330078 0.401611328
vt 0.290039062 0.40234375
vt 0.686035156 0.636230469
vt 0.684082031 0.635742188
vt 0.684082031 0.649414062
vt 0.686035156 0.649414062
vt 0.275146484 0.647949219
vt 0.269287109 0.529785156
vt 0.0844116211 0.650878906
vt 0.0844116211 0.766601562
vt 0.0847167969 0.771484375
vt 0.124389648 0.771484375
vt 0.124694824 0.766601562
vt 0.124694824 0.650878906
vt 0.124389648 0.645996094
vt 0.0847167969 0.645996094
vt 0.226928711 0.71484375
vt 0.225463867 0.710449219
vt 0.229614258 0.71875
vt 0.225463867 0.706054688
vt 0.233398438 0.721679688
vt 0.226928711 0.701660156
vt 0.237792969 0.723144531
vt 0.229614258 0.697753906
vt 0.242431641 0.723144531
vt 0.233398438 0.6953125
vt 0.246826172 0.721679688
vt 0.237792969 0.693847656
vt 0.250488281 0.71875
vt 0.242431641 0.693847656
vt 0.253173828 0.71484375
vt 0.246826172 0.6953125
vt 0.254638672 0.710449219
vt 0.250488281 0.697753906
vt 0.254638672 0.706054688
vt 0.253173828 0.701660156
vt 0.600097656 0.76953125
vt 0.600585938 0.744628906
vt 0.619140625 0.76953125
vt 0.600585938 0.793945312
vt 0.318603516 0.00190067291
vt 0.318359375 0.0134887695
vt 0.856445312 0.639160156
vt 0.571289062 0.329833984
vt 0.566894531 0.353027344
vt 0.570800781 0.352783203
vt 0.731933594 0.626464844
vt 0.775878906 0.853515625
vt 0.775390625 0.850097656
vt 0.767578125 0.850097656
vt 0.768554688 0.853515625
vt 0.784667969 0.853515625
vt 0.775878906 0.853515625
vt 0.799804688 0.854003906
vt 0.322021484 0.0013551712
vt 0.318359375 0.0134887695
vt 0.321777344 0.013092041
vt 0.318359375 0.029296875
vt 0.318359375 0.029296875
vt 0.318115234 0.0458984375
vt 0.318115234 0.0633544922
vt 0.317626953 0.0838012695
vt 0.316162109 0.10369873
vt 0.313476562 0.123291016
vt 0.30859375 0.138549805
vt 0.304199219 0.153930664
vt 0.301025391 0.173339844
vt 0.297851562 0.198364258
vt 0.294677734 0.215209961
vt 0.291015625 0.244873047
vt 0.288330078 0.273193359
vt 0.287353516 0.307617188
vt 0.287841797 0.329833984
vt 0.288818359 0.352783203
vt 0.0415039062 0.385253906
vt 0.0383911133 0.28515625
vt 0.033203125 0.262451172
vt 0.0257263184 0.241455078
vt 0.0198669434 0.201538086
vt 0.0161437988 0.176147461
vt 0.0103378296 0.120300293
vt 0.00743865967 0.0765991211
vt 0.0062828064 0.0412597656
vt 0.00552368164 0.0182647705
vt 0.00358009338 0.00128269196
vt 0.907714844 0.504882812
vt 0.910644531 0.504394531
vt 0.907226562 0.482177734
vt 0.900390625 0.423828125
vt 0.898925781 0.408203125
vt 0.899414062 0.393066406
vt 0.903808594 0.383544922
vt 0.909179688 0.381591797
vt 0.916015625 0.384033203
vt 0.928710938 0.393798828
vt 0.941894531 0.455078125
vt 0.939453125 0.475341797
vt 0.934570312 0.494873047
vt 0.932128906 0.514648438
vt 0.931152344 0.530273438
vt 0.93359375 0.546386719
vt 0.936523438 0.56640625
vt 0.94140625 0.591796875
vt 0.9453125 0.608886719
vt 0.950195312 0.639160156
vt 0.955566406 0.667480469
vt 0.955566406 0.701171875
vt 0.952148438 0.72265625
vt 0.944824219 0.744628906
vt 0.93359375 0.766113281
vt 0.918457031 0.76953125
vt 0.903808594 0.764160156
vt 0.895996094 0.748046875
vt 0.892089844 0.724609375
vt 0.889648438 0.689453125
vt 0.891113281 0.645996094
vt 0.907714844 0.504882812
vt 0.90625 0.525878906
vt 0.909667969 0.525878906
vt 0.901367188 0.565429688
vt 0.904785156 0.565429688
vt 0.897460938 0.590820312
vt 0.901367188 0.591308594
vt 0.891113281 0.645996094
vt 0.75 0.91015625
vt 0.767578125 0.91015625
vt 0.732910156 0.91015625
vt 0.75 0.91015625
vt 0.775878906 0.62109375
vt 0.768554688 0.62109375
vt 0.775878906 0.62109375
vt 0.784667969 0.62109375
vt 0.799804688 0.62109375
vt 0.871582031 0.541503906
vt 0.8671875 0.55859375
vt 0.876953125 0.511230469
vt 0.875488281 0.54296875
vt 0.87109375 0.560058594
vt 0.865722656 0.5859375
vt 0.862304688 0.606445312
vt 0.85546875 0.622558594
vt 0.859375 0.622558594
vt 0.856445312 0.639160156
vt 0.864257812 0.731445312
vt 0.868652344 0.715820312
vt 0.855957031 0.760253906
vt 0.830566406 0.770507812
vt 0.826171875 0.761230469
vt 0.825683594 0.745605469
vt 0.827148438 0.729980469
vt 0.833984375 0.671386719
vt 0.837890625 0.648925781
vt 0.834472656 0.6484375
vt 0.833984375 0.626953125
vt 0.830078125 0.586914062
vt 0.826660156 0.561523438
vt 0.820800781 0.505859375
vt 0.819335938 0.461914062
vt 0.821289062 0.426513672
vt 0.848144531 0.381103516
vt 0.86328125 0.384765625
vt 0.886230469 0.449707031
vt 0.880859375 0.512207031
vt 0.868652344 0.715820312
vt 0.865722656 0.715820312
vt 0.869140625 0.698242188
vt 0.865722656 0.698242188
vt 0.866699219 0.678222656
vt 0.861816406 0.658691406
vt 0.543457031 0.00190067291
vt 0.543457031 0.0134887695
vt 0.54296875 0.029296875
vt 0.54296875 0.0458984375
vt 0.54296875 0.0633544922
vt 0.543457031 0.0838012695
vt 0.544921875 0.10369873
vt 0.547851562 0.123291016
vt 0.552734375 0.138549805
vt 0.557128906 0.153930664
vt 0.559570312 0.173339844
vt 0.5625 0.198364258
vt 0.565429688 0.215209961
vt 0.568847656 0.244873047
vt 0.570800781 0.273193359
vt 0.571777344 0.307617188
vt 0.571289062 0.329833984
vt 0.570800781 0.352783203
vt 0.262207031 0.385253906
vt 0.262939453 0.373779297
vt 0.262939453 0.357910156
vt 0.262207031 0.342285156
vt 0.259277344 0.28515625
vt 0.262939453 0.262451172
vt 0.26953125 0.241455078
vt 0.275146484 0.201538086
vt 0.279052734 0.176147461
vt 0.284667969 0.120300293
vt 0.286132812 0.0765991211
vt 0.284423828 0.0412597656
vt 0.282226562 0.0182647705
vt 0.279541016 0.00128269196
vt 0.75 0.627441406
vt 0.767578125 0.627441406
vt 0.732910156 0.626953125
vt 0.75 0.627441406
vt 0.731933594 0.637695312
vt 0.7265625 0.650878906
vt 0.731933594 0.650878906
vt 0.7265625 0.63671875
vt 0.731933594 0.626464844
vt 0.275146484 0.661132812
vt 0.275390625 0.670898438
vt 0.275146484 0.647949219
vt 0.275146484 0.384521484
vt 0.684082031 0.911621094
vt 0.684082031 0.635742188
vt 0.684082031 0.623046875
vt 0.731933594 0.900390625
vt 0.731933594 0.911621094
vt 0.731933594 0.88671875
vt 0.731933594 0.650878906
vt 0.639160156 0.625976562
vt 0.639648438 0.637695312
vt 0.640136719 0.651367188
vt 0.634277344 0.769042969
vt 0.640136719 0.887207031
vt 0.640136719 0.887207031
vt 0.634277344 0.901367188
vt 0.639648438 0.900390625
vt 0.633789062 0.913085938
vt 0.639160156 0.911621094
vt 0.938964844 -0.00197219849
vt 0.935058594 -0.0020275116
vt 0.935058594 0.155883789
vt 0.941894531 0.931152344
vt 0.945800781 0.772949219
vt 0.941894531 0.772949219
vt 0.990234375 0.770996094
vt 0.988769531 0.955566406
vt 0.990234375 0.955566406
vt 0.602050781 0.390136719
vt 0.603515625 0.388671875
vt 0.603515625 0.386962891
vt 0.453125 0.866699219
vt 0.444824219 0.868164062
vt 0.447753906 0.930175781
vt 0.452636719 0.929199219
vt 0.453125 0.93359375
vt 0.448974609 0.934570312
vt 0.202026367 0.826660156
vt 0.201782227 0.84765625
vt 0.252685547 0.84765625
vt 0.252685547 0.826660156
vt 0.20715332 0.819335938
vt 0.248413086 0.819335938
vt 0.243530273 0.757324219
vt 0.219360352 0.7578125
vt 0.221435547 0.752929688
vt 0.241821289 0.752929688
vt 0.224243164 0.75
vt 0.240112305 0.75
vt 0.227539062 0.748046875
vt 0.237060547 0.748046875
vt 0.747070312 0.372314453
vt 0.754882812 0.373291016
vt 0.754882812 0.361572266
vt 0.747070312 0.362792969
vt 0.852050781 0.357421875
vt 0.854492188 0.357666016
vt 0.854492188 0.307128906
vt 0.8515625 0.306884766
vt 0.849121094 0.356933594
vt 0.849121094 0.306396484
vt 0.435546875 0.867675781
vt 0.426269531 0.889648438
vt 0.441650391 0.875976562
vt 0.418701172 0.8828125
vt 0.42578125 0.892578125
vt 0.416259766 0.888671875
vt 0.426025391 0.895507812
vt 0.415771484 0.897460938
vt 0.426513672 0.8984375
vt 0.419189453 0.905273438
vt 0.441650391 0.916992188
vt 0.434326172 0.923828125
vt 0.831542969 0.789550781
vt 0.854980469 0.78515625
vt 0.853515625 0.775390625
vt 0.830078125 0.779785156
vt 0.829589844 0.791503906
vt 0.822753906 0.783691406
vt 0.827636719 0.793945312
vt 0.817871094 0.790527344
vt 0.826171875 0.796386719
vt 0.81640625 0.796875
vt 0.829589844 0.816894531
vt 0.819824219 0.819335938
vt 0.829589844 0.825195312
vt 0.821289062 0.827148438
vt 0.850097656 0.885253906
vt 0.854492188 0.884277344
vt 0.854980469 0.889160156
vt 0.851074219 0.889648438
vt 0.854980469 0.892089844
vt 0.852050781 0.892578125
vt 0.705078125 0.357421875
vt 0.713867188 0.306884766
vt 0.705566406 0.307617188
vt 0.713867188 0.356933594
vt 0.737792969 0.306640625
vt 0.737792969 0.356689453
vt 0.843261719 0.895996094
vt 0.843261719 0.946289062
vt 0.853027344 0.946289062
vt 0.853027344 0.895996094
vt 0.854492188 0.357666016
vt 0.87890625 0.357910156
vt 0.87890625 0.307373047
vt 0.854492188 0.307128906
vt 0.338623047 0.698242188
vt 0.338378906 0.692382812
vt 0.286865234 0.692382812
vt 0.287353516 0.698242188
vt 0.338623047 0.721679688
vt 0.287597656 0.721679688
vt 0.334472656 0.729492188
vt 0.292724609 0.729492188
vt 0.302246094 0.791992188
vt 0.326660156 0.792480469
vt 0.324707031 0.796875
vt 0.304199219 0.796386719
vt 0.322998047 0.799316406
vt 0.306884766 0.799316406
vt 0.319824219 0.801269531
vt 0.310058594 0.801269531
vt 0.201782227 0.84765625
vt 0.201782227 0.850097656
vt 0.252685547 0.850097656
vt 0.252685547 0.84765625
vt 0.338378906 0.692382812
vt 0.337402344 0.686035156
vt 0.286132812 0.686035156
vt 0.286865234 0.692382812
vt 0.852050781 0.892578125
vt 0.852539062 0.895019531
vt 0.854492188 0.89453125
vt 0.854980469 0.892089844
vt 0.376464844 0.796386719
vt 0.373046875 0.79296875
vt 0.372314453 0.796386719
vt 0.376220703 0.79296875
vt 0.373779297 0.789550781
vt 0.375732422 0.789550781
vt 0.375732422 0.789550781
vt 0.375488281 0.779785156
vt 0.373535156 0.779785156
vt 0.373779297 0.789550781
vt 0.959472656 0.771972656
vt 0.979980469 0.771972656
vt 0.979980469 0.642578125
vt 0.959472656 0.642578125
vt 0.117004395 0.787109375
vt 0.108764648 0.787109375
vt 0.108764648 0.915039062
vt 0.117004395 0.915039062
vt 0.979980469 0.379882812
vt 0.959472656 0.379882812
vt 0.959472656 0.508300781
vt 0.979980469 0.508300781
vt 0.520996094 0.856933594
vt 0.512695312 0.856933594
vt 0.512695312 0.986816406
vt 0.520996094 0.986816406
vt 0.913574219 0.377685547
vt 0.913574219 0.357177734
vt 0.905273438 0.357177734
vt 0.905273438 0.377685547
vt 0.411132812 0.951660156
vt 0.405517578 0.888671875
vt 0.402587891 0.950195312
vt 0.410644531 0.889648438
vt 0.411132812 0.884765625
vt 0.406982422 0.884277344
vt 0.466552734 0.843261719
vt 0.416015625 0.864746094
vt 0.466552734 0.864257812
vt 0.416259766 0.843261719
vt 0.461669922 0.8359375
vt 0.420654297 0.8359375
vt 0.424072266 0.772949219
vt 0.447998047 0.7734375
vt 0.446044922 0.768554688
vt 0.42578125 0.768554688
vt 0.443359375 0.766113281
vt 0.427490234 0.766113281
vt 0.440185547 0.763671875
vt 0.430664062 0.763671875
vt 0.73046875 0.359130859
vt 0.73046875 0.368652344
vt 0.73828125 0.370361328
vt 0.73828125 0.358642578
vt 0.822265625 0.306884766
vt 0.824707031 0.356933594
vt 0.824707031 0.306396484
vt 0.822265625 0.357177734
vt 0.819824219 0.307373047
vt 0.819335938 0.357666016
vt 0.396484375 0.94140625
vt 0.40234375 0.933105469
vt 0.387207031 0.918945312
vt 0.379638672 0.92578125
vt 0.38671875 0.916503906
vt 0.377197266 0.919921875
vt 0.386962891 0.913574219
vt 0.376708984 0.911621094
vt 0.387451172 0.91015625
vt 0.380126953 0.903320312
vt 0.40234375 0.891601562
vt 0.395263672 0.884765625
vt 0.392333984 0.869140625
vt 0.414550781 0.884277344
vt 0.415527344 0.874511719
vt 0.391357422 0.879394531
vt 0.390136719 0.8671875
vt 0.383789062 0.875
vt 0.387939453 0.864746094
vt 0.378662109 0.867675781
vt 0.386474609 0.862304688
vt 0.376708984 0.861816406
vt 0.388671875 0.841308594
vt 0.37890625 0.838867188
vt 0.389892578 0.833496094
vt 0.381835938 0.831054688
vt 0.408691406 0.772949219
vt 0.413330078 0.774414062
vt 0.414306641 0.76953125
vt 0.410400391 0.768554688
vt 0.414794922 0.766601562
vt 0.411865234 0.766113281
vt 0.415527344 0.764160156
vt 0.413574219 0.763671875
vt 0.813964844 0.93359375
vt 0.804199219 0.93359375
vt 0.804199219 0.983398438
vt 0.813964844 0.983886719
vt 0.824707031 0.306396484
vt 0.824707031 0.356933594
vt 0.849609375 0.356933594
vt 0.849609375 0.306640625
vt 0.680664062 0.307861328
vt 0.705566406 0.358886719
vt 0.705566406 0.307861328
vt 0.680664062 0.359130859
vt 0.671875 0.307373047
vt 0.672363281 0.358642578
vt 0.665039062 0.306152344
vt 0.665527344 0.357177734
vt 0.576660156 0.7890625
vt 0.525878906 0.794433594
vt 0.576660156 0.794433594
vt 0.525878906 0.7890625
vt 0.576660156 0.766113281
vt 0.526367188 0.766113281
vt 0.572753906 0.758300781
vt 0.53125 0.758300781
vt 0.543457031 0.696289062
vt 0.567382812 0.696289062
vt 0.565917969 0.691894531
vt 0.545410156 0.691894531
vt 0.563964844 0.688964844
vt 0.548339844 0.688964844
vt 0.561035156 0.687011719
vt 0.551269531 0.687011719
vt 0.466552734 0.864257812
vt 0.416015625 0.864746094
vt 0.415771484 0.866699219
vt 0.466308594 0.866699219
vt 0.376464844 0.763183594
vt 0.372314453 0.763183594
vt 0.372802734 0.766601562
vt 0.376220703 0.766601562
vt 0.373535156 0.770507812
vt 0.375488281 0.770507812
vt 0.375488281 0.770507812
vt 0.373535156 0.770507812
vt 0.373535156 0.779785156
vt 0.375488281 0.779785156
vt 0.976074219 0.130004883
vt 0.976074219 0.00162220001
vt 0.955566406 0.00162601471
vt 0.955566406 0.130004883
vt 0.329345703 0.802246094
vt 0.329345703 0.930664062
vt 0.337646484 0.930664062
vt 0.337646484 0.802246094
vt 0.959472656 0.511230469
vt 0.959472656 0.640136719
vt 0.979980469 0.640136719
vt 0.979980469 0.511230469
vt 0.193115234 0.803222656
vt 0.193115234 0.933105469
vt 0.201293945 0.933105469
vt 0.201293945 0.803222656
vt 0.921875 0.357177734
vt 0.913574219 0.357177734
vt 0.913574219 0.377685547
vt 0.921875 0.377685547
vt 0.955566406 -0.00205421448
vt 0.952148438 0.155883789
vt 0.955566406 0.155883789
vt 0.952148438 -0.00199127197
vt 0.947753906 0.156005859
vt 0.947753906 -0.001953125
vt 0.943359375 0.156005859
vt 0.943359375 -0.00194740295
vt 0.938964844 0.155883789
vt 0.938964844 -0.00197219849
vt 0.935058594 0.155883789
vt 0.970703125 0.322509766
vt 0.974121094 0.322509766
vt 0.974121094 0.163574219
vt 0.970703125 0.163696289
vt 0.966796875 0.322509766
vt 0.970703125 0.322509766
vt 0.970703125 0.163696289
vt 0.966796875 0.163696289
vt 0.962402344 0.322509766
vt 0.962402344 0.163696289
vt 0.957519531 0.322509766
vt 0.957519531 0.163696289
vt 0.953613281 0.322509766
vt 0.953613281 0.163696289
vt 0.934082031 0.322021484
vt 0.9375 0.16418457
vt 0.934082031 0.16418457
vt 0.9375 0.322021484
vt 0.941894531 0.16418457
vt 0.941894531 0.322021484
vt 0.946289062 0.16418457
vt 0.946289062 0.322021484
vt 0.950683594 0.16418457
vt 0.950683594 0.322021484
vt 0.954101562 0.16418457
vt 0.954101562 0.322021484
vt 0.941894531 0.931152344
vt 0.945800781 0.931152344
vt 0.945800781 0.772949219
vt 0.950195312 0.772949219
vt 0.950195312 0.931152344
vt 0.954589844 0.772949219
vt 0.954589844 0.931152344
vt 0.958984375 0.772949219
vt 0.958984375 0.931152344
vt 0.958984375 0.931152344
vt 0.962402344 0.931152344
vt 0.962402344 0.772460938
vt 0.958984375 0.772949219
vt 0.0448303223 0.381591797
vt 0.23046875 0.383300781
vt 0.23046875 0.381591797
vt 0.0448303223 0.383300781
vt 0.23046875 0.385253906
vt 0.0448303223 0.385253906
vt 0.0232696533 0.381591797
vt 0.0232696533 0.383300781
vt 0.0174865723 0.381835938
vt 0.0174713135 0.383544922
vt 0.0117721558 0.383300781
vt 0.0118560791 0.385009766
vt 0.00311660767 0.389404297
vt 0.986816406 0.330078125
vt 0.984375 0.513671875
vt 0.986816406 0.513671875
vt 0.984375 0.330078125
vt 0.981933594 0.513671875
vt 0.981933594 0.330078125
vt 0.979980469 0.513671875
vt 0.979980469 0.329833984
vt 0.981933594 0.308837891
vt 0.979980469 0.30859375
vt 0.984375 0.308837891
vt 0.986816406 0.308837891
vt 0.981933594 0.303222656
vt 0.979980469 0.302978516
vt 0.988769531 0.30859375
vt 0.988769531 0.329833984
vt 0.988769531 0.302978516
vt 0.986816406 0.303222656
vt 0.988769531 0.298583984
vt 0.986816406 0.299072266
vt 0.984375 0.303222656
vt 0.984375 0.299072266
vt 0.981933594 0.299072266
vt 0.979980469 0.298583984
vt 0.988769531 0.329833984
vt 0.986816406 0.330078125
vt 0.986816406 0.513671875
vt 0.988769531 0.513671875
vt 0.990234375 0.329589844
vt 0.990234375 0.513183594
vt 0.990234375 0.308349609
vt 0.988769531 0.30859375
vt 0.990234375 0.302734375
vt 0.988769531 0.302978516
vt 0.984375 0.770996094
vt 0.981933594 0.955566406
vt 0.984375 0.955566406
vt 0.981933594 0.770996094
vt 0.979980469 0.955566406
vt 0.983886719 0.749511719
vt 0.979980469 0.770996094
vt 0.981933594 0.749511719
vt 0.984375 0.743652344
vt 0.979980469 0.749511719
vt 0.981933594 0.743652344
vt 0.984375 0.737792969
vt 0.979980469 0.743652344
vt 0.981933594 0.737792969
vt 0.984375 0.728515625
vt 0.979980469 0.737792969
vt 0.981933594 0.728515625
vt 0.979980469 0.729492188
vt 0.635253906 0.619140625
vt 0.819824219 0.62109375
vt 0.819824219 0.619140625
vt 0.635253906 0.617675781
vt 0.819824219 0.617675781
vt 0.0448303223 0.385253906
vt 0.23046875 0.387695312
vt 0.23046875 0.385253906
vt 0.0448303223 0.387695312
vt 0.23046875 0.389892578
vt 0.0232696533 0.385253906
vt 0.0232696533 0.383300781
vt 0.0174713135 0.383544922
vt 0.0448303223 0.389892578
vt 0.23046875 0.392089844
vt 0.0448303223 0.392089844
vt 0.0174560547 0.385742188
vt 0.0118560791 0.385009766
vt 0.0232696533 0.387695312
vt 0.0232696533 0.389892578
vt 0.0232696533 0.392089844
vt 0.0174560547 0.388183594
vt 0.0174713135 0.390380859
vt 0.0175018311 0.392578125
vt 0.01197052 0.387451172
vt 0.0121383667 0.389892578
vt 0.0123672485 0.392089844
vt 0.00426101685 0.390625
vt 0.00311660767 0.389404297
vt 6.13331795E-05 0.393066406
vt 0.00570678711 0.392333984
vt 0.00121974945 0.39453125
vt -0.0043182373 0.404296875
vt -0.00266647339 0.404296875
vt 0.00731658936 0.393798828
vt 0.00269699097 0.395996094
vt 0.0126419067 0.394287109
vt 0.0175476074 0.394042969
vt 0.0129089355 0.395751953
vt 0.00894927979 0.395507812
vt 0.0104370117 0.396484375
vt -0.000581741333 0.404541016
vt -0.00266647339 0.506835938
vt -0.000581741333 0.506835938
vt 0.00435638428 0.397705078
vt 0.00605010986 0.399414062
vt 0.00761032104 0.400634766
vt 0.00172901154 0.404541016
vt 0.0040397644 0.404541016
vt 0.00612640381 0.404541016
vt 0.00172901154 0.506835938
vt -0.000581741333 0.513183594
vt 0.0040397644 0.506835938
vt 0.00172901154 0.513183594
vt 0.00612640381 0.506835938
vt 0.00778579712 0.404541016
vt 0.00778579712 0.506835938
vt 0.0040397644 0.513183594
vt 0.00612640381 0.513183594
vt 0.00778579712 0.512695312
vt 0.00778579712 0.615234375
vt 0.00612640381 0.615234375
vt 0.00888061523 0.618164062
vt 0.00172901154 0.615234375
vt -0.000581741333 0.615722656
vt 0.0040397644 0.615234375
vt 0.00761032104 0.619140625
vt 0.0116271973 0.622558594
vt 0.00435638428 0.622070312
vt 0.00269699097 0.624023438
vt 0.00605010986 0.620605469
vt 0.0104370117 0.623535156
vt 0.0129089355 0.624023438
vt 0.00894927979 0.624511719
vt 0.0126419067 0.625488281
vt 0.0175476074 0.625488281
vt 0.00731658936 0.625976562
vt 0.0123672485 0.627929688
vt 0.0175018311 0.627441406
vt 0.0232696533 0.625976562
vt 0.00570678711 0.627929688
vt 0.00121974945 0.625488281
vt 0.0121383667 0.630371094
vt 0.0232696533 0.627929688
vt 0.0448303223 0.625976562
vt 0.0174713135 0.629394531
vt 0.00426101685 0.629394531
vt 6.13331795E-05 0.626953125
vt 0.00311660767 0.630371094
vt 0.0448303223 0.627929688
vt 0.23046875 0.625976562
vt 0.23046875 0.627929688
vt 0.01197052 0.6328125
vt 0.0118560791 0.634765625
vt 0.0117721558 0.636230469
vt 0.0232696533 0.629882812
vt 0.0448303223 0.629882812
vt 0.23046875 0.629882812
vt 0.0174560547 0.631835938
vt 0.0174560547 0.634277344
vt 0.0174713135 0.636230469
vt 0.0232696533 0.632324219
vt 0.0448303223 0.632324219
vt 0.23046875 0.632324219
vt 0.0232696533 0.634765625
vt 0.0232696533 0.63671875
vt 0.0448303223 0.634765625
vt 0.23046875 0.634765625
vt 0.0448303223 0.63671875
vt 0.23046875 0.63671875
vt 0.803710938 0.625
vt 0.806152344 0.624023438
vt 0.803710938 0.624023438
vt 0.806152344 0.625
vt 0.803710938 0.629394531
vt 0.808105469 0.624023438
vt 0.806152344 0.629882812
vt 0.808105469 0.625
vt 0.810058594 0.623046875
vt 0.810058594 0.624511719
vt 0.808105469 0.629394531
vt 0.810058594 0.629394531
vt 0.806152344 0.632324219
vt 0.803710938 0.632324219
vt 0.804199219 0.730957031
vt 0.808105469 0.632324219
vt 0.806640625 0.730957031
vt 0.804199219 0.736816406
vt 0.806640625 0.736816406
vt 0.810058594 0.632324219
vt 0.811523438 0.628417969
vt 0.812011719 0.6328125
vt 0.809082031 0.730957031
vt 0.811035156 0.730957031
vt 0.809082031 0.736816406
vt 0.811035156 0.736816406
vt 0.812011719 0.835449219
vt 0.809570312 0.835449219
vt 0.807617188 0.835449219
vt 0.811523438 0.838378906
vt 0.809570312 0.837890625
vt 0.812011719 0.841796875
vt 0.807617188 0.837402344
vt 0.810058594 0.840820312
vt 0.807617188 0.840820312
vt 0.800292969 0.624023438
vt 0.801757812 0.623046875
vt 0.799804688 0.621582031
vt 0.801757812 0.624511719
vt 0.803710938 0.624023438
vt 0.800292969 0.628417969
vt 0.803710938 0.625
vt 0.801757812 0.629394531
vt 0.799804688 0.6328125
vt 0.803710938 0.629394531
vt 0.801757812 0.632324219
vt 0.803710938 0.632324219
vt 0.806152344 0.629882812
vt 0.802246094 0.730957031
vt 0.804199219 0.730957031
vt 0.802246094 0.736816406
vt 0.804199219 0.736816406
vt 0.805175781 0.835449219
vt 0.803222656 0.835449219
vt 0.807617188 0.835449219
vt 0.806640625 0.736816406
vt 0.807617188 0.837402344
vt 0.805175781 0.837890625
vt 0.803222656 0.838378906
vt 0.807617188 0.840820312
vt 0.805175781 0.841308594
vt 0.803222656 0.841796875
vt 0.805175781 0.841796875
vt 0.803222656 0.842773438
vt 0.807617188 0.841308594
vt 0.810058594 0.841796875
vt 0.810058594 0.840820312
vt 0.986328125 0.728515625
vt 0.984375 0.728515625
vt 0.984375 0.737792969
vt 0.986328125 0.737792969
vt 0.988769531 0.729492188
vt 0.984375 0.743652344
vt 0.988769531 0.737792969
vt 0.986328125 0.743652344
vt 0.983886719 0.749511719
vt 0.988769531 0.743652344
vt 0.990234375 0.737792969
vt 0.990234375 0.743652344
vt 0.986328125 0.749511719
vt 0.984375 0.770996094
vt 0.988769531 0.749511719
vt 0.990234375 0.749511719
vt 0.986328125 0.770996094
vt 0.984375 0.955566406
vt 0.986328125 0.955566406
vt 0.988769531 0.770996094
vt 0.990234375 0.770996094
vt 0.988769531 0.955566406
vt 0.594726562 0.620605469
vt 0.602539062 0.627929688
vt 0.602539062 0.625976562
vt 0.59375 0.622070312
vt 0.591796875 0.616699219
vt 0.590820312 0.618164062
vt 0.635253906 0.619140625
vt 0.635253906 0.617675781
vt 0.613769531 0.617675781
vt 0.613769531 0.619140625
vt 0.607910156 0.6171875
vt 0.635253906 0.621582031
vt 0.819824219 0.62109375
vt 0.819824219 0.623535156
vt 0.607910156 0.618652344
vt 0.603515625 0.615234375
vt 0.603515625 0.6171875
vt 0.635253906 0.623535156
vt 0.819824219 0.625976562
vt 0.613769531 0.621582031
vt 0.607910156 0.62109375
vt 0.635253906 0.625976562
vt 0.819824219 0.627929688
vt 0.635253906 0.627929688
vt 0.613769531 0.623535156
vt 0.613769531 0.625976562
vt 0.613769531 0.627929688
vt 0.603027344 0.619140625
vt 0.601074219 0.614746094
vt 0.607910156 0.623046875
vt 0.607910156 0.625488281
vt 0.607910156 0.627441406
vt 0.599609375 0.615722656
vt 0.598144531 0.610839844
vt 0.603027344 0.621582031
vt 0.602539062 0.624023438
vt 0.602539062 0.625976562
vt 0.596679688 0.611816406
vt 0.596679688 0.606933594
vt 0.594726562 0.606933594
vt 0.595214844 0.613769531
vt 0.598144531 0.6171875
vt 0.596191406 0.619140625
vt 0.594726562 0.620605469
vt 0.593261719 0.615234375
vt 0.592285156 0.606933594
vt 0.591796875 0.616699219
vt 0.590332031 0.606933594
vt 0.587890625 0.606933594
vt 0.592285156 0.505371094
vt 0.590332031 0.505371094
vt 0.587890625 0.505371094
vt 0.590332031 0.499023438
vt 0.587890625 0.498779297
vt 0.587890625 0.397216797
vt 0.592285156 0.499023438
vt 0.590332031 0.397216797
vt 0.591796875 0.387207031
vt 0.594726562 0.499023438
vt 0.594726562 0.504882812
vt 0.596679688 0.499023438
vt 0.592285156 0.397216797
vt 0.594726562 0.397216797
vt 0.596679688 0.397216797
vt 0.593261719 0.388916016
vt 0.596679688 0.392089844
vt 0.598144531 0.393310547
vt 0.595214844 0.390625
vt 0.594726562 0.383544922
vt 0.596191406 0.385009766
vt 0.598144531 0.38671875
vt 0.602539062 0.380126953
vt 0.59375 0.382080078
vt 0.590820312 0.385742188
vt 0.602539062 0.376220703
vt 0.602539062 0.377929688
vt 0.599609375 0.388183594
vt 0.603027344 0.382568359
vt 0.601074219 0.389404297
vt 0.599609375 0.394287109
vt 0.602050781 0.390136719
vt 0.603515625 0.386962891
vt 0.603027344 0.385009766
vt 0.607910156 0.378662109
vt 0.607910156 0.376464844
vt 0.607910156 0.383300781
vt 0.607910156 0.385253906
vt 0.607910156 0.380859375
vt 0.613769531 0.375976562
vt 0.613769531 0.374267578
vt 0.635253906 0.374267578
vt 0.635253906 0.375976562
vt 0.613769531 0.378173828
vt 0.613769531 0.3828125
vt 0.613769531 0.384765625
vt 0.635253906 0.3828125
vt 0.613769531 0.380371094
vt 0.635253906 0.378173828
vt 0.819824219 0.375976562
vt 0.819824219 0.378173828
vt 0.635253906 0.380371094
vt 0.819824219 0.380371094
vt 0.819824219 0.382568359
vt 0.602050781 0.613769531
vt 0.603515625 0.6171875
vt 0.603515625 0.615234375
vt 0.601074219 0.614746094
vt 0.599609375 0.609863281
vt 0.598144531 0.610839844
vt -0.00266647339 0.404296875
vt -0.0043182373 0.404296875
vt -0.0043182373 0.506835938
vt -0.00266647339 0.506835938
vt -0.0043182373 0.513183594
vt -0.00266647339 0.513183594
vt -0.000581741333 0.506835938
vt -0.000581741333 0.513183594
vt -0.000581741333 0.615722656
vt -0.00266647339 0.615234375
vt 0.00269699097 0.624023438
vt -0.0043182373 0.615234375
vt 0.00121974945 0.625488281
vt 6.13331795E-05 0.626953125
vt 0.592285156 0.606933594
vt 0.594726562 0.504882812
vt 0.592285156 0.505371094
vt 0.594726562 0.606933594
vt 0.595214844 0.613769531
vt 0.596679688 0.504882812
vt 0.596679688 0.606933594
vt 0.596679688 0.499023438
vt 0.598632812 0.504882812
vt 0.598632812 0.606933594
vt 0.598632812 0.499023438
vt 0.596679688 0.397216797
vt 0.598632812 0.397216797
vt 0.598144531 0.393310547
vt 0.599609375 0.394287109
vt 0.981933594 -0.000154733658
vt 0.979980469 0.000132679939
vt 0.979980469 0.0123291016
vt 0.982421875 0.0123291016
vt 0.979980469 0.114257812
vt 0.982421875 0.114257812
vt 0.979980469 0.120544434
vt 0.984375 0.000125050545
vt 0.983886719 -0.00364112854
vt 0.981933594 -0.0039100647
vt 0.985839844 -0.00285339355
vt 0.986328125 0.000943660736
vt 0.984375 0.0123214722
vt 0.986816406 0.0123062134
vt 0.984375 0.114196777
vt 0.986816406 0.114196777
vt 0.982421875 0.120605469
vt 0.984375 0.120544434
vt 0.986816406 0.120544434
vt 0.986816406 0.222412109
vt 0.984375 0.222412109
vt 0.986328125 0.233520508
vt 0.984375 0.234375
vt 0.982421875 0.22253418
vt 0.979980469 0.22253418
vt 0.981933594 0.234741211
vt 0.977539062 0.000958442688
vt 0.976074219 0.0022354126
vt 0.976074219 0.0122909546
vt 0.978027344 0.0123138428
vt 0.979980469 0.000132679939
vt 0.976074219 0.114196777
vt 0.979980469 0.0123291016
vt 0.978027344 0.114196777
vt 0.979980469 0.114257812
vt 0.976074219 0.120483398
vt 0.978027344 0.120544434
vt 0.979980469 0.120544434
vt 0.979980469 0.22253418
vt 0.978027344 0.222412109
vt 0.976074219 0.222412109
vt 0.979980469 0.234375
vt 0.977539062 0.233520508
vt 0.976074219 0.232177734
vt 0.979492188 0.238037109
vt 0.977539062 0.237182617
vt 0.981933594 0.23828125
vt 0.979980469 0.000132679939
vt 0.981933594 -0.000154733658
vt 0.981933594 -0.0039100647
vt 0.979492188 -0.00363349915
vt 0.977539062 0.000958442688
vt 0.977539062 -0.00283813477
vt 0.666992188 0.375976562
vt 0.668945312 0.375976562
vt 0.670898438 0.375244141
vt 0.664550781 0.375244141
vt 0.672851562 0.373779297
vt 0.663085938 0.373779297
vt 0.674316406 0.372070312
vt 0.661621094 0.372070312
vt 0.674804688 0.369873047
vt 0.661132812 0.369873047
vt 0.674804688 0.367675781
vt 0.661132812 0.367675781
vt 0.674316406 0.365722656
vt 0.661621094 0.365478516
vt 0.672851562 0.363769531
vt 0.663085938 0.363769531
vt 0.670898438 0.362548828
vt 0.664550781 0.362548828
vt 0.668945312 0.361816406
vt 0.666992188 0.361816406
vt 0.981445312 0.689453125
vt 0.979980469 0.505859375
vt 0.979980469 0.689453125
vt 0.981445312 0.505859375
vt 0.983398438 0.689453125
vt 0.983398438 0.505371094
vt 0.985839844 0.689453125
vt 0.985839844 0.505371094
vt 0.985839844 0.710449219
vt 0.983398438 0.710449219
vt 0.98828125 0.689453125
vt 0.98828125 0.505371094
vt 0.990234375 0.689453125
vt 0.990234375 0.505859375
vt 0.990234375 0.7109375
vt 0.98828125 0.710449219
vt 0.990234375 0.716796875
vt 0.98828125 0.716308594
vt 0.990234375 0.72265625
vt 0.985839844 0.716308594
vt 0.983398438 0.716308594
vt 0.98828125 0.722167969
vt 0.990234375 0.731933594
vt 0.98828125 0.732421875
vt 0.985839844 0.722167969
vt 0.985839844 0.732910156
vt 0.983398438 0.722167969
vt 0.981445312 0.716796875
vt 0.981445312 0.7109375
vt 0.981445312 0.72265625
vt 0.983398438 0.732421875
vt 0.985839844 0.736328125
vt 0.972167969 0.956054688
vt 0.972167969 0.771972656
vt 0.970214844 0.771972656
vt 0.970214844 0.956054688
vt 0.972167969 0.977539062
vt 0.967773438 0.771972656
vt 0.970214844 0.977539062
vt 0.972167969 0.983398438
vt 0.967773438 0.956054688
vt 0.965820312 0.771972656
vt 0.970214844 0.983398438
vt 0.972167969 0.987792969
vt 0.970214844 0.987792969
vt 0.965332031 0.956054688
vt 0.963378906 0.771972656
vt 0.967773438 0.977539062
vt 0.967773438 0.982910156
vt 0.967773438 0.987304688
vt 0.963378906 0.956054688
vt 0.961914062 0.771972656
vt 0.961914062 0.956054688
vt 0.965332031 0.977539062
vt 0.965332031 0.982910156
vt 0.965820312 0.987792969
vt 0.963378906 0.977539062
vt 0.961914062 0.977539062
vt 0.963378906 0.983398438
vt 0.963378906 0.987792969
vt 0.635253906 0.384765625
vt 0.819824219 0.384765625
vt 0.819824219 0.382568359
vt 0.635253906 0.3828125
vt 0.613769531 0.384765625
vt 0.635253906 0.375976562
vt 0.819824219 0.375976562
vt 0.819824219 0.374267578
vt 0.635253906 0.374267578
vt 0.965820312 0.98828125
vt 0.965820312 0.987792969
vt 0.963378906 0.987792969
vt 0.963378906 0.989257812
vt 0.596191406 0.385009766
vt 0.602539062 0.377929688
vt 0.594726562 0.383544922
vt 0.602539062 0.380126953
vt 0.607910156 0.376464844
vt 0.607910156 0.374755859
vt 0.602539062 0.376220703
vt 0.613769531 0.374267578
vt 0.981445312 0.689453125
vt 0.983398438 0.710449219
vt 0.983398438 0.689453125
vt 0.981445312 0.7109375
vt 0.983398438 0.716308594
vt 0.979980469 0.689453125
vt 0.979980469 0.7109375
vt 0.981445312 0.716796875
vt 0.979980469 0.716796875
vt 0.981445312 0.72265625
vt 0.979980469 0.72265625
vt 0.983398438 0.732421875
vt 0.981445312 0.731933594
vt 0.983398438 0.735839844
vt 0.981445312 0.735351562
vt 0.985839844 0.736328125
vt 0.963378906 0.987792969
vt 0.961914062 0.983398438
vt 0.961914062 0.98828125
vt 0.963378906 0.983398438
vt 0.961914062 0.977539062
vt 0.981933594 0.234741211
vt 0.982421875 0.22253418
vt 0.979980469 0.22253418
vt 0.979980469 0.234375
vt 0.981933594 0.23828125
vt 0.655273438 0.361816406
vt 0.652832031 0.361816406
vt 0.650878906 0.362548828
vt 0.657226562 0.362548828
vt 0.648925781 0.363769531
vt 0.659179688 0.363769531
vt 0.647949219 0.365478516
vt 0.66015625 0.365722656
vt 0.646972656 0.367675781
vt 0.661132812 0.367675781
vt 0.646972656 0.369873047
vt 0.661132812 0.369873047
vt 0.647949219 0.372070312
vt 0.66015625 0.372070312
vt 0.648925781 0.373779297
vt 0.659179688 0.373779297
vt 0.650878906 0.375244141
vt 0.657226562 0.375244141
vt 0.652832031 0.375976562
vt 0.655273438 0.375976562
vt 0.491699219 0.6875
vt 0.416503906 0.6875
vt 0.416503906 0.762695312
vt 0.491699219 0.762695312
vt 0.339599609 0.6875
vt 0.339599609 0.762695312
vt 0.414550781 0.762695312
vt 0.414550781 0.6875
vt 0.283691406 0.387207031
vt 0.281005859 0.387207031
vt 0.281005859 0.462402344
vt 0.283691406 0.462402344
vt 0.281005859 0.614257812
vt 0.283691406 0.614257812
vt 0.283691406 0.540039062
vt 0.281005859 0.540039062
vt 0.281005859 0.538574219
vt 0.283691406 0.538574219
vt 0.283691406 0.463867188
vt 0.281005859 0.463867188
vt 0.283691406 0.462402344
vt 0.286132812 0.462402344
vt 0.286132812 0.387207031
vt 0.283691406 0.387207031
vt 0.570800781 0.951171875
vt 0.549316406 0.951171875
vt 0.549316406 0.9765625
vt 0.570800781 0.9765625
vt 0.0777587891 0.958984375
vt 0.0777587891 0.956542969
vt 0.0520935059 0.956542969
vt 0.0520935059 0.958984375
vt 0.0777587891 0.961425781
vt 0.0520629883 0.961425781
vt 0.22644043 0.667480469
vt 0.200317383 0.643554688
vt 0.200317383 0.667480469
vt 0.22644043 0.643554688
vt 0.199951172 0.637695312
vt 0.226074219 0.637695312
vt 0.198974609 0.631347656
vt 0.225097656 0.631347656
vt 0.758789062 0.957519531
vt 0.735351562 0.949707031
vt 0.752441406 0.965332031
vt 0.743164062 0.943359375
vt 0.732910156 0.943847656
vt 0.742675781 0.940917969
vt 0.732421875 0.935546875
vt 0.743164062 0.937988281
vt 0.735839844 0.927734375
vt 0.743652344 0.935058594
vt 0.751464844 0.910644531
vt 0.758789062 0.91796875
vt 0.758300781 0.307373047
vt 0.749023438 0.328613281
vt 0.764648438 0.314941406
vt 0.741210938 0.322265625
vt 0.748535156 0.331298828
vt 0.738769531 0.327880859
vt 0.749023438 0.334228516
vt 0.73828125 0.336181641
vt 0.749023438 0.337158203
vt 0.741699219 0.343994141
vt 0.764648438 0.354736328
vt 0.757324219 0.361572266
vt 0.467041016 0.9140625
vt 0.492431641 0.922363281
vt 0.492431641 0.9140625
vt 0.467041016 0.922363281
vt 0.492431641 0.946289062
vt 0.467041016 0.946289062
vt 0.141357422 0.986816406
vt 0.141357422 0.961914062
vt 0.131225586 0.961914062
vt 0.131225586 0.986816406
vt 0.0777587891 0.956542969
vt 0.0777587891 0.932617188
vt 0.0520935059 0.932617188
vt 0.0520935059 0.956542969
vt 0.549316406 0.951171875
vt 0.547363281 0.951171875
vt 0.547363281 0.9765625
vt 0.549316406 0.9765625
vt 0.81640625 0.951171875
vt 0.81640625 0.9765625
vt 0.837402344 0.9765625
vt 0.837402344 0.951171875
vt 0.141479492 0.935058594
vt 0.115844727 0.9375
vt 0.141479492 0.9375
vt 0.115844727 0.935058594
vt 0.141357422 0.932617188
vt 0.115783691 0.932617188
vt 0.109741211 0.936035156
vt 0.0842895508 0.936035156
vt 0.0842895508 0.958984375
vt 0.109741211 0.958984375
vt 0.0842895508 0.96484375
vt 0.109741211 0.96484375
vt 0.666992188 0.918457031
vt 0.66015625 0.911132812
vt 0.643066406 0.926757812
vt 0.651367188 0.932617188
vt 0.640625 0.932128906
vt 0.650878906 0.935546875
vt 0.640136719 0.940429688
vt 0.650878906 0.937988281
vt 0.644042969 0.948242188
vt 0.651367188 0.940917969
vt 0.659667969 0.965332031
vt 0.666992188 0.958007812
vt 0.78515625 0.361572266
vt 0.791992188 0.354003906
vt 0.776367188 0.340087891
vt 0.768554688 0.346435547
vt 0.775878906 0.337402344
vt 0.766113281 0.341064453
vt 0.776367188 0.334716797
vt 0.765625 0.332519531
vt 0.776367188 0.331787109
vt 0.769042969 0.324951172
vt 0.791992188 0.314208984
vt 0.784667969 0.307373047
vt 0.0895996094 0.990234375
vt 0.0997924805 0.990234375
vt 0.0997924805 0.965332031
vt 0.0895996094 0.965332031
vt 0.141479492 0.9375
vt 0.115844727 0.9375
vt 0.115844727 0.961425781
vt 0.141479492 0.961425781
vt 0.905273438 0.340332031
vt 0.879394531 0.364501953
vt 0.905273438 0.364501953
vt 0.879394531 0.340332031
vt 0.905273438 0.331787109
vt 0.879394531 0.331787109
vt 0.905273438 0.325439453
vt 0.879394531 0.325439453
vt 0.837402344 0.951171875
vt 0.837402344 0.9765625
vt 0.83984375 0.977050781
vt 0.83984375 0.951660156
vt 0.980957031 0.975097656
vt 0.979980469 0.952148438
vt 0.979980469 0.977539062
vt 0.980957031 0.954589844
vt 0.989257812 0.975097656
vt 0.990234375 0.952148438
vt 0.990234375 0.977539062
vt 0.989257812 0.954589844
vt 0.116760254 0.964355469
vt 0.115844727 0.986816406
vt 0.116760254 0.984863281
vt 0.115844727 0.961914062
vt 0.125976562 0.986816406
vt 0.125 0.964355469
vt 0.125 0.984863281
vt 0.125976562 0.961914062
vt 0.016418457 0.923828125
vt 0.0128326416 0.923828125
vt 0.00940704346 0.924804688
vt 0.0198516846 0.925292969
vt 0.00650024414 0.927246094
vt 0.0227508545 0.928222656
vt 0.00438690186 0.931152344
vt 0.0248718262 0.932128906
vt 0.00327682495 0.935058594
vt 0.0259857178 0.936523438
vt 0.00327682495 0.939453125
vt 0.0259857178 0.940917969
vt 0.00438690186 0.943847656
vt 0.0248718262 0.944824219
vt 0.00650024414 0.947753906
vt 0.0227508545 0.948242188
vt 0.00940704346 0.950195312
vt 0.0198516846 0.951171875
vt 0.0128326416 0.952148438
vt 0.016418457 0.952148438
vt 0.870605469 0.921875
vt 0.866699219 0.921875
vt 0.862792969 0.923339844
vt 0.859863281 0.92578125
vt 0.874023438 0.923339844
vt 0.857910156 0.929199219
vt 0.877441406 0.92578125
vt 0.856933594 0.933105469
vt 0.879882812 0.929199219
vt 0.857421875 0.937011719
vt 0.881347656 0.933105469
vt 0.858886719 0.940917969
vt 0.881347656 0.937011719
vt 0.861328125 0.944335938
vt 0.880371094 0.940917969
vt 0.864257812 0.946777344
vt 0.878417969 0.944335938
vt 0.868164062 0.948242188
vt 0.875488281 0.946777344
vt 0.872070312 0.948242188
vt 0.383789062 0.966308594
vt 0.387451172 0.967285156
vt 0.391601562 0.967285156
vt 0.380371094 0.963867188
vt 0.395263672 0.966308594
vt 0.378173828 0.960449219
vt 0.3984375 0.963867188
vt 0.376953125 0.956542969
vt 0.400878906 0.960449219
vt 0.376953125 0.952636719
vt 0.402099609 0.956542969
vt 0.378173828 0.94921875
vt 0.402099609 0.952636719
vt 0.380371094 0.945800781
vt 0.400878906 0.948730469
vt 0.383789062 0.943359375
vt 0.3984375 0.945800781
vt 0.387451172 0.942382812
vt 0.395263672 0.943359375
vt 0.391601562 0.942382812
vt 0.615722656 0.963867188
vt 0.6171875 0.959960938
vt 0.6171875 0.956054688
vt 0.615722656 0.952148438
vt 0.61328125 0.967285156
vt 0.61328125 0.948730469
vt 0.610351562 0.969726562
vt 0.610351562 0.946777344
vt 0.606445312 0.970703125
vt 0.606445312 0.9453125
vt 0.602539062 0.970703125
vt 0.602539062 0.9453125
vt 0.598632812 0.969726562
vt 0.598632812 0.946777344
vt 0.595214844 0.967285156
vt 0.595214844 0.94921875
vt 0.593261719 0.963867188
vt 0.593261719 0.952148438
vt 0.591796875 0.959960938
vt 0.591796875 0.956054688
vt 0.691894531 0.916992188
vt 0.688476562 0.916015625
vt 0.684570312 0.916015625
vt 0.681152344 0.917480469
vt 0.694824219 0.919433594
vt 0.677734375 0.919921875
vt 0.697265625 0.922851562
vt 0.67578125 0.923828125
vt 0.698242188 0.927246094
vt 0.674804688 0.927734375
vt 0.698242188 0.931640625
vt 0.674804688 0.932128906
vt 0.697265625 0.935546875
vt 0.67578125 0.936523438
vt 0.694824219 0.938964844
vt 0.677734375 0.939941406
vt 0.691894531 0.941894531
vt 0.681152344 0.942382812
vt 0.688476562 0.943359375
vt 0.684570312 0.943359375
vt 0.948730469 0.355712891
vt 0.952148438 0.355957031
vt 0.955078125 0.354736328
vt 0.9453125 0.354248047
vt 0.958007812 0.352050781
vt 0.942382812 0.3515625
vt 0.959960938 0.348388672
vt 0.940429688 0.34765625
vt 0.9609375 0.343994141
vt 0.939453125 0.343261719
vt 0.9609375 0.339355469
vt 0.939453125 0.338623047
vt 0.959960938 0.334960938
vt 0.940429688 0.334228516
vt 0.958007812 0.331298828
vt 0.942382812 0.330566406
vt 0.955078125 0.328369141
vt 0.9453125 0.328125
vt 0.952148438 0.326904297
vt 0.948730469 0.326660156
vt 0.178710938 0.951171875
vt 0.182373047 0.951171875
vt 0.185668945 0.950195312
vt 0.188598633 0.947753906
vt 0.175415039 0.94921875
vt 0.190673828 0.944335938
vt 0.172485352 0.946289062
vt 0.191772461 0.939941406
vt 0.170410156 0.942871094
vt 0.191772461 0.935546875
vt 0.169311523 0.938476562
vt 0.190673828 0.931152344
vt 0.169311523 0.93359375
vt 0.188598633 0.927246094
vt 0.170410156 0.9296875
vt 0.185668945 0.924316406
vt 0.172485352 0.926269531
vt 0.182373047 0.922851562
vt 0.175415039 0.923828125
vt 0.178710938 0.922363281
vt 0.431396484 0.955078125
vt 0.434570312 0.955078125
vt 0.437744141 0.954101562
vt 0.428222656 0.953125
vt 0.440429688 0.951171875
vt 0.425537109 0.950195312
vt 0.442382812 0.947753906
vt 0.423583984 0.945800781
vt 0.443359375 0.943359375
vt 0.422607422 0.94140625
vt 0.443359375 0.938476562
vt 0.422607422 0.936523438
vt 0.442382812 0.934082031
vt 0.423583984 0.932128906
vt 0.440429688 0.9296875
vt 0.425537109 0.928222656
vt 0.437744141 0.926757812
vt 0.428222656 0.92578125
vt 0.434570312 0.924804688
vt 0.431396484 0.924804688
vt 0.348388672 0.974121094
vt 0.352294922 0.974121094
vt 0.355957031 0.97265625
vt 0.344970703 0.97265625
vt 0.359130859 0.970214844
vt 0.341796875 0.970214844
vt 0.361328125 0.966796875
vt 0.339599609 0.966796875
vt 0.362548828 0.962890625
vt 0.338378906 0.962890625
vt 0.362548828 0.958496094
vt 0.338378906 0.958984375
vt 0.361328125 0.954589844
vt 0.339599609 0.954589844
vt 0.359130859 0.951171875
vt 0.341796875 0.951171875
vt 0.355957031 0.948730469
vt 0.344970703 0.948730469
vt 0.352294922 0.947753906
vt 0.348388672 0.947753906
vt 0.720214844 0.946777344
vt 0.716308594 0.9453125
vt 0.712402344 0.9453125
vt 0.708496094 0.946777344
vt 0.723144531 0.94921875
vt 0.705566406 0.94921875
vt 0.725585938 0.952148438
vt 0.703125 0.952148438
vt 0.727050781 0.956054688
vt 0.702148438 0.956054688
vt 0.727050781 0.959960938
vt 0.702148438 0.960449219
vt 0.725585938 0.963867188
vt 0.703125 0.963867188
vt 0.723144531 0.967285156
vt 0.705566406 0.967285156
vt 0.720214844 0.969726562
vt 0.708496094 0.969726562
vt 0.716308594 0.970703125
vt 0.712402344 0.970703125
vn 0.12109375 0.186157227 -0.975097656
vn 0.135131836 0.142456055 -0.98046875
vn -0.0901489258 -0.095703125 -0.991210938
vn 0.0613098145 0.155883789 -0.985839844
vn -0.118103027 0.153442383 -0.980957031
vn -0.113098145 0.152832031 -0.981933594
vn 0.0613098145 0.155883789 -0.985839844
vn -0.127319336 0.0621948242 -0.989746094
vn -0.118103027 0.153442383 -0.980957031
vn 0.135131836 0.0390625 0.990234375
vn 0.132446289 0.0679931641 0.988769531
vn 0.135742188 0.0618896484 0.988769531
vn 0.135131836 0.142456055 0.98046875
vn 0.125854492 0.0908203125 0.987792969
vn -0.0901489258 -0.095703125 0.991210938
vn 0.132446289 0.0679931641 0.988769531
vn 0.125854492 0.0908203125 0.987792969
vn 0.135742188 0.0618896484 0.988769531
vn 0.818847656 0.14453125 -0.555175781
vn 0.817382812 0.162841797 -0.552734375
vn 0.797851562 -0.218139648 -0.562011719
vn -0.701660156 0.495849609 0.512207031
vn -0.701660156 0.495849609 0.512207031
vn -0.777832031 0.299560547 0.552734375
vn 0.311279297 0.888183594 0.337646484
vn 0.525878906 0.838867188 0.141113281
vn 0.433105469 0.817382812 0.379882812
vn -0.77734375 -0.529785156 0.338623047
vn -0.823242188 -0.0793457031 0.562011719
vn -0.610839844 -0.387939453 0.690429688
vn -0.202880859 0.0205078125 -0.979003906
vn -0.207275391 -0.00360298157 -0.978515625
vn -0.212524414 -0.0271606445 -0.9765625
vn -0.212524414 -0.0271606445 -0.9765625
vn -0.20300293 -0.0563354492 -0.977539062
vn -0.202880859 0.0205078125 -0.979003906
vn -0.172973633 -0.088684082 -0.980957031
vn -0.155883789 0.0547180176 -0.986328125
vn -0.115234375 0.0858154297 -0.989746094
vn 0.00806427002 0.123474121 -0.9921875
vn -0.121032715 -0.111022949 -0.986328125
vn 0.158447266 0.0839233398 -0.983886719
vn -0.0643920898 -0.121337891 -0.990722656
vn 0.203369141 0.0378417969 -0.978515625
vn 0.0211639404 -0.116760254 -0.993164062
vn 0.201416016 0.0272827148 -0.979003906
vn 0.201049805 0.0361328125 -0.979003906
vn 0.203979492 0.0344543457 -0.978515625
vn 0.110900879 -0.0818481445 -0.990234375
vn 0.198730469 0.0271911621 -0.979492188
vn 0.173339844 -0.0258331299 -0.984375
vn 0.202636719 0.0217285156 -0.979003906
vn -0.20300293 -0.0563354492 -0.977539062
vn -0.155883789 0.0547180176 -0.986328125
vn -0.202880859 0.0205078125 -0.979003906
vn -0.24597168 0.963867188 -0.101806641
vn -0.375488281 0.916015625 -0.141113281
vn -0.287841797 0.87890625 -0.379882812
vn -0.155761719 0.928222656 -0.337646484
vn -0.209838867 0.537597656 -0.816894531
vn -0.0615539551 0.864746094 -0.498779297
vn -0.701660156 0.495849609 -0.512207031
vn -0.777832031 0.299560547 -0.552734375
vn -0.701660156 0.495849609 -0.512207031
vn 0.535644531 -0.486083984 -0.690429688
vn 0.67578125 -0.654296875 -0.338623047
vn 0.80078125 -0.20300293 -0.563476562
vn 0.817382812 0.162841797 -0.552734375
vn 0.818847656 0.14453125 -0.555175781
vn 0.775390625 0.369384766 -0.512207031
vn 0.775390625 0.369384766 -0.512207031
vn 0.911132812 -0.411865234 0
vn 0.911132812 -0.411865234 0
vn 0.967773438 -0.251953125 0
vn -0.212524414 -0.0271606445 0.9765625
vn -0.207275391 -0.00360298157 0.978515625
vn -0.202880859 0.0205078125 0.979003906
vn -0.202880859 0.0205078125 0.979003906
vn -0.20300293 -0.0563354492 0.977539062
vn -0.212524414 -0.0271606445 0.9765625
vn -0.155883789 0.0547180176 0.986328125
vn -0.172973633 -0.088684082 0.980957031
vn -0.115234375 0.0858154297 0.989746094
vn 0.00806427002 0.123474121 0.9921875
vn -0.121032715 -0.111022949 0.986328125
vn 0.158447266 0.0839233398 0.983886719
vn -0.0643920898 -0.121337891 0.990722656
vn 0.203369141 0.0378417969 0.978515625
vn 0.0211639404 -0.116760254 0.993164062
vn 0.201416016 0.0272827148 0.979003906
vn 0.201049805 0.0361328125 0.979003906
vn 0.203979492 0.0344543457 0.978515625
vn 0.110900879 -0.0818481445 0.990234375
vn 0.198730469 0.0271911621 0.979492188
vn 0.173339844 -0.0258331299 0.984375
vn 0.202636719 0.0217285156 0.979003906
vn -0.202880859 0.0205078125 0.979003906
vn -0.155883789 0.0547180176 0.986328125
vn -0.20300293 -0.0563354492 0.977539062
vn -0.964355469 0.261474609 0.0397338867
vn -0.91015625 0.409179688 0.0611877441
vn -0.91015625 0.409179688 0.0611877441
vn -0.433105469 0.897460938 -0.0829467773
vn -0.335205078 0.922851562 -0.190673828
vn -0.225585938 0.967285156 -0.114135742
vn 0.38671875 0.915039062 0.114135742
vn 0.579589844 0.811035156 0.0829467773
vn 0.487060547 0.852050781 0.190673828
vn -0.283691406 0.958007812 -0.0356140137
vn -0.489990234 0.871582031 0
vn -0.482421875 0.875488281 -0.0307312012
vn 0.237670898 0.5546875 0.797363281
vn 0.383789062 0.544921875 0.745605469
vn 0.417724609 0.213256836 0.883300781
vn 0.181396484 0.190063477 0.96484375
vn 0.100646973 0.50390625 0.857910156
vn 0.135742188 0.7734375 0.619628906
vn -0.0366210938 0.736328125 0.67578125
vn -0.659179688 -0.500488281 -0.561035156
vn -0.591308594 -0.715820312 -0.370605469
vn -0.591308594 -0.715820312 -0.370605469
vn 0.0299530029 -0.321533203 0.946289062
vn -0.073059082 -0.339355469 0.937988281
vn -0.073059082 -0.339355469 0.937988281
vn 0.961425781 0.123291016 0.246337891
vn 0.993164062 0.00930786133 0.115112305
vn 0.970214844 -0.00917816162 0.242431641
vn 0.981445312 0.153442383 0.116699219
vn 0.999511719 0.0273895264 3.33786011E-06
vn 0.986328125 0.164550781 2.92062759E-06
vn 0.993164062 0.00930786133 -0.115112305
vn 0.981445312 0.153442383 -0.116699219
vn 0.970214844 -0.00918579102 -0.242431641
vn 0.961425781 0.12322998 -0.246337891
vn 0.846191406 0.439941406 -0.300292969
vn -0.798828125 -0.6015625 -3.57627869E-06
vn -0.798828125 -0.6015625 -3.57627869E-06
vn -0.798828125 -0.6015625 -3.57627869E-06
vn -0.62109375 -0.717285156 0.315429688
vn -0.845703125 -0.510253906 0.157348633
vn -0.8125 -0.490234375 0.315429688
vn 0.369140625 0.874023438 -0.315429688
vn 0.62109375 0.717285156 -0.315429688
vn 0.646484375 0.746582031 -0.157348633
vn -0.62109375 -0.717285156 -0.315429688
vn -0.845703125 -0.510253906 -0.157348633
vn -0.646484375 -0.746582031 -0.157348633
vn 0.032623291 0.791503906 0.609863281
vn -0.064453125 0.738769531 0.670898438
vn -0.200439453 0.802246094 0.5625
vn 0.0963134766 0.822753906 0.560546875
vn -0.113220215 0.861328125 0.495605469
vn -0.0511169434 0.895996094 0.441162109
vn 0.157348633 0.846191406 0.509277344
vn 0.0108108521 0.923339844 0.383789062
vn 0.216308594 0.859863281 0.462402344
vn 0.0718383789 0.939453125 0.334472656
vn 0.242797852 0.862792969 0.443847656
vn 0.111633301 0.937988281 0.328369141
vn -0.9140625 -0.216552734 -0.343017578
vn -0.981933594 -0.128051758 -0.139648438
vn -0.924316406 -0.323486328 -0.201660156
vn -0.9140625 -0.216552734 -0.343017578
vn -0.924316406 -0.323486328 -0.201660156
vn -0.924316406 -0.323486328 -0.201660156
vn -0.751953125 -0.254638672 -0.607910156
vn -0.678710938 -0.287597656 -0.67578125
vn -0.678710938 -0.287597656 -0.67578125
vn -0.848632812 -0.15246582 -0.506347656
vn -0.953613281 -0.00601196289 -0.300292969
vn -0.981933594 -0.128051758 -0.139648438
vn -0.982910156 0.136962891 -0.122558594
vn -0.831054688 -0.0212554932 -0.555664062
vn -0.87890625 0.335693359 -0.338867188
vn -0.887207031 0.172119141 -0.428222656
vn -0.725585938 0.0621337891 -0.685546875
vn -0.799804688 0.387695312 -0.458496094
vn -0.7890625 0.235351562 -0.567871094
vn -0.729003906 0.0624389648 -0.681640625
vn -0.775390625 0.39453125 -0.493164062
vn -0.771972656 0.237426758 -0.58984375
vn -0.733398438 0.0628051758 -0.676757812
vn -0.756835938 0.400146484 -0.516601562
vn -0.76171875 0.239746094 -0.602050781
vn -0.736816406 0.0631103516 -0.672851562
vn -0.73828125 0.404296875 -0.540039062
vn -0.752929688 0.242919922 -0.611816406
vn -0.740234375 0.0633544922 -0.669433594
vn -0.721679688 0.405761719 -0.560546875
vn -0.744140625 0.242675781 -0.622558594
vn -0.741210938 0.0634765625 -0.66796875
vn -0.715820312 0.405761719 -0.568359375
vn -0.738769531 0.259033203 -0.622558594
vn 0.544921875 -0.817382812 0.187866211
vn 0.611816406 -0.634765625 0.471679688
vn 0.706542969 -0.620117188 0.340332031
vn 0.384277344 -0.615722656 0.687988281
vn 0.443359375 -0.83984375 0.313232422
vn 0.215820312 -0.8203125 0.529785156
vn 0.0885620117 -0.778320312 0.622070312
vn 0.250488281 -0.581054688 0.774414062
vn -0.104187012 -0.896972656 0.429931641
vn 0.0690917969 0.551269531 -0.831542969
vn -0.000470161438 0.766601562 -0.642089844
vn -0.000470399857 0.766601562 -0.642089844
vn -0.664550781 -0.5 0.555175781
vn -0.595214844 -0.715820312 0.365478516
vn -0.664550781 -0.5 0.555175781
vn -0.525878906 -0.537597656 0.659179688
vn -0.241455078 -0.562011719 0.791015625
vn -0.168701172 -0.787597656 0.592773438
vn -0.583984375 -0.720703125 0.373779297
vn -0.653808594 -0.50390625 0.564453125
vn -0.453369141 -0.763183594 0.460693359
vn -0.484863281 -0.864257812 0.133666992
vn -0.350097656 -0.912597656 0.2109375
vn -0.366210938 -0.920898438 -0.132446289
vn -0.2265625 -0.971679688 -0.0660400391
vn -0.975585938 0.176147461 0.130615234
vn -0.930175781 0.345214844 -0.125610352
vn -0.930175781 0.345214844 0.125610352
vn -0.975585938 0.176147461 -0.130615234
vn -0.98828125 -0.0776977539 0.130126953
vn -0.98828125 -0.0776977539 -0.130126953
vn -0.978515625 -0.160766602 0.130493164
vn -0.978515625 -0.160766602 -0.130493164
vn -0.985839844 -0.115661621 0.12310791
vn -0.985839844 -0.115661621 -0.12310791
vn -0.991699219 -0.0220794678 0.125244141
vn -0.991699219 -0.0220794678 -0.125244141
vn -0.988769531 0.0516662598 0.139038086
vn -0.988769531 0.0516662598 -0.139038086
vn -0.987792969 0.0814208984 0.131591797
vn -0.987792969 0.0814208984 -0.131591797
vn -0.987792969 0.078918457 0.133789062
vn -0.987792969 0.078918457 -0.133789062
vn -0.990234375 0.0288543701 0.134765625
vn -0.990234375 0.0288543701 -0.134765625
vn -0.988769531 -0.0620727539 0.136230469
vn -0.988769531 -0.0620727539 -0.136230469
vn -0.976074219 -0.170654297 0.135620117
vn -0.976074219 -0.170654297 -0.135620117
vn -0.926269531 -0.352050781 0.13293457
vn -0.926269531 -0.352050781 -0.13293457
vn -0.871582031 -0.473632812 0.126220703
vn -0.871582031 -0.473632812 -0.126220703
vn 0.439941406 0.888671875 0.130249023
vn 0.71875 0.683105469 -0.130493164
vn 0.71875 0.683105469 0.130493164
vn 0.439941406 0.888671875 -0.130249023
vn 0.287109375 0.949707031 0.126708984
vn 0.287109375 0.949707031 -0.126708984
vn 0.279052734 -0.952148438 0.125610352
vn 0.279052734 -0.952148438 -0.125610352
vn 0.279052734 -0.951660156 -0.127197266
vn 0.279052734 -0.951660156 0.127197266
vn -0.288574219 -0.94921875 0.127197266
vn -0.288574219 -0.94921875 -0.127197266
vn -0.288574219 -0.94921875 -0.125976562
vn -0.288574219 -0.94921875 0.125976562
vn 0.71875 0.683105469 0.130493164
vn 0.71875 0.683105469 -0.130493164
vn 0.888183594 0.441162109 -0.130126953
vn 0.888183594 0.441162109 0.130126953
vn 0.962890625 0.236816406 -0.130126953
vn 0.962890625 0.236816406 0.130126953
vn 0.986328125 0.100158691 -0.130249023
vn 0.986328125 0.100158691 0.130249023
vn 0.991699219 0.00854492188 -0.12890625
vn 0.991699219 0.00854492188 0.12890625
vn 0.985351562 -0.111572266 -0.129150391
vn 0.985351562 -0.111572266 0.129150391
vn 0.986328125 -0.100891113 -0.130004883
vn 0.986328125 -0.100891113 0.130004883
vn 0.991699219 0.0194854736 -0.125488281
vn 0.991699219 0.0194854736 0.125488281
vn 0.975097656 0.176879883 -0.134277344
vn 0.975097656 0.176879883 0.134277344
vn 0.954101562 0.266845703 -0.134033203
vn 0.954101562 0.266845703 0.134033203
vn 0.956542969 0.260498047 -0.131469727
vn 0.956542969 0.260498047 0.131469727
vn 0.947265625 0.293212891 -0.129394531
vn 0.947265625 0.293212891 0.129394531
vn 0.948730469 0.286132812 -0.133911133
vn 0.948730469 0.286132812 0.133911133
vn 0.958984375 0.249511719 -0.133056641
vn 0.958984375 0.249511719 0.133056641
vn 0.978515625 0.155639648 -0.134399414
vn 0.978515625 0.155639648 0.134399414
vn 0.990234375 -0.0309753418 -0.135986328
vn 0.990234375 -0.0309753418 0.135986328
vn 0.970703125 -0.198852539 -0.135742188
vn 0.970703125 -0.198852539 0.135742188
vn 0.92578125 -0.353759766 -0.133178711
vn 0.92578125 -0.353759766 0.133178711
vn 0.893554688 -0.429199219 -0.131958008
vn 0.893554688 -0.429199219 0.131958008
vn -0.115356445 0.101806641 -0.98828125
vn -0.11920166 0.0715942383 -0.990234375
vn -0.120544434 0.0335388184 -0.9921875
vn -0.112487793 0.112304688 -0.987304688
vn -0.117980957 0.00044798851 -0.993164062
vn -0.113098145 0.152832031 -0.981933594
vn -0.11907959 -0.0291748047 -0.992675781
vn 0.103027344 0.129516602 -0.986328125
vn 0.0613098145 0.155883789 -0.985839844
vn -0.0901489258 -0.095703125 -0.991210938
vn 0.125854492 0.0908203125 -0.987792969
vn 0.135131836 0.142456055 -0.98046875
vn 0.132446289 0.0679931641 -0.988769531
vn 0.135742188 0.0618896484 -0.988769531
vn 0.135131836 0.0390625 -0.990234375
vn 0.134155273 0.0439758301 -0.989746094
vn 0.136474609 0.0386962891 -0.989746094
vn 0.120605469 0.158447266 -0.979980469
vn 0.12109375 0.186157227 -0.975097656
vn 0.000571727753 -0.12298584 -0.9921875
vn 0.122619629 0.125610352 -0.984375
vn 0.112609863 0.139160156 -0.983886719
vn 0.0954589844 -0.0960083008 -0.990722656
vn 0.111816406 -0.0302276611 -0.993164062
vn 0.112731934 0.133789062 -0.984375
vn 0.1171875 -0.0282287598 -0.992675781
vn 0.115722656 0.106201172 -0.987792969
vn 0.119506836 -0.00752258301 -0.992675781
vn 0.124084473 0.0750732422 -0.989257812
vn 0.124267578 0.0283355713 -0.991699219
vn -0.127685547 0.0099105835 -0.991699219
vn -0.127319336 0.0621948242 -0.989746094
vn -0.00484848022 0.173339844 -0.984863281
vn -0.106445312 0.128417969 -0.985839844
vn -0.139038086 0.0531005859 -0.988769531
vn -0.134887695 0.0189361572 -0.990722656
vn 0.134155273 0.0439758301 0.989746094
vn 0.136474609 0.0386962891 0.989746094
vn 0.135131836 0.0390625 0.990234375
vn 0.135742188 0.0618896484 0.988769531
vn 0.124084473 0.0750732422 0.989257812
vn 0.124267578 0.0283355713 0.991699219
vn 0.119506836 -0.00752258301 0.992675781
vn 0.115722656 0.106201172 0.987792969
vn 0.1171875 -0.0282287598 0.992675781
vn 0.112731934 0.133789062 0.984375
vn 0.111755371 -0.0302276611 0.993164062
vn 0.112609863 0.139160156 0.983886719
vn 0.0954589844 -0.0960083008 0.990722656
vn 0.000571727753 -0.12298584 0.9921875
vn 0.122619629 0.125610352 0.984375
vn 0.120605469 0.158447266 0.979980469
vn -0.0901489258 -0.095703125 0.991210938
vn 0.103027344 0.129516602 0.986328125
vn 0.125854492 0.0908203125 0.987792969
vn -0.11907959 -0.0291748047 0.992675781
vn -0.113098145 0.152832031 0.981933594
vn -0.117980957 0.000448226929 0.993164062
vn 0.0613098145 0.155883789 0.985839844
vn -0.112487793 0.112304688 0.987304688
vn -0.120544434 0.0335388184 0.9921875
vn -0.115356445 0.101806641 0.98828125
vn -0.11920166 0.0715942383 0.990234375
vn -0.127319336 0.0621948242 0.989746094
vn -0.127685547 0.00991821289 0.991699219
vn -0.00484848022 0.173339844 0.984863281
vn -0.106445312 0.128417969 0.985839844
vn -0.139038086 0.0531005859 0.988769531
vn -0.134887695 0.0189361572 0.990722656
vn -0.0901489258 -0.095703125 0.991210938
vn 0.12109375 0.186157227 0.975097656
vn 0.120605469 0.158447266 0.979980469
vn 0.135131836 0.142456055 0.98046875
vn -0.113098145 0.152832031 0.981933594
vn -0.118103027 0.153442383 0.980957031
vn 0.0613098145 0.155883789 0.985839844
vn -0.127319336 0.0621948242 0.989746094
vn -0.364013672 0.922851562 0.125610352
vn -0.364013672 0.922851562 -0.125610352
vn -0.364013672 0.922851562 -0.126708984
vn -0.364013672 0.922851562 0.126708984
vn -0.86328125 0.504882812 -2.38418579E-07
vn -0.956542969 0.291992188 -1.1920929E-07
vn -0.86328125 0.504882812 -2.38418579E-07
vn -0.956542969 0.291992188 -1.1920929E-07
vn -0.996582031 -0.0836181641 0
vn -0.996582031 -0.0836181641 0
vn -0.967773438 -0.250976562 0
vn -0.967773438 -0.250976562 0
vn 0.0483703613 0.465332031 0.883789062
vn 0.0589599609 0.332275391 0.94140625
vn -0.00157260895 0.337646484 0.94140625
vn -0.026184082 0.0805664062 0.996582031
vn -0.081237793 0.427001953 0.900390625
vn -0.122558594 0.114868164 0.985839844
vn -0.209838867 0.537597656 0.816894531
vn -0.290039062 0.167480469 0.942382812
vn -0.347900391 0.34375 0.872070312
vn -0.378662109 0.17199707 0.909667969
vn -0.305419922 -0.0465393066 0.951171875
vn -0.399658203 -0.0403442383 0.916015625
vn -0.610839844 -0.387939453 0.690429688
vn -0.130004883 -0.0445861816 0.990722656
vn -0.314208984 -0.273681641 0.909179688
vn -0.461914062 -0.703613281 0.539550781
vn -0.283203125 -0.573730469 0.768554688
vn -0.143920898 -0.22277832 0.964355469
vn -0.150878906 -0.494140625 0.856445312
vn -0.0330810547 -0.0482788086 0.998046875
vn -0.0467224121 -0.211547852 0.976074219
vn -0.0659179688 -0.469482422 0.880371094
vn 0.0243988037 -0.0531921387 0.998046875
vn 0.0100784302 -0.216430664 0.976074219
vn 0.0394897461 0.0749511719 0.996582031
vn 0.120483398 -0.0660400391 0.990722656
vn 0.140258789 0.0923461914 0.985839844
vn 0.152709961 0.406982422 0.900390625
vn 0.314208984 0.115722656 0.942382812
vn 0.298095703 0.493896484 0.816894531
vn 0.114807129 0.545898438 0.829589844
vn 0.207641602 0.841308594 0.498779297
vn 0.29296875 -0.0977783203 0.951171875
vn 0.104003906 -0.244018555 0.964355469
vn 0.262939453 -0.322998047 0.909179688
vn 0.0646362305 -0.512695312 0.856445312
vn 0.181518555 -0.61328125 0.768554688
vn -0.0148391724 -0.473876953 0.880371094
vn -0.0719604492 -0.606445312 0.791992188
vn -0.134643555 -0.807128906 0.574707031
vn -0.0321960449 -0.609863281 0.791992188
vn 0.936523438 0.350585938 4.76837158E-07
vn 0.9921875 0.12512207 5.36441803E-07
vn 0.936523438 0.350585938 4.76837158E-07
vn 0.9921875 0.12512207 5.36441803E-07
vn 0.967773438 -0.251953125 2.98023224E-07
vn 0.967773438 -0.251953125 2.98023224E-07
vn 0.911132812 -0.411865234 0
vn 0.911132812 -0.411865234 0
vn -0.0203094482 0.557617188 -0.829589844
vn -0.0615539551 0.864746094 -0.498779297
vn -0.209838867 0.537597656 -0.816894531
vn -0.081237793 0.427001953 -0.900390625
vn 0.031463623 0.466796875 -0.883789062
vn 0.0589599609 0.332275391 -0.94140625
vn 0.0483703613 0.465332031 -0.883789062
vn 0.114807129 0.545898438 -0.829589844
vn -0.0615539551 0.864746094 -0.498779297
vn -0.287841797 0.87890625 -0.379882812
vn -0.209838867 0.537597656 -0.816894531
vn -0.155761719 0.928222656 -0.337646484
vn -0.375488281 0.916015625 -0.141113281
vn 0.050201416 0.987304688 -0.149658203
vn 0.0687255859 0.9765625 -0.203735352
vn 0.0281677246 0.950683594 -0.309082031
vn 0.0815429688 0.967285156 -0.239379883
vn 0.0574645996 0.912109375 -0.405517578
vn 0.0985107422 0.908691406 -0.405517578
vn 0.0841674805 0.967285156 -0.239379883
vn 0.0983276367 0.974121094 -0.203735352
vn 0.133911133 0.94140625 -0.309082031
vn 0.118469238 0.981445312 -0.149658203
vn 0.207641602 0.841308594 -0.498779297
vn 0.0259399414 0.995117188 -0.0964355469
vn 0.143676758 0.984863281 -0.0964355469
vn 0.311279297 0.888183594 -0.337646484
vn -0.24597168 0.963867188 -0.101806641
vn 0.00371170044 0.999511719 -0.0257415771
vn 0.166381836 0.985839844 -0.0257415771
vn -0.24597168 0.963867188 0.101806641
vn -0.375488281 0.916015625 0.141113281
vn -0.287841797 0.87890625 0.379882812
vn 0.00371170044 0.999511719 0.0257415771
vn -0.155761719 0.928222656 0.337646484
vn -0.209838867 0.537597656 0.816894531
vn -0.0615539551 0.864746094 0.498779297
vn 0.0259399414 0.995117188 0.0964355469
vn 0.40625 0.908203125 -0.101806641
vn 0.433105469 0.817382812 -0.379882812
vn 0.525878906 0.838867188 -0.141113281
vn 0.525878906 0.838867188 0.141113281
vn 0.40625 0.908203125 0.101806641
vn 0.311279297 0.888183594 0.337646484
vn 0.166381836 0.985839844 0.0257415771
vn 0.143676758 0.984863281 0.0964355469
vn 0.050201416 0.987304688 0.149658203
vn 0.0281677246 0.950683594 0.309082031
vn 0.118469238 0.981445312 0.149658203
vn 0.207641602 0.841308594 0.498779297
vn 0.0687255859 0.9765625 0.203735352
vn 0.0574645996 0.912109375 0.405517578
vn 0.0983276367 0.974121094 0.203735352
vn 0.133911133 0.94140625 0.309082031
vn 0.0815429688 0.967285156 0.239379883
vn 0.0841674805 0.967285156 0.239379883
vn 0.0985107422 0.908691406 0.405517578
vn -0.209838867 0.537597656 -0.816894531
vn -0.347900391 0.34375 -0.872070312
vn -0.378662109 0.17199707 -0.909667969
vn -0.290039062 0.167480469 -0.942382812
vn -0.081237793 0.427001953 -0.900390625
vn -0.399658203 -0.0403442383 -0.916015625
vn -0.122558594 0.114868164 -0.985839844
vn -0.305175781 -0.0465393066 -0.951171875
vn -0.00157260895 0.337646484 -0.94140625
vn 0.031463623 0.466796875 -0.883789062
vn 0.0589599609 0.332275391 -0.94140625
vn -0.314208984 -0.273681641 -0.909179688
vn -0.610839844 -0.387939453 -0.690429688
vn -0.026184082 0.0805664062 -0.996582031
vn 0.0394897461 0.0749511719 -0.996582031
vn -0.130004883 -0.0445861816 -0.990722656
vn -0.143920898 -0.22277832 -0.964355469
vn -0.0330810547 -0.0482788086 -0.998046875
vn 0.152709961 0.406982422 -0.900390625
vn 0.114807129 0.545898438 -0.829589844
vn 0.207641602 0.841308594 -0.498779297
vn 0.298095703 0.493896484 -0.816894531
vn 0.140258789 0.0923461914 -0.985839844
vn -0.150878906 -0.494140625 -0.856445312
vn -0.283203125 -0.573730469 -0.768554688
vn -0.0467224121 -0.211547852 -0.976074219
vn 0.0243988037 -0.0531921387 -0.998046875
vn 0.314208984 0.115722656 -0.942382812
vn 0.401123047 0.279541016 -0.872070312
vn 0.40234375 0.105102539 -0.909667969
vn -0.0659179688 -0.469482422 -0.880371094
vn 0.0100784302 -0.216430664 -0.976074219
vn 0.120483398 -0.0660400391 -0.990722656
vn 0.29296875 -0.0977783203 -0.951171875
vn 0.386962891 -0.107727051 -0.916015625
vn 0.535644531 -0.486083984 -0.690429688
vn 0.262939453 -0.322998047 -0.909179688
vn 0.335449219 -0.771972656 -0.539550781
vn 0.181518555 -0.61328125 -0.768554688
vn 0.104003906 -0.244018555 -0.964355469
vn 0.0646362305 -0.512695312 -0.856445312
vn -0.014831543 -0.473876953 -0.880371094
vn -0.0321960449 -0.609863281 -0.791992188
vn -0.00452423096 -0.818359375 -0.574707031
vn -0.0719604492 -0.606445312 -0.791992188
vn -0.134643555 -0.807128906 -0.574707031
vn -0.701660156 0.495849609 -0.512207031
vn -0.701660156 0.495849609 -0.512207031
vn -0.782714844 0.281738281 -0.555175781
vn -0.777832031 0.299560547 -0.552734375
vn -0.823730469 -0.0637817383 -0.563476562
vn -0.823242188 -0.0793457031 -0.562011719
vn -0.610839844 -0.387939453 -0.690429688
vn -0.77734375 -0.529785156 -0.338623047
vn 0.298095703 0.493896484 -0.816894531
vn 0.433105469 0.817382812 -0.379882812
vn 0.311279297 0.888183594 -0.337646484
vn 0.207641602 0.841308594 -0.498779297
vn 0.817382812 0.162841797 -0.552734375
vn 0.775390625 0.369384766 -0.512207031
vn 0.775390625 0.369384766 -0.512207031
vn 0.818847656 0.14453125 -0.555175781
vn 0.797851562 -0.218139648 -0.562011719
vn 0.80078125 -0.202880859 -0.563476562
vn 0.67578125 -0.654296875 -0.338623047
vn 0.535644531 -0.486083984 -0.690429688
vn -0.0615539551 0.864746094 0.498779297
vn -0.081237793 0.427001953 0.900390625
vn -0.209838867 0.537597656 0.816894531
vn -0.0203094482 0.557617188 0.829589844
vn -0.00157260895 0.337646484 0.94140625
vn 0.031463623 0.466796875 0.883789062
vn 0.0483703613 0.465332031 0.883789062
vn 0.114807129 0.545898438 0.829589844
vn 0.152709961 0.406982422 0.900390625
vn 0.0589599609 0.332275391 0.94140625
vn -0.701660156 0.495849609 0.512207031
vn -0.777832031 0.299560547 0.552734375
vn -0.782714844 0.281738281 0.555175781
vn -0.823242188 -0.0793457031 0.562011719
vn -0.823730469 -0.0637817383 0.563476562
vn -0.77734375 -0.529785156 0.338623047
vn 0.207641602 0.841308594 0.498779297
vn 0.311279297 0.888183594 0.337646484
vn 0.433105469 0.817382812 0.379882812
vn 0.298095703 0.493896484 0.816894531
vn 0.298095703 0.493896484 0.816894531
vn 0.401123047 0.279541016 0.872070312
vn 0.40234375 0.105102539 0.909667969
vn 0.314208984 0.115722656 0.942382812
vn 0.386962891 -0.107727051 0.916015625
vn 0.29296875 -0.0977783203 0.951171875
vn 0.262939453 -0.322998047 0.909179688
vn 0.535644531 -0.486083984 0.690429688
vn 0.775390625 0.369384766 0.512207031
vn 0.775390625 0.369384766 0.512207031
vn 0.818847656 0.14453125 0.555175781
vn 0.817382812 0.162841797 0.552734375
vn 0.80078125 -0.20300293 0.563476562
vn 0.797851562 -0.218139648 0.562011719
vn 0.535644531 -0.486083984 0.690429688
vn 0.67578125 -0.654296875 0.338623047
vn -0.461914062 -0.703613281 -0.539550781
vn -0.610839844 -0.387939453 -0.690429688
vn -0.77734375 -0.529785156 -0.338623047
vn -0.5859375 -0.791503906 -0.175170898
vn -0.77734375 -0.529785156 0.338623047
vn -0.206542969 -0.845703125 -0.4921875
vn -0.283203125 -0.573730469 -0.768554688
vn -0.461914062 -0.703613281 -0.539550781
vn -0.288330078 -0.900390625 -0.325439453
vn -0.5859375 -0.791503906 -0.175170898
vn -0.333496094 -0.938476562 -0.091796875
vn -0.5859375 -0.791503906 0.175170898
vn -0.77734375 -0.529785156 0.338623047
vn -0.610839844 -0.387939453 0.690429688
vn -0.333496094 -0.938476562 0.091796875
vn -0.461914062 -0.703613281 0.539550781
vn -0.288330078 -0.900390625 0.325439453
vn -0.283203125 -0.573730469 0.768554688
vn -0.206542969 -0.845703125 0.4921875
vn -0.283203125 -0.573730469 -0.768554688
vn -0.314208984 -0.273681641 -0.909179688
vn -0.610839844 -0.387939453 -0.690429688
vn -0.461914062 -0.703613281 -0.539550781
vn -0.134643555 -0.807128906 -0.574707031
vn -0.150878906 -0.494140625 -0.856445312
vn -0.206542969 -0.845703125 -0.4921875
vn 0.131103516 -0.936523438 -0.325439453
vn 0.181518555 -0.61328125 -0.768554688
vn 0.0596923828 -0.868652344 -0.4921875
vn 0.335449219 -0.771972656 -0.539550781
vn 0.168945312 -0.981445312 -0.091796875
vn 0.442626953 -0.879394531 -0.175170898
vn 0.535644531 -0.486083984 -0.690429688
vn 0.168945312 -0.981445312 0.091796875
vn 0.67578125 -0.654296875 -0.338623047
vn 0.442626953 -0.879394531 0.175170898
vn 0.131103516 -0.936523438 0.325439453
vn 0.67578125 -0.654296875 0.338623047
vn 0.335449219 -0.771972656 0.539550781
vn 0.535644531 -0.486083984 0.690429688
vn 0.0596618652 -0.868652344 0.4921875
vn 0.181518555 -0.61328125 0.768554688
vn 0.0596923828 -0.868652344 -0.4921875
vn 0.181518555 -0.61328125 -0.768554688
vn 0.0646362305 -0.512695312 -0.856445312
vn -0.00452423096 -0.818359375 -0.574707031
vn -0.014831543 -0.473876953 -0.880371094
vn -0.206542969 -0.845703125 0.4921875
vn -0.283203125 -0.573730469 0.768554688
vn -0.150878906 -0.494140625 0.856445312
vn -0.134643555 -0.807128906 0.574707031
vn -0.0659179688 -0.469482422 0.880371094
vn -0.0321960449 -0.609863281 0.791992188
vn -0.0148391724 -0.473876953 0.880371094
vn 0.0646362305 -0.512695312 0.856445312
vn -0.00452423096 -0.818359375 0.574707031
vn 0.181518555 -0.61328125 0.768554688
vn 0.0596618652 -0.868652344 0.4921875
vn 0.262939453 -0.322998047 0.909179688
vn 0.535644531 -0.486083984 0.690429688
vn 0.335449219 -0.771972656 0.539550781
vn -0.0679931641 -0.980957031 -0.182128906
vn -0.0794677734 -0.979003906 -0.186523438
vn -0.0881958008 -0.978515625 -0.186523438
vn -0.0997924805 -0.978027344 -0.182128906
vn -0.048828125 -0.986816406 -0.155273438
vn -0.119689941 -0.98046875 -0.155273438
vn -0.0280303955 -0.994628906 -0.101074219
vn -0.141479492 -0.984863281 -0.101074219
vn -0.0196228027 -0.999511719 -0.0257568359
vn -0.150634766 -0.98828125 -0.0257720947
vn -0.0196228027 -0.999511719 0.0257568359
vn -0.150634766 -0.98828125 0.0257568359
vn -0.141479492 -0.984863281 0.101074219
vn -0.0280303955 -0.994628906 0.101074219
vn -0.048828125 -0.986816406 0.155273438
vn -0.119689941 -0.98046875 0.155273438
vn -0.0679931641 -0.980957031 0.182128906
vn -0.0997924805 -0.978027344 0.182128906
vn -0.0794677734 -0.979003906 0.186523438
vn -0.0881958008 -0.978515625 0.186523438
vn -0.203491211 0.0859375 -0.975097656
vn -0.220092773 0.0188446045 -0.975097656
vn -0.215087891 -0.0500793457 -0.975097656
vn -0.189086914 -0.114135742 -0.975097656
vn -0.166992188 0.14465332 -0.975097656
vn -0.14465332 -0.166992188 -0.975097656
vn -0.114135742 0.189086914 -0.975097656
vn -0.0859375 -0.203491211 -0.975097656
vn -0.0500793457 0.215087891 -0.975097656
vn -0.0188446045 -0.220092773 -0.975097656
vn 0.0188446045 0.220092773 -0.975097656
vn 0.0500793457 -0.215087891 -0.975097656
vn 0.0859375 0.203491211 -0.975097656
vn 0.114135742 -0.189086914 -0.975097656
vn 0.14465332 0.166992188 -0.975097656
vn 0.166992188 -0.14465332 -0.975097656
vn 0.189086914 0.114135742 -0.975097656
vn 0.203491211 -0.0859375 -0.975097656
vn 0.215087891 0.0500793457 -0.975097656
vn 0.220092773 -0.0188446045 -0.975097656
vn -0.918457031 0.387939453 -0.0751953125
vn -0.75390625 0.652832031 -0.0751953125
vn -0.75390625 0.652832031 -0.0751953125
vn -0.918457031 0.387939453 -0.0751953125
vn -0.993652344 0.0850830078 -0.0751953125
vn -0.993652344 0.0850830078 -0.0751953125
vn -0.971191406 -0.226074219 -0.0751953125
vn -0.971191406 -0.226074219 -0.0751953125
vn -0.854003906 -0.515136719 -0.0751953125
vn -0.854003906 -0.515136719 -0.0751953125
vn -0.652832031 -0.75390625 -0.0751953125
vn -0.652832031 -0.75390625 -0.0751953125
vn 0.854003906 0.515136719 -0.0751953125
vn 0.971191406 0.226074219 -0.0751953125
vn 0.971191406 0.226074219 -0.0751953125
vn 0.854003906 0.515136719 -0.0751953125
vn 0.652832031 0.75390625 -0.0751953125
vn 0.652832031 0.75390625 -0.0751953125
vn 0.75390625 -0.652832031 -0.0751953125
vn 0.515136719 -0.854003906 -0.0751953125
vn 0.75390625 -0.652832031 -0.0751953125
vn 0.515136719 -0.854003906 -0.0751953125
vn 0.226074219 -0.971191406 -0.0751953125
vn 0.226074219 -0.971191406 -0.0751953125
vn -0.0850830078 -0.993652344 -0.0751953125
vn -0.0850830078 -0.993652344 -0.0751953125
vn -0.387939453 -0.918457031 -0.0751953125
vn -0.387939453 -0.918457031 -0.0751953125
vn 0.387939453 0.918457031 -0.0751953125
vn 0.652832031 0.75390625 -0.0751953125
vn 0.652832031 0.75390625 -0.0751953125
vn 0.387939453 0.918457031 -0.0751953125
vn 0.0850830078 0.993652344 -0.0751953125
vn 0.0850830078 0.993652344 -0.0751953125
vn 0.918457031 -0.387939453 -0.0751953125
vn 0.75390625 -0.652832031 -0.0751953125
vn 0.75390625 -0.652832031 -0.0751953125
vn 0.918457031 -0.387939453 -0.0751953125
vn 0.993652344 -0.0850830078 -0.0751953125
vn 0.993652344 -0.0850830078 -0.0751953125
vn 0.971191406 0.226074219 -0.0751953125
vn 0.971191406 0.226074219 -0.0751953125
vn -0.226074219 0.971191406 -0.0751953125
vn 0.0850830078 0.993652344 -0.0751953125
vn 0.0850830078 0.993652344 -0.0751953125
vn -0.226074219 0.971191406 -0.0751953125
vn -0.515136719 0.854003906 -0.0751953125
vn -0.515136719 0.854003906 -0.0751953125
vn -0.75390625 0.652832031 -0.0751953125
vn -0.75390625 0.652832031 -0.0751953125
vn -0.387939453 -0.918457031 -0.0751953125
vn -0.652832031 -0.75390625 -0.0751953125
vn -0.652832031 -0.75390625 -0.0751953125
vn -0.387939453 -0.918457031 -0.0751953125
vn 0.917480469 -0.393798828 -0.0596313477
vn 0.757324219 -0.646972656 -0.0882568359
vn 0.744628906 -0.661132812 -0.0904541016
vn 0.921386719 -0.384521484 -0.0593566895
vn 0.978515625 -0.195922852 -0.0656738281
vn 0.983398438 -0.169189453 -0.0676879883
vn 0.997558594 -0.00220870972 -0.0680541992
vn 0.997558594 0.00679779053 -0.0668334961
vn 0.98828125 0.134643555 -0.0701293945
vn 0.984863281 0.156738281 -0.0734863281
vn 0.939941406 0.329345703 -0.0900878906
vn 0.935058594 0.342529297 -0.0907592773
vn 0.842285156 0.53125 -0.0924682617
vn 0.841796875 0.532226562 -0.0924072266
vn 0.696289062 0.711425781 -0.0938720703
vn 0.691894531 0.715820312 -0.0941162109
vn 0.397705078 0.91015625 -0.114562988
vn 0.696289062 0.711425781 -0.0938720703
vn 0.691894531 0.715820312 -0.0941162109
vn 0.382568359 0.916503906 -0.115539551
vn 0.1640625 0.978515625 -0.125488281
vn 0.1640625 0.978515625 -0.125488281
vn -0.556640625 0.821289062 -0.124755859
vn -0.556640625 0.821289062 -0.124755859
vn -0.556640625 0.821289062 -0.124755859
vn -0.556640625 0.821289062 -0.124755859
vn -0.924316406 -0.381103516 -0.0123138428
vn -0.954589844 -0.297119141 0.00589752197
vn -0.924316406 -0.381103516 -0.0123138428
vn -0.953613281 -0.301513672 0.00499343872
vn -0.983398438 -0.182495117 -0.000984191895
vn -0.982421875 -0.186035156 0.00157642365
vn -0.983886719 -0.174804688 -0.0410461426
vn -0.984375 -0.172851562 -0.0393676758
vn -0.985351562 -0.16027832 -0.0580444336
vn -0.984375 -0.166015625 -0.058013916
vn -0.991210938 -0.126098633 -0.0453796387
vn -0.990722656 -0.126708984 -0.046875
vn -0.999511719 -0.000396251678 -0.0264129639
vn -0.999511719 -0.00366020203 -0.0266113281
vn -0.961914062 0.270996094 -0.0411071777
vn -0.964355469 0.261474609 -0.0397338867
vn -0.91015625 0.409179688 -0.0611877441
vn -0.91015625 0.409179688 -0.0611877441
vn -0.564453125 -0.818359375 -0.107910156
vn -0.564453125 -0.818359375 -0.107910156
vn -0.564453125 -0.818359375 -0.107910156
vn -0.564453125 -0.818359375 -0.107910156
vn 0.757324219 -0.646972656 -0.0882568359
vn 0.584472656 -0.803710938 -0.112365723
vn 0.584472656 -0.803710938 -0.112365723
vn 0.744628906 -0.661132812 -0.0904541016
vn -0.86328125 0.504882812 0
vn -0.86328125 0.504882812 0
vn -0.956542969 0.291992188 0
vn -0.956542969 0.291992188 0
vn -0.996582031 -0.0836181641 -1.1920929E-07
vn -0.996582031 -0.0836181641 -1.1920929E-07
vn -0.967773438 -0.250976562 -2.98023224E-07
vn -0.967773438 -0.250976562 -2.98023224E-07
vn -0.24597168 0.963867188 -0.101806641
vn -0.375488281 0.916015625 0.141113281
vn -0.375488281 0.916015625 -0.141113281
vn -0.24597168 0.963867188 0.101806641
vn -0.155761719 0.928222656 0.337646484
vn -0.287841797 0.87890625 0.379882812
vn -0.0615539551 0.864746094 0.498779297
vn -0.209838867 0.537597656 0.816894531
vn 0.050201416 0.987304688 0.149658203
vn 0.0259399414 0.995117188 0.0964355469
vn 0.0687255859 0.9765625 0.203735352
vn 0.0281677246 0.950683594 0.309082031
vn 0.118469238 0.981445312 0.149658203
vn 0.0815429688 0.967285156 0.239379883
vn 0.0574645996 0.912109375 0.405517578
vn 0.0985107422 0.908691406 0.405517578
vn 0.0983276367 0.974121094 0.203735352
vn 0.0841674805 0.967285156 0.239379883
vn 0.133911133 0.94140625 0.309082031
vn 0.207641602 0.841308594 0.498779297
vn 0.143676758 0.984863281 0.0964355469
vn 0.311279297 0.888183594 0.337646484
vn 0.298095703 0.493896484 0.816894531
vn 0.433105469 0.817382812 0.379882812
vn 0.166381836 0.985839844 0.0257415771
vn 0.40625 0.908203125 0.101806641
vn 0.525878906 0.838867188 0.141113281
vn 0.525878906 0.838867188 -0.141113281
vn 0.40625 0.908203125 -0.101806641
vn 0.00370979309 0.999511719 0.0257415771
vn 0.166381836 0.985839844 -0.0257415771
vn 0.00370979309 0.999511719 -0.0257415771
vn 0.311279297 0.888183594 -0.337646484
vn 0.433105469 0.817382812 -0.379882812
vn 0.143676758 0.984863281 -0.0964355469
vn -0.155761719 0.928222656 -0.337646484
vn -0.287841797 0.87890625 -0.379882812
vn 0.0259399414 0.995117188 -0.0964355469
vn -0.0615539551 0.864746094 -0.498779297
vn 0.207641602 0.841308594 -0.498779297
vn 0.298095703 0.493896484 -0.816894531
vn 0.118469238 0.981445312 -0.149658203
vn 0.050201416 0.987304688 -0.149658203
vn 0.0281677246 0.950683594 -0.309082031
vn 0.0983276367 0.974121094 -0.203735352
vn 0.133911133 0.94140625 -0.309082031
vn 0.0687255859 0.9765625 -0.203735352
vn 0.0574645996 0.912109375 -0.405517578
vn 0.0841674805 0.967285156 -0.239379883
vn 0.0985107422 0.908691406 -0.405517578
vn 0.0815429688 0.967285156 -0.239379883
vn 0.936523438 0.350585938 4.76837158E-07
vn 0.936523438 0.350585938 4.76837158E-07
vn 0.9921875 0.12512207 2.38418579E-07
vn 0.9921875 0.12512207 2.38418579E-07
vn 0.031463623 0.466796875 0.883789062
vn -0.081237793 0.427001953 0.900390625
vn -0.0203094482 0.557617188 0.829589844
vn -0.00157165527 0.337646484 0.94140625
vn 0.0589599609 0.332275391 0.94140625
vn 0.0483703613 0.465332031 0.883789062
vn 0.114807129 0.545898438 0.829589844
vn 0.152709961 0.406982422 0.900390625
vn 0.0394897461 0.0749511719 0.996582031
vn 0.140258789 0.0923461914 0.985839844
vn 0.298095703 0.493896484 0.816894531
vn 0.314208984 0.115722656 0.942382812
vn 0.401123047 0.279541016 0.872070312
vn 0.40234375 0.105102539 0.909667969
vn 0.29296875 -0.0977783203 0.951171875
vn 0.386962891 -0.107727051 0.916015625
vn 0.535644531 -0.486083984 0.690429688
vn 0.120483398 -0.0660400391 0.990722656
vn 0.262939453 -0.322998047 0.909179688
vn 0.335449219 -0.771972656 0.539550781
vn 0.181518555 -0.61328125 0.768554688
vn 0.0243988037 -0.0531921387 0.998046875
vn 0.104003906 -0.244018555 0.964355469
vn 0.0646362305 -0.512695312 0.856445312
vn 0.0596618652 -0.868652344 0.4921875
vn -0.00452423096 -0.818359375 0.574707031
vn 0.0100784302 -0.216430664 0.976074219
vn -0.014831543 -0.473876953 0.880371094
vn -0.0321960449 -0.609863281 0.791992188
vn -0.0659179688 -0.469482422 0.880371094
vn -0.0467224121 -0.211547852 0.976074219
vn -0.0330810547 -0.0482788086 0.998046875
vn -0.026184082 0.0805664062 0.996582031
vn -0.130004883 -0.0445861816 0.990722656
vn -0.143920898 -0.22277832 0.964355469
vn -0.122558594 0.114868164 0.985839844
vn -0.305419922 -0.0465393066 0.951171875
vn -0.314208984 -0.273681641 0.909179688
vn -0.290039062 0.167480469 0.942382812
vn -0.209838867 0.537597656 0.816894531
vn -0.399658203 -0.0403442383 0.916015625
vn -0.610839844 -0.387939453 0.690429688
vn -0.378662109 0.17199707 0.909667969
vn -0.347900391 0.34375 0.872070312
vn -0.0203094482 0.557617188 0.829589844
vn -0.081237793 0.427001953 0.900390625
vn -0.209838867 0.537597656 0.816894531
vn -0.0615539551 0.864746094 0.498779297
vn -0.701660156 0.495849609 0.512207031
vn -0.782714844 0.281738281 0.555175781
vn -0.701660156 0.495849609 0.512207031
vn -0.777832031 0.299560547 0.552734375
vn -0.823730469 -0.0637817383 0.563476562
vn -0.823242188 -0.0793457031 0.562011719
vn -0.610839844 -0.387939453 0.690429688
vn -0.77734375 -0.529785156 0.338623047
vn 0.152709961 0.406982422 0.900390625
vn 0.114807129 0.545898438 0.829589844
vn 0.207641602 0.841308594 0.498779297
vn 0.298095703 0.493896484 0.816894531
vn 0.817382812 0.162841797 0.552734375
vn 0.775390625 0.369384766 0.512207031
vn 0.775390625 0.369384766 0.512207031
vn 0.818847656 0.14453125 0.555175781
vn 0.967773438 -0.251953125 0
vn 0.9921875 0.12512207 2.38418579E-07
vn 0.9921875 0.12512207 2.38418579E-07
vn 0.967773438 -0.251953125 0
vn 0.911132812 -0.411865234 0
vn 0.818847656 0.14453125 0.555175781
vn 0.80078125 -0.20300293 0.563476562
vn 0.797851562 -0.218139648 0.562011719
vn 0.817382812 0.162841797 0.552734375
vn -0.701660156 0.495849609 -0.512207031
vn -0.782714844 0.281738281 -0.555175781
vn -0.777832031 0.299560547 -0.552734375
vn -0.823242188 -0.0793457031 -0.562011719
vn -0.823730469 -0.0637817383 -0.563476562
vn -0.77734375 -0.529785156 -0.338623047
vn -0.610839844 -0.387939453 -0.690429688
vn 0.817382812 0.162841797 -0.552734375
vn 0.797851562 -0.218139648 -0.562011719
vn 0.80078125 -0.20300293 -0.563476562
vn 0.535644531 -0.486083984 -0.690429688
vn -0.378662109 0.17199707 -0.909667969
vn -0.399658203 -0.0403442383 -0.916015625
vn -0.305419922 -0.0465393066 -0.951171875
vn -0.610839844 -0.387939453 -0.690429688
vn -0.314208984 -0.273681641 -0.909179688
vn -0.461914062 -0.703613281 -0.539550781
vn 0.0483703613 0.465332031 -0.883789062
vn 0.0589599609 0.332275391 -0.94140625
vn 0.152709961 0.406982422 -0.900390625
vn 0.114807129 0.545898438 -0.829589844
vn 0.298095703 0.493896484 -0.816894531
vn 0.207641602 0.841308594 -0.498779297
vn 0.298095703 0.493896484 -0.816894531
vn 0.40234375 0.105102539 -0.909667969
vn 0.401123047 0.279541016 -0.872070312
vn 0.314208984 0.115722656 -0.942382812
vn 0.152709961 0.406982422 -0.900390625
vn 0.386962891 -0.107727051 -0.916015625
vn 0.140258789 0.0923461914 -0.985839844
vn 0.0589599609 0.332275391 -0.94140625
vn 0.29296875 -0.0977783203 -0.951171875
vn 0.262939453 -0.322998047 -0.909179688
vn 0.535644531 -0.486083984 -0.690429688
vn 0.181518555 -0.61328125 -0.768554688
vn 0.335449219 -0.771972656 -0.539550781
vn 0.0646362305 -0.512695312 -0.856445312
vn 0.104003906 -0.244018555 -0.964355469
vn -0.0148391724 -0.473876953 -0.880371094
vn 0.120483398 -0.0660400391 -0.990722656
vn 0.0100784302 -0.216430664 -0.976074219
vn 0.0394897461 0.0749511719 -0.996582031
vn 0.0243988037 -0.0531921387 -0.998046875
vn -0.0659179688 -0.469482422 -0.880371094
vn -0.0719604492 -0.606445312 -0.791992188
vn -0.134643555 -0.807128906 -0.574707031
vn -0.026184082 0.0805664062 -0.996582031
vn -0.0467224121 -0.211547852 -0.976074219
vn -0.150878906 -0.494140625 -0.856445312
vn -0.206542969 -0.845703125 -0.4921875
vn -0.283203125 -0.573730469 -0.768554688
vn -0.0330810547 -0.0482788086 -0.998046875
vn -0.143920898 -0.22277832 -0.964355469
vn -0.314208984 -0.273681641 -0.909179688
vn -0.461914062 -0.703613281 -0.539550781
vn -0.130004883 -0.0445861816 -0.990722656
vn -0.305419922 -0.0465393066 -0.951171875
vn -0.122558594 0.114868164 -0.985839844
vn -0.290039062 0.167480469 -0.942382812
vn -0.378662109 0.17199707 -0.909667969
vn -0.347900391 0.34375 -0.872070312
vn -0.209838867 0.537597656 -0.816894531
vn -0.081237793 0.427001953 -0.900390625
vn -0.0615539551 0.864746094 -0.498779297
vn -0.0203094482 0.557617188 -0.829589844
vn -0.00157260895 0.337646484 -0.94140625
vn 0.031463623 0.466796875 -0.883789062
vn 0.0483703613 0.465332031 -0.883789062
vn -0.461914062 -0.703613281 0.539550781
vn -0.77734375 -0.529785156 0.338623047
vn -0.610839844 -0.387939453 0.690429688
vn -0.5859375 -0.791503906 0.175170898
vn -0.288330078 -0.900390625 0.325439453
vn -0.206542969 -0.845703125 0.4921875
vn -0.283203125 -0.573730469 0.768554688
vn -0.333496094 -0.938476562 0.091796875
vn -0.5859375 -0.791503906 -0.175170898
vn -0.333496094 -0.938476562 -0.091796875
vn -0.461914062 -0.703613281 -0.539550781
vn -0.288330078 -0.900390625 -0.325439453
vn -0.283203125 -0.573730469 0.768554688
vn -0.461914062 -0.703613281 0.539550781
vn -0.610839844 -0.387939453 0.690429688
vn -0.314208984 -0.273681641 0.909179688
vn -0.150878906 -0.494140625 0.856445312
vn -0.143920898 -0.22277832 0.964355469
vn -0.134643555 -0.807128906 0.574707031
vn -0.206542969 -0.845703125 0.4921875
vn -0.0719604492 -0.606445312 0.791992188
vn -0.0659179688 -0.469482422 0.880371094
vn -0.0467224121 -0.211547852 0.976074219
vn -0.0321960449 -0.609863281 0.791992188
vn 0.67578125 -0.654296875 0.338623047
vn 0.535644531 -0.486083984 0.690429688
vn 0.797851562 -0.218139648 0.562011719
vn 0.80078125 -0.20300293 0.563476562
vn 0.131103516 -0.936523438 0.325439453
vn 0.0596618652 -0.868652344 0.4921875
vn 0.181518555 -0.61328125 0.768554688
vn 0.335449219 -0.771972656 0.539550781
vn 0.168945312 -0.981445312 0.091796875
vn 0.442626953 -0.879394531 0.175170898
vn 0.535644531 -0.486083984 0.690429688
vn 0.168945312 -0.981445312 -0.091796875
vn 0.67578125 -0.654296875 0.338623047
vn 0.442626953 -0.879394531 -0.175170898
vn 0.67578125 -0.654296875 -0.338623047
vn 0.131103516 -0.936523438 -0.325439453
vn 0.335449219 -0.771972656 -0.539550781
vn 0.0596618652 -0.868652344 -0.4921875
vn 0.181518555 -0.61328125 -0.768554688
vn -0.5859375 -0.791503906 -0.175170898
vn -0.461914062 -0.703613281 -0.539550781
vn -0.610839844 -0.387939453 -0.690429688
vn -0.77734375 -0.529785156 -0.338623047
vn -0.5859375 -0.791503906 0.175170898
vn -0.77734375 -0.529785156 0.338623047
vn -0.288330078 -0.900390625 -0.325439453
vn -0.206542969 -0.845703125 -0.4921875
vn -0.283203125 -0.573730469 -0.768554688
vn -0.461914062 -0.703613281 -0.539550781
vn -0.00452804565 -0.818359375 -0.574707031
vn 0.0596618652 -0.868652344 -0.4921875
vn 0.181518555 -0.61328125 -0.768554688
vn 0.0646362305 -0.512695312 -0.856445312
vn -0.0321960449 -0.609863281 -0.791992188
vn -0.0148391724 -0.473876953 -0.880371094
vn -0.0719604492 -0.606445312 -0.791992188
vn 0.335449219 -0.771972656 -0.539550781
vn 0.442626953 -0.879394531 -0.175170898
vn 0.67578125 -0.654296875 -0.338623047
vn 0.535644531 -0.486083984 -0.690429688
vn -0.0679931641 -0.980957031 -0.182128906
vn -0.0794677734 -0.979003906 -0.186523438
vn -0.0881958008 -0.978515625 -0.186523438
vn -0.0997924805 -0.978027344 -0.182128906
vn -0.048828125 -0.986816406 -0.155273438
vn -0.119689941 -0.98046875 -0.155273438
vn -0.0280303955 -0.994628906 -0.101074219
vn -0.141479492 -0.984863281 -0.101074219
vn -0.0196228027 -0.999511719 -0.0257720947
vn -0.150634766 -0.98828125 -0.0257568359
vn -0.0196228027 -0.999511719 0.0257720947
vn -0.150634766 -0.98828125 0.0257720947
vn -0.0280303955 -0.994628906 0.101074219
vn -0.141479492 -0.984863281 0.101074219
vn -0.048828125 -0.986816406 0.155273438
vn -0.119689941 -0.98046875 0.155273438
vn -0.0679931641 -0.980957031 0.182128906
vn -0.0997924805 -0.978027344 0.182128906
vn -0.0794677734 -0.979003906 0.186523438
vn -0.0881958008 -0.978515625 0.186523438
vn -0.215087891 -0.0500793457 0.975097656
vn -0.220092773 0.0188446045 0.975097656
vn -0.203491211 0.0859375 0.975097656
vn -0.189086914 -0.114135742 0.975097656
vn -0.166992188 0.14465332 0.975097656
vn -0.14465332 -0.166992188 0.975097656
vn -0.114135742 0.189086914 0.975097656
vn -0.0859375 -0.203491211 0.975097656
vn -0.0500793457 0.215087891 0.975097656
vn -0.0188446045 -0.220092773 0.975097656
vn 0.0188446045 0.220092773 0.975097656
vn 0.0500793457 -0.215087891 0.975097656
vn 0.0859375 0.203491211 0.975097656
vn 0.114135742 -0.189086914 0.975097656
vn 0.14465332 0.166992188 0.975097656
vn 0.166992188 -0.14465332 0.975097656
vn 0.189086914 0.114135742 0.975097656
vn 0.203491211 -0.0859375 0.975097656
vn 0.215087891 0.0500793457 0.975097656
vn 0.220092773 -0.0188446045 0.975097656
vn -0.918457031 0.387939453 0.0751953125
vn -0.75390625 0.652832031 0.0751953125
vn -0.75390625 0.652832031 0.0751953125
vn -0.918457031 0.387939453 0.0751953125
vn -0.993652344 0.0850830078 0.0751953125
vn -0.993652344 0.0850830078 0.0751953125
vn -0.971191406 -0.226074219 0.0751953125
vn 0.652832031 0.75390625 0.0751953125
vn 0.652832031 0.75390625 0.0751953125
vn 0.854003906 0.515136719 0.0751953125
vn 0.854003906 0.515136719 0.0751953125
vn 0.971191406 0.226074219 0.0751953125
vn 0.971191406 0.226074219 0.0751953125
vn 0.993652344 -0.0850830078 0.0751953125
vn 0.993652344 -0.0850830078 0.0751953125
vn 0.75390625 -0.652832031 0.0751953125
vn 0.75390625 -0.652832031 0.0751953125
vn 0.515136719 -0.854003906 0.0751953125
vn 0.515136719 -0.854003906 0.0751953125
vn 0.226074219 -0.971191406 0.0751953125
vn 0.226074219 -0.971191406 0.0751953125
vn -0.0850830078 -0.993652344 0.0751953125
vn -0.0850830078 -0.993652344 0.0751953125
vn -0.971191406 -0.226074219 0.0751953125
vn -0.971191406 -0.226074219 0.0751953125
vn -0.993652344 0.0850830078 0.0751953125
vn -0.854003906 -0.515136719 0.0751953125
vn -0.854003906 -0.515136719 0.0751953125
vn 0.387939453 0.918457031 0.0751953125
vn 0.652832031 0.75390625 0.0751953125
vn 0.652832031 0.75390625 0.0751953125
vn 0.387939453 0.918457031 0.0751953125
vn 0.0850830078 0.993652344 0.0751953125
vn 0.0850830078 0.993652344 0.0751953125
vn 0.918457031 -0.387939453 0.0751953125
vn 0.75390625 -0.652832031 0.0751953125
vn 0.75390625 -0.652832031 0.0751953125
vn 0.918457031 -0.387939453 0.0751953125
vn 0.993652344 -0.0850830078 0.0751953125
vn 0.993652344 -0.0850830078 0.0751953125
vn -0.652832031 -0.75390625 0.0751953125
vn -0.854003906 -0.515136719 0.0751953125
vn -0.854003906 -0.515136719 0.0751953125
vn -0.652832031 -0.75390625 0.0751953125
vn -0.387939453 -0.918457031 0.0751953125
vn -0.387939453 -0.918457031 0.0751953125
vn -0.0850830078 -0.993652344 0.0751953125
vn -0.0850830078 -0.993652344 0.0751953125
vn -0.226074219 0.971191406 0.0751953125
vn 0.0850830078 0.993652344 0.0751953125
vn 0.0850830078 0.993652344 0.0751953125
vn -0.226074219 0.971191406 0.0751953125
vn -0.515136719 0.854003906 0.0751953125
vn -0.515136719 0.854003906 0.0751953125
vn -0.75390625 0.652832031 0.0751953125
vn -0.75390625 0.652832031 0.0751953125
vn 0.917480469 -0.393798828 0.0596313477
vn 0.744628906 -0.661132812 0.0904541016
vn 0.757324219 -0.646972656 0.0882568359
vn 0.921386719 -0.384521484 0.0593566895
vn 0.978515625 -0.195922852 0.0656738281
vn 0.983398438 -0.169189453 0.0676879883
vn 0.997558594 -0.00220870972 0.0680541992
vn 0.997558594 0.00679779053 0.0668334961
vn 0.98828125 0.134643555 0.0701293945
vn 0.984863281 0.156738281 0.0734863281
vn 0.939941406 0.329345703 0.0900878906
vn 0.935058594 0.342529297 0.0907592773
vn 0.842285156 0.53125 0.0924682617
vn 0.841796875 0.532226562 0.0924072266
vn 0.696289062 0.711425781 0.0938720703
vn 0.691894531 0.715820312 0.0941162109
vn 0.397705078 0.91015625 0.114562988
vn 0.382568359 0.916503906 0.115539551
vn 0.691894531 0.715820312 0.0941162109
vn 0.696289062 0.711425781 0.0938720703
vn 0.1640625 0.978515625 0.125488281
vn 0.1640625 0.978515625 0.125488281
vn 0.382568359 0.916503906 0.115539551
vn 0.397705078 0.91015625 0.114562988
vn -0.556640625 0.821289062 0.124755859
vn -0.556640625 0.821289062 0.124755859
vn -0.556640625 0.821289062 0.124755859
vn -0.556640625 0.821289062 0.124755859
vn -0.924316406 -0.381103516 0.0123138428
vn -0.924316406 -0.381103516 0.0123138428
vn -0.954589844 -0.297119141 -0.00589752197
vn -0.953613281 -0.301513672 -0.00499343872
vn -0.983398438 -0.182495117 0.000984191895
vn -0.982421875 -0.186035156 -0.00157642365
vn -0.983886719 -0.174804688 0.0410461426
vn -0.984375 -0.172851562 0.0393676758
vn -0.985351562 -0.16027832 0.0580444336
vn -0.984375 -0.166015625 0.058013916
vn -0.991210938 -0.126098633 0.0453796387
vn -0.990722656 -0.126708984 0.046875
vn -0.999511719 -0.000396251678 0.0264129639
vn -0.999511719 -0.00366020203 0.0266113281
vn -0.961914062 0.270996094 0.0411071777
vn -0.964355469 0.261474609 0.0397338867
vn -0.91015625 0.409179688 0.0611877441
vn -0.564453125 -0.818359375 0.107910156
vn -0.564453125 -0.818359375 0.107910156
vn -0.564453125 -0.818359375 0.107910156
vn -0.564453125 -0.818359375 0.107910156
vn 0.757324219 -0.646972656 0.0882568359
vn 0.744628906 -0.661132812 0.0904541016
vn 0.584472656 -0.803710938 0.112365723
vn 0.584472656 -0.803710938 0.112365723
vn -0.389404297 -0.105773926 0.915039062
vn -0.709472656 -0.0780639648 0.700195312
vn -0.660644531 0.308105469 0.684570312
vn -0.360351562 0.267333984 0.893554688
vn -0.280029297 0.958496094 0.0500793457
vn -0.335205078 0.922851562 0.190673828
vn -0.433105469 0.897460938 0.0829467773
vn -0.482421875 0.875488281 0.0307312012
vn -0.881347656 0.465820312 0.0790405273
vn -0.787597656 0.529296875 0.315917969
vn -0.870605469 0.310791016 0.381835938
vn -0.953125 0.282958984 0.10925293
vn -0.962890625 0.269775391 0.00662612915
vn -0.896972656 0.441894531 0.0126876831
vn -0.897949219 0.440429688 0
vn -0.962890625 0.269775391 0
vn -0.896972656 0.441894531 -0.0126876831
vn -0.996582031 0.0853271484 0
vn -0.962890625 0.269775391 -0.00662612915
vn -0.953125 0.282958984 -0.10925293
vn -0.881347656 0.465820312 -0.0790405273
vn -0.787597656 0.529296875 -0.315917969
vn -0.998535156 -0.0500793457 -1.1920929E-07
vn -0.994140625 -0.0559692383 0.09375
vn -0.923339844 -0.0600280762 0.37890625
vn -0.709472656 -0.0780639648 0.700195312
vn -0.660644531 0.308105469 0.684570312
vn -0.994140625 -0.0559692383 -0.09375
vn -0.870605469 0.310791016 -0.381835938
vn -0.568359375 0.548339844 -0.61328125
vn -0.923339844 -0.0600280762 -0.37890625
vn -0.660644531 0.308105469 -0.684570312
vn -0.709472656 -0.0780639648 -0.700195312
vn -0.787597656 0.529296875 0.315917969
vn -0.568359375 0.548339844 0.61328125
vn -0.660644531 0.308105469 0.684570312
vn -0.870605469 0.310791016 0.381835938
vn -0.568359375 0.548339844 0.61328125
vn -0.275390625 0.485351562 0.829589844
vn -0.360351562 0.267333984 0.893554688
vn -0.660644531 0.308105469 0.684570312
vn -0.108520508 -0.129760742 0.985351562
vn -0.389404297 -0.105773926 0.915039062
vn -0.360351562 0.267333984 0.893554688
vn -0.0882568359 0.2109375 0.973632812
vn -0.275390625 0.485351562 0.829589844
vn -0.0355834961 0.391357422 0.919433594
vn 0.0848999023 -0.146240234 0.985351562
vn 0.101623535 0.379638672 0.919433594
vn 0.122802734 0.192871094 0.973632812
vn 0.365722656 -0.170410156 0.915039062
vn 0.400390625 0.202026367 0.893554688
vn 0.686035156 -0.197509766 0.700195312
vn 0.354003906 0.431396484 0.829589844
vn 0.703613281 0.19128418 0.684570312
vn 0.653320312 0.443847656 0.61328125
vn -0.660644531 0.308105469 -0.684570312
vn -0.275390625 0.485351562 -0.829589844
vn -0.568359375 0.548339844 -0.61328125
vn -0.360351562 0.267333984 -0.893554688
vn -0.709472656 -0.0780639648 -0.700195312
vn -0.389404297 -0.105773926 -0.915039062
vn -0.0355834961 0.391357422 -0.919433594
vn -0.0882568359 0.2109375 -0.973632812
vn -0.108520508 -0.129760742 -0.985351562
vn 0.122802734 0.192871094 -0.973632812
vn 0.101623535 0.379638672 -0.919433594
vn 0.0848999023 -0.146240234 -0.985351562
vn 0.354003906 0.431396484 -0.829589844
vn 0.400390625 0.202026367 -0.893554688
vn 0.653320312 0.443847656 -0.61328125
vn 0.365722656 -0.170410156 -0.915039062
vn 0.703613281 0.19128418 -0.684570312
vn 0.686035156 -0.197509766 -0.700195312
vn 0.703613281 0.19128418 0.684570312
vn 0.899902344 -0.216186523 0.37890625
vn 0.686035156 -0.197509766 0.700195312
vn 0.910644531 0.158325195 0.381835938
vn 0.653320312 0.443847656 0.61328125
vn 0.970214844 -0.224243164 0.09375
vn 0.987304688 0.116821289 0.10925293
vn 0.866210938 0.387695312 0.315917969
vn 0.947753906 0.309082031 0.0790405273
vn 0.975585938 -0.219238281 1.78813934E-07
vn 0.958984375 0.282714844 0.0126876831
vn 0.994628906 0.102172852 0.00662612915
vn 0.994628906 0.101989746 0
vn 0.959472656 0.28125 0
vn 0.996582031 -0.0853271484 1.1920929E-07
vn 0.994628906 0.102172852 -0.00662612915
vn 0.958984375 0.282714844 -0.0126876831
vn 0.947753906 0.309082031 -0.0790405273
vn 0.987304688 0.116821289 -0.10925293
vn 0.970214844 -0.224243164 -0.09375
vn 0.899902344 -0.216186523 -0.37890625
vn 0.910644531 0.158325195 -0.381835938
vn 0.686035156 -0.197509766 -0.700195312
vn 0.866210938 0.387695312 -0.315917969
vn 0.703613281 0.19128418 -0.684570312
vn 0.653320312 0.443847656 -0.61328125
vn 0.438964844 0.896972656 -0.0500793457
vn 0.487060547 0.852050781 -0.190673828
vn 0.579589844 0.811035156 -0.0829467773
vn 0.624511719 0.780761719 -0.0307312012
vn -0.772460938 -0.632324219 0.053894043
vn -0.649902344 -0.759277344 0.0382385254
vn -0.650878906 -0.759277344 0
vn -0.776855469 -0.629394531 0
vn -0.649902344 -0.759277344 -0.0382385254
vn -0.772460938 -0.632324219 -0.053894043
vn -0.610351562 -0.759277344 -0.225097656
vn -0.716308594 -0.642089844 -0.272949219
vn -0.483398438 -0.770507812 -0.415771484
vn -0.5625 -0.655273438 -0.504394531
vn -0.283691406 0.958007812 -0.0356140137
vn -0.482421875 0.875488281 -0.0307312012
vn -0.433105469 0.897460938 -0.0829467773
vn -0.280029297 0.958496094 -0.0500793457
vn -0.225585938 0.967285156 -0.114135742
vn 0.00609207153 0.999511719 -0.0353393555
vn -0.293212891 0.956054688 0
vn -0.489990234 0.871582031 0
vn -0.482421875 0.875488281 0.0307312012
vn -0.283691406 0.958007812 0.0356140137
vn -0.280029297 0.958496094 0.0500793457
vn 0.000301361084 1 0
vn 0.00625228882 0.999023438 0.043762207
vn 0.00609207153 0.999511719 0.0353393555
vn -0.225585938 0.967285156 0.114135742
vn -0.335205078 0.922851562 0.190673828
vn -0.226318359 0.925292969 0.304443359
vn -0.130737305 0.968261719 0.212890625
vn -0.113952637 0.903808594 0.412597656
vn 0.0089263916 0.999023438 0.0433349609
vn -0.0331115723 0.951171875 0.307373047
vn 0.00273132324 0.857421875 0.515136719
vn 0.163696289 0.985351562 0.043762207
vn 0.0339355469 0.997070312 0.0682373047
vn 0.161132812 0.985839844 0.0433349609
vn 0.169799805 0.985351562 0
vn 0.16394043 0.985839844 0.0353393555
vn 0.438964844 0.896972656 0.0500793457
vn 0.16394043 0.985839844 -0.0353393555
vn 0.0523986816 0.926269531 0.372558594
vn 0.0586853027 0.994140625 0.0932617188
vn 0.136108398 0.98828125 0.0682373047
vn 0.38671875 0.915039062 0.114135742
vn 0.105895996 0.921875 0.372558594
vn 0.143066406 0.845214844 0.515136719
vn 0.265869141 0.87109375 0.412597656
vn 0.194335938 0.931640625 0.307373047
vn 0.380371094 0.873535156 0.304443359
vn 0.0894775391 0.989746094 0.110595703
vn 0.0801391602 0.990722656 0.110595703
vn 0.111206055 0.989257812 0.0932617188
vn 0.293457031 0.932128906 0.212890625
vn 0.487060547 0.852050781 0.190673828
vn 0.579589844 0.811035156 0.0829467773
vn 0.442626953 0.895996094 0.0356140137
vn 0.624511719 0.780761719 0.0307312012
vn 0.631347656 0.775878906 0
vn 0.451416016 0.892089844 0
vn 0.624511719 0.780761719 -0.0307312012
vn 0.442626953 0.895996094 -0.0356140137
vn 0.438964844 0.896972656 -0.0500793457
vn 0.163696289 0.985351562 -0.043762207
vn 0.38671875 0.915039062 -0.114135742
vn 0.487060547 0.852050781 -0.190673828
vn 0.380371094 0.873535156 -0.304443359
vn 0.00625228882 0.999023438 -0.043762207
vn 0.161132812 0.985839844 -0.0433349609
vn 0.293457031 0.932128906 -0.212890625
vn 0.265869141 0.87109375 -0.412597656
vn 0.0089263916 0.999023438 -0.0433349609
vn 0.136108398 0.98828125 -0.0682373047
vn 0.194335938 0.931640625 -0.307373047
vn 0.143066406 0.845214844 -0.515136719
vn 0.0339355469 0.997070312 -0.0682373047
vn 0.111206055 0.989257812 -0.0932617188
vn 0.105895996 0.921875 -0.372558594
vn -0.130737305 0.968261719 -0.212890625
vn -0.335205078 0.922851562 -0.190673828
vn -0.226318359 0.925292969 -0.304443359
vn 0.0586853027 0.994140625 -0.0932617188
vn -0.0331115723 0.951171875 -0.307373047
vn -0.113952637 0.903808594 -0.412597656
vn 0.0894775391 0.989746094 -0.110595703
vn 0.0801391602 0.990722656 -0.110595703
vn 0.0523986816 0.926269531 -0.372558594
vn 0.00273132324 0.857421875 -0.515136719
vn 0.155273438 -0.825195312 -0.543457031
vn 0.212158203 -0.721679688 -0.659179688
vn 0.0107727051 -0.69921875 -0.71484375
vn -0.0119247437 -0.8125 -0.583007812
vn -0.129516602 -0.6875 -0.71484375
vn -0.126464844 -0.802734375 -0.583007812
vn -0.331787109 -0.674804688 -0.659179688
vn -0.293212891 -0.786621094 -0.543457031
vn 0.345458984 -0.841308594 -0.415771484
vn 0.442871094 -0.741210938 -0.504394531
vn 0.212158203 -0.721679688 -0.659179688
vn 0.155273438 -0.825195312 -0.543457031
vn -0.293212891 -0.786621094 -0.543457031
vn -0.331787109 -0.674804688 -0.659179688
vn -0.5625 -0.655273438 -0.504394531
vn -0.483398438 -0.770507812 -0.415771484
vn -0.193481445 -0.942871094 -0.270996094
vn -0.109924316 -0.951660156 -0.287353516
vn -0.126464844 -0.802734375 -0.583007812
vn -0.288330078 -0.935058594 -0.207397461
vn -0.610351562 -0.759277344 -0.225097656
vn -0.0534973145 -0.956542969 -0.287353516
vn -0.0119247437 -0.8125 -0.583007812
vn -0.3515625 -0.929199219 -0.112243652
vn -0.649902344 -0.759277344 -0.0382385254
vn 0.0302734375 -0.961914062 -0.270996094
vn 0.155273438 -0.825195312 -0.543457031
vn -0.368408203 -0.9296875 -0.00541687012
vn -0.650878906 -0.759277344 0
vn 0.12512207 -0.970214844 -0.207397461
vn 0.345458984 -0.841308594 -0.415771484
vn -0.365478516 -0.930664062 0
vn -0.649902344 -0.759277344 0.0382385254
vn -0.078125 -0.995605469 -0.0522460938
vn -0.0563659668 -0.997070312 -0.0513000488
vn -0.0922851562 -0.994140625 -0.0522460938
vn -0.114013672 -0.9921875 -0.0513000488
vn -0.138427734 -0.989746094 -0.0349121094
vn -0.0319213867 -0.999023438 -0.0349121094
vn -0.154663086 -0.987792969 -0.010383606
vn -0.0155944824 -1 -0.010383606
vn -0.157348633 -0.987304688 0.0254211426
vn 0.188354492 -0.975585938 -0.112243652
vn -0.0127639771 -0.999511719 0.0254058838
vn -0.154541016 -0.987792969 0
vn 0.472167969 -0.852050781 -0.225097656
vn 0.442871094 -0.741210938 -0.504394531
vn 0.596679688 -0.754394531 -0.272949219
vn 0.205078125 -0.978515625 -0.00541687012
vn 0.511230469 -0.858398438 -0.0382385254
vn 0.653808594 -0.754882812 -0.053894043
vn -0.0156707764 -1 0
vn -0.368408203 -0.9296875 0.00541687012
vn 0.201782227 -0.979492188 0
vn 0.512207031 -0.858886719 0
vn 0.658691406 -0.752441406 1.1920929E-07
vn -0.157348633 -0.987304688 -0.0254211426
vn -0.0127639771 -0.999511719 -0.0254211426
vn 0.204956055 -0.978515625 0.00541687012
vn 0.511230469 -0.858398438 0.0382385254
vn 0.653808594 -0.754882812 0.053894043
vn 0.472167969 -0.852050781 0.225097656
vn 0.596679688 -0.754394531 0.272949219
vn 0.188354492 -0.975585938 0.112243652
vn -0.0155944824 -1 0.010383606
vn -0.154663086 -0.987792969 0.0103912354
vn -0.3515625 -0.929199219 0.112243652
vn 0.345458984 -0.841308594 0.415771484
vn 0.442871094 -0.741210938 0.504394531
vn 0.12512207 -0.970214844 0.207397461
vn -0.0319213867 -0.999023438 0.0349121094
vn -0.138427734 -0.989746094 0.0349121094
vn 0.155273438 -0.825195312 0.543457031
vn 0.212158203 -0.721679688 0.659179688
vn 0.0302734375 -0.961914062 0.270996094
vn -0.0563659668 -0.997070312 0.0513000488
vn -0.0119247437 -0.8125 0.583007812
vn 0.0107727051 -0.69921875 0.71484375
vn -0.0534973145 -0.956542969 0.287353516
vn -0.126464844 -0.802734375 0.583007812
vn -0.129516602 -0.6875 0.71484375
vn -0.288330078 -0.935058594 0.207397461
vn -0.114013672 -0.9921875 0.0513000488
vn -0.078125 -0.995605469 0.0522460938
vn -0.0922851562 -0.994140625 0.0522460938
vn -0.109924316 -0.951660156 0.287353516
vn -0.193481445 -0.942871094 0.270996094
vn -0.293212891 -0.786621094 0.543457031
vn -0.331787109 -0.674804688 0.659179688
vn -0.483398438 -0.770507812 0.415771484
vn -0.5625 -0.655273438 0.504394531
vn -0.610351562 -0.759277344 0.225097656
vn -0.716308594 -0.642089844 0.272949219
vn -0.772460938 -0.632324219 0.053894043
vn -0.947753906 0.0811767578 0.309082031
vn -0.806152344 0.0690307617 0.587890625
vn -0.806152344 0.0690307617 0.587890625
vn -0.947753906 0.0811767578 0.309082031
vn -0.996582031 0.0853271484 0
vn -0.996582031 0.0853271484 0
vn -0.947753906 0.0811767578 -0.309082031
vn 0.307861328 -0.0263671875 -0.951171875
vn 2.38418579E-07 0 -1
vn 1.78813934E-07 0 -1
vn 0.307861328 -0.0263671875 -0.951171875
vn 0.585449219 -0.0501708984 -0.809082031
vn 0.585449219 -0.0501708984 -0.809082031
vn 0.806152344 -0.0690307617 -0.587890625
vn 0.806152344 -0.0690307617 -0.587890625
vn 0.947753906 -0.0811767578 0.309082031
vn 0.996582031 -0.0853271484 1.78813934E-07
vn 0.996582031 -0.0853271484 1.78813934E-07
vn 0.947753906 -0.0811767578 0.309082031
vn 0.806152344 -0.0690307617 0.587890625
vn 0.806152344 -0.0690307617 0.587890625
vn 0.585449219 -0.0501708984 0.809082031
vn 0.585449219 -0.0501708984 0.809082031
vn -0.806152344 0.0690307617 0.587890625
vn -0.585449219 0.0501708984 0.809082031
vn -0.806152344 0.0690307617 0.587890625
vn -0.585449219 0.0501708984 0.809082031
vn -0.307861328 0.0263671875 0.951171875
vn -0.307861328 0.0263671875 0.951171875
vn 1.78813934E-07 0 1
vn 2.38418579E-07 0 1
vn 2.38418579E-07 0 -1
vn -0.307861328 0.0263671875 -0.951171875
vn 1.78813934E-07 0 -1
vn -0.307861328 0.0263671875 -0.951171875
vn -0.585449219 0.0501708984 -0.809082031
vn -0.585449219 0.0501708984 -0.809082031
vn -0.585449219 0.0501708984 -0.809082031
vn -0.806152344 0.0690307617 -0.587890625
vn -0.585449219 0.0501708984 -0.809082031
vn -0.806152344 0.0690307617 -0.587890625
vn -0.947753906 0.0811767578 -0.309082031
vn -0.947753906 0.0811767578 -0.309082031
vn -0.996582031 0.0853271484 0
vn 0.996582031 -0.0853271484 1.78813934E-07
vn 0.947753906 -0.0811767578 -0.309082031
vn 0.996582031 -0.0853271484 1.78813934E-07
vn 0.947753906 -0.0811767578 -0.309082031
vn 0.806152344 -0.0690307617 -0.587890625
vn 0.806152344 -0.0690307617 -0.587890625
vn 2.38418579E-07 0 1
vn 0.307861328 -0.0263671875 0.951171875
vn 1.78813934E-07 0 1
vn 0.307861328 -0.0263671875 0.951171875
vn 0.585449219 -0.0501708984 0.809082031
vn 0.585449219 -0.0501708984 0.809082031
vn 0.933105469 0.115722656 -0.340087891
vn 0.918457031 -0.0786743164 -0.387939453
vn 0.917480469 -0.0786132812 -0.389648438
vn 0.935546875 0.098815918 -0.338867188
vn 0.915527344 -0.0784301758 -0.394042969
vn 0.921875 0.265136719 -0.282958984
vn 0.918457031 0.265869141 -0.292724609
vn 0.930175781 0.261474609 -0.258300781
vn 0.940429688 0.0978393555 -0.325927734
vn 0.913574219 -0.0782470703 -0.398925781
vn 0.938964844 0.254882812 -0.23034668
vn 0.944824219 0.0935668945 -0.313720703
vn 0.911132812 -0.0780639648 -0.404541016
vn 0.947753906 0.247070312 -0.202270508
vn 0.949707031 0.0899658203 -0.299316406
vn 0.908691406 -0.0778198242 -0.409667969
vn 0.958007812 0.237060547 -0.161743164
vn 0.958496094 0.0857543945 -0.272705078
vn 0.951171875 -0.173950195 -0.254638672
vn 0.983886719 0.176147461 -0.0244445801
vn 0.993652344 0.0110321045 -0.110839844
vn 0.9296875 -0.304931641 -0.206054688
vn 0.977539062 -0.030960083 0.208374023
vn 0.984863281 -0.17199707 0.0269317627
vn 0.855957031 -0.392333984 -0.336669922
vn 0.926757812 -0.374267578 -0.0323181152
vn 0.8046875 -0.414550781 -0.425292969
vn 0.8046875 -0.414550781 -0.425292969
vn 0.938476562 -0.292480469 0.184570312
vn 0.873046875 -0.477294922 0.101745605
vn 0.873046875 -0.477294922 0.101745605
vn -0.361572266 -0.639160156 -0.678710938
vn -0.371337891 -0.637207031 -0.675292969
vn -0.403320312 -0.50390625 -0.763671875
vn -0.392333984 -0.498535156 -0.772949219
vn -0.352783203 -0.638671875 -0.68359375
vn -0.423339844 -0.333251953 -0.842285156
vn -0.37890625 -0.505859375 -0.774902344
vn -0.414306641 -0.301269531 -0.858886719
vn -0.419433594 -0.0770874023 -0.904785156
vn -0.400634766 -0.335205078 -0.852539062
vn -0.414550781 -0.0415039062 -0.909179688
vn -0.397216797 0.0778198242 -0.914550781
vn -0.413330078 -0.0775756836 -0.907226562
vn -0.405273438 0.0784912109 -0.910644531
vn -0.413085938 0.0791625977 -0.907226562
vn -0.546386719 0.0467834473 -0.836425781
vn -0.546386719 0.0467834473 -0.836425781
vn -0.546386719 0.0467834473 -0.836425781
vn -0.546386719 0.0467834473 -0.836425781
vn -0.409423828 0.0350646973 -0.911621094
vn -0.409423828 0.0350646973 -0.911621094
vn -0.262207031 0.0224609375 -0.96484375
vn -0.262207031 0.0224609375 -0.96484375
vn -0.262207031 0.0224609375 -0.96484375
vn -0.262207031 0.0224609375 -0.96484375
vn -0.147705078 -0.979003906 -0.141235352
vn -0.134399414 -0.979980469 -0.147216797
vn -0.164306641 -0.966308594 -0.198242188
vn -0.171142578 -0.965820312 -0.19543457
vn -0.161010742 -0.977539062 -0.135131836
vn -0.226196289 -0.918945312 -0.322998047
vn -0.177734375 -0.965332031 -0.192138672
vn -0.224975586 -0.918945312 -0.323486328
vn -0.280273438 -0.84765625 -0.450683594
vn -0.223876953 -0.919433594 -0.323974609
vn -0.276855469 -0.848144531 -0.451904297
vn -0.324951172 -0.762695312 -0.559082031
vn -0.273925781 -0.848144531 -0.453613281
vn -0.319335938 -0.763671875 -0.561035156
vn -0.371337891 -0.637207031 -0.675292969
vn -0.313964844 -0.763671875 -0.564453125
vn -0.361572266 -0.639160156 -0.678710938
vn -0.352783203 -0.638671875 -0.68359375
vn 0.135742188 0.7734375 0.619628906
vn 0.383789062 0.544921875 0.745605469
vn 0.237670898 0.5546875 0.797363281
vn 0.317626953 0.767578125 0.557128906
vn 0.519042969 0.530761719 0.669921875
vn 0.0862426758 0.844238281 0.529296875
vn -0.0366210938 0.736328125 0.67578125
vn -0.0982666016 0.802734375 0.587890625
vn 0.0519104004 0.887207031 0.458740234
vn -0.136230469 0.842285156 0.520996094
vn 0.278808594 0.844726562 0.456542969
vn 0.483398438 0.743652344 0.462158203
vn 0.017578125 0.922851562 0.384765625
vn -0.172485352 0.874511719 0.453613281
vn 0.632324219 0.678710938 0.373291016
vn 0.645996094 0.45703125 0.611328125
vn 0.616210938 0.741699219 0.264892578
vn 0.458251953 0.812011719 0.361083984
vn 0.596679688 0.779785156 0.189697266
vn 0.248535156 0.890625 0.380859375
vn 0.433837891 0.854492188 0.285888672
vn 0.57421875 0.810546875 0.115783691
vn -0.0205230713 0.947753906 0.318847656
vn -0.209838867 0.896484375 0.390380859
vn 0.216674805 0.927734375 0.303222656
vn 0.40625 0.889648438 0.209106445
vn 0.5546875 0.831054688 0.0446777344
vn -0.0558166504 0.952148438 0.300048828
vn -0.228027344 0.902832031 0.364501953
vn 0.186035156 0.955078125 0.23046875
vn 0.173095703 0.964355469 0.199951172
vn 0.385253906 0.912597656 0.135375977
vn 0.547851562 0.836425781 0.0134658813
vn 0.395019531 0.913574219 0.0963134766
vn -0.814453125 0.237548828 0.528808594
vn -0.732421875 0.390869141 0.557617188
vn -0.709960938 0.379882812 0.592773438
vn -0.828613281 0.24230957 0.504882812
vn -0.746582031 0.399169922 0.532226562
vn -0.835449219 0.24609375 0.491455078
vn -0.760742188 0.40625 0.506347656
vn -0.840820312 0.250488281 0.479492188
vn -0.7734375 0.41015625 0.483398438
vn -0.847167969 0.251464844 0.467529297
vn -0.778320312 0.411132812 0.474609375
vn -0.844238281 0.268066406 0.463867188
vn -0.897949219 0.0769042969 0.433349609
vn -0.898925781 0.076965332 0.431640625
vn -0.900878906 0.0771484375 0.427490234
vn -0.902832031 0.077331543 0.422607422
vn -0.905761719 0.0775146484 0.416992188
vn -0.907714844 0.0777587891 0.411865234
vn -0.727539062 0.158447266 0.667480469
vn -0.833496094 -0.0210723877 0.552246094
vn -0.64453125 -0.0325012207 0.763671875
vn -0.801757812 -0.156494141 0.577148438
vn -0.6796875 -0.236572266 0.694335938
vn -0.86328125 -0.244995117 0.440917969
vn -0.899414062 -0.268798828 0.345214844
vn -0.899414062 -0.268798828 0.345214844
vn -0.727539062 0.158447266 0.667480469
vn -0.814453125 0.237548828 0.528808594
vn -0.709960938 0.379882812 0.592773438
vn -0.633300781 0.314697266 0.70703125
vn -0.64453125 -0.0325012207 0.763671875
vn -0.484619141 0.0942382812 0.869628906
vn -0.513671875 -0.168212891 0.841308594
vn -0.6796875 -0.236572266 0.694335938
vn -0.559082031 -0.354736328 0.749511719
vn -0.559082031 -0.354736328 0.749511719
vn 0.181396484 0.190063477 0.96484375
vn 0.308105469 0.0679931641 0.948730469
vn 0.182006836 0.0583190918 0.981445312
vn 0.309082031 0.21105957 0.927246094
vn 0.237670898 0.5546875 0.797363281
vn 0.416259766 0.077331543 0.905761719
vn 0.417724609 0.213256836 0.883300781
vn 0.517578125 0.0500793457 0.854492188
vn 0.520996094 0.192871094 0.831542969
vn 0.383789062 0.544921875 0.745605469
vn 0.622558594 0.0205993652 0.782226562
vn 0.519042969 0.530761719 0.669921875
vn 0.62890625 0.151733398 0.762207031
vn 0.645996094 0.45703125 0.611328125
vn -0.361816406 -0.638671875 -0.678710938
vn -0.361816406 -0.638671875 -0.678710938
vn -0.361816406 -0.638671875 -0.678710938
vn -0.361816406 -0.638671875 -0.678710938
vn -0.361816406 -0.638671875 -0.678710938
vn -0.361816406 -0.638671875 -0.678710938
vn -0.361816406 -0.638671875 -0.678710938
vn -0.361816406 -0.638671875 -0.678710938
vn -0.361816406 -0.638671875 -0.678710938
vn -0.361816406 -0.638671875 -0.678710938
vn 0.0983276367 -0.468505859 0.877929688
vn 0.225952148 -0.473876953 0.851074219
vn 0.0983276367 -0.468505859 0.877929688
vn 0.222900391 -0.473876953 0.852050781
vn 0.329345703 -0.471679688 0.817871094
vn 0.329345703 -0.471679688 0.817871094
vn 0.421142578 -0.490722656 0.762695312
vn 0.423828125 -0.491210938 0.760742188
vn 0.525390625 -0.504882812 0.685058594
vn 0.525390625 -0.504882812 0.685058594
vn -0.591308594 -0.715820312 -0.370605469
vn -0.591308594 -0.715820312 -0.370605469
vn -0.495361328 -0.858886719 -0.130615234
vn -0.495361328 -0.858886719 -0.130615234
vn -0.379882812 -0.915039062 0.135375977
vn -0.379882812 -0.915039062 0.135375977
vn -0.256347656 -0.879394531 0.401367188
vn -0.256347656 -0.879394531 0.401367188
vn -0.137207031 -0.754882812 0.641113281
vn -0.137207031 -0.754882812 0.641113281
vn -0.564453125 0.60546875 -0.561035156
vn -0.564453125 0.60546875 -0.561035156
vn -0.641601562 0.347900391 -0.68359375
vn -0.641601562 0.347900391 -0.68359375
vn -0.685546875 0.0587158203 -0.725585938
vn -0.685546875 0.0587158203 -0.725585938
vn -0.69140625 -0.233642578 -0.68359375
vn -0.69140625 -0.233642578 -0.68359375
vn -0.659179688 -0.500488281 -0.561035156
vn -0.659179688 -0.500488281 -0.561035156
vn -0.591308594 -0.715820312 -0.370605469
vn 0.0932617188 0.284912109 0.954101562
vn 0.0932617188 0.284912109 0.954101562
vn 0.0608825684 0.551757812 0.831542969
vn 0.0873413086 -0.00747299194 0.99609375
vn 0.0873413086 -0.00748443604 0.99609375
vn 0.0434875488 -0.296630859 0.954101562
vn 0.0434875488 -0.296630859 0.954101562
vn -0.0338745117 -0.554199219 0.831542969
vn -0.0338745117 -0.554199219 0.831542969
vn -0.137207031 -0.754882812 0.641113281
vn -0.137207031 -0.754882812 0.641113281
vn 0.0932617188 0.284912109 0.954101562
vn 0.0608825684 0.551757812 0.831542969
vn 0.0608825684 0.551757812 0.831542969
vn -0.00677871704 0.767089844 0.641113281
vn -0.00677871704 0.767089844 0.641113281
vn -0.00677871704 0.767089844 0.641113281
vn -0.00677871704 0.767089844 0.641113281
vn -0.103088379 0.91015625 0.401367188
vn -0.103088379 0.91015625 0.401367188
vn -0.21862793 0.966308594 0.135253906
vn -0.21862793 0.966308594 0.135253906
vn -0.342041016 0.930664062 -0.130737305
vn -0.342041016 0.930664062 -0.130737305
vn -0.342041016 0.930664062 -0.130737305
vn -0.342041016 0.930664062 -0.130737305
vn -0.461181641 0.806152344 -0.370605469
vn -0.461181641 0.806152344 -0.370605469
vn -0.564453125 0.60546875 -0.561035156
vn -0.564453125 0.60546875 -0.561035156
vn -0.630859375 0.348388672 -0.693359375
vn -0.501464844 0.349121094 -0.791503906
vn -0.420410156 0.618652344 -0.663574219
vn -0.553222656 0.607421875 -0.5703125
vn -0.674804688 0.057800293 -0.735351562
vn -0.501464844 0.349121094 -0.791503906
vn -0.630859375 0.348388672 -0.693359375
vn -0.547363281 0.046875 -0.8359375
vn -0.681152344 -0.235961914 -0.693359375
vn -0.553222656 -0.258789062 -0.791503906
vn -0.6484375 -0.504394531 -0.5703125
vn -0.51953125 -0.538085938 -0.663574219
vn -0.580566406 -0.720703125 -0.37890625
vn -0.448730469 -0.763671875 -0.464599609
vn 0.00726318359 0.770019531 0.638183594
vn 0.162841797 0.788085938 0.59375
vn 0.233642578 0.5625 0.79296875
vn 0.0752563477 0.553222656 0.829589844
vn 0.267578125 0.283447266 0.920898438
vn 0.107849121 0.28515625 0.952636719
vn 0.553222656 0.258789062 0.791503906
vn 0.51953125 0.538085938 0.663574219
vn 0.261230469 -0.0223846436 0.96484375
vn 0.101867676 -0.00872039795 0.994628906
vn 0.547363281 -0.046875 0.8359375
vn 0.681152344 0.235961914 0.693359375
vn 0.674804688 -0.057800293 0.735351562
vn 0.501464844 -0.349121094 0.791503906
vn 0.630859375 -0.348388672 0.693359375
vn 0.215454102 -0.324707031 0.920898438
vn 0.0578308105 -0.299316406 0.952636719
vn -0.0199127197 -0.558105469 0.829589844
vn 0.0265045166 -0.804199219 0.59375
vn -0.123779297 -0.759765625 0.638183594
vn 0.134521484 -0.594238281 0.79296875
vn 0.0578308105 -0.299316406 0.952636719
vn 0.215454102 -0.324707031 0.920898438
vn 0.420410156 -0.618652344 0.663574219
vn 0.501464844 -0.349121094 0.791503906
vn 0.630859375 -0.348388672 0.693359375
vn 0.553222656 -0.607421875 0.5703125
vn -0.0895385742 0.913574219 0.396972656
vn 0.162841797 0.788085938 0.59375
vn 0.00726318359 0.770019531 0.638183594
vn 0.0621337891 0.9375 0.342773438
vn 0.448730469 0.763671875 0.464599609
vn 0.347900391 0.913085938 0.213623047
vn 0.483642578 0.864257812 0.137817383
vn 0.580566406 0.720703125 0.37890625
vn 0.51953125 0.538085938 0.663574219
vn 0.233642578 0.5625 0.79296875
vn 0.6484375 0.504394531 0.5703125
vn -0.205566406 0.970214844 0.129638672
vn 0.0621337891 0.9375 0.342773438
vn -0.0895385742 0.913574219 0.396972656
vn -0.0586547852 0.99609375 0.0646362305
vn -0.329589844 0.934082031 -0.137695312
vn 0.347900391 0.913085938 0.213623047
vn -0.18762207 0.958496094 -0.213623047
vn -0.449462891 0.809082031 -0.37890625
vn 0.227172852 0.971679688 -0.0646362305
vn -0.312255859 0.828613281 -0.464599609
vn -0.553222656 0.607421875 -0.5703125
vn -0.420410156 0.618652344 -0.663574219
vn 0.367431641 0.920898438 -0.129638672
vn 0.483642578 0.864257812 0.137817383
vn 0.243530273 0.884765625 -0.396972656
vn 0.0981445312 0.934082031 -0.342773438
vn 0.123779297 0.759765625 -0.638183594
vn -0.0265045166 0.804199219 -0.59375
vn -0.134521484 0.594238281 -0.79296875
vn -0.483642578 -0.864257812 -0.137817383
vn -0.448730469 -0.763671875 -0.464599609
vn -0.580566406 -0.720703125 -0.37890625
vn -0.347900391 -0.913085938 -0.213623047
vn -0.162841797 -0.788085938 -0.59375
vn -0.0621337891 -0.9375 -0.342773438
vn 0.0894775391 -0.913574219 -0.396972656
vn -0.00726699829 -0.770019531 -0.638183594
vn -0.233642578 -0.5625 -0.79296875
vn -0.51953125 -0.538085938 -0.663574219
vn -0.367431641 -0.920898438 0.129638672
vn -0.347900391 -0.913085938 -0.213623047
vn -0.483642578 -0.864257812 -0.137817383
vn -0.227172852 -0.971679688 0.0646362305
vn -0.243530273 -0.884765625 0.396972656
vn -0.0621337891 -0.9375 -0.342773438
vn -0.0981445312 -0.934082031 0.342773438
vn -0.123779297 -0.759765625 0.638183594
vn 0.0265045166 -0.804199219 0.59375
vn 0.0586242676 -0.99609375 -0.0646362305
vn 0.18762207 -0.958496094 0.213623047
vn 0.205566406 -0.970214844 -0.129638672
vn 0.0894775391 -0.913574219 -0.396972656
vn 0.329589844 -0.934082031 0.137817383
vn 0.449462891 -0.809082031 0.37890625
vn 0.312255859 -0.828613281 0.464599609
vn 0.134521484 -0.594238281 0.79296875
vn 0.553222656 -0.607421875 0.5703125
vn 0.420410156 -0.618652344 0.663574219
vn 0.685546875 -0.0587158203 0.725585938
vn 0.69140625 0.233642578 0.68359375
vn 0.69140625 0.233642578 0.68359375
vn 0.685546875 -0.0587158203 0.725585938
vn 0.642089844 -0.347900391 0.68359375
vn 0.642089844 -0.347900391 0.68359375
vn 0.00684738159 -0.767089844 -0.641113281
vn 0.103149414 -0.91015625 -0.401367188
vn 0.00684738159 -0.767089844 -0.641113281
vn 0.103149414 -0.91015625 -0.401367188
vn 0.21862793 -0.966308594 -0.135375977
vn 0.21862793 -0.966308594 -0.135375977
vn 0.342041016 -0.930664062 0.130737305
vn 0.342041016 -0.930664062 0.130737305
vn 0.461181641 -0.806152344 0.370605469
vn 0.461181641 -0.806152344 0.370605469
vn 0.0338439941 0.554199219 -0.831542969
vn -0.0435180664 0.296630859 -0.954101562
vn 0.0338439941 0.554199219 -0.831542969
vn -0.0435180664 0.296630859 -0.954101562
vn -0.0873413086 0.00747680664 -0.99609375
vn -0.0873413086 0.00748062134 -0.99609375
vn -0.0933227539 -0.284912109 -0.954101562
vn -0.0933227539 -0.284912109 -0.954101562
vn -0.0608520508 -0.551757812 -0.831542969
vn -0.0608520508 -0.551757812 -0.831542969
vn 0.00684738159 -0.767089844 -0.641113281
vn 0.00684738159 -0.767089844 -0.641113281
vn 0.69140625 0.233642578 0.68359375
vn 0.659179688 0.500488281 0.561035156
vn 0.659179688 0.500488281 0.561035156
vn 0.69140625 0.233642578 0.68359375
vn 0.659179688 0.500488281 0.561035156
vn 0.591308594 0.715820312 0.370605469
vn 0.659179688 0.500488281 0.561035156
vn 0.591308594 0.715820312 0.370605469
vn 0.495117188 0.858886719 0.130737305
vn 0.495117188 0.858886719 0.130737305
vn 0.379882812 0.915039062 -0.135375977
vn 0.379882812 0.915039062 -0.135375977
vn 0.256347656 0.879394531 -0.401367188
vn 0.256347656 0.879394531 -0.401367188
vn 0.137207031 0.754882812 -0.641113281
vn 0.137207031 0.754882812 -0.641113281
vn 0.461181641 -0.806152344 0.370605469
vn 0.564453125 -0.60546875 0.561035156
vn 0.564453125 -0.60546875 0.561035156
vn 0.461181641 -0.806152344 0.370605469
vn 0.564453125 -0.60546875 0.561035156
vn 0.642089844 -0.347900391 0.68359375
vn 0.642089844 -0.347900391 0.68359375
vn 0.564453125 -0.60546875 0.561035156
vn 0.137207031 0.754882812 -0.641113281
vn 0.0338439941 0.554199219 -0.831542969
vn 0.0338439941 0.554199219 -0.831542969
vn 0.137207031 0.754882812 -0.641113281
vn 0.6484375 0.504394531 0.5703125
vn 0.681152344 0.235961914 0.693359375
vn 0.553222656 0.258789062 0.791503906
vn 0.51953125 0.538085938 0.663574219
vn -0.101867676 0.00872039795 -0.994628906
vn -0.0578308105 0.299316406 -0.952636719
vn -0.215454102 0.324707031 -0.920898438
vn -0.134521484 0.594238281 -0.79296875
vn -0.501464844 0.349121094 -0.791503906
vn -0.420410156 0.618652344 -0.663574219
vn 0.0199127197 0.558105469 -0.829589844
vn -0.0265045166 0.804199219 -0.59375
vn 0.123779297 0.759765625 -0.638183594
vn -0.00726699829 -0.770019531 -0.638183594
vn -0.233642578 -0.5625 -0.79296875
vn -0.162841797 -0.788085938 -0.59375
vn -0.0752563477 -0.553222656 -0.829589844
vn -0.267578125 -0.283447266 -0.920898438
vn -0.51953125 -0.538085938 -0.663574219
vn -0.107849121 -0.28515625 -0.952636719
vn -0.553222656 -0.258789062 -0.791503906
vn -0.261230469 0.0223846436 -0.96484375
vn -0.101867676 0.00872039795 -0.994628906
vn -0.547363281 0.046875 -0.8359375
vn -0.215454102 0.324707031 -0.920898438
vn -0.501464844 0.349121094 -0.791503906
vn 0.0842285156 0.188476562 -0.978515625
vn 0.0248565674 -0.00212860107 -0.999511719
vn 0.02293396 -0.00196647644 -0.999511719
vn 0.0855712891 0.171630859 -0.981445312
vn 0.0182800293 -0.00157642365 -1
vn 0.138793945 0.33203125 -0.933105469
vn 0.12878418 0.333496094 -0.934082031
vn 0.164672852 0.326904297 -0.930664062
vn 0.0991210938 0.169921875 -0.98046875
vn 0.0130233765 -0.00113868713 -1
vn 0.193359375 0.318847656 -0.927734375
vn 0.111877441 0.164916992 -0.979980469
vn 0.00687408447 -0.000611782074 -1
vn 0.222045898 0.309082031 -0.924804688
vn 0.126953125 0.160400391 -0.979003906
vn 0.00124549866 -0.000112056732 -1
vn 0.262695312 0.296630859 -0.91796875
vn 0.154296875 0.154663086 -0.976074219
vn 0.154907227 -0.105712891 -0.982421875
vn 0.395019531 0.2265625 -0.890136719
vn 0.3125 0.0693969727 -0.947265625
vn 0.18347168 -0.240844727 -0.953125
vn 0.59375 0.0019235611 -0.8046875
vn 0.424560547 -0.124084473 -0.896972656
vn 0.0299530029 -0.321533203 -0.946289062
vn 0.336669922 -0.323730469 -0.884277344
vn -0.0731201172 -0.339355469 -0.937988281
vn -0.0731201172 -0.339355469 -0.937988281
vn 0.542480469 -0.258544922 -0.799316406
vn 0.430908203 -0.439453125 -0.788085938
vn 0.430908203 -0.439453125 -0.788085938
vn -0.798828125 -0.6015625 -1.43051147E-06
vn -0.799316406 -0.600585938 0.0102386475
vn -0.88671875 -0.462402344 0.0134277344
vn -0.890136719 -0.456054688 -4.17232513E-07
vn -0.799316406 -0.600585938 -0.0102386475
vn -0.957519531 -0.287597656 0.0124359131
vn -0.88671875 -0.462402344 -0.0134353638
vn -0.967285156 -0.25390625 -2.38418579E-07
vn -0.999511719 -0.0273742676 0.00330924988
vn -0.957519531 -0.287597656 -0.0124359131
vn -1 0.00861358643 -1.01327896E-06
vn -0.991699219 0.128662109 -0.00871276855
vn -0.999511719 -0.0273742676 -0.00331115723
vn -0.991699219 0.128662109 -1.54972076E-06
vn -0.991699219 0.128662109 0.00871276855
vn -0.983886719 0.0842895508 0.156494141
vn -0.983886719 0.0842895508 0.156494141
vn -0.996582031 0.0853271484 0
vn -0.983886719 0.0842895508 0.156494141
vn -0.983886719 0.0842895508 0.156494141
vn -0.996582031 0.0853271484 0
vn -0.983886719 0.0842895508 -0.156494141
vn -0.983886719 0.0842895508 -0.156494141
vn -0.983886719 0.0842895508 -0.156494141
vn -0.983886719 0.0842895508 -0.156494141
vn -0.238647461 -0.971191406 0
vn -0.238647461 -0.971191406 -0.0146865845
vn -0.296630859 -0.955078125 -0.00736618042
vn -0.296875 -0.955078125 0
vn -0.238647461 -0.971191406 0.0146865845
vn -0.433349609 -0.901367188 0.00128078461
vn -0.296630859 -0.955078125 0.00736618042
vn -0.433349609 -0.901367188 0
vn -0.568359375 -0.822753906 0.00358581543
vn -0.433349609 -0.901367188 -0.00128078461
vn -0.567871094 -0.823242188 0
vn -0.681152344 -0.731933594 0.00610351562
vn -0.568359375 -0.822753906 -0.00358581543
vn -0.680664062 -0.732421875 -1.01327896E-06
vn -0.799316406 -0.600585938 0.0102386475
vn -0.681152344 -0.731933594 -0.00610351562
vn -0.798828125 -0.6015625 -1.43051147E-06
vn -0.799316406 -0.600585938 -0.0102386475
vn 0.961425781 0.123291016 0.246337891
vn 0.846191406 0.439941406 0.300292969
vn 0.850585938 0.502441406 0.154785156
vn 0.981445312 0.153442383 0.116699219
vn 0.993164062 0.00930786133 0.115112305
vn 0.986328125 0.164550781 2.92062759E-06
vn 0.863769531 0.503417969 1.25169754E-06
vn 0.981445312 0.153442383 -0.116699219
vn 0.850585938 0.502441406 -0.154785156
vn 0.846191406 0.439941406 -0.300292969
vn 0.3125 0.0693969727 0.947265625
vn 0.262695312 0.296630859 0.91796875
vn 0.395019531 0.2265625 0.890136719
vn 0.424560547 -0.124084473 0.896972656
vn 0.59375 0.00192451477 0.8046875
vn 0.542480469 -0.258544922 0.799316406
vn 0.336669922 -0.323730469 0.884277344
vn 0.3125 0.8515625 0.420654297
vn 0.281494141 0.859375 0.427001953
vn 0.297119141 0.921875 0.248046875
vn 0.328613281 0.917480469 0.223388672
vn 0.384033203 0.826660156 0.411132812
vn 0.334472656 0.942382812 0
vn 0.301757812 0.953125 0
vn 0.403076172 0.889648438 0.213867188
vn 0.458984375 0.791503906 0.403564453
vn 0.328613281 0.917480469 -0.223388672
vn 0.297119141 0.921875 -0.248046875
vn 0.403076172 0.889648438 -0.213867188
vn 0.411865234 0.911132812 0
vn 0.482666016 0.850097656 -0.210327148
vn 0.493896484 0.869628906 0
vn 0.55859375 0.803710938 -0.204711914
vn 0.482666016 0.850097656 0.210327148
vn 0.533691406 0.749023438 0.393310547
vn 0.572753906 0.819824219 0
vn 0.657714844 0.728515625 -0.19128418
vn 0.55859375 0.803710938 0.204711914
vn 0.635742188 0.678710938 0.368164062
vn 0.676269531 0.736816406 0
vn 0.657714844 0.728515625 0.19128418
vn 0.846191406 0.439941406 0.300292969
vn 0.850585938 0.502441406 0.154785156
vn 0.863769531 0.503417969 1.25169754E-06
vn 0.850585938 0.502441406 -0.154785156
vn 0.635742188 0.678710938 -0.368164062
vn 0.846191406 0.439941406 -0.300292969
vn 0.533691406 0.749023438 -0.393310547
vn 0.635742188 0.678710938 -0.368164062
vn 0.657714844 0.728515625 -0.19128418
vn 0.55859375 0.803710938 -0.204711914
vn 0.458984375 0.791503906 -0.403564453
vn 0.482666016 0.850097656 -0.210327148
vn 0.384033203 0.826660156 -0.411132812
vn 0.403076172 0.889648438 -0.213867188
vn 0.3125 0.8515625 -0.420654297
vn 0.328613281 0.917480469 -0.223388672
vn 0.281494141 0.859375 -0.427001953
vn 0.297119141 0.921875 -0.248046875
vn 0.0299530029 -0.321533203 0.946289062
vn 0.336669922 -0.323730469 0.884277344
vn -0.073059082 -0.339355469 0.937988281
vn 0.18347168 -0.240966797 0.953125
vn 0.424560547 -0.124084473 0.896972656
vn 0.154907227 -0.105712891 0.982421875
vn 0.3125 0.0693969727 0.947265625
vn 0.00124549866 -0.000111699104 1
vn 0.154296875 0.154663086 0.976074219
vn 0.262695312 0.296630859 0.91796875
vn 0.00687408447 -0.000611305237 1
vn 0.222045898 0.309082031 0.924804688
vn 0.126953125 0.160400391 0.979003906
vn 0.0130233765 -0.00113868713 1
vn 0.193359375 0.318847656 0.927734375
vn 0.111877441 0.164916992 0.979980469
vn 0.0182800293 -0.00157737732 1
vn 0.164672852 0.326904297 0.930664062
vn 0.0991210938 0.169921875 0.98046875
vn 0.02293396 -0.00196647644 0.999511719
vn 0.138793945 0.33203125 0.933105469
vn 0.0855712891 0.171630859 0.981445312
vn 0.0248565674 -0.00212860107 0.999511719
vn 0.12878418 0.333496094 0.934082031
vn 0.0842285156 0.188476562 0.978515625
vn -0.798828125 -0.6015625 -3.57627869E-06
vn -0.798828125 -0.6015625 -3.57627869E-06
vn -0.798828125 -0.6015625 -3.57627869E-06
vn -0.798828125 -0.6015625 -3.57627869E-06
vn -0.798828125 -0.6015625 -3.57627869E-06
vn -0.798828125 -0.6015625 -3.57627869E-06
vn -0.798828125 -0.6015625 -3.57627869E-06
vn -0.798828125 -0.6015625 -3.57627869E-06
vn -0.798828125 -0.6015625 -3.57627869E-06
vn 0.542480469 -0.258544922 0.799316406
vn 0.430908203 -0.439453125 0.788085938
vn 0.430908203 -0.439453125 0.788085938
vn 0.814941406 -0.529785156 0.234863281
vn 0.843261719 -0.526855469 0.10748291
vn 0.814941406 -0.529785156 0.234863281
vn 0.842773438 -0.526855469 0.110656738
vn 0.855957031 -0.517089844 0
vn 0.855957031 -0.517089844 0
vn 0.843261719 -0.526855469 -0.10748291
vn 0.842773438 -0.526855469 -0.110656738
vn 0.814941406 -0.529785156 -0.234863281
vn 0.814941406 -0.529785156 -0.234863281
vn -0.713867188 0.618164062 0.329345703
vn -0.713867188 0.618164062 0.329345703
vn -0.869628906 0.367431641 0.329345703
vn -0.869628906 0.367431641 0.329345703
vn -0.940917969 0.0805664062 0.329345703
vn -0.940917969 0.0805664062 0.329345703
vn -0.919433594 -0.214111328 0.329345703
vn -0.919433594 -0.214111328 0.329345703
vn 0.919433594 0.214111328 0.329345703
vn 0.80859375 0.487792969 0.329345703
vn 0.80859375 0.487792969 0.329345703
vn 0.919433594 0.214111328 0.329345703
vn 0.940917969 -0.0805664062 0.329345703
vn 0.940917969 -0.0805664062 0.329345703
vn 0.869628906 -0.367431641 0.329345703
vn 0.869628906 -0.367431641 0.329345703
vn -0.367431641 -0.869628906 0.329589844
vn -0.0805664062 -0.940917969 0.329345703
vn -0.0805664062 -0.940917969 0.329345703
vn -0.367431641 -0.869628906 0.329589844
vn -0.618164062 -0.713867188 0.329345703
vn -0.618164062 -0.713867188 0.329345703
vn -0.80859375 -0.487792969 0.329345703
vn -0.80859375 -0.487792969 0.329345703
vn 0.80859375 0.487792969 0.329345703
vn 0.80859375 0.487792969 0.329345703
vn 0.618164062 0.713867188 0.329345703
vn 0.618164062 0.713867188 0.329345703
vn -0.0805664062 -0.940917969 0.329345703
vn -0.0805664062 -0.940917969 0.329345703
vn 0.214111328 -0.919433594 0.329345703
vn 0.214111328 -0.919433594 0.329345703
vn 0.487792969 -0.80859375 0.329345703
vn 0.487792969 -0.80859375 0.329345703
vn 0.713867188 -0.618164062 0.329345703
vn 0.713867188 -0.618164062 0.329345703
vn 0.618164062 0.713867188 0.329345703
vn 0.618164062 0.713867188 0.329345703
vn 0.367431641 0.869628906 0.329345703
vn 0.367431641 0.869628906 0.329345703
vn 0.0805664062 0.940917969 0.329345703
vn 0.0805664062 0.940917969 0.329345703
vn -0.214111328 0.919433594 0.329345703
vn -0.214111328 0.919433594 0.329345703
vn -0.487792969 0.80859375 0.329345703
vn 0.713867188 -0.618164062 0.329345703
vn 0.713867188 -0.618164062 0.329345703
vn 0.869628906 -0.367431641 0.329345703
vn 0.869628906 -0.367431641 0.329345703
vn -0.919433594 -0.214111328 0.329345703
vn -0.919433594 -0.214111328 0.329345703
vn -0.80859375 -0.487792969 0.329345703
vn -0.80859375 -0.487792969 0.329345703
vn -0.214111328 0.919433594 0.329345703
vn -0.487792969 0.80859375 0.329345703
vn -0.487792969 0.80859375 0.329345703
vn -0.713867188 0.618164062 0.329345703
vn -0.713867188 0.618164062 0.329345703
vn -0.874023438 0.369140625 0.315429688
vn -0.746582031 0.646484375 0.157348633
vn -0.717285156 0.62109375 0.315429688
vn -0.909667969 0.384277344 0.157348633
vn -0.9453125 0.0809936523 0.315429688
vn -0.746582031 0.646484375 -0.157348633
vn -0.983886719 0.0842895508 0.157348633
vn -0.924316406 -0.215209961 0.315429688
vn -0.909667969 0.384277344 -0.157348633
vn -0.961914062 -0.223876953 0.157348633
vn -0.8125 -0.490234375 0.315429688
vn -0.845703125 -0.510253906 0.157348633
vn -0.983886719 0.0842895508 -0.157348633
vn -0.961914062 -0.223876953 -0.157348633
vn -0.845703125 -0.510253906 -0.157348633
vn -0.8125 -0.490234375 -0.315429688
vn -0.62109375 -0.717285156 -0.315429688
vn -0.924316406 -0.215209961 -0.315429688
vn -0.9453125 0.0809936523 -0.315429688
vn -0.874023438 0.369140625 -0.315429688
vn -0.717285156 0.62109375 -0.315429688
vn -0.510253906 0.845703125 -0.157348633
vn -0.490234375 0.8125 -0.315429688
vn 0.717285156 -0.62109375 0.315429688
vn 0.510253906 -0.845703125 0.157348633
vn 0.490234375 -0.8125 0.315429688
vn 0.746582031 -0.646484375 0.157348633
vn 0.510253906 -0.845703125 -0.157348633
vn 0.746582031 -0.646484375 -0.157348633
vn 0.717285156 -0.62109375 -0.315429688
vn 0.490234375 -0.8125 -0.315429688
vn 0.369140625 0.874023438 0.315429688
vn 0.384277344 0.909667969 0.157348633
vn 0.646484375 0.746582031 0.157348633
vn 0.62109375 0.717285156 0.315429688
vn 0.874023438 -0.369140625 0.315429688
vn 0.746582031 -0.646484375 0.157348633
vn 0.717285156 -0.62109375 0.315429688
vn 0.909667969 -0.384277344 0.157348633
vn 0.9453125 -0.0809936523 0.315429688
vn 0.983886719 -0.0842895508 0.157348633
vn 0.746582031 -0.646484375 -0.157348633
vn 0.909667969 -0.384277344 -0.157348633
vn 0.983886719 -0.0842895508 -0.157348633
vn 0.874023438 -0.369140625 -0.315429688
vn 0.717285156 -0.62109375 -0.315429688
vn 0.9453125 -0.0809936523 -0.315429688
vn 0.924316406 0.215209961 -0.315429688
vn 0.961914062 0.223876953 -0.157348633
vn 0.0809936523 0.9453125 0.315429688
vn 0.384277344 0.909667969 0.157348633
vn 0.369140625 0.874023438 0.315429688
vn 0.0842895508 0.983886719 0.157348633
vn -0.215209961 0.924316406 0.315429688
vn -0.223876953 0.961914062 0.157348633
vn -0.490234375 0.8125 0.315429688
vn -0.510253906 0.845703125 0.157348633
vn -0.223876953 0.961914062 -0.157348633
vn 0.0842895508 0.983886719 -0.157348633
vn 0.384277344 0.909667969 -0.157348633
vn -0.215209961 0.924316406 -0.315429688
vn -0.490234375 0.8125 -0.315429688
vn 0.0809936523 0.9453125 -0.315429688
vn 0.369140625 0.874023438 -0.315429688
vn 0.646484375 0.746582031 -0.157348633
vn 0.646484375 0.746582031 0.157348633
vn -0.717285156 0.62109375 0.315429688
vn -0.510253906 0.845703125 0.157348633
vn -0.490234375 0.8125 0.315429688
vn -0.746582031 0.646484375 0.157348633
vn -0.510253906 0.845703125 -0.157348633
vn -0.746582031 0.646484375 -0.157348633
vn -0.223876953 0.961914062 -0.157348633
vn -0.490234375 0.8125 -0.315429688
vn 0.924316406 0.215209961 0.315429688
vn 0.983886719 -0.0842895508 0.157348633
vn 0.9453125 -0.0809936523 0.315429688
vn 0.961914062 0.223876953 0.157348633
vn 0.983886719 -0.0842895508 -0.157348633
vn 0.8125 0.490234375 0.315429688
vn 0.961914062 0.223876953 -0.157348633
vn 0.845703125 0.510253906 0.157348633
vn 0.62109375 0.717285156 0.315429688
vn 0.646484375 0.746582031 0.157348633
vn 0.845703125 0.510253906 -0.157348633
vn 0.646484375 0.746582031 -0.157348633
vn 0.62109375 0.717285156 -0.315429688
vn 0.8125 0.490234375 -0.315429688
vn 0.924316406 0.215209961 -0.315429688
vn -0.618164062 -0.713867188 -0.329345703
vn -0.367431641 -0.869628906 -0.329345703
vn -0.618164062 -0.713867188 -0.329345703
vn -0.367431641 -0.869628906 -0.329345703
vn -0.0805664062 -0.940917969 -0.329345703
vn -0.0805664062 -0.940917969 -0.329345703
vn 0.214111328 -0.919433594 -0.329345703
vn 0.214111328 -0.919433594 -0.329345703
vn 0.487792969 -0.80859375 -0.329345703
vn 0.487792969 -0.80859375 -0.329345703
vn 0.713867188 -0.618164062 -0.329345703
vn 0.713867188 -0.618164062 -0.329345703
vn -0.713867188 0.618164062 -0.329345703
vn -0.869628906 0.367431641 -0.329345703
vn -0.713867188 0.618164062 -0.329345703
vn -0.869628906 0.367431641 -0.329345703
vn -0.940917969 0.0805664062 -0.329345703
vn -0.940917969 0.0805664062 -0.329345703
vn -0.919433594 -0.214111328 -0.329345703
vn -0.919433594 -0.214111328 -0.329345703
vn -0.80859375 -0.487792969 -0.329345703
vn -0.80859375 -0.487792969 -0.329345703
vn -0.618164062 -0.713867188 -0.329345703
vn -0.618164062 -0.713867188 -0.329345703
vn 0.80859375 0.487792969 -0.329345703
vn 0.618164062 0.713867188 -0.329345703
vn 0.618164062 0.713867188 -0.329345703
vn 0.80859375 0.487792969 -0.329345703
vn 0.919433594 0.214111328 -0.329345703
vn 0.919433594 0.214111328 -0.329345703
vn 0.940917969 -0.0805664062 -0.329345703
vn 0.940917969 -0.0805664062 -0.329345703
vn 0.869628906 -0.367431641 -0.329345703
vn 0.869628906 -0.367431641 -0.329345703
vn 0.618164062 0.713867188 -0.329345703
vn 0.367431641 0.869628906 -0.329345703
vn 0.618164062 0.713867188 -0.329345703
vn 0.367431641 0.869628906 -0.329345703
vn 0.0805664062 0.940917969 -0.329345703
vn 0.0805664062 0.940917969 -0.329345703
vn 0.0805664062 0.940917969 -0.329345703
vn -0.214111328 0.919433594 -0.329345703
vn 0.0805664062 0.940917969 -0.329345703
vn -0.214111328 0.919433594 -0.329345703
vn -0.487792969 0.80859375 -0.329345703
vn -0.487792969 0.80859375 -0.329345703
vn 0.713867188 -0.618164062 -0.329345703
vn 0.869628906 -0.367431641 -0.329345703
vn 0.869628906 -0.367431641 -0.329345703
vn 0.713867188 -0.618164062 -0.329345703
vn -0.487792969 0.80859375 -0.329345703
vn -0.713867188 0.618164062 -0.329345703
vn -0.713867188 0.618164062 -0.329345703
vn -0.487792969 0.80859375 -0.329345703
vn -0.369140625 -0.874023438 -0.315429688
vn -0.62109375 -0.717285156 -0.315429688
vn -0.646484375 -0.746582031 -0.157348633
vn -0.384277344 -0.909667969 -0.157348633
vn -0.0809936523 -0.9453125 -0.315429688
vn -0.0842895508 -0.983886719 -0.157348633
vn 0.215209961 -0.924316406 -0.315429688
vn 0.223876953 -0.961914062 -0.157348633
vn 0.490234375 -0.8125 -0.315429688
vn 0.510253906 -0.845703125 -0.157348633
vn 0.510253906 -0.845703125 0.157348633
vn 0.223876953 -0.961914062 0.157348633
vn 0.490234375 -0.8125 0.315429688
vn 0.215209961 -0.924316406 0.315429688
vn -0.0842895508 -0.983886719 0.157348633
vn -0.0809936523 -0.9453125 0.315429688
vn -0.384277344 -0.909667969 0.157348633
vn -0.369140625 -0.874023438 0.315429688
vn -0.646484375 -0.746582031 0.157348633
vn -0.845703125 -0.510253906 -0.157348633
vn -0.62109375 -0.717285156 0.315429688
vn -0.845703125 -0.510253906 0.157348633
vn 0.679199219 0.137573242 0.721191406
vn 0.70703125 -0.0605773926 0.704589844
vn 0.708496094 -0.0606994629 0.703125
vn 0.677734375 0.120910645 0.725097656
vn 0.711914062 -0.0609741211 0.699707031
vn 0.66796875 0.12121582 0.734375
vn 0.715332031 -0.0613098145 0.695800781
vn 0.658203125 0.118103027 0.743652344
vn 0.719726562 -0.0616760254 0.69140625
vn 0.646484375 0.115966797 0.75390625
vn 0.723632812 -0.0619812012 0.6875
vn 0.625 0.114318848 0.771972656
vn 0.592285156 -0.143188477 0.79296875
vn 0.485839844 0.0545349121 0.872558594
vn 0.452148438 -0.708984375 -0.541503906
vn 0.445556641 -0.70703125 -0.548828125
vn 0.521484375 -0.583007812 -0.623046875
vn 0.534667969 -0.578125 -0.616699219
vn 0.460205078 -0.708496094 -0.53515625
vn 0.595214844 -0.420654297 -0.684570312
vn 0.541015625 -0.584472656 -0.604492188
vn 0.615722656 -0.389404297 -0.685058594
vn 0.667480469 -0.170166016 -0.724609375
vn 0.61328125 -0.422119141 -0.667480469
vn 0.675292969 -0.134887695 -0.725097656
vn 0.693359375 -0.0155944824 -0.720703125
vn 0.672363281 -0.170532227 -0.720214844
vn 0.687011719 -0.0150604248 -0.7265625
vn 0.680664062 -0.0145187378 -0.732421875
vn -0.613769531 0.627929688 0.478759766
vn -0.641601562 0.303955078 0.704589844
vn -0.724121094 0.299560547 0.62109375
vn -0.510253906 0.62109375 0.594726562
vn -0.555175781 0.28515625 0.781738281
vn -0.584960938 0.14453125 0.798339844
vn -0.479736328 0.114990234 0.869628906
vn -0.451904297 0.244262695 0.857910156
vn -0.290039062 0.537109375 0.791992188
vn -0.389404297 0.608398438 0.69140625
vn -0.064453125 0.738769531 0.670898438
vn -0.200439453 0.802246094 0.5625
vn 0.562011719 -0.0481567383 -0.825683594
vn 0.562011719 -0.0481567383 -0.825683594
vn 0.562011719 -0.0481567383 -0.825683594
vn 0.562011719 -0.0481567383 -0.825683594
vn 0.684082031 -0.05859375 -0.727050781
vn 0.684082031 -0.05859375 -0.727050781
vn 0.485839844 0.0545349121 0.872558594
vn 0.592285156 -0.143188477 0.79296875
vn 0.532226562 -0.270751953 0.802246094
vn 0.345703125 -0.11730957 0.931152344
vn 0.619628906 -0.372070312 0.69140625
vn 0.367431641 -0.326416016 0.87109375
vn 0.183227539 0.0370788574 0.982421875
vn 0.411132812 0.225219727 0.883300781
vn 0.176269531 -0.227294922 0.957519531
vn 0.217529297 -0.421142578 0.880371094
vn 0.217529297 -0.421142578 0.880371094
vn 0.625 0.114318848 0.771972656
vn 0.530761719 0.273681641 0.802246094
vn 0.646484375 0.115966797 0.75390625
vn 0.564453125 0.279785156 0.776367188
vn 0.658203125 0.118103027 0.743652344
vn 0.587402344 0.284912109 0.757324219
vn 0.66796875 0.12121582 0.734375
vn 0.610351562 0.288818359 0.737792969
vn 0.677734375 0.120910645 0.725097656
vn 0.629882812 0.290039062 0.720214844
vn 0.679199219 0.137573242 0.721191406
vn 0.637695312 0.290039062 0.713867188
vn 0.0216369629 -0.993164062 -0.112609863
vn 0.0322875977 -0.994140625 -0.102539062
vn 0.0684204102 -0.986328125 -0.150634766
vn 0.0632324219 -0.985839844 -0.155883789
vn 0.0109939575 -0.9921875 -0.122680664
vn 0.161987305 -0.952148438 -0.258789062
vn 0.0577392578 -0.985351562 -0.160766602
vn 0.162963867 -0.952148438 -0.258056641
vn 0.262451172 -0.894042969 -0.363037109
vn 0.163818359 -0.952636719 -0.257080078
vn 0.264892578 -0.89453125 -0.360351562
vn 0.349853516 -0.8203125 -0.452148438
vn 0.267578125 -0.89453125 -0.358154297
vn 0.353759766 -0.821289062 -0.447753906
vn 0.445556641 -0.70703125 -0.548828125
vn 0.358642578 -0.821289062 -0.443847656
vn 0.452148438 -0.708984375 -0.541503906
vn 0.460205078 -0.708496094 -0.53515625
vn 0.7890625 -0.067565918 -0.610839844
vn 0.684082031 -0.05859375 -0.727050781
vn 0.684082031 -0.05859375 -0.727050781
vn 0.7890625 -0.067565918 -0.610839844
vn 0.7890625 -0.067565918 -0.610839844
vn 0.7890625 -0.067565918 -0.610839844
vn -0.809082031 0.274902344 0.51953125
vn -0.725097656 0.574707031 0.379882812
vn -0.613769531 0.627929688 0.478759766
vn -0.724121094 0.299560547 0.62109375
vn -0.393310547 0.912109375 -0.11529541
vn -0.375976562 0.915527344 -0.142456055
vn -0.247924805 0.96875 -0.0122146606
vn -0.251708984 0.967285156 0.0278167725
vn -0.438232422 0.896972656 -0.0551452637
vn -0.0903320312 0.979003906 0.183837891
vn -0.0667724609 0.984863281 0.159545898
vn -0.299072266 0.949707031 0.0899658203
vn -0.48828125 0.872558594 0.00652694702
vn 0.0718383789 0.939453125 0.334472656
vn 0.111633301 0.937988281 0.328369141
vn 0.0108108521 0.923339844 0.383789062
vn -0.146972656 0.958984375 0.241821289
vn -0.0511169434 0.895996094 0.441162109
vn -0.208251953 0.9296875 0.303955078
vn -0.113220215 0.861328125 0.495605469
vn -0.355712891 0.921875 0.152587891
vn -0.537109375 0.840332031 0.0701293945
vn -0.268554688 0.891601562 0.364257812
vn -0.409912109 0.88671875 0.214477539
vn -0.598144531 0.784179688 0.165649414
vn -0.200439453 0.802246094 0.5625
vn 0.032623291 0.791503906 0.609863281
vn -0.350097656 0.824707031 0.444091797
vn -0.389404297 0.608398438 0.69140625
vn -0.510253906 0.62109375 0.594726562
vn -0.477539062 0.825683594 0.300048828
vn -0.725097656 0.574707031 0.379882812
vn -0.613769531 0.627929688 0.478759766
vn -0.809082031 0.274902344 0.51953125
vn -0.724121094 0.299560547 0.62109375
vn -0.751953125 0.158813477 0.640136719
vn -0.831054688 0.145141602 0.537109375
vn -0.724121094 0.299560547 0.62109375
vn -0.669921875 0.170410156 0.72265625
vn -0.751953125 0.158813477 0.640136719
vn -0.641601562 0.303955078 0.704589844
vn -0.584960938 0.14453125 0.798339844
vn 0.452392578 -0.708496094 -0.541503906
vn 0.452392578 -0.708496094 -0.541503906
vn 0.452392578 -0.708496094 -0.541503906
vn 0.452392578 -0.708496094 -0.541503906
vn 0.452392578 -0.708496094 -0.541503906
vn 0.452392578 -0.708496094 -0.541503906
vn 0.452392578 -0.708496094 -0.541503906
vn 0.452392578 -0.708496094 -0.541503906
vn 0.452392578 -0.708496094 -0.541503906
vn 0.452392578 -0.708496094 -0.541503906
vn -0.795410156 -0.391845703 0.462158203
vn -0.723632812 -0.392822266 0.567382812
vn -0.721679688 -0.392822266 0.569824219
vn -0.795410156 -0.391845703 0.462158203
vn -0.563476562 -0.406494141 0.719238281
vn -0.455078125 -0.420898438 0.784667969
vn -0.455078125 -0.420898438 0.784667969
vn -0.565917969 -0.40625 0.717285156
vn -0.651367188 -0.387695312 0.65234375
vn -0.651367188 -0.387695312 0.65234375
vn -0.723632812 -0.392822266 0.567382812
vn -0.721679688 -0.392822266 0.569824219
vn 0.367431641 -0.326416016 0.87109375
vn 0.619628906 -0.372070312 0.69140625
vn 0.680175781 -0.404052734 0.611816406
vn 0.680175781 -0.404052734 0.611816406
vn 0.0758056641 -0.772949219 -0.629394531
vn 0.0758056641 -0.772949219 -0.629394531
vn -0.115722656 -0.891601562 -0.438232422
vn -0.115722656 -0.891601562 -0.438232422
vn 0.331298828 0.528808594 -0.781738281
vn 0.400390625 0.258544922 -0.87890625
vn 0.400390625 0.258544922 -0.87890625
vn 0.331298828 0.528808594 -0.781738281
vn 0.206176758 0.749023438 -0.629882812
vn 0.206176758 0.749023438 -0.629882812
vn -0.828125 0.363769531 0.427001953
vn -0.713867188 0.618164062 0.329345703
vn -0.713867188 0.618164062 0.329345703
vn -0.828125 0.363769531 0.427001953
vn -0.884277344 0.0757446289 0.460449219
vn -0.884277344 0.0757446289 0.460449219
vn -0.877929688 -0.217651367 0.427001953
vn -0.115722656 -0.891601562 -0.438232422
vn -0.115722656 -0.891601562 -0.438232422
vn -0.319335938 -0.920410156 -0.226074219
vn -0.319335938 -0.920410156 -0.226074219
vn -0.514648438 -0.856933594 -0.013923645
vn -0.514648438 -0.856933594 -0.0139160156
vn -0.68359375 -0.708007812 0.177490234
vn -0.68359375 -0.708007812 0.177490234
vn -0.80859375 -0.487792969 0.329345703
vn -0.80859375 -0.487792969 0.329345703
vn 0.400390625 0.258544922 -0.87890625
vn 0.400390625 0.258544922 -0.87890625
vn 0.407226562 -0.0348815918 -0.912597656
vn 0.407226562 -0.0348815918 -0.912597656
vn 0.350585938 -0.322998047 -0.87890625
vn 0.350585938 -0.322998047 -0.87890625
vn 0.236450195 -0.577148438 -0.781738281
vn 0.236450195 -0.577148438 -0.781738281
vn 0.0758056641 -0.772949219 -0.629394531
vn 0.0758056641 -0.772949219 -0.629394531
vn -0.713867188 0.618164062 0.329345703
vn -0.713867188 0.618164062 0.329345703
vn -0.553222656 0.813964844 0.177490234
vn -0.553222656 0.813964844 0.177490234
vn -0.361572266 0.932128906 -0.0139694214
vn -0.361572266 0.932128906 -0.013961792
vn -0.361572266 0.932128906 -0.013961792
vn -0.361572266 0.932128906 -0.0139694214
vn -0.158081055 0.961425781 -0.226074219
vn -0.158081055 0.961425781 -0.226074219
vn 0.0375671387 0.897949219 -0.438232422
vn 0.0375671387 0.897949219 -0.438232422
vn 0.206176758 0.749023438 -0.629882812
vn 0.206176758 0.749023438 -0.629882812
vn -0.80859375 -0.487792969 0.329345703
vn -0.80859375 -0.487792969 0.329345703
vn -0.877929688 -0.217651367 0.427001953
vn -0.877929688 -0.217651367 0.427001953
vn -0.884277344 0.0757446289 0.460449219
vn 0.413818359 0.258789062 -0.873046875
vn 0.481933594 0.541503906 -0.688964844
vn 0.344238281 0.530273438 -0.774902344
vn 0.5546875 0.258789062 -0.791015625
vn 0.420410156 -0.0360107422 -0.906738281
vn 0.561523438 -0.0480957031 -0.826171875
vn 0.782226562 0.239257812 -0.575195312
vn 0.363769531 -0.325439453 -0.873046875
vn 0.789550781 -0.0676269531 -0.609863281
vn 0.502441406 -0.349365234 -0.791015625
vn 0.248901367 -0.581054688 -0.774902344
vn 0.73046875 -0.368896484 -0.575195312
vn 0.3828125 -0.615234375 -0.688964844
vn 0.610839844 -0.634765625 -0.472900391
vn -0.706054688 0.620117188 0.341796875
vn -0.610839844 0.634765625 0.472900391
vn -0.73046875 0.368896484 0.575195312
vn -0.820800781 0.364501953 0.439697266
vn -0.544433594 0.817382812 0.189086914
vn -0.610839844 0.634765625 0.472900391
vn -0.706054688 0.620117188 0.341796875
vn -0.442871094 0.83984375 0.314208984
vn -0.3828125 0.615234375 0.688964844
vn -0.352050781 0.936035156 -0.00332450867
vn -0.21484375 0.8203125 0.530273438
vn -0.242553711 0.963378906 0.113891602
vn -0.147583008 0.96484375 -0.216552734
vn -0.0297088623 0.993652344 -0.107971191
vn -0.0145950317 0.943847656 0.329833984
vn 0.104980469 0.896972656 0.4296875
vn -0.0874633789 0.777832031 0.622070312
vn 0.309570312 0.92578125 0.216552734
vn 0.198242188 0.974121094 0.107971191
vn 0.174926758 0.927734375 -0.329833984
vn -0.801269531 -0.491210938 0.341796875
vn -0.579101562 -0.752441406 0.314208984
vn -0.67578125 -0.712890625 0.189086914
vn -0.709960938 -0.521972656 0.472900391
vn -0.351318359 -0.771972656 0.530273438
vn -0.481933594 -0.541503906 0.688964844
vn -0.344238281 -0.530273438 0.774902344
vn -0.218505859 -0.751953125 0.622070312
vn -0.870605469 -0.219726562 0.439697266
vn -0.709960938 -0.521972656 0.472900391
vn -0.801269531 -0.491210938 0.341796875
vn -0.782226562 -0.239257812 0.575195312
vn -0.877441406 0.0751342773 0.473388672
vn -0.789550781 0.0676269531 0.609863281
vn -0.820800781 0.364501953 0.439697266
vn -0.73046875 0.368896484 0.575195312
vn 0.0874633789 -0.777832031 -0.622070312
vn 0.21484375 -0.8203125 -0.530273438
vn 0.3828125 -0.615234375 -0.688964844
vn 0.248901367 -0.581054688 -0.774902344
vn 0.049041748 0.901367188 -0.4296875
vn -0.0297088623 0.993652344 -0.107971191
vn -0.147583008 0.96484375 -0.216552734
vn 0.174926758 0.927734375 -0.329833984
vn 0.218505859 0.751953125 -0.622070312
vn 0.351318359 0.771972656 -0.530273438
vn 0.402832031 0.908203125 -0.113891602
vn 0.198242188 0.974121094 0.107971191
vn 0.506347656 0.862304688 0.00331115723
vn 0.309570312 0.92578125 0.216552734
vn 0.67578125 0.712890625 -0.189086914
vn 0.579101562 0.752441406 -0.314208984
vn 0.481933594 0.541503906 -0.688964844
vn 0.709960938 0.521972656 -0.472900391
vn -0.104980469 -0.896972656 -0.4296875
vn 0.21484375 -0.8203125 -0.530273438
vn 0.0874633789 -0.777832031 -0.622070312
vn 0.0145950317 -0.943847656 -0.329833984
vn -0.309570312 -0.92578125 -0.216552734
vn -0.198242188 -0.974121094 -0.107971191
vn -0.506347656 -0.862304688 -0.00331115723
vn -0.402832031 -0.908203125 0.113891602
vn -0.67578125 -0.712890625 0.189086914
vn -0.579101562 -0.752441406 0.314208984
vn -0.174926758 -0.927734375 0.329833984
vn -0.351318359 -0.771972656 0.530273438
vn -0.218505859 -0.751953125 0.622070312
vn -0.049041748 -0.901367188 0.4296875
vn 0.0297088623 -0.993652344 0.107971191
vn 0.147583008 -0.96484375 0.216552734
vn 0.242553711 -0.963378906 -0.113891602
vn 0.352050781 -0.936035156 0.00332069397
vn 0.442871094 -0.83984375 -0.314208984
vn 0.544433594 -0.817382812 -0.189086914
vn 0.610839844 -0.634765625 -0.472900391
vn 0.3828125 -0.615234375 -0.688964844
vn 0.344238281 0.530273438 -0.774902344
vn 0.351318359 0.771972656 -0.530273438
vn 0.218505859 0.751953125 -0.622070312
vn 0.481933594 0.541503906 -0.688964844
vn 0.709960938 0.521972656 -0.472900391
vn 0.5546875 0.258789062 -0.791015625
vn 0.782226562 0.239257812 -0.575195312
vn -0.407226562 0.0348815918 0.912597656
vn -0.350585938 0.322753906 0.87890625
vn -0.407226562 0.0348815918 0.912597656
vn -0.350585938 0.322998047 0.87890625
vn -0.236450195 0.577148438 0.781738281
vn -0.236450195 0.577148438 0.781738281
vn -0.0758056641 0.7734375 0.629394531
vn -0.0758056641 0.7734375 0.629394531
vn 0.361572266 -0.932128906 0.0139694214
vn 0.158081055 -0.9609375 0.226074219
vn 0.158081055 -0.9609375 0.226074219
vn 0.361572266 -0.932128906 0.013961792
vn 0.553222656 -0.813964844 -0.177368164
vn 0.553222656 -0.813964844 -0.177368164
vn 0.713867188 -0.618164062 -0.329345703
vn 0.713867188 -0.618164062 -0.329345703
vn 0.877929688 0.217651367 -0.427001953
vn 0.884277344 -0.0757446289 -0.460449219
vn 0.884277344 -0.0757446289 -0.460449219
vn 0.877929688 0.217651367 -0.427001953
vn 0.80859375 0.487792969 -0.329345703
vn 0.80859375 0.487792969 -0.329345703
vn 0.68359375 0.708007812 -0.177490234
vn 0.68359375 0.708007812 -0.177490234
vn 0.158081055 -0.9609375 0.226074219
vn -0.0375366211 -0.897949219 0.438232422
vn 0.158081055 -0.9609375 0.226074219
vn -0.0375366211 -0.897949219 0.438232422
vn -0.206176758 -0.749023438 0.629882812
vn -0.206176758 -0.749023438 0.629882812
vn -0.0758056641 0.7734375 0.629394531
vn 0.115661621 0.891601562 0.438232422
vn -0.0758056641 0.7734375 0.629394531
vn 0.115661621 0.891601562 0.438232422
vn 0.319091797 0.920410156 0.226074219
vn 0.319091797 0.920410156 0.226074219
vn -0.206176758 -0.749023438 0.629882812
vn -0.331298828 -0.528808594 0.781738281
vn -0.206176758 -0.749023438 0.629882812
vn -0.331298828 -0.528808594 0.781738281
vn -0.400390625 -0.258544922 0.87890625
vn -0.400390625 -0.258544922 0.87890625
vn -0.407226562 0.0348815918 0.912597656
vn -0.407226562 0.0348815918 0.912597656
vn 0.884277344 -0.0757446289 -0.460449219
vn 0.828125 -0.363769531 -0.427001953
vn 0.884277344 -0.0757446289 -0.460449219
vn 0.828125 -0.363769531 -0.427001953
vn 0.713867188 -0.618164062 -0.329345703
vn 0.713867188 -0.618164062 -0.329345703
vn 0.319091797 0.920410156 0.226074219
vn 0.514648438 0.857421875 0.013885498
vn 0.319091797 0.920410156 0.226074219
vn 0.514648438 0.857421875 0.0138931274
vn 0.68359375 0.708007812 -0.177490234
vn 0.68359375 0.708007812 -0.177490234
vn -0.248901367 0.581054688 0.774902344
vn -0.363769531 0.325439453 0.873046875
vn -0.502441406 0.349365234 0.791015625
vn -0.3828125 0.615234375 0.688964844
vn -0.0874633789 0.777832031 0.622070312
vn -0.21484375 0.8203125 0.530273438
vn -0.610839844 0.634765625 0.472900391
vn -0.73046875 0.368896484 0.575195312
vn 0.877441406 -0.0751342773 -0.473388672
vn 0.87109375 0.219726562 -0.439697266
vn 0.782226562 0.239257812 -0.575195312
vn 0.709960938 0.521972656 -0.472900391
vn 0.801269531 0.491210938 -0.341796875
vn 0.579101562 0.752441406 -0.314208984
vn 0.67578125 0.712890625 -0.189086914
vn 0.877441406 -0.0751342773 -0.473388672
vn 0.782226562 0.239257812 -0.575195312
vn 0.789550781 -0.0676269531 -0.609863281
vn 0.820800781 -0.364501953 -0.439697266
vn 0.73046875 -0.368896484 -0.575195312
vn 0.706054688 -0.620117188 -0.341796875
vn 0.610839844 -0.634765625 -0.472900391
vn -0.413818359 -0.258789062 0.873046875
vn -0.344238281 -0.530273438 0.774902344
vn -0.481933594 -0.541503906 0.688964844
vn -0.5546875 -0.258789062 0.791015625
vn -0.420410156 0.0360107422 0.906738281
vn -0.782226562 -0.239257812 0.575195312
vn -0.709960938 -0.521972656 0.472900391
vn -0.789550781 0.0676269531 0.609863281
vn -0.561523438 0.0480957031 0.826171875
vn -0.363769531 0.325439453 0.873046875
vn -0.73046875 0.368896484 0.575195312
vn -0.502441406 0.349365234 0.791015625
vn 0.544433594 -0.817382812 -0.189086914
vn 0.706054688 -0.620117188 -0.341796875
vn 0.610839844 -0.634765625 -0.472900391
vn 0.442871094 -0.83984375 -0.314208984
vn -0.737304688 0.258789062 0.623535156
vn -0.740234375 0.0634155273 0.669433594
vn -0.738769531 0.063293457 0.670898438
vn -0.743164062 0.242553711 0.624023438
vn -0.735839844 0.0629882812 0.674316406
vn -0.751464844 0.242797852 0.61328125
vn -0.731933594 0.0626831055 0.678222656
vn -0.760742188 0.239624023 0.603515625
vn -0.728027344 0.0623168945 0.682617188
vn -0.770507812 0.237304688 0.591308594
vn -0.724121094 0.0620117188 0.687011719
vn -0.787597656 0.235351562 0.569335938
vn -0.830078125 -0.0213470459 0.557128906
vn -0.886230469 0.17199707 0.429931641
vn 0.522949219 -0.583007812 0.621582031
vn 0.535644531 -0.578125 0.615234375
vn 0.6171875 -0.389648438 0.68359375
vn 0.596679688 -0.420654297 0.68359375
vn 0.676757812 -0.135009766 0.723632812
vn 0.668945312 -0.170288086 0.723632812
vn 0.673828125 -0.170654297 0.71875
vn 0.614746094 -0.422363281 0.666015625
vn 0.682128906 -0.0146331787 0.730957031
vn 0.688476562 -0.0151748657 0.725097656
vn 0.694824219 -0.0157165527 0.719238281
vn 0.446533203 -0.707519531 0.547851562
vn 0.535644531 -0.578125 0.615234375
vn 0.522949219 -0.583007812 0.621582031
vn 0.453125 -0.708984375 0.540527344
vn 0.542480469 -0.584960938 0.603515625
vn 0.350585938 -0.8203125 0.451416016
vn 0.461425781 -0.708496094 0.534179688
vn 0.354736328 -0.821289062 0.446777344
vn 0.263183594 -0.894042969 0.362304688
vn 0.359375 -0.821289062 0.443115234
vn 0.265625 -0.89453125 0.359863281
vn 0.162475586 -0.952148438 0.258300781
vn 0.268310547 -0.89453125 0.357421875
vn 0.163452148 -0.952148438 0.257568359
vn 0.0687255859 -0.986328125 0.150390625
vn 0.164306641 -0.952636719 0.256591797
vn 0.0635375977 -0.985839844 0.155639648
vn 0.0324707031 -0.994140625 0.102294922
vn 0.0580444336 -0.985351562 0.160522461
vn 0.0218505859 -0.993652344 0.112426758
vn 0.0112228394 -0.9921875 0.122558594
vn -0.390625 0.608886719 -0.690429688
vn -0.511230469 0.621582031 -0.59375
vn -0.642578125 0.304199219 -0.703125
vn -0.556640625 0.28515625 -0.780273438
vn 0.685546875 -0.0586853027 0.726074219
vn 0.685546875 -0.0586853027 0.726074219
vn 0.790039062 -0.0676879883 0.609375
vn 0.790039062 -0.0676879883 0.609375
vn 0.790039062 -0.0676879883 0.609375
vn 0.790039062 -0.0676879883 0.609375
vn -0.886230469 0.17199707 0.429931641
vn -0.830078125 -0.0213470459 0.557128906
vn -0.84765625 -0.152587891 0.5078125
vn -0.953125 -0.00606155396 0.302001953
vn -0.750976562 -0.254638672 0.609375
vn -0.913574219 -0.216674805 0.344726562
vn -0.982910156 0.136962891 0.124450684
vn -0.878417969 0.335693359 0.340576172
vn -0.981445312 -0.128051758 0.141479492
vn -0.924316406 -0.323486328 0.203369141
vn -0.924316406 -0.323486328 0.203369141
vn -0.787597656 0.235351562 0.569335938
vn -0.798828125 0.387451172 0.459960938
vn -0.770507812 0.237304688 0.591308594
vn -0.774414062 0.39453125 0.494628906
vn -0.760742188 0.239624023 0.603515625
vn -0.755859375 0.400146484 0.518066406
vn -0.751464844 0.242797852 0.61328125
vn -0.737304688 0.404296875 0.541503906
vn -0.743164062 0.242553711 0.624023438
vn -0.720703125 0.405761719 0.562011719
vn -0.737304688 0.258789062 0.623535156
vn -0.714355469 0.405761719 0.569824219
vn 0.563964844 -0.0482788086 0.824707031
vn 0.563964844 -0.0482788086 0.824707031
vn 0.563964844 -0.0482788086 0.824707031
vn 0.563964844 -0.0482788086 0.824707031
vn 0.685546875 -0.0586853027 0.726074219
vn 0.685546875 -0.0586853027 0.726074219
vn 0.535644531 -0.578125 0.615234375
vn 0.542480469 -0.584960938 0.603515625
vn 0.614746094 -0.422363281 0.666015625
vn 0.6171875 -0.389648438 0.68359375
vn -0.453613281 0.244384766 -0.856933594
vn -0.291503906 0.537597656 -0.791503906
vn -0.390625 0.608886719 -0.690429688
vn -0.556640625 0.28515625 -0.780273438
vn -0.586425781 0.14465332 -0.796875
vn -0.481445312 0.115112305 -0.869140625
vn 0.215454102 0.859863281 -0.462646484
vn 0.241943359 0.862792969 -0.444091797
vn 0.110961914 0.937988281 -0.328369141
vn 0.0712280273 0.939941406 -0.334472656
vn 0.15637207 0.846191406 -0.509277344
vn -0.0906982422 0.979003906 -0.18347168
vn -0.0670776367 0.984863281 -0.159179688
vn 0.0101013184 0.923339844 -0.383544922
vn 0.0952758789 0.822753906 -0.560546875
vn -0.251953125 0.967285156 -0.0272064209
vn -0.247924805 0.96875 0.0128326416
vn -0.375732422 0.915527344 0.143310547
vn -0.393066406 0.912109375 0.116210938
vn -0.299316406 0.950195312 -0.0892944336
vn -0.147460938 0.958984375 -0.241455078
vn -0.356201172 0.921875 -0.151733398
vn -0.208862305 0.9296875 -0.303222656
vn -0.41015625 0.88671875 -0.213623047
vn -0.051940918 0.895996094 -0.440917969
vn 0.031463623 0.791992188 -0.609863281
vn -0.269287109 0.891601562 -0.363525391
vn -0.478027344 0.825683594 -0.299072266
vn -0.114135742 0.861328125 -0.495117188
vn -0.0656738281 0.738769531 -0.670898438
vn -0.351074219 0.824707031 -0.443359375
vn -0.614746094 0.627929688 -0.477539062
vn -0.511230469 0.621582031 -0.59375
vn -0.201416016 0.802246094 -0.562011719
vn -0.291503906 0.537597656 -0.791503906
vn -0.390625 0.608886719 -0.690429688
vn -0.537109375 0.840332031 -0.0689697266
vn -0.598144531 0.784179688 -0.164428711
vn -0.478027344 0.825683594 -0.299072266
vn -0.41015625 0.88671875 -0.213623047
vn -0.48828125 0.872558594 -0.00549316406
vn -0.356201172 0.921875 -0.151733398
vn -0.438232422 0.896972656 0.0560913086
vn -0.299316406 0.950195312 -0.0892944336
vn -0.393066406 0.912109375 0.116210938
vn -0.251953125 0.967285156 -0.0272064209
vn -0.598144531 0.784179688 -0.164428711
vn -0.725585938 0.574707031 -0.378417969
vn -0.614746094 0.627929688 -0.477539062
vn -0.478027344 0.825683594 -0.299072266
vn 0.618164062 -0.371826172 -0.692382812
vn 0.678710938 -0.403808594 -0.61328125
vn 0.678710938 -0.403808594 -0.61328125
vn 0.365722656 -0.326171875 -0.871582031
vn 0.530761719 -0.270751953 -0.803222656
vn 0.343994141 -0.1171875 -0.931640625
vn 0.590820312 -0.143066406 -0.793945312
vn 0.484130859 0.0546875 -0.873046875
vn 0.722167969 -0.0618591309 -0.688964844
vn 0.623535156 0.114440918 -0.7734375
vn 0.718261719 -0.0615539551 -0.692871094
vn 0.645019531 0.116088867 -0.755371094
vn 0.714355469 -0.0611877441 -0.697265625
vn 0.656738281 0.118225098 -0.744628906
vn 0.710449219 -0.0608520508 -0.701171875
vn 0.666503906 0.121276855 -0.735351562
vn 0.70703125 -0.0605773926 -0.704589844
vn 0.676757812 0.121032715 -0.7265625
vn 0.706054688 -0.0604553223 -0.705566406
vn 0.677734375 0.137573242 -0.722167969
vn 0.636230469 0.290039062 -0.71484375
vn 0.628417969 0.290039062 -0.721679688
vn 0.608886719 0.288818359 -0.738769531
vn 0.586425781 0.28515625 -0.758300781
vn 0.562988281 0.280029297 -0.77734375
vn 0.529296875 0.273681641 -0.803222656
vn 0.409423828 0.225341797 -0.884277344
vn 0.181396484 0.0372314453 -0.982910156
vn 0.174560547 -0.227172852 -0.958007812
vn 0.215942383 -0.421142578 -0.880859375
vn 0.215942383 -0.421142578 -0.880859375
vn -0.556640625 0.28515625 -0.780273438
vn -0.671386719 0.170532227 -0.721191406
vn -0.586425781 0.14465332 -0.796875
vn -0.642578125 0.304199219 -0.703125
vn -0.752929688 0.158813477 -0.638671875
vn -0.725097656 0.299560547 -0.620117188
vn -0.511230469 0.621582031 -0.59375
vn -0.83203125 0.145141602 -0.535644531
vn -0.614746094 0.627929688 -0.477539062
vn -0.810058594 0.274902344 -0.518066406
vn -0.725585938 0.574707031 -0.378417969
vn 0.453369141 -0.708496094 0.540527344
vn 0.453369141 -0.708496094 0.540527344
vn 0.453369141 -0.708496094 0.540527344
vn 0.453369141 -0.708496094 0.540527344
vn 0.453369141 -0.708496094 0.540527344
vn 0.453369141 -0.708496094 0.540527344
vn 0.453369141 -0.708496094 0.540527344
vn 0.453369141 -0.708496094 0.540527344
vn 0.453369141 -0.708496094 0.540527344
vn 0.453369141 -0.708496094 0.540527344
vn -0.456542969 -0.420898438 -0.783691406
vn -0.564941406 -0.406494141 -0.718261719
vn -0.567382812 -0.406005859 -0.716308594
vn -0.456542969 -0.420898438 -0.783691406
vn -0.725097656 -0.392822266 -0.565917969
vn -0.796386719 -0.391845703 -0.460693359
vn -0.796386719 -0.391845703 -0.460693359
vn -0.723144531 -0.392822266 -0.568359375
vn -0.65234375 -0.387695312 -0.651367188
vn -0.65234375 -0.387695312 -0.651367188
vn -0.564941406 -0.406494141 -0.718261719
vn -0.567382812 -0.406005859 -0.716308594
vn -0.913574219 -0.216674805 0.344726562
vn -0.750976562 -0.254638672 0.609375
vn -0.677734375 -0.287597656 0.676757812
vn -0.677734375 -0.287597656 0.676757812
vn -0.352294922 0.322998047 -0.878417969
vn -0.237915039 0.577636719 -0.78125
vn -0.237915039 0.577636719 -0.78125
vn -0.352294922 0.322998047 -0.878417969
vn -0.408935547 0.0350341797 -0.912109375
vn -0.408935547 0.0350341797 -0.912109375
vn -0.402099609 -0.258300781 -0.878417969
vn -0.402099609 -0.258300781 -0.878417969
vn -0.332763672 -0.528320312 -0.78125
vn -0.332763672 -0.528320312 -0.78125
vn -0.237915039 0.577636719 -0.78125
vn -0.237915039 0.577636719 -0.78125
vn -0.076965332 0.7734375 -0.629394531
vn -0.076965332 0.7734375 -0.629394531
vn -0.076965332 0.7734375 -0.629394531
vn -0.076965332 0.7734375 -0.629394531
vn 0.114868164 0.891601562 -0.438232422
vn 0.114868164 0.891601562 -0.438232422
vn 0.318847656 0.920410156 -0.22644043
vn 0.318847656 0.920410156 -0.22644043
vn 0.514648438 0.857421875 -0.0146942139
vn 0.514648438 0.857421875 -0.0147018433
vn 0.68359375 0.708007812 0.176391602
vn 0.68359375 0.708007812 0.176391602
vn -0.0383300781 -0.897949219 -0.438232422
vn -0.207275391 -0.749023438 -0.629394531
vn -0.207275391 -0.749023438 -0.629394531
vn -0.0383300781 -0.897949219 -0.438232422
vn 0.157714844 -0.9609375 -0.2265625
vn 0.157714844 -0.9609375 -0.2265625
vn 0.361572266 -0.932128906 -0.014831543
vn 0.361572266 -0.932128906 -0.0148239136
vn 0.553222656 -0.813964844 0.176269531
vn 0.553222656 -0.813964844 0.176269531
vn 0.714355469 -0.618164062 0.327880859
vn 0.714355469 -0.618164062 0.327880859
vn -0.207275391 -0.749023438 -0.629394531
vn -0.207275391 -0.749023438 -0.629394531
vn -0.332763672 -0.528320312 -0.78125
vn -0.332763672 -0.528320312 -0.78125
vn 0.828613281 -0.363769531 0.425292969
vn 0.714355469 -0.618164062 0.327880859
vn 0.714355469 -0.618164062 0.327880859
vn 0.828613281 -0.363769531 0.425292969
vn 0.885253906 -0.0758056641 0.458984375
vn 0.885253906 -0.0758056641 0.458984375
vn 0.878417969 0.217651367 0.425292969
vn 0.878417969 0.217651367 0.425292969
vn 0.809082031 0.487792969 0.327880859
vn 0.809082031 0.487792969 0.327880859
vn 0.68359375 0.708007812 0.176391602
vn 0.68359375 0.708007812 0.176391602
vn 0.871582031 0.219604492 0.438232422
vn 0.7109375 0.521484375 0.471679688
vn 0.801757812 0.491210938 0.340332031
vn 0.783691406 0.239135742 0.573730469
vn 0.878417969 -0.0752563477 0.471923828
vn 0.790527344 -0.0676879883 0.608398438
vn 0.821777344 -0.364746094 0.438232422
vn 0.731445312 -0.368896484 0.573730469
vn 0.706542969 -0.620117188 0.340332031
vn 0.611816406 -0.634765625 0.471679688
vn -0.250488281 0.581054688 -0.774414062
vn -0.384277344 0.615722656 -0.687988281
vn -0.50390625 0.349365234 -0.790039062
vn -0.365234375 0.325683594 -0.872070312
vn -0.562988281 0.0482177734 -0.825195312
vn -0.422119141 0.0361633301 -0.905761719
vn -0.219604492 -0.751464844 -0.622070312
vn -0.352294922 -0.771484375 -0.529785156
vn -0.175537109 -0.927734375 -0.329833984
vn -0.403076172 -0.908203125 -0.11328125
vn -0.579589844 -0.752441406 -0.313232422
vn -0.483398438 -0.541015625 -0.687988281
vn -0.7109375 -0.521484375 -0.471679688
vn -0.67578125 -0.712402344 -0.187866211
vn -0.506347656 -0.862304688 0.00412368774
vn -0.197998047 -0.974121094 0.108215332
vn -0.309082031 -0.92578125 0.216918945
vn -0.219604492 -0.751464844 -0.622070312
vn -0.175537109 -0.927734375 -0.329833984
vn -0.0498352051 -0.901367188 -0.429931641
vn 0.029510498 -0.993652344 -0.108215332
vn 0.147216797 -0.96484375 -0.216918945
vn -0.197998047 -0.974121094 0.108215332
vn -0.403076172 -0.908203125 -0.11328125
vn 0.242797852 -0.963378906 0.11328125
vn 0.352050781 -0.936035156 -0.00411605835
vn 0.0152053833 -0.943847656 0.329833984
vn -0.309082031 -0.92578125 0.216918945
vn -0.104187012 -0.896972656 0.429931641
vn 0.215820312 -0.8203125 0.529785156
vn 0.443359375 -0.83984375 0.313232422
vn 0.544921875 -0.817382812 0.187866211
vn 0.611816406 -0.634765625 0.471679688
vn -0.0886230469 0.778320312 -0.622070312
vn -0.384277344 0.615722656 -0.687988281
vn -0.250488281 0.581054688 -0.774414062
vn -0.215820312 0.8203125 -0.529785156
vn 0.104187012 0.896972656 -0.429931641
vn -0.611816406 0.634765625 -0.471679688
vn -0.0152053833 0.943847656 -0.329833984
vn -0.443359375 0.83984375 -0.313232422
vn -0.345458984 -0.530273438 -0.774414062
vn -0.352294922 -0.771484375 -0.529785156
vn -0.219604492 -0.751464844 -0.622070312
vn -0.483398438 -0.541015625 -0.687988281
vn -0.415283203 -0.258789062 -0.872070312
vn -0.556152344 -0.258789062 -0.790039062
vn -0.422119141 0.0361633301 -0.905761719
vn -0.562988281 0.0482177734 -0.825195312
vn 0.309082031 0.92578125 -0.216918945
vn -0.0152053833 0.943847656 -0.329833984
vn 0.104187012 0.896972656 -0.429931641
vn 0.197998047 0.974121094 -0.108215332
vn 0.506347656 0.862304688 -0.00411987305
vn -0.242797852 0.963378906 -0.11328125
vn -0.443359375 0.83984375 -0.313232422
vn 0.403076172 0.908203125 0.11328125
vn 0.67578125 0.712402344 0.187866211
vn 0.579589844 0.752441406 0.313232422
vn -0.352050781 0.936035156 0.00411987305
vn -0.544921875 0.817382812 -0.187866211
vn -0.147216797 0.96484375 0.217041016
vn -0.029510498 0.993652344 0.108215332
vn 0.0498352051 0.901367188 0.429931641
vn 0.175537109 0.927734375 0.329833984
vn 0.219604492 0.751464844 0.622070312
vn 0.352294922 0.771484375 0.529785156
vn 0.7109375 0.521484375 0.471679688
vn 0.483398438 0.541015625 0.687988281
vn 0.801757812 0.491210938 0.340332031
vn 0.7109375 0.521484375 0.471679688
vn 0.579589844 0.752441406 0.313232422
vn 0.67578125 0.712402344 0.187866211
vn 0.076965332 -0.7734375 0.629394531
vn -0.114929199 -0.891601562 0.438232422
vn 0.076965332 -0.7734375 0.629394531
vn -0.114929199 -0.891601562 0.438232422
vn -0.318847656 -0.920410156 0.2265625
vn -0.318847656 -0.920410156 0.2265625
vn -0.514648438 -0.856933594 0.0148162842
vn 0.332763672 0.528320312 0.78125
vn 0.402099609 0.258300781 0.878417969
vn 0.332763672 0.528320312 0.78125
vn 0.402099609 0.258300781 0.878417969
vn 0.408935547 -0.0350036621 0.912109375
vn 0.408935547 -0.0350341797 0.912109375
vn -0.714355469 0.618164062 -0.327880859
vn -0.553222656 0.813964844 -0.176391602
vn -0.553222656 0.813964844 -0.176391602
vn -0.714355469 0.618164062 -0.327880859
vn -0.828613281 0.363769531 -0.425292969
vn -0.828613281 0.363769531 -0.425292969
vn -0.885253906 0.0758056641 -0.458740234
vn -0.885253906 0.0758056641 -0.458740234
vn -0.878417969 -0.217651367 -0.425292969
vn -0.878417969 -0.217651367 -0.425292969
vn -0.809082031 -0.487792969 -0.327880859
vn -0.809082031 -0.487792969 -0.327880859
vn -0.318847656 -0.920410156 0.2265625
vn -0.514648438 -0.856933594 0.0148162842
vn -0.514648438 -0.856933594 0.0148162842
vn -0.68359375 -0.708007812 -0.176269531
vn -0.68359375 -0.708007812 -0.176269531
vn -0.553222656 0.813964844 -0.176391602
vn -0.361572266 0.932128906 0.0147857666
vn -0.553222656 0.813964844 -0.176391602
vn -0.361572266 0.932128906 0.0147781372
vn -0.157592773 0.9609375 0.2265625
vn -0.157592773 0.9609375 0.2265625
vn 0.0384216309 0.897949219 0.438232422
vn 0.0384216309 0.897949219 0.438232422
vn 0.207397461 0.749023438 0.629394531
vn 0.207397461 0.749023438 0.629394531
vn -0.68359375 -0.708007812 -0.176269531
vn -0.809082031 -0.487792969 -0.327880859
vn -0.809082031 -0.487792969 -0.327880859
vn -0.68359375 -0.708007812 -0.176269531
vn 0.408935547 -0.0350341797 0.912109375
vn 0.352294922 -0.322998047 0.878417969
vn 0.408935547 -0.0350036621 0.912109375
vn 0.352294922 -0.322998047 0.878417969
vn 0.237915039 -0.577636719 0.78125
vn 0.237915039 -0.577636719 0.78125
vn 0.076965332 -0.7734375 0.629394531
vn 0.076965332 -0.7734375 0.629394531
vn 0.207397461 0.749023438 0.629394531
vn 0.332763672 0.528320312 0.78125
vn 0.332763672 0.528320312 0.78125
vn 0.207397461 0.749023438 0.629394531
vn 0.415283203 0.258789062 0.872070312
vn 0.345458984 0.530273438 0.774414062
vn 0.483398438 0.541015625 0.687988281
vn 0.352294922 0.771484375 0.529785156
vn 0.219604492 0.751464844 0.622070312
vn -0.544921875 0.817382812 -0.187866211
vn -0.611816406 0.634765625 -0.471679688
vn -0.443359375 0.83984375 -0.313232422
vn -0.706542969 0.620117188 -0.340332031
vn -0.731445312 0.368896484 -0.573730469
vn -0.384277344 0.615722656 -0.687988281
vn -0.821777344 0.364746094 -0.438232422
vn -0.50390625 0.349365234 -0.790039062
vn -0.790527344 0.0676879883 -0.608398438
vn -0.878417969 0.0752563477 -0.471923828
vn -0.562988281 0.0482177734 -0.825195312
vn -0.801757812 -0.491210938 -0.340332031
vn -0.67578125 -0.712402344 -0.187866211
vn -0.579589844 -0.752441406 -0.313232422
vn -0.7109375 -0.521484375 -0.471679688
vn -0.871582031 -0.219604492 -0.438232422
vn -0.783691406 -0.239135742 -0.573730469
vn -0.878417969 0.0752563477 -0.471923828
vn -0.790527344 0.0676879883 -0.608398438
vn -0.562988281 0.0482177734 -0.825195312
vn -0.556152344 -0.258789062 -0.790039062
vn -0.483398438 -0.541015625 -0.687988281
vn 0.483398438 0.541015625 0.687988281
vn 0.7109375 0.521484375 0.471679688
vn 0.783691406 0.239135742 0.573730469
vn 0.556152344 0.258789062 0.790039062
vn 0.415283203 0.258789062 0.872070312
vn 0.790527344 -0.0676879883 0.608398438
vn 0.422119141 -0.0361633301 0.905761719
vn 0.562988281 -0.0482177734 0.825195312
vn 0.731445312 -0.368896484 0.573730469
vn 0.365234375 -0.325683594 0.872070312
vn 0.50390625 -0.349365234 0.790039062
vn 0.611816406 -0.634765625 0.471679688
vn 0.250488281 -0.581054688 0.774414062
vn 0.384277344 -0.615722656 0.687988281
vn -0.83984375 0.267578125 -0.472412109
vn -0.893554688 0.0765380859 -0.442382812
vn -0.89453125 0.0765991211 -0.440673828
vn -0.842773438 0.251220703 -0.476074219
vn -0.896484375 0.0767822266 -0.436523438
vn -0.768554688 0.409912109 -0.491455078
vn -0.7734375 0.410888672 -0.482666016
vn -0.755371094 0.405761719 -0.514160156
vn -0.836425781 0.25 -0.488037109
vn -0.898925781 0.076965332 -0.431640625
vn -0.741210938 0.398925781 -0.539550781
vn -0.830566406 0.245605469 -0.499755859
vn -0.901367188 0.0771484375 -0.426025391
vn -0.7265625 0.390380859 -0.564941406
vn -0.823242188 0.241821289 -0.513183594
vn -0.903808594 0.0773925781 -0.420898438
vn -0.704101562 0.379394531 -0.600097656
vn -0.809570312 0.237182617 -0.537109375
vn -0.626464844 0.313964844 -0.713378906
vn -0.827636719 -0.0215454102 -0.560546875
vn -0.720703125 0.157836914 -0.674804688
vn -0.795898438 -0.156982422 -0.584472656
vn -0.637207031 -0.0331420898 -0.770019531
vn -0.858886719 -0.245361328 -0.44921875
vn -0.672851562 -0.237182617 -0.700683594
vn -0.895996094 -0.269042969 -0.354003906
vn -0.895996094 -0.269042969 -0.354003906
vn -0.368408203 -0.638671875 0.67578125
vn -0.359375 -0.638183594 0.680664062
vn -0.38671875 -0.505371094 0.771484375
vn -0.399902344 -0.498046875 0.76953125
vn -0.377929688 -0.63671875 0.672363281
vn -0.408935547 -0.334472656 0.849121094
vn -0.410888672 -0.502929688 0.760253906
vn -0.422607422 -0.300537109 0.854980469
vn -0.422363281 -0.0768432617 0.903320312
vn -0.431640625 -0.332763672 0.838378906
vn -0.423583984 -0.0407409668 0.904785156
vn -0.422119141 0.0799560547 0.902832031
vn -0.428222656 -0.0762939453 0.900390625
vn -0.414306641 0.079284668 0.906738281
vn -0.40625 0.0786132812 0.91015625
vn -0.271728516 0.0232696533 0.961914062
vn -0.271728516 0.0232696533 0.961914062
vn -0.271728516 0.0232696533 0.961914062
vn -0.271728516 0.0232696533 0.961914062
vn -0.418212891 0.0358276367 0.907714844
vn -0.418212891 0.0358276367 0.907714844
vn -0.5546875 0.0475158691 0.830566406
vn -0.5546875 0.0475158691 0.830566406
vn -0.5546875 0.0475158691 0.830566406
vn -0.5546875 0.0475158691 0.830566406
vn -0.149047852 -0.979003906 0.140625
vn -0.162353516 -0.977539062 0.134399414
vn -0.17956543 -0.96484375 0.191162109
vn -0.172973633 -0.965332031 0.194580078
vn -0.135742188 -0.979980469 0.146728516
vn -0.227050781 -0.918945312 0.322509766
vn -0.166259766 -0.966308594 0.197387695
vn -0.228271484 -0.918945312 0.322021484
vn -0.278320312 -0.84765625 0.451660156
vn -0.229370117 -0.918945312 0.321533203
vn -0.281494141 -0.84765625 0.449707031
vn -0.319335938 -0.763183594 0.562011719
vn -0.284667969 -0.847167969 0.448486328
vn -0.324707031 -0.763183594 0.55859375
vn -0.359375 -0.638183594 0.680664062
vn -0.330566406 -0.762207031 0.556640625
vn -0.368408203 -0.638671875 0.67578125
vn -0.377929688 -0.63671875 0.672363281
vn 0.63671875 0.151123047 -0.756347656
vn 0.65234375 0.456542969 -0.604980469
vn 0.525390625 0.530273438 -0.665527344
vn 0.529296875 0.192138672 -0.826660156
vn 0.525878906 0.0493469238 -0.849121094
vn 0.630371094 0.0199279785 -0.776367188
vn 0.425292969 0.0765991211 -0.901855469
vn 0.426513672 0.212524414 -0.879394531
vn 0.391113281 0.543945312 -0.7421875
vn 0.317626953 0.067199707 -0.945800781
vn 0.318115234 0.210327148 -0.924316406
vn 0.245483398 0.554199219 -0.795410156
vn 0.191772461 0.0574951172 -0.979980469
vn 0.109130859 0.502929688 -0.857421875
vn 0.190917969 0.189208984 -0.963378906
vn 0.555175781 0.831054688 -0.0399169922
vn 0.547851562 0.836425781 -0.00875854492
vn 0.395751953 0.913574219 -0.0931396484
vn 0.38671875 0.912597656 -0.132324219
vn 0.575195312 0.810546875 -0.110778809
vn 0.188354492 0.955078125 -0.229492188
vn 0.175048828 0.964355469 -0.19909668
vn 0.408203125 0.889160156 -0.205810547
vn 0.598632812 0.779296875 -0.184448242
vn -0.017364502 0.947265625 -0.319824219
vn -0.0528564453 0.952148438 -0.301513672
vn -0.224487305 0.90234375 -0.367431641
vn -0.205932617 0.895996094 -0.393066406
vn 0.0213775635 0.922363281 -0.385498047
vn -0.16796875 0.874023438 -0.455810547
vn 0.219604492 0.927734375 -0.301757812
vn 0.0564575195 0.88671875 -0.458984375
vn -0.131103516 0.841796875 -0.5234375
vn 0.436767578 0.854003906 -0.282226562
vn 0.618652344 0.741699219 -0.259277344
vn 0.252441406 0.890136719 -0.379150391
vn 0.0914916992 0.84375 -0.529296875
vn -0.0924072266 0.802246094 -0.589355469
vn 0.461669922 0.812011719 -0.357177734
vn 0.635742188 0.678710938 -0.367675781
vn 0.283447266 0.844238281 -0.454589844
vn 0.141845703 0.772949219 -0.618652344
vn -0.0299377441 0.735351562 -0.676757812
vn 0.322998047 0.767089844 -0.554199219
vn 0.245483398 0.554199219 -0.795410156
vn 0.391113281 0.543945312 -0.7421875
vn 0.487792969 0.743164062 -0.458007812
vn 0.65234375 0.456542969 -0.604980469
vn 0.525390625 0.530273438 -0.665527344
vn -0.720703125 0.157836914 -0.674804688
vn -0.476074219 0.0935058594 -0.874511719
vn -0.626464844 0.313964844 -0.713378906
vn -0.637207031 -0.0331420898 -0.770019531
vn -0.672851562 -0.237182617 -0.700683594
vn -0.505371094 -0.168823242 -0.846191406
vn -0.0299377441 0.735351562 -0.676757812
vn 0.109130859 0.502929688 -0.857421875
vn 0.245483398 0.554199219 -0.795410156
vn 0.141845703 0.772949219 -0.618652344
vn 0.852539062 -0.392089844 0.345458984
vn 0.800292969 -0.414306641 0.43359375
vn 0.800292969 -0.414306641 0.43359375
vn 0.926269531 -0.374267578 0.041809082
vn 0.927734375 -0.3046875 0.215576172
vn 0.984863281 -0.172119141 -0.0170440674
vn 0.948730469 -0.173706055 0.264160156
vn 0.992675781 0.0111236572 0.120666504
vn 0.904785156 -0.0775146484 0.418701172
vn 0.955566406 0.0859985352 0.282226562
vn 0.907226562 -0.0776977539 0.413574219
vn 0.946777344 0.0902099609 0.30859375
vn 0.909667969 -0.0779418945 0.407958984
vn 0.941894531 0.0938110352 0.322998047
vn 0.911621094 -0.078125 0.403076172
vn 0.937011719 0.0981445312 0.335205078
vn 0.913574219 -0.0782470703 0.398925781
vn 0.932128906 0.0991210938 0.347900391
vn 0.914550781 -0.0783081055 0.396972656
vn 0.9296875 0.116027832 0.349121094
vn 0.915527344 0.266113281 0.301513672
vn 0.918945312 0.265380859 0.291992188
vn 0.927246094 0.26171875 0.267089844
vn 0.937011719 0.255126953 0.239379883
vn 0.945800781 0.247192383 0.211425781
vn 0.956542969 0.237182617 0.171020508
vn 0.983886719 0.176147461 0.0340270996
vn 0.979492188 -0.0311431885 -0.198730469
vn 0.939941406 -0.292724609 -0.175048828
vn 0.873535156 -0.477294922 -0.0927124023
vn 0.873535156 -0.477294922 -0.0927124023
vn -0.368408203 -0.638183594 0.67578125
vn -0.368408203 -0.638183594 0.67578125
vn -0.368408203 -0.638183594 0.67578125
vn -0.368408203 -0.638183594 0.67578125
vn -0.368408203 -0.638183594 0.67578125
vn -0.368408203 -0.638183594 0.67578125
vn -0.368408203 -0.638183594 0.67578125
vn -0.368408203 -0.638183594 0.67578125
vn -0.368408203 -0.638183594 0.67578125
vn -0.368408203 -0.638183594 0.67578125
vn -0.505371094 -0.168823242 -0.846191406
vn -0.672851562 -0.237182617 -0.700683594
vn -0.551757812 -0.355224609 -0.754394531
vn -0.551757812 -0.355224609 -0.754394531
vn 0.531738281 -0.505371094 -0.679199219
vn 0.428710938 -0.491455078 -0.758300781
vn 0.531738281 -0.505371094 -0.679199219
vn 0.431396484 -0.491699219 -0.756347656
vn 0.337402344 -0.472412109 -0.813964844
vn 0.337402344 -0.472412109 -0.813964844
vn 0.234375 -0.474609375 -0.848144531
vn 0.231201172 -0.474609375 -0.849121094
vn 0.106994629 -0.469238281 -0.876464844
vn 0.106994629 -0.469238281 -0.876464844
vn 0.000533103943 -0.766601562 0.642089844
vn 0.000529766083 -0.766601562 0.642089844
vn 0.0991821289 -0.909667969 0.403076172
vn 0.0991821289 -0.909667969 0.403076172
vn 0.217285156 -0.966308594 0.138305664
vn 0.217285156 -0.966308594 0.138305664
vn 0.343261719 -0.930664062 -0.126464844
vn 0.343261719 -0.930664062 -0.126464844
vn 0.46484375 -0.806640625 -0.365478516
vn 0.46484375 -0.806640625 -0.365478516
vn 0.569824219 -0.605957031 -0.555175781
vn 0.569824219 -0.605957031 -0.555175781
vn 0.698242188 0.233032227 -0.676757812
vn 0.664550781 0.5 -0.555175781
vn 0.664550781 0.5 -0.555175781
vn 0.698242188 0.233032227 -0.676757812
vn 0.692871094 -0.0593261719 -0.71875
vn 0.692871094 -0.0593261719 -0.71875
vn 0.6484375 -0.348388672 -0.676757812
vn 0.6484375 -0.348388672 -0.676757812
vn 0.569824219 -0.605957031 -0.555175781
vn 0.569824219 -0.605957031 -0.555175781
vn 0.664550781 0.5 -0.555175781
vn 0.664550781 0.5 -0.555175781
vn 0.595214844 0.715820312 -0.365478516
vn 0.595214844 0.715820312 -0.365478516
vn 0.496582031 0.858886719 -0.126586914
vn 0.496582031 0.858886719 -0.126586914
vn 0.378417969 0.915039062 0.138305664
vn 0.378417969 0.915039062 0.138305664
vn 0.252441406 0.879882812 0.403076172
vn 0.252441406 0.879882812 0.403076172
vn 0.130859375 0.755371094 0.642089844
vn 0.130859375 0.755371094 0.642089844
vn -0.102722168 -0.284179688 0.953125
vn -0.102722168 -0.283935547 0.953125
vn -0.0690917969 -0.551269531 0.831542969
vn -0.0971679688 0.00831604004 0.995117188
vn -0.0971679688 0.00833129883 0.995117188
vn -0.0529785156 0.297363281 0.953125
vn -0.0529785156 0.297363281 0.953125
vn 0.025604248 0.5546875 0.831542969
vn 0.025604248 0.5546875 0.831542969
vn 0.130859375 0.755371094 0.642089844
vn 0.130859375 0.755371094 0.642089844
vn -0.102722168 -0.284179688 0.953125
vn -0.0690917969 -0.551269531 0.831542969
vn -0.0690917969 -0.551269531 0.831542969
vn 0.000529766083 -0.766601562 0.642089844
vn 0.000533103943 -0.766601562 0.642089844
vn 0.583984375 0.720703125 -0.373779297
vn 0.525878906 0.537597656 -0.659179688
vn 0.653808594 0.50390625 -0.564453125
vn 0.453369141 0.763183594 -0.460693359
vn 0.241455078 0.562011719 -0.791015625
vn 0.484863281 0.864257812 -0.133666992
vn 0.168701172 0.787597656 -0.592773438
vn 0.350097656 0.912597656 -0.2109375
vn 0.366210938 0.920898438 0.132446289
vn 0.2265625 0.971679688 0.0660400391
vn 0.239624023 0.885253906 0.398681641
vn 0.0655517578 0.937011719 -0.343017578
vn 0.0947875977 0.934570312 0.343017578
vn 0.117431641 0.760253906 0.638671875
vn -0.0579833984 0.99609375 -0.0660400391
vn -0.189819336 0.958984375 0.2109375
vn -0.330810547 0.934082031 0.133666992
vn -0.204345703 0.969726562 -0.132446289
vn -0.0855712891 0.913085938 -0.398681641
vn 0.0135726929 0.76953125 -0.638671875
vn 0.55859375 -0.607910156 -0.564453125
vn 0.316894531 -0.829101562 -0.460693359
vn 0.453125 -0.809082031 -0.373779297
vn 0.427001953 -0.619140625 -0.659179688
vn 0.0323791504 -0.8046875 -0.592773438
vn 0.142456055 -0.594726562 -0.791015625
vn -0.11730957 -0.284179688 0.951660156
vn -0.270751953 0.0231933594 0.962402344
vn -0.111694336 0.00956726074 0.993652344
vn -0.224609375 0.325439453 0.918457031
vn -0.0672607422 0.300048828 0.951660156
vn -0.509277344 0.349853516 0.786621094
vn -0.142456055 0.594726562 0.791015625
vn 0.0117263794 0.55859375 0.829101562
vn -0.0323791504 0.8046875 0.592773438
vn 0.117431641 0.760253906 0.638671875
vn -0.427001953 0.619140625 0.659179688
vn -0.637695312 0.348876953 0.686523438
vn -0.55859375 0.607910156 0.564453125
vn -0.682128906 0.0584411621 0.729003906
vn -0.555175781 0.0475769043 0.830078125
vn 0.637695312 -0.348876953 -0.686523438
vn 0.427001953 -0.619140625 -0.659179688
vn 0.55859375 -0.607910156 -0.564453125
vn 0.509277344 -0.349853516 -0.786621094
vn 0.682128906 -0.0584411621 -0.729003906
vn 0.555175781 -0.0475769043 -0.830078125
vn 0.142456055 -0.594726562 -0.791015625
vn 0.224609375 -0.325439453 -0.918457031
vn 0.270751953 -0.0231933594 -0.962402344
vn 0.0672607422 -0.300048828 -0.951660156
vn -0.01171875 -0.55859375 -0.829101562
vn 0.0323791504 -0.8046875 -0.592773438
vn -0.117431641 -0.760253906 -0.638671875
vn 0.111694336 -0.00956726074 -0.993652344
vn 0.117248535 0.284179688 -0.951660156
vn 0.276611328 0.282714844 -0.918457031
vn -0.0135650635 -0.76953125 0.638671875
vn -0.168701172 -0.787597656 0.592773438
vn -0.241455078 -0.562011719 0.791015625
vn -0.0834960938 -0.552734375 0.829101562
vn -0.276611328 -0.282470703 0.918457031
vn -0.11730957 -0.284179688 0.951660156
vn -0.270751953 0.0231933594 0.962402344
vn -0.561035156 -0.258300781 0.786621094
vn -0.525878906 -0.537597656 0.659179688
vn -0.653808594 -0.50390625 0.564453125
vn -0.687988281 -0.235351562 0.686523438
vn -0.555175781 0.0475769043 0.830078125
vn -0.509277344 0.349853516 0.786621094
vn -0.682128906 0.0584411621 0.729003906
vn 0.0855712891 -0.913085938 0.398681641
vn -0.168701172 -0.787597656 0.592773438
vn -0.0135650635 -0.76953125 0.638671875
vn -0.0655517578 -0.937011719 0.343017578
vn 0.204223633 -0.969726562 0.132446289
vn -0.453369141 -0.763183594 0.460693359
vn -0.525878906 -0.537597656 0.659179688
vn -0.350097656 -0.912597656 0.2109375
vn 0.0579833984 -0.99609375 0.0660400391
vn 0.330810547 -0.934082031 -0.133666992
vn -0.2265625 -0.971679688 -0.0660400391
vn 0.189819336 -0.958984375 -0.2109375
vn 0.453125 -0.809082031 -0.373779297
vn 0.316894531 -0.829101562 -0.460693359
vn -0.0947875977 -0.934570312 -0.343017578
vn 0.0323791504 -0.8046875 -0.592773438
vn -0.117431641 -0.760253906 -0.638671875
vn -0.239624023 -0.885253906 -0.398681641
vn -0.366210938 -0.920898438 -0.132446289
vn 0.117431641 0.760253906 0.638671875
vn -0.0323791504 0.8046875 0.592773438
vn 0.0947875977 0.934570312 0.343017578
vn -0.189819336 0.958984375 0.2109375
vn -0.316894531 0.829101562 0.460693359
vn -0.142456055 0.594726562 0.791015625
vn -0.427001953 0.619140625 0.659179688
vn -0.55859375 0.607910156 0.564453125
vn -0.453125 0.809082031 0.373779297
vn -0.330810547 0.934082031 0.133666992
vn 0.687988281 0.235351562 -0.686523438
vn 0.555175781 -0.0475769043 -0.830078125
vn 0.682128906 -0.0584411621 -0.729003906
vn 0.561035156 0.258300781 -0.786132812
vn 0.653808594 0.50390625 -0.564453125
vn 0.270751953 -0.0231933594 -0.962402344
vn 0.525878906 0.537597656 -0.659179688
vn 0.276611328 0.282714844 -0.918457031
vn 0.241455078 0.562011719 -0.791015625
vn 0.0834960938 0.552734375 -0.829101562
vn 0.117248535 0.284179688 -0.951660156
vn 0.0135726929 0.76953125 -0.638671875
vn 0.168701172 0.787597656 -0.592773438
vn -0.569824219 0.605957031 0.555175781
vn -0.6484375 0.348388672 0.676757812
vn -0.569824219 0.605957031 0.555175781
vn -0.6484375 0.348388672 0.676757812
vn -0.692871094 0.0593261719 0.71875
vn -0.692871094 0.0593261719 0.71875
vn -0.698242188 -0.233032227 0.676757812
vn -0.698242188 -0.233032227 0.676757812
vn -0.664550781 -0.5 0.555175781
vn -0.664550781 -0.5 0.555175781
vn 0.0690917969 0.551269531 -0.831542969
vn -0.000470399857 0.766601562 -0.642089844
vn 0.0690917969 0.551269531 -0.831542969
vn 0.102722168 0.283935547 -0.953125
vn 0.102722168 0.283935547 -0.953125
vn 0.0971069336 -0.00831604004 -0.995117188
vn 0.0971069336 -0.00831604004 -0.995117188
vn 0.0529174805 -0.297363281 -0.953125
vn 0.0529174805 -0.297363281 -0.953125
vn -0.0256195068 -0.5546875 -0.831542969
vn -0.0256347656 -0.5546875 -0.831542969
vn -0.130859375 -0.755371094 -0.642089844
vn -0.130859375 -0.755371094 -0.642089844
vn -0.378417969 -0.915039062 -0.138305664
vn -0.252441406 -0.879394531 -0.403076172
vn -0.252441406 -0.879394531 -0.403076172
vn -0.378417969 -0.915039062 -0.138305664
vn -0.496582031 -0.858886719 0.126464844
vn -0.496582031 -0.858886719 0.126464844
vn -0.595214844 -0.715820312 0.365478516
vn -0.595214844 -0.715820312 0.365478516
vn -0.664550781 -0.5 0.555175781
vn -0.000470161438 0.766601562 -0.642089844
vn -0.0991210938 0.909667969 -0.403076172
vn -0.000470399857 0.766601562 -0.642089844
vn -0.0991210938 0.909667969 -0.403076172
vn -0.217285156 0.966308594 -0.138305664
vn -0.217285156 0.966308594 -0.138305664
vn -0.343261719 0.930664062 0.126586914
vn -0.343261719 0.930664062 0.126586914
vn -0.46484375 0.806640625 0.365478516
vn -0.46484375 0.806640625 0.365478516
vn -0.252441406 -0.879394531 -0.403076172
vn -0.130859375 -0.755371094 -0.642089844
vn -0.130859375 -0.755371094 -0.642089844
vn -0.252441406 -0.879394531 -0.403076172
vn -0.46484375 0.806640625 0.365478516
vn -0.569824219 0.605957031 0.555175781
vn -0.569824219 0.605957031 0.555175781
vn -0.46484375 0.806640625 0.365478516
vn 0.368896484 0.834960938 0.407958984
vn 0.479980469 0.825683594 0.296386719
vn 0.479980469 0.825683594 0.296386719
vn 0.368896484 0.834960938 0.407958984
vn 0.551269531 0.819335938 0.155761719
vn 0.228881836 0.847167969 0.479492188
vn 0.551269531 0.819335938 0.155761719
vn 0.228881836 0.847167969 0.479492188
vn 0.576171875 0.817382812 0
vn 0.0736694336 0.860351562 0.50390625
vn 0.576171875 0.817382812 -8.94069672E-07
vn 0.0736694336 0.860351562 0.50390625
vn 0.551269531 0.819335938 -0.155761719
vn -0.0815429688 0.873535156 0.479492188
vn 0.551269531 0.819335938 -0.155761719
vn -0.0815429688 0.873535156 0.479492188
vn 0.479980469 0.825683594 -0.296386719
vn -0.221557617 0.885742188 0.407958984
vn 0.479980469 0.825683594 -0.296386719
vn -0.221557617 0.885742188 0.407958984
vn 0.368896484 0.834960938 -0.407958984
vn -0.332763672 0.895507812 0.296386719
vn 0.368896484 0.834960938 -0.407958984
vn -0.332763672 0.895507812 0.296386719
vn 0.228881836 0.847167969 -0.479492188
vn -0.404052734 0.901367188 0.155761719
vn 0.228881836 0.847167969 -0.479492188
vn -0.404052734 0.901367188 0.155761719
vn 0.0736694336 0.860351562 -0.50390625
vn -0.428710938 0.903320312 9.53674316E-07
vn 0.0736694336 0.860351562 -0.50390625
vn -0.428710938 0.903320312 0
vn -0.0815429688 0.873535156 -0.479492188
vn -0.404052734 0.901367188 -0.155761719
vn -0.0815429688 0.873535156 -0.479492188
vn -0.404052734 0.901367188 -0.155761719
vn -0.221557617 0.885742188 -0.407958984
vn -0.332763672 0.895507812 -0.296386719
vn -0.221557617 0.885742188 -0.407958984
vn -0.332763672 0.895507812 -0.296386719
vn -0.904296875 0.0774536133 -0.419921875
vn -0.904296875 0.0774536133 -0.419921875
vn -0.904296875 0.0774536133 -0.419921875
vn -0.904296875 0.0774536133 -0.419921875
vn -0.904296875 0.0774536133 -0.419921875
vn -0.904296875 0.0774536133 -0.419921875
vn -0.904296875 0.0774536133 -0.419921875
vn -0.904296875 0.0774536133 -0.419921875
vn -0.904296875 0.0774536133 -0.419921875
vn -0.904296875 0.0774536133 -0.419921875
vn -0.904296875 0.0774536133 -0.419921875
vn -0.904296875 0.0774536133 -0.419921875
vn -0.904296875 0.0774536133 -0.419921875
vn -0.904296875 0.0774536133 -0.419921875
vn -0.904296875 0.0774536133 -0.419921875
vn -0.904296875 0.0774536133 -0.419921875
vn -0.904296875 0.0774536133 -0.419921875
vn -0.904296875 0.0774536133 -0.419921875
vn -0.904296875 0.0774536133 -0.419921875
vn -0.904296875 0.0774536133 -0.419921875
vn -0.904296875 0.0774536133 -0.419921875
vn -0.904296875 0.0774536133 -0.419921875
vn -0.904296875 0.0774536133 -0.419921875
vn -0.904296875 0.0774536133 -0.419921875
vn -0.904296875 0.0774536133 -0.419921875
vn -0.904296875 0.0774536133 -0.419921875
vn -0.904296875 0.0774536133 -0.419921875
vn -0.904296875 0.0774536133 -0.419921875
vn -0.904296875 0.0774536133 -0.419921875
vn -0.904296875 0.0774536133 -0.419921875
vn -0.904296875 0.0774536133 -0.419921875
vn -0.904296875 0.0774536133 -0.419921875
vn -0.904296875 0.0774536133 -0.419921875
vn -0.904296875 0.0774536133 -0.419921875
vn -0.904296875 0.0774536133 -0.419921875
vn -0.904296875 0.0774536133 -0.419921875
vn -0.904296875 0.0774536133 -0.419921875
vn -0.904296875 0.0774536133 -0.419921875
vn -0.904296875 0.0774536133 -0.419921875
vn -0.904296875 0.0774536133 -0.419921875
vn 0.904296875 -0.0774536133 0.419921875
vn 0.904296875 -0.0774536133 0.419921875
vn 0.904296875 -0.0774536133 0.419921875
vn 0.904296875 -0.0774536133 0.419921875
vn 0.904296875 -0.0774536133 0.419921875
vn 0.904296875 -0.0774536133 0.419921875
vn 0.904296875 -0.0774536133 0.419921875
vn 0.904296875 -0.0774536133 0.419921875
vn 0.904296875 -0.0774536133 0.419921875
vn 0.904296875 -0.0774536133 0.419921875
vn 0.904296875 -0.0774536133 0.419921875
vn 0.904296875 -0.0774536133 0.419921875
vn 0.904296875 -0.0774536133 0.419921875
vn 0.904296875 -0.0774536133 0.419921875
vn 0.904296875 -0.0774536133 0.419921875
vn 0.904296875 -0.0774536133 0.419921875
vn 0.904296875 -0.0774536133 0.419921875
vn 0.904296875 -0.0774536133 0.419921875
vn 0.904296875 -0.0774536133 0.419921875
vn 0.904296875 -0.0774536133 0.419921875
vn 0.904296875 -0.0774536133 0.419921875
vn 0.904296875 -0.0774536133 0.419921875
vn 0.904296875 -0.0774536133 0.419921875
vn 0.904296875 -0.0774536133 0.419921875
vn 0.904296875 -0.0774536133 0.419921875
vn 0.904296875 -0.0774536133 0.419921875
vn 0.904296875 -0.0774536133 0.419921875
vn 0.904296875 -0.0774536133 0.419921875
vn 0.904296875 -0.0774536133 0.419921875
vn 0.904296875 -0.0774536133 0.419921875
vn 0.904296875 -0.0774536133 0.419921875
vn 0.904296875 -0.0774536133 0.419921875
vn 0.904296875 -0.0774536133 0.419921875
vn 0.904296875 -0.0774536133 0.419921875
vn 0.904296875 -0.0774536133 0.419921875
vn 0.904296875 -0.0774536133 0.419921875
vn 0.904296875 -0.0774536133 0.419921875
vn 0.904296875 -0.0774536133 0.419921875
vn 0.904296875 -0.0774536133 0.419921875
vn 0.904296875 -0.0774536133 0.419921875
vn -0.723144531 0.0619506836 0.687988281
vn -0.723144531 0.0619506836 0.687988281
vn -0.723144531 0.0619506836 0.687988281
vn -0.723144531 0.0619506836 0.687988281
vn -0.723144531 0.0619506836 0.687988281
vn -0.723144531 0.0619506836 0.687988281
vn -0.723144531 0.0619506836 0.687988281
vn -0.723144531 0.0619506836 0.687988281
vn -0.723144531 0.0619506836 0.687988281
vn -0.723144531 0.0619506836 0.687988281
vn -0.723144531 0.0619506836 0.687988281
vn -0.723144531 0.0619506836 0.687988281
vn -0.723144531 0.0619506836 0.687988281
vn -0.723144531 0.0619506836 0.687988281
vn -0.723144531 0.0619506836 0.687988281
vn -0.723144531 0.0619506836 0.687988281
vn -0.723144531 0.0619506836 0.687988281
vn -0.723144531 0.0619506836 0.687988281
vn -0.723144531 0.0619506836 0.687988281
vn -0.723144531 0.0619506836 0.687988281
vn -0.723144531 0.0619506836 0.687988281
vn -0.723144531 0.0619506836 0.687988281
vn -0.723144531 0.0619506836 0.687988281
vn -0.723144531 0.0619506836 0.687988281
vn -0.723144531 0.0619506836 0.687988281
vn -0.723144531 0.0619506836 0.687988281
vn -0.723144531 0.0619506836 0.687988281
vn -0.723144531 0.0619506836 0.687988281
vn -0.723144531 0.0619506836 0.687988281
vn -0.723144531 0.0619506836 0.687988281
vn -0.723144531 0.0619506836 0.687988281
vn -0.723144531 0.0619506836 0.687988281
vn -0.723144531 0.0619506836 0.687988281
vn -0.723144531 0.0619506836 0.687988281
vn -0.723144531 0.0619506836 0.687988281
vn -0.723144531 0.0619506836 0.687988281
vn -0.723144531 0.0619506836 0.687988281
vn -0.723144531 0.0619506836 0.687988281
vn -0.723144531 0.0619506836 0.687988281
vn -0.723144531 0.0619506836 0.687988281
vn 0.723144531 -0.0619506836 -0.687988281
vn 0.723144531 -0.0619506836 -0.687988281
vn 0.723144531 -0.0619506836 -0.687988281
vn 0.723144531 -0.0619506836 -0.687988281
vn 0.723144531 -0.0619506836 -0.687988281
vn 0.723144531 -0.0619506836 -0.687988281
vn 0.723144531 -0.0619506836 -0.687988281
vn 0.723144531 -0.0619506836 -0.687988281
vn 0.723144531 -0.0619506836 -0.687988281
vn 0.723144531 -0.0619506836 -0.687988281
vn 0.723144531 -0.0619506836 -0.687988281
vn 0.723144531 -0.0619506836 -0.687988281
vn 0.723144531 -0.0619506836 -0.687988281
vn 0.723144531 -0.0619506836 -0.687988281
vn 0.723144531 -0.0619506836 -0.687988281
vn 0.723144531 -0.0619506836 -0.687988281
vn 0.723144531 -0.0619506836 -0.687988281
vn 0.723144531 -0.0619506836 -0.687988281
vn 0.723144531 -0.0619506836 -0.687988281
vn 0.723144531 -0.0619506836 -0.687988281
vn 0.723144531 -0.0619506836 -0.687988281
vn 0.723144531 -0.0619506836 -0.687988281
vn 0.723144531 -0.0619506836 -0.687988281
vn 0.723144531 -0.0619506836 -0.687988281
vn 0.723144531 -0.0619506836 -0.687988281
vn 0.723144531 -0.0619506836 -0.687988281
vn 0.723144531 -0.0619506836 -0.687988281
vn 0.723144531 -0.0619506836 -0.687988281
vn 0.723144531 -0.0619506836 -0.687988281
vn 0.723144531 -0.0619506836 -0.687988281
vn 0.723144531 -0.0619506836 -0.687988281
vn 0.723144531 -0.0619506836 -0.687988281
vn 0.723144531 -0.0619506836 -0.687988281
vn 0.723144531 -0.0619506836 -0.687988281
vn 0.723144531 -0.0619506836 -0.687988281
vn 0.723144531 -0.0619506836 -0.687988281
vn 0.723144531 -0.0619506836 -0.687988281
vn 0.723144531 -0.0619506836 -0.687988281
vn 0.723144531 -0.0619506836 -0.687988281
vn 0.723144531 -0.0619506836 -0.687988281
vn 0.724609375 -0.0620422363 0.686523438
vn 0.724609375 -0.0620422363 0.686523438
vn 0.724609375 -0.0620422363 0.686523438
vn 0.724609375 -0.0620422363 0.686523438
vn 0.724609375 -0.0620422363 0.686523438
vn 0.724609375 -0.0620422363 0.686523438
vn 0.724609375 -0.0620422363 0.686523438
vn 0.724609375 -0.0620422363 0.686523438
vn 0.724609375 -0.0620422363 0.686523438
vn 0.724609375 -0.0620422363 0.686523438
vn 0.724609375 -0.0620422363 0.686523438
vn 0.724609375 -0.0620422363 0.686523438
vn 0.724609375 -0.0620422363 0.686523438
vn 0.724609375 -0.0620422363 0.686523438
vn 0.724609375 -0.0620422363 0.686523438
vn 0.724609375 -0.0620422363 0.686523438
vn 0.724609375 -0.0620422363 0.686523438
vn 0.724609375 -0.0620422363 0.686523438
vn 0.724609375 -0.0620422363 0.686523438
vn 0.724609375 -0.0620422363 0.686523438
vn 0.724609375 -0.0620422363 0.686523438
vn 0.724609375 -0.0620422363 0.686523438
vn 0.724609375 -0.0620422363 0.686523438
vn 0.724609375 -0.0620422363 0.686523438
vn 0.724609375 -0.0620422363 0.686523438
vn 0.724609375 -0.0620422363 0.686523438
vn 0.724609375 -0.0620422363 0.686523438
vn 0.724609375 -0.0620422363 0.686523438
vn 0.724609375 -0.0620422363 0.686523438
vn 0.724609375 -0.0620422363 0.686523438
vn 0.724609375 -0.0620422363 0.686523438
vn 0.724609375 -0.0620422363 0.686523438
vn 0.724609375 -0.0620422363 0.686523438
vn 0.724609375 -0.0620422363 0.686523438
vn 0.724609375 -0.0620422363 0.686523438
vn 0.724609375 -0.0620422363 0.686523438
vn 0.724609375 -0.0620422363 0.686523438
vn 0.724609375 -0.0620422363 0.686523438
vn 0.724609375 -0.0620422363 0.686523438
vn 0.724609375 -0.0620422363 0.686523438
vn -0.724609375 0.0620422363 -0.686523438
vn -0.724609375 0.0620422363 -0.686523438
vn -0.724609375 0.0620422363 -0.686523438
vn -0.724609375 0.0620422363 -0.686523438
vn -0.724609375 0.0620422363 -0.686523438
vn -0.724609375 0.0620422363 -0.686523438
vn -0.724609375 0.0620422363 -0.686523438
vn -0.724609375 0.0620422363 -0.686523438
vn -0.724609375 0.0620422363 -0.686523438
vn -0.724609375 0.0620422363 -0.686523438
vn -0.724609375 0.0620422363 -0.686523438
vn -0.724609375 0.0620422363 -0.686523438
vn -0.724609375 0.0620422363 -0.686523438
vn -0.724609375 0.0620422363 -0.686523438
vn -0.724609375 0.0620422363 -0.686523438
vn -0.724609375 0.0620422363 -0.686523438
vn -0.724609375 0.0620422363 -0.686523438
vn -0.724609375 0.0620422363 -0.686523438
vn -0.724609375 0.0620422363 -0.686523438
vn -0.724609375 0.0620422363 -0.686523438
vn -0.724609375 0.0620422363 -0.686523438
vn -0.724609375 0.0620422363 -0.686523438
vn -0.724609375 0.0620422363 -0.686523438
vn -0.724609375 0.0620422363 -0.686523438
vn -0.724609375 0.0620422363 -0.686523438
vn -0.724609375 0.0620422363 -0.686523438
vn -0.724609375 0.0620422363 -0.686523438
vn -0.724609375 0.0620422363 -0.686523438
vn -0.724609375 0.0620422363 -0.686523438
vn -0.724609375 0.0620422363 -0.686523438
vn -0.724609375 0.0620422363 -0.686523438
vn -0.724609375 0.0620422363 -0.686523438
vn -0.724609375 0.0620422363 -0.686523438
vn -0.724609375 0.0620422363 -0.686523438
vn -0.724609375 0.0620422363 -0.686523438
vn -0.724609375 0.0620422363 -0.686523438
vn -0.724609375 0.0620422363 -0.686523438
vn -0.724609375 0.0620422363 -0.686523438
vn -0.724609375 0.0620422363 -0.686523438
vn -0.724609375 0.0620422363 -0.686523438
vn -0 1.78813934E-07 -1
vn 1.49011612E-06 1.1920929E-07 -1
vn 1.49011612E-06 1.1920929E-07 -1
vn -0 1.78813934E-07 -1
vn 2.02655792E-06 -2.98023224E-07 -1
vn -1.25169754E-06 7.74860382E-07 -1
vn 2.02655792E-06 -2.98023224E-07 -1
vn -1.25169754E-06 7.74860382E-07 -1
vn 1.49011612E-06 -4.76837158E-07 -1
vn -4.17232513E-07 9.53674316E-07 -1
vn 1.49011612E-06 -4.76837158E-07 -1
vn -4.17232513E-07 9.53674316E-07 -1
vn -1.1920929E-07 -1.78813934E-07 -1
vn 2.38418579E-07 3.57627869E-07 -1
vn -1.1920929E-07 -1.78813934E-07 -1
vn 2.38418579E-07 3.57627869E-07 -1
vn -8.34465027E-07 -2.98023224E-07 -1
vn -0 5.36441803E-07 -1
vn -8.34465027E-07 -2.98023224E-07 -1
vn -0 5.36441803E-07 -1
vn -1.78813934E-07 0 -1
vn -0 5.36441803E-07 -1
vn -1.78813934E-07 0 -1
vn -0 5.36441803E-07 -1
vn -0 0 -1
vn -3.57627869E-07 -4.17232513E-07 -1
vn -0 0 -1
vn -3.57627869E-07 -4.17232513E-07 -1
vn -0 -5.36441803E-07 -1
vn -0 -2.38418579E-07 -1
vn -0 -5.36441803E-07 -1
vn -0 -2.38418579E-07 -1
vn -0 -5.36441803E-07 -1
vn 8.94069672E-07 -1.78813934E-07 -1
vn -0 -5.36441803E-07 -1
vn 8.94069672E-07 -1.78813934E-07 -1
vn -1.78813934E-07 4.76837158E-07 -1
vn 2.98023224E-07 1.1920929E-07 -1
vn -1.78813934E-07 4.76837158E-07 -1
vn 2.98023224E-07 1.1920929E-07 -1
vn 1.1920929E-07 -7.74860382E-07 1
vn 1.1920929E-07 -7.74860382E-07 1
vn -2.32458115E-06 -2.38418579E-07 1
vn 1.66893005E-06 -1.54972076E-06 1
vn -2.32458115E-06 -2.38418579E-07 1
vn 1.66893005E-06 -1.54972076E-06 1
vn -2.86102295E-06 2.98023224E-07 1
vn 9.53674316E-07 -1.54972076E-06 1
vn -2.86102295E-06 2.98023224E-07 1
vn 9.53674316E-07 -1.54972076E-06 1
vn -2.44379044E-06 2.98023224E-07 1
vn -1.1920929E-07 -7.74860382E-07 1
vn -2.44379044E-06 2.98023224E-07 1
vn -1.1920929E-07 -7.74860382E-07 1
vn -6.55651093E-07 2.98023224E-07 1
vn -8.34465027E-07 -6.55651093E-07 1
vn -6.55651093E-07 2.98023224E-07 1
vn -8.34465027E-07 -6.55651093E-07 1
vn 8.94069672E-07 8.94069672E-07 1
vn -0 -1.78813934E-07 1
vn 8.94069672E-07 8.94069672E-07 1
vn -0 -1.78813934E-07 1
vn 8.34465027E-07 5.96046448E-07 1
vn 9.53674316E-07 0 1
vn 8.34465027E-07 5.96046448E-07 1
vn 9.53674316E-07 0 1
vn 1.78813934E-07 2.98023224E-07 1
vn 4.17232513E-07 5.36441803E-07 1
vn 1.78813934E-07 2.98023224E-07 1
vn 4.17232513E-07 5.36441803E-07 1
vn -7.15255737E-07 8.34465027E-07 1
vn -1.78813934E-07 0 1
vn -7.15255737E-07 8.34465027E-07 1
vn -1.78813934E-07 0 1
vn -0 2.38418579E-07 1
vn 3.57627869E-07 -5.36441803E-07 1
vn -0 2.38418579E-07 1
vn 3.57627869E-07 -5.36441803E-07 1
vn 1.01327896E-06 -1.78813934E-07 1
vn 1.01327896E-06 -1.78813934E-07 1
vn 0.908203125 -0.0778198242 -0.410888672
vn 0.908203125 -0.0778198242 -0.410888672
vn 0.908203125 -0.0778198242 -0.410888672
vn 0.908203125 -0.0778198242 -0.410888672
vn 0.908203125 -0.0778198242 -0.410888672
vn 0.908203125 -0.0778198242 -0.410888672
vn 0.908203125 -0.0778198242 -0.410888672
vn 0.908203125 -0.0778198242 -0.410888672
vn 0.908203125 -0.0778198242 -0.410888672
vn 0.908203125 -0.0778198242 -0.410888672
vn 0.908203125 -0.0778198242 -0.410888672
vn 0.908203125 -0.0778198242 -0.410888672
vn 0.908203125 -0.0778198242 -0.410888672
vn 0.908203125 -0.0778198242 -0.410888672
vn 0.908203125 -0.0778198242 -0.410888672
vn 0.908203125 -0.0778198242 -0.410888672
vn 0.908203125 -0.0778198242 -0.410888672
vn 0.908203125 -0.0778198242 -0.410888672
vn 0.908203125 -0.0778198242 -0.410888672
vn 0.908203125 -0.0778198242 -0.410888672
vn 0.908203125 -0.0778198242 -0.410888672
vn 0.908203125 -0.0778198242 -0.410888672
vn 0.908203125 -0.0778198242 -0.410888672
vn 0.908203125 -0.0778198242 -0.410888672
vn 0.908203125 -0.0778198242 -0.410888672
vn 0.908203125 -0.0778198242 -0.410888672
vn 0.908203125 -0.0778198242 -0.410888672
vn 0.908203125 -0.0778198242 -0.410888672
vn 0.908203125 -0.0778198242 -0.410888672
vn 0.908203125 -0.0778198242 -0.410888672
vn 0.908203125 -0.0778198242 -0.410888672
vn 0.908203125 -0.0778198242 -0.410888672
vn 0.908203125 -0.0778198242 -0.410888672
vn 0.908203125 -0.0778198242 -0.410888672
vn 0.908203125 -0.0778198242 -0.410888672
vn 0.908203125 -0.0778198242 -0.410888672
vn 0.908203125 -0.0778198242 -0.410888672
vn 0.908203125 -0.0778198242 -0.410888672
vn 0.908203125 -0.0778198242 -0.410888672
vn 0.908203125 -0.0778198242 -0.410888672
vn -0.908203125 0.0778198242 0.410888672
vn -0.908203125 0.0778198242 0.410888672
vn -0.908203125 0.0778198242 0.410888672
vn -0.908203125 0.0778198242 0.410888672
vn -0.908203125 0.0778198242 0.410888672
vn -0.908203125 0.0778198242 0.410888672
vn -0.908203125 0.0778198242 0.410888672
vn -0.908203125 0.0778198242 0.410888672
vn -0.908203125 0.0778198242 0.410888672
vn -0.908203125 0.0778198242 0.410888672
vn -0.908203125 0.0778198242 0.410888672
vn -0.908203125 0.0778198242 0.410888672
vn -0.908203125 0.0778198242 0.410888672
vn -0.908203125 0.0778198242 0.410888672
vn -0.908203125 0.0778198242 0.410888672
vn -0.908203125 0.0778198242 0.410888672
vn -0.908203125 0.0778198242 0.410888672
vn -0.908203125 0.0778198242 0.410888672
vn -0.908203125 0.0778198242 0.410888672
vn -0.908203125 0.0778198242 0.410888672
vn -0.908203125 0.0778198242 0.410888672
vn -0.908203125 0.0778198242 0.410888672
vn -0.908203125 0.0778198242 0.410888672
vn -0.908203125 0.0778198242 0.410888672
vn -0.908203125 0.0778198242 0.410888672
vn -0.908203125 0.0778198242 0.410888672
vn -0.908203125 0.0778198242 0.410888672
vn -0.908203125 0.0778198242 0.410888672
vn -0.908203125 0.0778198242 0.410888672
vn -0.908203125 0.0778198242 0.410888672
vn -0.908203125 0.0778198242 0.410888672
vn -0.908203125 0.0778198242 0.410888672
vn -0.908203125 0.0778198242 0.410888672
vn -0.908203125 0.0778198242 0.410888672
vn -0.908203125 0.0778198242 0.410888672
vn -0.908203125 0.0778198242 0.410888672
vn -0.908203125 0.0778198242 0.410888672
vn -0.908203125 0.0778198242 0.410888672
vn -0.908203125 0.0778198242 0.410888672
vn -0.908203125 0.0778198242 0.410888672
vn -1.01327896E-06 0 1
vn -0.151489258 0.037322998 0.987792969
vn -0.193115234 0.0050201416 0.980957031
vn -0 7.15255737E-07 1
vn -3.09944153E-06 0 1
vn -0.119812012 0.0579223633 0.991210938
vn -0.190307617 -0.0277404785 0.981445312
vn 6.55651093E-07 9.53674316E-07 1
vn -0 0 1
vn -0.0639038086 0.0693969727 0.995605469
vn -0.168823242 -0.0635375977 0.983398438
vn 1.01327896E-06 9.53674316E-07 1
vn 2.20537186E-06 0 1
vn -0.000741481781 0.056640625 0.998535156
vn -0.125854492 -0.0867919922 0.98828125
vn 8.94069672E-07 8.94069672E-07 1
vn 7.74860382E-07 0 1
vn 0.0667114258 0.0704956055 0.995117188
vn -0.0839233398 -0.0969848633 0.991699219
vn -0 7.74860382E-07 1
vn 1.37090683E-06 0 1
vn 0.15246582 0.0533447266 0.986816406
vn -0.0315246582 -0.0888671875 0.995605469
vn 9.53674316E-07 0 1
vn 2.32458115E-06 0 1
vn 0.197265625 0.0291595459 0.979980469
vn 0.0150222778 -0.0736694336 0.997070312
vn 3.57627869E-06 0 1
vn 1.25169754E-06 0 1
vn 0.205444336 0.0313720703 0.978027344
vn 0.0617675781 -0.0643920898 0.99609375
vn -2.98023224E-06 0 1
vn -0 0 1
vn 0.195678711 0.032043457 0.979980469
vn 0.113708496 -0.0398864746 0.992675781
vn 1.31130219E-06 0 1
vn -0 0 1
vn 0.199584961 0.0293273926 0.979492188
vn 0.16418457 -0.000313282013 0.986328125
vn 7.74860382E-07 0 1
vn 8.94069672E-07 0 1
vn -0.137695312 0.11932373 0.983398438
vn -0.16784668 0.0708618164 0.983398438
vn -0 0 1
vn 1.78813934E-06 0 1
vn -0.0941162109 0.156005859 0.983398438
vn -0.181518555 0.0155487061 0.983398438
vn -1.1920929E-07 0 1
vn -0 0 1
vn -0.0413208008 0.177490234 0.983398438
vn -0.177490234 -0.0413208008 0.983398438
vn 3.57627869E-07 0 1
vn -1.78813934E-06 0 1
vn 0.0155487061 0.181518555 0.983398438
vn -0.156005859 -0.0941162109 0.983398438
vn -4.17232513E-07 0 1
vn -8.94069672E-07 0 1
vn 0.0708618164 0.16784668 0.983398438
vn -0.119262695 -0.137695312 0.983398438
vn 8.94069672E-07 0 1
vn -0 0 1
vn 0.119262695 0.137695312 0.983398438
vn -0.0708618164 -0.16784668 0.983398438
vn -8.94069672E-07 0 1
vn 1.31130219E-06 0 1
vn 0.156005859 0.0941162109 0.983398438
vn -0.0155487061 -0.181518555 0.983398438
vn -1.78813934E-06 0 1
vn -0 0 1
vn 0.177490234 0.0413208008 0.983398438
vn 0.0413208008 -0.177490234 0.983398438
vn -0 0 1
vn -4.17232513E-07 0 1
vn 0.181518555 -0.0155487061 0.983398438
vn 0.0941162109 -0.156005859 0.983398438
vn -0 0 1
vn -0 0 1
vn 0.16784668 -0.0708618164 0.983398438
vn 0.137695312 -0.119262695 0.983398438
vn -0 0 1
vn -0 0 -1
vn 5.96046448E-07 0 -1
vn -0.193115234 0.0050201416 -0.980957031
vn -0.151489258 0.037322998 -0.987792969
vn -0.190307617 -0.0277404785 -0.981445312
vn 1.1920929E-06 -7.15255737E-07 -1
vn 3.57627869E-06 0 -1
vn -0.119812012 0.0579223633 -0.991210938
vn -0.168823242 -0.0635375977 -0.983398438
vn -8.94069672E-07 -9.53674316E-07 -1
vn -0 0 -1
vn -0.0639038086 0.0693359375 -0.995605469
vn -0.125854492 -0.0867919922 -0.98828125
vn -0 -9.53674316E-07 -1
vn -1.7285347E-06 0 -1
vn -0.000742435455 0.056640625 -0.998535156
vn -0.0839233398 -0.0969848633 -0.991699219
vn 2.20537186E-06 -8.94069672E-07 -1
vn -4.76837158E-07 0 -1
vn 0.0667114258 0.0704956055 -0.995117188
vn -0.0315246582 -0.0888671875 -0.995605469
vn 8.94069672E-07 -7.74860382E-07 -1
vn -1.37090683E-06 0 -1
vn 0.15246582 0.0533447266 -0.986816406
vn 0.0150222778 -0.0736694336 -0.997070312
vn -4.47034836E-06 0 -1
vn -2.08616257E-06 0 -1
vn 0.197265625 0.0291595459 -0.979980469
vn 0.0617675781 -0.0643920898 -0.99609375
vn 4.35113907E-06 0 -1
vn -1.49011612E-06 0 -1
vn 0.205444336 0.0313720703 -0.978027344
vn 0.113708496 -0.0398864746 -0.992675781
vn 1.96695328E-06 0 -1
vn -0 0 -1
vn 0.195678711 0.0320129395 -0.979980469
vn 0.16418457 -0.000313282013 -0.986328125
vn -1.54972076E-06 0 -1
vn -5.36441803E-07 0 -1
vn 0.199584961 0.0293273926 -0.979492188
vn -4.17232513E-07 0 -1
vn 2.38418579E-07 0 -1
vn -0.16784668 0.0708618164 -0.983398438
vn -0.137695312 0.11932373 -0.983398438
vn -0.181518555 0.0155487061 -0.983398438
vn -0 0 -1
vn 8.94069672E-07 0 -1
vn -0.0941162109 0.156005859 -0.983398438
vn -0.177490234 -0.0413208008 -0.983398438
vn -0 0 -1
vn 1.54972076E-06 0 -1
vn -0.0413208008 0.177490234 -0.983398438
vn -0.156005859 -0.0941162109 -0.983398438
vn -0 0 -1
vn 1.31130219E-06 0 -1
vn 0.0155487061 0.181518555 -0.983398438
vn -0.119262695 -0.137695312 -0.983398438
vn 8.94069672E-07 0 -1
vn -8.94069672E-07 0 -1
vn 0.0708618164 0.16784668 -0.983398438
vn -0.0708618164 -0.16784668 -0.983398438
vn 1.78813934E-06 0 -1
vn -0 0 -1
vn 0.119262695 0.137695312 -0.983398438
vn -0.0155487061 -0.181518555 -0.983398438
vn 1.31130219E-06 0 -1
vn 8.94069672E-07 0 -1
vn 0.156005859 0.0941162109 -0.983398438
vn 0.0413208008 -0.177490234 -0.983398438
vn 2.38418579E-07 0 -1
vn -0 0 -1
vn 0.177490234 0.0413208008 -0.983398438
vn 0.0941162109 -0.156005859 -0.983398438
vn 8.94069672E-07 0 -1
vn -0 0 -1
vn 0.181518555 -0.0155487061 -0.983398438
vn 0.137695312 -0.119262695 -0.983398438
vn -2.38418579E-07 0 -1
vn -1.31130219E-06 0 -1
vn 0.16784668 -0.0708618164 -0.983398438
vn 0.893554688 -0.429199219 0.131958008
vn 0.89453125 -0.4296875 -0.124084473
vn 0.89453125 -0.4296875 0.124084473
vn 0.224487305 0.464355469 0.856933594
vn 0.385009766 0.780761719 0.4921875
vn 0.629882812 0.600585938 0.4921875
vn 0.495117188 0.194335938 0.846679688
vn 0.698242188 0.148803711 0.700195312
vn 0.824707031 0.266113281 0.498779297
vn -0.0679931641 -0.980957031 -0.182128906
vn -0.00452423096 -0.818359375 -0.574707031
vn -0.067565918 -0.930664062 -0.359375
vn -0.151489258 0.037322998 -0.987792969
vn -0.207275391 -0.00360298157 -0.978515625
vn -0.202880859 0.0205078125 -0.979003906
vn -0.119812012 0.0579223633 -0.991210938
vn -0.202880859 0.0205078125 -0.979003906
vn -0.155883789 0.0547180176 -0.986328125
vn -0.151489258 0.037322998 0.987792969
vn -0.202880859 0.0205078125 0.979003906
vn -0.207275391 -0.00360298157 0.978515625
vn -0.119812012 0.0579223633 0.991210938
vn -0.155883789 0.0547180176 0.986328125
vn -0.202880859 0.0205078125 0.979003906
vn 0.658691406 -0.752441406 1.1920929E-07
vn 0.82421875 -0.56640625 1.1920929E-07
vn 0.818359375 -0.569824219 -0.0735473633
vn 0.818359375 -0.569824219 -0.0735473633
vn 0.82421875 -0.56640625 1.1920929E-07
vn 0.818359375 -0.569824219 0.0735473633
vn 0.758789062 -0.559570312 0.333007812
vn 0.570800781 -0.543457031 0.615234375
vn 0.289794922 -0.51953125 0.803710938
vn 0.0426940918 -0.500488281 0.864746094
vn -0.127197266 -0.485839844 0.864746094
vn -0.373779297 -0.462646484 0.803710938
vn -0.655273438 -0.438476562 0.615234375
vn -0.842773438 -0.422607422 0.333007812
vn -0.903320312 -0.422363281 0.0735473633
vn -0.0213317871 0.520019531 -0.854003906
vn -0.324462891 0.822753906 -0.466552734
vn -0.370361328 0.363037109 -0.854980469
vn -0.0356140137 0.868164062 -0.495361328
vn 0.304443359 0.633789062 -0.7109375
vn 0.385009766 0.780761719 -0.4921875
vn 0.500488281 0.491455078 -0.712402344
vn 0.629882812 0.600585938 -0.4921875
vn 0.458251953 0.227905273 -0.858886719
vn 0.778808594 0.386962891 -0.494140625
vn 0.684570312 0.168579102 -0.708984375
vn 0.496337891 0.121582031 -0.859863281
vn 0.501464844 0.0509338379 -0.863769531
vn 0.778808594 0.386962891 -0.494140625
vn 0.458251953 0.227905273 -0.858886719
vn 0.684570312 0.168579102 -0.708984375
vn 0.501464844 0.0509338379 -0.863769531
vn 0.862792969 0.0876464844 -0.497802734
vn 0.507324219 0.0163269043 -0.861816406
vn 0.869140625 0.013168335 -0.494628906
vn 0.701171875 -0.0508422852 -0.711425781
vn 0.701660156 -0.0476074219 -0.7109375
vn 0.490966797 0.0361633301 -0.870605469
vn 0.701660156 -0.00975036621 -0.712402344
vn 0.495117188 0.194335938 -0.846679688
vn 0.698242188 0.148803711 -0.700195312
vn 0.450195312 0.3125 -0.836425781
vn 0.824707031 0.266113281 -0.498779297
vn 0.455078125 0.287597656 -0.842773438
vn 0.812988281 0.306152344 -0.495361328
vn 0.466796875 0.232177734 -0.853515625
vn 0.823242188 0.275146484 -0.496337891
vn 0.448242188 0.260742188 -0.854980469
vn 0.811523438 0.309082031 -0.495849609
vn 0.448974609 0.252929688 -0.856933594
vn 0.647460938 0.291015625 -0.704101562
vn 0.459960938 0.197875977 -0.865722656
vn 0.665527344 0.233764648 -0.708496094
vn 0.482177734 0.118652344 -0.868164062
vn 0.681152344 0.144897461 -0.717773438
vn 0.689941406 -0.0179290771 -0.723632812
vn 0.689941406 -0.018661499 -0.723632812
vn 0.472412109 -0.117858887 -0.873535156
vn 0.671386719 -0.155761719 -0.724609375
vn 0.455566406 -0.195678711 -0.868652344
vn 0.642089844 -0.263916016 -0.719726562
vn 0.438232422 -0.225219727 -0.870117188
vn 0.628417969 -0.313232422 -0.711914062
vn -0.370361328 0.363037109 -0.854980469
vn -0.663085938 0.24597168 -0.70703125
vn -0.856445312 0.154541016 -0.492675781
vn -0.5078125 0.0916748047 -0.856445312
vn -0.866210938 -0.0681152344 -0.495361328
vn -0.507324219 -0.0398864746 -0.860839844
vn -0.854492188 -0.140380859 -0.499755859
vn -0.493896484 -0.0811157227 -0.865722656
vn -0.705078125 -0.0252532959 -0.708496094
vn -0.497802734 0.0211334229 -0.8671875
vn -0.699707031 0.141235352 -0.700683594
vn -0.697753906 0.155273438 -0.699707031
vn -0.687011719 0.183105469 -0.703125
vn -0.687011719 0.178833008 -0.704101562
vn -0.686035156 0.149047852 -0.711914062
vn -0.686035156 0.149536133 -0.711914062
vn -0.687988281 0.135009766 -0.712890625
vn -0.688476562 0.13293457 -0.712890625
vn -0.693359375 0.0692138672 -0.717285156
vn -0.693359375 0.0665893555 -0.717285156
vn -0.691894531 -0.0297241211 -0.721679688
vn -0.69140625 -0.0299377441 -0.721679688
vn -0.679199219 -0.130859375 -0.722167969
vn -0.679199219 -0.129394531 -0.72265625
vn -0.642578125 -0.260742188 -0.720214844
vn -0.462890625 -0.194335938 -0.864746094
vn -0.610839844 -0.342041016 -0.713867188
vn -0.364257812 -0.267333984 -0.892089844
vn -0.00343132019 -0.691894531 -0.722167969
vn -0.205688477 -0.676757812 -0.70703125
vn -0.205688477 -0.676757812 -0.70703125
vn -0.00343132019 -0.691894531 -0.722167969
vn 0.198974609 -0.678710938 -0.70703125
vn 0.198974609 -0.678710938 -0.70703125
vn -0.028137207 0.686035156 0.727050781
vn -0.0213317871 0.520019531 0.854003906
vn -0.370361328 0.363037109 0.854980469
vn -0.259521484 0.657714844 0.70703125
vn -0.829101562 0.307617188 0.466552734
vn -0.5078125 0.0916748047 0.856445312
vn -0.856445312 0.154541016 0.492675781
vn -0.507324219 -0.0398864746 0.860839844
vn -0.866210938 -0.0681152344 0.495361328
vn -0.493896484 -0.0811157227 0.865722656
vn -0.854492188 -0.140380859 0.499755859
vn -0.497802734 0.0211334229 0.8671875
vn -0.705078125 -0.0252532959 0.708496094
vn -0.697753906 0.155273438 0.699707031
vn -0.699707031 0.141235352 0.700683594
vn -0.687011719 0.178833008 0.704101562
vn -0.687011719 0.183105469 0.703125
vn -0.686035156 0.149536133 0.711914062
vn -0.686035156 0.149047852 0.711914062
vn -0.688476562 0.1328125 0.712890625
vn -0.687988281 0.135009766 0.712890625
vn -0.693359375 0.0665893555 0.717285156
vn -0.693359375 0.0692138672 0.717285156
vn -0.69140625 -0.0299377441 0.721679688
vn -0.691894531 -0.0297241211 0.721679688
vn -0.679199219 -0.129394531 0.72265625
vn -0.679199219 -0.130859375 0.722167969
vn -0.462890625 -0.194335938 0.864746094
vn -0.642578125 -0.260742188 0.720214844
vn 0.385009766 0.780761719 0.4921875
vn -0.0213317871 0.520019531 0.854003906
vn -0.028137207 0.686035156 0.727050781
vn 0.224487305 0.464355469 0.856933594
vn 0.629882812 0.600585938 0.4921875
vn 0.500488281 0.491455078 0.712402344
vn 0.778808594 0.386962891 0.494140625
vn 0.458251953 0.227905273 0.858886719
vn 0.684570312 0.168579102 0.708984375
vn 0.496337891 0.121582031 0.859863281
vn 0.496337891 0.121582031 0.859863281
vn 0.684570312 0.168579102 0.708984375
vn 0.703125 0.0714111328 0.707519531
vn 0.501464844 0.0509338379 0.863769531
vn 0.706054688 0.0160980225 0.708007812
vn 0.490966797 0.0361633301 0.870605469
vn 0.698242188 0.148803711 0.700195312
vn 0.495117188 0.194335938 0.846679688
vn 0.701660156 -0.00975036621 0.712402344
vn 0.701171875 -0.0508422852 0.711425781
vn 0.701660156 -0.0476074219 0.7109375
vn 0.507324219 0.0163269043 0.861816406
vn 0.706054688 0.0160980225 0.708007812
vn 0.501464844 0.0509338379 0.863769531
vn 0.495117188 0.194335938 0.846679688
vn 0.824707031 0.266113281 0.498779297
vn 0.450195312 0.3125 0.836425781
vn 0.812988281 0.306152344 0.495361328
vn 0.455078125 0.287597656 0.842773438
vn 0.823242188 0.275146484 0.496337891
vn 0.466796875 0.232177734 0.853515625
vn 0.811523438 0.309082031 0.495849609
vn 0.448242188 0.260742188 0.854980469
vn 0.647460938 0.291015625 0.704101562
vn 0.448974609 0.252929688 0.856933594
vn 0.665527344 0.233764648 0.708496094
vn 0.459960938 0.197875977 0.865722656
vn 0.681152344 0.144897461 0.717773438
vn 0.482177734 0.118652344 0.868164062
vn 0.689941406 -0.018661499 0.723632812
vn 0.628417969 -0.313232422 0.711914062
vn 0.438232422 -0.225219727 0.870117188
vn 0.455566406 -0.195678711 0.868652344
vn 0.630371094 -0.314208984 0.709960938
vn 0.630371094 -0.314208984 0.709960938
vn 0.628417969 -0.313232422 0.711914062
vn 0.455566406 -0.195678711 0.868652344
vn 0.642089844 -0.263916016 0.719726562
vn 0.472412109 -0.117858887 0.873535156
vn 0.472412109 -0.117858887 0.873535156
vn 0.671386719 -0.155761719 0.724609375
vn 0.642089844 -0.263916016 0.719726562
vn 0.689941406 -0.0179290771 0.723632812
vn 0.689941406 -0.018661499 0.723632812
vn 0.482177734 0.118652344 0.868164062
vn -0.642578125 -0.260742188 0.720214844
vn -0.462890625 -0.194335938 0.864746094
vn -0.364257812 -0.267333984 0.892089844
vn -0.610839844 -0.342041016 0.713867188
vn -0.00343132019 -0.691894531 0.722167969
vn -0.00431060791 -0.869628906 0.493652344
vn -0.256835938 -0.844726562 0.469238281
vn -0.205688477 -0.676757812 0.70703125
vn 0.198974609 -0.678710938 0.70703125
vn 0.248779297 -0.848632812 0.466552734
vn -0.00431060791 -0.869628906 0.493652344
vn -0.00343132019 -0.691894531 0.722167969
vn 0.89453125 -0.4296875 0.124084473
vn 0.869628906 -0.420410156 0.259521484
vn 0.868652344 -0.420166016 0.26171875
vn 0.89453125 -0.4296875 -0.124084473
vn 0.869628906 -0.420410156 -0.259521484
vn 0.868652344 -0.420166016 -0.26171875
vn 0.630371094 -0.314208984 -0.709960938
vn 0.630371094 -0.314208984 -0.709960938
vn 0.628417969 -0.313232422 -0.711914062
vn 0.438232422 -0.225219727 -0.870117188
vn -0.207275391 -0.00360298157 -0.978515625
vn -0.048828125 -0.986816406 0.155273438
vn -0.0679931641 -0.980957031 0.182128906
vn -0.00452423096 -0.818359375 0.574707031
vn -0.067565918 -0.930664062 0.359375
vn -0.00452423096 -0.818359375 0.574707031
vn -0.00452804565 -0.818359375 -0.574707031
vn -0.067565918 -0.930664062 -0.359375
vn -0.0916748047 -0.928710938 -0.359375
vn -0.134643555 -0.807128906 -0.574707031
vn -0.206542969 -0.845703125 -0.4921875
vn -0.134643555 -0.807128906 0.574707031
vn -0.0916748047 -0.928710938 0.359375
vn -0.067565918 -0.930664062 0.359375
vn -0.207275391 -0.00360298157 0.978515625
vn -0.373779297 -0.462646484 -0.803710938
vn -0.127197266 -0.485839844 -0.864746094
vn 0.0426940918 -0.500488281 -0.864746094
vn -0.373779297 -0.462646484 -0.803710938
vn -0.655273438 -0.438476562 -0.615234375
vn -0.655273438 -0.438476562 -0.615234375
vn -0.842773438 -0.422607422 -0.333007812
vn -0.716308594 -0.642089844 -0.272949219
vn -0.842773438 -0.422607422 -0.333007812
vn -0.903320312 -0.422363281 -0.0735473633
vn -0.772460938 -0.632324219 -0.053894043
vn -0.908691406 -0.417724609 -1.78813934E-07
vn 0.653808594 -0.754882812 -0.053894043
vn 0.818359375 -0.569824219 -0.0735473633
vn 0.758789062 -0.559570312 -0.333007812
vn 0.596679688 -0.754394531 -0.272949219
vn 0.570800781 -0.543457031 -0.615234375
vn 0.570800781 -0.543457031 -0.615234375
vn 0.289794922 -0.51953125 -0.803710938
vn 0.212158203 -0.721679688 -0.659179688
vn 0.212158203 -0.721679688 -0.659179688
vn 0.289794922 -0.51953125 -0.803710938
vn 0.0426940918 -0.500488281 -0.864746094
vn 0.0107727051 -0.69921875 -0.71484375
vn -0.903320312 -0.422363281 0.0735473633
vn -0.908691406 -0.417724609 -1.78813934E-07
vn -0.067565918 -0.930664062 -0.359375
vn -0.0916748047 -0.928710938 -0.359375
vn -0.134643555 -0.807128906 -0.574707031
vn -0.134643555 -0.807128906 0.574707031
vn -0.0916748047 -0.928710938 0.359375
vn -0.067565918 -0.930664062 0.359375
vn -0.00452423096 -0.818359375 0.574707031
vn -0.00452423096 -0.818359375 -0.574707031
vn -0.332763672 0.895507812 0.296386719
vn -0.221557617 0.885742188 0.407958984
vn -0.404052734 0.901367188 0.155761719
vn -0.0815429688 0.873535156 0.479492188
vn -0.428710938 0.903320312 2.08616257E-06
vn 0.0736694336 0.860351562 0.50390625
vn -0.404052734 0.901367188 -0.155761719
vn 0.228881836 0.847167969 0.479492188
vn -0.332763672 0.895507812 -0.296386719
vn 0.368896484 0.834960938 0.407958984
vn -0.221557617 0.885742188 -0.407958984
vn 0.479980469 0.825683594 0.296386719
vn -0.0815429688 0.873535156 -0.479492188
vn 0.551269531 0.819335938 0.155761719
vn 0.0736694336 0.860351562 -0.50390625
vn 0.576171875 0.817382812 -2.02655792E-06
vn 0.228881836 0.847167969 -0.479492188
vn 0.551269531 0.819335938 -0.155761719
vn 0.368896484 0.834960938 -0.407958984
vn 0.479980469 0.825683594 -0.296386719
vn 0.996582031 -0.0853271484 0
vn 0.996582031 -0.0853271484 -8.34465027E-07
vn 0.996582031 -0.0853271484 0
vn 0.996582031 -0.0853271484 8.34465027E-07
vn 0.629882812 0.600585938 -0.4921875
vn 0.778808594 0.386962891 -0.494140625
vn 0.135131836 0.142456055 0.98046875
vn 0.942871094 -0.19519043 0.269287109
vn 0.92578125 -0.353759766 0.133178711
vn 0.899414062 -0.346191406 0.267089844
vn -0.655273438 -0.438476562 0.615234375
vn -0.0356140137 0.868164062 -0.495361328
vn -0.364013672 0.922851562 -0.126708984
vn -0.364013672 0.922851562 -0.125610352
vn -0.324462891 0.822753906 -0.466552734
vn 0.385009766 0.780761719 -0.4921875
vn -0.0356140137 0.868164062 -0.495361328
vn 0.629882812 0.600585938 -0.4921875
vn 0.71875 0.683105469 -0.130493164
vn 0.778808594 0.386962891 -0.494140625
vn 0.888183594 0.441162109 -0.130126953
vn 0.9375 0.230224609 -0.260253906
vn 0.9375 0.230224609 -0.260253906
vn 0.862792969 0.0876464844 -0.497802734
vn 0.869140625 0.013168335 -0.494628906
vn 0.959960938 -0.104675293 -0.260253906
vn 0.961425781 -0.0801391602 -0.262451172
vn 0.963378906 0.0585632324 -0.261474609
vn 0.824707031 0.266113281 -0.498779297
vn 0.812988281 0.306152344 -0.495361328
vn 0.823242188 0.275146484 -0.496337891
vn 0.811523438 0.309082031 -0.495849609
vn 0.920410156 0.291503906 -0.261230469
vn 0.931152344 0.254638672 -0.261230469
vn 0.952148438 0.154296875 -0.264648438
vn 0.962890625 -0.0296478271 -0.267822266
vn 0.942871094 -0.19519043 -0.269287109
vn 0.899414062 -0.346191406 -0.267089844
vn -0.905761719 0.3359375 -0.258789062
vn -0.961425781 -0.0952148438 -0.258789062
vn -0.965820312 0.023651123 -0.258544922
vn -0.962402344 0.079284668 -0.260009766
vn -0.959960938 0.0992431641 -0.260986328
vn -0.9609375 0.091796875 -0.26171875
vn -0.963867188 0.0361938477 -0.263671875
vn -0.961914062 -0.0581665039 -0.266601562
vn -0.948730469 -0.167480469 -0.267822266
vn -0.900390625 -0.343505859 -0.267333984
vn -0.846679688 -0.462646484 -0.262695312
vn -0.231567383 0.240966797 -0.942382812
vn -0.118103027 0.153442383 -0.980957031
vn -0.497802734 0.0211334229 -0.8671875
vn -0.493896484 -0.0811157227 -0.865722656
vn -0.507324219 -0.0398864746 -0.860839844
vn -0.5078125 0.0916748047 -0.856445312
vn -0.370361328 0.363037109 -0.854980469
vn -0.0213317871 0.520019531 -0.854003906
vn 0.113708496 0.230224609 -0.966308594
vn 0.185302734 0.175170898 -0.966796875
vn 0.507324219 0.0163269043 -0.861816406
vn 0.254150391 0.0174865723 -0.966796875
vn 0.490966797 0.0361633301 -0.870605469
vn 0.495117188 0.194335938 -0.846679688
vn 0.450195312 0.3125 -0.836425781
vn 0.455078125 0.287597656 -0.842773438
vn 0.466796875 0.232177734 -0.853515625
vn 0.448242188 0.260742188 -0.854980469
vn 0.448974609 0.252929688 -0.856933594
vn 0.459960938 0.197875977 -0.865722656
vn 0.482177734 0.118652344 -0.868164062
vn 0.231445312 -0.00312805176 -0.97265625
vn 0.472412109 -0.117858887 -0.873535156
vn 0.455566406 -0.195678711 -0.868652344
vn 0.147094727 -0.186767578 -0.971191406
vn -0.00123310089 -0.248657227 -0.96875
vn -0.364257812 -0.267333984 -0.892089844
vn -0.462890625 -0.194335938 -0.864746094
vn -0.229370117 -0.0578308105 -0.971679688
vn -0.234985352 0.00579071045 -0.972167969
vn -0.234863281 0.0805664062 -0.96875
vn -0.231567383 0.240966797 -0.942382812
vn -0.224243164 0.234008789 -0.945800781
vn -0.113098145 0.152832031 -0.981933594
vn -0.226318359 0.161132812 -0.960449219
vn -0.112487793 0.112304688 -0.987304688
vn -0.230102539 0.139892578 -0.962890625
vn -0.115356445 0.101806641 -0.98828125
vn -0.234863281 0.0805664062 -0.96875
vn -0.281005859 -0.924316406 -0.258789062
vn -0.281005859 -0.924316406 -0.258789062
vn 0.271728516 -0.926757812 -0.258789062
vn 0.271728516 -0.926757812 -0.258789062
vn -0.354248047 0.8984375 0.258789062
vn -0.354248047 0.8984375 0.258789062
vn 0.279541016 0.924804688 0.258789062
vn 0.385009766 0.780761719 0.4921875
vn 0.629882812 0.600585938 0.4921875
vn 0.112731934 0.133789062 0.984375
vn 0.112609863 0.139160156 0.983886719
vn 0.115722656 0.106201172 0.987792969
vn 0.448974609 0.252929688 0.856933594
vn 0.448242188 0.260742188 0.854980469
vn 0.466796875 0.232177734 0.853515625
vn 0.455078125 0.287597656 0.842773438
vn 0.12109375 0.186157227 0.975097656
vn 0.450195312 0.3125 0.836425781
vn 0.135131836 0.142456055 0.98046875
vn 0.135742188 0.0618896484 0.988769531
vn 0.501464844 0.0509338379 0.863769531
vn 0.185302734 0.175170898 0.966796875
vn -0.370361328 0.363037109 0.854980469
vn -0.5078125 0.0916748047 0.856445312
vn -0.507324219 -0.0398864746 0.860839844
vn -0.493896484 -0.0811157227 0.865722656
vn -0.497802734 0.0211334229 0.8671875
vn -0.118103027 0.153442383 0.980957031
vn -0.231567383 0.240966797 0.942382812
vn -0.224243164 0.234008789 0.945800781
vn -0.226318359 0.161132812 0.960449219
vn -0.230102539 0.139892578 0.962890625
vn -0.234741211 0.0805664062 0.96875
vn -0.234985352 0.00579071045 0.972167969
vn -0.229370117 -0.0578308105 0.971679688
vn -0.00123310089 -0.248657227 0.96875
vn 0.147094727 -0.186767578 0.971191406
vn 0.231445312 -0.00312805176 0.97265625
vn 0.459960938 0.197875977 0.865722656
vn 0.501464844 0.0509338379 0.863769531
vn 0.134155273 0.0439758301 0.989746094
vn 0.507324219 0.0163269043 0.861816406
vn 0.136474609 0.0386962891 0.989746094
vn 0.254150391 0.0174865723 0.966796875
vn 0.490966797 0.0361633301 0.870605469
vn 0.629882812 0.600585938 0.4921875
vn 0.778808594 0.386962891 0.494140625
vn 0.9375 0.230224609 0.260253906
vn 0.9609375 0.0975952148 0.259033203
vn 0.965820312 0.00951385498 0.259277344
vn 0.959960938 -0.104675293 0.260253906
vn 0.961425781 -0.0801391602 0.262451172
vn 0.963378906 0.0585632324 0.261474609
vn 0.824707031 0.266113281 0.498779297
vn 0.812988281 0.306152344 0.495361328
vn 0.823242188 0.275146484 0.496337891
vn 0.811523438 0.309082031 0.495849609
vn 0.920410156 0.291503906 0.261230469
vn 0.931152344 0.254638672 0.261230469
vn 0.952148438 0.154296875 0.264648438
vn 0.962890625 -0.0296478271 0.267822266
vn 0.942871094 -0.19519043 0.269287109
vn 0.899414062 -0.346191406 0.267089844
vn -0.829101562 0.307617188 0.466552734
vn -0.856445312 0.154541016 0.492675781
vn -0.866210938 -0.0681152344 0.495361328
vn -0.854492188 -0.140380859 0.499755859
vn -0.961425781 -0.0952148438 0.258789062
vn -0.965820312 0.023651123 0.258544922
vn -0.962402344 0.079284668 0.260009766
vn -0.959960938 0.0992431641 0.260986328
vn -0.9609375 0.091796875 0.26171875
vn -0.963867188 0.0361938477 0.263671875
vn -0.961914062 -0.0581665039 0.266601562
vn -0.948730469 -0.167480469 0.267822266
vn -0.900390625 -0.343505859 0.267333984
vn -0.846679688 -0.462646484 0.262695312
vn -0.00431060791 -0.869628906 0.493652344
vn -0.256835938 -0.844726562 0.469238281
vn 0.248779297 -0.848632812 0.466552734
vn -0.00431060791 -0.869628906 0.493652344
vn -0.373779297 -0.462646484 0.803710938
vn -0.108520508 -0.129760742 0.985351562
vn -0.127197266 -0.485839844 0.864746094
vn -0.389404297 -0.105773926 0.915039062
vn -0.655273438 -0.438476562 0.615234375
vn -0.842773438 -0.422607422 0.333007812
vn -0.655273438 -0.438476562 0.615234375
vn -0.903320312 -0.422363281 0.0735473633
vn -0.655273438 -0.438476562 -0.615234375
vn -0.655273438 -0.438476562 -0.615234375
vn 0.289794922 -0.51953125 -0.803710938
vn 0.570800781 -0.543457031 -0.615234375
vn 0.289794922 -0.51953125 0.803710938
vn 0.570800781 -0.543457031 0.615234375
vn 0.0426940918 -0.500488281 0.864746094
vn -0.127197266 -0.485839844 0.864746094
vn 0.570800781 -0.543457031 0.615234375
vn 0.758789062 -0.559570312 0.333007812
vn 0.818359375 -0.569824219 0.0735473633
vn 0.82421875 -0.56640625 1.1920929E-07
vn 0.818359375 -0.569824219 -0.0735473633
vn 0.818359375 -0.569824219 -0.0735473633
vn 0.899902344 -0.216186523 -0.37890625
vn 0.758789062 -0.559570312 -0.333007812
vn 0.686035156 -0.197509766 -0.700195312
vn 0.570800781 -0.543457031 -0.615234375
vn -0.806152344 0.0690307617 -0.587890625
vn -0.585449219 0.0501708984 -0.809082031
vn -0.585449219 0.0501708984 -0.809082031
vn 0.806152344 -0.0690307617 -0.587890625
vn 0.947753906 -0.0811767578 -0.309082031
vn 0.806152344 -0.0690307617 -0.587890625
vn 0.0690307617 0.806152344 0.587890625
vn 0.0501708984 0.585449219 0.809082031
vn 0.0690307617 0.806152344 0.587890625
vn -0.6171875 0.598144531 0.511230469
vn -0.419677734 0.611328125 0.670898438
vn -0.240722656 0.829101562 0.504394531
vn 0.854003906 0.519042969 0.0365600586
vn 0.858398438 0.511230469 0.0360717773
vn 0.904785156 0.425537109 0.0233612061
vn 0.91015625 0.4140625 0.0234069824
vn 0.739746094 0.672363281 0.0280609131
vn 0.739746094 0.672363281 0.0280609131
vn -0.0242919922 0.0986328125 0.994628906
vn -0.016998291 0.059387207 0.998046875
vn -0.016998291 0.059387207 0.998046875
vn -0.0247955322 0.101318359 0.994628906
vn -0.018157959 0.0274047852 0.999511719
vn -0.0167694092 0.0170288086 0.999511719
vn 0.000318050385 -0.0869750977 0.99609375
vn 0.00112915039 -0.0946044922 0.995605469
vn -0.0173797607 0.0725097656 0.997070312
vn -0.0180969238 0.0775146484 0.997070312
vn -0.0289459229 0.154907227 0.987304688
vn -0.0294036865 0.158325195 0.986816406
vn -0.0422058105 0.255615234 0.965820312
vn -0.0422058105 0.255615234 0.965820312
vn 0.854003906 0.519042969 0.0365600586
vn 0.734375 0.677246094 0.0464477539
vn 0.734375 0.677246094 0.0464477539
vn 0.858398438 0.511230469 0.0360717773
vn -0.112243652 0.822753906 0.557128906
vn -0.112182617 0.823730469 0.556152344
vn -0.112182617 0.823730469 0.556152344
vn -0.112243652 0.822753906 0.557128906
vn -0.103088379 0.749023438 0.654785156
vn -0.103027344 0.748535156 0.654785156
vn 0.990234375 0.140136719 0.00773620605
vn 0.990722656 0.137329102 0.0052947998
vn 0.990234375 0.140136719 0.00773620605
vn 0.990234375 0.137817383 0.00575256348
vn 0.990722656 0.135498047 0.0027885437
vn 0.990722656 0.135498047 0.00293731689
vn 0.990722656 0.136108398 0.00178337097
vn 0.990722656 0.136108398 0.00173473358
vn 0.990722656 0.13684082 0.000719547272
vn 0.990722656 0.136962891 0.000546455383
vn 0.990722656 0.137329102 0.000139713287
vn 0.990722656 0.137329102 0.000139713287
vn -0.990722656 -0.13684082 -0.00076341629
vn -0.990722656 -0.137451172 -0.000163555145
vn -0.990722656 -0.137451172 -0.000163555145
vn -0.990722656 -0.137084961 -0.00057888031
vn -0.990722656 -0.136230469 -0.0018529892
vn -0.990722656 -0.136230469 -0.00179767609
vn -0.990722656 -0.135620117 -0.00287437439
vn -0.990722656 -0.135498047 -0.00303077698
vn -0.991210938 -0.133300781 -0.00561141968
vn -0.991210938 -0.1328125 -0.00616836548
vn -0.995117188 0.0969848633 0.00378799438
vn -0.990722656 0.134155273 0.00577926636
vn -0.985351562 0.170166016 0.00547409058
vn -0.984375 0.176757812 0.00590133667
vn -0.99609375 0.0892333984 -0.00135993958
vn -0.994628906 0.104736328 -0.000551223755
vn -0.943359375 0.332275391 0.0100097656
vn -0.943359375 0.332275391 0.010017395
vn -0.815429688 0.578125 0.0193939209
vn -0.815429688 0.578125 0.0193939209
vn 0.116210938 -0.861816406 -0.494140625
vn 0.131469727 -0.980957031 -0.141357422
vn 0.116210938 -0.861816406 -0.493652344
vn 0.131469727 -0.980957031 -0.141479492
vn 0.132568359 -0.991210938 0.00102806091
vn 0.132568359 -0.991210938 0.00102806091
vn -0.0104522705 0.0684814453 0.997558594
vn -0.0104522705 0.0684814453 0.997558594
vn -0.0104522705 0.0684814453 0.997558594
vn -0.0104522705 0.0684814453 0.997558594
vn -0.13269043 0.991210938 0.00235748291
vn -0.13269043 0.991210938 0.00235748291
vn -0.13269043 0.991210938 0.00235748291
vn -0.13269043 0.991210938 0.00235748291
vn 0.0423583984 -0.271728516 -0.961425781
vn 0.083190918 -0.604492188 -0.791992188
vn 0.083190918 -0.604980469 -0.791992188
vn 0.0424194336 -0.272216797 -0.961425781
vn 0.0114364624 -0.00280952454 -1
vn 0.0117721558 -0.00629806519 -1
vn -0.00583648682 0.151733398 -0.98828125
vn -0.00526046753 0.147460938 -0.989257812
vn -0.0138397217 0.194702148 -0.980957031
vn -0.0135116577 0.191040039 -0.981445312
vn -0.0116729736 0.15246582 -0.98828125
vn -0.0109481812 0.147338867 -0.989257812
vn -0.0230102539 0.233032227 -0.972167969
vn -0.0225372314 0.229736328 -0.973144531
vn -0.0359802246 0.328369141 -0.943847656
vn -0.0359802246 0.328369141 -0.943847656
vn -0.0922851562 0.6640625 0.741699219
vn -0.103088379 0.749023438 0.654785156
vn -0.103027344 0.748535156 0.654785156
vn -0.0922851562 0.6640625 0.741699219
vn 0.083190918 -0.604492188 -0.791992188
vn 0.116210938 -0.861816406 -0.494140625
vn 0.116210938 -0.861816406 -0.493652344
vn 0.083190918 -0.604980469 -0.791992188
vn -0.815429688 0.578125 0.0193939209
vn -0.666503906 0.745117188 0.0262451172
vn -0.666503906 0.745117188 0.0262451172
vn -0.815429688 0.578125 0.0193939209
vn 0.739746094 0.672363281 0.0280609131
vn 0.510742188 0.858886719 0.0344238281
vn 0.739746094 0.672363281 0.0280609131
vn 0.510742188 0.858886719 0.0344238281
vn 0.418212891 0.907714844 0.0359802246
vn 0.418212891 0.907714844 0.0359802246
vn -0.132568359 0.990234375 0.0373535156
vn -0.132568359 0.990234375 0.0373535156
vn -0.132568359 0.990234375 0.0373535156
vn -0.132568359 0.990234375 0.0373535156
vn -0 0 -1
vn -0 0 -1
vn -0 0 -1
vn -0 0 -1
vn 0.996582031 -0.0853271484 0
vn 0.996582031 -0.0853271484 0
vn 0.996582031 -0.0853271484 0
vn 0.996582031 -0.0853271484 0
vn -0 0 1
vn -0 0 1
vn -0 0 1
vn -0 0 1
vn -0.996582031 0.0853271484 0
vn -0.996582031 0.0853271484 0
vn -0.996582031 0.0853271484 0
vn -0.996582031 0.0853271484 0
vn 0.0853271484 0.996582031 0
vn 0.0853271484 0.996582031 0
vn 0.0853271484 0.996582031 0
vn 0.0853271484 0.996582031 0
vn 0.854003906 0.519042969 -0.0365600586
vn 0.904785156 0.425537109 -0.0233612061
vn 0.858398438 0.511230469 -0.0360717773
vn 0.91015625 0.4140625 -0.0234069824
vn 0.739746094 0.672363281 -0.0280609131
vn 0.739746094 0.672363281 -0.0280609131
vn -0.024307251 0.0986328125 -0.994628906
vn -0.016998291 0.059387207 -0.998046875
vn -0.016998291 0.059387207 -0.998046875
vn -0.0247955322 0.101318359 -0.994628906
vn -0.018157959 0.0274047852 -0.999511719
vn -0.0167694092 0.0170288086 -0.999511719
vn 0.000317335129 -0.0869750977 -0.99609375
vn 0.00112819672 -0.0946044922 -0.995605469
vn -0.0173797607 0.0725097656 -0.997070312
vn -0.0180969238 0.0775146484 -0.997070312
vn -0.0289459229 0.154907227 -0.987304688
vn -0.0294036865 0.158325195 -0.986816406
vn -0.0422058105 0.255615234 -0.965820312
vn -0.0422058105 0.255615234 -0.965820312
vn 0.854003906 0.519042969 -0.0365600586
vn 0.858398438 0.511230469 -0.0360717773
vn 0.734375 0.677246094 -0.0464477539
vn 0.734375 0.677246094 -0.0464477539
vn -0.112243652 0.822753906 -0.557128906
vn -0.112182617 0.823730469 -0.556152344
vn -0.112182617 0.823730469 -0.556152344
vn -0.112243652 0.822753906 -0.557128906
vn -0.103088379 0.749023438 -0.654785156
vn -0.103027344 0.748535156 -0.654785156
vn 0.990234375 0.140136719 -0.00773620605
vn 0.990234375 0.140136719 -0.00773620605
vn 0.990722656 0.137329102 -0.0052947998
vn 0.990234375 0.137817383 -0.00575256348
vn 0.990722656 0.135498047 -0.0027885437
vn 0.990722656 0.135498047 -0.00293731689
vn 0.990722656 0.136108398 -0.00178337097
vn 0.990722656 0.136108398 -0.00173473358
vn 0.990722656 0.13684082 -0.000719070435
vn 0.990722656 0.136962891 -0.000546455383
vn 0.990722656 0.137329102 -0.000139832497
vn 0.990722656 0.137329102 -0.000139832497
vn -0.990722656 -0.13684082 0.000760555267
vn -0.990722656 -0.137451172 0.000165104866
vn -0.990722656 -0.137451172 0.000165104866
vn -0.990722656 -0.137084961 0.000577449799
vn -0.990722656 -0.136230469 0.00185012817
vn -0.990722656 -0.136230469 0.00179481506
vn -0.990722656 -0.135620117 0.00287628174
vn -0.990722656 -0.135498047 0.00303077698
vn -0.991210938 -0.133300781 0.00561523438
vn -0.991210938 -0.1328125 0.00616836548
vn -0.995117188 0.0969848633 -0.00378799438
vn -0.990722656 0.134155273 -0.00577926636
vn -0.985351562 0.170166016 -0.00547790527
vn -0.984375 0.176757812 -0.00590133667
vn -0.99609375 0.0892333984 0.0013589859
vn -0.994628906 0.104736328 0.000549316406
vn -0.943359375 0.332275391 -0.010017395
vn -0.943359375 0.332275391 -0.010017395
vn -0.815429688 0.578125 -0.0193939209
vn -0.815429688 0.578125 -0.0193939209
vn -0.666503906 0.745117188 -0.0262451172
vn -0.666503906 0.745117188 -0.0262451172
vn -0.0104522705 0.0684814453 -0.997558594
vn -0.0104522705 0.0684814453 -0.997558594
vn -0.0104522705 0.0684814453 -0.997558594
vn -0.0104522705 0.0684814453 -0.997558594
vn -0.13269043 0.991210938 -0.00235939026
vn -0.13269043 0.991210938 -0.00235939026
vn -0.13269043 0.991210938 -0.00235939026
vn -0.13269043 0.991210938 -0.00235939026
vn 0.131469727 -0.980957031 0.141601562
vn 0.132568359 -0.991210938 -0.00102710724
vn 0.132568359 -0.991210938 -0.00102710724
vn 0.131469727 -0.980957031 0.141357422
vn 0.116210938 -0.861816406 0.494140625
vn 0.116210938 -0.861816406 0.493652344
vn 0.083190918 -0.604492188 0.791992188
vn 0.083190918 -0.604980469 0.791992188
vn 0.0423583984 -0.271728516 0.961425781
vn 0.083190918 -0.604980469 0.791992188
vn 0.083190918 -0.604492188 0.791992188
vn 0.0424194336 -0.272216797 0.961425781
vn 0.0114364624 -0.00280761719 1
vn 0.0117721558 -0.00629806519 1
vn -0.00583648682 0.151733398 0.98828125
vn -0.00526046753 0.147460938 0.989257812
vn -0.0138397217 0.194702148 0.980957031
vn -0.0135116577 0.191040039 0.981445312
vn -0.0116729736 0.15246582 0.98828125
vn -0.0109481812 0.147338867 0.989257812
vn -0.0230102539 0.233032227 0.972167969
vn -0.0225524902 0.229736328 0.973144531
vn -0.0359802246 0.328369141 0.943847656
vn -0.0359802246 0.328369141 0.943847656
vn -0.0922851562 0.664550781 -0.741699219
vn -0.0922851562 0.664550781 -0.741699219
vn -0.103027344 0.748535156 -0.654785156
vn -0.103088379 0.749023438 -0.654785156
vn 0.739746094 0.672363281 -0.0280609131
vn 0.739746094 0.672363281 -0.0280609131
vn 0.510742188 0.858886719 -0.0344238281
vn 0.510742188 0.858886719 -0.0344238281
vn 0.418212891 0.907714844 -0.0359802246
vn 0.418212891 0.907714844 -0.0359802246
vn -0.132568359 0.990234375 -0.0373535156
vn -0.132568359 0.990234375 -0.0373535156
vn -0.132568359 0.990234375 -0.0373535156
vn -0.132568359 0.990234375 -0.0373535156
vn 1.78813934E-07 0 1
vn 1.78813934E-07 0 1
vn 1.78813934E-07 0 1
vn 1.78813934E-07 0 1
vn 0.996582031 -0.0853271484 0
vn 0.996582031 -0.0853271484 0
vn 0.996582031 -0.0853271484 0
vn 0.996582031 -0.0853271484 0
vn -0 0 -1
vn -0 0 -1
vn -0 0 -1
vn -0 0 -1
vn -0.996582031 0.0853271484 -1.78813934E-07
vn -0.996582031 0.0853271484 -1.78813934E-07
vn -0.996582031 0.0853271484 -1.78813934E-07
vn -0.996582031 0.0853271484 -1.78813934E-07
vn 0.0853271484 0.996582031 0
vn 0.0853271484 0.996582031 0
vn 0.0853271484 0.996582031 0
vn 0.0853271484 0.996582031 0
vn -0.806152344 0.0690307617 0.587890625
vn -0.947753906 0.0811767578 0.309082031
vn -0.806152344 0.0690307617 0.587890625
vn -0.947753906 0.0811767578 0.309082031
vn -0.996582031 0.0853271484 0
vn -0.996582031 0.0853271484 0
vn -0.947753906 0.0811767578 -0.309082031
vn -0.947753906 0.0811767578 -0.309082031
vn -0.806152344 0.0690307617 -0.587890625
vn -0.806152344 0.0690307617 -0.587890625
vn -0.585449219 0.0501708984 -0.809082031
vn -0.585449219 0.0501708984 0.809082031
vn -0.806152344 0.0690307617 0.587890625
vn -0.806152344 0.0690307617 0.587890625
vn -0.585449219 0.0501708984 0.809082031
vn -0.307861328 0.0263671875 0.951171875
vn -0.585449219 0.0501708984 0.809082031
vn -0.585449219 0.0501708984 0.809082031
vn -0.307861328 0.0263671875 0.951171875
vn -0 0 1
vn -0 0 1
vn 0.307861328 -0.0263671875 0.951171875
vn 0.307861328 -0.0263671875 0.951171875
vn 0.585449219 -0.0501708984 0.809082031
vn 0.585449219 -0.0501708984 0.809082031
vn -0.585449219 0.0501708984 -0.809082031
vn -0.307861328 0.0263671875 -0.951171875
vn -0.585449219 0.0501708984 -0.809082031
vn -0.307861328 0.0263671875 -0.951171875
vn -0 0 -1
vn -0 0 -1
vn 0.307861328 -0.0263671875 -0.951171875
vn 0.307861328 -0.0263671875 -0.951171875
vn 0.585449219 -0.0501708984 -0.809082031
vn 0.585449219 -0.0501708984 -0.809082031
vn 0.806152344 -0.0690307617 -0.587890625
vn 0.806152344 -0.0690307617 -0.587890625
vn 0.806152344 -0.0690307617 -0.587890625
vn 0.947753906 -0.0811767578 -0.309082031
vn 0.947753906 -0.0811767578 -0.309082031
vn 0.996582031 -0.0853271484 0
vn 0.996582031 -0.0853271484 0
vn 0.947753906 -0.0811767578 0.309082031
vn 0.947753906 -0.0811767578 0.309082031
vn 0.806152344 -0.0690307617 0.587890625
vn 0.806152344 -0.0690307617 0.587890625
vn 0.806152344 -0.0690307617 0.587890625
vn 0.585449219 -0.0501708984 0.809082031
vn 0.585449219 -0.0501708984 0.809082031
vn 0.806152344 -0.0690307617 0.587890625
vn -0.0501708984 -0.585449219 0.809082031
vn -0.0690307617 -0.806152344 0.587890625
vn -0.0501708984 -0.585449219 0.809082031
vn -0.0690307617 -0.806152344 0.587890625
vn -0.0811767578 -0.947753906 0.309082031
vn -0.0811767578 -0.947753906 0.309082031
vn -0.0243377686 -0.587402344 0.809082031
vn -0.0491027832 -0.807128906 0.588378906
vn 0.0754394531 -0.595703125 0.799804688
vn 0.0284118652 -0.8125 0.582519531
vn 0.288330078 -0.609375 0.738769531
vn 0.197509766 -0.821289062 0.535644531
vn 0.496826172 -0.635253906 0.591308594
vn -0.0263671875 -0.307861328 -0.951171875
vn -0 5.36441803E-07 -1
vn -0.0263671875 -0.307861328 -0.951171875
vn 2.38418579E-07 -1.1920929E-07 -1
vn 0.0263671875 0.307861328 -0.951171875
vn 0.0263671875 0.307861328 -0.951171875
vn 0.0501708984 0.585449219 -0.809082031
vn 0.0501708984 0.585449219 -0.809082031
vn -0.0135345459 0.3125 -0.949707031
vn 0.0165863037 0.590332031 -0.807128906
vn -0.042175293 0.00361251831 -0.999023438
vn -0.0664672852 -0.305664062 -0.949707031
vn -0.184570312 0.328125 -0.926269531
vn -0.124450684 0.604003906 -0.787109375
vn -0.0840454102 -0.584472656 -0.807128906
vn -0.0501708984 -0.585449219 -0.809082031
vn -0.225341797 -0.57421875 -0.787109375
vn -0.237670898 -0.291992188 -0.926269531
vn -0.517578125 -0.53125 -0.670898438
vn -0.606445312 -0.243652344 -0.756835938
vn -0.223999023 0.0191802979 -0.974609375
vn -0.354492188 0.0303649902 -0.934570312
vn -0.556152344 0.343261719 -0.756835938
vn -0.419677734 0.611328125 -0.670898438
vn -0.0501708984 -0.585449219 -0.809082031
vn -0.0263671875 -0.307861328 -0.951171875
vn -0.0263671875 -0.307861328 -0.951171875
vn -0.0501708984 -0.585449219 -0.809082031
vn -0.0690307617 -0.806152344 -0.587890625
vn -0.0690307617 -0.806152344 -0.587890625
vn -0.0933227539 -0.806152344 -0.584472656
vn -0.0840454102 -0.584472656 -0.807128906
vn -0.190917969 -0.799804688 -0.569335938
vn -0.225341797 -0.57421875 -0.787109375
vn -2.38418579E-07 0 1
vn -0.0263671875 -0.307861328 0.951171875
vn -0 5.36441803E-07 1
vn -0.0263671875 -0.307861328 0.951171875
vn -0.0501708984 -0.585449219 0.809082031
vn 0.0302886963 -0.00259399414 0.999511719
vn -0.0501708984 -0.585449219 0.809082031
vn 0.00282669067 -0.310302734 0.950683594
vn 0.147460938 -0.0126266479 0.988769531
vn -0.0243377686 -0.587402344 0.809082031
vn 0.115661621 -0.320068359 0.940429688
vn 0.395996094 -0.0339050293 0.917480469
vn 0.0754394531 -0.595703125 0.799804688
vn 0.355224609 -0.338134766 0.871582031
vn 0.668457031 -0.057220459 0.741699219
vn 0.288330078 -0.609375 0.738769531
vn 0.610351562 -0.366210938 0.702636719
vn 0.496826172 -0.635253906 0.591308594
vn 0.0690307617 0.806152344 -0.587890625
vn 0.0811767578 0.947753906 -0.309082031
vn 0.0690307617 0.806152344 -0.587890625
vn 0.0501708984 0.585449219 -0.809082031
vn 0.0501708984 0.585449219 -0.809082031
vn -0.0811767578 -0.947753906 0.309082031
vn -0.0853271484 -0.996582031 2.98023224E-07
vn -0.0811767578 -0.947753906 0.309082031
vn -0.0853271484 -0.996582031 2.98023224E-07
vn -0.0811767578 -0.947753906 -0.309082031
vn -0.0698852539 -0.947753906 0.311279297
vn -0.0491027832 -0.807128906 0.588378906
vn 0.0284118652 -0.8125 0.582519531
vn -0.0811767578 -0.947753906 -0.309082031
vn -0.0690307617 -0.806152344 -0.587890625
vn -0.0690307617 -0.806152344 -0.587890625
vn -0.024520874 -0.950195312 0.311279297
vn 0.197509766 -0.821289062 0.535644531
vn -0.0852050781 -0.996582031 0.00378990173
vn -0.0935058594 -0.947753906 -0.304931641
vn -0.0933227539 -0.806152344 -0.584472656
vn -0.0821533203 -0.996582031 0.0104904175
vn -0.140380859 -0.945800781 -0.293212891
vn -0.190917969 -0.799804688 -0.569335938
vn 0.0838623047 -0.955078125 0.284423828
vn -0.0538024902 -0.998535156 0.00894165039
vn -0.213745117 -0.939941406 -0.266357422
vn 0.341308594 -0.838867188 0.424560547
vn 0.496826172 -0.635253906 0.591308594
vn 0.645019531 -0.645507812 0.408935547
vn 0.154174805 -0.962890625 0.222412109
vn 0.442138672 -0.846191406 0.297851562
vn 0.749511719 -0.644042969 0.153442383
vn 0.518066406 -0.846679688 0.119750977
vn -0.0619506836 -0.998046875 0.00217056274
vn 0.197143555 -0.966308594 0.165039062
vn -0.378173828 -0.776367188 -0.504394531
vn -0.225341797 -0.57421875 -0.787109375
vn -0.517578125 -0.53125 -0.670898438
vn -0.301513672 -0.928222656 -0.217529297
vn -0.532226562 -0.74609375 -0.400390625
vn 0.235473633 -0.969238281 0.0747680664
vn 0.516601562 -0.856445312 0
vn 0.226806641 -0.974121094 0
vn -0.0739746094 -0.997070312 0.0194854736
vn -0.350830078 -0.927246094 -0.129638672
vn -0.598632812 -0.756347656 -0.263916016
vn -0.0719604492 -0.997070312 0.0212402344
vn -0.374755859 -0.926269531 -0.0361633301
vn -0.641601562 -0.76171875 -0.08984375
vn -0.0853271484 -0.996582031 0
vn 0.226806641 -0.974121094 0
vn -0.389160156 -0.921386719 0
vn -0.0853271484 -0.996582031 0
vn -0.654785156 -0.755859375 0
vn -0.84375 -0.520507812 -0.131713867
vn -0.856445312 -0.516601562 0
vn -0.389160156 -0.921386719 0
vn -0.654785156 -0.755859375 0
vn -0.856445312 -0.516601562 0
vn -0.84375 -0.520507812 0.131713867
vn -0.641601562 -0.76171875 0.08984375
vn -0.782226562 -0.506835938 0.362548828
vn -0.0719604492 -0.997070312 -0.0212402344
vn 0.235473633 -0.969238281 -0.0747680664
vn -0.374755859 -0.926269531 0.0361633301
vn -0.598632812 -0.756347656 0.263916016
vn -0.709960938 -0.484375 0.511230469
vn -0.0739746094 -0.997070312 -0.0194854736
vn 0.197143555 -0.966308594 -0.165039062
vn -0.350830078 -0.927246094 0.129638672
vn -0.532226562 -0.74609375 0.400390625
vn -0.517578125 -0.53125 0.670898438
vn -0.301513672 -0.928222656 0.217529297
vn -0.378173828 -0.776367188 0.504394531
vn -0.225341797 -0.57421875 0.787109375
vn -0.0619506836 -0.998046875 -0.00216674805
vn -0.213745117 -0.939941406 0.266357422
vn -0.190917969 -0.799804688 0.569335938
vn -0.0840454102 -0.584472656 0.807128906
vn 0.154174805 -0.962890625 -0.222412109
vn 0.442138672 -0.846191406 -0.297851562
vn -0.0538024902 -0.998535156 -0.008934021
vn -0.0933227539 -0.806152344 0.584472656
vn -0.0501708984 -0.585449219 0.809082031
vn -0.140380859 -0.945800781 0.293212891
vn 0.341308594 -0.838867188 -0.424560547
vn 0.645019531 -0.645507812 -0.408935547
vn 0.496826172 -0.635253906 -0.591308594
vn -0.0690307617 -0.806152344 0.587890625
vn -0.0501708984 -0.585449219 0.809082031
vn -0.0690307617 -0.806152344 0.587890625
vn 0.0838623047 -0.955078125 -0.284423828
vn 0.197509766 -0.821289062 -0.53515625
vn 0.288330078 -0.609375 -0.738769531
vn -0.0935058594 -0.947753906 0.304931641
vn -0.0811767578 -0.947753906 0.309082031
vn -0.0811767578 -0.947753906 0.309082031
vn -0.0821533203 -0.996582031 -0.0104827881
vn -0.024520874 -0.950195312 -0.311279297
vn 0.0284118652 -0.8125 -0.582519531
vn -0.0852050781 -0.996582031 -0.00378799438
vn -0.0853271484 -0.996582031 -3.57627869E-07
vn -0.0853271484 -0.996582031 -3.57627869E-07
vn -0.0698852539 -0.947753906 -0.311279297
vn -0.0491027832 -0.807128906 -0.588378906
vn -0.0811767578 -0.947753906 -0.309082031
vn -0.0811767578 -0.947753906 -0.309082031
vn -0.0690307617 -0.806152344 -0.587890625
vn -0.0690307617 -0.806152344 -0.587890625
vn -0.810058594 -0.200195312 -0.551269531
vn -0.81640625 0.0699462891 -0.572753906
vn -0.606445312 -0.243652344 -0.756835938
vn -0.828125 0.0709228516 -0.556152344
vn -0.882324219 -0.218383789 -0.416992188
vn -0.556152344 0.343261719 -0.756835938
vn -0.897949219 0.0769042969 -0.433105469
vn -0.764160156 0.334960938 -0.551269531
vn -0.419677734 0.611328125 -0.670898438
vn -0.6171875 0.598144531 -0.511230469
vn -0.832519531 0.365234375 -0.416992188
vn -0.684570312 0.6328125 -0.362548828
vn -0.982421875 0.0841674805 -0.165893555
vn -0.960449219 -0.229003906 -0.157348633
vn -0.974121094 -0.22668457 0
vn -0.907714844 0.389160156 -0.157348633
vn -0.996582031 0.0853271484 0
vn -0.974121094 -0.22668457 0
vn -0.996582031 0.0853271484 0
vn -0.742675781 0.656738281 -0.131713867
vn -0.461181641 0.847167969 -0.263916016
vn -0.502929688 0.859863281 -0.08984375
vn -0.921386719 0.388916016 0
vn -0.755859375 0.654785156 0
vn -0.921386719 0.388916016 0
vn -0.755859375 0.654785156 0
vn -0.742675781 0.656738281 0.131713867
vn -0.907714844 0.389160156 0.157348633
vn -0.982421875 0.0841674805 0.165893555
vn -0.684570312 0.6328125 0.362548828
vn -0.832519531 0.365234375 0.416992188
vn -0.6171875 0.598144531 0.511230469
vn -0.897949219 0.0769042969 0.433105469
vn -0.764160156 0.334960938 0.551269531
vn -0.828125 0.0709228516 0.556152344
vn -0.532226562 -0.74609375 -0.400390625
vn -0.517578125 -0.53125 -0.670898438
vn -0.378173828 -0.776367188 -0.504394531
vn -0.709960938 -0.484375 -0.511230469
vn -0.606445312 -0.243652344 -0.756835938
vn -0.598632812 -0.756347656 -0.263916016
vn -0.810058594 -0.200195312 -0.551269531
vn -0.782226562 -0.506835938 -0.362548828
vn -0.641601562 -0.76171875 -0.08984375
vn -0.882324219 -0.218383789 -0.416992188
vn -0.84375 -0.520507812 -0.131713867
vn -0.960449219 -0.229003906 -0.157348633
vn -0.897949219 0.0769042969 -0.433105469
vn -0.856445312 -0.516601562 0
vn -0.974121094 -0.22668457 0
vn -0.856445312 -0.516601562 0
vn -0.974121094 -0.22668457 0
vn -0.960449219 -0.229003906 0.157348633
vn -0.84375 -0.520507812 0.131713867
vn -0.982421875 0.0841674805 0.165893555
vn -0.996582031 0.0853271484 0
vn -0.897949219 0.0769042969 0.433105469
vn -0.882324219 -0.218383789 0.416992188
vn -0.782226562 -0.506835938 0.362548828
vn -0.828125 0.0709228516 0.556152344
vn -0.810058594 -0.200195312 0.551269531
vn -0.709960938 -0.484375 0.511230469
vn -0.606445312 -0.243652344 0.756835938
vn -0.517578125 -0.53125 0.670898438
vn -0.81640625 0.0699462891 0.572753906
vn -0.556152344 0.343261719 0.756835938
vn -0.764160156 0.334960938 0.551269531
vn 0.663574219 0.257080078 0.702636719
vn 0.668457031 -0.057220459 0.741699219
vn 0.395996094 -0.0339050293 0.917480469
vn 0.407714844 0.272949219 0.871582031
vn 0.59765625 0.541503906 0.591308594
vn 0.147460938 -0.0126266479 0.988769531
vn 0.387695312 0.551269531 0.738769531
vn 0.168457031 0.295898438 0.940429688
vn 0.0302886963 -0.00259399414 0.999511719
vn 0.17565918 0.57421875 0.799804688
vn 0.334228516 0.775390625 0.53515625
vn 0.166137695 0.795898438 0.582519531
vn 0.0555419922 0.305175781 0.950683594
vn -2.38418579E-07 0 1
vn 0.0759277344 0.583007812 0.809082031
vn 0.0888061523 0.803710938 0.588378906
vn 0.0263671875 0.307861328 0.951171875
vn -0 5.36441803E-07 1
vn 0.0263671875 0.307861328 0.951171875
vn 0.0501708984 0.585449219 0.809082031
vn 0.0690307617 0.806152344 0.587890625
vn 0.0501708984 0.585449219 0.809082031
vn 0.479003906 0.768554688 0.424560547
vn 0.387695312 0.551269531 0.738769531
vn 0.334228516 0.775390625 0.53515625
vn 0.59765625 0.541503906 0.591308594
vn 0.579589844 0.758300781 0.297851562
vn 0.745605469 0.526367188 0.408935547
vn 0.0690307617 0.806152344 -0.587890625
vn 0.0501708984 0.585449219 -0.809082031
vn 0.0165863037 0.590332031 -0.807128906
vn 0.0450744629 0.810058594 -0.584472656
vn -0.124450684 0.604003906 -0.787109375
vn 0.0811767578 0.947753906 -0.309082031
vn 0.0811767578 0.947753906 -0.309082031
vn 0.0853271484 0.996582031 2.98023224E-07
vn -0.052154541 0.820800781 -0.569335938
vn -0.419677734 0.611328125 -0.670898438
vn -0.240722656 0.829101562 -0.504394531
vn 0.0853271484 0.996582031 2.98023224E-07
vn 0.0811767578 0.947753906 0.309082031
vn 0.0689697266 0.949707031 -0.304931641
vn 0.0224914551 0.955566406 -0.293212891
vn 0.0811767578 0.947753906 0.309082031
vn 0.0690307617 0.806152344 0.587890625
vn 0.0690307617 0.806152344 0.587890625
vn 0.0854492188 0.99609375 0.00378990173
vn 0.0922851562 0.945800781 0.311279297
vn 0.0888061523 0.803710938 0.588378906
vn -0.0508422852 0.962402344 -0.266357422
vn -0.397460938 0.825683594 -0.400390625
vn 0.0885009766 0.99609375 0.0104827881
vn 0.137329102 0.940429688 0.311279297
vn 0.166137695 0.795898438 0.582519531
vn -0.139160156 0.966308594 -0.217529297
vn -0.461181641 0.847167969 -0.263916016
vn 0.116760254 0.993164062 0.00894165039
vn 0.245117188 0.926757812 0.284423828
vn 0.334228516 0.775390625 0.53515625
vn -0.187988281 0.973632812 -0.129638672
vn -0.502929688 0.859863281 -0.08984375
vn -0.211669922 0.9765625 -0.0361633301
vn 0.0966796875 0.995117188 0.0194854736
vn 0.108642578 0.994140625 0.00217247009
vn 0.315673828 0.922363281 0.222412109
vn 0.479003906 0.768554688 0.424560547
vn 0.358642578 0.918945312 0.165039062
vn 0.0986938477 0.995117188 0.0212402344
vn 0.579589844 0.758300781 0.297851562
vn 0.396728516 0.915039062 0.0747680664
vn 0.654785156 0.746582031 0.119750977
vn 0.0853271484 0.996582031 0
vn 0.389160156 0.921386719 0
vn 0.654785156 0.755859375 0
vn 0.389160156 0.921386719 0
vn 0.654785156 0.755859375 0
vn 0.654785156 0.746582031 -0.119750977
vn 0.0853271484 0.996582031 -1.1920929E-07
vn 0.396728516 0.915039062 -0.0747070312
vn 0.579589844 0.758300781 -0.297851562
vn -0.226806641 0.974121094 -1.1920929E-07
vn -0.226806641 0.974121094 0
vn -0.516601562 0.856445312 0
vn 0.0986938477 0.995117188 -0.0212402344
vn -0.211669922 0.9765625 0.0361633301
vn -0.502929688 0.859863281 0.08984375
vn 0.358642578 0.918945312 -0.165039062
vn -0.187988281 0.973632812 0.129638672
vn -0.461181641 0.847167969 0.263916016
vn 0.0966796875 0.995117188 -0.0194854736
vn 0.479003906 0.768554688 -0.424560547
vn 0.315673828 0.922363281 -0.222412109
vn 0.108642578 0.994140625 -0.0021686554
vn 0.245117188 0.926757812 -0.284423828
vn 0.59765625 0.541503906 -0.591308594
vn 0.745605469 0.526367188 -0.408935547
vn 0.387695312 0.551269531 -0.738769531
vn 0.334228516 0.775390625 -0.535644531
vn -0.139160156 0.966308594 0.217529297
vn 0.116760254 0.993164062 -0.008934021
vn -0.397460938 0.825683594 0.400390625
vn -0.684570312 0.6328125 0.362548828
vn -0.6171875 0.598144531 0.511230469
vn -0.240722656 0.829101562 0.504394531
vn -0.0508422852 0.962402344 0.266357422
vn 0.137329102 0.940429688 -0.311279297
vn 0.166137695 0.795898438 -0.582519531
vn 0.0224914551 0.955566406 0.293212891
vn -0.052154541 0.820800781 0.569335938
vn 0.0885009766 0.99609375 -0.0104827881
vn 0.0888061523 0.803710938 -0.588378906
vn 0.0759277344 0.583007812 -0.809082031
vn 0.0501708984 0.585449219 -0.809082031
vn 0.0690307617 0.806152344 -0.587890625
vn 0.0922851562 0.945800781 -0.311279297
vn 0.0689697266 0.949707031 0.304931641
vn 0.0450744629 0.810058594 0.584472656
vn 0.0811767578 0.947753906 0.309082031
vn 0.0854492188 0.99609375 -0.00378990173
vn 0.0811767578 0.947753906 -0.309082031
vn 0.0690307617 0.806152344 -0.587890625
vn 0.0811767578 0.947753906 -0.309082031
vn 0.0853271484 0.996582031 -3.57627869E-07
vn 0.0853271484 0.996582031 -3.57627869E-07
vn 0.0811767578 0.947753906 0.309082031
vn -0.6171875 0.598144531 -0.511230469
vn -0.240722656 0.829101562 -0.504394531
vn -0.419677734 0.611328125 -0.670898438
vn -0.397460938 0.825683594 -0.400390625
vn -0.684570312 0.6328125 -0.362548828
vn -0.461181641 0.847167969 -0.263916016
vn 0.518066406 -0.846679688 0.119750977
vn 0.749511719 -0.644042969 0.153442383
vn 0.755859375 -0.654785156 0
vn 0.516601562 -0.856445312 0
vn 0.755859375 -0.654785156 0
vn 0.516601562 -0.856445312 0
vn 0.226806641 -0.974121094 0
vn 0.226806641 -0.974121094 0
vn 0.235473633 -0.969238281 -0.0747680664
vn 0.518066406 -0.846679688 -0.119750977
vn 0.197143555 -0.966308594 -0.165039062
vn 0.749511719 -0.644042969 -0.153442383
vn 0.442138672 -0.846191406 -0.297851562
vn 0.645019531 -0.645507812 -0.408935547
vn 0.0986938477 0.995117188 0.0212402344
vn -0.226806641 0.974121094 0
vn 0.0853271484 0.996582031 0
vn -0.211669922 0.9765625 -0.0361633301
vn 0.0966796875 0.995117188 0.0194854736
vn -0.516601562 0.856445312 0
vn -0.502929688 0.859863281 -0.08984375
vn -0.516601562 0.856445312 0
vn -0.755859375 0.654785156 0
vn -0.742675781 0.656738281 -0.131713867
vn -0.755859375 0.654785156 0
vn -0.502929688 0.859863281 0.08984375
vn -0.742675781 0.656738281 0.131713867
vn -0.461181641 0.847167969 0.263916016
vn -0.684570312 0.6328125 0.362548828
vn 0.856445312 -0.0733642578 0.511230469
vn 0.841308594 0.239990234 0.484130859
vn 0.959472656 0.221557617 0.174072266
vn 0.979980469 -0.0839233398 0.181030273
vn 0.974121094 0.22668457 0
vn 0.996582031 -0.0853271484 0
vn 0.974121094 0.22668457 0
vn 0.788085938 -0.379638672 0.484130859
vn 0.610351562 -0.366210938 0.702636719
vn 0.668457031 -0.057220459 0.741699219
vn 0.496826172 -0.635253906 0.591308594
vn 0.645019531 -0.645507812 0.408935547
vn 0.907714844 -0.381347656 0.174072266
vn 0.749511719 -0.644042969 0.153442383
vn 0.921386719 -0.388916016 0
vn 0.755859375 -0.654785156 0
vn 0.996582031 -0.0853271484 0
vn 0.921386719 -0.388916016 0
vn 0.755859375 -0.654785156 0
vn 0.749511719 -0.644042969 -0.153442383
vn 0.907714844 -0.381347656 -0.174072266
vn 0.645019531 -0.645507812 -0.408935547
vn 0.788085938 -0.379638672 -0.484130859
vn 0.979980469 -0.0839233398 -0.181030273
vn 0.959472656 0.221557617 -0.174072266
vn 0.856445312 -0.0733642578 -0.511230469
vn 0.745605469 0.526367188 0.408935547
vn 0.579589844 0.758300781 0.297851562
vn 0.654785156 0.746582031 0.119750977
vn 0.848144531 0.507324219 0.153442383
vn 0.841308594 0.239990234 0.484130859
vn 0.654785156 0.755859375 0
vn 0.959472656 0.221557617 0.174072266
vn 0.856445312 0.516601562 0
vn 0.974121094 0.22668457 0
vn 0.654785156 0.755859375 0
vn 0.856445312 0.516601562 0
vn 0.974121094 0.22668457 0
vn 0.959472656 0.221557617 -0.174072266
vn 0.848144531 0.507324219 -0.153442383
vn 0.654785156 0.746582031 -0.119750977
vn 0.841308594 0.239990234 -0.484130859
vn 0.745605469 0.526367188 -0.408935547
vn 0.579589844 0.758300781 -0.297851562
vn 0.663574219 0.257080078 -0.702636719
vn 0.59765625 0.541503906 -0.591308594
vn 0.668457031 -0.0572509766 -0.741699219
vn 0.841308594 0.239990234 0.484130859
vn 0.856445312 -0.0733642578 0.511230469
vn 0.668457031 -0.057220459 0.741699219
vn 0.663574219 0.257080078 0.702636719
vn 0.745605469 0.526367188 0.408935547
vn 0.59765625 0.541503906 0.591308594
vn -0.996582031 0.0853271484 0
vn -0.996582031 0.0853271484 0
vn -0.996582031 0.0853271484 0
vn -0.996582031 0.0853271484 0
vn -0.996582031 0.0853271484 0
vn -0.996582031 0.0853271484 0
vn -0.996582031 0.0853271484 0
vn -0.996582031 0.0853271484 0
vn -0.996582031 0.0853271484 0
vn -0.996582031 0.0853271484 0
vn -0.996582031 0.0853271484 0
vn -0.996582031 0.0853271484 0
vn -0.996582031 0.0853271484 0
vn -0.996582031 0.0853271484 0
vn -0.996582031 0.0853271484 0
vn -0.996582031 0.0853271484 0
vn -0.996582031 0.0853271484 0
vn -0.996582031 0.0853271484 0
vn -0.996582031 0.0853271484 0
vn -0.996582031 0.0853271484 0
vn -0.0501708984 -0.585449219 -0.809082031
vn -0.0690307617 -0.806152344 -0.587890625
vn -0.0690307617 -0.806152344 -0.587890625
vn -0.0501708984 -0.585449219 -0.809082031
vn -0.0263671875 -0.307861328 -0.951171875
vn -0.0263671875 -0.307861328 -0.951171875
vn 1.1920929E-07 -3.57627869E-07 -1
vn -0 -1.1920929E-07 -1
vn 0.0302886963 -0.00259590149 -0.999511719
vn 0.00282669067 -0.310302734 -0.950683594
vn 0.0263671875 0.307861328 -0.951171875
vn 0.0263671875 0.307861328 -0.951171875
vn 0.0501708984 0.585449219 -0.809082031
vn 0.0501708984 0.585449219 -0.809082031
vn 0.0759277344 0.583007812 -0.809082031
vn 0.0555419922 0.305175781 -0.950683594
vn 0.17565918 0.57421875 -0.799804688
vn 0.168457031 0.295898438 -0.940429688
vn 0.387695312 0.551269531 -0.738769531
vn 0.147460938 -0.0126266479 -0.988769531
vn 0.115661621 -0.320068359 -0.940429688
vn 0.407714844 0.272949219 -0.871582031
vn 0.59765625 0.541503906 -0.591308594
vn 0.663574219 0.257080078 -0.702636719
vn 0.395996094 -0.0339050293 -0.917480469
vn 0.668457031 -0.0572509766 -0.741699219
vn 0.355224609 -0.338134766 -0.871582031
vn 0.0754394531 -0.595703125 -0.799804688
vn -0.0243377686 -0.587402344 -0.809082031
vn 0.288330078 -0.609375 -0.738769531
vn 0.610351562 -0.366210938 -0.702636719
vn 0.856445312 -0.0733642578 -0.511230469
vn -0.0501708984 -0.585449219 0.809082031
vn -0.0501708984 -0.585449219 0.809082031
vn -0.0263671875 -0.307861328 0.951171875
vn -0.0263671875 -0.307861328 0.951171875
vn -0.0840454102 -0.584472656 0.807128906
vn -1.1920929E-07 -1.1920929E-07 1
vn -0.0664672852 -0.305664062 0.949707031
vn -0.225341797 -0.57421875 0.787109375
vn -2.98023224E-07 -2.98023224E-07 1
vn 0.0263671875 0.307861328 0.951171875
vn -0.237670898 -0.291992188 0.926269531
vn -0.517578125 -0.53125 0.670898438
vn -0.606445312 -0.243652344 0.756835938
vn 0.0263671875 0.307861328 0.951171875
vn 0.0501708984 0.585449219 0.809082031
vn -0.042175293 0.00361251831 0.999023438
vn -0.223999023 0.0191802979 0.974609375
vn -0.354492188 0.0303649902 0.934570312
vn 0.0501708984 0.585449219 0.809082031
vn 0.0690307617 0.806152344 0.587890625
vn 0.0690307617 0.806152344 0.587890625
vn -0.0135345459 0.3125 0.949707031
vn -0.184570312 0.328125 0.926269531
vn -0.556152344 0.343261719 0.756835938
vn 0.0165863037 0.590332031 0.807128906
vn 0.0450744629 0.810058594 0.584472656
vn -0.124450684 0.604003906 0.787109375
vn -0.419677734 0.611328125 0.670898438
vn 0.0690307617 0.806152344 0.587890625
vn 0.0690307617 0.806152344 0.587890625
vn 0.0811767578 0.947753906 0.309082031
vn 0.0811767578 0.947753906 0.309082031
vn 0.0450744629 0.810058594 0.584472656
vn 0.0690307617 0.806152344 -0.587890625
vn 0.0690307617 0.806152344 -0.587890625
vn 0.0501708984 0.585449219 -0.809082031
vn 0.0501708984 0.585449219 -0.809082031
vn -0.764160156 0.334960938 0.551269531
vn -0.556152344 0.343261719 0.756835938
vn -0.419677734 0.611328125 0.670898438
vn -0.6171875 0.598144531 0.511230469
vn 0.315673828 0.922363281 -0.222412109
vn 0.334228516 0.775390625 -0.535644531
vn 0.479003906 0.768554688 -0.424560547
vn 0.245117188 0.926757812 -0.284423828
vn 0.166137695 0.795898438 -0.582519531
vn 0.17565918 0.57421875 -0.799804688
vn 0.387695312 0.551269531 -0.738769531
vn 0.0759277344 0.583007812 -0.809082031
vn -0.0501708984 -0.585449219 -0.809082031
vn 0.00282669067 -0.310302734 -0.950683594
vn -0.0263671875 -0.307861328 -0.951171875
vn -0.0243377686 -0.587402344 -0.809082031
vn 0.115661621 -0.320068359 -0.940429688
vn -0.0690307617 -0.806152344 -0.587890625
vn -0.0491027832 -0.807128906 -0.588378906
vn 0.0754394531 -0.595703125 -0.799804688
vn 0.0284118652 -0.8125 -0.582519531
vn 0.288330078 -0.609375 -0.738769531
vn 0.197509766 -0.821289062 -0.53515625
vn 0.610351562 -0.366210938 -0.702636719
vn 0.496826172 -0.635253906 -0.591308594
vn 0.788085938 -0.379638672 -0.484130859
vn 0.645019531 -0.645507812 -0.408935547
vn 0.856445312 -0.0733642578 -0.511230469
vn -0.419677734 0.611328125 0.670898438
vn -0.052154541 0.820800781 0.569335938
vn -0.240722656 0.829101562 0.504394531
vn -0.124450684 0.604003906 0.787109375
vn 0.0450744629 0.810058594 0.584472656
vn 0.856445312 -0.0733642578 -0.511230469
vn 0.979980469 -0.0839233398 -0.181030273
vn 0.959472656 0.221557617 -0.174072266
vn 0.841308594 0.239990234 -0.484130859
vn 0.668457031 -0.0572509766 -0.741699219
vn -0.996582031 0.0853271484 0
vn -0.996582031 0.0853271484 0
vn -0.996582031 0.0853271484 0
vn -0.996582031 0.0853271484 0
vn -0.996582031 0.0853271484 0
vn -0.996582031 0.0853271484 0
vn -0.996582031 0.0853271484 0
vn -0.996582031 0.0853271484 0
vn -0.996582031 0.0853271484 0
vn -0.996582031 0.0853271484 0
vn -0.996582031 0.0853271484 0
vn -0.996582031 0.0853271484 0
vn -0.996582031 0.0853271484 0
vn -0.996582031 0.0853271484 0
vn -0.996582031 0.0853271484 0
vn -0.996582031 0.0853271484 0
vn -0.996582031 0.0853271484 0
vn -0.996582031 0.0853271484 0
vn -0.996582031 0.0853271484 0
vn -0.996582031 0.0853271484 0
vn -0.0853271484 -0.996582031 0
vn -0.0853271484 -0.996582031 0
vn -0.0853271484 -0.996582031 0
vn -0.0853271484 -0.996582031 0
vn 0.0853271484 0.996582031 0
vn 0.0853271484 0.996582031 0
vn 0.0853271484 0.996582031 0
vn 0.0853271484 0.996582031 0
vn 0.996582031 -0.0853271484 1.1920929E-07
vn 0.996582031 -0.0853271484 1.1920929E-07
vn 0.996582031 -0.0853271484 1.1920929E-07
vn 0.996582031 -0.0853271484 1.1920929E-07
vn -0.996582031 0.0853271484 0
vn -0.996582031 0.0853271484 0
vn -0.996582031 0.0853271484 0
vn -0.996582031 0.0853271484 0
vn 1.1920929E-07 0 -1
vn 1.1920929E-07 0 -1
vn 1.1920929E-07 0 -1
vn 1.1920929E-07 0 -1
vn -0 0 1
vn -0 0 1
vn -0 0 1
vn -0 0 1
vn -0.000640392303 -0.00747680664 1
vn -0.000640392303 -0.00747680664 1
vn -0.000640392303 -0.00747680664 1
vn -0.000640392303 -0.00747680664 1
vn 0.0694580078 0.811035156 0.580566406
vn 0.0694580078 0.811035156 0.580566406
vn 0.0694580078 0.811035156 0.580566406
vn 0.0694580078 0.811035156 0.580566406
vn 0.0623474121 0.727539062 0.683105469
vn 0.0623474121 0.727539062 0.683105469
vn -3.57627869E-07 -7.74860382E-07 -1
vn -0.0182647705 -0.213378906 -0.977050781
vn -3.57627869E-07 -7.74860382E-07 -1
vn -0.0182647705 -0.213378906 -0.977050781
vn -0.0489807129 -0.571777344 -0.818847656
vn -0.0489807129 -0.571777344 -0.818847656
vn -0.073425293 -0.857421875 -0.509765625
vn -0.073425293 -0.857421875 -0.509765625
vn -0.996582031 0.0853271484 7.15255737E-07
vn -0.996582031 0.0853271484 4.76837158E-07
vn -0.996582031 0.0853271484 7.15255737E-07
vn -0.996582031 0.0853271484 4.76837158E-07
vn -0.996582031 0.0853271484 4.76837158E-07
vn -0.996582031 0.0853271484 5.36441803E-07
vn -0.996582031 0.0853271484 3.57627869E-07
vn -0.996582031 0.0853271484 4.17232513E-07
vn -0.996582031 0.0853271484 0
vn -0.996582031 0.0853271484 0
vn -0.996582031 0.0853271484 0
vn -0.996582031 0.0853271484 0
vn 0.996582031 -0.0853271484 0
vn 0.996582031 -0.0853271484 5.96046448E-07
vn 0.996582031 -0.0853271484 0
vn 0.996582031 -0.0853271484 5.36441803E-07
vn 0.996582031 -0.0853271484 0
vn 0.996582031 -0.0853271484 1.78813934E-07
vn 0.996582031 -0.0853271484 -4.17232513E-07
vn 0.996582031 -0.0853271484 -3.57627869E-07
vn 0.996582031 -0.0853271484 0
vn 0.996582031 -0.0853271484 0
vn 0.996582031 -0.0853271484 0
vn 0.996582031 -0.0853271484 0
vn -0.073425293 -0.857421875 -0.509765625
vn -0.0844116211 -0.985839844 -0.14453125
vn -0.073425293 -0.857421875 -0.509765625
vn -0.0844116211 -0.985839844 -0.14453125
vn -0.0853271484 -0.996582031 0
vn -0.0853271484 -0.996582031 0
vn 0.00214767456 0.0250701904 0.999511719
vn 0.00214767456 0.0250701904 0.999511719
vn 0.00214767456 0.0250701904 0.999511719
vn 0.00214767456 0.0250701904 0.999511719
vn 0.0853271484 0.996582031 0
vn 0.0853271484 0.996582031 0
vn 0.0853271484 0.996582031 0
vn 0.0853271484 0.996582031 0
vn 0.054107666 0.631835938 0.7734375
vn 0.0623474121 0.727539062 0.683105469
vn 0.0623474121 0.727539062 0.683105469
vn 0.054107666 0.631835938 0.7734375
vn -0.000640392303 -0.00747680664 -1
vn -0.000640392303 -0.00747680664 -1
vn -0.000640392303 -0.00747680664 -1
vn -0.000640392303 -0.00747680664 -1
vn 0.0694580078 0.811035156 -0.580566406
vn 0.0694580078 0.811035156 -0.580566406
vn 0.0694580078 0.811035156 -0.580566406
vn 0.0694580078 0.811035156 -0.580566406
vn 0.0623168945 0.728027344 -0.683105469
vn 0.0623168945 0.728027344 -0.683105469
vn -0 7.74860382E-07 1
vn -0 7.74860382E-07 1
vn -0.0182647705 -0.213378906 0.977050781
vn -0.0182647705 -0.213378906 0.977050781
vn -0.0489807129 -0.571777344 0.818847656
vn -0.0489807129 -0.571777344 0.818847656
vn -0.996582031 0.0853271484 1.78813934E-07
vn -0.996582031 0.0853271484 1.78813934E-07
vn -0.996582031 0.0853271484 7.15255737E-07
vn -0.996582031 0.0853271484 7.74860382E-07
vn -0.996582031 0.0853271484 4.17232513E-07
vn -0.996582031 0.0853271484 1.78813934E-07
vn -0.996582031 0.0853271484 -1.78813934E-07
vn -0.996582031 0.0853271484 -1.78813934E-07
vn -0.996582031 0.0853271484 0
vn -0.996582031 0.0853271484 1.1920929E-07
vn -0.996582031 0.0853271484 0
vn -0.996582031 0.0853271484 0
vn 0.996582031 -0.0853271484 -4.17232513E-07
vn 0.996582031 -0.0853271484 -4.17232513E-07
vn 0.996582031 -0.0853271484 0
vn 0.996582031 -0.0853271484 0
vn 0.996582031 -0.0853271484 -3.57627869E-07
vn 0.996582031 -0.0853271484 -1.78813934E-07
vn 0.996582031 -0.0853271484 -1.78813934E-07
vn 0.996582031 -0.0853271484 -1.78813934E-07
vn 0.996582031 -0.0853271484 4.17232513E-07
vn 0.996582031 -0.0853271484 3.57627869E-07
vn 0.996582031 -0.0853271484 1.78813934E-07
vn 0.996582031 -0.0853271484 1.78813934E-07
vn 0.00214767456 0.0250701904 -0.999511719
vn 0.00214767456 0.0250701904 -0.999511719
vn 0.00214767456 0.0250701904 -0.999511719
vn 0.00214767456 0.0250701904 -0.999511719
vn 0.0853271484 0.996582031 0
vn 0.0853271484 0.996582031 0
vn 0.0853271484 0.996582031 0
vn 0.0853271484 0.996582031 0
vn -0.0844116211 -0.985839844 0.14453125
vn -0.0853271484 -0.996582031 5.96046448E-07
vn -0.0853271484 -0.996582031 5.96046448E-07
vn -0.0844116211 -0.985839844 0.14453125
vn -0.073425293 -0.857421875 0.509765625
vn -0.073425293 -0.857421875 0.509765625
vn -0.0489807129 -0.571777344 0.818847656
vn -0.0489807129 -0.571777344 0.818847656
vn 0.054107666 0.631835938 -0.7734375
vn 0.054107666 0.631835938 -0.7734375
vn 0.0623168945 0.728027344 -0.683105469
vn 0.0623168945 0.728027344 -0.683105469
vn 0.0853271484 0.996582031 9.35792923E-06
vn 0.0853271484 0.996582031 2.38418579E-06
vn 0.0853271484 0.996582031 3.93390656E-06
vn 0.0853271484 0.996582031 8.5234642E-06
vn 0.0853271484 0.996582031 2.32458115E-06
vn 0.0853271484 0.996582031 -5.36441803E-07
vn 0.0853271484 0.996582031 9.53674316E-07
vn 0.0853271484 0.996582031 1.49011612E-06
vn 0.0853271484 0.996582031 0
vn 0.0853271484 0.996582031 0
vn 0.0853271484 0.996582031 0
vn 0.0853271484 0.996582031 0
vn 0.0853271484 0.996582031 0
vn 0.0853271484 0.996582031 0
vn 0.0853271484 0.996582031 0
vn 0.0853271484 0.996582031 0
vn -0.908203125 0.0778198242 0.410888672
vn -0.908203125 0.0778198242 0.410888672
vn -0.908203125 0.0778198242 0.410888672
vn -0.908203125 0.0778198242 0.410888672
vn -0.908203125 0.0778198242 0.410888672
vn -0.908203125 0.0778198242 0.410888672
vn -0.908203125 0.0778198242 0.410888672
vn -0.908203125 0.0778198242 0.410888672
vn -0.908203125 0.0778198242 0.410888672
vn -0.908203125 0.0778198242 0.410888672
vn -0.908203125 0.0778198242 0.410888672
vn -0.908203125 0.0778198242 0.410888672
vn -0.908203125 0.0778198242 0.410888672
vn -0.908203125 0.0778198242 0.410888672
vn -0.908203125 0.0778198242 0.410888672
vn -0.908203125 0.0778198242 0.410888672
vn -0.908203125 0.0778198242 0.410888672
vn -0.908203125 0.0778198242 0.410888672
vn -0.908203125 0.0778198242 0.410888672
vn -0.908203125 0.0778198242 0.410888672
vn 0.908203125 -0.0778198242 -0.410888672
vn 0.908203125 -0.0778198242 -0.410888672
vn 0.908203125 -0.0778198242 -0.410888672
vn 0.908203125 -0.0778198242 -0.410888672
vn 0.908203125 -0.0778198242 -0.410888672
vn 0.908203125 -0.0778198242 -0.410888672
vn 0.908203125 -0.0778198242 -0.410888672
vn 0.908203125 -0.0778198242 -0.410888672
vn 0.908203125 -0.0778198242 -0.410888672
vn 0.908203125 -0.0778198242 -0.410888672
vn 0.908203125 -0.0778198242 -0.410888672
vn 0.908203125 -0.0778198242 -0.410888672
vn 0.908203125 -0.0778198242 -0.410888672
vn 0.908203125 -0.0778198242 -0.410888672
vn 0.908203125 -0.0778198242 -0.410888672
vn 0.908203125 -0.0778198242 -0.410888672
vn 0.908203125 -0.0778198242 -0.410888672
vn 0.908203125 -0.0778198242 -0.410888672
vn 0.908203125 -0.0778198242 -0.410888672
vn 0.908203125 -0.0778198242 -0.410888672
vn -0 0 1
vn -0 0 1
vn -0 0 1
vn -0 0 1
vn -0 0 1
vn -0 0 1
vn -0 0 1
vn -0 0 1
vn -0 0 1
vn -0 0 1
vn -0 0 1
vn -0 0 1
vn -0 0 1
vn -0 0 1
vn -0 0 1
vn -0 0 1
vn -0 0 1
vn -0 0 1
vn -0 0 1
vn -0 0 1
vn -0 0 -1
vn -0 0 -1
vn -0 0 -1
vn -0 0 -1
vn -0 0 -1
vn -0 0 -1
vn -0 0 -1
vn -0 0 -1
vn -0 0 -1
vn -0 0 -1
vn -0 0 -1
vn -0 0 -1
vn -0 0 -1
vn -0 0 -1
vn -0 0 -1
vn -0 0 -1
vn -0 0 -1
vn -0 0 -1
vn -0 0 -1
vn -0 0 -1
vn -0.724609375 0.0620422363 -0.686523438
vn -0.724609375 0.0620422363 -0.686523438
vn -0.724609375 0.0620422363 -0.686523438
vn -0.724609375 0.0620422363 -0.686523438
vn -0.724609375 0.0620422363 -0.686523438
vn -0.724609375 0.0620422363 -0.686523438
vn -0.724609375 0.0620422363 -0.686523438
vn -0.724609375 0.0620422363 -0.686523438
vn -0.724609375 0.0620422363 -0.686523438
vn -0.724609375 0.0620422363 -0.686523438
vn -0.724609375 0.0620422363 -0.686523438
vn -0.724609375 0.0620422363 -0.686523438
vn -0.724609375 0.0620422363 -0.686523438
vn -0.724609375 0.0620422363 -0.686523438
vn -0.724609375 0.0620422363 -0.686523438
vn -0.724609375 0.0620422363 -0.686523438
vn -0.724609375 0.0620422363 -0.686523438
vn -0.724609375 0.0620422363 -0.686523438
vn -0.724609375 0.0620422363 -0.686523438
vn -0.724609375 0.0620422363 -0.686523438
vn 0.724609375 -0.0620422363 0.686523438
vn 0.724609375 -0.0620422363 0.686523438
vn 0.724609375 -0.0620422363 0.686523438
vn 0.724609375 -0.0620422363 0.686523438
vn 0.724609375 -0.0620422363 0.686523438
vn 0.724609375 -0.0620422363 0.686523438
vn 0.724609375 -0.0620422363 0.686523438
vn 0.724609375 -0.0620422363 0.686523438
vn 0.724609375 -0.0620422363 0.686523438
vn 0.724609375 -0.0620422363 0.686523438
vn 0.724609375 -0.0620422363 0.686523438
vn 0.724609375 -0.0620422363 0.686523438
vn 0.724609375 -0.0620422363 0.686523438
vn 0.724609375 -0.0620422363 0.686523438
vn 0.724609375 -0.0620422363 0.686523438
vn 0.724609375 -0.0620422363 0.686523438
vn 0.724609375 -0.0620422363 0.686523438
vn 0.724609375 -0.0620422363 0.686523438
vn 0.724609375 -0.0620422363 0.686523438
vn 0.724609375 -0.0620422363 0.686523438
vn 0.723144531 -0.0619506836 -0.687988281
vn 0.723144531 -0.0619506836 -0.687988281
vn 0.723144531 -0.0619506836 -0.687988281
vn 0.723144531 -0.0619506836 -0.687988281
vn 0.723144531 -0.0619506836 -0.687988281
vn 0.723144531 -0.0619506836 -0.687988281
vn 0.723144531 -0.0619506836 -0.687988281
vn 0.723144531 -0.0619506836 -0.687988281
vn 0.723144531 -0.0619506836 -0.687988281
vn 0.723144531 -0.0619506836 -0.687988281
vn 0.723144531 -0.0619506836 -0.687988281
vn 0.723144531 -0.0619506836 -0.687988281
vn 0.723144531 -0.0619506836 -0.687988281
vn 0.723144531 -0.0619506836 -0.687988281
vn 0.723144531 -0.0619506836 -0.687988281
vn 0.723144531 -0.0619506836 -0.687988281
vn 0.723144531 -0.0619506836 -0.687988281
vn 0.723144531 -0.0619506836 -0.687988281
vn 0.723144531 -0.0619506836 -0.687988281
vn 0.723144531 -0.0619506836 -0.687988281
vn -0.723144531 0.0619506836 0.687988281
vn -0.723144531 0.0619506836 0.687988281
vn -0.723144531 0.0619506836 0.687988281
vn -0.723144531 0.0619506836 0.687988281
vn -0.723144531 0.0619506836 0.687988281
vn -0.723144531 0.0619506836 0.687988281
vn -0.723144531 0.0619506836 0.687988281
vn -0.723144531 0.0619506836 0.687988281
vn -0.723144531 0.0619506836 0.687988281
vn -0.723144531 0.0619506836 0.687988281
vn -0.723144531 0.0619506836 0.687988281
vn -0.723144531 0.0619506836 0.687988281
vn -0.723144531 0.0619506836 0.687988281
vn -0.723144531 0.0619506836 0.687988281
vn -0.723144531 0.0619506836 0.687988281
vn -0.723144531 0.0619506836 0.687988281
vn -0.723144531 0.0619506836 0.687988281
vn -0.723144531 0.0619506836 0.687988281
vn -0.723144531 0.0619506836 0.687988281
vn -0.723144531 0.0619506836 0.687988281
vn 0.904296875 -0.0774536133 0.419921875
vn 0.904296875 -0.0774536133 0.419921875
vn 0.904296875 -0.0774536133 0.419921875
vn 0.904296875 -0.0774536133 0.419921875
vn 0.904296875 -0.0774536133 0.419921875
vn 0.904296875 -0.0774536133 0.419921875
vn 0.904296875 -0.0774536133 0.419921875
vn 0.904296875 -0.0774536133 0.419921875
vn 0.904296875 -0.0774536133 0.419921875
vn 0.904296875 -0.0774536133 0.419921875
vn 0.904296875 -0.0774536133 0.419921875
vn 0.904296875 -0.0774536133 0.419921875
vn 0.904296875 -0.0774536133 0.419921875
vn 0.904296875 -0.0774536133 0.419921875
vn 0.904296875 -0.0774536133 0.419921875
vn 0.904296875 -0.0774536133 0.419921875
vn 0.904296875 -0.0774536133 0.419921875
vn 0.904296875 -0.0774536133 0.419921875
vn 0.904296875 -0.0774536133 0.419921875
vn 0.904296875 -0.0774536133 0.419921875
vn -0.904296875 0.0774536133 -0.419921875
vn -0.904296875 0.0774536133 -0.419921875
vn -0.904296875 0.0774536133 -0.419921875
vn -0.904296875 0.0774536133 -0.419921875
vn -0.904296875 0.0774536133 -0.419921875
vn -0.904296875 0.0774536133 -0.419921875
vn -0.904296875 0.0774536133 -0.419921875
vn -0.904296875 0.0774536133 -0.419921875
vn -0.904296875 0.0774536133 -0.419921875
vn -0.904296875 0.0774536133 -0.419921875
vn -0.904296875 0.0774536133 -0.419921875
vn -0.904296875 0.0774536133 -0.419921875
vn -0.904296875 0.0774536133 -0.419921875
vn -0.904296875 0.0774536133 -0.419921875
vn -0.904296875 0.0774536133 -0.419921875
vn -0.904296875 0.0774536133 -0.419921875
vn -0.904296875 0.0774536133 -0.419921875
vn -0.904296875 0.0774536133 -0.419921875
vn -0.904296875 0.0774536133 -0.419921875
vn -0.904296875 0.0774536133 -0.419921875
g Computer  chair_0
f 3/3/3 2/2/2 1/1/1
f 6/6/6 5/5/5 4/4/4
f 9/9/9 8/8/8 7/7/7
f 12/12/12 11/11/11 10/10/10
f 14/14/14 13/13/13 11/11/11
f 13/13/13 14/14/14 15/15/15
f 18/18/18 17/17/17 16/16/16
f 21/21/21 20/20/20 19/19/19
f 24/24/24 23/23/23 22/22/22
f 27/27/27 26/26/26 25/25/25
f 30/30/30 29/29/29 28/28/28
f 33/33/33 32/32/32 31/31/31
f 36/36/36 35/35/35 34/34/34
f 38/38/38 37/37/37 35/35/35
f 38/38/38 39/39/39 37/37/37
f 39/39/39 40/40/40 37/37/37
f 40/40/40 41/41/41 37/37/37
f 40/40/40 42/42/42 41/41/41
f 42/42/42 43/43/43 41/41/41
f 42/42/42 44/44/44 43/43/43
f 44/44/44 45/45/45 43/43/43
f 44/44/44 46/46/46 45/45/45
f 46/46/46 47/47/47 45/45/45
f 47/47/47 48/48/48 45/45/45
f 48/48/48 49/49/49 45/45/45
f 48/48/48 50/50/50 49/49/49
f 50/50/50 51/51/51 49/49/49
f 50/50/50 52/52/52 51/51/51
f 55/55/55 54/54/54 53/53/53
f 58/58/58 57/57/57 56/56/56
f 60/60/60 58/58/58 59/59/59
f 61/61/61 60/60/60 59/59/59
f 64/64/64 63/63/63 62/62/62
f 67/67/67 66/66/66 65/65/65
f 69/69/69 67/67/67 68/68/68
f 69/69/69 68/68/68 70/70/70
f 71/71/71 69/69/69 70/70/70
f 74/74/74 73/73/73 72/72/72
f 77/77/77 76/76/76 75/75/75
f 80/80/80 79/79/79 78/78/78
f 79/79/79 82/82/82 81/81/81
f 82/82/82 83/83/83 81/81/81
f 82/82/82 84/84/84 83/83/83
f 82/82/82 85/85/85 84/84/84
f 85/85/85 86/86/86 84/84/84
f 85/85/85 87/87/87 86/86/86
f 87/87/87 88/88/88 86/86/86
f 87/87/87 89/89/89 88/88/88
f 89/89/89 90/90/90 88/88/88
f 89/89/89 91/91/91 90/90/90
f 89/89/89 92/92/92 91/91/91
f 89/89/89 93/93/93 92/92/92
f 93/93/93 94/94/94 92/92/92
f 93/93/93 95/95/95 94/94/94
f 95/95/95 96/96/96 94/94/94
f 99/99/99 98/98/98 97/97/97
f 102/102/102 101/101/101 100/100/100
f 105/105/105 104/104/104 103/103/103
f 108/108/108 107/107/107 106/106/106
f 111/111/111 110/110/110 109/109/109
f 114/114/114 113/113/113 112/112/112
f 112/112/112 116/116/116 115/115/115
f 112/112/112 117/117/117 116/116/116
f 117/117/117 118/118/118 116/116/116
f 121/121/121 120/120/120 119/119/119
f 124/124/124 123/123/123 122/122/122
f 127/127/127 126/126/126 125/125/125
f 126/126/126 129/129/129 128/128/128
f 129/129/129 130/130/130 128/128/128
f 129/129/129 131/131/131 130/130/130
f 131/131/131 132/132/132 130/130/130
f 131/131/131 133/133/133 132/132/132
f 133/133/133 134/134/134 132/132/132
f 132/132/132 134/134/134 135/135/135
f 138/138/138 137/137/137 136/136/136
f 141/141/141 140/140/140 139/139/139
f 144/144/144 143/143/143 142/142/142
f 147/147/147 146/146/146 145/145/145
f 150/150/150 149/149/149 148/148/148
f 152/152/152 148/148/148 151/151/151
f 153/153/153 152/152/152 151/151/151
f 153/153/153 151/151/151 154/154/154
f 155/155/155 153/153/153 154/154/154
f 155/155/155 154/154/154 156/156/156
f 157/157/157 155/155/155 156/156/156
f 157/157/157 156/156/156 158/158/158
f 159/159/159 157/157/157 158/158/158
f 162/162/162 161/161/161 160/160/160
f 165/165/165 164/164/164 163/163/163
f 167/167/167 163/163/163 166/166/166
f 168/168/168 167/167/167 166/166/166
f 166/166/166 163/163/163 169/169/169
f 163/163/163 170/170/170 169/169/169
f 163/163/163 171/171/171 170/170/170
f 171/171/171 172/172/172 170/170/170
f 169/169/169 170/170/170 173/173/173
f 172/172/172 174/174/174 170/170/170
f 170/170/170 175/175/175 173/173/173
f 174/174/174 175/175/175 170/170/170
f 173/173/173 175/175/175 176/176/176
f 174/174/174 177/177/177 175/175/175
f 175/175/175 178/178/178 176/176/176
f 177/177/177 178/178/178 175/175/175
f 179/179/179 176/176/176 178/178/178
f 177/177/177 180/180/180 178/178/178
f 181/181/181 179/179/179 178/178/178
f 180/180/180 181/181/181 178/178/178
f 182/182/182 179/179/179 181/181/181
f 180/180/180 183/183/183 181/181/181
f 184/184/184 182/182/182 181/181/181
f 183/183/183 184/184/184 181/181/181
f 185/185/185 182/182/182 184/184/184
f 183/183/183 186/186/186 184/184/184
f 187/187/187 185/185/185 184/184/184
f 186/186/186 187/187/187 184/184/184
f 188/188/188 185/185/185 187/187/187
f 186/186/186 189/189/189 187/187/187
f 190/190/190 188/188/188 187/187/187
f 189/189/189 190/190/190 187/187/187
f 188/188/188 190/190/190 191/191/191
f 189/189/189 192/192/192 190/190/190
f 190/190/190 193/193/193 191/191/191
f 192/192/192 193/193/193 190/190/190
f 196/196/196 195/195/195 194/194/194
f 198/198/198 195/195/195 197/197/197
f 199/199/199 198/198/198 197/197/197
f 199/199/199 197/197/197 200/200/200
f 197/197/197 201/201/201 200/200/200
f 199/199/199 200/200/200 202/202/202
f 205/205/205 204/204/204 203/203/203
f 208/208/208 207/207/207 206/206/206
f 211/211/211 210/210/210 209/209/209
f 209/209/209 213/213/213 212/212/212
f 214/214/214 209/209/209 212/212/212
f 214/214/214 212/212/212 215/215/215
f 216/216/216 214/214/214 215/215/215
f 216/216/216 215/215/215 217/217/217
f 218/218/218 216/216/216 217/217/217
f 221/221/221 220/220/220 219/219/219
f 220/220/220 222/222/222 219/219/219
f 219/219/219 222/222/222 223/223/223
f 222/222/222 224/224/224 223/223/223
f 223/223/223 224/224/224 225/225/225
f 224/224/224 226/226/226 225/225/225
f 225/225/225 226/226/226 227/227/227
f 226/226/226 228/228/228 227/227/227
f 227/227/227 228/228/228 229/229/229
f 228/228/228 230/230/230 229/229/229
f 229/229/229 230/230/230 231/231/231
f 230/230/230 232/232/232 231/231/231
f 231/231/231 232/232/232 233/233/233
f 232/232/232 234/234/234 233/233/233
f 233/233/233 234/234/234 235/235/235
f 234/234/234 236/236/236 235/235/235
f 235/235/235 236/236/236 237/237/237
f 236/236/236 238/238/238 237/237/237
f 237/237/237 238/238/238 239/239/239
f 238/238/238 240/240/240 239/239/239
f 239/239/239 240/240/240 241/241/241
f 240/240/240 242/242/242 241/241/241
f 241/241/241 242/242/242 243/243/243
f 242/242/242 244/244/244 243/243/243
f 243/243/243 244/244/244 245/245/245
f 244/244/244 246/246/246 245/245/245
f 249/249/249 248/248/248 247/247/247
f 248/248/248 250/250/250 247/247/247
f 247/247/247 250/250/250 251/251/251
f 250/250/250 252/252/252 251/251/251
f 255/255/255 254/254/254 253/253/253
f 256/256/256 255/255/255 253/253/253
f 259/259/259 258/258/258 257/257/257
f 260/260/260 259/259/259 257/257/257
f 263/263/263 262/262/262 261/261/261
f 264/264/264 263/263/263 261/261/261
f 265/265/265 263/263/263 264/264/264
f 266/266/266 265/265/265 264/264/264
f 267/267/267 265/265/265 266/266/266
f 268/268/268 267/267/267 266/266/266
f 269/269/269 267/267/267 268/268/268
f 270/270/270 269/269/269 268/268/268
f 271/271/271 269/269/269 270/270/270
f 272/272/272 271/271/271 270/270/270
f 273/273/273 271/271/271 272/272/272
f 274/274/274 273/273/273 272/272/272
f 275/275/275 273/273/273 274/274/274
f 276/276/276 275/275/275 274/274/274
f 277/277/277 275/275/275 276/276/276
f 278/278/278 277/277/277 276/276/276
f 279/279/279 277/277/277 278/278/278
f 280/280/280 279/279/279 278/278/278
f 281/281/281 279/279/279 280/280/280
f 282/282/282 281/281/281 280/280/280
f 283/283/283 281/281/281 282/282/282
f 284/284/284 283/283/283 282/282/282
f 285/285/285 283/283/283 284/284/284
f 286/286/286 285/285/285 284/284/284
f 287/287/287 285/285/285 286/286/286
f 288/288/288 287/287/287 286/286/286
f 289/289/289 287/287/287 288/288/288
f 290/290/290 289/289/289 288/288/288
f 291/291/291 289/289/289 290/290/290
f 292/292/292 291/291/291 290/290/290
f 293/293/293 291/291/291 292/292/292
f 294/294/294 293/293/293 292/292/292
f 295/295/295 293/293/293 294/294/294
f 296/296/296 295/295/295 294/294/294
f 297/297/297 295/295/295 296/296/296
f 298/298/298 297/297/297 296/296/296
f 301/301/301 300/300/300 299/299/299
f 301/301/301 299/299/299 302/302/302
f 303/303/303 301/301/301 302/302/302
f 303/303/303 302/302/302 304/304/304
f 304/304/304 305/305/305 303/303/303
f 305/305/305 304/304/304 306/306/306
f 304/304/304 307/307/307 306/306/306
f 308/308/308 305/305/305 306/306/306
f 308/308/308 306/306/306 309/309/309
f 308/308/308 309/309/309 310/310/310
f 311/311/311 310/310/310 309/309/309
f 311/311/311 309/309/309 312/312/312
f 313/313/313 311/311/311 312/312/312
f 313/313/313 312/312/312 314/314/314
f 314/314/314 315/315/315 313/313/313
f 308/308/308 317/317/317 316/316/316
f 318/318/318 308/308/308 316/316/316
f 318/318/318 316/316/316 319/319/319
f 318/318/318 319/319/319 320/320/320
f 321/321/321 318/318/318 320/320/320
f 322/322/322 321/321/321 320/320/320
f 322/322/322 320/320/320 323/323/323
f 324/324/324 322/322/322 323/323/323
f 324/324/324 323/323/323 325/325/325
f 326/326/326 324/324/324 325/325/325
f 326/326/326 325/325/325 327/327/327
f 327/327/327 328/328/328 326/326/326
f 330/330/330 329/329/329 307/307/307
f 329/329/329 331/331/331 307/307/307
f 329/329/329 332/332/332 331/331/331
f 329/329/329 333/333/333 332/332/332
f 329/329/329 334/334/334 333/333/333
f 337/337/337 336/336/336 335/335/335
f 335/335/335 338/338/338 337/337/337
f 341/341/341 340/340/340 339/339/339
f 339/339/339 342/342/342 341/341/341
f 342/342/342 343/343/343 341/341/341
f 342/342/342 344/344/344 343/343/343
f 344/344/344 345/345/345 343/343/343
f 344/344/344 346/346/346 345/345/345
f 346/346/346 347/347/347 345/345/345
f 346/346/346 348/348/348 347/347/347
f 346/346/346 349/349/349 348/348/348
f 349/349/349 350/350/350 348/348/348
f 350/350/350 351/351/351 348/348/348
f 353/353/353 352/352/352 351/351/351
f 352/352/352 354/354/354 351/351/351
f 352/352/352 355/355/355 354/354/354
f 356/356/356 354/354/354 355/355/355
f 352/352/352 357/357/357 355/355/355
f 355/355/355 358/358/358 356/356/356
f 358/358/358 359/359/359 356/356/356
f 358/358/358 360/360/360 359/359/359
f 360/360/360 361/361/361 359/359/359
f 357/357/357 363/363/363 362/362/362
f 357/357/357 364/364/364 363/363/363
f 364/364/364 365/365/365 363/363/363
f 365/365/365 366/366/366 363/363/363
f 366/366/366 367/367/367 363/363/363
f 370/370/370 369/369/369 368/368/368
f 369/369/369 371/371/371 368/368/368
f 374/374/374 373/373/373 372/372/372
f 374/374/374 375/375/375 373/373/373
f 378/378/378 377/377/377 376/376/376
f 379/379/379 378/378/378 376/376/376
f 382/382/382 381/381/381 380/380/380
f 381/381/381 383/383/383 380/380/380
f 383/383/383 381/381/381 384/384/384
f 381/381/381 385/385/385 384/384/384
f 385/385/385 386/386/386 384/384/384
f 386/386/386 387/387/387 384/384/384
f 390/390/390 389/389/389 388/388/388
f 390/390/390 391/391/391 389/389/389
f 391/391/391 390/390/390 392/392/392
f 393/393/393 391/391/391 392/392/392
f 393/393/393 392/392/392 394/394/394
f 395/395/395 393/393/393 394/394/394
f 395/395/395 394/394/394 396/396/396
f 397/397/397 395/395/395 396/396/396
f 398/398/398 395/395/395 397/397/397
f 399/399/399 398/398/398 397/397/397
f 398/398/398 399/399/399 400/400/400
f 401/401/401 393/393/393 395/395/395
f 398/398/398 401/401/401 395/395/395
f 402/402/402 398/398/398 400/400/400
f 401/401/401 398/398/398 402/402/402
f 402/402/402 400/400/400 403/403/403
f 404/404/404 402/402/402 403/403/403
f 405/405/405 402/402/402 404/404/404
f 405/405/405 401/401/401 402/402/402
f 406/406/406 405/405/405 404/404/404
f 401/401/401 407/407/407 393/393/393
f 407/407/407 401/401/401 405/405/405
f 407/407/407 391/391/391 393/393/393
f 408/408/408 405/405/405 406/406/406
f 408/408/408 407/407/407 405/405/405
f 409/409/409 408/408/408 406/406/406
f 391/391/391 407/407/407 410/410/410
f 410/410/410 407/407/407 408/408/408
f 411/411/411 408/408/408 409/409/409
f 411/411/411 410/410/410 408/408/408
f 412/412/412 391/391/391 410/410/410
f 391/391/391 412/412/412 389/389/389
f 410/410/410 413/413/413 412/412/412
f 413/413/413 410/410/410 411/411/411
f 412/412/412 414/414/414 389/389/389
f 413/413/413 414/414/414 412/412/412
f 414/414/414 415/415/415 389/389/389
f 414/414/414 416/416/416 415/415/415
f 416/416/416 417/417/417 415/415/415
f 415/415/415 417/417/417 418/418/418
f 417/417/417 419/419/419 418/418/418
f 420/420/420 416/416/416 414/414/414
f 413/413/413 420/420/420 414/414/414
f 420/420/420 413/413/413 421/421/421
f 421/421/421 413/413/413 411/411/411
f 422/422/422 420/420/420 421/421/421
f 422/422/422 421/421/421 423/423/423
f 424/424/424 422/422/422 423/423/423
f 423/423/423 421/421/421 425/425/425
f 421/421/421 411/411/411 425/425/425
f 425/425/425 411/411/411 409/409/409
f 425/425/425 409/409/409 426/426/426
f 426/426/426 409/409/409 427/427/427
f 428/428/428 425/425/425 426/426/426
f 431/431/431 430/430/430 429/429/429
f 430/430/430 432/432/432 429/429/429
f 432/432/432 430/430/430 433/433/433
f 430/430/430 434/434/434 433/433/433
f 433/433/433 434/434/434 435/435/435
f 436/436/436 433/433/433 435/435/435
f 439/439/439 438/438/438 437/437/437
f 440/440/440 439/439/439 437/437/437
f 440/440/440 437/437/437 441/441/441
f 443/443/443 442/442/442 441/441/441
f 443/443/443 444/444/444 442/442/442
f 447/447/447 446/446/446 445/445/445
f 446/446/446 448/448/448 445/445/445
f 446/446/446 449/449/449 448/448/448
f 445/445/445 448/448/448 450/450/450
f 445/445/445 450/450/450 451/451/451
f 452/452/452 445/445/445 451/451/451
f 452/452/452 451/451/451 453/453/453
f 454/454/454 452/452/452 453/453/453
f 455/455/455 454/454/454 453/453/453
f 456/456/456 453/453/453 451/451/451
f 456/456/456 455/455/455 453/453/453
f 451/451/451 457/457/457 456/456/456
f 456/456/456 457/457/457 455/455/455
f 451/451/451 450/450/450 457/457/457
f 457/457/457 458/458/458 455/455/455
f 457/457/457 459/459/459 458/458/458
f 450/450/450 459/459/459 457/457/457
f 459/459/459 460/460/460 458/458/458
f 448/448/448 461/461/461 450/450/450
f 450/450/450 461/461/461 459/459/459
f 459/459/459 462/462/462 460/460/460
f 461/461/461 462/462/462 459/459/459
f 462/462/462 463/463/463 460/460/460
f 448/448/448 464/464/464 461/461/461
f 449/449/449 464/464/464 448/448/448
f 461/461/461 465/465/465 462/462/462
f 464/464/464 465/465/465 461/461/461
f 462/462/462 466/466/466 463/463/463
f 465/465/465 466/466/466 462/462/462
f 464/464/464 449/449/449 467/467/467
f 449/449/449 468/468/468 467/467/467
f 468/468/468 469/469/469 467/467/467
f 465/465/465 464/464/464 470/470/470
f 464/464/464 467/467/467 470/470/470
f 465/465/465 470/470/470 466/466/466
f 469/469/469 471/471/471 467/467/467
f 467/467/467 471/471/471 470/470/470
f 469/469/469 472/472/472 471/471/471
f 472/472/472 473/473/473 471/471/471
f 471/471/471 474/474/474 470/470/470
f 471/471/471 473/473/473 474/474/474
f 466/466/466 475/475/475 463/463/463
f 463/463/463 475/475/475 476/476/476
f 475/475/475 477/477/477 476/476/476
f 478/478/478 477/477/477 475/475/475
f 479/479/479 478/478/478 475/475/475
f 479/479/479 475/475/475 466/466/466
f 478/478/478 479/479/479 480/480/480
f 470/470/470 481/481/481 466/466/466
f 481/481/481 479/479/479 466/466/466
f 470/470/470 474/474/474 481/481/481
f 479/479/479 481/481/481 482/482/482
f 480/480/480 479/479/479 482/482/482
f 474/474/474 482/482/482 481/481/481
f 473/473/473 483/483/483 474/474/474
f 474/474/474 483/483/483 482/482/482
f 473/473/473 484/484/484 483/483/483
f 480/480/480 482/482/482 485/485/485
f 483/483/483 485/485/485 482/482/482
f 486/486/486 480/480/480 485/485/485
f 484/484/484 487/487/487 483/483/483
f 483/483/483 487/487/487 485/485/485
f 484/484/484 488/488/488 487/487/487
f 486/486/486 485/485/485 489/489/489
f 487/487/487 489/489/489 485/485/485
f 490/490/490 486/486/486 489/489/489
f 488/488/488 491/491/491 487/487/487
f 487/487/487 491/491/491 489/489/489
f 490/490/490 489/489/489 492/492/492
f 491/491/491 492/492/492 489/489/489
f 491/491/491 488/488/488 492/492/492
f 493/493/493 490/490/490 492/492/492
f 488/488/488 493/493/493 492/492/492
f 496/496/496 495/495/495 494/494/494
f 497/497/497 496/496/496 494/494/494
f 497/497/497 494/494/494 498/498/498
f 496/496/496 497/497/497 499/499/499
f 500/500/500 497/497/497 498/498/498
f 497/497/497 501/501/501 499/499/499
f 497/497/497 500/500/500 501/501/501
f 500/500/500 498/498/498 502/502/502
f 502/502/502 498/498/498 503/503/503
f 504/504/504 502/502/502 503/503/503
f 499/499/499 501/501/501 505/505/505
f 506/506/506 499/499/499 505/505/505
f 507/507/507 500/500/500 502/502/502
f 504/504/504 508/508/508 502/502/502
f 508/508/508 507/507/507 502/502/502
f 500/500/500 509/509/509 501/501/501
f 500/500/500 507/507/507 509/509/509
f 505/505/505 501/501/501 510/510/510
f 501/501/501 509/509/509 510/510/510
f 507/507/507 511/511/511 509/509/509
f 507/507/507 508/508/508 511/511/511
f 504/504/504 512/512/512 508/508/508
f 513/513/513 512/512/512 504/504/504
f 513/513/513 514/514/514 512/512/512
f 514/514/514 515/515/515 512/512/512
f 512/512/512 516/516/516 508/508/508
f 512/512/512 515/515/515 516/516/516
f 505/505/505 510/510/510 517/517/517
f 518/518/518 505/505/505 517/517/517
f 510/510/510 509/509/509 519/519/519
f 509/509/509 511/511/511 519/519/519
f 508/508/508 520/520/520 511/511/511
f 520/520/520 508/508/508 516/516/516
f 515/515/515 521/521/521 516/516/516
f 515/515/515 522/522/522 521/521/521
f 522/522/522 523/523/523 521/521/521
f 517/517/517 510/510/510 524/524/524
f 510/510/510 519/519/519 524/524/524
f 525/525/525 519/519/519 511/511/511
f 520/520/520 525/525/525 511/511/511
f 526/526/526 520/520/520 516/516/516
f 526/526/526 516/516/516 521/521/521
f 527/527/527 521/521/521 523/523/523
f 527/527/527 526/526/526 521/521/521
f 528/528/528 527/527/527 523/523/523
f 527/527/527 528/528/528 529/529/529
f 530/530/530 527/527/527 529/529/529
f 526/526/526 527/527/527 530/530/530
f 530/530/530 529/529/529 531/531/531
f 532/532/532 530/530/530 531/531/531
f 520/520/520 526/526/526 533/533/533
f 533/533/533 526/526/526 530/530/530
f 533/533/533 530/530/530 532/532/532
f 525/525/525 520/520/520 533/533/533
f 534/534/534 533/533/533 532/532/532
f 525/525/525 533/533/533 534/534/534
f 535/535/535 525/525/525 534/534/534
f 525/525/525 535/535/535 519/519/519
f 535/535/535 524/524/524 519/519/519
f 535/535/535 536/536/536 524/524/524
f 536/536/536 535/535/535 537/537/537
f 536/536/536 538/538/538 524/524/524
f 517/517/517 524/524/524 538/538/538
f 539/539/539 517/517/517 538/538/538
f 542/542/542 541/541/541 540/540/540
f 543/543/543 542/542/542 540/540/540
f 542/542/542 543/543/543 544/544/544
f 543/543/543 545/545/545 544/544/544
f 544/544/544 545/545/545 546/546/546
f 547/547/547 544/544/544 546/546/546
f 550/550/550 549/549/549 548/548/548
f 551/551/551 550/550/550 548/548/548
f 554/554/554 553/553/553 552/552/552
f 553/553/553 555/555/555 552/552/552
f 557/557/557 556/556/556 555/555/555
f 556/556/556 557/557/557 558/558/558
f 559/559/559 556/556/556 558/558/558
f 562/562/562 561/561/561 560/560/560
f 561/561/561 563/563/563 560/560/560
f 561/561/561 564/564/564 563/563/563
f 564/564/564 565/565/565 563/563/563
f 565/565/565 564/564/564 566/566/566
f 568/568/568 567/567/567 566/566/566
f 569/569/569 568/568/568 566/566/566
f 572/572/572 571/571/571 570/570/570
f 573/573/573 571/571/571 572/572/572
f 574/574/574 573/573/573 572/572/572
f 573/573/573 574/574/574 575/575/575
f 578/578/578 577/577/577 576/576/576
f 579/579/579 578/578/578 576/576/576
f 582/582/582 581/581/581 580/580/580
f 583/583/583 582/582/582 580/580/580
f 584/584/584 582/582/582 583/583/583
f 585/585/585 584/584/584 583/583/583
f 584/584/584 585/585/585 586/586/586
f 587/587/587 584/584/584 586/586/586
f 590/590/590 589/589/589 588/588/588
f 591/591/591 590/590/590 588/588/588
f 592/592/592 590/590/590 591/591/591
f 593/593/593 592/592/592 591/591/591
f 592/592/592 593/593/593 594/594/594
f 595/595/595 592/592/592 594/594/594
f 598/598/598 597/597/597 596/596/596
f 599/599/599 598/598/598 596/596/596
f 598/598/598 599/599/599 600/600/600
f 603/603/603 602/602/602 601/601/601
f 604/604/604 603/603/603 601/601/601
f 605/605/605 603/603/603 604/604/604
f 606/606/606 605/605/605 604/604/604
f 605/605/605 606/606/606 607/607/607
f 605/605/605 607/607/607 608/608/608
f 609/609/609 608/608/608 607/607/607
f 606/606/606 610/610/610 607/607/607
f 611/611/611 609/609/609 607/607/607
f 611/611/611 607/607/607 610/610/610
f 612/612/612 611/611/611 610/610/610
f 613/613/613 611/611/611 612/612/612
f 614/614/614 613/613/613 612/612/612
f 617/617/617 616/616/616 615/615/615
f 618/618/618 617/617/617 615/615/615
f 615/615/615 620/620/620 619/619/619
f 621/621/621 615/615/615 619/619/619
f 624/624/624 623/623/623 622/622/622
f 623/623/623 625/625/625 622/622/622
f 622/622/622 625/625/625 626/626/626
f 625/625/625 627/627/627 626/626/626
f 625/625/625 628/628/628 627/627/627
f 626/626/626 627/627/627 629/629/629
f 628/628/628 630/630/630 627/627/627
f 627/627/627 631/631/631 629/629/629
f 627/627/627 630/630/630 631/631/631
f 629/629/629 631/631/631 632/632/632
f 630/630/630 633/633/633 631/631/631
f 631/631/631 634/634/634 632/632/632
f 631/631/631 633/633/633 634/634/634
f 633/633/633 635/635/635 634/634/634
f 632/632/632 634/634/634 636/636/636
f 634/634/634 637/637/637 636/636/636
f 640/640/640 639/639/639 638/638/638
f 641/641/641 640/640/640 638/638/638
f 642/642/642 640/640/640 641/641/641
f 645/645/645 644/644/644 643/643/643
f 646/646/646 645/645/645 643/643/643
f 647/647/647 645/645/645 646/646/646
f 650/650/650 649/649/649 648/648/648
f 651/651/651 650/650/650 648/648/648
f 652/652/652 650/650/650 651/651/651
f 653/653/653 652/652/652 651/651/651
f 655/655/655 654/654/654 652/652/652
f 656/656/656 655/655/655 652/652/652
f 659/659/659 658/658/658 657/657/657
f 657/657/657 660/660/660 659/659/659
f 657/657/657 661/661/661 660/660/660
f 661/661/661 662/662/662 660/660/660
f 661/661/661 663/663/663 662/662/662
f 663/663/663 664/664/664 662/662/662
f 663/663/663 665/665/665 664/664/664
f 665/665/665 666/666/666 664/664/664
f 665/665/665 667/667/667 666/666/666
f 667/667/667 668/668/668 666/666/666
f 667/667/667 669/669/669 668/668/668
f 667/667/667 670/670/670 669/669/669
f 670/670/670 671/671/671 669/669/669
f 671/671/671 672/672/672 669/669/669
f 671/671/671 673/673/673 672/672/672
f 673/673/673 674/674/674 672/672/672
f 673/673/673 675/675/675 674/674/674
f 675/675/675 676/676/676 674/674/674
f 679/679/679 678/678/678 677/677/677
f 677/677/677 680/680/680 679/679/679
f 677/677/677 681/681/681 680/680/680
f 681/681/681 682/682/682 680/680/680
f 681/681/681 683/683/683 682/682/682
f 683/683/683 684/684/684 682/682/682
f 683/683/683 685/685/685 684/684/684
f 685/685/685 686/686/686 684/684/684
f 685/685/685 687/687/687 686/686/686
f 687/687/687 688/688/688 686/686/686
f 687/687/687 689/689/689 688/688/688
f 689/689/689 690/690/690 688/688/688
f 689/689/689 691/691/691 690/690/690
f 691/691/691 692/692/692 690/690/690
f 691/691/691 693/693/693 692/692/692
f 693/693/693 694/694/694 692/692/692
f 693/693/693 695/695/695 694/694/694
f 695/695/695 696/696/696 694/694/694
f 699/699/699 698/698/698 697/697/697
f 700/700/700 699/699/699 697/697/697
f 700/700/700 697/697/697 701/701/701
f 702/702/702 700/700/700 701/701/701
f 702/702/702 701/701/701 703/703/703
f 704/704/704 702/702/702 703/703/703
f 704/704/704 703/703/703 705/705/705
f 706/706/706 704/704/704 705/705/705
f 706/706/706 705/705/705 707/707/707
f 708/708/708 706/706/706 707/707/707
f 711/711/711 710/710/710 709/709/709
f 712/712/712 711/711/711 709/709/709
f 712/712/712 709/709/709 713/713/713
f 714/714/714 712/712/712 713/713/713
f 717/717/717 716/716/716 715/715/715
f 716/716/716 718/718/718 715/715/715
f 716/716/716 719/719/719 718/718/718
f 719/719/719 720/720/720 718/718/718
f 719/719/719 721/721/721 720/720/720
f 721/721/721 722/722/722 720/720/720
f 721/721/721 723/723/723 722/722/722
f 723/723/723 724/724/724 722/722/722
f 727/727/727 726/726/726 725/725/725
f 728/728/728 727/727/727 725/725/725
f 728/728/728 725/725/725 729/729/729
f 730/730/730 728/728/728 729/729/729
f 733/733/733 732/732/732 731/731/731
f 734/734/734 733/733/733 731/731/731
f 734/734/734 731/731/731 735/735/735
f 736/736/736 734/734/734 735/735/735
f 736/736/736 735/735/735 737/737/737
f 738/738/738 736/736/736 737/737/737
f 741/741/741 740/740/740 739/739/739
f 742/742/742 741/741/741 739/739/739
f 742/742/742 739/739/739 743/743/743
f 744/744/744 742/742/742 743/743/743
f 744/744/744 743/743/743 745/745/745
f 746/746/746 744/744/744 745/745/745
f 749/749/749 748/748/748 747/747/747
f 750/750/750 749/749/749 747/747/747
f 753/753/753 752/752/752 751/751/751
f 754/754/754 753/753/753 751/751/751
f 754/754/754 751/751/751 755/755/755
f 756/756/756 754/754/754 755/755/755
f 756/756/756 755/755/755 757/757/757
f 758/758/758 756/756/756 757/757/757
f 758/758/758 757/757/757 759/759/759
f 760/760/760 758/758/758 759/759/759
f 760/760/760 759/759/759 761/761/761
f 762/762/762 760/760/760 761/761/761
f 762/762/762 761/761/761 763/763/763
f 764/764/764 762/762/762 763/763/763
f 764/764/764 763/763/763 765/765/765
f 766/766/766 764/764/764 765/765/765
f 769/769/769 768/768/768 767/767/767
f 770/770/770 769/769/769 767/767/767
f 770/770/770 767/767/767 771/771/771
f 772/772/772 770/770/770 771/771/771
f 775/775/775 774/774/774 773/773/773
f 776/776/776 775/775/775 773/773/773
f 779/779/779 778/778/778 777/777/777
f 778/778/778 780/780/780 777/777/777
f 778/778/778 781/781/781 780/780/780
f 781/781/781 782/782/782 780/780/780
f 781/781/781 783/783/783 782/782/782
f 783/783/783 784/784/784 782/782/782
f 783/783/783 785/785/785 784/784/784
f 785/785/785 786/786/786 784/784/784
f 785/785/785 787/787/787 786/786/786
f 787/787/787 788/788/788 786/786/786
f 787/787/787 789/789/789 788/788/788
f 789/789/789 790/790/790 788/788/788
f 789/789/789 791/791/791 790/790/790
f 791/791/791 792/792/792 790/790/790
f 791/791/791 793/793/793 792/792/792
f 793/793/793 794/794/794 792/792/792
f 797/797/797 796/796/796 795/795/795
f 798/798/798 797/797/797 795/795/795
f 801/801/801 800/800/800 799/799/799
f 802/802/802 801/801/801 799/799/799
f 805/805/805 804/804/804 803/803/803
f 806/806/806 805/805/805 803/803/803
f 805/805/805 806/806/806 807/807/807
f 808/808/808 805/805/805 807/807/807
f 809/809/809 808/808/808 807/807/807
f 810/810/810 809/809/809 807/807/807
f 813/813/813 812/812/812 811/811/811
f 812/812/812 814/814/814 811/811/811
f 814/814/814 812/812/812 815/815/815
f 812/812/812 816/816/816 815/815/815
f 815/815/815 816/816/816 817/817/817
f 816/816/816 818/818/818 817/817/817
f 815/815/815 817/817/817 819/819/819
f 814/814/814 815/815/815 820/820/820
f 820/820/820 815/815/815 819/819/819
f 819/819/819 817/817/817 821/821/821
f 817/817/817 822/822/822 821/821/821
f 820/820/820 819/819/819 823/823/823
f 819/819/819 821/821/821 823/823/823
f 821/821/821 822/822/822 824/824/824
f 822/822/822 825/825/825 824/824/824
f 825/825/825 826/826/826 824/824/824
f 821/821/821 824/824/824 827/827/827
f 821/821/821 827/827/827 823/823/823
f 826/826/826 828/828/828 824/824/824
f 824/824/824 828/828/828 827/827/827
f 827/827/827 828/828/828 826/826/826
f 829/829/829 827/827/827 826/826/826
f 823/823/823 827/827/827 829/829/829
f 830/830/830 823/823/823 829/829/829
f 831/831/831 823/823/823 830/830/830
f 820/820/820 823/823/823 831/831/831
f 832/832/832 831/831/831 830/830/830
f 832/832/832 830/830/830 833/833/833
f 834/834/834 832/832/832 833/833/833
f 820/820/820 831/831/831 835/835/835
f 835/835/835 831/831/831 832/832/832
f 836/836/836 832/832/832 834/834/834
f 836/836/836 835/835/835 832/832/832
f 837/837/837 836/836/836 834/834/834
f 837/837/837 838/838/838 836/836/836
f 838/838/838 839/839/839 836/836/836
f 836/836/836 839/839/839 835/835/835
f 840/840/840 820/820/820 835/835/835
f 840/840/840 814/814/814 820/820/820
f 840/840/840 835/835/835 841/841/841
f 839/839/839 841/841/841 835/835/835
f 814/814/814 840/840/840 842/842/842
f 842/842/842 840/840/840 841/841/841
f 811/811/811 814/814/814 842/842/842
f 839/839/839 838/838/838 843/843/843
f 838/838/838 844/844/844 843/843/843
f 841/841/841 839/839/839 845/845/845
f 842/842/842 841/841/841 845/845/845
f 839/839/839 843/843/843 845/845/845
f 846/846/846 811/811/811 842/842/842
f 846/846/846 847/847/847 811/811/811
f 848/848/848 846/846/846 842/842/842
f 848/848/848 842/842/842 845/845/845
f 849/849/849 846/846/846 848/848/848
f 843/843/843 844/844/844 850/850/850
f 844/844/844 851/851/851 850/850/850
f 845/845/845 843/843/843 852/852/852
f 848/848/848 845/845/845 852/852/852
f 843/843/843 850/850/850 852/852/852
f 853/853/853 849/849/849 848/848/848
f 853/853/853 848/848/848 852/852/852
f 854/854/854 849/849/849 853/853/853
f 852/852/852 850/850/850 855/855/855
f 853/853/853 852/852/852 855/855/855
f 850/850/850 856/856/856 855/855/855
f 857/857/857 854/854/854 853/853/853
f 857/857/857 853/853/853 855/855/855
f 858/858/858 854/854/854 857/857/857
f 855/855/855 856/856/856 859/859/859
f 857/857/857 855/855/855 859/859/859
f 856/856/856 860/860/860 859/859/859
f 860/860/860 858/858/858 859/859/859
f 859/859/859 861/861/861 857/857/857
f 861/861/861 858/858/858 857/857/857
f 858/858/858 861/861/861 859/859/859
f 864/864/864 863/863/863 862/862/862
f 865/865/865 864/864/864 862/862/862
f 868/868/868 867/867/867 866/866/866
f 867/867/867 869/869/869 866/866/866
f 869/869/869 870/870/870 866/866/866
f 870/870/870 871/871/871 866/866/866
f 872/872/872 871/871/871 870/870/870
f 873/873/873 872/872/872 870/870/870
f 873/873/873 870/870/870 874/874/874
f 874/874/874 870/870/870 869/869/869
f 875/875/875 873/873/873 874/874/874
f 876/876/876 873/873/873 875/875/875
f 877/877/877 876/876/876 875/875/875
f 878/878/878 876/876/876 877/877/877
f 879/879/879 878/878/878 877/877/877
f 877/877/877 880/880/880 879/879/879
f 880/880/880 881/881/881 879/879/879
f 881/881/881 880/880/880 882/882/882
f 875/875/875 883/883/883 877/877/877
f 883/883/883 880/880/880 877/877/877
f 880/880/880 884/884/884 882/882/882
f 880/880/880 883/883/883 884/884/884
f 882/882/882 884/884/884 885/885/885
f 884/884/884 886/886/886 885/885/885
f 887/887/887 883/883/883 875/875/875
f 874/874/874 887/887/887 875/875/875
f 883/883/883 888/888/888 884/884/884
f 884/884/884 888/888/888 886/886/886
f 883/883/883 887/887/887 888/888/888
f 888/888/888 889/889/889 886/886/886
f 886/886/886 889/889/889 890/890/890
f 889/889/889 891/891/891 890/890/890
f 887/887/887 892/892/892 888/888/888
f 888/888/888 892/892/892 889/889/889
f 889/889/889 893/893/893 891/891/891
f 892/892/892 893/893/893 889/889/889
f 893/893/893 894/894/894 891/891/891
f 894/894/894 893/893/893 895/895/895
f 895/895/895 893/893/893 896/896/896
f 893/893/893 892/892/892 896/896/896
f 892/892/892 887/887/887 897/897/897
f 887/887/887 874/874/874 897/897/897
f 896/896/896 892/892/892 897/897/897
f 874/874/874 898/898/898 897/897/897
f 898/898/898 874/874/874 869/869/869
f 897/897/897 899/899/899 896/896/896
f 897/897/897 898/898/898 899/899/899
f 899/899/899 900/900/900 896/896/896
f 901/901/901 898/898/898 869/869/869
f 898/898/898 901/901/901 899/899/899
f 867/867/867 901/901/901 869/869/869
f 899/899/899 902/902/902 900/900/900
f 899/899/899 901/901/901 902/902/902
f 902/902/902 903/903/903 900/900/900
f 904/904/904 901/901/901 867/867/867
f 901/901/901 904/904/904 902/902/902
f 905/905/905 904/904/904 867/867/867
f 902/902/902 906/906/906 903/903/903
f 902/902/902 904/904/904 906/906/906
f 906/906/906 907/907/907 903/903/903
f 904/904/904 908/908/908 906/906/906
f 908/908/908 904/904/904 905/905/905
f 909/909/909 908/908/908 905/905/905
f 912/912/912 911/911/911 910/910/910
f 913/913/913 912/912/912 910/910/910
f 916/916/916 915/915/915 914/914/914
f 915/915/915 917/917/917 914/914/914
f 917/917/917 915/915/915 918/918/918
f 919/919/919 917/917/917 918/918/918
f 919/919/919 918/918/918 920/920/920
f 918/918/918 921/921/921 920/920/920
f 924/924/924 923/923/923 922/922/922
f 925/925/925 924/924/924 922/922/922
f 928/928/928 927/927/927 926/926/926
f 929/929/929 928/928/928 926/926/926
f 932/932/932 931/931/931 930/930/930
f 933/933/933 932/932/932 930/930/930
f 933/933/933 930/930/930 934/934/934
f 937/937/937 936/936/936 935/935/935
f 938/938/938 937/937/937 935/935/935
f 941/941/941 940/940/940 939/939/939
f 941/941/941 942/942/942 940/940/940
f 942/942/942 943/943/943 940/940/940
f 943/943/943 942/942/942 944/944/944
f 942/942/942 945/945/945 944/944/944
f 948/948/948 947/947/947 946/946/946
f 947/947/947 948/948/948 949/949/949
f 952/952/952 951/951/951 950/950/950
f 951/951/951 952/952/952 953/953/953
f 952/952/952 954/954/954 953/953/953
f 953/953/953 954/954/954 955/955/955
f 958/958/958 957/957/957 956/956/956
f 959/959/959 958/958/958 956/956/956
f 960/960/960 958/958/958 959/959/959
f 961/961/961 960/960/960 959/959/959
f 964/964/964 963/963/963 962/962/962
f 963/963/963 965/965/965 962/962/962
f 962/962/962 965/965/965 966/966/966
f 963/963/963 967/967/967 965/965/965
f 965/965/965 968/968/968 966/966/966
f 966/966/966 968/968/968 969/969/969
f 967/967/967 970/970/970 965/965/965
f 965/965/965 970/970/970 968/968/968
f 970/970/970 967/967/967 971/971/971
f 967/967/967 972/972/972 971/971/971
f 971/971/971 972/972/972 973/973/973
f 972/972/972 974/974/974 973/973/973
f 971/971/971 973/973/973 975/975/975
f 976/976/976 971/971/971 975/975/975
f 970/970/970 971/971/971 976/976/976
f 976/976/976 975/975/975 977/977/977
f 970/970/970 978/978/978 968/968/968
f 978/978/978 970/970/970 976/976/976
f 979/979/979 976/976/976 977/977/977
f 978/978/978 976/976/976 979/979/979
f 968/968/968 978/978/978 980/980/980
f 968/968/968 980/980/980 969/969/969
f 978/978/978 981/981/981 980/980/980
f 981/981/981 978/978/978 979/979/979
f 979/979/979 977/977/977 982/982/982
f 982/982/982 977/977/977 983/983/983
f 982/982/982 983/983/983 984/984/984
f 980/980/980 985/985/985 969/969/969
f 985/985/985 980/980/980 981/981/981
f 986/986/986 979/979/979 982/982/982
f 981/981/981 979/979/979 986/986/986
f 987/987/987 982/982/982 984/984/984
f 986/986/986 982/982/982 987/987/987
f 987/987/987 984/984/984 988/988/988
f 989/989/989 987/987/987 988/988/988
f 990/990/990 981/981/981 986/986/986
f 990/990/990 985/985/985 981/981/981
f 991/991/991 986/986/986 987/987/987
f 991/991/991 987/987/987 989/989/989
f 990/990/990 986/986/986 991/991/991
f 992/992/992 991/991/991 989/989/989
f 992/992/992 989/989/989 993/993/993
f 994/994/994 991/991/991 992/992/992
f 994/994/994 990/990/990 991/991/991
f 995/995/995 994/994/994 992/992/992
f 990/990/990 994/994/994 996/996/996
f 985/985/985 990/990/990 996/996/996
f 994/994/994 995/995/995 997/997/997
f 996/996/996 994/994/994 997/997/997
f 997/997/997 995/995/995 998/998/998
f 997/997/997 998/998/998 999/999/999
f 1000/1000/1000 997/997/997 999/999/999
f 996/996/996 997/997/997 1000/1000/1000
f 1001/1001/1001 996/996/996 1000/1000/1000
f 985/985/985 996/996/996 1001/1001/1001
f 1001/1001/1001 1000/1000/1000 1002/1002/1002
f 1003/1003/1003 1001/1001/1001 1002/1002/1002
f 1004/1004/1004 985/985/985 1001/1001/1001
f 1004/1004/1004 1001/1001/1001 1003/1003/1003
f 985/985/985 1004/1004/1004 969/969/969
f 1005/1005/1005 1004/1004/1004 1003/1003/1003
f 969/969/969 1004/1004/1004 1006/1006/1006
f 1004/1004/1004 1005/1005/1005 1006/1006/1006
f 1009/1009/1009 1008/1008/1008 1007/1007/1007
f 1008/1008/1008 1010/1010/1010 1007/1007/1007
f 1007/1007/1007 1010/1010/1010 1011/1011/1011
f 1007/1007/1007 1011/1011/1011 1012/1012/1012
f 1013/1013/1013 1007/1007/1007 1012/1012/1012
f 1010/1010/1010 1014/1014/1014 1011/1011/1011
f 1014/1014/1014 1010/1010/1010 1015/1015/1015
f 1016/1016/1016 1014/1014/1014 1015/1015/1015
f 1015/1015/1015 1017/1017/1017 1016/1016/1016
f 1017/1017/1017 1018/1018/1018 1016/1016/1016
f 1021/1021/1021 1020/1020/1020 1019/1019/1019
f 1022/1022/1022 1021/1021/1021 1019/1019/1019
f 1022/1022/1022 1019/1019/1019 1023/1023/1023
f 1024/1024/1024 1022/1022/1022 1023/1023/1023
f 1023/1023/1023 1019/1019/1019 1025/1025/1025
f 1019/1019/1019 1026/1026/1026 1025/1025/1025
f 1023/1023/1023 1025/1025/1025 1027/1027/1027
f 1024/1024/1024 1023/1023/1023 1028/1028/1028
f 1028/1028/1028 1023/1023/1023 1027/1027/1027
f 1029/1029/1029 1024/1024/1024 1028/1028/1028
f 1027/1027/1027 1030/1030/1030 1028/1028/1028
f 1033/1033/1033 1032/1032/1032 1031/1031/1031
f 1034/1034/1034 1033/1033/1033 1031/1031/1031
f 1037/1037/1037 1036/1036/1036 1035/1035/1035
f 1038/1038/1038 1037/1037/1037 1035/1035/1035
f 1038/1038/1038 1035/1035/1035 1039/1039/1039
f 1040/1040/1040 1038/1038/1038 1039/1039/1039
f 1041/1041/1041 1038/1038/1038 1040/1040/1040
f 1040/1040/1040 1039/1039/1039 1042/1042/1042
f 1043/1043/1043 1041/1041/1041 1040/1040/1040
f 1044/1044/1044 1040/1040/1040 1042/1042/1042
f 1043/1043/1043 1040/1040/1040 1044/1044/1044
f 1045/1045/1045 1043/1043/1043 1044/1044/1044
f 1044/1044/1044 1042/1042/1042 1046/1046/1046
f 1047/1047/1047 1044/1044/1044 1046/1046/1046
f 1047/1047/1047 1046/1046/1046 1048/1048/1048
f 1049/1049/1049 1047/1047/1047 1048/1048/1048
f 1052/1052/1052 1051/1051/1051 1050/1050/1050
f 1053/1053/1053 1052/1052/1052 1050/1050/1050
f 1050/1050/1050 1054/1054/1054 1053/1053/1053
f 1054/1054/1054 1055/1055/1055 1053/1053/1053
f 1058/1058/1058 1057/1057/1057 1056/1056/1056
f 1059/1059/1059 1058/1058/1058 1056/1056/1056
f 1062/1062/1062 1061/1061/1061 1060/1060/1060
f 1063/1063/1063 1062/1062/1062 1060/1060/1060
f 1063/1063/1063 1060/1060/1060 1064/1064/1064
f 1065/1065/1065 1063/1063/1063 1064/1064/1064
f 1065/1065/1065 1064/1064/1064 1066/1066/1066
f 1069/1069/1069 1068/1068/1068 1067/1067/1067
f 1070/1070/1070 1069/1069/1069 1067/1067/1067
f 1073/1073/1073 1072/1072/1072 1071/1071/1071
f 1071/1071/1071 1074/1074/1074 1073/1073/1073
f 1071/1071/1071 1075/1075/1075 1074/1074/1074
f 1075/1075/1075 1076/1076/1076 1074/1074/1074
f 1075/1075/1075 1077/1077/1077 1076/1076/1076
f 1077/1077/1077 1078/1078/1078 1076/1076/1076
f 1077/1077/1077 1079/1079/1079 1078/1078/1078
f 1079/1079/1079 1080/1080/1080 1078/1078/1078
f 1079/1079/1079 1081/1081/1081 1080/1080/1080
f 1081/1081/1081 1082/1082/1082 1080/1080/1080
f 1081/1081/1081 1083/1083/1083 1082/1082/1082
f 1083/1083/1083 1084/1084/1084 1082/1082/1082
f 1083/1083/1083 1085/1085/1085 1084/1084/1084
f 1085/1085/1085 1086/1086/1086 1084/1084/1084
f 1085/1085/1085 1087/1087/1087 1086/1086/1086
f 1087/1087/1087 1088/1088/1088 1086/1086/1086
f 1087/1087/1087 1089/1089/1089 1088/1088/1088
f 1089/1089/1089 1090/1090/1090 1088/1088/1088
f 1093/1093/1093 1092/1092/1092 1091/1091/1091
f 1091/1091/1091 1094/1094/1094 1093/1093/1093
f 1094/1094/1094 1095/1095/1095 1093/1093/1093
f 1094/1094/1094 1096/1096/1096 1095/1095/1095
f 1096/1096/1096 1097/1097/1097 1095/1095/1095
f 1096/1096/1096 1098/1098/1098 1097/1097/1097
f 1098/1098/1098 1099/1099/1099 1097/1097/1097
f 1098/1098/1098 1100/1100/1100 1099/1099/1099
f 1100/1100/1100 1101/1101/1101 1099/1099/1099
f 1100/1100/1100 1102/1102/1102 1101/1101/1101
f 1102/1102/1102 1103/1103/1103 1101/1101/1101
f 1102/1102/1102 1104/1104/1104 1103/1103/1103
f 1104/1104/1104 1105/1105/1105 1103/1103/1103
f 1104/1104/1104 1106/1106/1106 1105/1105/1105
f 1106/1106/1106 1107/1107/1107 1105/1105/1105
f 1106/1106/1106 1108/1108/1108 1107/1107/1107
f 1108/1108/1108 1109/1109/1109 1107/1107/1107
f 1108/1108/1108 1110/1110/1110 1109/1109/1109
f 1113/1113/1113 1112/1112/1112 1111/1111/1111
f 1112/1112/1112 1114/1114/1114 1111/1111/1111
f 1111/1111/1111 1114/1114/1114 1115/1115/1115
f 1114/1114/1114 1116/1116/1116 1115/1115/1115
f 1115/1115/1115 1116/1116/1116 1117/1117/1117
f 1120/1120/1120 1119/1119/1119 1118/1118/1118
f 1121/1121/1121 1120/1120/1120 1118/1118/1118
f 1122/1122/1122 1120/1120/1120 1121/1121/1121
f 1123/1123/1123 1122/1122/1122 1121/1121/1121
f 1124/1124/1124 1122/1122/1122 1123/1123/1123
f 1125/1125/1125 1124/1124/1124 1123/1123/1123
f 1128/1128/1128 1127/1127/1127 1126/1126/1126
f 1129/1129/1129 1128/1128/1128 1126/1126/1126
f 1130/1130/1130 1128/1128/1128 1129/1129/1129
f 1131/1131/1131 1130/1130/1130 1129/1129/1129
f 1132/1132/1132 1130/1130/1130 1131/1131/1131
f 1133/1133/1133 1132/1132/1132 1131/1131/1131
f 1136/1136/1136 1135/1135/1135 1134/1134/1134
f 1134/1134/1134 1135/1135/1135 1137/1137/1137
f 1135/1135/1135 1138/1138/1138 1137/1137/1137
f 1141/1141/1141 1140/1140/1140 1139/1139/1139
f 1140/1140/1140 1142/1142/1142 1139/1139/1139
f 1139/1139/1139 1142/1142/1142 1143/1143/1143
f 1142/1142/1142 1144/1144/1144 1143/1143/1143
f 1147/1147/1147 1146/1146/1146 1145/1145/1145
f 1146/1146/1146 1148/1148/1148 1145/1145/1145
f 1145/1145/1145 1148/1148/1148 1149/1149/1149
f 1148/1148/1148 1150/1150/1150 1149/1149/1149
f 1153/1153/1153 1152/1152/1152 1151/1151/1151
f 1152/1152/1152 1154/1154/1154 1151/1151/1151
f 1151/1151/1151 1154/1154/1154 1155/1155/1155
f 1154/1154/1154 1156/1156/1156 1155/1155/1155
f 1155/1155/1155 1156/1156/1156 1157/1157/1157
f 1156/1156/1156 1158/1158/1158 1157/1157/1157
f 1161/1161/1161 1160/1160/1160 1159/1159/1159
f 1160/1160/1160 1162/1162/1162 1159/1159/1159
f 1159/1159/1159 1162/1162/1162 1163/1163/1163
f 1162/1162/1162 1164/1164/1164 1163/1163/1163
f 1163/1163/1163 1164/1164/1164 1165/1165/1165
f 1164/1164/1164 1166/1166/1166 1165/1165/1165
f 1169/1169/1169 1168/1168/1168 1167/1167/1167
f 1168/1168/1168 1170/1170/1170 1167/1167/1167
f 1167/1167/1167 1170/1170/1170 1171/1171/1171
f 1170/1170/1170 1172/1172/1172 1171/1171/1171
f 1171/1171/1171 1172/1172/1172 1173/1173/1173
f 1172/1172/1172 1174/1174/1174 1173/1173/1173
f 1173/1173/1173 1174/1174/1174 1175/1175/1175
f 1174/1174/1174 1176/1176/1176 1175/1175/1175
f 1175/1175/1175 1176/1176/1176 1177/1177/1177
f 1176/1176/1176 1178/1178/1178 1177/1177/1177
f 1177/1177/1177 1178/1178/1178 1179/1179/1179
f 1178/1178/1178 1180/1180/1180 1179/1179/1179
f 1179/1179/1179 1180/1180/1180 1181/1181/1181
f 1180/1180/1180 1182/1182/1182 1181/1181/1181
f 1185/1185/1185 1184/1184/1184 1183/1183/1183
f 1186/1186/1186 1185/1185/1185 1183/1183/1183
f 1189/1189/1189 1188/1188/1188 1187/1187/1187
f 1190/1190/1190 1189/1189/1189 1187/1187/1187
f 1193/1193/1193 1192/1192/1192 1191/1191/1191
f 1194/1194/1194 1193/1193/1193 1191/1191/1191
f 1197/1197/1197 1196/1196/1196 1195/1195/1195
f 1198/1198/1198 1197/1197/1197 1195/1195/1195
f 1199/1199/1199 1197/1197/1197 1198/1198/1198
f 1200/1200/1200 1199/1199/1199 1198/1198/1198
f 1201/1201/1201 1199/1199/1199 1200/1200/1200
f 1202/1202/1202 1201/1201/1201 1200/1200/1200
f 1203/1203/1203 1201/1201/1201 1202/1202/1202
f 1204/1204/1204 1203/1203/1203 1202/1202/1202
f 1205/1205/1205 1203/1203/1203 1204/1204/1204
f 1206/1206/1206 1205/1205/1205 1204/1204/1204
f 1207/1207/1207 1205/1205/1205 1206/1206/1206
f 1208/1208/1208 1207/1207/1207 1206/1206/1206
f 1209/1209/1209 1207/1207/1207 1208/1208/1208
f 1210/1210/1210 1209/1209/1209 1208/1208/1208
f 1211/1211/1211 1209/1209/1209 1210/1210/1210
f 1214/1214/1214 1213/1213/1213 1212/1212/1212
f 1215/1215/1215 1214/1214/1214 1212/1212/1212
f 1218/1218/1218 1217/1217/1217 1216/1216/1216
f 1219/1219/1219 1218/1218/1218 1216/1216/1216
f 1222/1222/1222 1221/1221/1221 1220/1220/1220
f 1223/1223/1223 1222/1222/1222 1220/1220/1220
f 1226/1226/1226 1225/1225/1225 1224/1224/1224
f 1227/1227/1227 1226/1226/1226 1224/1224/1224
f 1230/1230/1230 1229/1229/1229 1228/1228/1228
f 1231/1231/1231 1230/1230/1230 1228/1228/1228
f 1232/1232/1232 1231/1231/1231 1228/1228/1228
f 1233/1233/1233 1232/1232/1232 1228/1228/1228
f 1232/1232/1232 1233/1233/1233 1234/1234/1234
f 1235/1235/1235 1232/1232/1232 1234/1234/1234
f 1235/1235/1235 1234/1234/1234 1236/1236/1236
f 1235/1235/1235 1237/1237/1237 1232/1232/1232
f 1231/1231/1231 1232/1232/1232 1237/1237/1237
f 1238/1238/1238 1235/1235/1235 1236/1236/1236
f 1238/1238/1238 1237/1237/1237 1235/1235/1235
f 1239/1239/1239 1238/1238/1238 1236/1236/1236
f 1237/1237/1237 1238/1238/1238 1239/1239/1239
f 1240/1240/1240 1239/1239/1239 1236/1236/1236
f 1240/1240/1240 1241/1241/1241 1239/1239/1239
f 1231/1231/1231 1237/1237/1237 1242/1242/1242
f 1242/1242/1242 1237/1237/1237 1239/1239/1239
f 1242/1242/1242 1243/1243/1243 1231/1231/1231
f 1231/1231/1231 1243/1243/1243 1244/1244/1244
f 1230/1230/1230 1231/1231/1231 1244/1244/1244
f 1230/1230/1230 1244/1244/1244 1245/1245/1245
f 1246/1246/1246 1230/1230/1230 1245/1245/1245
f 1239/1239/1239 1247/1247/1247 1242/1242/1242
f 1241/1241/1241 1248/1248/1248 1239/1239/1239
f 1247/1247/1247 1239/1239/1239 1248/1248/1248
f 1241/1241/1241 1249/1249/1249 1248/1248/1248
f 1250/1250/1250 1247/1247/1247 1248/1248/1248
f 1249/1249/1249 1251/1251/1251 1248/1248/1248
f 1250/1250/1250 1248/1248/1248 1251/1251/1251
f 1252/1252/1252 1250/1250/1250 1251/1251/1251
f 1255/1255/1255 1254/1254/1254 1253/1253/1253
f 1256/1256/1256 1255/1255/1255 1253/1253/1253
f 1259/1259/1259 1258/1258/1258 1257/1257/1257
f 1260/1260/1260 1259/1259/1259 1257/1257/1257
f 1263/1263/1263 1262/1262/1262 1261/1261/1261
f 1264/1264/1264 1263/1263/1263 1261/1261/1261
f 1263/1263/1263 1264/1264/1264 1265/1265/1265
f 1264/1264/1264 1266/1266/1266 1265/1265/1265
f 1264/1264/1264 1261/1261/1261 1267/1267/1267
f 1266/1266/1266 1264/1264/1264 1268/1268/1268
f 1269/1269/1269 1264/1264/1264 1267/1267/1267
f 1264/1264/1264 1269/1269/1269 1268/1268/1268
f 1267/1267/1267 1270/1270/1270 1269/1269/1269
f 1269/1269/1269 1271/1271/1271 1268/1268/1268
f 1270/1270/1270 1271/1271/1271 1269/1269/1269
f 1270/1270/1270 1272/1272/1272 1271/1271/1271
f 1271/1271/1271 1273/1273/1273 1268/1268/1268
f 1272/1272/1272 1274/1274/1274 1271/1271/1271
f 1271/1271/1271 1274/1274/1274 1273/1273/1273
f 1274/1274/1274 1275/1275/1275 1273/1273/1273
f 1278/1278/1278 1277/1277/1277 1276/1276/1276
f 1277/1277/1277 1279/1279/1279 1276/1276/1276
f 1280/1280/1280 1276/1276/1276 1279/1279/1279
f 1281/1281/1281 1280/1280/1280 1279/1279/1279
f 1277/1277/1277 1282/1282/1282 1279/1279/1279
f 1281/1281/1281 1279/1279/1279 1283/1283/1283
f 1282/1282/1282 1283/1283/1283 1279/1279/1279
f 1284/1284/1284 1281/1281/1281 1283/1283/1283
f 1285/1285/1285 1283/1283/1283 1282/1282/1282
f 1283/1283/1283 1285/1285/1285 1284/1284/1284
f 1286/1286/1286 1285/1285/1285 1282/1282/1282
f 1285/1285/1285 1287/1287/1287 1284/1284/1284
f 1285/1285/1285 1286/1286/1286 1288/1288/1288
f 1287/1287/1287 1285/1285/1285 1289/1289/1289
f 1289/1289/1289 1285/1285/1285 1288/1288/1288
f 1289/1289/1289 1288/1288/1288 1290/1290/1290
f 1291/1291/1291 1287/1287/1287 1289/1289/1289
f 1292/1292/1292 1289/1289/1289 1290/1290/1290
f 1291/1291/1291 1289/1289/1289 1292/1292/1292
f 1293/1293/1293 1291/1291/1291 1292/1292/1292
f 1296/1296/1296 1295/1295/1295 1294/1294/1294
f 1295/1295/1295 1297/1297/1297 1294/1294/1294
f 1294/1294/1294 1297/1297/1297 1298/1298/1298
f 1295/1295/1295 1299/1299/1299 1297/1297/1297
f 1299/1299/1299 1300/1300/1300 1297/1297/1297
f 1297/1297/1297 1301/1301/1301 1298/1298/1298
f 1297/1297/1297 1300/1300/1300 1301/1301/1301
f 1300/1300/1300 1302/1302/1302 1301/1301/1301
f 1300/1300/1300 1299/1299/1299 1303/1303/1303
f 1302/1302/1302 1300/1300/1300 1304/1304/1304
f 1300/1300/1300 1305/1305/1305 1304/1304/1304
f 1305/1305/1305 1306/1306/1306 1304/1304/1304
f 1306/1306/1306 1307/1307/1307 1304/1304/1304
f 1308/1308/1308 1305/1305/1305 1300/1300/1300
f 1303/1303/1303 1308/1308/1308 1300/1300/1300
f 1306/1306/1306 1309/1309/1309 1307/1307/1307
f 1309/1309/1309 1310/1310/1310 1307/1307/1307
f 1310/1310/1310 1309/1309/1309 1311/1311/1311
f 1312/1312/1312 1308/1308/1308 1303/1303/1303
f 1312/1312/1312 1309/1309/1309 1308/1308/1308
f 1309/1309/1309 1312/1312/1312 1311/1311/1311
f 1303/1303/1303 1313/1313/1313 1312/1312/1312
f 1313/1313/1313 1314/1314/1314 1312/1312/1312
f 1312/1312/1312 1315/1315/1315 1311/1311/1311
f 1314/1314/1314 1315/1315/1315 1312/1312/1312
f 1314/1314/1314 1316/1316/1316 1315/1315/1315
f 1315/1315/1315 1317/1317/1317 1311/1311/1311
f 1316/1316/1316 1318/1318/1318 1315/1315/1315
f 1315/1315/1315 1318/1318/1318 1317/1317/1317
f 1318/1318/1318 1319/1319/1319 1317/1317/1317
f 1322/1322/1322 1321/1321/1321 1320/1320/1320
f 1323/1323/1323 1322/1322/1322 1320/1320/1320
f 1326/1326/1326 1325/1325/1325 1324/1324/1324
f 1327/1327/1327 1326/1326/1326 1324/1324/1324
f 1328/1328/1328 1326/1326/1326 1327/1327/1327
f 1329/1329/1329 1328/1328/1328 1327/1327/1327
f 1328/1328/1328 1329/1329/1329 1330/1330/1330
f 1329/1329/1329 1331/1331/1331 1330/1330/1330
f 1330/1330/1330 1331/1331/1331 1332/1332/1332
f 1331/1331/1331 1333/1333/1333 1332/1332/1332
f 1336/1336/1336 1335/1335/1335 1334/1334/1334
f 1337/1337/1337 1336/1336/1336 1334/1334/1334
f 1337/1337/1337 1338/1338/1338 1336/1336/1336
f 1337/1337/1337 1334/1334/1334 1339/1339/1339
f 1334/1334/1334 1340/1340/1340 1339/1339/1339
f 1341/1341/1341 1340/1340/1340 1334/1334/1334
f 1341/1341/1341 1342/1342/1342 1340/1340/1340
f 1342/1342/1342 1343/1343/1343 1340/1340/1340
f 1343/1343/1343 1342/1342/1342 1344/1344/1344
f 1340/1340/1340 1345/1345/1345 1339/1339/1339
f 1340/1340/1340 1343/1343/1343 1345/1345/1345
f 1343/1343/1343 1344/1344/1344 1346/1346/1346
f 1343/1343/1343 1347/1347/1347 1345/1345/1345
f 1347/1347/1347 1343/1343/1343 1346/1346/1346
f 1344/1344/1344 1348/1348/1348 1346/1346/1346
f 1349/1349/1349 1348/1348/1348 1344/1344/1344
f 1349/1349/1349 1350/1350/1350 1348/1348/1348
f 1350/1350/1350 1351/1351/1351 1348/1348/1348
f 1350/1350/1350 1352/1352/1352 1351/1351/1351
f 1348/1348/1348 1353/1353/1353 1346/1346/1346
f 1348/1348/1348 1351/1351/1351 1353/1353/1353
f 1352/1352/1352 1354/1354/1354 1351/1351/1351
f 1352/1352/1352 1355/1355/1355 1354/1354/1354
f 1347/1347/1347 1346/1346/1346 1356/1356/1356
f 1346/1346/1346 1353/1353/1353 1356/1356/1356
f 1351/1351/1351 1357/1357/1357 1353/1353/1353
f 1351/1351/1351 1354/1354/1354 1357/1357/1357
f 1353/1353/1353 1358/1358/1358 1356/1356/1356
f 1353/1353/1353 1357/1357/1357 1358/1358/1358
f 1345/1345/1345 1347/1347/1347 1359/1359/1359
f 1356/1356/1356 1360/1360/1360 1347/1347/1347
f 1347/1347/1347 1360/1360/1360 1359/1359/1359
f 1361/1361/1361 1356/1356/1356 1358/1358/1358
f 1356/1356/1356 1361/1361/1361 1360/1360/1360
f 1345/1345/1345 1359/1359/1359 1362/1362/1362
f 1339/1339/1339 1345/1345/1345 1362/1362/1362
f 1355/1355/1355 1363/1363/1363 1354/1354/1354
f 1354/1354/1354 1364/1364/1364 1357/1357/1357
f 1354/1354/1354 1363/1363/1363 1364/1364/1364
f 1357/1357/1357 1365/1365/1365 1358/1358/1358
f 1357/1357/1357 1364/1364/1364 1365/1365/1365
f 1366/1366/1366 1361/1361/1361 1358/1358/1358
f 1366/1366/1366 1358/1358/1358 1365/1365/1365
f 1363/1363/1363 1355/1355/1355 1367/1367/1367
f 1355/1355/1355 1368/1368/1368 1367/1367/1367
f 1368/1368/1368 1369/1369/1369 1367/1367/1367
f 1369/1369/1369 1370/1370/1370 1367/1367/1367
f 1369/1369/1369 1371/1371/1371 1370/1370/1370
f 1363/1363/1363 1367/1367/1367 1372/1372/1372
f 1367/1367/1367 1370/1370/1370 1372/1372/1372
f 1363/1363/1363 1373/1373/1373 1364/1364/1364
f 1373/1373/1373 1363/1363/1363 1372/1372/1372
f 1364/1364/1364 1373/1373/1373 1374/1374/1374
f 1373/1373/1373 1372/1372/1372 1374/1374/1374
f 1364/1364/1364 1374/1374/1374 1365/1365/1365
f 1370/1370/1370 1374/1374/1374 1372/1372/1372
f 1371/1371/1371 1375/1375/1375 1370/1370/1370
f 1370/1370/1370 1375/1375/1375 1374/1374/1374
f 1375/1375/1375 1365/1365/1365 1374/1374/1374
f 1375/1375/1375 1366/1366/1366 1365/1365/1365
f 1371/1371/1371 1376/1376/1376 1375/1375/1375
f 1376/1376/1376 1366/1366/1366 1375/1375/1375
f 1377/1377/1377 1361/1361/1361 1366/1366/1366
f 1361/1361/1361 1377/1377/1377 1378/1378/1378
f 1377/1377/1377 1379/1379/1379 1378/1378/1378
f 1361/1361/1361 1378/1378/1378 1360/1360/1360
f 1379/1379/1379 1380/1380/1380 1378/1378/1378
f 1378/1378/1378 1381/1381/1381 1360/1360/1360
f 1380/1380/1380 1381/1381/1381 1378/1378/1378
f 1381/1381/1381 1359/1359/1359 1360/1360/1360
f 1380/1380/1380 1382/1382/1382 1381/1381/1381
f 1381/1381/1381 1383/1383/1383 1359/1359/1359
f 1382/1382/1382 1383/1383/1383 1381/1381/1381
f 1383/1383/1383 1362/1362/1362 1359/1359/1359
f 1383/1383/1383 1382/1382/1382 1384/1384/1384
f 1362/1362/1362 1383/1383/1383 1385/1385/1385
f 1383/1383/1383 1384/1384/1384 1385/1385/1385
f 1339/1339/1339 1362/1362/1362 1385/1385/1385
f 1384/1384/1384 1386/1386/1386 1385/1385/1385
f 1387/1387/1387 1386/1386/1386 1384/1384/1384
f 1387/1387/1387 1388/1388/1388 1386/1386/1386
f 1389/1389/1389 1339/1339/1339 1385/1385/1385
f 1389/1389/1389 1337/1337/1337 1339/1339/1339
f 1386/1386/1386 1390/1390/1390 1385/1385/1385
f 1389/1389/1389 1385/1385/1385 1390/1390/1390
f 1388/1388/1388 1391/1391/1391 1386/1386/1386
f 1386/1386/1386 1391/1391/1391 1390/1390/1390
f 1388/1388/1388 1392/1392/1392 1391/1391/1391
f 1389/1389/1389 1393/1393/1393 1337/1337/1337
f 1393/1393/1393 1389/1389/1389 1390/1390/1390
f 1393/1393/1393 1338/1338/1338 1337/1337/1337
f 1391/1391/1391 1394/1394/1394 1390/1390/1390
f 1393/1393/1393 1390/1390/1390 1394/1394/1394
f 1392/1392/1392 1395/1395/1395 1391/1391/1391
f 1391/1391/1391 1395/1395/1395 1394/1394/1394
f 1392/1392/1392 1396/1396/1396 1395/1395/1395
f 1393/1393/1393 1397/1397/1397 1338/1338/1338
f 1397/1397/1397 1393/1393/1393 1394/1394/1394
f 1395/1395/1395 1398/1398/1398 1394/1394/1394
f 1397/1397/1397 1394/1394/1394 1398/1398/1398
f 1396/1396/1396 1399/1399/1399 1395/1395/1395
f 1395/1395/1395 1399/1399/1399 1398/1398/1398
f 1397/1397/1397 1400/1400/1400 1338/1338/1338
f 1338/1338/1338 1400/1400/1400 1401/1401/1401
f 1400/1400/1400 1402/1402/1402 1401/1401/1401
f 1403/1403/1403 1397/1397/1397 1398/1398/1398
f 1397/1397/1397 1403/1403/1403 1400/1400/1400
f 1400/1400/1400 1404/1404/1404 1402/1402/1402
f 1403/1403/1403 1404/1404/1404 1400/1400/1400
f 1404/1404/1404 1405/1405/1405 1402/1402/1402
f 1403/1403/1403 1398/1398/1398 1406/1406/1406
f 1399/1399/1399 1406/1406/1406 1398/1398/1398
f 1406/1406/1406 1407/1407/1407 1403/1403/1403
f 1403/1403/1403 1407/1407/1407 1404/1404/1404
f 1406/1406/1406 1399/1399/1399 1407/1407/1407
f 1399/1399/1399 1396/1396/1396 1408/1408/1408
f 1399/1399/1399 1408/1408/1408 1407/1407/1407
f 1407/1407/1407 1408/1408/1408 1404/1404/1404
f 1404/1404/1404 1408/1408/1408 1405/1405/1405
f 1396/1396/1396 1409/1409/1409 1408/1408/1408
f 1408/1408/1408 1409/1409/1409 1405/1405/1405
f 1412/1412/1412 1411/1411/1411 1410/1410/1410
f 1413/1413/1413 1412/1412/1412 1410/1410/1410
f 1414/1414/1414 1412/1412/1412 1413/1413/1413
f 1415/1415/1415 1414/1414/1414 1413/1413/1413
f 1416/1416/1416 1414/1414/1414 1415/1415/1415
f 1417/1417/1417 1416/1416/1416 1415/1415/1415
f 1420/1420/1420 1419/1419/1419 1418/1418/1418
f 1421/1421/1421 1420/1420/1420 1418/1418/1418
f 1424/1424/1424 1423/1423/1423 1422/1422/1422
f 1425/1425/1425 1424/1424/1424 1422/1422/1422
f 1425/1425/1425 1422/1422/1422 1426/1426/1426
f 1426/1426/1426 1422/1422/1422 1427/1427/1427
f 1422/1422/1422 1428/1428/1428 1427/1427/1427
f 1429/1429/1429 1425/1425/1425 1426/1426/1426
f 1430/1430/1430 1425/1425/1425 1429/1429/1429
f 1427/1427/1427 1428/1428/1428 1431/1431/1431
f 1428/1428/1428 1432/1432/1432 1431/1431/1431
f 1433/1433/1433 1430/1430/1430 1429/1429/1429
f 1434/1434/1434 1430/1430/1430 1433/1433/1433
f 1431/1431/1431 1432/1432/1432 1435/1435/1435
f 1432/1432/1432 1436/1436/1436 1435/1435/1435
f 1437/1437/1437 1434/1434/1434 1433/1433/1433
f 1434/1434/1434 1437/1437/1437 1438/1438/1438
f 1435/1435/1435 1436/1436/1436 1439/1439/1439
f 1436/1436/1436 1440/1440/1440 1439/1439/1439
f 1437/1437/1437 1441/1441/1441 1438/1438/1438
f 1438/1438/1438 1441/1441/1441 1442/1442/1442
f 1427/1427/1427 1431/1431/1431 1443/1443/1443
f 1431/1431/1431 1435/1435/1435 1444/1444/1444
f 1443/1443/1443 1431/1431/1431 1444/1444/1444
f 1445/1445/1445 1427/1427/1427 1443/1443/1443
f 1426/1426/1426 1427/1427/1427 1445/1445/1445
f 1446/1446/1446 1445/1445/1445 1443/1443/1443
f 1446/1446/1446 1426/1426/1426 1445/1445/1445
f 1443/1443/1443 1444/1444/1444 1446/1446/1446
f 1429/1429/1429 1426/1426/1426 1446/1446/1446
f 1447/1447/1447 1429/1429/1429 1446/1446/1446
f 1444/1444/1444 1447/1447/1447 1446/1446/1446
f 1433/1433/1433 1429/1429/1429 1447/1447/1447
f 1444/1444/1444 1435/1435/1435 1448/1448/1448
f 1444/1444/1444 1448/1448/1448 1447/1447/1447
f 1435/1435/1435 1439/1439/1439 1448/1448/1448
f 1449/1449/1449 1433/1433/1433 1447/1447/1447
f 1448/1448/1448 1449/1449/1449 1447/1447/1447
f 1437/1437/1437 1433/1433/1433 1449/1449/1449
f 1448/1448/1448 1439/1439/1439 1450/1450/1450
f 1448/1448/1448 1450/1450/1450 1449/1449/1449
f 1451/1451/1451 1437/1437/1437 1449/1449/1449
f 1450/1450/1450 1451/1451/1451 1449/1449/1449
f 1437/1437/1437 1451/1451/1451 1441/1441/1441
f 1439/1439/1439 1452/1452/1452 1450/1450/1450
f 1439/1439/1439 1440/1440/1440 1452/1452/1452
f 1450/1450/1450 1453/1453/1453 1451/1451/1451
f 1450/1450/1450 1452/1452/1452 1453/1453/1453
f 1451/1451/1451 1454/1454/1454 1441/1441/1441
f 1453/1453/1453 1454/1454/1454 1451/1451/1451
f 1440/1440/1440 1455/1455/1455 1452/1452/1452
f 1440/1440/1440 1456/1456/1456 1455/1455/1455
f 1456/1456/1456 1457/1457/1457 1455/1455/1455
f 1452/1452/1452 1458/1458/1458 1453/1453/1453
f 1452/1452/1452 1455/1455/1455 1458/1458/1458
f 1455/1455/1455 1457/1457/1457 1459/1459/1459
f 1455/1455/1455 1459/1459/1459 1458/1458/1458
f 1457/1457/1457 1460/1460/1460 1459/1459/1459
f 1453/1453/1453 1458/1458/1458 1461/1461/1461
f 1453/1453/1453 1461/1461/1461 1454/1454/1454
f 1441/1441/1441 1454/1454/1454 1462/1462/1462
f 1441/1441/1441 1462/1462/1462 1442/1442/1442
f 1458/1458/1458 1459/1459/1459 1463/1463/1463
f 1458/1458/1458 1463/1463/1463 1461/1461/1461
f 1459/1459/1459 1460/1460/1460 1464/1464/1464
f 1459/1459/1459 1464/1464/1464 1463/1463/1463
f 1460/1460/1460 1465/1465/1465 1464/1464/1464
f 1466/1466/1466 1454/1454/1454 1461/1461/1461
f 1454/1454/1454 1466/1466/1466 1462/1462/1462
f 1461/1461/1461 1463/1463/1463 1467/1467/1467
f 1461/1461/1461 1467/1467/1467 1466/1466/1466
f 1463/1463/1463 1464/1464/1464 1468/1468/1468
f 1463/1463/1463 1468/1468/1468 1467/1467/1467
f 1464/1464/1464 1465/1465/1465 1469/1469/1469
f 1464/1464/1464 1469/1469/1469 1468/1468/1468
f 1465/1465/1465 1470/1470/1470 1469/1469/1469
f 1469/1469/1469 1470/1470/1470 1471/1471/1471
f 1470/1470/1470 1472/1472/1472 1471/1471/1471
f 1468/1468/1468 1469/1469/1469 1473/1473/1473
f 1469/1469/1469 1471/1471/1471 1473/1473/1473
f 1467/1467/1467 1468/1468/1468 1474/1474/1474
f 1468/1468/1468 1473/1473/1473 1474/1474/1474
f 1467/1467/1467 1475/1475/1475 1466/1466/1466
f 1467/1467/1467 1474/1474/1474 1475/1475/1475
f 1476/1476/1476 1462/1462/1462 1466/1466/1466
f 1475/1475/1475 1476/1476/1476 1466/1466/1466
f 1471/1471/1471 1472/1472/1472 1477/1477/1477
f 1472/1472/1472 1478/1478/1478 1477/1477/1477
f 1473/1473/1473 1471/1471/1471 1479/1479/1479
f 1471/1471/1471 1477/1477/1477 1479/1479/1479
f 1474/1474/1474 1473/1473/1473 1480/1480/1480
f 1473/1473/1473 1479/1479/1479 1480/1480/1480
f 1474/1474/1474 1481/1481/1481 1475/1475/1475
f 1474/1474/1474 1480/1480/1480 1481/1481/1481
f 1477/1477/1477 1478/1478/1478 1482/1482/1482
f 1478/1478/1478 1483/1483/1483 1482/1482/1482
f 1479/1479/1479 1477/1477/1477 1484/1484/1484
f 1477/1477/1477 1482/1482/1482 1484/1484/1484
f 1480/1480/1480 1479/1479/1479 1485/1485/1485
f 1479/1479/1479 1484/1484/1484 1485/1485/1485
f 1482/1482/1482 1483/1483/1483 1486/1486/1486
f 1483/1483/1483 1487/1487/1487 1486/1486/1486
f 1484/1484/1484 1482/1482/1482 1488/1488/1488
f 1482/1482/1482 1486/1486/1486 1488/1488/1488
f 1489/1489/1489 1486/1486/1486 1487/1487/1487
f 1490/1490/1490 1489/1489/1489 1487/1487/1487
f 1481/1481/1481 1491/1491/1491 1475/1475/1475
f 1491/1491/1491 1476/1476/1476 1475/1475/1475
f 1480/1480/1480 1492/1492/1492 1481/1481/1481
f 1480/1480/1480 1485/1485/1485 1492/1492/1492
f 1485/1485/1485 1484/1484/1484 1493/1493/1493
f 1484/1484/1484 1488/1488/1488 1493/1493/1493
f 1485/1485/1485 1493/1493/1493 1494/1494/1494
f 1494/1494/1494 1493/1493/1493 1488/1488/1488
f 1485/1485/1485 1494/1494/1494 1492/1492/1492
f 1495/1495/1495 1488/1488/1488 1486/1486/1486
f 1495/1495/1495 1494/1494/1494 1488/1488/1488
f 1494/1494/1494 1495/1495/1495 1492/1492/1492
f 1489/1489/1489 1495/1495/1495 1486/1486/1486
f 1492/1492/1492 1496/1496/1496 1481/1481/1481
f 1495/1495/1495 1496/1496/1496 1492/1492/1492
f 1495/1495/1495 1489/1489/1489 1496/1496/1496
f 1496/1496/1496 1491/1491/1491 1481/1481/1481
f 1489/1489/1489 1490/1490/1490 1497/1497/1497
f 1489/1489/1489 1497/1497/1497 1496/1496/1496
f 1496/1496/1496 1497/1497/1497 1491/1491/1491
f 1490/1490/1490 1498/1498/1498 1497/1497/1497
f 1497/1497/1497 1499/1499/1499 1491/1491/1491
f 1497/1497/1497 1498/1498/1498 1499/1499/1499
f 1491/1491/1491 1499/1499/1499 1476/1476/1476
f 1498/1498/1498 1500/1500/1500 1499/1499/1499
f 1499/1499/1499 1501/1501/1501 1476/1476/1476
f 1499/1499/1499 1500/1500/1500 1501/1501/1501
f 1476/1476/1476 1501/1501/1501 1462/1462/1462
f 1500/1500/1500 1502/1502/1502 1501/1501/1501
f 1501/1501/1501 1442/1442/1442 1462/1462/1462
f 1501/1501/1501 1502/1502/1502 1442/1442/1442
f 1502/1502/1502 1503/1503/1503 1442/1442/1442
f 1506/1506/1506 1505/1505/1505 1504/1504/1504
f 1507/1507/1507 1506/1506/1506 1504/1504/1504
f 1507/1507/1507 1504/1504/1504 1508/1508/1508
f 1509/1509/1509 1507/1507/1507 1508/1508/1508
f 1509/1509/1509 1508/1508/1508 1510/1510/1510
f 1513/1513/1513 1512/1512/1512 1511/1511/1511
f 1514/1514/1514 1513/1513/1513 1511/1511/1511
f 1514/1514/1514 1511/1511/1511 1515/1515/1515
f 1516/1516/1516 1514/1514/1514 1515/1515/1515
f 1516/1516/1516 1515/1515/1515 1517/1517/1517
f 1518/1518/1518 1516/1516/1516 1517/1517/1517
f 1521/1521/1521 1520/1520/1520 1519/1519/1519
f 1522/1522/1522 1521/1521/1521 1519/1519/1519
f 1522/1522/1522 1519/1519/1519 1523/1523/1523
f 1524/1524/1524 1522/1522/1522 1523/1523/1523
f 1524/1524/1524 1523/1523/1523 1525/1525/1525
f 1526/1526/1526 1524/1524/1524 1525/1525/1525
f 1529/1529/1529 1528/1528/1528 1527/1527/1527
f 1528/1528/1528 1530/1530/1530 1527/1527/1527
f 1528/1528/1528 1531/1531/1531 1530/1530/1530
f 1531/1531/1531 1532/1532/1532 1530/1530/1530
f 1531/1531/1531 1533/1533/1533 1532/1532/1532
f 1533/1533/1533 1534/1534/1534 1532/1532/1532
f 1537/1537/1537 1536/1536/1536 1535/1535/1535
f 1536/1536/1536 1538/1538/1538 1535/1535/1535
f 1536/1536/1536 1539/1539/1539 1538/1538/1538
f 1539/1539/1539 1540/1540/1540 1538/1538/1538
f 1543/1543/1543 1542/1542/1542 1541/1541/1541
f 1542/1542/1542 1544/1544/1544 1541/1541/1541
f 1542/1542/1542 1545/1545/1545 1544/1544/1544
f 1545/1545/1545 1546/1546/1546 1544/1544/1544
f 1545/1545/1545 1547/1547/1547 1546/1546/1546
f 1550/1550/1550 1549/1549/1549 1548/1548/1548
f 1549/1549/1549 1551/1551/1551 1548/1548/1548
f 1549/1549/1549 1552/1552/1552 1551/1551/1551
f 1552/1552/1552 1553/1553/1553 1551/1551/1551
f 1556/1556/1556 1555/1555/1555 1554/1554/1554
f 1555/1555/1555 1557/1557/1557 1554/1554/1554
f 1555/1555/1555 1558/1558/1558 1557/1557/1557
f 1558/1558/1558 1559/1559/1559 1557/1557/1557
f 1562/1562/1562 1561/1561/1561 1560/1560/1560
f 1563/1563/1563 1562/1562/1562 1560/1560/1560
f 1564/1564/1564 1562/1562/1562 1563/1563/1563
f 1565/1565/1565 1563/1563/1563 1560/1560/1560
f 1566/1566/1566 1565/1565/1565 1560/1560/1560
f 1565/1565/1565 1567/1567/1567 1563/1563/1563
f 1568/1568/1568 1564/1564/1564 1563/1563/1563
f 1567/1567/1567 1568/1568/1568 1563/1563/1563
f 1569/1569/1569 1564/1564/1564 1568/1568/1568
f 1567/1567/1567 1570/1570/1570 1568/1568/1568
f 1571/1571/1571 1569/1569/1569 1568/1568/1568
f 1570/1570/1570 1571/1571/1571 1568/1568/1568
f 1572/1572/1572 1569/1569/1569 1571/1571/1571
f 1570/1570/1570 1573/1573/1573 1571/1571/1571
f 1574/1574/1574 1572/1572/1572 1571/1571/1571
f 1573/1573/1573 1574/1574/1574 1571/1571/1571
f 1575/1575/1575 1572/1572/1572 1574/1574/1574
f 1573/1573/1573 1576/1576/1576 1574/1574/1574
f 1577/1577/1577 1575/1575/1575 1574/1574/1574
f 1576/1576/1576 1577/1577/1577 1574/1574/1574
f 1578/1578/1578 1575/1575/1575 1577/1577/1577
f 1576/1576/1576 1579/1579/1579 1577/1577/1577
f 1580/1580/1580 1578/1578/1578 1577/1577/1577
f 1579/1579/1579 1580/1580/1580 1577/1577/1577
f 1581/1581/1581 1578/1578/1578 1580/1580/1580
f 1579/1579/1579 1582/1582/1582 1580/1580/1580
f 1583/1583/1583 1581/1581/1581 1580/1580/1580
f 1582/1582/1582 1583/1583/1583 1580/1580/1580
f 1584/1584/1584 1581/1581/1581 1583/1583/1583
f 1585/1585/1585 1583/1583/1583 1582/1582/1582
f 1585/1585/1585 1584/1584/1584 1583/1583/1583
f 1586/1586/1586 1584/1584/1584 1585/1585/1585
f 1587/1587/1587 1586/1586/1586 1585/1585/1585
f 1588/1588/1588 1585/1585/1585 1582/1582/1582
f 1589/1589/1589 1585/1585/1585 1588/1588/1588
f 1590/1590/1590 1589/1589/1589 1588/1588/1588
f 1593/1593/1593 1592/1592/1592 1591/1591/1591
f 1594/1594/1594 1593/1593/1593 1591/1591/1591
f 1594/1594/1594 1591/1591/1591 1595/1595/1595
f 1596/1596/1596 1593/1593/1593 1594/1594/1594
f 1597/1597/1597 1594/1594/1594 1595/1595/1595
f 1598/1598/1598 1596/1596/1596 1594/1594/1594
f 1598/1598/1598 1594/1594/1594 1597/1597/1597
f 1599/1599/1599 1596/1596/1596 1598/1598/1598
f 1600/1600/1600 1598/1598/1598 1597/1597/1597
f 1601/1601/1601 1599/1599/1599 1598/1598/1598
f 1601/1601/1601 1598/1598/1598 1600/1600/1600
f 1602/1602/1602 1599/1599/1599 1601/1601/1601
f 1603/1603/1603 1601/1601/1601 1600/1600/1600
f 1604/1604/1604 1602/1602/1602 1601/1601/1601
f 1604/1604/1604 1601/1601/1601 1603/1603/1603
f 1605/1605/1605 1604/1604/1604 1603/1603/1603
f 1608/1608/1608 1607/1607/1607 1606/1606/1606
f 1606/1606/1606 1609/1609/1609 1608/1608/1608
f 1606/1606/1606 1610/1610/1610 1609/1609/1609
f 1610/1610/1610 1611/1611/1611 1609/1609/1609
f 1612/1612/1612 1611/1611/1611 1610/1610/1610
f 1610/1610/1610 1613/1613/1613 1612/1612/1612
f 1613/1613/1613 1614/1614/1614 1612/1612/1612
f 1613/1613/1613 1615/1615/1615 1614/1614/1614
f 1618/1618/1618 1617/1617/1617 1616/1616/1616
f 1619/1619/1619 1618/1618/1618 1616/1616/1616
f 1619/1619/1619 1616/1616/1616 1620/1620/1620
f 1618/1618/1618 1619/1619/1619 1621/1621/1621
f 1622/1622/1622 1619/1619/1619 1620/1620/1620
f 1619/1619/1619 1623/1623/1623 1621/1621/1621
f 1619/1619/1619 1622/1622/1622 1623/1623/1623
f 1621/1621/1621 1623/1623/1623 1624/1624/1624
f 1622/1622/1622 1625/1625/1625 1623/1623/1623
f 1623/1623/1623 1626/1626/1626 1624/1624/1624
f 1623/1623/1623 1625/1625/1625 1626/1626/1626
f 1624/1624/1624 1626/1626/1626 1627/1627/1627
f 1625/1625/1625 1628/1628/1628 1626/1626/1626
f 1626/1626/1626 1629/1629/1629 1627/1627/1627
f 1626/1626/1626 1628/1628/1628 1629/1629/1629
f 1627/1627/1627 1629/1629/1629 1630/1630/1630
f 1628/1628/1628 1631/1631/1631 1629/1629/1629
f 1629/1629/1629 1632/1632/1632 1630/1630/1630
f 1629/1629/1629 1631/1631/1631 1632/1632/1632
f 1631/1631/1631 1633/1633/1633 1632/1632/1632
f 1636/1636/1636 1635/1635/1635 1634/1634/1634
f 1635/1635/1635 1637/1637/1637 1634/1634/1634
f 1635/1635/1635 1638/1638/1638 1637/1637/1637
f 1639/1639/1639 1634/1634/1634 1637/1637/1637
f 1634/1634/1634 1639/1639/1639 1640/1640/1640
f 1639/1639/1639 1641/1641/1641 1640/1640/1640
f 1639/1639/1639 1642/1642/1642 1641/1641/1641
f 1642/1642/1642 1643/1643/1643 1641/1641/1641
f 1644/1644/1644 1639/1639/1639 1637/1637/1637
f 1642/1642/1642 1639/1639/1639 1644/1644/1644
f 1638/1638/1638 1645/1645/1645 1637/1637/1637
f 1644/1644/1644 1637/1637/1637 1645/1645/1645
f 1642/1642/1642 1646/1646/1646 1643/1643/1643
f 1646/1646/1646 1647/1647/1647 1643/1643/1643
f 1645/1645/1645 1638/1638/1638 1648/1648/1648
f 1638/1638/1638 1649/1649/1649 1648/1648/1648
f 1645/1645/1645 1648/1648/1648 1650/1650/1650
f 1651/1651/1651 1645/1645/1645 1650/1650/1650
f 1651/1651/1651 1644/1644/1644 1645/1645/1645
f 1651/1651/1651 1650/1650/1650 1652/1652/1652
f 1653/1653/1653 1642/1642/1642 1644/1644/1644
f 1653/1653/1653 1644/1644/1644 1651/1651/1651
f 1646/1646/1646 1642/1642/1642 1653/1653/1653
f 1654/1654/1654 1651/1651/1651 1652/1652/1652
f 1654/1654/1654 1653/1653/1653 1651/1651/1651
f 1654/1654/1654 1652/1652/1652 1655/1655/1655
f 1646/1646/1646 1656/1656/1656 1647/1647/1647
f 1656/1656/1656 1657/1657/1657 1647/1647/1647
f 1658/1658/1658 1646/1646/1646 1653/1653/1653
f 1658/1658/1658 1653/1653/1653 1654/1654/1654
f 1656/1656/1656 1646/1646/1646 1658/1658/1658
f 1659/1659/1659 1654/1654/1654 1655/1655/1655
f 1659/1659/1659 1658/1658/1658 1654/1654/1654
f 1659/1659/1659 1655/1655/1655 1660/1660/1660
f 1656/1656/1656 1661/1661/1661 1657/1657/1657
f 1661/1661/1661 1662/1662/1662 1657/1657/1657
f 1663/1663/1663 1656/1656/1656 1658/1658/1658
f 1656/1656/1656 1663/1663/1663 1661/1661/1661
f 1663/1663/1663 1658/1658/1658 1659/1659/1659
f 1663/1663/1663 1664/1664/1664 1661/1661/1661
f 1665/1665/1665 1659/1659/1659 1660/1660/1660
f 1665/1665/1665 1663/1663/1663 1659/1659/1659
f 1663/1663/1663 1665/1665/1665 1664/1664/1664
f 1665/1665/1665 1660/1660/1660 1666/1666/1666
f 1665/1665/1665 1667/1667/1667 1664/1664/1664
f 1667/1667/1667 1665/1665/1665 1666/1666/1666
f 1670/1670/1670 1669/1669/1669 1668/1668/1668
f 1669/1669/1669 1671/1671/1671 1668/1668/1668
f 1669/1669/1669 1672/1672/1672 1671/1671/1671
f 1672/1672/1672 1673/1673/1673 1671/1671/1671
f 1672/1672/1672 1674/1674/1674 1673/1673/1673
f 1674/1674/1674 1675/1675/1675 1673/1673/1673
f 1674/1674/1674 1676/1676/1676 1675/1675/1675
f 1676/1676/1676 1677/1677/1677 1675/1675/1675
f 1676/1676/1676 1678/1678/1678 1677/1677/1677
f 1678/1678/1678 1679/1679/1679 1677/1677/1677
f 1677/1677/1677 1679/1679/1679 1680/1680/1680
f 1681/1681/1681 1677/1677/1677 1680/1680/1680
f 1677/1677/1677 1681/1681/1681 1675/1675/1675
f 1681/1681/1681 1682/1682/1682 1675/1675/1675
f 1675/1675/1675 1682/1682/1682 1673/1673/1673
f 1682/1682/1682 1683/1683/1683 1673/1673/1673
f 1673/1673/1673 1683/1683/1683 1671/1671/1671
f 1683/1683/1683 1684/1684/1684 1671/1671/1671
f 1671/1671/1671 1684/1684/1684 1668/1668/1668
f 1684/1684/1684 1685/1685/1685 1668/1668/1668
f 1686/1686/1686 1668/1668/1668 1685/1685/1685
f 1687/1687/1687 1686/1686/1686 1685/1685/1685
f 1688/1688/1688 1686/1686/1686 1687/1687/1687
f 1689/1689/1689 1688/1688/1688 1687/1687/1687
f 1690/1690/1690 1688/1688/1688 1689/1689/1689
f 1691/1691/1691 1690/1690/1690 1689/1689/1689
f 1692/1692/1692 1690/1690/1690 1691/1691/1691
f 1693/1693/1693 1692/1692/1692 1691/1691/1691
f 1696/1696/1696 1695/1695/1695 1694/1694/1694
f 1697/1697/1697 1696/1696/1696 1694/1694/1694
f 1697/1697/1697 1694/1694/1694 1698/1698/1698
f 1699/1699/1699 1697/1697/1697 1698/1698/1698
f 1700/1700/1700 1699/1699/1699 1698/1698/1698
f 1701/1701/1701 1700/1700/1700 1698/1698/1698
f 1702/1702/1702 1700/1700/1700 1701/1701/1701
f 1703/1703/1703 1702/1702/1702 1701/1701/1701
f 1706/1706/1706 1705/1705/1705 1704/1704/1704
f 1705/1705/1705 1707/1707/1707 1704/1704/1704
f 1707/1707/1707 1708/1708/1708 1704/1704/1704
f 1705/1705/1705 1709/1709/1709 1707/1707/1707
f 1707/1707/1707 1710/1710/1710 1708/1708/1708
f 1709/1709/1709 1710/1710/1710 1707/1707/1707
f 1709/1709/1709 1711/1711/1711 1710/1710/1710
f 1711/1711/1711 1712/1712/1712 1710/1710/1710
f 1710/1710/1710 1712/1712/1712 1713/1713/1713
f 1711/1711/1711 1714/1714/1714 1712/1712/1712
f 1712/1712/1712 1715/1715/1715 1713/1713/1713
f 1714/1714/1714 1716/1716/1716 1712/1712/1712
f 1715/1715/1715 1712/1712/1712 1717/1717/1717
f 1712/1712/1712 1716/1716/1716 1717/1717/1717
f 1720/1720/1720 1719/1719/1719 1718/1718/1718
f 1718/1718/1718 1721/1721/1721 1720/1720/1720
f 1721/1721/1721 1722/1722/1722 1720/1720/1720
f 1721/1721/1721 1723/1723/1723 1722/1722/1722
f 1723/1723/1723 1724/1724/1724 1722/1722/1722
f 1724/1724/1724 1725/1725/1725 1722/1722/1722
f 1724/1724/1724 1726/1726/1726 1725/1725/1725
f 1726/1726/1726 1727/1727/1727 1725/1725/1725
f 1730/1730/1730 1729/1729/1729 1728/1728/1728
f 1729/1729/1729 1731/1731/1731 1728/1728/1728
f 1729/1729/1729 1732/1732/1732 1731/1731/1731
f 1732/1732/1732 1733/1733/1733 1731/1731/1731
f 1732/1732/1732 1734/1734/1734 1733/1733/1733
f 1734/1734/1734 1735/1735/1735 1733/1733/1733
f 1734/1734/1734 1736/1736/1736 1735/1735/1735
f 1736/1736/1736 1737/1737/1737 1735/1735/1735
f 1740/1740/1740 1739/1739/1739 1738/1738/1738
f 1741/1741/1741 1740/1740/1740 1738/1738/1738
f 1742/1742/1742 1740/1740/1740 1741/1741/1741
f 1743/1743/1743 1742/1742/1742 1741/1741/1741
f 1744/1744/1744 1742/1742/1742 1743/1743/1743
f 1745/1745/1745 1744/1744/1744 1743/1743/1743
f 1746/1746/1746 1744/1744/1744 1745/1745/1745
f 1747/1747/1747 1746/1746/1746 1745/1745/1745
f 1750/1750/1750 1749/1749/1749 1748/1748/1748
f 1751/1751/1751 1750/1750/1750 1748/1748/1748
f 1752/1752/1752 1750/1750/1750 1751/1751/1751
f 1753/1753/1753 1752/1752/1752 1751/1751/1751
f 1754/1754/1754 1752/1752/1752 1753/1753/1753
f 1755/1755/1755 1754/1754/1754 1753/1753/1753
f 1756/1756/1756 1754/1754/1754 1755/1755/1755
f 1757/1757/1757 1756/1756/1756 1755/1755/1755
f 1758/1758/1758 1756/1756/1756 1757/1757/1757
f 1761/1761/1761 1760/1760/1760 1759/1759/1759
f 1759/1759/1759 1760/1760/1760 1762/1762/1762
f 1760/1760/1760 1763/1763/1763 1762/1762/1762
f 1762/1762/1762 1763/1763/1763 1764/1764/1764
f 1763/1763/1763 1765/1765/1765 1764/1764/1764
f 1764/1764/1764 1765/1765/1765 1766/1766/1766
f 1765/1765/1765 1767/1767/1767 1766/1766/1766
f 1766/1766/1766 1767/1767/1767 1768/1768/1768
f 1767/1767/1767 1769/1769/1769 1768/1768/1768
f 1772/1772/1772 1771/1771/1771 1770/1770/1770
f 1773/1773/1773 1771/1771/1771 1772/1772/1772
f 1774/1774/1774 1773/1773/1773 1772/1772/1772
f 1777/1777/1777 1776/1776/1776 1775/1775/1775
f 1778/1778/1778 1777/1777/1777 1775/1775/1775
f 1779/1779/1779 1777/1777/1777 1778/1778/1778
f 1780/1780/1780 1779/1779/1779 1778/1778/1778
f 1781/1781/1781 1779/1779/1779 1780/1780/1780
f 1782/1782/1782 1781/1781/1781 1780/1780/1780
f 1785/1785/1785 1784/1784/1784 1783/1783/1783
f 1786/1786/1786 1785/1785/1785 1783/1783/1783
f 1787/1787/1787 1785/1785/1785 1786/1786/1786
f 1788/1788/1788 1787/1787/1787 1786/1786/1786
f 1791/1791/1791 1790/1790/1790 1789/1789/1789
f 1792/1792/1792 1791/1791/1791 1789/1789/1789
f 1795/1795/1795 1794/1794/1794 1793/1793/1793
f 1794/1794/1794 1796/1796/1796 1793/1793/1793
f 1793/1793/1793 1796/1796/1796 1797/1797/1797
f 1796/1796/1796 1798/1798/1798 1797/1797/1797
f 1797/1797/1797 1798/1798/1798 1799/1799/1799
f 1798/1798/1798 1800/1800/1800 1799/1799/1799
f 1799/1799/1799 1800/1800/1800 1801/1801/1801
f 1800/1800/1800 1802/1802/1802 1801/1801/1801
f 1805/1805/1805 1804/1804/1804 1803/1803/1803
f 1806/1806/1806 1805/1805/1805 1803/1803/1803
f 1807/1807/1807 1805/1805/1805 1806/1806/1806
f 1808/1808/1808 1807/1807/1807 1806/1806/1806
f 1805/1805/1805 1807/1807/1807 1809/1809/1809
f 1810/1810/1810 1805/1805/1805 1809/1809/1809
f 1811/1811/1811 1807/1807/1807 1808/1808/1808
f 1812/1812/1812 1811/1811/1811 1808/1808/1808
f 1809/1809/1809 1807/1807/1807 1813/1813/1813
f 1807/1807/1807 1811/1811/1811 1813/1813/1813
f 1809/1809/1809 1813/1813/1813 1814/1814/1814
f 1813/1813/1813 1815/1815/1815 1814/1814/1814
f 1813/1813/1813 1816/1816/1816 1815/1815/1815
f 1813/1813/1813 1811/1811/1811 1816/1816/1816
f 1816/1816/1816 1817/1817/1817 1815/1815/1815
f 1811/1811/1811 1818/1818/1818 1816/1816/1816
f 1818/1818/1818 1811/1811/1811 1812/1812/1812
f 1819/1819/1819 1818/1818/1818 1812/1812/1812
f 1822/1822/1822 1821/1821/1821 1820/1820/1820
f 1821/1821/1821 1823/1823/1823 1820/1820/1820
f 1820/1820/1820 1823/1823/1823 1824/1824/1824
f 1823/1823/1823 1825/1825/1825 1824/1824/1824
f 1825/1825/1825 1823/1823/1823 1826/1826/1826
f 1827/1827/1827 1825/1825/1825 1826/1826/1826
f 1827/1827/1827 1826/1826/1826 1828/1828/1828
f 1826/1826/1826 1829/1829/1829 1828/1828/1828
f 1832/1832/1832 1831/1831/1831 1830/1830/1830
f 1831/1831/1831 1833/1833/1833 1830/1830/1830
f 1833/1833/1833 1831/1831/1831 1834/1834/1834
f 1835/1835/1835 1833/1833/1833 1834/1834/1834
f 1835/1835/1835 1834/1834/1834 1836/1836/1836
f 1834/1834/1834 1837/1837/1837 1836/1836/1836
f 1834/1834/1834 1831/1831/1831 1838/1838/1838
f 1834/1834/1834 1838/1838/1838 1837/1837/1837
f 1831/1831/1831 1839/1839/1839 1838/1838/1838
f 1838/1838/1838 1840/1840/1840 1837/1837/1837
f 1843/1843/1843 1842/1842/1842 1841/1841/1841
f 1842/1842/1842 1844/1844/1844 1841/1841/1841
f 1841/1841/1841 1844/1844/1844 1845/1845/1845
f 1844/1844/1844 1842/1842/1842 1846/1846/1846
f 1844/1844/1844 1847/1847/1847 1845/1845/1845
f 1845/1845/1845 1847/1847/1847 1848/1848/1848
f 1849/1849/1849 1844/1844/1844 1846/1846/1846
f 1847/1847/1847 1844/1844/1844 1849/1849/1849
f 1847/1847/1847 1850/1850/1850 1848/1848/1848
f 1848/1848/1848 1850/1850/1850 1851/1851/1851
f 1850/1850/1850 1852/1852/1852 1851/1851/1851
f 1849/1849/1849 1846/1846/1846 1853/1853/1853
f 1846/1846/1846 1854/1854/1854 1853/1853/1853
f 1849/1849/1849 1853/1853/1853 1855/1855/1855
f 1856/1856/1856 1847/1847/1847 1849/1849/1849
f 1856/1856/1856 1849/1849/1849 1855/1855/1855
f 1850/1850/1850 1847/1847/1847 1856/1856/1856
f 1856/1856/1856 1855/1855/1855 1857/1857/1857
f 1858/1858/1858 1856/1856/1856 1857/1857/1857
f 1858/1858/1858 1850/1850/1850 1856/1856/1856
f 1852/1852/1852 1850/1850/1850 1858/1858/1858
f 1859/1859/1859 1852/1852/1852 1858/1858/1858
f 1862/1862/1862 1861/1861/1861 1860/1860/1860
f 1861/1861/1861 1863/1863/1863 1860/1860/1860
f 1863/1863/1863 1861/1861/1861 1864/1864/1864
f 1865/1865/1865 1863/1863/1863 1864/1864/1864
f 1865/1865/1865 1864/1864/1864 1866/1866/1866
f 1864/1864/1864 1867/1867/1867 1866/1866/1866
f 1864/1864/1864 1861/1861/1861 1868/1868/1868
f 1861/1861/1861 1869/1869/1869 1868/1868/1868
f 1872/1872/1872 1871/1871/1871 1870/1870/1870
f 1871/1871/1871 1873/1873/1873 1870/1870/1870
f 1870/1870/1870 1873/1873/1873 1874/1874/1874
f 1873/1873/1873 1871/1871/1871 1875/1875/1875
f 1873/1873/1873 1876/1876/1876 1874/1874/1874
f 1874/1874/1874 1876/1876/1876 1877/1877/1877
f 1876/1876/1876 1878/1878/1878 1877/1877/1877
f 1879/1879/1879 1873/1873/1873 1875/1875/1875
f 1876/1876/1876 1873/1873/1873 1879/1879/1879
f 1878/1878/1878 1876/1876/1876 1880/1880/1880
f 1880/1880/1880 1876/1876/1876 1879/1879/1879
f 1879/1879/1879 1875/1875/1875 1881/1881/1881
f 1875/1875/1875 1882/1882/1882 1881/1881/1881
f 1879/1879/1879 1881/1881/1881 1883/1883/1883
f 1880/1880/1880 1879/1879/1879 1883/1883/1883
f 1880/1880/1880 1883/1883/1883 1884/1884/1884
f 1885/1885/1885 1878/1878/1878 1880/1880/1880
f 1885/1885/1885 1880/1880/1880 1884/1884/1884
f 1886/1886/1886 1878/1878/1878 1885/1885/1885
f 1885/1885/1885 1884/1884/1884 1887/1887/1887
f 1888/1888/1888 1886/1886/1886 1885/1885/1885
f 1888/1888/1888 1885/1885/1885 1887/1887/1887
f 1891/1891/1891 1890/1890/1890 1889/1889/1889
f 1892/1892/1892 1891/1891/1891 1889/1889/1889
f 1892/1892/1892 1889/1889/1889 1893/1893/1893
f 1894/1894/1894 1892/1892/1892 1893/1893/1893
f 1897/1897/1897 1896/1896/1896 1895/1895/1895
f 1896/1896/1896 1898/1898/1898 1895/1895/1895
f 1896/1896/1896 1899/1899/1899 1898/1898/1898
f 1899/1899/1899 1900/1900/1900 1898/1898/1898
f 1899/1899/1899 1901/1901/1901 1900/1900/1900
f 1901/1901/1901 1902/1902/1902 1900/1900/1900
f 1901/1901/1901 1903/1903/1903 1902/1902/1902
f 1903/1903/1903 1904/1904/1904 1902/1902/1902
f 1907/1907/1907 1906/1906/1906 1905/1905/1905
f 1906/1906/1906 1908/1908/1908 1905/1905/1905
f 1906/1906/1906 1909/1909/1909 1908/1908/1908
f 1909/1909/1909 1910/1910/1910 1908/1908/1908
f 1909/1909/1909 1911/1911/1911 1910/1910/1910
f 1911/1911/1911 1912/1912/1912 1910/1910/1910
f 1911/1911/1911 1913/1913/1913 1912/1912/1912
f 1913/1913/1913 1914/1914/1914 1912/1912/1912
f 1913/1913/1913 1915/1915/1915 1914/1914/1914
f 1915/1915/1915 1916/1916/1916 1914/1914/1914
f 1919/1919/1919 1918/1918/1918 1917/1917/1917
f 1920/1920/1920 1919/1919/1919 1917/1917/1917
f 1923/1923/1923 1922/1922/1922 1921/1921/1921
f 1922/1922/1922 1924/1924/1924 1921/1921/1921
f 1922/1922/1922 1925/1925/1925 1924/1924/1924
f 1925/1925/1925 1926/1926/1926 1924/1924/1924
f 1925/1925/1925 1927/1927/1927 1926/1926/1926
f 1927/1927/1927 1928/1928/1928 1926/1926/1926
f 1927/1927/1927 1929/1929/1929 1928/1928/1928
f 1929/1929/1929 1930/1930/1930 1928/1928/1928
f 1929/1929/1929 1931/1931/1931 1930/1930/1930
f 1931/1931/1931 1932/1932/1932 1930/1930/1930
f 1935/1935/1935 1934/1934/1934 1933/1933/1933
f 1936/1936/1936 1935/1935/1935 1933/1933/1933
f 1939/1939/1939 1938/1938/1938 1937/1937/1937
f 1940/1940/1940 1939/1939/1939 1937/1937/1937
f 1943/1943/1943 1942/1942/1942 1941/1941/1941
f 1944/1944/1944 1943/1943/1943 1941/1941/1941
f 1947/1947/1947 1946/1946/1946 1945/1945/1945
f 1948/1948/1948 1947/1947/1947 1945/1945/1945
f 1951/1951/1951 1950/1950/1950 1949/1949/1949
f 1951/1951/1951 1952/1952/1952 1950/1950/1950
f 1951/1951/1951 1953/1953/1953 1952/1952/1952
f 1953/1953/1953 1954/1954/1954 1952/1952/1952
f 1952/1952/1952 1955/1955/1955 1950/1950/1950
f 1952/1952/1952 1956/1956/1956 1955/1955/1955
f 1956/1956/1956 1957/1957/1957 1955/1955/1955
f 1960/1960/1960 1959/1959/1959 1958/1958/1958
f 1959/1959/1959 1961/1961/1961 1958/1958/1958
f 1959/1959/1959 1962/1962/1962 1961/1961/1961
f 1959/1959/1959 1963/1963/1963 1962/1962/1962
f 1962/1962/1962 1964/1964/1964 1961/1961/1961
f 1963/1963/1963 1965/1965/1965 1962/1962/1962
f 1962/1962/1962 1966/1966/1966 1964/1964/1964
f 1962/1962/1962 1965/1965/1965 1966/1966/1966
f 1966/1966/1966 1967/1967/1967 1964/1964/1964
f 1965/1965/1965 1968/1968/1968 1966/1966/1966
f 1966/1966/1966 1969/1969/1969 1967/1967/1967
f 1966/1966/1966 1968/1968/1968 1969/1969/1969
f 1968/1968/1968 1970/1970/1970 1969/1969/1969
f 1973/1973/1973 1972/1972/1972 1971/1971/1971
f 1974/1974/1974 1973/1973/1973 1971/1971/1971
f 1975/1975/1975 1973/1973/1973 1974/1974/1974
f 1976/1976/1976 1974/1974/1974 1971/1971/1971
f 1977/1977/1977 1976/1976/1976 1971/1971/1971
f 1976/1976/1976 1978/1978/1978 1974/1974/1974
f 1979/1979/1979 1975/1975/1975 1974/1974/1974
f 1978/1978/1978 1979/1979/1979 1974/1974/1974
f 1980/1980/1980 1975/1975/1975 1979/1979/1979
f 1978/1978/1978 1981/1981/1981 1979/1979/1979
f 1982/1982/1982 1980/1980/1980 1979/1979/1979
f 1981/1981/1981 1982/1982/1982 1979/1979/1979
f 1983/1983/1983 1980/1980/1980 1982/1982/1982
f 1981/1981/1981 1984/1984/1984 1982/1982/1982
f 1985/1985/1985 1983/1983/1983 1982/1982/1982
f 1984/1984/1984 1985/1985/1985 1982/1982/1982
f 1986/1986/1986 1983/1983/1983 1985/1985/1985
f 1984/1984/1984 1987/1987/1987 1985/1985/1985
f 1988/1988/1988 1986/1986/1986 1985/1985/1985
f 1987/1987/1987 1988/1988/1988 1985/1985/1985
f 1989/1989/1989 1986/1986/1986 1988/1988/1988
f 1987/1987/1987 1990/1990/1990 1988/1988/1988
f 1991/1991/1991 1989/1989/1989 1988/1988/1988
f 1990/1990/1990 1991/1991/1991 1988/1988/1988
f 1992/1992/1992 1989/1989/1989 1991/1991/1991
f 1990/1990/1990 1993/1993/1993 1991/1991/1991
f 1994/1994/1994 1992/1992/1992 1991/1991/1991
f 1993/1993/1993 1994/1994/1994 1991/1991/1991
f 1995/1995/1995 1992/1992/1992 1994/1994/1994
f 1996/1996/1996 1994/1994/1994 1993/1993/1993
f 1996/1996/1996 1995/1995/1995 1994/1994/1994
f 1997/1997/1997 1995/1995/1995 1996/1996/1996
f 1998/1998/1998 1997/1997/1997 1996/1996/1996
f 1999/1999/1999 1996/1996/1996 1993/1993/1993
f 2000/2000/2000 1996/1996/1996 1999/1999/1999
f 2001/2001/2001 2000/2000/2000 1999/1999/1999
f 2004/2004/2004 2003/2003/2003 2002/2002/2002
f 2005/2005/2005 2004/2004/2004 2002/2002/2002
f 2005/2005/2005 2002/2002/2002 2006/2006/2006
f 2007/2007/2007 2004/2004/2004 2005/2005/2005
f 2008/2008/2008 2005/2005/2005 2006/2006/2006
f 2009/2009/2009 2007/2007/2007 2005/2005/2005
f 2009/2009/2009 2005/2005/2005 2008/2008/2008
f 2010/2010/2010 2007/2007/2007 2009/2009/2009
f 2011/2011/2011 2009/2009/2009 2008/2008/2008
f 2012/2012/2012 2010/2010/2010 2009/2009/2009
f 2012/2012/2012 2009/2009/2009 2011/2011/2011
f 2013/2013/2013 2010/2010/2010 2012/2012/2012
f 2014/2014/2014 2012/2012/2012 2011/2011/2011
f 2015/2015/2015 2013/2013/2013 2012/2012/2012
f 2015/2015/2015 2012/2012/2012 2014/2014/2014
f 2016/2016/2016 2015/2015/2015 2014/2014/2014
f 2019/2019/2019 2018/2018/2018 2017/2017/2017
f 2019/2019/2019 2017/2017/2017 2020/2020/2020
f 2019/2019/2019 2020/2020/2020 2021/2021/2021
f 2021/2021/2021 2022/2022/2022 2019/2019/2019
f 2019/2019/2019 2022/2022/2022 2023/2023/2023
f 2023/2023/2023 2024/2024/2024 2019/2019/2019
f 2024/2024/2024 2025/2025/2025 2019/2019/2019
f 2025/2025/2025 2026/2026/2026 2019/2019/2019
f 2029/2029/2029 2028/2028/2028 2027/2027/2027
f 2030/2030/2030 2029/2029/2029 2027/2027/2027
f 2030/2030/2030 2027/2027/2027 2031/2031/2031
f 2029/2029/2029 2030/2030/2030 2032/2032/2032
f 2033/2033/2033 2030/2030/2030 2031/2031/2031
f 2030/2030/2030 2034/2034/2034 2032/2032/2032
f 2030/2030/2030 2033/2033/2033 2034/2034/2034
f 2032/2032/2032 2034/2034/2034 2035/2035/2035
f 2033/2033/2033 2036/2036/2036 2034/2034/2034
f 2034/2034/2034 2037/2037/2037 2035/2035/2035
f 2034/2034/2034 2036/2036/2036 2037/2037/2037
f 2035/2035/2035 2037/2037/2037 2038/2038/2038
f 2036/2036/2036 2039/2039/2039 2037/2037/2037
f 2037/2037/2037 2040/2040/2040 2038/2038/2038
f 2037/2037/2037 2039/2039/2039 2040/2040/2040
f 2038/2038/2038 2040/2040/2040 2041/2041/2041
f 2039/2039/2039 2042/2042/2042 2040/2040/2040
f 2040/2040/2040 2043/2043/2043 2041/2041/2041
f 2040/2040/2040 2042/2042/2042 2043/2043/2043
f 2042/2042/2042 2044/2044/2044 2043/2043/2043
f 2047/2047/2047 2046/2046/2046 2045/2045/2045
f 2048/2048/2048 2047/2047/2047 2045/2045/2045
f 2049/2049/2049 2048/2048/2048 2045/2045/2045
f 2048/2048/2048 2050/2050/2050 2047/2047/2047
f 2050/2050/2050 2051/2051/2051 2047/2047/2047
f 2050/2050/2050 2052/2052/2052 2051/2051/2051
f 2052/2052/2052 2053/2053/2053 2051/2051/2051
f 2053/2053/2053 2052/2052/2052 2054/2054/2054
f 2057/2057/2057 2056/2056/2056 2055/2055/2055
f 2057/2057/2057 2055/2055/2055 2058/2058/2058
f 2059/2059/2059 2057/2057/2057 2058/2058/2058
f 2060/2060/2060 2059/2059/2059 2058/2058/2058
f 2061/2061/2061 2060/2060/2060 2058/2058/2058
f 2064/2064/2064 2063/2063/2063 2062/2062/2062
f 2065/2065/2065 2064/2064/2064 2062/2062/2062
f 2065/2065/2065 2062/2062/2062 2066/2066/2066
f 2065/2065/2065 2067/2067/2067 2064/2064/2064
f 2067/2067/2067 2068/2068/2068 2064/2064/2064
f 2069/2069/2069 2065/2065/2065 2066/2066/2066
f 2069/2069/2069 2066/2066/2066 2070/2070/2070
f 2067/2067/2067 2071/2071/2071 2068/2068/2068
f 2071/2071/2071 2072/2072/2072 2068/2068/2068
f 2071/2071/2071 2067/2067/2067 2073/2073/2073
f 2067/2067/2067 2065/2065/2065 2074/2074/2074
f 2067/2067/2067 2074/2074/2074 2073/2073/2073
f 2065/2065/2065 2069/2069/2069 2074/2074/2074
f 2073/2073/2073 2074/2074/2074 2075/2075/2075
f 2074/2074/2074 2076/2076/2076 2075/2075/2075
f 2074/2074/2074 2069/2069/2069 2076/2076/2076
f 2075/2075/2075 2076/2076/2076 2077/2077/2077
f 2078/2078/2078 2069/2069/2069 2070/2070/2070
f 2069/2069/2069 2078/2078/2078 2076/2076/2076
f 2078/2078/2078 2070/2070/2070 2079/2079/2079
f 2076/2076/2076 2080/2080/2080 2077/2077/2077
f 2076/2076/2076 2078/2078/2078 2080/2080/2080
f 2077/2077/2077 2080/2080/2080 2081/2081/2081
f 2082/2082/2082 2078/2078/2078 2079/2079/2079
f 2078/2078/2078 2082/2082/2082 2080/2080/2080
f 2082/2082/2082 2079/2079/2079 2083/2083/2083
f 2080/2080/2080 2084/2084/2084 2081/2081/2081
f 2080/2080/2080 2082/2082/2082 2084/2084/2084
f 2085/2085/2085 2082/2082/2082 2083/2083/2083
f 2082/2082/2082 2085/2085/2085 2084/2084/2084
f 2085/2085/2085 2083/2083/2083 2086/2086/2086
f 2087/2087/2087 2085/2085/2085 2086/2086/2086
f 2087/2087/2087 2088/2088/2088 2085/2085/2085
f 2088/2088/2088 2084/2084/2084 2085/2085/2085
f 2088/2088/2088 2089/2089/2089 2084/2084/2084
f 2089/2089/2089 2081/2081/2081 2084/2084/2084
f 2081/2081/2081 2089/2089/2089 2090/2090/2090
f 2089/2089/2089 2091/2091/2091 2090/2090/2090
f 2094/2094/2094 2093/2093/2093 2092/2092/2092
f 2095/2095/2095 2094/2094/2094 2092/2092/2092
f 2095/2095/2095 2092/2092/2092 2096/2096/2096
f 2097/2097/2097 2095/2095/2095 2096/2096/2096
f 2097/2097/2097 2096/2096/2096 2098/2098/2098
f 2099/2099/2099 2097/2097/2097 2098/2098/2098
f 2099/2099/2099 2098/2098/2098 2100/2100/2100
f 2101/2101/2101 2099/2099/2099 2100/2100/2100
f 2101/2101/2101 2100/2100/2100 2102/2102/2102
f 2103/2103/2103 2101/2101/2101 2102/2102/2102
f 2106/2106/2106 2105/2105/2105 2104/2104/2104
f 2104/2104/2104 2105/2105/2105 2107/2107/2107
f 2105/2105/2105 2108/2108/2108 2107/2107/2107
f 2107/2107/2107 2108/2108/2108 2109/2109/2109
f 2108/2108/2108 2110/2110/2110 2109/2109/2109
f 2109/2109/2109 2110/2110/2110 2111/2111/2111
f 2110/2110/2110 2112/2112/2112 2111/2111/2111
f 2113/2113/2113 2112/2112/2112 2110/2110/2110
f 2114/2114/2114 2111/2111/2111 2112/2112/2112
f 2113/2113/2113 2115/2115/2115 2112/2112/2112
f 2116/2116/2116 2114/2114/2114 2112/2112/2112
f 2115/2115/2115 2116/2116/2116 2112/2112/2112
f 2117/2117/2117 2114/2114/2114 2116/2116/2116
f 2115/2115/2115 2118/2118/2118 2116/2116/2116
f 2119/2119/2119 2117/2117/2117 2116/2116/2116
f 2118/2118/2118 2119/2119/2119 2116/2116/2116
f 2120/2120/2120 2117/2117/2117 2119/2119/2119
f 2118/2118/2118 2121/2121/2121 2119/2119/2119
f 2122/2122/2122 2120/2120/2120 2119/2119/2119
f 2121/2121/2121 2122/2122/2122 2119/2119/2119
f 2123/2123/2123 2120/2120/2120 2122/2122/2122
f 2121/2121/2121 2124/2124/2124 2122/2122/2122
f 2125/2125/2125 2123/2123/2123 2122/2122/2122
f 2124/2124/2124 2125/2125/2125 2122/2122/2122
f 2123/2123/2123 2125/2125/2125 2126/2126/2126
f 2124/2124/2124 2127/2127/2127 2125/2125/2125
f 2125/2125/2125 2128/2128/2128 2126/2126/2126
f 2127/2127/2127 2128/2128/2128 2125/2125/2125
f 2131/2131/2131 2130/2130/2130 2129/2129/2129
f 2131/2131/2131 2129/2129/2129 2132/2132/2132
f 2132/2132/2132 2133/2133/2133 2131/2131/2131
f 2129/2129/2129 2134/2134/2134 2132/2132/2132
f 2134/2134/2134 2135/2135/2135 2132/2132/2132
f 2134/2134/2134 2136/2136/2136 2135/2135/2135
f 2136/2136/2136 2137/2137/2137 2135/2135/2135
f 2139/2139/2139 2138/2138/2138 2105/2105/2105
f 2140/2140/2140 2139/2139/2139 2105/2105/2105
f 2143/2143/2143 2142/2142/2142 2141/2141/2141
f 2142/2142/2142 2144/2144/2144 2141/2141/2141
f 2142/2142/2142 2145/2145/2145 2144/2144/2144
f 2145/2145/2145 2146/2146/2146 2144/2144/2144
f 2145/2145/2145 2147/2147/2147 2146/2146/2146
f 2147/2147/2147 2148/2148/2148 2146/2146/2146
f 2147/2147/2147 2149/2149/2149 2148/2148/2148
f 2149/2149/2149 2150/2150/2150 2148/2148/2148
f 2153/2153/2153 2152/2152/2152 2151/2151/2151
f 2154/2154/2154 2153/2153/2153 2151/2151/2151
f 2155/2155/2155 2153/2153/2153 2154/2154/2154
f 2156/2156/2156 2155/2155/2155 2154/2154/2154
f 2157/2157/2157 2155/2155/2155 2156/2156/2156
f 2158/2158/2158 2157/2157/2157 2156/2156/2156
f 2161/2161/2161 2160/2160/2160 2159/2159/2159
f 2160/2160/2160 2162/2162/2162 2159/2159/2159
f 2159/2159/2159 2162/2162/2162 2163/2163/2163
f 2162/2162/2162 2164/2164/2164 2163/2163/2163
f 2163/2163/2163 2164/2164/2164 2165/2165/2165
f 2164/2164/2164 2166/2166/2166 2165/2165/2165
f 2169/2169/2169 2168/2168/2168 2167/2167/2167
f 2168/2168/2168 2170/2170/2170 2167/2167/2167
f 2167/2167/2167 2170/2170/2170 2171/2171/2171
f 2170/2170/2170 2172/2172/2172 2171/2171/2171
f 2171/2171/2171 2172/2172/2172 2173/2173/2173
f 2172/2172/2172 2174/2174/2174 2173/2173/2173
f 2177/2177/2177 2176/2176/2176 2175/2175/2175
f 2178/2178/2178 2177/2177/2177 2175/2175/2175
f 2181/2181/2181 2180/2180/2180 2179/2179/2179
f 2182/2182/2182 2181/2181/2181 2179/2179/2179
f 2183/2183/2183 2181/2181/2181 2182/2182/2182
f 2184/2184/2184 2183/2183/2183 2182/2182/2182
f 2185/2185/2185 2183/2183/2183 2184/2184/2184
f 2186/2186/2186 2185/2185/2185 2184/2184/2184
f 2189/2189/2189 2188/2188/2188 2187/2187/2187
f 2190/2190/2190 2189/2189/2189 2187/2187/2187
f 2191/2191/2191 2189/2189/2189 2190/2190/2190
f 2192/2192/2192 2191/2191/2191 2190/2190/2190
f 2193/2193/2193 2191/2191/2191 2192/2192/2192
f 2194/2194/2194 2193/2193/2193 2192/2192/2192
f 2195/2195/2195 2193/2193/2193 2194/2194/2194
f 2198/2198/2198 2197/2197/2197 2196/2196/2196
f 2199/2199/2199 2198/2198/2198 2196/2196/2196
f 2202/2202/2202 2201/2201/2201 2200/2200/2200
f 2203/2203/2203 2202/2202/2202 2200/2200/2200
f 2206/2206/2206 2205/2205/2205 2204/2204/2204
f 2207/2207/2207 2205/2205/2205 2206/2206/2206
f 2208/2208/2208 2207/2207/2207 2206/2206/2206
f 2211/2211/2211 2210/2210/2210 2209/2209/2209
f 2210/2210/2210 2212/2212/2212 2209/2209/2209
f 2209/2209/2209 2212/2212/2212 2213/2213/2213
f 2212/2212/2212 2210/2210/2210 2214/2214/2214
f 2212/2212/2212 2215/2215/2215 2213/2213/2213
f 2213/2213/2213 2215/2215/2215 2216/2216/2216
f 2217/2217/2217 2212/2212/2212 2214/2214/2214
f 2215/2215/2215 2212/2212/2212 2217/2217/2217
f 2215/2215/2215 2218/2218/2218 2216/2216/2216
f 2216/2216/2216 2218/2218/2218 2219/2219/2219
f 2218/2218/2218 2220/2220/2220 2219/2219/2219
f 2218/2218/2218 2215/2215/2215 2221/2221/2221
f 2221/2221/2221 2215/2215/2215 2217/2217/2217
f 2220/2220/2220 2218/2218/2218 2222/2222/2222
f 2222/2222/2222 2218/2218/2218 2221/2221/2221
f 2223/2223/2223 2220/2220/2220 2222/2222/2222
f 2223/2223/2223 2222/2222/2222 2224/2224/2224
f 2223/2223/2223 2224/2224/2224 2225/2225/2225
f 2222/2222/2222 2226/2226/2226 2224/2224/2224
f 2222/2222/2222 2221/2221/2221 2226/2226/2226
f 2221/2221/2221 2227/2227/2227 2226/2226/2226
f 2221/2221/2221 2217/2217/2217 2227/2227/2227
f 2217/2217/2217 2228/2228/2228 2227/2227/2227
f 2217/2217/2217 2214/2214/2214 2228/2228/2228
f 2214/2214/2214 2229/2229/2229 2228/2228/2228
f 2214/2214/2214 2230/2230/2230 2229/2229/2229
f 2230/2230/2230 2231/2231/2231 2229/2229/2229
f 2234/2234/2234 2233/2233/2233 2232/2232/2232
f 2233/2233/2233 2235/2235/2235 2232/2232/2232
f 2235/2235/2235 2233/2233/2233 2236/2236/2236
f 2237/2237/2237 2235/2235/2235 2236/2236/2236
f 2237/2237/2237 2236/2236/2236 2238/2238/2238
f 2236/2236/2236 2239/2239/2239 2238/2238/2238
f 2242/2242/2242 2241/2241/2241 2240/2240/2240
f 2243/2243/2243 2242/2242/2242 2240/2240/2240
f 2246/2246/2246 2245/2245/2245 2244/2244/2244
f 2245/2245/2245 2247/2247/2247 2244/2244/2244
f 2244/2244/2244 2247/2247/2247 2248/2248/2248
f 2247/2247/2247 2249/2249/2249 2248/2248/2248
f 2247/2247/2247 2245/2245/2245 2250/2250/2250
f 2249/2249/2249 2247/2247/2247 2251/2251/2251
f 2251/2251/2251 2247/2247/2247 2250/2250/2250
f 2252/2252/2252 2249/2249/2249 2251/2251/2251
f 2251/2251/2251 2250/2250/2250 2253/2253/2253
f 2250/2250/2250 2254/2254/2254 2253/2253/2253
f 2251/2251/2251 2253/2253/2253 2255/2255/2255
f 2252/2252/2252 2251/2251/2251 2255/2255/2255
f 2252/2252/2252 2255/2255/2255 2256/2256/2256
f 2257/2257/2257 2252/2252/2252 2256/2256/2256
f 2260/2260/2260 2259/2259/2259 2258/2258/2258
f 2259/2259/2259 2261/2261/2261 2258/2258/2258
f 2258/2258/2258 2261/2261/2261 2262/2262/2262
f 2261/2261/2261 2263/2263/2263 2262/2262/2262
f 2262/2262/2262 2263/2263/2263 2264/2264/2264
f 2263/2263/2263 2265/2265/2265 2264/2264/2264
f 2265/2265/2265 2263/2263/2263 2266/2266/2266
f 2263/2263/2263 2261/2261/2261 2267/2267/2267
f 2266/2266/2266 2263/2263/2263 2267/2267/2267
f 2261/2261/2261 2259/2259/2259 2268/2268/2268
f 2267/2267/2267 2261/2261/2261 2268/2268/2268
f 2266/2266/2266 2267/2267/2267 2269/2269/2269
f 2266/2266/2266 2269/2269/2269 2270/2270/2270
f 2267/2267/2267 2271/2271/2271 2269/2269/2269
f 2267/2267/2267 2268/2268/2268 2271/2271/2271
f 2268/2268/2268 2272/2272/2272 2271/2271/2271
f 2268/2268/2268 2273/2273/2273 2272/2272/2272
f 2268/2268/2268 2259/2259/2259 2273/2273/2273
f 2259/2259/2259 2274/2274/2274 2273/2273/2273
f 2277/2277/2277 2276/2276/2276 2275/2275/2275
f 2276/2276/2276 2278/2278/2278 2275/2275/2275
f 2278/2278/2278 2276/2276/2276 2279/2279/2279
f 2280/2280/2280 2278/2278/2278 2279/2279/2279
f 2279/2279/2279 2276/2276/2276 2281/2281/2281
f 2279/2279/2279 2281/2281/2281 2282/2282/2282
f 2285/2285/2285 2284/2284/2284 2283/2283/2283
f 2284/2284/2284 2286/2286/2286 2283/2283/2283
f 2286/2286/2286 2284/2284/2284 2287/2287/2287
f 2283/2283/2283 2286/2286/2286 2288/2288/2288
f 2289/2289/2289 2286/2286/2286 2287/2287/2287
f 2286/2286/2286 2290/2290/2290 2288/2288/2288
f 2290/2290/2290 2286/2286/2286 2289/2289/2289
f 2288/2288/2288 2290/2290/2290 2291/2291/2291
f 2290/2290/2290 2292/2292/2292 2291/2291/2291
f 2292/2292/2292 2290/2290/2290 2293/2293/2293
f 2293/2293/2293 2290/2290/2290 2289/2289/2289
f 2294/2294/2294 2292/2292/2292 2293/2293/2293
f 2294/2294/2294 2293/2293/2293 2295/2295/2295
f 2293/2293/2293 2296/2296/2296 2295/2295/2295
f 2293/2293/2293 2289/2289/2289 2296/2296/2296
f 2289/2289/2289 2297/2297/2297 2296/2296/2296
f 2300/2300/2300 2299/2299/2299 2298/2298/2298
f 2299/2299/2299 2301/2301/2301 2298/2298/2298
f 2299/2299/2299 2302/2302/2302 2301/2301/2301
f 2302/2302/2302 2303/2303/2303 2301/2301/2301
f 2302/2302/2302 2304/2304/2304 2303/2303/2303
f 2304/2304/2304 2305/2305/2305 2303/2303/2303
f 2304/2304/2304 2306/2306/2306 2305/2305/2305
f 2306/2306/2306 2307/2307/2307 2305/2305/2305
f 2306/2306/2306 2308/2308/2308 2307/2307/2307
f 2308/2308/2308 2309/2309/2309 2307/2307/2307
f 2312/2312/2312 2311/2311/2311 2310/2310/2310
f 2311/2311/2311 2313/2313/2313 2310/2310/2310
f 2311/2311/2311 2314/2314/2314 2313/2313/2313
f 2314/2314/2314 2315/2315/2315 2313/2313/2313
f 2314/2314/2314 2316/2316/2316 2315/2315/2315
f 2316/2316/2316 2317/2317/2317 2315/2315/2315
f 2316/2316/2316 2318/2318/2318 2317/2317/2317
f 2318/2318/2318 2319/2319/2319 2317/2317/2317
f 2318/2318/2318 2320/2320/2320 2319/2319/2319
f 2320/2320/2320 2321/2321/2321 2319/2319/2319
f 2324/2324/2324 2323/2323/2323 2322/2322/2322
f 2325/2325/2325 2324/2324/2324 2322/2322/2322
f 2325/2325/2325 2322/2322/2322 2326/2326/2326
f 2327/2327/2327 2325/2325/2325 2326/2326/2326
f 2327/2327/2327 2326/2326/2326 2328/2328/2328
f 2329/2329/2329 2327/2327/2327 2328/2328/2328
f 2329/2329/2329 2328/2328/2328 2330/2330/2330
f 2331/2331/2331 2329/2329/2329 2330/2330/2330
f 2334/2334/2334 2333/2333/2333 2332/2332/2332
f 2333/2333/2333 2335/2335/2335 2332/2332/2332
f 2333/2333/2333 2336/2336/2336 2335/2335/2335
f 2336/2336/2336 2337/2337/2337 2335/2335/2335
f 2340/2340/2340 2339/2339/2339 2338/2338/2338
f 2339/2339/2339 2341/2341/2341 2338/2338/2338
f 2339/2339/2339 2342/2342/2342 2341/2341/2341
f 2342/2342/2342 2343/2343/2343 2341/2341/2341
f 2346/2346/2346 2345/2345/2345 2344/2344/2344
f 2347/2347/2347 2346/2346/2346 2344/2344/2344
f 2350/2350/2350 2349/2349/2349 2348/2348/2348
f 2351/2351/2351 2350/2350/2350 2348/2348/2348
f 2354/2354/2354 2353/2353/2353 2352/2352/2352
f 2355/2355/2355 2354/2354/2354 2352/2352/2352
f 2355/2355/2355 2352/2352/2352 2356/2356/2356
f 2357/2357/2357 2355/2355/2355 2356/2356/2356
f 2357/2357/2357 2356/2356/2356 2358/2358/2358
f 2359/2359/2359 2357/2357/2357 2358/2358/2358
f 2359/2359/2359 2358/2358/2358 2360/2360/2360
f 2361/2361/2361 2359/2359/2359 2360/2360/2360
f 2361/2361/2361 2362/2362/2362 2359/2359/2359
f 2362/2362/2362 2363/2363/2363 2359/2359/2359
f 2359/2359/2359 2363/2363/2363 2357/2357/2357
f 2363/2363/2363 2362/2362/2362 2364/2364/2364
f 2365/2365/2365 2363/2363/2363 2364/2364/2364
f 2363/2363/2363 2366/2366/2366 2357/2357/2357
f 2366/2366/2366 2363/2363/2363 2365/2365/2365
f 2357/2357/2357 2366/2366/2366 2355/2355/2355
f 2367/2367/2367 2366/2366/2366 2365/2365/2365
f 2366/2366/2366 2368/2368/2368 2355/2355/2355
f 2368/2368/2368 2366/2366/2366 2367/2367/2367
f 2355/2355/2355 2368/2368/2368 2354/2354/2354
f 2369/2369/2369 2368/2368/2368 2367/2367/2367
f 2368/2368/2368 2370/2370/2370 2354/2354/2354
f 2370/2370/2370 2368/2368/2368 2369/2369/2369
f 2354/2354/2354 2370/2370/2370 2371/2371/2371
f 2372/2372/2372 2370/2370/2370 2369/2369/2369
f 2370/2370/2370 2373/2373/2373 2371/2371/2371
f 2373/2373/2373 2370/2370/2370 2372/2372/2372
f 2376/2376/2376 2375/2375/2375 2374/2374/2374
f 2377/2377/2377 2376/2376/2376 2374/2374/2374
f 2378/2378/2378 2376/2376/2376 2377/2377/2377
f 2379/2379/2379 2378/2378/2378 2377/2377/2377
f 2380/2380/2380 2378/2378/2378 2379/2379/2379
f 2381/2381/2381 2380/2380/2380 2379/2379/2379
f 2382/2382/2382 2380/2380/2380 2381/2381/2381
f 2383/2383/2383 2382/2382/2382 2381/2381/2381
f 2384/2384/2384 2382/2382/2382 2383/2383/2383
f 2385/2385/2385 2384/2384/2384 2383/2383/2383
f 2386/2386/2386 2384/2384/2384 2385/2385/2385
f 2387/2387/2387 2386/2386/2386 2385/2385/2385
f 2390/2390/2390 2389/2389/2389 2388/2388/2388
f 2391/2391/2391 2390/2390/2390 2388/2388/2388
f 2391/2391/2391 2388/2388/2388 2392/2392/2392
f 2393/2393/2393 2390/2390/2390 2391/2391/2391
f 2394/2394/2394 2391/2391/2391 2392/2392/2392
f 2395/2395/2395 2393/2393/2393 2391/2391/2391
f 2395/2395/2395 2391/2391/2391 2394/2394/2394
f 2396/2396/2396 2393/2393/2393 2395/2395/2395
f 2397/2397/2397 2395/2395/2395 2394/2394/2394
f 2398/2398/2398 2396/2396/2396 2395/2395/2395
f 2398/2398/2398 2395/2395/2395 2397/2397/2397
f 2399/2399/2399 2396/2396/2396 2398/2398/2398
f 2400/2400/2400 2398/2398/2398 2397/2397/2397
f 2401/2401/2401 2399/2399/2399 2398/2398/2398
f 2401/2401/2401 2398/2398/2398 2400/2400/2400
f 2402/2402/2402 2401/2401/2401 2400/2400/2400
f 2405/2405/2405 2404/2404/2404 2403/2403/2403
f 2404/2404/2404 2406/2406/2406 2403/2403/2403
f 2404/2404/2404 2407/2407/2407 2406/2406/2406
f 2408/2408/2408 2407/2407/2407 2404/2404/2404
f 2408/2408/2408 2409/2409/2409 2407/2407/2407
f 2409/2409/2409 2410/2410/2410 2407/2407/2407
f 2407/2407/2407 2410/2410/2410 2411/2411/2411
f 2407/2407/2407 2412/2412/2412 2406/2406/2406
f 2412/2412/2412 2407/2407/2407 2411/2411/2411
f 2412/2412/2412 2411/2411/2411 2413/2413/2413
f 2414/2414/2414 2412/2412/2412 2413/2413/2413
f 2417/2417/2417 2416/2416/2416 2415/2415/2415
f 2415/2415/2415 2418/2418/2418 2417/2417/2417
f 2415/2415/2415 2419/2419/2419 2418/2418/2418
f 2419/2419/2419 2420/2420/2420 2418/2418/2418
f 2423/2423/2423 2422/2422/2422 2421/2421/2421
f 2424/2424/2424 2423/2423/2423 2421/2421/2421
f 2425/2425/2425 2423/2423/2423 2424/2424/2424
f 2426/2426/2426 2425/2425/2425 2424/2424/2424
f 2427/2427/2427 2424/2424/2424 2421/2421/2421
f 2426/2426/2426 2424/2424/2424 2427/2427/2427
f 2428/2428/2428 2427/2427/2427 2421/2421/2421
f 2429/2429/2429 2426/2426/2426 2427/2427/2427
f 2430/2430/2430 2426/2426/2426 2429/2429/2429
f 2431/2431/2431 2430/2430/2430 2429/2429/2429
f 2428/2428/2428 2421/2421/2421 2432/2432/2432
f 2433/2433/2433 2428/2428/2428 2432/2432/2432
f 2433/2433/2433 2432/2432/2432 2434/2434/2434
f 2435/2435/2435 2433/2433/2433 2434/2434/2434
f 2435/2435/2435 2434/2434/2434 2436/2436/2436
f 2437/2437/2437 2435/2435/2435 2436/2436/2436
f 2437/2437/2437 2436/2436/2436 2438/2438/2438
f 2439/2439/2439 2437/2437/2437 2438/2438/2438
f 2439/2439/2439 2438/2438/2438 2440/2440/2440
f 2441/2441/2441 2439/2439/2439 2440/2440/2440
f 2441/2441/2441 2440/2440/2440 2442/2442/2442
f 2443/2443/2443 2441/2441/2441 2442/2442/2442
f 2446/2446/2446 2445/2445/2445 2444/2444/2444
f 2447/2447/2447 2446/2446/2446 2444/2444/2444
f 2447/2447/2447 2444/2444/2444 2448/2448/2448
f 2446/2446/2446 2447/2447/2447 2449/2449/2449
f 2450/2450/2450 2447/2447/2447 2448/2448/2448
f 2447/2447/2447 2451/2451/2451 2449/2449/2449
f 2447/2447/2447 2450/2450/2450 2451/2451/2451
f 2449/2449/2449 2451/2451/2451 2452/2452/2452
f 2450/2450/2450 2453/2453/2453 2451/2451/2451
f 2451/2451/2451 2454/2454/2454 2452/2452/2452
f 2451/2451/2451 2453/2453/2453 2454/2454/2454
f 2452/2452/2452 2454/2454/2454 2455/2455/2455
f 2453/2453/2453 2456/2456/2456 2454/2454/2454
f 2454/2454/2454 2457/2457/2457 2455/2455/2455
f 2454/2454/2454 2456/2456/2456 2457/2457/2457
f 2455/2455/2455 2457/2457/2457 2458/2458/2458
f 2456/2456/2456 2459/2459/2459 2457/2457/2457
f 2457/2457/2457 2460/2460/2460 2458/2458/2458
f 2457/2457/2457 2459/2459/2459 2460/2460/2460
f 2459/2459/2459 2461/2461/2461 2460/2460/2460
f 2464/2464/2464 2463/2463/2463 2462/2462/2462
f 2462/2462/2462 2465/2465/2465 2464/2464/2464
f 2465/2465/2465 2466/2466/2466 2464/2464/2464
f 2466/2466/2466 2467/2467/2467 2464/2464/2464
f 2470/2470/2470 2469/2469/2469 2468/2468/2468
f 2471/2471/2471 2470/2470/2470 2468/2468/2468
f 2474/2474/2474 2473/2473/2473 2472/2472/2472
f 2475/2475/2475 2474/2474/2474 2472/2472/2472
f 2475/2475/2475 2472/2472/2472 2476/2476/2476
f 2475/2475/2475 2477/2477/2477 2474/2474/2474
f 2477/2477/2477 2478/2478/2478 2474/2474/2474
f 2479/2479/2479 2475/2475/2475 2476/2476/2476
f 2479/2479/2479 2476/2476/2476 2480/2480/2480
f 2477/2477/2477 2481/2481/2481 2478/2478/2478
f 2481/2481/2481 2482/2482/2482 2478/2478/2478
f 2481/2481/2481 2477/2477/2477 2483/2483/2483
f 2477/2477/2477 2475/2475/2475 2484/2484/2484
f 2477/2477/2477 2484/2484/2484 2483/2483/2483
f 2475/2475/2475 2479/2479/2479 2484/2484/2484
f 2483/2483/2483 2484/2484/2484 2485/2485/2485
f 2484/2484/2484 2486/2486/2486 2485/2485/2485
f 2484/2484/2484 2479/2479/2479 2486/2486/2486
f 2485/2485/2485 2486/2486/2486 2487/2487/2487
f 2488/2488/2488 2479/2479/2479 2480/2480/2480
f 2479/2479/2479 2488/2488/2488 2486/2486/2486
f 2488/2488/2488 2480/2480/2480 2489/2489/2489
f 2486/2486/2486 2490/2490/2490 2487/2487/2487
f 2486/2486/2486 2488/2488/2488 2490/2490/2490
f 2491/2491/2491 2488/2488/2488 2489/2489/2489
f 2488/2488/2488 2491/2491/2491 2490/2490/2490
f 2491/2491/2491 2489/2489/2489 2492/2492/2492
f 2487/2487/2487 2490/2490/2490 2493/2493/2493
f 2487/2487/2487 2493/2493/2493 2494/2494/2494
f 2490/2490/2490 2495/2495/2495 2493/2493/2493
f 2490/2490/2490 2491/2491/2491 2495/2495/2495
f 2496/2496/2496 2493/2493/2493 2495/2495/2495
f 2497/2497/2497 2496/2496/2496 2495/2495/2495
f 2498/2498/2498 2491/2491/2491 2492/2492/2492
f 2491/2491/2491 2498/2498/2498 2495/2495/2495
f 2497/2497/2497 2495/2495/2495 2498/2498/2498
f 2498/2498/2498 2492/2492/2492 2499/2499/2499
f 2500/2500/2500 2497/2497/2497 2498/2498/2498
f 2500/2500/2500 2498/2498/2498 2499/2499/2499
f 2503/2503/2503 2502/2502/2502 2501/2501/2501
f 2504/2504/2504 2503/2503/2503 2501/2501/2501
f 2507/2507/2507 2506/2506/2506 2505/2505/2505
f 2506/2506/2506 2508/2508/2508 2505/2505/2505
f 2506/2506/2506 2509/2509/2509 2508/2508/2508
f 2512/2512/2512 2511/2511/2511 2510/2510/2510
f 2510/2510/2510 2513/2513/2513 2512/2512/2512
f 2510/2510/2510 2514/2514/2514 2513/2513/2513
f 2514/2514/2514 2515/2515/2515 2513/2513/2513
f 2514/2514/2514 2516/2516/2516 2515/2515/2515
f 2514/2514/2514 2517/2517/2517 2516/2516/2516
f 2517/2517/2517 2518/2518/2518 2516/2516/2516
f 2517/2517/2517 2519/2519/2519 2518/2518/2518
f 2522/2522/2522 2521/2521/2521 2520/2520/2520
f 2523/2523/2523 2522/2522/2522 2520/2520/2520
f 2526/2526/2526 2525/2525/2525 2524/2524/2524
f 2527/2527/2527 2526/2526/2526 2524/2524/2524
f 2527/2527/2527 2524/2524/2524 2528/2528/2528
f 2529/2529/2529 2527/2527/2527 2528/2528/2528
f 2529/2529/2529 2528/2528/2528 2530/2530/2530
f 2531/2531/2531 2529/2529/2529 2530/2530/2530
f 2534/2534/2534 2533/2533/2533 2532/2532/2532
f 2535/2535/2535 2534/2534/2534 2532/2532/2532
f 2538/2538/2538 2537/2537/2537 2536/2536/2536
f 2539/2539/2539 2538/2538/2538 2536/2536/2536
f 2542/2542/2542 2541/2541/2541 2540/2540/2540
f 2541/2541/2541 2543/2543/2543 2540/2540/2540
f 2540/2540/2540 2543/2543/2543 2544/2544/2544
f 2543/2543/2543 2545/2545/2545 2544/2544/2544
f 2548/2548/2548 2547/2547/2547 2546/2546/2546
f 2547/2547/2547 2549/2549/2549 2546/2546/2546
f 2546/2546/2546 2549/2549/2549 2550/2550/2550
f 2549/2549/2549 2551/2551/2551 2550/2550/2550
f 2550/2550/2550 2551/2551/2551 2552/2552/2552
f 2555/2555/2555 2554/2554/2554 2553/2553/2553
f 2556/2556/2556 2555/2555/2555 2553/2553/2553
f 2557/2557/2557 2555/2555/2555 2556/2556/2556
f 2558/2558/2558 2557/2557/2557 2556/2556/2556
f 2559/2559/2559 2557/2557/2557 2558/2558/2558
f 2560/2560/2560 2559/2559/2559 2558/2558/2558
f 2561/2561/2561 2559/2559/2559 2560/2560/2560
f 2562/2562/2562 2561/2561/2561 2560/2560/2560
f 2565/2565/2565 2564/2564/2564 2563/2563/2563
f 2566/2566/2566 2565/2565/2565 2563/2563/2563
f 2567/2567/2567 2565/2565/2565 2566/2566/2566
f 2568/2568/2568 2567/2567/2567 2566/2566/2566
f 2569/2569/2569 2567/2567/2567 2568/2568/2568
f 2570/2570/2570 2569/2569/2569 2568/2568/2568
f 2571/2571/2571 2569/2569/2569 2570/2570/2570
f 2572/2572/2572 2571/2571/2571 2570/2570/2570
f 2575/2575/2575 2574/2574/2574 2573/2573/2573
f 2576/2576/2576 2575/2575/2575 2573/2573/2573
f 2577/2577/2577 2575/2575/2575 2576/2576/2576
f 2578/2578/2578 2577/2577/2577 2576/2576/2576
f 2581/2581/2581 2580/2580/2580 2579/2579/2579
f 2582/2582/2582 2581/2581/2581 2579/2579/2579
f 2583/2583/2583 2581/2581/2581 2582/2582/2582
f 2584/2584/2584 2583/2583/2583 2582/2582/2582
f 2585/2585/2585 2583/2583/2583 2584/2584/2584
f 2586/2586/2586 2585/2585/2585 2584/2584/2584
f 2589/2589/2589 2588/2588/2588 2587/2587/2587
f 2590/2590/2590 2589/2589/2589 2587/2587/2587
f 2591/2591/2591 2589/2589/2589 2590/2590/2590
f 2594/2594/2594 2593/2593/2593 2592/2592/2592
f 2593/2593/2593 2595/2595/2595 2592/2592/2592
f 2592/2592/2592 2595/2595/2595 2596/2596/2596
f 2595/2595/2595 2597/2597/2597 2596/2596/2596
f 2597/2597/2597 2595/2595/2595 2598/2598/2598
f 2596/2596/2596 2597/2597/2597 2599/2599/2599
f 2600/2600/2600 2597/2597/2597 2598/2598/2598
f 2597/2597/2597 2601/2601/2601 2599/2599/2599
f 2601/2601/2601 2597/2597/2597 2600/2600/2600
f 2599/2599/2599 2601/2601/2601 2602/2602/2602
f 2603/2603/2603 2601/2601/2601 2600/2600/2600
f 2601/2601/2601 2604/2604/2604 2602/2602/2602
f 2604/2604/2604 2601/2601/2601 2603/2603/2603
f 2605/2605/2605 2604/2604/2604 2603/2603/2603
f 2608/2608/2608 2607/2607/2607 2606/2606/2606
f 2609/2609/2609 2608/2608/2608 2606/2606/2606
f 2612/2612/2612 2611/2611/2611 2610/2610/2610
f 2611/2611/2611 2613/2613/2613 2610/2610/2610
f 2613/2613/2613 2611/2611/2611 2614/2614/2614
f 2610/2610/2610 2613/2613/2613 2615/2615/2615
f 2616/2616/2616 2613/2613/2613 2614/2614/2614
f 2613/2613/2613 2617/2617/2617 2615/2615/2615
f 2617/2617/2617 2613/2613/2613 2616/2616/2616
f 2615/2615/2615 2617/2617/2617 2618/2618/2618
f 2617/2617/2617 2619/2619/2619 2618/2618/2618
f 2620/2620/2620 2617/2617/2617 2616/2616/2616
f 2619/2619/2619 2617/2617/2617 2620/2620/2620
f 2620/2620/2620 2616/2616/2616 2621/2621/2621
f 2616/2616/2616 2622/2622/2622 2621/2621/2621
f 2620/2620/2620 2621/2621/2621 2623/2623/2623
f 2624/2624/2624 2620/2620/2620 2623/2623/2623
f 2624/2624/2624 2619/2619/2619 2620/2620/2620
f 2625/2625/2625 2619/2619/2619 2624/2624/2624
f 2628/2628/2628 2627/2627/2627 2626/2626/2626
f 2627/2627/2627 2629/2629/2629 2626/2626/2626
f 2629/2629/2629 2627/2627/2627 2630/2630/2630
f 2631/2631/2631 2629/2629/2629 2630/2630/2630
f 2631/2631/2631 2630/2630/2630 2632/2632/2632
f 2630/2630/2630 2633/2633/2633 2632/2632/2632
f 2636/2636/2636 2635/2635/2635 2634/2634/2634
f 2635/2635/2635 2637/2637/2637 2634/2634/2634
f 2634/2634/2634 2637/2637/2637 2638/2638/2638
f 2637/2637/2637 2639/2639/2639 2638/2638/2638
f 2638/2638/2638 2639/2639/2639 2640/2640/2640
f 2639/2639/2639 2641/2641/2641 2640/2640/2640
f 2644/2644/2644 2643/2643/2643 2642/2642/2642
f 2645/2645/2645 2644/2644/2644 2642/2642/2642
f 2648/2648/2648 2647/2647/2647 2646/2646/2646
f 2647/2647/2647 2649/2649/2649 2646/2646/2646
f 2646/2646/2646 2649/2649/2649 2650/2650/2650
f 2649/2649/2649 2651/2651/2651 2650/2650/2650
f 2651/2651/2651 2649/2649/2649 2652/2652/2652
f 2652/2652/2652 2649/2649/2649 2653/2653/2653
f 2652/2652/2652 2653/2653/2653 2654/2654/2654
f 2653/2653/2653 2655/2655/2655 2654/2654/2654
f 2652/2652/2652 2654/2654/2654 2656/2656/2656
f 2657/2657/2657 2652/2652/2652 2656/2656/2656
f 2657/2657/2657 2651/2651/2651 2652/2652/2652
f 2658/2658/2658 2651/2651/2651 2657/2657/2657
f 2659/2659/2659 2658/2658/2658 2657/2657/2657
f 2662/2662/2662 2661/2661/2661 2660/2660/2660
f 2661/2661/2661 2663/2663/2663 2660/2660/2660
f 2660/2660/2660 2663/2663/2663 2664/2664/2664
f 2663/2663/2663 2665/2665/2665 2664/2664/2664
f 2664/2664/2664 2665/2665/2665 2666/2666/2666
f 2665/2665/2665 2667/2667/2667 2666/2666/2666
f 2666/2666/2666 2667/2667/2667 2668/2668/2668
f 2667/2667/2667 2669/2669/2669 2668/2668/2668
f 2669/2669/2669 2667/2667/2667 2670/2670/2670
f 2671/2671/2671 2669/2669/2669 2670/2670/2670
f 2671/2671/2671 2670/2670/2670 2672/2672/2672
f 2670/2670/2670 2673/2673/2673 2672/2672/2672
f 2670/2670/2670 2667/2667/2667 2674/2674/2674
f 2670/2670/2670 2674/2674/2674 2673/2673/2673
f 2667/2667/2667 2665/2665/2665 2674/2674/2674
f 2674/2674/2674 2675/2675/2675 2673/2673/2673
f 2674/2674/2674 2665/2665/2665 2676/2676/2676
f 2674/2674/2674 2676/2676/2676 2675/2675/2675
f 2665/2665/2665 2663/2663/2663 2676/2676/2676
f 2676/2676/2676 2677/2677/2677 2675/2675/2675
f 2676/2676/2676 2663/2663/2663 2678/2678/2678
f 2676/2676/2676 2678/2678/2678 2677/2677/2677
f 2678/2678/2678 2679/2679/2679 2677/2677/2677
f 2663/2663/2663 2661/2661/2661 2678/2678/2678
f 2678/2678/2678 2661/2661/2661 2680/2680/2680
f 2661/2661/2661 2681/2681/2681 2680/2680/2680
f 2684/2684/2684 2683/2683/2683 2682/2682/2682
f 2683/2683/2683 2685/2685/2685 2682/2682/2682
f 2687/2687/2687 2685/2685/2685 2686/2686/2686
f 2688/2688/2688 2687/2687/2687 2686/2686/2686
f 2691/2691/2691 2690/2690/2690 2689/2689/2689
f 2690/2690/2690 2692/2692/2692 2689/2689/2689
f 2690/2690/2690 2693/2693/2693 2692/2692/2692
f 2693/2693/2693 2694/2694/2694 2692/2692/2692
f 2693/2693/2693 2695/2695/2695 2694/2694/2694
f 2695/2695/2695 2696/2696/2696 2694/2694/2694
f 2699/2699/2699 2698/2698/2698 2697/2697/2697
f 2700/2700/2700 2699/2699/2699 2697/2697/2697
f 2700/2700/2700 2697/2697/2697 2701/2701/2701
f 2702/2702/2702 2700/2700/2700 2701/2701/2701
f 2702/2702/2702 2701/2701/2701 2703/2703/2703
f 2704/2704/2704 2702/2702/2702 2703/2703/2703
f 2707/2707/2707 2706/2706/2706 2705/2705/2705
f 2708/2708/2708 2707/2707/2707 2705/2705/2705
f 2708/2708/2708 2705/2705/2705 2709/2709/2709
f 2710/2710/2710 2708/2708/2708 2709/2709/2709
f 2710/2710/2710 2709/2709/2709 2711/2711/2711
f 2712/2712/2712 2710/2710/2710 2711/2711/2711
f 2715/2715/2715 2714/2714/2714 2713/2713/2713
f 2714/2714/2714 2716/2716/2716 2713/2713/2713
f 2714/2714/2714 2717/2717/2717 2716/2716/2716
f 2717/2717/2717 2718/2718/2718 2716/2716/2716
f 2721/2721/2721 2720/2720/2720 2719/2719/2719
f 2720/2720/2720 2722/2722/2722 2719/2719/2719
f 2720/2720/2720 2723/2723/2723 2722/2722/2722
f 2723/2723/2723 2724/2724/2724 2722/2722/2722
f 2727/2727/2727 2726/2726/2726 2725/2725/2725
f 2726/2726/2726 2728/2728/2728 2725/2725/2725
f 2726/2726/2726 2729/2729/2729 2728/2728/2728
f 2729/2729/2729 2730/2730/2730 2728/2728/2728
f 2729/2729/2729 2731/2731/2731 2730/2730/2730
f 2731/2731/2731 2732/2732/2732 2730/2730/2730
f 2735/2735/2735 2734/2734/2734 2733/2733/2733
f 2734/2734/2734 2736/2736/2736 2733/2733/2733
f 2734/2734/2734 2737/2737/2737 2736/2736/2736
f 2737/2737/2737 2738/2738/2738 2736/2736/2736
f 2741/2741/2741 2740/2740/2740 2739/2739/2739
f 2740/2740/2740 2742/2742/2742 2739/2739/2739
f 2740/2740/2740 2743/2743/2743 2742/2742/2742
f 2743/2743/2743 2744/2744/2744 2742/2742/2742
f 2747/2747/2747 2746/2746/2746 2745/2745/2745
f 2748/2748/2748 2747/2747/2747 2745/2745/2745
f 2748/2748/2748 2745/2745/2745 2749/2749/2749
f 2750/2750/2750 2748/2748/2748 2749/2749/2749
f 2748/2748/2748 2751/2751/2751 2747/2747/2747
f 2751/2751/2751 2752/2752/2752 2747/2747/2747
f 2755/2755/2755 2754/2754/2754 2753/2753/2753
f 2755/2755/2755 2756/2756/2756 2754/2754/2754
f 2756/2756/2756 2757/2757/2757 2754/2754/2754
f 2756/2756/2756 2758/2758/2758 2757/2757/2757
f 2758/2758/2758 2759/2759/2759 2757/2757/2757
f 2762/2762/2762 2761/2761/2761 2760/2760/2760
f 2762/2762/2762 2760/2760/2760 2763/2763/2763
f 2764/2764/2764 2762/2762/2762 2763/2763/2763
f 2764/2764/2764 2763/2763/2763 2765/2765/2765
f 2766/2766/2766 2764/2764/2764 2765/2765/2765
f 2769/2769/2769 2768/2768/2768 2767/2767/2767
f 2770/2770/2770 2769/2769/2769 2767/2767/2767
f 2770/2770/2770 2767/2767/2767 2771/2771/2771
f 2770/2770/2770 2772/2772/2772 2769/2769/2769
f 2772/2772/2772 2773/2773/2773 2769/2769/2769
f 2774/2774/2774 2772/2772/2772 2770/2770/2770
f 2775/2775/2775 2770/2770/2770 2771/2771/2771
f 2775/2775/2775 2774/2774/2774 2770/2770/2770
f 2775/2775/2775 2771/2771/2771 2776/2776/2776
f 2777/2777/2777 2774/2774/2774 2775/2775/2775
f 2778/2778/2778 2775/2775/2775 2776/2776/2776
f 2778/2778/2778 2777/2777/2777 2775/2775/2775
f 2781/2781/2781 2780/2780/2780 2779/2779/2779
f 2782/2782/2782 2781/2781/2781 2779/2779/2779
f 2785/2785/2785 2784/2784/2784 2783/2783/2783
f 2786/2786/2786 2785/2785/2785 2783/2783/2783
f 2787/2787/2787 2785/2785/2785 2786/2786/2786
f 2788/2788/2788 2787/2787/2787 2786/2786/2786
f 2789/2789/2789 2787/2787/2787 2788/2788/2788
f 2790/2790/2790 2789/2789/2789 2788/2788/2788
f 2791/2791/2791 2789/2789/2789 2790/2790/2790
f 2792/2792/2792 2791/2791/2791 2790/2790/2790
f 2793/2793/2793 2791/2791/2791 2792/2792/2792
f 2794/2794/2794 2793/2793/2793 2792/2792/2792
f 2795/2795/2795 2793/2793/2793 2794/2794/2794
f 2796/2796/2796 2795/2795/2795 2794/2794/2794
f 2799/2799/2799 2798/2798/2798 2797/2797/2797
f 2800/2800/2800 2799/2799/2799 2797/2797/2797
f 2801/2801/2801 2799/2799/2799 2800/2800/2800
f 2802/2802/2802 2801/2801/2801 2800/2800/2800
f 2801/2801/2801 2803/2803/2803 2799/2799/2799
f 2803/2803/2803 2804/2804/2804 2799/2799/2799
f 2805/2805/2805 2803/2803/2803 2801/2801/2801
f 2806/2806/2806 2805/2805/2805 2801/2801/2801
f 2806/2806/2806 2801/2801/2801 2802/2802/2802
f 2807/2807/2807 2806/2806/2806 2802/2802/2802
f 2810/2810/2810 2809/2809/2809 2808/2808/2808
f 2809/2809/2809 2811/2811/2811 2808/2808/2808
f 2809/2809/2809 2812/2812/2812 2811/2811/2811
f 2813/2813/2813 2808/2808/2808 2811/2811/2811
f 2812/2812/2812 2814/2814/2814 2811/2811/2811
f 2815/2815/2815 2813/2813/2813 2811/2811/2811
f 2815/2815/2815 2811/2811/2811 2814/2814/2814
f 2816/2816/2816 2813/2813/2813 2815/2815/2815
f 2817/2817/2817 2815/2815/2815 2814/2814/2814
f 2818/2818/2818 2816/2816/2816 2815/2815/2815
f 2818/2818/2818 2815/2815/2815 2817/2817/2817
f 2819/2819/2819 2816/2816/2816 2818/2818/2818
f 2820/2820/2820 2818/2818/2818 2817/2817/2817
f 2821/2821/2821 2819/2819/2819 2818/2818/2818
f 2821/2821/2821 2818/2818/2818 2820/2820/2820
f 2822/2822/2822 2819/2819/2819 2821/2821/2821
f 2823/2823/2823 2821/2821/2821 2820/2820/2820
f 2824/2824/2824 2822/2822/2822 2821/2821/2821
f 2824/2824/2824 2821/2821/2821 2823/2823/2823
f 2822/2822/2822 2824/2824/2824 2825/2825/2825
f 2826/2826/2826 2824/2824/2824 2823/2823/2823
f 2824/2824/2824 2827/2827/2827 2825/2825/2825
f 2824/2824/2824 2826/2826/2826 2827/2827/2827
f 2826/2826/2826 2828/2828/2828 2827/2827/2827
f 2831/2831/2831 2830/2830/2830 2829/2829/2829
f 2832/2832/2832 2831/2831/2831 2829/2829/2829
f 2835/2835/2835 2834/2834/2834 2833/2833/2833
f 2833/2833/2833 2836/2836/2836 2835/2835/2835
f 2833/2833/2833 2837/2837/2837 2836/2836/2836
f 2833/2833/2833 2838/2838/2838 2837/2837/2837
f 2841/2841/2841 2840/2840/2840 2839/2839/2839
f 2842/2842/2842 2841/2841/2841 2839/2839/2839
f 2843/2843/2843 2841/2841/2841 2842/2842/2842
f 2844/2844/2844 2843/2843/2843 2842/2842/2842
f 2845/2845/2845 2842/2842/2842 2839/2839/2839
f 2844/2844/2844 2842/2842/2842 2845/2845/2845
f 2846/2846/2846 2845/2845/2845 2839/2839/2839
f 2847/2847/2847 2844/2844/2844 2845/2845/2845
f 2848/2848/2848 2844/2844/2844 2847/2847/2847
f 2849/2849/2849 2848/2848/2848 2847/2847/2847
f 2846/2846/2846 2839/2839/2839 2850/2850/2850
f 2851/2851/2851 2846/2846/2846 2850/2850/2850
f 2851/2851/2851 2850/2850/2850 2852/2852/2852
f 2853/2853/2853 2851/2851/2851 2852/2852/2852
f 2853/2853/2853 2852/2852/2852 2854/2854/2854
f 2855/2855/2855 2853/2853/2853 2854/2854/2854
f 2855/2855/2855 2854/2854/2854 2856/2856/2856
f 2857/2857/2857 2855/2855/2855 2856/2856/2856
f 2857/2857/2857 2856/2856/2856 2858/2858/2858
f 2859/2859/2859 2857/2857/2857 2858/2858/2858
f 2859/2859/2859 2858/2858/2858 2860/2860/2860
f 2861/2861/2861 2859/2859/2859 2860/2860/2860
f 2864/2864/2864 2863/2863/2863 2862/2862/2862
f 2862/2862/2862 2865/2865/2865 2864/2864/2864
f 2865/2865/2865 2866/2866/2866 2864/2864/2864
f 2865/2865/2865 2867/2867/2867 2866/2866/2866
f 2870/2870/2870 2869/2869/2869 2868/2868/2868
f 2871/2871/2871 2870/2870/2870 2868/2868/2868
f 2874/2874/2874 2873/2873/2873 2872/2872/2872
f 2875/2875/2875 2874/2874/2874 2872/2872/2872
f 2876/2876/2876 2875/2875/2875 2872/2872/2872
f 2877/2877/2877 2876/2876/2876 2872/2872/2872
f 2880/2880/2880 2879/2879/2879 2878/2878/2878
f 2881/2881/2881 2880/2880/2880 2878/2878/2878
f 2881/2881/2881 2878/2878/2878 2882/2882/2882
f 2881/2881/2881 2883/2883/2883 2880/2880/2880
f 2883/2883/2883 2884/2884/2884 2880/2880/2880
f 2885/2885/2885 2881/2881/2881 2882/2882/2882
f 2885/2885/2885 2882/2882/2882 2886/2886/2886
f 2883/2883/2883 2887/2887/2887 2884/2884/2884
f 2887/2887/2887 2888/2888/2888 2884/2884/2884
f 2888/2888/2888 2887/2887/2887 2889/2889/2889
f 2887/2887/2887 2890/2890/2890 2889/2889/2889
f 2887/2887/2887 2883/2883/2883 2891/2891/2891
f 2883/2883/2883 2881/2881/2881 2892/2892/2892
f 2883/2883/2883 2892/2892/2892 2891/2891/2891
f 2881/2881/2881 2885/2885/2885 2892/2892/2892
f 2891/2891/2891 2892/2892/2892 2893/2893/2893
f 2892/2892/2892 2894/2894/2894 2893/2893/2893
f 2892/2892/2892 2885/2885/2885 2894/2894/2894
f 2893/2893/2893 2894/2894/2894 2895/2895/2895
f 2896/2896/2896 2885/2885/2885 2886/2886/2886
f 2885/2885/2885 2896/2896/2896 2894/2894/2894
f 2896/2896/2896 2886/2886/2886 2897/2897/2897
f 2894/2894/2894 2898/2898/2898 2895/2895/2895
f 2894/2894/2894 2896/2896/2896 2898/2898/2898
f 2895/2895/2895 2898/2898/2898 2899/2899/2899
f 2900/2900/2900 2896/2896/2896 2897/2897/2897
f 2896/2896/2896 2900/2900/2900 2898/2898/2898
f 2900/2900/2900 2897/2897/2897 2901/2901/2901
f 2898/2898/2898 2902/2902/2902 2899/2899/2899
f 2898/2898/2898 2900/2900/2900 2902/2902/2902
f 2903/2903/2903 2899/2899/2899 2902/2902/2902
f 2904/2904/2904 2903/2903/2903 2902/2902/2902
f 2905/2905/2905 2900/2900/2900 2901/2901/2901
f 2900/2900/2900 2905/2905/2905 2902/2902/2902
f 2904/2904/2904 2902/2902/2902 2905/2905/2905
f 2905/2905/2905 2901/2901/2901 2906/2906/2906
f 2907/2907/2907 2904/2904/2904 2905/2905/2905
f 2907/2907/2907 2905/2905/2905 2906/2906/2906
f 2910/2910/2910 2909/2909/2909 2908/2908/2908
f 2911/2911/2911 2910/2910/2910 2908/2908/2908
f 2911/2911/2911 2908/2908/2908 2912/2912/2912
f 2913/2913/2913 2911/2911/2911 2912/2912/2912
f 2913/2913/2913 2912/2912/2912 2914/2914/2914
f 2915/2915/2915 2913/2913/2913 2914/2914/2914
f 2915/2915/2915 2914/2914/2914 2916/2916/2916
f 2917/2917/2917 2915/2915/2915 2916/2916/2916
f 2920/2920/2920 2919/2919/2919 2918/2918/2918
f 2921/2921/2921 2920/2920/2920 2918/2918/2918
f 2924/2924/2924 2923/2923/2923 2922/2922/2922
f 2923/2923/2923 2925/2925/2925 2922/2922/2922
f 2922/2922/2922 2925/2925/2925 2926/2926/2926
f 2925/2925/2925 2927/2927/2927 2926/2926/2926
f 2926/2926/2926 2927/2927/2927 2928/2928/2928
f 2927/2927/2927 2929/2929/2929 2928/2928/2928
f 2928/2928/2928 2929/2929/2929 2930/2930/2930
f 2929/2929/2929 2931/2931/2931 2930/2930/2930
f 2932/2932/2932 2930/2930/2930 2931/2931/2931
f 2933/2933/2933 2932/2932/2932 2931/2931/2931
f 2934/2934/2934 2932/2932/2932 2933/2933/2933
f 2935/2935/2935 2934/2934/2934 2933/2933/2933
f 2936/2936/2936 2934/2934/2934 2935/2935/2935
f 2937/2937/2937 2936/2936/2936 2935/2935/2935
f 2938/2938/2938 2936/2936/2936 2937/2937/2937
f 2939/2939/2939 2938/2938/2938 2937/2937/2937
f 2938/2938/2938 2939/2939/2939 2940/2940/2940
f 2939/2939/2939 2941/2941/2941 2940/2940/2940
f 2942/2942/2942 2941/2941/2941 2939/2939/2939
f 2943/2943/2943 2942/2942/2942 2939/2939/2939
f 2943/2943/2943 2939/2939/2939 2937/2937/2937
f 2944/2944/2944 2943/2943/2943 2937/2937/2937
f 2944/2944/2944 2937/2937/2937 2935/2935/2935
f 2945/2945/2945 2944/2944/2944 2935/2935/2935
f 2945/2945/2945 2935/2935/2935 2933/2933/2933
f 2946/2946/2946 2945/2945/2945 2933/2933/2933
f 2946/2946/2946 2933/2933/2933 2931/2931/2931
f 2947/2947/2947 2946/2946/2946 2931/2931/2931
f 2947/2947/2947 2931/2931/2931 2929/2929/2929
f 2948/2948/2948 2947/2947/2947 2929/2929/2929
f 2948/2948/2948 2929/2929/2929 2927/2927/2927
f 2949/2949/2949 2948/2948/2948 2927/2927/2927
f 2950/2950/2950 2949/2949/2949 2927/2927/2927
f 2925/2925/2925 2950/2950/2950 2927/2927/2927
f 2951/2951/2951 2950/2950/2950 2925/2925/2925
f 2952/2952/2952 2951/2951/2951 2925/2925/2925
f 2955/2955/2955 2954/2954/2954 2953/2953/2953
f 2954/2954/2954 2956/2956/2956 2953/2953/2953
f 2954/2954/2954 2957/2957/2957 2956/2956/2956
f 2957/2957/2957 2958/2958/2958 2956/2956/2956
f 2956/2956/2956 2958/2958/2958 2959/2959/2959
f 2957/2957/2957 2960/2960/2960 2958/2958/2958
f 2958/2958/2958 2961/2961/2961 2959/2959/2959
f 2960/2960/2960 2962/2962/2962 2958/2958/2958
f 2961/2961/2961 2958/2958/2958 2963/2963/2963
f 2958/2958/2958 2962/2962/2962 2963/2963/2963
f 2966/2966/2966 2965/2965/2965 2964/2964/2964
f 2964/2964/2964 2967/2967/2967 2966/2966/2966
f 2967/2967/2967 2968/2968/2968 2966/2966/2966
f 2967/2967/2967 2969/2969/2969 2968/2968/2968
f 2967/2967/2967 2970/2970/2970 2969/2969/2969
f 2970/2970/2970 2971/2971/2971 2969/2969/2969
f 2970/2970/2970 2972/2972/2972 2971/2971/2971
f 2970/2970/2970 2973/2973/2973 2972/2972/2972
f 2976/2976/2976 2975/2975/2975 2974/2974/2974
f 2977/2977/2977 2976/2976/2976 2974/2974/2974
f 2980/2980/2980 2979/2979/2979 2978/2978/2978
f 2981/2981/2981 2980/2980/2980 2978/2978/2978
f 2981/2981/2981 2978/2978/2978 2982/2982/2982
f 2983/2983/2983 2981/2981/2981 2982/2982/2982
f 2983/2983/2983 2982/2982/2982 2984/2984/2984
f 2985/2985/2985 2983/2983/2983 2984/2984/2984
f 2988/2988/2988 2987/2987/2987 2986/2986/2986
f 2989/2989/2989 2988/2988/2988 2986/2986/2986
f 2992/2992/2992 2991/2991/2991 2990/2990/2990
f 2991/2991/2991 2993/2993/2993 2990/2990/2990
f 2990/2990/2990 2993/2993/2993 2994/2994/2994
f 2993/2993/2993 2995/2995/2995 2994/2994/2994
f 2994/2994/2994 2995/2995/2995 2996/2996/2996
f 2995/2995/2995 2997/2997/2997 2996/2996/2996
f 2996/2996/2996 2997/2997/2997 2998/2998/2998
f 2997/2997/2997 2999/2999/2999 2998/2998/2998
f 3002/3002/3002 3001/3001/3001 3000/3000/3000
f 3003/3003/3003 3002/3002/3002 3000/3000/3000
f 3006/3006/3006 3005/3005/3005 3004/3004/3004
f 3007/3007/3007 3006/3006/3006 3004/3004/3004
f 3008/3008/3008 3006/3006/3006 3007/3007/3007
f 3009/3009/3009 3008/3008/3008 3007/3007/3007
f 3010/3010/3010 3008/3008/3008 3009/3009/3009
f 3011/3011/3011 3010/3010/3010 3009/3009/3009
f 3012/3012/3012 3010/3010/3010 3011/3011/3011
f 3013/3013/3013 3012/3012/3012 3011/3011/3011
f 3016/3016/3016 3015/3015/3015 3014/3014/3014
f 3015/3015/3015 3017/3017/3017 3014/3014/3014
f 3014/3014/3014 3017/3017/3017 3018/3018/3018
f 3017/3017/3017 3019/3019/3019 3018/3018/3018
f 3018/3018/3018 3019/3019/3019 3020/3020/3020
f 3019/3019/3019 3021/3021/3021 3020/3020/3020
f 3020/3020/3020 3021/3021/3021 3022/3022/3022
f 3021/3021/3021 3023/3023/3023 3022/3022/3022
f 3022/3022/3022 3023/3023/3023 3024/3024/3024
f 3023/3023/3023 3025/3025/3025 3024/3024/3024
f 3028/3028/3028 3027/3027/3027 3026/3026/3026
f 3029/3029/3029 3028/3028/3028 3026/3026/3026
f 3032/3032/3032 3031/3031/3031 3030/3030/3030
f 3031/3031/3031 3033/3033/3033 3030/3030/3030
f 3030/3030/3030 3033/3033/3033 3034/3034/3034
f 3033/3033/3033 3035/3035/3035 3034/3034/3034
f 3034/3034/3034 3035/3035/3035 3036/3036/3036
f 3035/3035/3035 3037/3037/3037 3036/3036/3036
f 3036/3036/3036 3037/3037/3037 3038/3038/3038
f 3037/3037/3037 3039/3039/3039 3038/3038/3038
f 3038/3038/3038 3039/3039/3039 3040/3040/3040
f 3039/3039/3039 3041/3041/3041 3040/3040/3040
f 3044/3044/3044 3043/3043/3043 3042/3042/3042
f 3043/3043/3043 3045/3045/3045 3042/3042/3042
f 3042/3042/3042 3045/3045/3045 3046/3046/3046
f 3045/3045/3045 3047/3047/3047 3046/3046/3046
f 3046/3046/3046 3047/3047/3047 3048/3048/3048
f 3047/3047/3047 3049/3049/3049 3048/3048/3048
f 3048/3048/3048 3049/3049/3049 3050/3050/3050
f 3049/3049/3049 3051/3051/3051 3050/3050/3050
f 3054/3054/3054 3053/3053/3053 3052/3052/3052
f 3055/3055/3055 3054/3054/3054 3052/3052/3052
f 3056/3056/3056 3054/3054/3054 3055/3055/3055
f 3057/3057/3057 3056/3056/3056 3055/3055/3055
f 3060/3060/3060 3059/3059/3059 3058/3058/3058
f 3059/3059/3059 3060/3060/3060 3061/3061/3061
f 3062/3062/3062 3059/3059/3059 3061/3061/3061
f 3063/3063/3063 3059/3059/3059 3062/3062/3062
f 3064/3064/3064 3063/3063/3063 3062/3062/3062
f 3062/3062/3062 3061/3061/3061 3065/3065/3065
f 3061/3061/3061 3066/3066/3066 3065/3065/3065
f 3061/3061/3061 3067/3067/3067 3066/3066/3066
f 3067/3067/3067 3068/3068/3068 3066/3066/3066
f 3071/3071/3071 3070/3070/3070 3069/3069/3069
f 3072/3072/3072 3070/3070/3070 3071/3071/3071
f 3073/3073/3073 3072/3072/3072 3071/3071/3071
f 3070/3070/3070 3072/3072/3072 3074/3074/3074
f 3075/3075/3075 3070/3070/3070 3074/3074/3074
f 3076/3076/3076 3072/3072/3072 3073/3073/3073
f 3077/3077/3077 3076/3076/3076 3073/3073/3073
f 3074/3074/3074 3072/3072/3072 3078/3078/3078
f 3072/3072/3072 3076/3076/3076 3078/3078/3078
f 3074/3074/3074 3078/3078/3078 3079/3079/3079
f 3078/3078/3078 3080/3080/3080 3079/3079/3079
f 3078/3078/3078 3081/3081/3081 3080/3080/3080
f 3078/3078/3078 3076/3076/3076 3081/3081/3081
f 3076/3076/3076 3082/3082/3082 3081/3081/3081
f 3082/3082/3082 3076/3076/3076 3077/3077/3077
f 3083/3083/3083 3082/3082/3082 3077/3077/3077
f 3084/3084/3084 3082/3082/3082 3083/3083/3083
f 3087/3087/3087 3086/3086/3086 3085/3085/3085
f 3086/3086/3086 3088/3088/3088 3085/3085/3085
f 3085/3085/3085 3088/3088/3088 3089/3089/3089
f 3088/3088/3088 3086/3086/3086 3090/3090/3090
f 3088/3088/3088 3091/3091/3091 3089/3089/3089
f 3092/3092/3092 3088/3088/3088 3090/3090/3090
f 3091/3091/3091 3088/3088/3088 3092/3092/3092
f 3095/3095/3095 3094/3094/3094 3093/3093/3093
f 3094/3094/3094 3096/3096/3096 3093/3093/3093
f 3093/3093/3093 3096/3096/3096 3097/3097/3097
f 3096/3096/3096 3098/3098/3098 3097/3097/3097
f 3097/3097/3097 3098/3098/3098 3099/3099/3099
f 3098/3098/3098 3100/3100/3100 3099/3099/3099
f 3103/3103/3103 3102/3102/3102 3101/3101/3101
f 3102/3102/3102 3104/3104/3104 3101/3101/3101
f 3101/3101/3101 3104/3104/3104 3105/3105/3105
f 3104/3104/3104 3102/3102/3102 3106/3106/3106
f 3106/3106/3106 3102/3102/3102 3107/3107/3107
f 3104/3104/3104 3108/3108/3108 3105/3105/3105
f 3105/3105/3105 3108/3108/3108 3109/3109/3109
f 3108/3108/3108 3110/3110/3110 3109/3109/3109
f 3106/3106/3106 3107/3107/3107 3111/3111/3111
f 3107/3107/3107 3112/3112/3112 3111/3111/3111
f 3106/3106/3106 3111/3111/3111 3113/3113/3113
f 3114/3114/3114 3104/3104/3104 3106/3106/3106
f 3114/3114/3114 3106/3106/3106 3113/3113/3113
f 3108/3108/3108 3104/3104/3104 3114/3114/3114
f 3114/3114/3114 3113/3113/3113 3115/3115/3115
f 3116/3116/3116 3108/3108/3108 3114/3114/3114
f 3116/3116/3116 3114/3114/3114 3115/3115/3115
f 3110/3110/3110 3108/3108/3108 3116/3116/3116
f 3116/3116/3116 3115/3115/3115 3117/3117/3117
f 3118/3118/3118 3116/3116/3116 3117/3117/3117
f 3118/3118/3118 3110/3110/3110 3116/3116/3116
f 3119/3119/3119 3110/3110/3110 3118/3118/3118
f 3120/3120/3120 3119/3119/3119 3118/3118/3118
f 3123/3123/3123 3122/3122/3122 3121/3121/3121
f 3124/3124/3124 3123/3123/3123 3121/3121/3121
f 3127/3127/3127 3126/3126/3126 3125/3125/3125
f 3126/3126/3126 3128/3128/3128 3125/3125/3125
f 3126/3126/3126 3129/3129/3129 3128/3128/3128
f 3129/3129/3129 3130/3130/3130 3128/3128/3128
f 3129/3129/3129 3131/3131/3131 3130/3130/3130
f 3134/3134/3134 3133/3133/3133 3132/3132/3132
f 3133/3133/3133 3135/3135/3135 3132/3132/3132
f 3133/3133/3133 3136/3136/3136 3135/3135/3135
f 3136/3136/3136 3137/3137/3137 3135/3135/3135
f 3140/3140/3140 3139/3139/3139 3138/3138/3138
f 3141/3141/3141 3140/3140/3140 3138/3138/3138
f 3141/3141/3141 3138/3138/3138 3142/3142/3142
f 3143/3143/3143 3141/3141/3141 3142/3142/3142
f 3143/3143/3143 3142/3142/3142 3144/3144/3144
f 3145/3145/3145 3143/3143/3143 3144/3144/3144
f 3145/3145/3145 3144/3144/3144 3146/3146/3146
f 3147/3147/3147 3145/3145/3145 3146/3146/3146
f 3147/3147/3147 3146/3146/3146 3148/3148/3148
f 3149/3149/3149 3147/3147/3147 3148/3148/3148
f 3152/3152/3152 3151/3151/3151 3150/3150/3150
f 3152/3152/3152 3153/3153/3153 3151/3151/3151
f 3153/3153/3153 3154/3154/3154 3151/3151/3151
f 3157/3157/3157 3156/3156/3156 3155/3155/3155
f 3156/3156/3156 3158/3158/3158 3155/3155/3155
f 3156/3156/3156 3159/3159/3159 3158/3158/3158
f 3159/3159/3159 3160/3160/3160 3158/3158/3158
f 3159/3159/3159 3161/3161/3161 3160/3160/3160
f 3161/3161/3161 3162/3162/3162 3160/3160/3160
f 3161/3161/3161 3163/3163/3163 3162/3162/3162
f 3163/3163/3163 3164/3164/3164 3162/3162/3162
f 3167/3167/3167 3166/3166/3166 3165/3165/3165
f 3168/3168/3168 3167/3167/3167 3165/3165/3165
f 3171/3171/3171 3170/3170/3170 3169/3169/3169
f 3170/3170/3170 3172/3172/3172 3169/3169/3169
f 3170/3170/3170 3173/3173/3173 3172/3172/3172
f 3173/3173/3173 3174/3174/3174 3172/3172/3172
f 3173/3173/3173 3175/3175/3175 3174/3174/3174
f 3175/3175/3175 3176/3176/3176 3174/3174/3174
f 3179/3179/3179 3178/3178/3178 3177/3177/3177
f 3180/3180/3180 3179/3179/3179 3177/3177/3177
f 3183/3183/3183 3182/3182/3182 3181/3181/3181
f 3183/3183/3183 3184/3184/3184 3182/3182/3182
f 3184/3184/3184 3185/3185/3185 3182/3182/3182
f 3188/3188/3188 3187/3187/3187 3186/3186/3186
f 3187/3187/3187 3189/3189/3189 3186/3186/3186
f 3187/3187/3187 3190/3190/3190 3189/3189/3189
f 3187/3187/3187 3191/3191/3191 3190/3190/3190
f 3190/3190/3190 3192/3192/3192 3189/3189/3189
f 3191/3191/3191 3193/3193/3193 3190/3190/3190
f 3190/3190/3190 3194/3194/3194 3192/3192/3192
f 3190/3190/3190 3193/3193/3193 3194/3194/3194
f 3194/3194/3194 3195/3195/3195 3192/3192/3192
f 3193/3193/3193 3196/3196/3196 3194/3194/3194
f 3199/3199/3199 3198/3198/3198 3197/3197/3197
f 3200/3200/3200 3199/3199/3199 3197/3197/3197
f 3200/3200/3200 3197/3197/3197 3201/3201/3201
f 3202/3202/3202 3200/3200/3200 3201/3201/3201
f 3202/3202/3202 3201/3201/3201 3203/3203/3203
f 3204/3204/3204 3202/3202/3202 3203/3203/3203
f 3204/3204/3204 3205/3205/3205 3202/3202/3202
f 3205/3205/3205 3206/3206/3206 3202/3202/3202
f 3202/3202/3202 3206/3206/3206 3200/3200/3200
f 3206/3206/3206 3207/3207/3207 3200/3200/3200
f 3210/3210/3210 3209/3209/3209 3208/3208/3208
f 3211/3211/3211 3210/3210/3210 3208/3208/3208
f 3211/3211/3211 3208/3208/3208 3212/3212/3212
f 3213/3213/3213 3210/3210/3210 3211/3211/3211
f 3211/3211/3211 3212/3212/3212 3214/3214/3214
f 3215/3215/3215 3213/3213/3213 3211/3211/3211
f 3215/3215/3215 3211/3211/3211 3214/3214/3214
f 3216/3216/3216 3213/3213/3213 3215/3215/3215
f 3215/3215/3215 3214/3214/3214 3217/3217/3217
f 3218/3218/3218 3216/3216/3216 3215/3215/3215
f 3218/3218/3218 3215/3215/3215 3217/3217/3217
f 3219/3219/3219 3216/3216/3216 3218/3218/3218
f 3218/3218/3218 3217/3217/3217 3220/3220/3220
f 3221/3221/3221 3219/3219/3219 3218/3218/3218
f 3221/3221/3221 3218/3218/3218 3220/3220/3220
f 3224/3224/3224 3223/3223/3223 3222/3222/3222
f 3225/3225/3225 3224/3224/3224 3222/3222/3222
f 3226/3226/3226 3224/3224/3224 3225/3225/3225
f 3227/3227/3227 3225/3225/3225 3222/3222/3222
f 3228/3228/3228 3227/3227/3227 3222/3222/3222
f 3227/3227/3227 3229/3229/3229 3225/3225/3225
f 3230/3230/3230 3226/3226/3226 3225/3225/3225
f 3229/3229/3229 3230/3230/3230 3225/3225/3225
f 3231/3231/3231 3226/3226/3226 3230/3230/3230
f 3229/3229/3229 3232/3232/3232 3230/3230/3230
f 3233/3233/3233 3231/3231/3231 3230/3230/3230
f 3232/3232/3232 3233/3233/3233 3230/3230/3230
f 3234/3234/3234 3231/3231/3231 3233/3233/3233
f 3232/3232/3232 3235/3235/3235 3233/3233/3233
f 3236/3236/3236 3234/3234/3234 3233/3233/3233
f 3235/3235/3235 3236/3236/3236 3233/3233/3233
f 3237/3237/3237 3234/3234/3234 3236/3236/3236
f 3235/3235/3235 3238/3238/3238 3236/3236/3236
f 3239/3239/3239 3237/3237/3237 3236/3236/3236
f 3238/3238/3238 3239/3239/3239 3236/3236/3236
f 3238/3238/3238 3240/3240/3240 3239/3239/3239
f 3241/3241/3241 3237/3237/3237 3239/3239/3239
f 3240/3240/3240 3242/3242/3242 3239/3239/3239
f 3242/3242/3242 3241/3241/3241 3239/3239/3239
f 3243/3243/3243 3241/3241/3241 3242/3242/3242
f 3244/3244/3244 3243/3243/3243 3242/3242/3242
f 3245/3245/3245 3243/3243/3243 3244/3244/3244
f 3246/3246/3246 3245/3245/3245 3244/3244/3244
f 3247/3247/3247 3245/3245/3245 3246/3246/3246
f 3248/3248/3248 3247/3247/3247 3246/3246/3246
f 3251/3251/3251 3250/3250/3250 3249/3249/3249
f 3252/3252/3252 3251/3251/3251 3249/3249/3249
f 3252/3252/3252 3249/3249/3249 3253/3253/3253
f 3254/3254/3254 3251/3251/3251 3252/3252/3252
f 3255/3255/3255 3252/3252/3252 3253/3253/3253
f 3256/3256/3256 3254/3254/3254 3252/3252/3252
f 3256/3256/3256 3252/3252/3252 3255/3255/3255
f 3257/3257/3257 3254/3254/3254 3256/3256/3256
f 3258/3258/3258 3256/3256/3256 3255/3255/3255
f 3259/3259/3259 3257/3257/3257 3256/3256/3256
f 3259/3259/3259 3256/3256/3256 3258/3258/3258
f 3260/3260/3260 3257/3257/3257 3259/3259/3259
f 3261/3261/3261 3259/3259/3259 3258/3258/3258
f 3262/3262/3262 3260/3260/3260 3259/3259/3259
f 3262/3262/3262 3259/3259/3259 3261/3261/3261
f 3263/3263/3263 3262/3262/3262 3261/3261/3261
f 3266/3266/3266 3265/3265/3265 3264/3264/3264
f 3267/3267/3267 3266/3266/3266 3264/3264/3264
f 3267/3267/3267 3264/3264/3264 3268/3268/3268
f 3268/3268/3268 3269/3269/3269 3267/3267/3267
f 3270/3270/3270 3269/3269/3269 3268/3268/3268
f 3270/3270/3270 3268/3268/3268 3271/3271/3271
f 3272/3272/3272 3270/3270/3270 3271/3271/3271
f 3271/3271/3271 3273/3273/3273 3272/3272/3272
f 3276/3276/3276 3275/3275/3275 3274/3274/3274
f 3277/3277/3277 3276/3276/3276 3274/3274/3274
f 3277/3277/3277 3274/3274/3274 3278/3278/3278
f 3276/3276/3276 3277/3277/3277 3279/3279/3279
f 3280/3280/3280 3277/3277/3277 3278/3278/3278
f 3277/3277/3277 3281/3281/3281 3279/3279/3279
f 3277/3277/3277 3280/3280/3280 3281/3281/3281
f 3279/3279/3279 3281/3281/3281 3282/3282/3282
f 3280/3280/3280 3283/3283/3283 3281/3281/3281
f 3281/3281/3281 3284/3284/3284 3282/3282/3282
f 3281/3281/3281 3283/3283/3283 3284/3284/3284
f 3282/3282/3282 3284/3284/3284 3285/3285/3285
f 3283/3283/3283 3286/3286/3286 3284/3284/3284
f 3284/3284/3284 3287/3287/3287 3285/3285/3285
f 3284/3284/3284 3286/3286/3286 3287/3287/3287
f 3285/3285/3285 3287/3287/3287 3288/3288/3288
f 3286/3286/3286 3289/3289/3289 3287/3287/3287
f 3287/3287/3287 3290/3290/3290 3288/3288/3288
f 3287/3287/3287 3289/3289/3289 3290/3290/3290
f 3289/3289/3289 3291/3291/3291 3290/3290/3290
f 3294/3294/3294 3293/3293/3293 3292/3292/3292
f 3295/3295/3295 3294/3294/3294 3292/3292/3292
f 3296/3296/3296 3295/3295/3295 3292/3292/3292
f 3297/3297/3297 3296/3296/3296 3292/3292/3292
f 3296/3296/3296 3298/3298/3298 3295/3295/3295
f 3295/3295/3295 3299/3299/3299 3294/3294/3294
f 3298/3298/3298 3299/3299/3299 3295/3295/3295
f 3299/3299/3299 3300/3300/3300 3294/3294/3294
f 3298/3298/3298 3301/3301/3301 3299/3299/3299
f 3299/3299/3299 3302/3302/3302 3300/3300/3300
f 3301/3301/3301 3302/3302/3302 3299/3299/3299
f 3302/3302/3302 3303/3303/3303 3300/3300/3300
f 3301/3301/3301 3304/3304/3304 3302/3302/3302
f 3303/3303/3303 3302/3302/3302 3305/3305/3305
f 3304/3304/3304 3306/3306/3306 3302/3302/3302
f 3302/3302/3302 3306/3306/3306 3305/3305/3305
f 3309/3309/3309 3308/3308/3308 3307/3307/3307
f 3310/3310/3310 3309/3309/3309 3307/3307/3307
f 3310/3310/3310 3307/3307/3307 3311/3311/3311
f 3310/3310/3310 3312/3312/3312 3309/3309/3309
f 3312/3312/3312 3313/3313/3313 3309/3309/3309
f 3314/3314/3314 3310/3310/3310 3311/3311/3311
f 3314/3314/3314 3311/3311/3311 3315/3315/3315
f 3312/3312/3312 3316/3316/3316 3313/3313/3313
f 3316/3316/3316 3317/3317/3317 3313/3313/3313
f 3317/3317/3317 3316/3316/3316 3318/3318/3318
f 3316/3316/3316 3319/3319/3319 3318/3318/3318
f 3316/3316/3316 3320/3320/3320 3319/3319/3319
f 3316/3316/3316 3312/3312/3312 3320/3320/3320
f 3320/3320/3320 3321/3321/3321 3319/3319/3319
f 3312/3312/3312 3310/3310/3310 3322/3322/3322
f 3312/3312/3312 3322/3322/3322 3320/3320/3320
f 3310/3310/3310 3314/3314/3314 3322/3322/3322
f 3320/3320/3320 3323/3323/3323 3321/3321/3321
f 3320/3320/3320 3322/3322/3322 3323/3323/3323
f 3323/3323/3323 3324/3324/3324 3321/3321/3321
f 3325/3325/3325 3314/3314/3314 3315/3315/3315
f 3325/3325/3325 3315/3315/3315 3326/3326/3326
f 3322/3322/3322 3314/3314/3314 3327/3327/3327
f 3322/3322/3322 3327/3327/3327 3323/3323/3323
f 3314/3314/3314 3325/3325/3325 3327/3327/3327
f 3323/3323/3323 3328/3328/3328 3324/3324/3324
f 3323/3323/3323 3327/3327/3327 3328/3328/3328
f 3328/3328/3328 3329/3329/3329 3324/3324/3324
f 3330/3330/3330 3325/3325/3325 3326/3326/3326
f 3330/3330/3330 3326/3326/3326 3331/3331/3331
f 3327/3327/3327 3325/3325/3325 3332/3332/3332
f 3327/3327/3327 3332/3332/3332 3328/3328/3328
f 3325/3325/3325 3330/3330/3330 3332/3332/3332
f 3328/3328/3328 3333/3333/3333 3329/3329/3329
f 3328/3328/3328 3332/3332/3332 3333/3333/3333
f 3333/3333/3333 3334/3334/3334 3329/3329/3329
f 3332/3332/3332 3335/3335/3335 3333/3333/3333
f 3332/3332/3332 3330/3330/3330 3335/3335/3335
f 3336/3336/3336 3333/3333/3333 3335/3335/3335
f 3337/3337/3337 3336/3336/3336 3335/3335/3335
f 3338/3338/3338 3330/3330/3330 3331/3331/3331
f 3330/3330/3330 3338/3338/3338 3335/3335/3335
f 3337/3337/3337 3335/3335/3335 3338/3338/3338
f 3338/3338/3338 3331/3331/3331 3339/3339/3339
f 3340/3340/3340 3337/3337/3337 3338/3338/3338
f 3340/3340/3340 3338/3338/3338 3339/3339/3339
f 3343/3343/3343 3342/3342/3342 3341/3341/3341
f 3342/3342/3342 3344/3344/3344 3341/3341/3341
f 3345/3345/3345 3344/3344/3344 3342/3342/3342
f 3346/3346/3346 3345/3345/3345 3342/3342/3342
f 3349/3349/3349 3348/3348/3348 3347/3347/3347
f 3350/3350/3350 3349/3349/3349 3347/3347/3347
f 3353/3353/3353 3352/3352/3352 3351/3351/3351
f 3352/3352/3352 3354/3354/3354 3351/3351/3351
f 3351/3351/3351 3354/3354/3354 3355/3355/3355
f 3354/3354/3354 3356/3356/3356 3355/3355/3355
f 3355/3355/3355 3356/3356/3356 3357/3357/3357
f 3356/3356/3356 3358/3358/3358 3357/3357/3357
f 3357/3357/3357 3358/3358/3358 3359/3359/3359
f 3358/3358/3358 3360/3360/3360 3359/3359/3359
f 3361/3361/3361 3359/3359/3359 3360/3360/3360
f 3362/3362/3362 3361/3361/3361 3360/3360/3360
f 3363/3363/3363 3361/3361/3361 3362/3362/3362
f 3364/3364/3364 3363/3363/3363 3362/3362/3362
f 3365/3365/3365 3363/3363/3363 3364/3364/3364
f 3366/3366/3366 3365/3365/3365 3364/3364/3364
f 3367/3367/3367 3365/3365/3365 3366/3366/3366
f 3368/3368/3368 3367/3367/3367 3366/3366/3366
f 3367/3367/3367 3368/3368/3368 3369/3369/3369
f 3368/3368/3368 3370/3370/3370 3369/3369/3369
f 3371/3371/3371 3370/3370/3370 3368/3368/3368
f 3372/3372/3372 3371/3371/3371 3368/3368/3368
f 3372/3372/3372 3368/3368/3368 3366/3366/3366
f 3373/3373/3373 3372/3372/3372 3366/3366/3366
f 3373/3373/3373 3366/3366/3366 3364/3364/3364
f 3374/3374/3374 3373/3373/3373 3364/3364/3364
f 3374/3374/3374 3364/3364/3364 3362/3362/3362
f 3375/3375/3375 3374/3374/3374 3362/3362/3362
f 3375/3375/3375 3362/3362/3362 3360/3360/3360
f 3376/3376/3376 3375/3375/3375 3360/3360/3360
f 3376/3376/3376 3360/3360/3360 3358/3358/3358
f 3377/3377/3377 3376/3376/3376 3358/3358/3358
f 3377/3377/3377 3358/3358/3358 3356/3356/3356
f 3378/3378/3378 3377/3377/3377 3356/3356/3356
f 3379/3379/3379 3378/3378/3378 3356/3356/3356
f 3354/3354/3354 3379/3379/3379 3356/3356/3356
f 3380/3380/3380 3379/3379/3379 3354/3354/3354
f 3381/3381/3381 3380/3380/3380 3354/3354/3354
f 3384/3384/3384 3383/3383/3383 3382/3382/3382
f 3382/3382/3382 3385/3385/3385 3384/3384/3384
f 3382/3382/3382 3386/3386/3386 3385/3385/3385
f 3386/3386/3386 3387/3387/3387 3385/3385/3385
f 3386/3386/3386 3388/3388/3388 3387/3387/3387
f 3386/3386/3386 3389/3389/3389 3388/3388/3388
f 3389/3389/3389 3390/3390/3390 3388/3388/3388
f 3389/3389/3389 3391/3391/3391 3390/3390/3390
f 3394/3394/3394 3393/3393/3393 3392/3392/3392
f 3395/3395/3395 3394/3394/3394 3392/3392/3392
f 3398/3398/3398 3397/3397/3397 3396/3396/3396
f 3397/3397/3397 3399/3399/3399 3396/3396/3396
f 3397/3397/3397 3400/3400/3400 3399/3399/3399
f 3400/3400/3400 3401/3401/3401 3399/3399/3399
f 3400/3400/3400 3402/3402/3402 3401/3401/3401
f 3402/3402/3402 3403/3403/3403 3401/3401/3401
f 3402/3402/3402 3404/3404/3404 3403/3403/3403
f 3404/3404/3404 3405/3405/3405 3403/3403/3403
f 3408/3408/3408 3407/3407/3407 3406/3406/3406
f 3409/3409/3409 3408/3408/3408 3406/3406/3406
f 3410/3410/3410 3408/3408/3408 3409/3409/3409
f 3411/3411/3411 3410/3410/3410 3409/3409/3409
f 3412/3412/3412 3410/3410/3410 3411/3411/3411
f 3413/3413/3413 3412/3412/3412 3411/3411/3411
f 3414/3414/3414 3412/3412/3412 3413/3413/3413
f 3415/3415/3415 3414/3414/3414 3413/3413/3413
f 3416/3416/3416 3414/3414/3414 3415/3415/3415
f 3417/3417/3417 3416/3416/3416 3415/3415/3415
f 3420/3420/3420 3419/3419/3419 3418/3418/3418
f 3419/3419/3419 3421/3421/3421 3418/3418/3418
f 3418/3418/3418 3421/3421/3421 3422/3422/3422
f 3421/3421/3421 3423/3423/3423 3422/3422/3422
f 3422/3422/3422 3423/3423/3423 3424/3424/3424
f 3423/3423/3423 3425/3425/3425 3424/3424/3424
f 3424/3424/3424 3425/3425/3425 3426/3426/3426
f 3425/3425/3425 3427/3427/3427 3426/3426/3426
f 3430/3430/3430 3429/3429/3429 3428/3428/3428
f 3431/3431/3431 3430/3430/3430 3428/3428/3428
f 3432/3432/3432 3430/3430/3430 3431/3431/3431
f 3433/3433/3433 3432/3432/3432 3431/3431/3431
f 3434/3434/3434 3432/3432/3432 3433/3433/3433
f 3435/3435/3435 3434/3434/3434 3433/3433/3433
f 3436/3436/3436 3434/3434/3434 3435/3435/3435
f 3437/3437/3437 3436/3436/3436 3435/3435/3435
f 3438/3438/3438 3436/3436/3436 3437/3437/3437
f 3439/3439/3439 3438/3438/3438 3437/3437/3437
f 3442/3442/3442 3441/3441/3441 3440/3440/3440
f 3440/3440/3440 3441/3441/3441 3443/3443/3443
f 3441/3441/3441 3444/3444/3444 3443/3443/3443
f 3443/3443/3443 3444/3444/3444 3445/3445/3445
f 3444/3444/3444 3446/3446/3446 3445/3445/3445
f 3445/3445/3445 3446/3446/3446 3447/3447/3447
f 3446/3446/3446 3448/3448/3448 3447/3447/3447
f 3447/3447/3447 3448/3448/3448 3449/3449/3449
f 3448/3448/3448 3450/3450/3450 3449/3449/3449
f 3453/3453/3453 3452/3452/3452 3451/3451/3451
f 3454/3454/3454 3452/3452/3452 3453/3453/3453
f 3455/3455/3455 3454/3454/3454 3453/3453/3453
f 3458/3458/3458 3457/3457/3457 3456/3456/3456
f 3457/3457/3457 3459/3459/3459 3456/3456/3456
f 3459/3459/3459 3457/3457/3457 3460/3460/3460
f 3456/3456/3456 3459/3459/3459 3461/3461/3461
f 3462/3462/3462 3459/3459/3459 3460/3460/3460
f 3459/3459/3459 3463/3463/3463 3461/3461/3461
f 3463/3463/3463 3459/3459/3459 3462/3462/3462
f 3461/3461/3461 3463/3463/3463 3464/3464/3464
f 3463/3463/3463 3465/3465/3465 3464/3464/3464
f 3464/3464/3464 3465/3465/3465 3466/3466/3466
f 3467/3467/3467 3463/3463/3463 3462/3462/3462
f 3465/3465/3465 3463/3463/3463 3467/3467/3467
f 3465/3465/3465 3468/3468/3468 3466/3466/3466
f 3466/3466/3466 3468/3468/3468 3469/3469/3469
f 3468/3468/3468 3465/3465/3465 3470/3470/3470
f 3470/3470/3470 3465/3465/3465 3467/3467/3467
f 3471/3471/3471 3468/3468/3468 3470/3470/3470
f 3471/3471/3471 3470/3470/3470 3472/3472/3472
f 3470/3470/3470 3473/3473/3473 3472/3472/3472
f 3470/3470/3470 3467/3467/3467 3473/3473/3473
f 3467/3467/3467 3474/3474/3474 3473/3473/3473
f 3467/3467/3467 3462/3462/3462 3474/3474/3474
f 3462/3462/3462 3475/3475/3475 3474/3474/3474
f 3478/3478/3478 3477/3477/3477 3476/3476/3476
f 3477/3477/3477 3479/3479/3479 3476/3476/3476
f 3479/3479/3479 3477/3477/3477 3480/3480/3480
f 3481/3481/3481 3479/3479/3479 3480/3480/3480
f 3484/3484/3484 3483/3483/3483 3482/3482/3482
f 3485/3485/3485 3483/3483/3483 3484/3484/3484
f 3486/3486/3486 3485/3485/3485 3484/3484/3484
f 3483/3483/3483 3485/3485/3485 3487/3487/3487
f 3488/3488/3488 3485/3485/3485 3486/3486/3486
f 3489/3489/3489 3488/3488/3488 3486/3486/3486
f 3490/3490/3490 3488/3488/3488 3489/3489/3489
f 3491/3491/3491 3490/3490/3490 3489/3489/3489
f 3485/3485/3485 3488/3488/3488 3492/3492/3492
f 3487/3487/3487 3485/3485/3485 3492/3492/3492
f 3487/3487/3487 3492/3492/3492 3493/3493/3493
f 3492/3492/3492 3494/3494/3494 3493/3493/3493
f 3487/3487/3487 3493/3493/3493 3495/3495/3495
f 3496/3496/3496 3487/3487/3487 3495/3495/3495
f 3499/3499/3499 3498/3498/3498 3497/3497/3497
f 3498/3498/3498 3500/3500/3500 3497/3497/3497
f 3497/3497/3497 3500/3500/3500 3501/3501/3501
f 3500/3500/3500 3502/3502/3502 3501/3501/3501
f 3500/3500/3500 3498/3498/3498 3503/3503/3503
f 3502/3502/3502 3500/3500/3500 3504/3504/3504
f 3504/3504/3504 3500/3500/3500 3503/3503/3503
f 3505/3505/3505 3502/3502/3502 3504/3504/3504
f 3504/3504/3504 3503/3503/3503 3506/3506/3506
f 3503/3503/3503 3507/3507/3507 3506/3506/3506
f 3503/3503/3503 3508/3508/3508 3507/3507/3507
f 3508/3508/3508 3509/3509/3509 3507/3507/3507
f 3504/3504/3504 3506/3506/3506 3510/3510/3510
f 3505/3505/3505 3504/3504/3504 3510/3510/3510
f 3505/3505/3505 3510/3510/3510 3511/3511/3511
f 3512/3512/3512 3505/3505/3505 3511/3511/3511
f 3515/3515/3515 3514/3514/3514 3513/3513/3513
f 3516/3516/3516 3515/3515/3515 3513/3513/3513
f 3517/3517/3517 3515/3515/3515 3516/3516/3516
f 3518/3518/3518 3517/3517/3517 3516/3516/3516
f 3519/3519/3519 3517/3517/3517 3518/3518/3518
f 3515/3515/3515 3517/3517/3517 3520/3520/3520
f 3521/3521/3521 3515/3515/3515 3520/3520/3520
f 3521/3521/3521 3520/3520/3520 3522/3522/3522
f 3520/3520/3520 3523/3523/3523 3522/3522/3522
f 3517/3517/3517 3519/3519/3519 3524/3524/3524
f 3520/3520/3520 3517/3517/3517 3524/3524/3524
f 3520/3520/3520 3524/3524/3524 3523/3523/3523
f 3524/3524/3524 3519/3519/3519 3525/3525/3525
f 3524/3524/3524 3526/3526/3526 3523/3523/3523
f 3529/3529/3529 3528/3528/3528 3527/3527/3527
f 3528/3528/3528 3530/3530/3530 3527/3527/3527
f 3527/3527/3527 3530/3530/3530 3531/3531/3531
f 3530/3530/3530 3528/3528/3528 3532/3532/3532
f 3532/3532/3532 3528/3528/3528 3533/3533/3533
f 3534/3534/3534 3530/3530/3530 3532/3532/3532
f 3530/3530/3530 3535/3535/3535 3531/3531/3531
f 3535/3535/3535 3530/3530/3530 3534/3534/3534
f 3531/3531/3531 3535/3535/3535 3536/3536/3536
f 3537/3537/3537 3535/3535/3535 3534/3534/3534
f 3535/3535/3535 3538/3538/3538 3536/3536/3536
f 3538/3538/3538 3535/3535/3535 3537/3537/3537
f 3536/3536/3536 3538/3538/3538 3539/3539/3539
f 3538/3538/3538 3540/3540/3540 3539/3539/3539
f 3540/3540/3540 3538/3538/3538 3541/3541/3541
f 3541/3541/3541 3538/3538/3538 3537/3537/3537
f 3542/3542/3542 3540/3540/3540 3541/3541/3541
f 3542/3542/3542 3541/3541/3541 3543/3543/3543
f 3541/3541/3541 3544/3544/3544 3543/3543/3543
f 3541/3541/3541 3537/3537/3537 3544/3544/3544
f 3537/3537/3537 3545/3545/3545 3544/3544/3544
f 3548/3548/3548 3547/3547/3547 3546/3546/3546
f 3547/3547/3547 3548/3548/3548 3549/3549/3549
f 3550/3550/3550 3547/3547/3547 3549/3549/3549
f 3551/3551/3551 3547/3547/3547 3550/3550/3550
f 3552/3552/3552 3551/3551/3551 3550/3550/3550
f 3552/3552/3552 3550/3550/3550 3553/3553/3553
f 3550/3550/3550 3554/3554/3554 3553/3553/3553
f 3550/3550/3550 3549/3549/3549 3554/3554/3554
f 3549/3549/3549 3555/3555/3555 3554/3554/3554
f 3558/3558/3558 3557/3557/3557 3556/3556/3556
f 3557/3557/3557 3559/3559/3559 3556/3556/3556
f 3556/3556/3556 3559/3559/3559 3560/3560/3560
f 3559/3559/3559 3557/3557/3557 3561/3561/3561
f 3559/3559/3559 3562/3562/3562 3560/3560/3560
f 3563/3563/3563 3559/3559/3559 3561/3561/3561
f 3562/3562/3562 3559/3559/3559 3563/3563/3563
f 3564/3564/3564 3562/3562/3562 3563/3563/3563
f 3564/3564/3564 3563/3563/3563 3565/3565/3565
f 3563/3563/3563 3566/3566/3566 3565/3565/3565
f 3564/3564/3564 3565/3565/3565 3567/3567/3567
f 3568/3568/3568 3564/3564/3564 3567/3567/3567
f 3571/3571/3571 3570/3570/3570 3569/3569/3569
f 3570/3570/3570 3572/3572/3572 3569/3569/3569
f 3570/3570/3570 3573/3573/3573 3572/3572/3572
f 3573/3573/3573 3574/3574/3574 3572/3572/3572
f 3573/3573/3573 3575/3575/3575 3574/3574/3574
f 3575/3575/3575 3576/3576/3576 3574/3574/3574
f 3575/3575/3575 3577/3577/3577 3576/3576/3576
f 3577/3577/3577 3578/3578/3578 3576/3576/3576
f 3581/3581/3581 3580/3580/3580 3579/3579/3579
f 3581/3581/3581 3579/3579/3579 3582/3582/3582
f 3583/3583/3583 3581/3581/3581 3582/3582/3582
f 3583/3583/3583 3582/3582/3582 3584/3584/3584
f 3585/3585/3585 3583/3583/3583 3584/3584/3584
f 3585/3585/3585 3584/3584/3584 3586/3586/3586
f 3587/3587/3587 3585/3585/3585 3586/3586/3586
f 3587/3587/3587 3586/3586/3586 3588/3588/3588
f 3589/3589/3589 3587/3587/3587 3588/3588/3588
f 3589/3589/3589 3588/3588/3588 3590/3590/3590
f 3591/3591/3591 3589/3589/3589 3590/3590/3590
f 3594/3594/3594 3593/3593/3593 3592/3592/3592
f 3595/3595/3595 3594/3594/3594 3592/3592/3592
f 3595/3595/3595 3592/3592/3592 3596/3596/3596
f 3597/3597/3597 3595/3595/3595 3596/3596/3596
f 3597/3597/3597 3596/3596/3596 3598/3598/3598
f 3599/3599/3599 3597/3597/3597 3598/3598/3598
f 3599/3599/3599 3598/3598/3598 3600/3600/3600
f 3603/3603/3603 3602/3602/3602 3601/3601/3601
f 3602/3602/3602 3604/3604/3604 3601/3601/3601
f 3602/3602/3602 3605/3605/3605 3604/3604/3604
f 3605/3605/3605 3606/3606/3606 3604/3604/3604
f 3605/3605/3605 3607/3607/3607 3606/3606/3606
f 3607/3607/3607 3608/3608/3608 3606/3606/3606
f 3607/3607/3607 3609/3609/3609 3608/3608/3608
f 3609/3609/3609 3610/3610/3610 3608/3608/3608
f 3613/3613/3613 3612/3612/3612 3611/3611/3611
f 3614/3614/3614 3613/3613/3613 3611/3611/3611
f 3617/3617/3617 3616/3616/3616 3615/3615/3615
f 3618/3618/3618 3617/3617/3617 3615/3615/3615
f 3621/3621/3621 3620/3620/3620 3619/3619/3619
f 3622/3622/3622 3621/3621/3621 3619/3619/3619
f 3621/3621/3621 3623/3623/3623 3620/3620/3620
f 3622/3622/3622 3619/3619/3619 3624/3624/3624
f 3623/3623/3623 3625/3625/3625 3620/3620/3620
f 3626/3626/3626 3622/3622/3622 3624/3624/3624
f 3623/3623/3623 3627/3627/3627 3625/3625/3625
f 3626/3626/3626 3624/3624/3624 3628/3628/3628
f 3627/3627/3627 3629/3629/3629 3625/3625/3625
f 3630/3630/3630 3626/3626/3626 3628/3628/3628
f 3627/3627/3627 3631/3631/3631 3629/3629/3629
f 3630/3630/3630 3628/3628/3628 3632/3632/3632
f 3631/3631/3631 3633/3633/3633 3629/3629/3629
f 3634/3634/3634 3630/3630/3630 3632/3632/3632
f 3631/3631/3631 3635/3635/3635 3633/3633/3633
f 3634/3634/3634 3632/3632/3632 3636/3636/3636
f 3635/3635/3635 3637/3637/3637 3633/3633/3633
f 3638/3638/3638 3634/3634/3634 3636/3636/3636
f 3635/3635/3635 3639/3639/3639 3637/3637/3637
f 3638/3638/3638 3636/3636/3636 3640/3640/3640
f 3639/3639/3639 3641/3641/3641 3637/3637/3637
f 3642/3642/3642 3638/3638/3638 3640/3640/3640
f 3639/3639/3639 3643/3643/3643 3641/3641/3641
f 3642/3642/3642 3640/3640/3640 3644/3644/3644
f 3643/3643/3643 3645/3645/3645 3641/3641/3641
f 3646/3646/3646 3642/3642/3642 3644/3644/3644
f 3643/3643/3643 3647/3647/3647 3645/3645/3645
f 3646/3646/3646 3644/3644/3644 3648/3648/3648
f 3647/3647/3647 3649/3649/3649 3645/3645/3645
f 3650/3650/3650 3646/3646/3646 3648/3648/3648
f 3647/3647/3647 3651/3651/3651 3649/3649/3649
f 3650/3650/3650 3648/3648/3648 3652/3652/3652
f 3651/3651/3651 3653/3653/3653 3649/3649/3649
f 3654/3654/3654 3650/3650/3650 3652/3652/3652
f 3651/3651/3651 3655/3655/3655 3653/3653/3653
f 3654/3654/3654 3652/3652/3652 3656/3656/3656
f 3655/3655/3655 3657/3657/3657 3653/3653/3653
f 3658/3658/3658 3654/3654/3654 3656/3656/3656
f 3658/3658/3658 3656/3656/3656 3657/3657/3657
f 3655/3655/3655 3658/3658/3658 3657/3657/3657
f 3661/3661/3661 3660/3660/3660 3659/3659/3659
f 3662/3662/3662 3661/3661/3661 3659/3659/3659
f 3661/3661/3661 3663/3663/3663 3660/3660/3660
f 3662/3662/3662 3659/3659/3659 3664/3664/3664
f 3663/3663/3663 3665/3665/3665 3660/3660/3660
f 3666/3666/3666 3662/3662/3662 3664/3664/3664
f 3663/3663/3663 3667/3667/3667 3665/3665/3665
f 3666/3666/3666 3664/3664/3664 3668/3668/3668
f 3667/3667/3667 3669/3669/3669 3665/3665/3665
f 3670/3670/3670 3666/3666/3666 3668/3668/3668
f 3667/3667/3667 3671/3671/3671 3669/3669/3669
f 3670/3670/3670 3668/3668/3668 3672/3672/3672
f 3671/3671/3671 3673/3673/3673 3669/3669/3669
f 3674/3674/3674 3670/3670/3670 3672/3672/3672
f 3671/3671/3671 3675/3675/3675 3673/3673/3673
f 3674/3674/3674 3672/3672/3672 3676/3676/3676
f 3675/3675/3675 3677/3677/3677 3673/3673/3673
f 3678/3678/3678 3674/3674/3674 3676/3676/3676
f 3675/3675/3675 3679/3679/3679 3677/3677/3677
f 3678/3678/3678 3676/3676/3676 3680/3680/3680
f 3679/3679/3679 3681/3681/3681 3677/3677/3677
f 3682/3682/3682 3678/3678/3678 3680/3680/3680
f 3679/3679/3679 3683/3683/3683 3681/3681/3681
f 3682/3682/3682 3680/3680/3680 3684/3684/3684
f 3683/3683/3683 3685/3685/3685 3681/3681/3681
f 3686/3686/3686 3682/3682/3682 3684/3684/3684
f 3683/3683/3683 3687/3687/3687 3685/3685/3685
f 3686/3686/3686 3684/3684/3684 3688/3688/3688
f 3687/3687/3687 3689/3689/3689 3685/3685/3685
f 3690/3690/3690 3686/3686/3686 3688/3688/3688
f 3687/3687/3687 3691/3691/3691 3689/3689/3689
f 3690/3690/3690 3688/3688/3688 3692/3692/3692
f 3691/3691/3691 3693/3693/3693 3689/3689/3689
f 3694/3694/3694 3690/3690/3690 3692/3692/3692
f 3691/3691/3691 3695/3695/3695 3693/3693/3693
f 3694/3694/3694 3692/3692/3692 3696/3696/3696
f 3695/3695/3695 3697/3697/3697 3693/3693/3693
f 3698/3698/3698 3694/3694/3694 3696/3696/3696
f 3698/3698/3698 3696/3696/3696 3697/3697/3697
f 3695/3695/3695 3698/3698/3698 3697/3697/3697
f 3701/3701/3701 3700/3700/3700 3699/3699/3699
f 3699/3699/3699 3700/3700/3700 3702/3702/3702
f 3703/3703/3703 3701/3701/3701 3699/3699/3699
f 3700/3700/3700 3704/3704/3704 3702/3702/3702
f 3705/3705/3705 3701/3701/3701 3703/3703/3703
f 3702/3702/3702 3704/3704/3704 3706/3706/3706
f 3707/3707/3707 3705/3705/3705 3703/3703/3703
f 3704/3704/3704 3708/3708/3708 3706/3706/3706
f 3709/3709/3709 3705/3705/3705 3707/3707/3707
f 3706/3706/3706 3708/3708/3708 3710/3710/3710
f 3711/3711/3711 3709/3709/3709 3707/3707/3707
f 3708/3708/3708 3712/3712/3712 3710/3710/3710
f 3713/3713/3713 3709/3709/3709 3711/3711/3711
f 3710/3710/3710 3712/3712/3712 3714/3714/3714
f 3715/3715/3715 3713/3713/3713 3711/3711/3711
f 3712/3712/3712 3716/3716/3716 3714/3714/3714
f 3717/3717/3717 3713/3713/3713 3715/3715/3715
f 3714/3714/3714 3716/3716/3716 3718/3718/3718
f 3719/3719/3719 3717/3717/3717 3715/3715/3715
f 3716/3716/3716 3720/3720/3720 3718/3718/3718
f 3721/3721/3721 3717/3717/3717 3719/3719/3719
f 3718/3718/3718 3720/3720/3720 3722/3722/3722
f 3723/3723/3723 3721/3721/3721 3719/3719/3719
f 3720/3720/3720 3724/3724/3724 3722/3722/3722
f 3725/3725/3725 3721/3721/3721 3723/3723/3723
f 3722/3722/3722 3724/3724/3724 3726/3726/3726
f 3727/3727/3727 3725/3725/3725 3723/3723/3723
f 3724/3724/3724 3728/3728/3728 3726/3726/3726
f 3729/3729/3729 3725/3725/3725 3727/3727/3727
f 3726/3726/3726 3728/3728/3728 3730/3730/3730
f 3731/3731/3731 3729/3729/3729 3727/3727/3727
f 3728/3728/3728 3732/3732/3732 3730/3730/3730
f 3733/3733/3733 3729/3729/3729 3731/3731/3731
f 3730/3730/3730 3732/3732/3732 3734/3734/3734
f 3735/3735/3735 3733/3733/3733 3731/3731/3731
f 3732/3732/3732 3736/3736/3736 3734/3734/3734
f 3737/3737/3737 3733/3733/3733 3735/3735/3735
f 3734/3734/3734 3736/3736/3736 3738/3738/3738
f 3738/3738/3738 3737/3737/3737 3735/3735/3735
f 3736/3736/3736 3737/3737/3737 3738/3738/3738
f 3741/3741/3741 3740/3740/3740 3739/3739/3739
f 3742/3742/3742 3741/3741/3741 3739/3739/3739
f 3741/3741/3741 3743/3743/3743 3740/3740/3740
f 3742/3742/3742 3739/3739/3739 3744/3744/3744
f 3743/3743/3743 3745/3745/3745 3740/3740/3740
f 3746/3746/3746 3742/3742/3742 3744/3744/3744
f 3743/3743/3743 3747/3747/3747 3745/3745/3745
f 3746/3746/3746 3744/3744/3744 3748/3748/3748
f 3747/3747/3747 3749/3749/3749 3745/3745/3745
f 3750/3750/3750 3746/3746/3746 3748/3748/3748
f 3747/3747/3747 3751/3751/3751 3749/3749/3749
f 3750/3750/3750 3748/3748/3748 3752/3752/3752
f 3751/3751/3751 3753/3753/3753 3749/3749/3749
f 3754/3754/3754 3750/3750/3750 3752/3752/3752
f 3751/3751/3751 3755/3755/3755 3753/3753/3753
f 3754/3754/3754 3752/3752/3752 3756/3756/3756
f 3755/3755/3755 3757/3757/3757 3753/3753/3753
f 3758/3758/3758 3754/3754/3754 3756/3756/3756
f 3755/3755/3755 3759/3759/3759 3757/3757/3757
f 3758/3758/3758 3756/3756/3756 3760/3760/3760
f 3759/3759/3759 3761/3761/3761 3757/3757/3757
f 3762/3762/3762 3758/3758/3758 3760/3760/3760
f 3759/3759/3759 3763/3763/3763 3761/3761/3761
f 3762/3762/3762 3760/3760/3760 3764/3764/3764
f 3763/3763/3763 3765/3765/3765 3761/3761/3761
f 3766/3766/3766 3762/3762/3762 3764/3764/3764
f 3763/3763/3763 3767/3767/3767 3765/3765/3765
f 3766/3766/3766 3764/3764/3764 3768/3768/3768
f 3767/3767/3767 3769/3769/3769 3765/3765/3765
f 3770/3770/3770 3766/3766/3766 3768/3768/3768
f 3767/3767/3767 3771/3771/3771 3769/3769/3769
f 3770/3770/3770 3768/3768/3768 3772/3772/3772
f 3771/3771/3771 3773/3773/3773 3769/3769/3769
f 3774/3774/3774 3770/3770/3770 3772/3772/3772
f 3771/3771/3771 3775/3775/3775 3773/3773/3773
f 3774/3774/3774 3772/3772/3772 3776/3776/3776
f 3775/3775/3775 3777/3777/3777 3773/3773/3773
f 3778/3778/3778 3774/3774/3774 3776/3776/3776
f 3778/3778/3778 3776/3776/3776 3777/3777/3777
f 3775/3775/3775 3778/3778/3778 3777/3777/3777
f 3781/3781/3781 3780/3780/3780 3779/3779/3779
f 3779/3779/3779 3780/3780/3780 3782/3782/3782
f 3783/3783/3783 3781/3781/3781 3779/3779/3779
f 3780/3780/3780 3784/3784/3784 3782/3782/3782
f 3785/3785/3785 3781/3781/3781 3783/3783/3783
f 3782/3782/3782 3784/3784/3784 3786/3786/3786
f 3787/3787/3787 3785/3785/3785 3783/3783/3783
f 3784/3784/3784 3788/3788/3788 3786/3786/3786
f 3789/3789/3789 3785/3785/3785 3787/3787/3787
f 3786/3786/3786 3788/3788/3788 3790/3790/3790
f 3791/3791/3791 3789/3789/3789 3787/3787/3787
f 3788/3788/3788 3792/3792/3792 3790/3790/3790
f 3793/3793/3793 3789/3789/3789 3791/3791/3791
f 3790/3790/3790 3792/3792/3792 3794/3794/3794
f 3795/3795/3795 3793/3793/3793 3791/3791/3791
f 3792/3792/3792 3796/3796/3796 3794/3794/3794
f 3797/3797/3797 3793/3793/3793 3795/3795/3795
f 3794/3794/3794 3796/3796/3796 3798/3798/3798
f 3799/3799/3799 3797/3797/3797 3795/3795/3795
f 3796/3796/3796 3800/3800/3800 3798/3798/3798
f 3801/3801/3801 3797/3797/3797 3799/3799/3799
f 3798/3798/3798 3800/3800/3800 3802/3802/3802
f 3803/3803/3803 3801/3801/3801 3799/3799/3799
f 3800/3800/3800 3804/3804/3804 3802/3802/3802
f 3805/3805/3805 3801/3801/3801 3803/3803/3803
f 3802/3802/3802 3804/3804/3804 3806/3806/3806
f 3807/3807/3807 3805/3805/3805 3803/3803/3803
f 3804/3804/3804 3808/3808/3808 3806/3806/3806
f 3809/3809/3809 3805/3805/3805 3807/3807/3807
f 3806/3806/3806 3808/3808/3808 3810/3810/3810
f 3811/3811/3811 3809/3809/3809 3807/3807/3807
f 3808/3808/3808 3812/3812/3812 3810/3810/3810
f 3813/3813/3813 3809/3809/3809 3811/3811/3811
f 3810/3810/3810 3812/3812/3812 3814/3814/3814
f 3815/3815/3815 3813/3813/3813 3811/3811/3811
f 3812/3812/3812 3816/3816/3816 3814/3814/3814
f 3817/3817/3817 3813/3813/3813 3815/3815/3815
f 3814/3814/3814 3816/3816/3816 3818/3818/3818
f 3818/3818/3818 3817/3817/3817 3815/3815/3815
f 3816/3816/3816 3817/3817/3817 3818/3818/3818
f 3821/3821/3821 3820/3820/3820 3819/3819/3819
f 3822/3822/3822 3821/3821/3821 3819/3819/3819
f 3821/3821/3821 3823/3823/3823 3820/3820/3820
f 3822/3822/3822 3819/3819/3819 3824/3824/3824
f 3823/3823/3823 3825/3825/3825 3820/3820/3820
f 3826/3826/3826 3822/3822/3822 3824/3824/3824
f 3823/3823/3823 3827/3827/3827 3825/3825/3825
f 3826/3826/3826 3824/3824/3824 3828/3828/3828
f 3827/3827/3827 3829/3829/3829 3825/3825/3825
f 3830/3830/3830 3826/3826/3826 3828/3828/3828
f 3827/3827/3827 3831/3831/3831 3829/3829/3829
f 3830/3830/3830 3828/3828/3828 3832/3832/3832
f 3831/3831/3831 3833/3833/3833 3829/3829/3829
f 3834/3834/3834 3830/3830/3830 3832/3832/3832
f 3831/3831/3831 3835/3835/3835 3833/3833/3833
f 3834/3834/3834 3832/3832/3832 3836/3836/3836
f 3835/3835/3835 3837/3837/3837 3833/3833/3833
f 3838/3838/3838 3834/3834/3834 3836/3836/3836
f 3835/3835/3835 3839/3839/3839 3837/3837/3837
f 3838/3838/3838 3836/3836/3836 3840/3840/3840
f 3839/3839/3839 3841/3841/3841 3837/3837/3837
f 3842/3842/3842 3838/3838/3838 3840/3840/3840
f 3839/3839/3839 3843/3843/3843 3841/3841/3841
f 3842/3842/3842 3840/3840/3840 3844/3844/3844
f 3843/3843/3843 3845/3845/3845 3841/3841/3841
f 3846/3846/3846 3842/3842/3842 3844/3844/3844
f 3843/3843/3843 3847/3847/3847 3845/3845/3845
f 3846/3846/3846 3844/3844/3844 3848/3848/3848
f 3847/3847/3847 3849/3849/3849 3845/3845/3845
f 3850/3850/3850 3846/3846/3846 3848/3848/3848
f 3847/3847/3847 3851/3851/3851 3849/3849/3849
f 3850/3850/3850 3848/3848/3848 3852/3852/3852
f 3851/3851/3851 3853/3853/3853 3849/3849/3849
f 3854/3854/3854 3850/3850/3850 3852/3852/3852
f 3851/3851/3851 3855/3855/3855 3853/3853/3853
f 3854/3854/3854 3852/3852/3852 3856/3856/3856
f 3855/3855/3855 3857/3857/3857 3853/3853/3853
f 3858/3858/3858 3854/3854/3854 3856/3856/3856
f 3858/3858/3858 3856/3856/3856 3857/3857/3857
f 3855/3855/3855 3858/3858/3858 3857/3857/3857
f 3861/3861/3861 3860/3860/3860 3859/3859/3859
f 3859/3859/3859 3860/3860/3860 3862/3862/3862
f 3863/3863/3863 3861/3861/3861 3859/3859/3859
f 3860/3860/3860 3864/3864/3864 3862/3862/3862
f 3865/3865/3865 3861/3861/3861 3863/3863/3863
f 3862/3862/3862 3864/3864/3864 3866/3866/3866
f 3867/3867/3867 3865/3865/3865 3863/3863/3863
f 3864/3864/3864 3868/3868/3868 3866/3866/3866
f 3869/3869/3869 3865/3865/3865 3867/3867/3867
f 3866/3866/3866 3868/3868/3868 3870/3870/3870
f 3871/3871/3871 3869/3869/3869 3867/3867/3867
f 3868/3868/3868 3872/3872/3872 3870/3870/3870
f 3873/3873/3873 3869/3869/3869 3871/3871/3871
f 3870/3870/3870 3872/3872/3872 3874/3874/3874
f 3875/3875/3875 3873/3873/3873 3871/3871/3871
f 3872/3872/3872 3876/3876/3876 3874/3874/3874
f 3877/3877/3877 3873/3873/3873 3875/3875/3875
f 3874/3874/3874 3876/3876/3876 3878/3878/3878
f 3879/3879/3879 3877/3877/3877 3875/3875/3875
f 3876/3876/3876 3880/3880/3880 3878/3878/3878
f 3881/3881/3881 3877/3877/3877 3879/3879/3879
f 3878/3878/3878 3880/3880/3880 3882/3882/3882
f 3883/3883/3883 3881/3881/3881 3879/3879/3879
f 3880/3880/3880 3884/3884/3884 3882/3882/3882
f 3885/3885/3885 3881/3881/3881 3883/3883/3883
f 3882/3882/3882 3884/3884/3884 3886/3886/3886
f 3887/3887/3887 3885/3885/3885 3883/3883/3883
f 3884/3884/3884 3888/3888/3888 3886/3886/3886
f 3889/3889/3889 3885/3885/3885 3887/3887/3887
f 3886/3886/3886 3888/3888/3888 3890/3890/3890
f 3891/3891/3891 3889/3889/3889 3887/3887/3887
f 3888/3888/3888 3892/3892/3892 3890/3890/3890
f 3893/3893/3893 3889/3889/3889 3891/3891/3891
f 3890/3890/3890 3892/3892/3892 3894/3894/3894
f 3895/3895/3895 3893/3893/3893 3891/3891/3891
f 3892/3892/3892 3896/3896/3896 3894/3894/3894
f 3897/3897/3897 3893/3893/3893 3895/3895/3895
f 3894/3894/3894 3896/3896/3896 3898/3898/3898
f 3898/3898/3898 3897/3897/3897 3895/3895/3895
f 3896/3896/3896 3897/3897/3897 3898/3898/3898
f 3901/3901/3901 3900/3900/3900 3899/3899/3899
f 3902/3902/3902 3901/3901/3901 3899/3899/3899
f 3901/3901/3901 3903/3903/3903 3900/3900/3900
f 3902/3902/3902 3899/3899/3899 3904/3904/3904
f 3903/3903/3903 3905/3905/3905 3900/3900/3900
f 3906/3906/3906 3902/3902/3902 3904/3904/3904
f 3903/3903/3903 3907/3907/3907 3905/3905/3905
f 3906/3906/3906 3904/3904/3904 3908/3908/3908
f 3907/3907/3907 3909/3909/3909 3905/3905/3905
f 3910/3910/3910 3906/3906/3906 3908/3908/3908
f 3907/3907/3907 3911/3911/3911 3909/3909/3909
f 3910/3910/3910 3908/3908/3908 3912/3912/3912
f 3911/3911/3911 3913/3913/3913 3909/3909/3909
f 3914/3914/3914 3910/3910/3910 3912/3912/3912
f 3911/3911/3911 3915/3915/3915 3913/3913/3913
f 3914/3914/3914 3912/3912/3912 3916/3916/3916
f 3915/3915/3915 3917/3917/3917 3913/3913/3913
f 3918/3918/3918 3914/3914/3914 3916/3916/3916
f 3915/3915/3915 3919/3919/3919 3917/3917/3917
f 3918/3918/3918 3916/3916/3916 3920/3920/3920
f 3919/3919/3919 3921/3921/3921 3917/3917/3917
f 3922/3922/3922 3918/3918/3918 3920/3920/3920
f 3919/3919/3919 3923/3923/3923 3921/3921/3921
f 3922/3922/3922 3920/3920/3920 3924/3924/3924
f 3923/3923/3923 3925/3925/3925 3921/3921/3921
f 3926/3926/3926 3922/3922/3922 3924/3924/3924
f 3923/3923/3923 3927/3927/3927 3925/3925/3925
f 3926/3926/3926 3924/3924/3924 3928/3928/3928
f 3927/3927/3927 3929/3929/3929 3925/3925/3925
f 3930/3930/3930 3926/3926/3926 3928/3928/3928
f 3927/3927/3927 3931/3931/3931 3929/3929/3929
f 3930/3930/3930 3928/3928/3928 3932/3932/3932
f 3931/3931/3931 3933/3933/3933 3929/3929/3929
f 3934/3934/3934 3930/3930/3930 3932/3932/3932
f 3931/3931/3931 3935/3935/3935 3933/3933/3933
f 3934/3934/3934 3932/3932/3932 3936/3936/3936
f 3935/3935/3935 3937/3937/3937 3933/3933/3933
f 3938/3938/3938 3934/3934/3934 3936/3936/3936
f 3938/3938/3938 3936/3936/3936 3937/3937/3937
f 3935/3935/3935 3938/3938/3938 3937/3937/3937
f 3941/3941/3941 3940/3940/3940 3939/3939/3939
f 3939/3939/3939 3940/3940/3940 3942/3942/3942
f 3943/3943/3943 3941/3941/3941 3939/3939/3939
f 3940/3940/3940 3944/3944/3944 3942/3942/3942
f 3945/3945/3945 3941/3941/3941 3943/3943/3943
f 3942/3942/3942 3944/3944/3944 3946/3946/3946
f 3947/3947/3947 3945/3945/3945 3943/3943/3943
f 3944/3944/3944 3948/3948/3948 3946/3946/3946
f 3949/3949/3949 3945/3945/3945 3947/3947/3947
f 3946/3946/3946 3948/3948/3948 3950/3950/3950
f 3951/3951/3951 3949/3949/3949 3947/3947/3947
f 3948/3948/3948 3952/3952/3952 3950/3950/3950
f 3953/3953/3953 3949/3949/3949 3951/3951/3951
f 3950/3950/3950 3952/3952/3952 3954/3954/3954
f 3955/3955/3955 3953/3953/3953 3951/3951/3951
f 3952/3952/3952 3956/3956/3956 3954/3954/3954
f 3957/3957/3957 3953/3953/3953 3955/3955/3955
f 3954/3954/3954 3956/3956/3956 3958/3958/3958
f 3959/3959/3959 3957/3957/3957 3955/3955/3955
f 3956/3956/3956 3960/3960/3960 3958/3958/3958
f 3961/3961/3961 3957/3957/3957 3959/3959/3959
f 3958/3958/3958 3960/3960/3960 3962/3962/3962
f 3963/3963/3963 3961/3961/3961 3959/3959/3959
f 3960/3960/3960 3964/3964/3964 3962/3962/3962
f 3965/3965/3965 3961/3961/3961 3963/3963/3963
f 3962/3962/3962 3964/3964/3964 3966/3966/3966
f 3967/3967/3967 3965/3965/3965 3963/3963/3963
f 3964/3964/3964 3968/3968/3968 3966/3966/3966
f 3969/3969/3969 3965/3965/3965 3967/3967/3967
f 3966/3966/3966 3968/3968/3968 3970/3970/3970
f 3971/3971/3971 3969/3969/3969 3967/3967/3967
f 3968/3968/3968 3972/3972/3972 3970/3970/3970
f 3973/3973/3973 3969/3969/3969 3971/3971/3971
f 3970/3970/3970 3972/3972/3972 3974/3974/3974
f 3975/3975/3975 3973/3973/3973 3971/3971/3971
f 3972/3972/3972 3976/3976/3976 3974/3974/3974
f 3977/3977/3977 3973/3973/3973 3975/3975/3975
f 3974/3974/3974 3976/3976/3976 3978/3978/3978
f 3978/3978/3978 3977/3977/3977 3975/3975/3975
f 3976/3976/3976 3977/3977/3977 3978/3978/3978
f 3981/3981/3981 3980/3980/3980 3979/3979/3979
f 3982/3982/3982 3981/3981/3981 3979/3979/3979
f 3981/3981/3981 3983/3983/3983 3980/3980/3980
f 3982/3982/3982 3979/3979/3979 3984/3984/3984
f 3983/3983/3983 3985/3985/3985 3980/3980/3980
f 3986/3986/3986 3982/3982/3982 3984/3984/3984
f 3983/3983/3983 3987/3987/3987 3985/3985/3985
f 3986/3986/3986 3984/3984/3984 3988/3988/3988
f 3987/3987/3987 3989/3989/3989 3985/3985/3985
f 3990/3990/3990 3986/3986/3986 3988/3988/3988
f 3987/3987/3987 3991/3991/3991 3989/3989/3989
f 3990/3990/3990 3988/3988/3988 3992/3992/3992
f 3991/3991/3991 3993/3993/3993 3989/3989/3989
f 3994/3994/3994 3990/3990/3990 3992/3992/3992
f 3991/3991/3991 3995/3995/3995 3993/3993/3993
f 3994/3994/3994 3992/3992/3992 3996/3996/3996
f 3995/3995/3995 3997/3997/3997 3993/3993/3993
f 3998/3998/3998 3994/3994/3994 3996/3996/3996
f 3995/3995/3995 3999/3999/3999 3997/3997/3997
f 3998/3998/3998 3996/3996/3996 4000/4000/4000
f 3999/3999/3999 4001/4001/4001 3997/3997/3997
f 4002/4002/4002 3998/3998/3998 4000/4000/4000
f 3999/3999/3999 4003/4003/4003 4001/4001/4001
f 4002/4002/4002 4000/4000/4000 4004/4004/4004
f 4003/4003/4003 4005/4005/4005 4001/4001/4001
f 4006/4006/4006 4002/4002/4002 4004/4004/4004
f 4003/4003/4003 4007/4007/4007 4005/4005/4005
f 4006/4006/4006 4004/4004/4004 4008/4008/4008
f 4007/4007/4007 4009/4009/4009 4005/4005/4005
f 4010/4010/4010 4006/4006/4006 4008/4008/4008
f 4007/4007/4007 4011/4011/4011 4009/4009/4009
f 4010/4010/4010 4008/4008/4008 4012/4012/4012
f 4011/4011/4011 4013/4013/4013 4009/4009/4009
f 4014/4014/4014 4010/4010/4010 4012/4012/4012
f 4011/4011/4011 4015/4015/4015 4013/4013/4013
f 4014/4014/4014 4012/4012/4012 4016/4016/4016
f 4015/4015/4015 4017/4017/4017 4013/4013/4013
f 4018/4018/4018 4014/4014/4014 4016/4016/4016
f 4018/4018/4018 4016/4016/4016 4017/4017/4017
f 4015/4015/4015 4018/4018/4018 4017/4017/4017
f 4021/4021/4021 4020/4020/4020 4019/4019/4019
f 4019/4019/4019 4020/4020/4020 4022/4022/4022
f 4023/4023/4023 4021/4021/4021 4019/4019/4019
f 4020/4020/4020 4024/4024/4024 4022/4022/4022
f 4025/4025/4025 4021/4021/4021 4023/4023/4023
f 4022/4022/4022 4024/4024/4024 4026/4026/4026
f 4027/4027/4027 4025/4025/4025 4023/4023/4023
f 4024/4024/4024 4028/4028/4028 4026/4026/4026
f 4029/4029/4029 4025/4025/4025 4027/4027/4027
f 4026/4026/4026 4028/4028/4028 4030/4030/4030
f 4031/4031/4031 4029/4029/4029 4027/4027/4027
f 4028/4028/4028 4032/4032/4032 4030/4030/4030
f 4033/4033/4033 4029/4029/4029 4031/4031/4031
f 4030/4030/4030 4032/4032/4032 4034/4034/4034
f 4035/4035/4035 4033/4033/4033 4031/4031/4031
f 4032/4032/4032 4036/4036/4036 4034/4034/4034
f 4037/4037/4037 4033/4033/4033 4035/4035/4035
f 4034/4034/4034 4036/4036/4036 4038/4038/4038
f 4039/4039/4039 4037/4037/4037 4035/4035/4035
f 4036/4036/4036 4040/4040/4040 4038/4038/4038
f 4041/4041/4041 4037/4037/4037 4039/4039/4039
f 4038/4038/4038 4040/4040/4040 4042/4042/4042
f 4043/4043/4043 4041/4041/4041 4039/4039/4039
f 4040/4040/4040 4044/4044/4044 4042/4042/4042
f 4045/4045/4045 4041/4041/4041 4043/4043/4043
f 4042/4042/4042 4044/4044/4044 4046/4046/4046
f 4047/4047/4047 4045/4045/4045 4043/4043/4043
f 4044/4044/4044 4048/4048/4048 4046/4046/4046
f 4049/4049/4049 4045/4045/4045 4047/4047/4047
f 4046/4046/4046 4048/4048/4048 4050/4050/4050
f 4051/4051/4051 4049/4049/4049 4047/4047/4047
f 4048/4048/4048 4052/4052/4052 4050/4050/4050
f 4053/4053/4053 4049/4049/4049 4051/4051/4051
f 4050/4050/4050 4052/4052/4052 4054/4054/4054
f 4055/4055/4055 4053/4053/4053 4051/4051/4051
f 4052/4052/4052 4056/4056/4056 4054/4054/4054
f 4057/4057/4057 4053/4053/4053 4055/4055/4055
f 4054/4054/4054 4056/4056/4056 4058/4058/4058
f 4058/4058/4058 4057/4057/4057 4055/4055/4055
f 4056/4056/4056 4057/4057/4057 4058/4058/4058
f 4061/4061/4061 4060/4060/4060 4059/4059/4059
f 4059/4059/4059 4060/4060/4060 4062/4062/4062
f 4063/4063/4063 4061/4061/4061 4059/4059/4059
f 4060/4060/4060 4064/4064/4064 4062/4062/4062
f 4065/4065/4065 4061/4061/4061 4063/4063/4063
f 4062/4062/4062 4064/4064/4064 4066/4066/4066
f 4067/4067/4067 4065/4065/4065 4063/4063/4063
f 4064/4064/4064 4068/4068/4068 4066/4066/4066
f 4069/4069/4069 4065/4065/4065 4067/4067/4067
f 4066/4066/4066 4068/4068/4068 4070/4070/4070
f 4071/4071/4071 4069/4069/4069 4067/4067/4067
f 4068/4068/4068 4072/4072/4072 4070/4070/4070
f 4073/4073/4073 4069/4069/4069 4071/4071/4071
f 4070/4070/4070 4072/4072/4072 4074/4074/4074
f 4075/4075/4075 4073/4073/4073 4071/4071/4071
f 4072/4072/4072 4076/4076/4076 4074/4074/4074
f 4077/4077/4077 4073/4073/4073 4075/4075/4075
f 4074/4074/4074 4076/4076/4076 4078/4078/4078
f 4079/4079/4079 4077/4077/4077 4075/4075/4075
f 4076/4076/4076 4080/4080/4080 4078/4078/4078
f 4081/4081/4081 4077/4077/4077 4079/4079/4079
f 4078/4078/4078 4080/4080/4080 4082/4082/4082
f 4083/4083/4083 4081/4081/4081 4079/4079/4079
f 4080/4080/4080 4084/4084/4084 4082/4082/4082
f 4085/4085/4085 4081/4081/4081 4083/4083/4083
f 4082/4082/4082 4084/4084/4084 4086/4086/4086
f 4087/4087/4087 4085/4085/4085 4083/4083/4083
f 4084/4084/4084 4088/4088/4088 4086/4086/4086
f 4089/4089/4089 4085/4085/4085 4087/4087/4087
f 4086/4086/4086 4088/4088/4088 4090/4090/4090
f 4091/4091/4091 4089/4089/4089 4087/4087/4087
f 4088/4088/4088 4092/4092/4092 4090/4090/4090
f 4093/4093/4093 4089/4089/4089 4091/4091/4091
f 4090/4090/4090 4092/4092/4092 4094/4094/4094
f 4095/4095/4095 4093/4093/4093 4091/4091/4091
f 4092/4092/4092 4096/4096/4096 4094/4094/4094
f 4097/4097/4097 4093/4093/4093 4095/4095/4095
f 4094/4094/4094 4096/4096/4096 4098/4098/4098
f 4098/4098/4098 4097/4097/4097 4095/4095/4095
f 4096/4096/4096 4097/4097/4097 4098/4098/4098
f 4101/4101/4101 4100/4100/4100 4099/4099/4099
f 4099/4099/4099 4100/4100/4100 4102/4102/4102
f 4103/4103/4103 4101/4101/4101 4099/4099/4099
f 4100/4100/4100 4104/4104/4104 4102/4102/4102
f 4105/4105/4105 4101/4101/4101 4103/4103/4103
f 4102/4102/4102 4104/4104/4104 4106/4106/4106
f 4107/4107/4107 4105/4105/4105 4103/4103/4103
f 4104/4104/4104 4108/4108/4108 4106/4106/4106
f 4109/4109/4109 4105/4105/4105 4107/4107/4107
f 4106/4106/4106 4108/4108/4108 4110/4110/4110
f 4111/4111/4111 4109/4109/4109 4107/4107/4107
f 4108/4108/4108 4112/4112/4112 4110/4110/4110
f 4113/4113/4113 4109/4109/4109 4111/4111/4111
f 4110/4110/4110 4112/4112/4112 4114/4114/4114
f 4115/4115/4115 4113/4113/4113 4111/4111/4111
f 4112/4112/4112 4116/4116/4116 4114/4114/4114
f 4117/4117/4117 4113/4113/4113 4115/4115/4115
f 4114/4114/4114 4116/4116/4116 4118/4118/4118
f 4119/4119/4119 4117/4117/4117 4115/4115/4115
f 4116/4116/4116 4120/4120/4120 4118/4118/4118
f 4121/4121/4121 4117/4117/4117 4119/4119/4119
f 4118/4118/4118 4120/4120/4120 4122/4122/4122
f 4123/4123/4123 4121/4121/4121 4119/4119/4119
f 4120/4120/4120 4124/4124/4124 4122/4122/4122
f 4125/4125/4125 4121/4121/4121 4123/4123/4123
f 4122/4122/4122 4124/4124/4124 4126/4126/4126
f 4127/4127/4127 4125/4125/4125 4123/4123/4123
f 4124/4124/4124 4128/4128/4128 4126/4126/4126
f 4129/4129/4129 4125/4125/4125 4127/4127/4127
f 4126/4126/4126 4128/4128/4128 4130/4130/4130
f 4131/4131/4131 4129/4129/4129 4127/4127/4127
f 4128/4128/4128 4132/4132/4132 4130/4130/4130
f 4133/4133/4133 4129/4129/4129 4131/4131/4131
f 4130/4130/4130 4132/4132/4132 4134/4134/4134
f 4135/4135/4135 4133/4133/4133 4131/4131/4131
f 4132/4132/4132 4136/4136/4136 4134/4134/4134
f 4137/4137/4137 4133/4133/4133 4135/4135/4135
f 4134/4134/4134 4136/4136/4136 4138/4138/4138
f 4138/4138/4138 4137/4137/4137 4135/4135/4135
f 4136/4136/4136 4137/4137/4137 4138/4138/4138
f 4141/4141/4141 4140/4140/4140 4139/4139/4139
f 4142/4142/4142 4141/4141/4141 4139/4139/4139
f 4141/4141/4141 4143/4143/4143 4140/4140/4140
f 4142/4142/4142 4139/4139/4139 4144/4144/4144
f 4143/4143/4143 4145/4145/4145 4140/4140/4140
f 4146/4146/4146 4142/4142/4142 4144/4144/4144
f 4143/4143/4143 4147/4147/4147 4145/4145/4145
f 4146/4146/4146 4144/4144/4144 4148/4148/4148
f 4147/4147/4147 4149/4149/4149 4145/4145/4145
f 4150/4150/4150 4146/4146/4146 4148/4148/4148
f 4147/4147/4147 4151/4151/4151 4149/4149/4149
f 4150/4150/4150 4148/4148/4148 4152/4152/4152
f 4151/4151/4151 4153/4153/4153 4149/4149/4149
f 4154/4154/4154 4150/4150/4150 4152/4152/4152
f 4151/4151/4151 4155/4155/4155 4153/4153/4153
f 4154/4154/4154 4152/4152/4152 4156/4156/4156
f 4155/4155/4155 4157/4157/4157 4153/4153/4153
f 4158/4158/4158 4154/4154/4154 4156/4156/4156
f 4155/4155/4155 4159/4159/4159 4157/4157/4157
f 4158/4158/4158 4156/4156/4156 4160/4160/4160
f 4159/4159/4159 4161/4161/4161 4157/4157/4157
f 4162/4162/4162 4158/4158/4158 4160/4160/4160
f 4159/4159/4159 4163/4163/4163 4161/4161/4161
f 4162/4162/4162 4160/4160/4160 4164/4164/4164
f 4163/4163/4163 4165/4165/4165 4161/4161/4161
f 4166/4166/4166 4162/4162/4162 4164/4164/4164
f 4163/4163/4163 4167/4167/4167 4165/4165/4165
f 4166/4166/4166 4164/4164/4164 4168/4168/4168
f 4167/4167/4167 4169/4169/4169 4165/4165/4165
f 4170/4170/4170 4166/4166/4166 4168/4168/4168
f 4167/4167/4167 4171/4171/4171 4169/4169/4169
f 4170/4170/4170 4168/4168/4168 4172/4172/4172
f 4171/4171/4171 4173/4173/4173 4169/4169/4169
f 4174/4174/4174 4170/4170/4170 4172/4172/4172
f 4171/4171/4171 4175/4175/4175 4173/4173/4173
f 4174/4174/4174 4172/4172/4172 4176/4176/4176
f 4175/4175/4175 4177/4177/4177 4173/4173/4173
f 4178/4178/4178 4174/4174/4174 4176/4176/4176
f 4178/4178/4178 4176/4176/4176 4177/4177/4177
f 4175/4175/4175 4178/4178/4178 4177/4177/4177
f 4181/4181/4181 4180/4180/4180 4179/4179/4179
f 4182/4182/4182 4181/4181/4181 4179/4179/4179
f 4181/4181/4181 4183/4183/4183 4180/4180/4180
f 4182/4182/4182 4179/4179/4179 4184/4184/4184
f 4183/4183/4183 4185/4185/4185 4180/4180/4180
f 4186/4186/4186 4182/4182/4182 4184/4184/4184
f 4183/4183/4183 4187/4187/4187 4185/4185/4185
f 4186/4186/4186 4184/4184/4184 4188/4188/4188
f 4187/4187/4187 4189/4189/4189 4185/4185/4185
f 4190/4190/4190 4186/4186/4186 4188/4188/4188
f 4187/4187/4187 4191/4191/4191 4189/4189/4189
f 4190/4190/4190 4188/4188/4188 4192/4192/4192
f 4191/4191/4191 4193/4193/4193 4189/4189/4189
f 4194/4194/4194 4190/4190/4190 4192/4192/4192
f 4191/4191/4191 4195/4195/4195 4193/4193/4193
f 4194/4194/4194 4192/4192/4192 4196/4196/4196
f 4195/4195/4195 4197/4197/4197 4193/4193/4193
f 4198/4198/4198 4194/4194/4194 4196/4196/4196
f 4195/4195/4195 4199/4199/4199 4197/4197/4197
f 4198/4198/4198 4196/4196/4196 4200/4200/4200
f 4199/4199/4199 4201/4201/4201 4197/4197/4197
f 4202/4202/4202 4198/4198/4198 4200/4200/4200
f 4199/4199/4199 4203/4203/4203 4201/4201/4201
f 4202/4202/4202 4200/4200/4200 4204/4204/4204
f 4203/4203/4203 4205/4205/4205 4201/4201/4201
f 4206/4206/4206 4202/4202/4202 4204/4204/4204
f 4203/4203/4203 4207/4207/4207 4205/4205/4205
f 4206/4206/4206 4204/4204/4204 4208/4208/4208
f 4207/4207/4207 4209/4209/4209 4205/4205/4205
f 4210/4210/4210 4206/4206/4206 4208/4208/4208
f 4207/4207/4207 4211/4211/4211 4209/4209/4209
f 4210/4210/4210 4208/4208/4208 4212/4212/4212
f 4211/4211/4211 4213/4213/4213 4209/4209/4209
f 4214/4214/4214 4210/4210/4210 4212/4212/4212
f 4211/4211/4211 4215/4215/4215 4213/4213/4213
f 4214/4214/4214 4212/4212/4212 4216/4216/4216
f 4215/4215/4215 4217/4217/4217 4213/4213/4213
f 4218/4218/4218 4214/4214/4214 4216/4216/4216
f 4218/4218/4218 4216/4216/4216 4217/4217/4217
f 4215/4215/4215 4218/4218/4218 4217/4217/4217
g Computer  chair_1
f 4221/4221/4221 4220/4220/4220 4219/4219/4219
f 4224/4224/4224 4223/4223/4223 4222/4222/4222
f 4227/4227/4227 4226/4226/4226 4225/4225/4225
f 4230/4230/4230 4229/4229/4229 4228/4228/4228
f 4233/4233/4233 4232/4232/4232 4231/4231/4231
f 4236/4236/4236 4235/4235/4235 4234/4234/4234
f 4239/4239/4239 4238/4238/4238 4237/4237/4237
f 4242/4242/4242 4241/4241/4241 4240/4240/4240
f 4245/4245/4245 4244/4244/4244 4243/4243/4243
f 1460/1460/1460 4246/4246/4246 1465/1465/1465
f 1465/1465/1465 4247/4247/4247 1470/1470/1470
f 4247/4247/4247 4248/4248/4248 1470/1470/1470
f 1470/1470/1470 4248/4248/4248 1472/1472/1472
f 4248/4248/4248 4249/4249/4249 1472/1472/1472
f 1472/1472/1472 4249/4249/4249 1478/1478/1478
f 4249/4249/4249 4250/4250/4250 1478/1478/1478
f 1478/1478/1478 4250/4250/4250 1483/1483/1483
f 4250/4250/4250 4251/4251/4251 1483/1483/1483
f 1483/1483/1483 4251/4251/4251 1487/1487/1487
f 4251/4251/4251 4252/4252/4252 1487/1487/1487
f 1490/1490/1490 1487/1487/1487 4252/4252/4252
f 4253/4253/4253 1490/1490/1490 4252/4252/4252
f 1490/1490/1490 4253/4253/4253 1498/1498/1498
f 4253/4253/4253 4254/4254/4254 1498/1498/1498
f 1498/1498/1498 4254/4254/4254 1500/1500/1500
f 4254/4254/4254 4255/4255/4255 1500/1500/1500
f 1500/1500/1500 4255/4255/4255 1502/1502/1502
f 4255/4255/4255 4256/4256/4256 1502/1502/1502
f 1502/1502/1502 4256/4256/4256 1503/1503/1503
f 4256/4256/4256 4257/4257/4257 1503/1503/1503
f 4260/4260/4260 4259/4259/4259 4258/4258/4258
f 4259/4259/4259 4261/4261/4261 4258/4258/4258
f 4258/4258/4258 4261/4261/4261 4262/4262/4262
f 4261/4261/4261 4263/4263/4263 4262/4262/4262
f 4264/4264/4264 4262/4262/4262 4263/4263/4263
f 4265/4265/4265 4264/4264/4264 4263/4263/4263
f 4266/4266/4266 4264/4264/4264 4265/4265/4265
f 4267/4267/4267 4266/4266/4266 4265/4265/4265
f 4270/4270/4270 4269/4269/4269 4268/4268/4268
f 4268/4268/4268 4269/4269/4269 4271/4271/4271
f 4269/4269/4269 4272/4272/4272 4271/4271/4271
f 4275/4275/4275 4274/4274/4274 4273/4273/4273
f 4276/4276/4276 4274/4274/4274 4275/4275/4275
f 4277/4277/4277 4276/4276/4276 4275/4275/4275
f 4278/4278/4278 4276/4276/4276 4277/4277/4277
f 4279/4279/4279 4278/4278/4278 4277/4277/4277
f 4280/4280/4280 4278/4278/4278 4279/4279/4279
f 4281/4281/4281 4280/4280/4280 4279/4279/4279
f 4282/4282/4282 4280/4280/4280 4281/4281/4281
f 4283/4283/4283 4282/4282/4282 4281/4281/4281
f 4284/4284/4284 4282/4282/4282 4283/4283/4283
f 4285/4285/4285 4284/4284/4284 4283/4283/4283
f 4286/4286/4286 4284/4284/4284 4285/4285/4285
f 4287/4287/4287 4286/4286/4286 4285/4285/4285
f 4288/4288/4288 4286/4286/4286 4287/4287/4287
f 4289/4289/4289 4288/4288/4288 4287/4287/4287
f 4290/4290/4290 4288/4288/4288 4289/4289/4289
f 4291/4291/4291 4290/4290/4290 4289/4289/4289
f 4290/4290/4290 4291/4291/4291 4292/4292/4292
f 4291/4291/4291 4293/4293/4293 4292/4292/4292
f 4292/4292/4292 4293/4293/4293 4294/4294/4294
f 4293/4293/4293 4295/4295/4295 4294/4294/4294
f 4294/4294/4294 4295/4295/4295 4296/4296/4296
f 4295/4295/4295 4297/4297/4297 4296/4296/4296
f 4296/4296/4296 4297/4297/4297 4298/4298/4298
f 4297/4297/4297 4299/4299/4299 4298/4298/4298
f 4300/4300/4300 4298/4298/4298 4299/4299/4299
f 4301/4301/4301 4300/4300/4300 4299/4299/4299
f 4302/4302/4302 4300/4300/4300 4301/4301/4301
f 4303/4303/4303 4302/4302/4302 4301/4301/4301
f 4302/4302/4302 4303/4303/4303 4304/4304/4304
f 4303/4303/4303 4305/4305/4305 4304/4304/4304
f 4308/4308/4308 4307/4307/4307 4306/4306/4306
f 4309/4309/4309 4308/4308/4308 4306/4306/4306
f 4310/4310/4310 4308/4308/4308 4309/4309/4309
f 4311/4311/4311 4310/4310/4310 4309/4309/4309
f 4312/4312/4312 4310/4310/4310 4311/4311/4311
f 4313/4313/4313 4312/4312/4312 4311/4311/4311
f 4314/4314/4314 4312/4312/4312 4313/4313/4313
f 4315/4315/4315 4314/4314/4314 4313/4313/4313
f 4316/4316/4316 4314/4314/4314 4315/4315/4315
f 4317/4317/4317 4316/4316/4316 4315/4315/4315
f 4318/4318/4318 4316/4316/4316 4317/4317/4317
f 4319/4319/4319 4318/4318/4318 4317/4317/4317
f 4320/4320/4320 4318/4318/4318 4319/4319/4319
f 4321/4321/4321 4320/4320/4320 4319/4319/4319
f 4322/4322/4322 4320/4320/4320 4321/4321/4321
f 4323/4323/4323 4322/4322/4322 4321/4321/4321
f 4324/4324/4324 4322/4322/4322 4323/4323/4323
f 4325/4325/4325 4324/4324/4324 4323/4323/4323
f 4326/4326/4326 4324/4324/4324 4325/4325/4325
f 4327/4327/4327 4326/4326/4326 4325/4325/4325
f 4328/4328/4328 4326/4326/4326 4327/4327/4327
f 4329/4329/4329 4328/4328/4328 4327/4327/4327
f 4330/4330/4330 4328/4328/4328 4329/4329/4329
f 4331/4331/4331 4330/4330/4330 4329/4329/4329
f 4332/4332/4332 4330/4330/4330 4331/4331/4331
f 4333/4333/4333 4332/4332/4332 4331/4331/4331
f 4336/4336/4336 4335/4335/4335 4334/4334/4334
f 4335/4335/4335 4337/4337/4337 4334/4334/4334
f 4334/4334/4334 4337/4337/4337 4338/4338/4338
f 4337/4337/4337 4339/4339/4339 4338/4338/4338
f 4342/4342/4342 4341/4341/4341 4340/4340/4340
f 4343/4343/4343 4342/4342/4342 4340/4340/4340
f 4345/4345/4345 4342/4342/4342 4344/4344/4344
f 4346/4346/4346 4345/4345/4345 4344/4344/4344
f 4347/4347/4347 4345/4345/4345 4346/4346/4346
f 4348/4348/4348 4347/4347/4347 4346/4346/4346
f 4349/4349/4349 4347/4347/4347 4348/4348/4348
f 4350/4350/4350 4349/4349/4349 4348/4348/4348
f 4351/4351/4351 4349/4349/4349 4350/4350/4350
f 4352/4352/4352 4351/4351/4351 4350/4350/4350
f 4353/4353/4353 4351/4351/4351 4352/4352/4352
f 4354/4354/4354 4353/4353/4353 4352/4352/4352
f 4355/4355/4355 4353/4353/4353 4354/4354/4354
f 4356/4356/4356 4355/4355/4355 4354/4354/4354
f 4357/4357/4357 4355/4355/4355 4356/4356/4356
f 4358/4358/4358 4357/4357/4357 4356/4356/4356
f 4359/4359/4359 4357/4357/4357 4358/4358/4358
f 4360/4360/4360 4359/4359/4359 4358/4358/4358
f 4361/4361/4361 4359/4359/4359 4360/4360/4360
f 4362/4362/4362 4361/4361/4361 4360/4360/4360
f 4363/4363/4363 4361/4361/4361 4362/4362/4362
f 4364/4364/4364 4363/4363/4363 4362/4362/4362
f 4365/4365/4365 4363/4363/4363 4364/4364/4364
f 4366/4366/4366 4365/4365/4365 4364/4364/4364
f 4367/4367/4367 4365/4365/4365 4366/4366/4366
f 4368/4368/4368 4367/4367/4367 4366/4366/4366
f 4371/4371/4371 4370/4370/4370 4369/4369/4369
f 4370/4370/4370 4372/4372/4372 4369/4369/4369
f 4374/4374/4374 4373/4373/4373 4372/4372/4372
f 4375/4375/4375 4373/4373/4373 4374/4374/4374
f 4376/4376/4376 4375/4375/4375 4374/4374/4374
f 4377/4377/4377 4375/4375/4375 4376/4376/4376
f 4378/4378/4378 4377/4377/4377 4376/4376/4376
f 4381/4381/4381 4380/4380/4380 4379/4379/4379
f 4382/4382/4382 4381/4381/4381 4379/4379/4379
f 4383/4383/4383 4381/4381/4381 4382/4382/4382
f 4386/4386/4386 4385/4385/4385 4384/4384/4384
f 4385/4385/4385 4387/4387/4387 4384/4384/4384
f 4384/4384/4384 4387/4387/4387 4388/4388/4388
f 4387/4387/4387 4389/4389/4389 4388/4388/4388
f 4388/4388/4388 4389/4389/4389 4390/4390/4390
f 4389/4389/4389 4391/4391/4391 4390/4390/4390
f 4390/4390/4390 4391/4391/4391 4392/4392/4392
f 4395/4395/4395 4394/4394/4394 4393/4393/4393
f 4396/4396/4396 4394/4394/4394 4395/4395/4395
f 4397/4397/4397 4396/4396/4396 4395/4395/4395
f 4398/4398/4398 4396/4396/4396 4397/4397/4397
f 4399/4399/4399 4398/4398/4398 4397/4397/4397
f 4400/4400/4400 4398/4398/4398 4399/4399/4399
f 4401/4401/4401 4400/4400/4400 4399/4399/4399
f 4400/4400/4400 4401/4401/4401 4402/4402/4402
f 4401/4401/4401 4403/4403/4403 4402/4402/4402
f 4402/4402/4402 4403/4403/4403 4404/4404/4404
f 4403/4403/4403 4405/4405/4405 4404/4404/4404
f 4404/4404/4404 4405/4405/4405 4406/4406/4406
f 4405/4405/4405 4407/4407/4407 4406/4406/4406
f 4406/4406/4406 4407/4407/4407 4408/4408/4408
f 4411/4411/4411 4410/4410/4410 4409/4409/4409
f 4409/4409/4409 4410/4410/4410 4412/4412/4412
f 4410/4410/4410 4413/4413/4413 4412/4412/4412
f 4416/4416/4416 4415/4415/4415 4414/4414/4414
f 4415/4415/4415 4416/4416/4416 4417/4417/4417
f 4420/4420/4420 4419/4419/4419 4418/4418/4418
f 4418/4418/4418 4419/4419/4419 4421/4421/4421
f 4419/4419/4419 4422/4422/4422 4421/4421/4421
f 4423/4423/4423 4421/4421/4421 4422/4422/4422
f 4426/4426/4426 4425/4425/4425 4424/4424/4424
f 4427/4427/4427 4426/4426/4426 4424/4424/4424
f 4430/4430/4430 4429/4429/4429 4428/4428/4428
f 4431/4431/4431 4430/4430/4430 4428/4428/4428
f 4434/4434/4434 4433/4433/4433 4432/4432/4432
f 4435/4435/4435 4434/4434/4434 4432/4432/4432
f 4438/4438/4438 4437/4437/4437 4436/4436/4436
f 298/298/298 4438/4438/4438 4436/4436/4436
f 4439/4439/4439 297/297/297 298/298/298
f 297/297/297 4439/4439/4439 4440/4440/4440
f 4441/4441/4441 297/297/297 4440/4440/4440
f 4444/4444/4444 4443/4443/4443 4442/4442/4442
f 4445/4445/4445 4444/4444/4444 4442/4442/4442
f 36/36/36 4142/4142/4142 4146/4146/4146
f 38/38/38 4146/4146/4146 4150/4150/4150
f 39/39/39 38/38/38 4150/4150/4150
f 39/39/39 4150/4150/4150 4154/4154/4154
f 40/40/40 39/39/39 4154/4154/4154
f 40/40/40 4154/4154/4154 4158/4158/4158
f 42/42/42 40/40/40 4158/4158/4158
f 42/42/42 4158/4158/4158 4162/4162/4162
f 44/44/44 42/42/42 4162/4162/4162
f 44/44/44 4162/4162/4162 4166/4166/4166
f 46/46/46 44/44/44 4166/4166/4166
f 46/46/46 4166/4166/4166 4170/4170/4170
f 47/47/47 46/46/46 4170/4170/4170
f 47/47/47 4170/4170/4170 4174/4174/4174
f 48/48/48 47/47/47 4174/4174/4174
f 48/48/48 4174/4174/4174 4178/4178/4178
f 50/50/50 48/48/48 4178/4178/4178
f 50/50/50 4178/4178/4178 4175/4175/4175
f 52/52/52 50/50/50 4175/4175/4175
f 52/52/52 4175/4175/4175 4171/4171/4171
f 51/51/51 52/52/52 4171/4171/4171
f 51/51/51 4171/4171/4171 4167/4167/4167
f 49/49/49 51/51/51 4167/4167/4167
f 49/49/49 4167/4167/4167 4163/4163/4163
f 45/45/45 49/49/49 4163/4163/4163
f 45/45/45 4163/4163/4163 4159/4159/4159
f 43/43/43 45/45/45 4159/4159/4159
f 43/43/43 4159/4159/4159 4155/4155/4155
f 41/41/41 43/43/43 4155/4155/4155
f 41/41/41 4155/4155/4155 4151/4151/4151
f 37/37/37 41/41/41 4151/4151/4151
f 37/37/37 4151/4151/4151 4147/4147/4147
f 35/35/35 37/37/37 4147/4147/4147
f 35/35/35 4147/4147/4147 4143/4143/4143
f 34/34/34 35/35/35 4143/4143/4143
f 34/34/34 4143/4143/4143 4141/4141/4141
f 4446/4446/4446 34/34/34 4141/4141/4141
f 4446/4446/4446 4141/4141/4141 4142/4142/4142
f 4449/4449/4449 4448/4448/4448 4447/4447/4447
f 4449/4449/4449 4450/4450/4450 4448/4448/4448
f 1036/1036/1036 4451/4451/4451 1085/1085/1085
f 1036/1036/1036 1085/1085/1085 1083/1083/1083
f 1035/1035/1035 1036/1036/1036 1083/1083/1083
f 1035/1035/1035 1083/1083/1083 1081/1081/1081
f 1039/1039/1039 1035/1035/1035 1081/1081/1081
f 1039/1039/1039 1081/1081/1081 1079/1079/1079
f 1042/1042/1042 1039/1039/1039 1079/1079/1079
f 1042/1042/1042 1079/1079/1079 1077/1077/1077
f 1046/1046/1046 1042/1042/1042 1077/1077/1077
f 1046/1046/1046 1077/1077/1077 1075/1075/1075
f 1048/1048/1048 1046/1046/1046 1075/1075/1075
f 1048/1048/1048 1075/1075/1075 1071/1071/1071
f 4452/4452/4452 1048/1048/1048 1071/1071/1071
f 4452/4452/4452 1071/1071/1071 1072/1072/1072
f 4453/4453/4453 4452/4452/4452 1072/1072/1072
f 4453/4453/4453 1072/1072/1072 1073/1073/1073
f 4454/4454/4454 4453/4453/4453 1073/1073/1073
f 4454/4454/4454 1073/1073/1073 1074/1074/1074
f 4455/4455/4455 4454/4454/4454 1074/1074/1074
f 4455/4455/4455 1074/1074/1074 1076/1076/1076
f 4456/4456/4456 4455/4455/4455 1076/1076/1076
f 4456/4456/4456 1076/1076/1076 1078/1078/1078
f 1018/1018/1018 4456/4456/4456 1078/1078/1078
f 1018/1018/1018 1078/1078/1078 1080/1080/1080
f 1016/1016/1016 1018/1018/1018 1080/1080/1080
f 1080/1080/1080 1082/1082/1082 1016/1016/1016
f 1082/1082/1082 1014/1014/1014 1016/1016/1016
f 1014/1014/1014 1082/1082/1082 1084/1084/1084
f 1011/1011/1011 1014/1014/1014 1084/1084/1084
f 1011/1011/1011 1084/1084/1084 1086/1086/1086
f 1012/1012/1012 1011/1011/1011 1086/1086/1086
f 1012/1012/1012 1086/1086/1086 1088/1088/1088
f 4457/4457/4457 1012/1012/1012 1088/1088/1088
f 4457/4457/4457 1088/1088/1088 1090/1090/1090
f 4458/4458/4458 4457/4457/4457 1090/1090/1090
f 1090/1090/1090 1089/1089/1089 4458/4458/4458
f 1089/1089/1089 4459/4459/4459 4458/4458/4458
f 4459/4459/4459 1089/1089/1089 1087/1087/1087
f 4060/4060/4060 78/78/78 4064/4064/4064
f 4064/4064/4064 81/81/81 4068/4068/4068
f 81/81/81 83/83/83 4068/4068/4068
f 4068/4068/4068 83/83/83 4072/4072/4072
f 83/83/83 84/84/84 4072/4072/4072
f 4072/4072/4072 84/84/84 4076/4076/4076
f 84/84/84 86/86/86 4076/4076/4076
f 4076/4076/4076 86/86/86 4080/4080/4080
f 86/86/86 88/88/88 4080/4080/4080
f 4080/4080/4080 88/88/88 4084/4084/4084
f 88/88/88 90/90/90 4084/4084/4084
f 4084/4084/4084 90/90/90 4088/4088/4088
f 90/90/90 91/91/91 4088/4088/4088
f 4088/4088/4088 91/91/91 4092/4092/4092
f 91/91/91 92/92/92 4092/4092/4092
f 4092/4092/4092 92/92/92 4096/4096/4096
f 92/92/92 94/94/94 4096/4096/4096
f 4096/4096/4096 94/94/94 4097/4097/4097
f 94/94/94 96/96/96 4097/4097/4097
f 4097/4097/4097 96/96/96 4093/4093/4093
f 96/96/96 95/95/95 4093/4093/4093
f 4093/4093/4093 95/95/95 4089/4089/4089
f 95/95/95 93/93/93 4089/4089/4089
f 4089/4089/4089 93/93/93 4085/4085/4085
f 93/93/93 89/89/89 4085/4085/4085
f 4085/4085/4085 89/89/89 4081/4081/4081
f 89/89/89 87/87/87 4081/4081/4081
f 4081/4081/4081 87/87/87 4077/4077/4077
f 87/87/87 85/85/85 4077/4077/4077
f 4077/4077/4077 85/85/85 4073/4073/4073
f 85/85/85 82/82/82 4073/4073/4073
f 4073/4073/4073 82/82/82 4069/4069/4069
f 82/82/82 79/79/79 4069/4069/4069
f 4069/4069/4069 79/79/79 4065/4065/4065
f 79/79/79 80/80/80 4065/4065/4065
f 4065/4065/4065 80/80/80 4061/4061/4061
f 80/80/80 4460/4460/4460 4061/4061/4061
f 4061/4061/4061 4460/4460/4460 4060/4060/4060
f 1416/1416/1416 4461/4461/4461 1414/1414/1414
f 4461/4461/4461 4462/4462/4462 1414/1414/1414
f 1414/1414/1414 4462/4462/4462 1412/1412/1412
f 4462/4462/4462 4463/4463/4463 1412/1412/1412
f 4465/4465/4465 4464/4464/4464 1423/1423/1423
f 1424/1424/1424 4465/4465/4465 1423/1423/1423
f 4467/4467/4467 4466/4466/4466 1333/1333/1333
f 1331/1331/1331 4467/4467/4467 1333/1333/1333
f 4470/4470/4470 4469/4469/4469 4468/4468/4468
f 4471/4471/4471 4470/4470/4470 4468/4468/4468
f 4470/4470/4470 4471/4471/4471 4472/4472/4472
f 4475/4475/4475 4474/4474/4474 4473/4473/4473
f 4476/4476/4476 4475/4475/4475 4473/4473/4473
f 4477/4477/4477 4475/4475/4475 4476/4476/4476
f 1456/1456/1456 4478/4478/4478 1457/1457/1457
f 4479/4479/4479 4478/4478/4478 1456/1456/1456
f 4480/4480/4480 4479/4479/4479 1456/1456/1456
f 4483/4483/4483 4482/4482/4482 4481/4481/4481
f 4484/4484/4484 4483/4483/4483 4481/4481/4481
f 1327/1327/1327 1324/1324/1324 4485/4485/4485
f 4486/4486/4486 1327/1327/1327 4485/4485/4485
f 1329/1329/1329 1327/1327/1327 4486/4486/4486
f 658/658/658 4487/4487/4487 657/657/657
f 4487/4487/4487 658/658/658 4488/4488/4488
f 658/658/658 659/659/659 4488/4488/4488
f 4489/4489/4489 4488/4488/4488 659/659/659
f 660/660/660 4489/4489/4489 659/659/659
f 601/601/601 4489/4489/4489 660/660/660
f 662/662/662 601/601/601 660/660/660
f 604/604/604 601/601/601 662/662/662
f 664/664/664 604/604/604 662/662/662
f 606/606/606 604/604/604 664/664/664
f 666/666/666 606/606/606 664/664/664
f 606/606/606 666/666/666 610/610/610
f 666/666/666 668/668/668 610/610/610
f 612/612/612 610/610/610 668/668/668
f 669/669/669 612/612/612 668/668/668
f 614/614/614 612/612/612 669/669/669
f 672/672/672 614/614/614 669/669/669
f 4490/4490/4490 614/614/614 672/672/672
f 674/674/674 4490/4490/4490 672/672/672
f 4491/4491/4491 4490/4490/4490 674/674/674
f 676/676/676 4491/4491/4491 674/674/674
f 4492/4492/4492 4491/4491/4491 676/676/676
f 675/675/675 4492/4492/4492 676/676/676
f 4493/4493/4493 4492/4492/4492 675/675/675
f 673/673/673 4493/4493/4493 675/675/675
f 636/636/636 4493/4493/4493 673/673/673
f 671/671/671 636/636/636 673/673/673
f 632/632/632 636/636/636 671/671/671
f 670/670/670 632/632/632 671/671/671
f 629/629/629 632/632/632 670/670/670
f 667/667/667 629/629/629 670/670/670
f 626/626/626 629/629/629 667/667/667
f 665/665/665 626/626/626 667/667/667
f 622/622/622 626/626/626 665/665/665
f 663/663/663 622/622/622 665/665/665
f 624/624/624 622/622/622 663/663/663
f 661/661/661 624/624/624 663/663/663
f 4494/4494/4494 624/624/624 661/661/661
f 657/657/657 4494/4494/4494 661/661/661
f 3636/3636/3636 4496/4496/4496 4495/4495/4495
f 3640/3640/3640 3636/3636/3636 4495/4495/4495
f 3636/3636/3636 3632/3632/3632 4496/4496/4496
f 3640/3640/3640 4495/4495/4495 4497/4497/4497
f 3632/3632/3632 4498/4498/4498 4496/4496/4496
f 3644/3644/3644 3640/3640/3640 4497/4497/4497
f 3632/3632/3632 3628/3628/3628 4498/4498/4498
f 3644/3644/3644 4497/4497/4497 4499/4499/4499
f 3628/3628/3628 4500/4500/4500 4498/4498/4498
f 3648/3648/3648 3644/3644/3644 4499/4499/4499
f 3628/3628/3628 3624/3624/3624 4500/4500/4500
f 3648/3648/3648 4499/4499/4499 4501/4501/4501
f 3624/3624/3624 4502/4502/4502 4500/4500/4500
f 3652/3652/3652 3648/3648/3648 4501/4501/4501
f 3624/3624/3624 3619/3619/3619 4502/4502/4502
f 3652/3652/3652 4501/4501/4501 4503/4503/4503
f 3619/3619/3619 4504/4504/4504 4502/4502/4502
f 3656/3656/3656 3652/3652/3652 4503/4503/4503
f 3619/3619/3619 3620/3620/3620 4504/4504/4504
f 3656/3656/3656 4503/4503/4503 4505/4505/4505
f 3620/3620/3620 4506/4506/4506 4504/4504/4504
f 3657/3657/3657 3656/3656/3656 4505/4505/4505
f 3620/3620/3620 3625/3625/3625 4506/4506/4506
f 3657/3657/3657 4505/4505/4505 4507/4507/4507
f 3625/3625/3625 4508/4508/4508 4506/4506/4506
f 3653/3653/3653 3657/3657/3657 4507/4507/4507
f 3625/3625/3625 3629/3629/3629 4508/4508/4508
f 3653/3653/3653 4507/4507/4507 4509/4509/4509
f 3629/3629/3629 4510/4510/4510 4508/4508/4508
f 3649/3649/3649 3653/3653/3653 4509/4509/4509
f 3629/3629/3629 3633/3633/3633 4510/4510/4510
f 3649/3649/3649 4509/4509/4509 4511/4511/4511
f 3633/3633/3633 4512/4512/4512 4510/4510/4510
f 3645/3645/3645 3649/3649/3649 4511/4511/4511
f 3633/3633/3633 3637/3637/3637 4512/4512/4512
f 3645/3645/3645 4511/4511/4511 4513/4513/4513
f 3637/3637/3637 4514/4514/4514 4512/4512/4512
f 3641/3641/3641 3645/3645/3645 4513/4513/4513
f 3641/3641/3641 4513/4513/4513 4514/4514/4514
f 3637/3637/3637 3641/3641/3641 4514/4514/4514
f 4516/4516/4516 4515/4515/4515 1306/1306/1306
f 1305/1305/1305 4516/4516/4516 1306/1306/1306
f 1306/1306/1306 4515/4515/4515 1309/1309/1309
f 4517/4517/4517 4516/4516/4516 1305/1305/1305
f 4515/4515/4515 4518/4518/4518 1309/1309/1309
f 1308/1308/1308 4517/4517/4517 1305/1305/1305
f 1309/1309/1309 4518/4518/4518 1308/1308/1308
f 4518/4518/4518 4517/4517/4517 1308/1308/1308
f 1093/1093/1093 1095/1095/1095 4100/4100/4100
f 4101/4101/4101 1093/1093/1093 4100/4100/4100
f 4100/4100/4100 1095/1095/1095 4104/4104/4104
f 1092/1092/1092 1093/1093/1093 4101/4101/4101
f 1095/1095/1095 1097/1097/1097 4104/4104/4104
f 4105/4105/4105 1092/1092/1092 4101/4101/4101
f 4104/4104/4104 1097/1097/1097 4108/4108/4108
f 1091/1091/1091 1092/1092/1092 4105/4105/4105
f 1097/1097/1097 1099/1099/1099 4108/4108/4108
f 4109/4109/4109 1091/1091/1091 4105/4105/4105
f 4108/4108/4108 1099/1099/1099 4112/4112/4112
f 1094/1094/1094 1091/1091/1091 4109/4109/4109
f 1099/1099/1099 1101/1101/1101 4112/4112/4112
f 4113/4113/4113 1094/1094/1094 4109/4109/4109
f 4112/4112/4112 1101/1101/1101 4116/4116/4116
f 1096/1096/1096 1094/1094/1094 4113/4113/4113
f 1101/1101/1101 1103/1103/1103 4116/4116/4116
f 4117/4117/4117 1096/1096/1096 4113/4113/4113
f 4116/4116/4116 1103/1103/1103 4120/4120/4120
f 1098/1098/1098 1096/1096/1096 4117/4117/4117
f 1103/1103/1103 1105/1105/1105 4120/4120/4120
f 4121/4121/4121 1098/1098/1098 4117/4117/4117
f 4120/4120/4120 1105/1105/1105 4124/4124/4124
f 1100/1100/1100 1098/1098/1098 4121/4121/4121
f 1105/1105/1105 1107/1107/1107 4124/4124/4124
f 4125/4125/4125 1100/1100/1100 4121/4121/4121
f 4124/4124/4124 1107/1107/1107 4128/4128/4128
f 1102/1102/1102 1100/1100/1100 4125/4125/4125
f 1107/1107/1107 1109/1109/1109 4128/4128/4128
f 4129/4129/4129 1102/1102/1102 4125/4125/4125
f 4128/4128/4128 1109/1109/1109 4132/4132/4132
f 1104/1104/1104 1102/1102/1102 4129/4129/4129
f 1109/1109/1109 1110/1110/1110 4132/4132/4132
f 4133/4133/4133 1104/1104/1104 4129/4129/4129
f 4132/4132/4132 1110/1110/1110 4136/4136/4136
f 1106/1106/1106 1104/1104/1104 4133/4133/4133
f 1110/1110/1110 1108/1108/1108 4136/4136/4136
f 4137/4137/4137 1106/1106/1106 4133/4133/4133
f 4136/4136/4136 1108/1108/1108 4137/4137/4137
f 1108/1108/1108 1106/1106/1106 4137/4137/4137
f 677/677/677 4181/4181/4181 4182/4182/4182
f 681/681/681 677/677/677 4182/4182/4182
f 677/677/677 678/678/678 4181/4181/4181
f 681/681/681 4182/4182/4182 4186/4186/4186
f 678/678/678 4183/4183/4183 4181/4181/4181
f 683/683/683 681/681/681 4186/4186/4186
f 678/678/678 679/679/679 4183/4183/4183
f 683/683/683 4186/4186/4186 4190/4190/4190
f 679/679/679 4187/4187/4187 4183/4183/4183
f 685/685/685 683/683/683 4190/4190/4190
f 679/679/679 680/680/680 4187/4187/4187
f 685/685/685 4190/4190/4190 4194/4194/4194
f 680/680/680 4191/4191/4191 4187/4187/4187
f 687/687/687 685/685/685 4194/4194/4194
f 680/680/680 682/682/682 4191/4191/4191
f 687/687/687 4194/4194/4194 4198/4198/4198
f 682/682/682 4195/4195/4195 4191/4191/4191
f 689/689/689 687/687/687 4198/4198/4198
f 682/682/682 684/684/684 4195/4195/4195
f 689/689/689 4198/4198/4198 4202/4202/4202
f 684/684/684 4199/4199/4199 4195/4195/4195
f 691/691/691 689/689/689 4202/4202/4202
f 684/684/684 686/686/686 4199/4199/4199
f 691/691/691 4202/4202/4202 4206/4206/4206
f 686/686/686 4203/4203/4203 4199/4199/4199
f 693/693/693 691/691/691 4206/4206/4206
f 686/686/686 688/688/688 4203/4203/4203
f 693/693/693 4206/4206/4206 4210/4210/4210
f 688/688/688 4207/4207/4207 4203/4203/4203
f 695/695/695 693/693/693 4210/4210/4210
f 688/688/688 690/690/690 4207/4207/4207
f 695/695/695 4210/4210/4210 4214/4214/4214
f 690/690/690 4211/4211/4211 4207/4207/4207
f 696/696/696 695/695/695 4214/4214/4214
f 690/690/690 692/692/692 4211/4211/4211
f 696/696/696 4214/4214/4214 4218/4218/4218
f 692/692/692 4215/4215/4215 4211/4211/4211
f 694/694/694 696/696/696 4218/4218/4218
f 694/694/694 4218/4218/4218 4215/4215/4215
f 692/692/692 694/694/694 4215/4215/4215
g Computer  chair_2
f 4520/4520/4520 4519/4519/4519 262/262/262
f 4395/4395/4395 4393/4393/4393 4521/4521/4521
f 4524/4524/4524 4523/4523/4523 4522/4522/4522
f 1220/1220/1220 1221/1221/1221 4525/4525/4525
f 4528/4528/4528 4527/4527/4527 4526/4526/4526
f 4529/4529/4529 4528/4528/4528 4526/4526/4526
f 4531/4531/4531 252/252/252 4530/4530/4530
f 252/252/252 250/250/250 4530/4530/4530
f 4532/4532/4532 4530/4530/4530 250/250/250
f 248/248/248 4532/4532/4532 250/250/250
f 4535/4535/4535 4534/4534/4534 4533/4533/4533
f 4536/4536/4536 4534/4534/4534 4535/4535/4535
f 265/265/265 4537/4537/4537 263/263/263
f 4538/4538/4538 4537/4537/4537 265/265/265
f 267/267/267 4538/4538/4538 265/265/265
f 4539/4539/4539 4538/4538/4538 267/267/267
f 269/269/269 4539/4539/4539 267/267/267
f 4540/4540/4540 4539/4539/4539 269/269/269
f 271/271/271 4540/4540/4540 269/269/269
f 4541/4541/4541 4540/4540/4540 271/271/271
f 273/273/273 4541/4541/4541 271/271/271
f 4542/4542/4542 4541/4541/4541 273/273/273
f 275/275/275 4542/4542/4542 273/273/273
f 4543/4543/4543 4542/4542/4542 275/275/275
f 277/277/277 4543/4543/4543 275/275/275
f 4544/4544/4544 4543/4543/4543 277/277/277
f 279/279/279 4544/4544/4544 277/277/277
f 4545/4545/4545 4544/4544/4544 279/279/279
f 281/281/281 4545/4545/4545 279/279/279
f 4546/4546/4546 4545/4545/4545 281/281/281
f 283/283/283 4546/4546/4546 281/281/281
f 4546/4546/4546 283/283/283 4547/4547/4547
f 283/283/283 285/285/285 4547/4547/4547
f 4547/4547/4547 285/285/285 4548/4548/4548
f 285/285/285 287/287/287 4548/4548/4548
f 4548/4548/4548 287/287/287 4549/4549/4549
f 287/287/287 289/289/289 4549/4549/4549
f 4549/4549/4549 289/289/289 4550/4550/4550
f 289/289/289 291/291/291 4550/4550/4550
f 4551/4551/4551 4550/4550/4550 291/291/291
f 293/293/293 4551/4551/4551 291/291/291
f 4552/4552/4552 4551/4551/4551 293/293/293
f 295/295/295 4552/4552/4552 293/293/293
f 4552/4552/4552 295/295/295 4441/4441/4441
f 295/295/295 297/297/297 4441/4441/4441
f 222/222/222 220/220/220 4553/4553/4553
f 4308/4308/4308 222/222/222 4553/4553/4553
f 224/224/224 222/222/222 4308/4308/4308
f 4310/4310/4310 224/224/224 4308/4308/4308
f 226/226/226 224/224/224 4310/4310/4310
f 4312/4312/4312 226/226/226 4310/4310/4310
f 228/228/228 226/226/226 4312/4312/4312
f 4554/4554/4554 228/228/228 4312/4312/4312
f 230/230/230 228/228/228 4554/4554/4554
f 4555/4555/4555 230/230/230 4554/4554/4554
f 232/232/232 230/230/230 4555/4555/4555
f 4556/4556/4556 232/232/232 4555/4555/4555
f 234/234/234 232/232/232 4556/4556/4556
f 4557/4557/4557 234/234/234 4556/4556/4556
f 236/236/236 234/234/234 4557/4557/4557
f 4558/4558/4558 236/236/236 4557/4557/4557
f 238/238/238 236/236/236 4558/4558/4558
f 4559/4559/4559 238/238/238 4558/4558/4558
f 240/240/240 238/238/238 4559/4559/4559
f 4560/4560/4560 240/240/240 4559/4559/4559
f 242/242/242 240/240/240 4560/4560/4560
f 4561/4561/4561 242/242/242 4560/4560/4560
f 244/244/244 242/242/242 4561/4561/4561
f 4562/4562/4562 244/244/244 4561/4561/4561
f 246/246/246 244/244/244 4562/4562/4562
f 4563/4563/4563 246/246/246 4562/4562/4562
f 4565/4565/4565 4564/4564/4564 330/330/330
f 4564/4564/4564 4566/4566/4566 330/330/330
f 330/330/330 4566/4566/4566 329/329/329
f 4566/4566/4566 4567/4567/4567 329/329/329
f 329/329/329 4567/4567/4567 334/334/334
f 4567/4567/4567 4568/4568/4568 334/334/334
f 334/334/334 4568/4568/4568 333/333/333
f 4568/4568/4568 4569/4569/4569 333/333/333
f 333/333/333 4569/4569/4569 332/332/332
f 4569/4569/4569 4570/4570/4570 332/332/332
f 332/332/332 4570/4570/4570 331/331/331
f 4570/4570/4570 4571/4571/4571 331/331/331
f 331/331/331 4571/4571/4571 307/307/307
f 4571/4571/4571 4572/4572/4572 307/307/307
f 306/306/306 307/307/307 4572/4572/4572
f 4573/4573/4573 306/306/306 4572/4572/4572
f 309/309/309 306/306/306 4573/4573/4573
f 4272/4272/4272 309/309/309 4573/4573/4573
f 312/312/312 309/309/309 4272/4272/4272
f 4269/4269/4269 312/312/312 4272/4272/4272
f 314/314/314 312/312/312 4269/4269/4269
f 4270/4270/4270 314/314/314 4269/4269/4269
f 315/315/315 314/314/314 4270/4270/4270
f 4574/4574/4574 315/315/315 4270/4270/4270
f 313/313/313 315/315/315 4574/4574/4574
f 4575/4575/4575 313/313/313 4574/4574/4574
f 311/311/311 313/313/313 4575/4575/4575
f 4576/4576/4576 311/311/311 4575/4575/4575
f 310/310/310 311/311/311 4576/4576/4576
f 4577/4577/4577 310/310/310 4576/4576/4576
f 317/317/317 310/310/310 4577/4577/4577
f 4578/4578/4578 317/317/317 4577/4577/4577
f 316/316/316 317/317/317 4578/4578/4578
f 4579/4579/4579 316/316/316 4578/4578/4578
f 319/319/319 316/316/316 4579/4579/4579
f 4580/4580/4580 319/319/319 4579/4579/4579
f 320/320/320 319/319/319 4580/4580/4580
f 4581/4581/4581 320/320/320 4580/4580/4580
f 320/320/320 4581/4581/4581 323/323/323
f 4581/4581/4581 4582/4582/4582 323/323/323
f 323/323/323 4582/4582/4582 325/325/325
f 4582/4582/4582 4583/4583/4583 325/325/325
f 325/325/325 4583/4583/4583 327/327/327
f 4583/4583/4583 4584/4584/4584 327/327/327
f 327/327/327 4584/4584/4584 328/328/328
f 4584/4584/4584 4585/4585/4585 328/328/328
f 326/326/326 328/328/328 4585/4585/4585
f 4586/4586/4586 326/326/326 4585/4585/4585
f 324/324/324 326/326/326 4586/4586/4586
f 4587/4587/4587 324/324/324 4586/4586/4586
f 324/324/324 4587/4587/4587 322/322/322
f 4587/4587/4587 4445/4445/4445 322/322/322
f 322/322/322 4445/4445/4445 321/321/321
f 4445/4445/4445 4588/4588/4588 321/321/321
f 318/318/318 321/321/321 4588/4588/4588
f 4589/4589/4589 318/318/318 4588/4588/4588
f 308/308/308 318/318/318 4589/4589/4589
f 4590/4590/4590 308/308/308 4589/4589/4589
f 308/308/308 4590/4590/4590 305/305/305
f 4590/4590/4590 4591/4591/4591 305/305/305
f 305/305/305 4591/4591/4591 303/303/303
f 4591/4591/4591 4592/4592/4592 303/303/303
f 303/303/303 4592/4592/4592 301/301/301
f 4592/4592/4592 4593/4593/4593 301/301/301
f 301/301/301 4593/4593/4593 300/300/300
f 4593/4593/4593 4594/4594/4594 300/300/300
f 300/300/300 4594/4594/4594 299/299/299
f 4596/4596/4596 4595/4595/4595 9/9/9
f 4597/4597/4597 4596/4596/4596 9/9/9
f 4598/4598/4598 4596/4596/4596 4597/4597/4597
f 4599/4599/4599 4598/4598/4598 4597/4597/4597
f 4600/4600/4600 4598/4598/4598 4599/4599/4599
f 4601/4601/4601 4600/4600/4600 4599/4599/4599
f 4602/4602/4602 4600/4600/4600 4601/4601/4601
f 4604/4604/4604 4603/4603/4603 258/258/258
f 259/259/259 4604/4604/4604 258/258/258
f 4606/4606/4606 4605/4605/4605 254/254/254
f 255/255/255 4606/4606/4606 254/254/254
f 4608/4608/4608 4607/4607/4607 379/379/379
f 376/376/376 4608/4608/4608 379/379/379
f 251/251/251 4609/4609/4609 247/247/247
f 4609/4609/4609 4610/4610/4610 247/247/247
f 249/249/249 247/247/247 4610/4610/4610
f 4611/4611/4611 249/249/249 4610/4610/4610
f 4613/4613/4613 4612/4612/4612 4403/4403/4403
f 4403/4403/4403 4612/4612/4612 4405/4405/4405
f 4612/4612/4612 4614/4614/4614 4405/4405/4405
f 4616/4616/4616 346/346/346 4615/4615/4615
f 346/346/346 4616/4616/4616 349/349/349
f 4616/4616/4616 4617/4617/4617 349/349/349
f 349/349/349 4617/4617/4617 350/350/350
f 4617/4617/4617 4618/4618/4618 350/350/350
f 350/350/350 4618/4618/4618 4619/4619/4619
f 4618/4618/4618 4620/4620/4620 4619/4619/4619
f 4619/4619/4619 4620/4620/4620 4621/4621/4621
f 4623/4623/4623 4378/4378/4378 4622/4622/4622
f 4622/4622/4622 4378/4378/4378 353/353/353
f 4378/4378/4378 4376/4376/4376 353/353/353
f 353/353/353 4376/4376/4376 352/352/352
f 4376/4376/4376 4624/4624/4624 352/352/352
f 352/352/352 4624/4624/4624 357/357/357
f 4624/4624/4624 4372/4372/4372 357/357/357
f 364/364/364 357/357/357 4372/4372/4372
f 4370/4370/4370 364/364/364 4372/4372/4372
f 365/365/365 364/364/364 4370/4370/4370
f 4625/4625/4625 365/365/365 4370/4370/4370
f 366/366/366 365/365/365 4625/4625/4625
f 4626/4626/4626 366/366/366 4625/4625/4625
f 367/367/367 366/366/366 4626/4626/4626
f 4627/4627/4627 367/367/367 4626/4626/4626
f 363/363/363 367/367/367 4627/4627/4627
f 4628/4628/4628 363/363/363 4627/4627/4627
f 362/362/362 363/363/363 4628/4628/4628
f 4629/4629/4629 362/362/362 4628/4628/4628
f 4630/4630/4630 362/362/362 4629/4629/4629
f 4631/4631/4631 4630/4630/4630 4629/4629/4629
f 355/355/355 4630/4630/4630 4631/4631/4631
f 4632/4632/4632 355/355/355 4631/4631/4631
f 358/358/358 355/355/355 4632/4632/4632
f 4633/4633/4633 358/358/358 4632/4632/4632
f 360/360/360 358/358/358 4633/4633/4633
f 4634/4634/4634 360/360/360 4633/4633/4633
f 361/361/361 360/360/360 4634/4634/4634
f 4635/4635/4635 361/361/361 4634/4634/4634
f 359/359/359 361/361/361 4635/4635/4635
f 4636/4636/4636 359/359/359 4635/4635/4635
f 356/356/356 359/359/359 4636/4636/4636
f 4637/4637/4637 356/356/356 4636/4636/4636
f 354/354/354 356/356/356 4637/4637/4637
f 4425/4425/4425 354/354/354 4637/4637/4637
f 351/351/351 354/354/354 4425/4425/4425
f 4426/4426/4426 351/351/351 4425/4425/4425
f 351/351/351 4426/4426/4426 348/348/348
f 4426/4426/4426 4638/4638/4638 348/348/348
f 348/348/348 4638/4638/4638 347/347/347
f 4638/4638/4638 4639/4639/4639 347/347/347
f 345/345/345 347/347/347 4639/4639/4639
f 4410/4410/4410 345/345/345 4639/4639/4639
f 343/343/343 345/345/345 4410/4410/4410
f 4411/4411/4411 343/343/343 4410/4410/4410
f 343/343/343 4411/4411/4411 341/341/341
f 4411/4411/4411 4418/4418/4418 341/341/341
f 341/341/341 4418/4418/4418 340/340/340
f 4418/4418/4418 4640/4640/4640 340/340/340
f 339/339/339 340/340/340 4640/4640/4640
f 4423/4423/4423 339/339/339 4640/4640/4640
f 342/342/342 339/339/339 4423/4423/4423
f 4641/4641/4641 342/342/342 4423/4423/4423
f 4643/4643/4643 4642/4642/4642 12/12/12
f 4644/4644/4644 4642/4642/4642 4643/4643/4643
f 4645/4645/4645 4644/4644/4644 4643/4643/4643
f 4646/4646/4646 4644/4644/4644 4645/4645/4645
f 10/10/10 4646/4646/4646 4645/4645/4645
f 4647/4647/4647 4646/4646/4646 10/10/10
f 11/11/11 4647/4647/4647 10/10/10
f 4225/4225/4225 4647/4647/4647 11/11/11
f 13/13/13 4225/4225/4225 11/11/11
f 264/264/264 261/261/261 4648/4648/4648
f 4649/4649/4649 264/264/264 4648/4648/4648
f 266/266/266 264/264/264 4649/4649/4649
f 4650/4650/4650 266/266/266 4649/4649/4649
f 268/268/268 266/266/266 4650/4650/4650
f 4651/4651/4651 268/268/268 4650/4650/4650
f 270/270/270 268/268/268 4651/4651/4651
f 4652/4652/4652 270/270/270 4651/4651/4651
f 272/272/272 270/270/270 4652/4652/4652
f 4653/4653/4653 272/272/272 4652/4652/4652
f 274/274/274 272/272/272 4653/4653/4653
f 4654/4654/4654 274/274/274 4653/4653/4653
f 276/276/276 274/274/274 4654/4654/4654
f 4655/4655/4655 276/276/276 4654/4654/4654
f 278/278/278 276/276/276 4655/4655/4655
f 4656/4656/4656 278/278/278 4655/4655/4655
f 280/280/280 278/278/278 4656/4656/4656
f 4657/4657/4657 280/280/280 4656/4656/4656
f 282/282/282 280/280/280 4657/4657/4657
f 4658/4658/4658 282/282/282 4657/4657/4657
f 284/284/284 282/282/282 4658/4658/4658
f 4659/4659/4659 284/284/284 4658/4658/4658
f 284/284/284 4659/4659/4659 286/286/286
f 4659/4659/4659 4660/4660/4660 286/286/286
f 286/286/286 4660/4660/4660 288/288/288
f 4660/4660/4660 4661/4661/4661 288/288/288
f 288/288/288 4661/4661/4661 290/290/290
f 4661/4661/4661 4662/4662/4662 290/290/290
f 290/290/290 4662/4662/4662 292/292/292
f 4662/4662/4662 4663/4663/4663 292/292/292
f 294/294/294 292/292/292 4663/4663/4663
f 4664/4664/4664 294/294/294 4663/4663/4663
f 296/296/296 294/294/294 4664/4664/4664
f 296/296/296 4665/4665/4665 298/298/298
f 4665/4665/4665 4438/4438/4438 298/298/298
f 4667/4667/4667 4666/4666/4666 221/221/221
f 219/219/219 4667/4667/4667 221/221/221
f 4668/4668/4668 4667/4667/4667 219/219/219
f 223/223/223 4668/4668/4668 219/219/219
f 4669/4669/4669 4668/4668/4668 223/223/223
f 225/225/225 4669/4669/4669 223/223/223
f 4670/4670/4670 4669/4669/4669 225/225/225
f 227/227/227 4670/4670/4670 225/225/225
f 4671/4671/4671 4670/4670/4670 227/227/227
f 229/229/229 4671/4671/4671 227/227/227
f 4672/4672/4672 4671/4671/4671 229/229/229
f 231/231/231 4672/4672/4672 229/229/229
f 4673/4673/4673 4672/4672/4672 231/231/231
f 233/233/233 4673/4673/4673 231/231/231
f 4674/4674/4674 4673/4673/4673 233/233/233
f 235/235/235 4674/4674/4674 233/233/233
f 4675/4675/4675 4674/4674/4674 235/235/235
f 237/237/237 4675/4675/4675 235/235/235
f 4676/4676/4676 4675/4675/4675 237/237/237
f 239/239/239 4676/4676/4676 237/237/237
f 4677/4677/4677 4676/4676/4676 239/239/239
f 241/241/241 4677/4677/4677 239/239/239
f 4678/4678/4678 4677/4677/4677 241/241/241
f 243/243/243 4678/4678/4678 241/241/241
f 4679/4679/4679 4678/4678/4678 243/243/243
f 245/245/245 4679/4679/4679 243/243/243
f 260/260/260 257/257/257 4680/4680/4680
f 4681/4681/4681 260/260/260 4680/4680/4680
f 256/256/256 253/253/253 4682/4682/4682
f 4683/4683/4683 256/256/256 4682/4682/4682
f 4686/4686/4686 4685/4685/4685 4684/4684/4684
f 4685/4685/4685 4687/4687/4687 4684/4684/4684
f 4684/4684/4684 4687/4687/4687 4688/4688/4688
f 4690/4690/4690 1245/1245/1245 4689/4689/4689
f 1245/1245/1245 1244/1244/1244 4689/4689/4689
f 4689/4689/4689 1244/1244/1244 4691/4691/4691
f 1244/1244/1244 1243/1243/1243 4691/4691/4691
f 4472/4472/4472 4691/4691/4691 1243/1243/1243
f 1242/1242/1242 4472/4472/4472 1243/1243/1243
f 4470/4470/4470 4472/4472/4472 1242/1242/1242
f 1247/1247/1247 4470/4470/4470 1242/1242/1242
f 4470/4470/4470 1247/1247/1247 4469/4469/4469
f 1247/1247/1247 1250/1250/1250 4469/4469/4469
f 4469/4469/4469 1250/1250/1250 4692/4692/4692
f 1250/1250/1250 1252/1252/1252 4692/4692/4692
f 4693/4693/4693 1280/1280/1280 4461/4461/4461
f 1280/1280/1280 1281/1281/1281 4461/4461/4461
f 4461/4461/4461 1281/1281/1281 4462/4462/4462
f 1281/1281/1281 1284/1284/1284 4462/4462/4462
f 4462/4462/4462 1284/1284/1284 4463/4463/4463
f 1284/1284/1284 1287/1287/1287 4463/4463/4463
f 4463/4463/4463 1287/1287/1287 4694/4694/4694
f 1287/1287/1287 1291/1291/1291 4694/4694/4694
f 4694/4694/4694 1291/1291/1291 4695/4695/4695
f 1291/1291/1291 1293/1293/1293 4695/4695/4695
f 4697/4697/4697 1272/1272/1272 4696/4696/4696
f 1272/1272/1272 1270/1270/1270 4696/4696/4696
f 4696/4696/4696 1270/1270/1270 4698/4698/4698
f 1270/1270/1270 1267/1267/1267 4698/4698/4698
f 4699/4699/4699 4698/4698/4698 1267/1267/1267
f 1261/1261/1261 4699/4699/4699 1267/1267/1267
f 1295/1295/1295 1296/1296/1296 4700/4700/4700
f 4701/4701/4701 1295/1295/1295 4700/4700/4700
f 1299/1299/1299 1295/1295/1295 4701/4701/4701
f 4702/4702/4702 1299/1299/1299 4701/4701/4701
f 1303/1303/1303 1299/1299/1299 4702/4702/4702
f 4703/4703/4703 1303/1303/1303 4702/4702/4702
f 1313/1313/1313 1303/1303/1303 4703/4703/4703
f 4704/4704/4704 1313/1313/1313 4703/4703/4703
f 1314/1314/1314 1313/1313/1313 4704/4704/4704
f 4707/4707/4707 4706/4706/4706 4705/4705/4705
f 4708/4708/4708 4706/4706/4706 4707/4707/4707
f 4709/4709/4709 4708/4708/4708 4707/4707/4707
f 4515/4515/4515 4517/4517/4517 4518/4518/4518
f 4516/4516/4516 4517/4517/4517 4515/4515/4515
g Computer  chair_3
f 4712/4712/4712 4711/4711/4711 4710/4710/4710
f 4715/4715/4715 4714/4714/4714 4713/4713/4713
f 4718/4718/4718 4717/4717/4717 4716/4716/4716
f 4721/4721/4721 4720/4720/4720 4719/4719/4719
f 4724/4724/4724 4723/4723/4723 4722/4722/4722
f 4725/4725/4725 4724/4724/4724 4722/4722/4722
f 4725/4725/4725 4726/4726/4726 4724/4724/4724
f 4726/4726/4726 4727/4727/4727 4724/4724/4724
f 4730/4730/4730 4729/4729/4729 4728/4728/4728
f 4731/4731/4731 4730/4730/4730 4728/4728/4728
f 4731/4731/4731 4728/4728/4728 4732/4732/4732
f 4733/4733/4733 4731/4731/4731 4732/4732/4732
f 4734/4734/4734 4733/4733/4733 4732/4732/4732
f 4735/4735/4735 4734/4734/4734 4732/4732/4732
f 4735/4735/4735 4736/4736/4736 4734/4734/4734
f 4736/4736/4736 4737/4737/4737 4734/4734/4734
f 4736/4736/4736 4738/4738/4738 4737/4737/4737
f 4738/4738/4738 4739/4739/4739 4737/4737/4737
f 4738/4738/4738 4740/4740/4740 4739/4739/4739
f 4740/4740/4740 4741/4741/4741 4739/4739/4739
f 4744/4744/4744 4743/4743/4743 4742/4742/4742
f 4745/4745/4745 4744/4744/4744 4742/4742/4742
f 4748/4748/4748 4747/4747/4747 4746/4746/4746
f 4749/4749/4749 4748/4748/4748 4746/4746/4746
f 4749/4749/4749 4746/4746/4746 4750/4750/4750
f 4751/4751/4751 4749/4749/4749 4750/4750/4750
f 4754/4754/4754 4753/4753/4753 4752/4752/4752
f 4753/4753/4753 4755/4755/4755 4752/4752/4752
f 4753/4753/4753 4756/4756/4756 4755/4755/4755
f 4756/4756/4756 4757/4757/4757 4755/4755/4755
f 4756/4756/4756 4758/4758/4758 4757/4757/4757
f 4758/4758/4758 4759/4759/4759 4757/4757/4757
f 4758/4758/4758 4760/4760/4760 4759/4759/4759
f 4760/4760/4760 4761/4761/4761 4759/4759/4759
f 4760/4760/4760 4762/4762/4762 4761/4761/4761
f 4762/4762/4762 4763/4763/4763 4761/4761/4761
f 4766/4766/4766 4765/4765/4765 4764/4764/4764
f 4767/4767/4767 4766/4766/4766 4764/4764/4764
f 4767/4767/4767 4764/4764/4764 4768/4768/4768
f 4769/4769/4769 4767/4767/4767 4768/4768/4768
f 4769/4769/4769 4768/4768/4768 4770/4770/4770
f 4771/4771/4771 4769/4769/4769 4770/4770/4770
f 4771/4771/4771 4770/4770/4770 4772/4772/4772
f 4773/4773/4773 4771/4771/4771 4772/4772/4772
f 4773/4773/4773 4772/4772/4772 4774/4774/4774
f 4775/4775/4775 4773/4773/4773 4774/4774/4774
f 4775/4775/4775 4774/4774/4774 4776/4776/4776
f 4777/4777/4777 4775/4775/4775 4776/4776/4776
f 4778/4778/4778 4777/4777/4777 4776/4776/4776
f 4779/4779/4779 4778/4778/4778 4776/4776/4776
f 4779/4779/4779 4780/4780/4780 4778/4778/4778
f 4780/4780/4780 4781/4781/4781 4778/4778/4778
f 4780/4780/4780 4782/4782/4782 4781/4781/4781
f 4782/4782/4782 4783/4783/4783 4781/4781/4781
f 4786/4786/4786 4785/4785/4785 4784/4784/4784
f 4785/4785/4785 4787/4787/4787 4784/4784/4784
f 4785/4785/4785 4788/4788/4788 4787/4787/4787
f 4788/4788/4788 4789/4789/4789 4787/4787/4787
f 4792/4792/4792 4791/4791/4791 4790/4790/4790
f 4793/4793/4793 4792/4792/4792 4790/4790/4790
f 4796/4796/4796 4795/4795/4795 4794/4794/4794
f 4797/4797/4797 4796/4796/4796 4794/4794/4794
f 4800/4800/4800 4799/4799/4799 4798/4798/4798
f 4801/4801/4801 4800/4800/4800 4798/4798/4798
f 4801/4801/4801 4798/4798/4798 4802/4802/4802
f 4803/4803/4803 4801/4801/4801 4802/4802/4802
f 4803/4803/4803 4802/4802/4802 4804/4804/4804
f 4805/4805/4805 4803/4803/4803 4804/4804/4804
f 4806/4806/4806 4805/4805/4805 4804/4804/4804
f 4807/4807/4807 4806/4806/4806 4804/4804/4804
f 4807/4807/4807 4808/4808/4808 4806/4806/4806
f 4808/4808/4808 4809/4809/4809 4806/4806/4806
f 4808/4808/4808 4810/4810/4810 4809/4809/4809
f 4810/4810/4810 4811/4811/4811 4809/4809/4809
f 4810/4810/4810 4812/4812/4812 4811/4811/4811
f 4812/4812/4812 4813/4813/4813 4811/4811/4811
f 4816/4816/4816 4815/4815/4815 4814/4814/4814
f 4817/4817/4817 4816/4816/4816 4814/4814/4814
f 4820/4820/4820 4819/4819/4819 4818/4818/4818
f 4821/4821/4821 4820/4820/4820 4818/4818/4818
f 4824/4824/4824 4823/4823/4823 4822/4822/4822
f 4825/4825/4825 4824/4824/4824 4822/4822/4822
f 4828/4828/4828 4827/4827/4827 4826/4826/4826
f 4827/4827/4827 4829/4829/4829 4826/4826/4826
f 4827/4827/4827 4830/4830/4830 4829/4829/4829
f 4830/4830/4830 4831/4831/4831 4829/4829/4829
f 4834/4834/4834 4833/4833/4833 4832/4832/4832
f 4835/4835/4835 4834/4834/4834 4832/4832/4832
f 4838/4838/4838 4837/4837/4837 4836/4836/4836
f 4839/4839/4839 4838/4838/4838 4836/4836/4836
f 4842/4842/4842 4841/4841/4841 4840/4840/4840
f 4843/4843/4843 4842/4842/4842 4840/4840/4840
f 4846/4846/4846 4845/4845/4845 4844/4844/4844
f 4847/4847/4847 4846/4846/4846 4844/4844/4844
f 4850/4850/4850 4849/4849/4849 4848/4848/4848
f 4851/4851/4851 4850/4850/4850 4848/4848/4848
f 4854/4854/4854 4853/4853/4853 4852/4852/4852
f 4855/4855/4855 4854/4854/4854 4852/4852/4852
f 4858/4858/4858 4857/4857/4857 4856/4856/4856
f 4857/4857/4857 4859/4859/4859 4856/4856/4856
f 4860/4860/4860 4859/4859/4859 4857/4857/4857
f 4861/4861/4861 4860/4860/4860 4857/4857/4857
f 4864/4864/4864 4863/4863/4863 4862/4862/4862
f 4863/4863/4863 4865/4865/4865 4862/4862/4862
f 4862/4862/4862 4865/4865/4865 4866/4866/4866
f 4865/4865/4865 4867/4867/4867 4866/4866/4866
f 4867/4867/4867 4868/4868/4868 4866/4866/4866
f 4868/4868/4868 4869/4869/4869 4866/4866/4866
f 4870/4870/4870 4869/4869/4869 4868/4868/4868
f 4871/4871/4871 4870/4870/4870 4868/4868/4868
f 4872/4872/4872 4870/4870/4870 4871/4871/4871
f 4873/4873/4873 4872/4872/4872 4871/4871/4871
f 4874/4874/4874 4872/4872/4872 4873/4873/4873
f 4875/4875/4875 4874/4874/4874 4873/4873/4873
f 4878/4878/4878 4877/4877/4877 4876/4876/4876
f 4879/4879/4879 4878/4878/4878 4876/4876/4876
f 4882/4882/4882 4881/4881/4881 4880/4880/4880
f 4881/4881/4881 4883/4883/4883 4880/4880/4880
f 4880/4880/4880 4883/4883/4883 4884/4884/4884
f 4883/4883/4883 4885/4885/4885 4884/4884/4884
f 4888/4888/4888 4887/4887/4887 4886/4886/4886
f 4889/4889/4889 4888/4888/4888 4886/4886/4886
f 4890/4890/4890 4888/4888/4888 4889/4889/4889
f 4891/4891/4891 4890/4890/4890 4889/4889/4889
f 4892/4892/4892 4890/4890/4890 4891/4891/4891
f 4893/4893/4893 4892/4892/4892 4891/4891/4891
f 4894/4894/4894 4892/4892/4892 4893/4893/4893
f 4895/4895/4895 4894/4894/4894 4893/4893/4893
f 4896/4896/4896 4894/4894/4894 4895/4895/4895
f 4897/4897/4897 4896/4896/4896 4895/4895/4895
f 4900/4900/4900 4899/4899/4899 4898/4898/4898
f 4899/4899/4899 4901/4901/4901 4898/4898/4898
f 4898/4898/4898 4901/4901/4901 4902/4902/4902
f 4901/4901/4901 4903/4903/4903 4902/4902/4902
f 4902/4902/4902 4903/4903/4903 4904/4904/4904
f 4903/4903/4903 4905/4905/4905 4904/4904/4904
f 4904/4904/4904 4905/4905/4905 4906/4906/4906
f 4905/4905/4905 4907/4907/4907 4906/4906/4906
f 4906/4906/4906 4907/4907/4907 4908/4908/4908
f 4907/4907/4907 4909/4909/4909 4908/4908/4908
f 4908/4908/4908 4909/4909/4909 4910/4910/4910
f 4909/4909/4909 4911/4911/4911 4910/4910/4910
f 4911/4911/4911 4912/4912/4912 4910/4910/4910
f 4912/4912/4912 4913/4913/4913 4910/4910/4910
f 4914/4914/4914 4913/4913/4913 4912/4912/4912
f 4915/4915/4915 4914/4914/4914 4912/4912/4912
f 4916/4916/4916 4914/4914/4914 4915/4915/4915
f 4917/4917/4917 4916/4916/4916 4915/4915/4915
f 4918/4918/4918 4916/4916/4916 4917/4917/4917
f 4919/4919/4919 4918/4918/4918 4917/4917/4917
f 4922/4922/4922 4921/4921/4921 4920/4920/4920
f 4923/4923/4923 4922/4922/4922 4920/4920/4920
f 4926/4926/4926 4925/4925/4925 4924/4924/4924
f 4927/4927/4927 4926/4926/4926 4924/4924/4924
f 4930/4930/4930 4929/4929/4929 4928/4928/4928
f 4929/4929/4929 4931/4931/4931 4928/4928/4928
f 4928/4928/4928 4931/4931/4931 4932/4932/4932
f 4931/4931/4931 4933/4933/4933 4932/4932/4932
f 4932/4932/4932 4933/4933/4933 4934/4934/4934
f 4933/4933/4933 4935/4935/4935 4934/4934/4934
f 4938/4938/4938 4937/4937/4937 4936/4936/4936
f 4937/4937/4937 4939/4939/4939 4936/4936/4936
f 4936/4936/4936 4939/4939/4939 4940/4940/4940
f 4939/4939/4939 4941/4941/4941 4940/4940/4940
f 4940/4940/4940 4941/4941/4941 4942/4942/4942
f 4941/4941/4941 4943/4943/4943 4942/4942/4942
f 4943/4943/4943 4944/4944/4944 4942/4942/4942
f 4944/4944/4944 4945/4945/4945 4942/4942/4942
f 4946/4946/4946 4945/4945/4945 4944/4944/4944
f 4947/4947/4947 4946/4946/4946 4944/4944/4944
f 4948/4948/4948 4946/4946/4946 4947/4947/4947
f 4949/4949/4949 4948/4948/4948 4947/4947/4947
f 4950/4950/4950 4948/4948/4948 4949/4949/4949
f 4951/4951/4951 4950/4950/4950 4949/4949/4949
f 4954/4954/4954 4953/4953/4953 4952/4952/4952
f 4955/4955/4955 4954/4954/4954 4952/4952/4952
f 4958/4958/4958 4957/4957/4957 4956/4956/4956
f 4959/4959/4959 4958/4958/4958 4956/4956/4956
f 4960/4960/4960 4958/4958/4958 4959/4959/4959
f 4961/4961/4961 4960/4960/4960 4959/4959/4959
f 4964/4964/4964 4963/4963/4963 4962/4962/4962
f 4965/4965/4965 4964/4964/4964 4962/4962/4962
f 4968/4968/4968 4967/4967/4967 4966/4966/4966
f 4969/4969/4969 4968/4968/4968 4966/4966/4966
f 4972/4972/4972 4971/4971/4971 4970/4970/4970
f 4973/4973/4973 4972/4972/4972 4970/4970/4970
f 4976/4976/4976 4975/4975/4975 4974/4974/4974
f 4977/4977/4977 4976/4976/4976 4974/4974/4974
f 4980/4980/4980 4979/4979/4979 4978/4978/4978
f 4981/4981/4981 4980/4980/4980 4978/4978/4978
f 4984/4984/4984 4983/4983/4983 4982/4982/4982
f 4985/4985/4985 4984/4984/4984 4982/4982/4982
f 4988/4988/4988 4987/4987/4987 4986/4986/4986
f 4987/4987/4987 4989/4989/4989 4986/4986/4986
f 4987/4987/4987 4990/4990/4990 4989/4989/4989
f 4990/4990/4990 4991/4991/4991 4989/4989/4989
f 4990/4990/4990 4992/4992/4992 4991/4991/4991
f 4992/4992/4992 4993/4993/4993 4991/4991/4991
f 4992/4992/4992 4994/4994/4994 4993/4993/4993
f 4994/4994/4994 4995/4995/4995 4993/4993/4993
f 4994/4994/4994 4996/4996/4996 4995/4995/4995
f 4999/4999/4999 4998/4998/4998 4997/4997/4997
f 5000/5000/5000 4999/4999/4999 4997/4997/4997
f 5003/5003/5003 5002/5002/5002 5001/5001/5001
f 5004/5004/5004 5003/5003/5003 5001/5001/5001
f 5004/5004/5004 5001/5001/5001 5005/5005/5005
f 5006/5006/5006 5004/5004/5004 5005/5005/5005
f 5006/5006/5006 5005/5005/5005 5007/5007/5007
f 5008/5008/5008 5006/5006/5006 5007/5007/5007
f 5008/5008/5008 5007/5007/5007 5009/5009/5009
f 5010/5010/5010 5008/5008/5008 5009/5009/5009
f 5013/5013/5013 5012/5012/5012 5011/5011/5011
f 5012/5012/5012 5014/5014/5014 5011/5011/5011
f 5012/5012/5012 5015/5015/5015 5014/5014/5014
f 5015/5015/5015 5016/5016/5016 5014/5014/5014
f 5015/5015/5015 5017/5017/5017 5016/5016/5016
f 5017/5017/5017 5018/5018/5018 5016/5016/5016
f 5017/5017/5017 5019/5019/5019 5018/5018/5018
f 5019/5019/5019 5020/5020/5020 5018/5018/5018
f 5019/5019/5019 5021/5021/5021 5020/5020/5020
f 5021/5021/5021 5022/5022/5022 5020/5020/5020
f 5025/5025/5025 5024/5024/5024 5023/5023/5023
f 5025/5025/5025 5026/5026/5026 5024/5024/5024
f 5026/5026/5026 5027/5027/5027 5024/5024/5024
f 5026/5026/5026 5028/5028/5028 5027/5027/5027
f 5028/5028/5028 5029/5029/5029 5027/5027/5027
f 5028/5028/5028 5030/5030/5030 5029/5029/5029
f 5030/5030/5030 5031/5031/5031 5029/5029/5029
f 5034/5034/5034 5033/5033/5033 5032/5032/5032
f 5035/5035/5035 5034/5034/5034 5032/5032/5032
f 5038/5038/5038 5037/5037/5037 5036/5036/5036
f 5037/5037/5037 5039/5039/5039 5036/5036/5036
f 5037/5037/5037 5040/5040/5040 5039/5039/5039
f 5040/5040/5040 5041/5041/5041 5039/5039/5039
f 5042/5042/5042 5036/5036/5036 5039/5039/5039
f 5043/5043/5043 5039/5039/5039 5041/5041/5041
f 5043/5043/5043 5042/5042/5042 5039/5039/5039
f 5042/5042/5042 5043/5043/5043 5044/5044/5044
f 5043/5043/5043 5045/5045/5045 5044/5044/5044
f 5044/5044/5044 5045/5045/5045 5046/5046/5046
f 5045/5045/5045 5047/5047/5047 5046/5046/5046
f 5046/5046/5046 5047/5047/5047 5048/5048/5048
f 5051/5051/5051 5050/5050/5050 5049/5049/5049
f 5050/5050/5050 5052/5052/5052 5049/5049/5049
f 5050/5050/5050 5053/5053/5053 5052/5052/5052
f 5053/5053/5053 5054/5054/5054 5052/5052/5052
f 5053/5053/5053 5055/5055/5055 5054/5054/5054
f 5055/5055/5055 5056/5056/5056 5054/5054/5054
f 5057/5057/5057 5054/5054/5054 5056/5056/5056
f 5058/5058/5058 5057/5057/5057 5056/5056/5056
f 5059/5059/5059 5052/5052/5052 5054/5054/5054
f 5057/5057/5057 5059/5059/5059 5054/5054/5054
f 5060/5060/5060 5049/5049/5049 5052/5052/5052
f 5059/5059/5059 5060/5060/5060 5052/5052/5052
f 5057/5057/5057 5058/5058/5058 5061/5061/5061
f 5058/5058/5058 5062/5062/5062 5061/5061/5061
f 5060/5060/5060 5063/5063/5063 5049/5049/5049
f 5063/5063/5063 5064/5064/5064 5049/5049/5049
f 5063/5063/5063 5060/5060/5060 5065/5065/5065
f 5060/5060/5060 5066/5066/5066 5065/5065/5065
f 5060/5060/5060 5059/5059/5059 5066/5066/5066
f 5065/5065/5065 5066/5066/5066 5067/5067/5067
f 5066/5066/5066 5068/5068/5068 5067/5067/5067
f 5059/5059/5059 5057/5057/5057 5069/5069/5069
f 5059/5059/5059 5069/5069/5069 5066/5066/5066
f 5066/5066/5066 5069/5069/5069 5068/5068/5068
f 5057/5057/5057 5061/5061/5061 5069/5069/5069
f 5069/5069/5069 5070/5070/5070 5068/5068/5068
f 5069/5069/5069 5061/5061/5061 5070/5070/5070
f 5061/5061/5061 5071/5071/5071 5070/5070/5070
f 5061/5061/5061 5062/5062/5062 5071/5071/5071
f 5062/5062/5062 5072/5072/5072 5071/5071/5071
f 5075/5075/5075 5074/5074/5074 5073/5073/5073
f 5076/5076/5076 5075/5075/5075 5073/5073/5073
f 5076/5076/5076 5073/5073/5073 5077/5077/5077
f 5078/5078/5078 5076/5076/5076 5077/5077/5077
f 5079/5079/5079 5077/5077/5077 5073/5073/5073
f 5080/5080/5080 5079/5079/5079 5073/5073/5073
f 5079/5079/5079 5080/5080/5080 5081/5081/5081
f 5080/5080/5080 5082/5082/5082 5081/5081/5081
f 5085/5085/5085 5084/5084/5084 5083/5083/5083
f 5084/5084/5084 5086/5086/5086 5083/5083/5083
f 5084/5084/5084 5087/5087/5087 5086/5086/5086
f 5088/5088/5088 5083/5083/5083 5086/5086/5086
f 5087/5087/5087 5089/5089/5089 5086/5086/5086
f 5090/5090/5090 5088/5088/5088 5086/5086/5086
f 5090/5090/5090 5086/5086/5086 5089/5089/5089
f 5088/5088/5088 5090/5090/5090 5091/5091/5091
f 5092/5092/5092 5090/5090/5090 5089/5089/5089
f 5090/5090/5090 5093/5093/5093 5091/5091/5091
f 5090/5090/5090 5092/5092/5092 5093/5093/5093
f 5091/5091/5091 5093/5093/5093 5094/5094/5094
f 5092/5092/5092 5095/5095/5095 5093/5093/5093
f 5093/5093/5093 5096/5096/5096 5094/5094/5094
f 5093/5093/5093 5095/5095/5095 5096/5096/5096
f 5094/5094/5094 5096/5096/5096 5097/5097/5097
f 5095/5095/5095 5098/5098/5098 5096/5096/5096
f 5096/5096/5096 5099/5099/5099 5097/5097/5097
f 5096/5096/5096 5098/5098/5098 5099/5099/5099
f 5098/5098/5098 5100/5100/5100 5099/5099/5099
f 5103/5103/5103 5102/5102/5102 5101/5101/5101
f 5103/5103/5103 5101/5101/5101 5104/5104/5104
f 5105/5105/5105 5103/5103/5103 5104/5104/5104
f 5108/5108/5108 5107/5107/5107 5106/5106/5106
f 5107/5107/5107 5109/5109/5109 5106/5106/5106
f 5107/5107/5107 5110/5110/5110 5109/5109/5109
f 5111/5111/5111 5106/5106/5106 5109/5109/5109
f 5111/5111/5111 5112/5112/5112 5106/5106/5106
f 5112/5112/5112 5111/5111/5111 5113/5113/5113
f 5110/5110/5110 5114/5114/5114 5109/5109/5109
f 5110/5110/5110 5115/5115/5115 5114/5114/5114
f 5115/5115/5115 5116/5116/5116 5114/5114/5114
f 5111/5111/5111 5117/5117/5117 5113/5113/5113
f 5113/5113/5113 5117/5117/5117 5118/5118/5118
f 5119/5119/5119 5111/5111/5111 5109/5109/5109
f 5119/5119/5119 5109/5109/5109 5114/5114/5114
f 5111/5111/5111 5119/5119/5119 5117/5117/5117
f 5120/5120/5120 5114/5114/5114 5116/5116/5116
f 5120/5120/5120 5119/5119/5119 5114/5114/5114
f 5121/5121/5121 5120/5120/5120 5116/5116/5116
f 5119/5119/5119 5122/5122/5122 5117/5117/5117
f 5119/5119/5119 5120/5120/5120 5122/5122/5122
f 5120/5120/5120 5121/5121/5121 5123/5123/5123
f 5120/5120/5120 5123/5123/5123 5122/5122/5122
f 5121/5121/5121 5124/5124/5124 5123/5123/5123
f 5117/5117/5117 5125/5125/5125 5118/5118/5118
f 5117/5117/5117 5122/5122/5122 5125/5125/5125
f 5122/5122/5122 5123/5123/5123 5126/5126/5126
f 5122/5122/5122 5126/5126/5126 5125/5125/5125
f 5123/5123/5123 5124/5124/5124 5127/5127/5127
f 5123/5123/5123 5127/5127/5127 5126/5126/5126
f 5118/5118/5118 5125/5125/5125 5128/5128/5128
f 5118/5118/5118 5128/5128/5128 5129/5129/5129
f 5129/5129/5129 5128/5128/5128 5130/5130/5130
f 5125/5125/5125 5126/5126/5126 5131/5131/5131
f 5125/5125/5125 5131/5131/5131 5128/5128/5128
f 5128/5128/5128 5132/5132/5132 5130/5130/5130
f 5128/5128/5128 5131/5131/5131 5132/5132/5132
f 5133/5133/5133 5130/5130/5130 5132/5132/5132
f 5134/5134/5134 5133/5133/5133 5132/5132/5132
f 5126/5126/5126 5135/5135/5135 5131/5131/5131
f 5126/5126/5126 5127/5127/5127 5135/5135/5135
f 5131/5131/5131 5136/5136/5136 5132/5132/5132
f 5134/5134/5134 5132/5132/5132 5136/5136/5136
f 5131/5131/5131 5135/5135/5135 5136/5136/5136
f 5124/5124/5124 5137/5137/5137 5127/5127/5127
f 5124/5124/5124 5138/5138/5138 5137/5137/5137
f 5138/5138/5138 5139/5139/5139 5137/5137/5137
f 5127/5127/5127 5137/5137/5137 5140/5140/5140
f 5127/5127/5127 5140/5140/5140 5135/5135/5135
f 5137/5137/5137 5141/5141/5141 5140/5140/5140
f 5142/5142/5142 5134/5134/5134 5136/5136/5136
f 5143/5143/5143 5134/5134/5134 5142/5142/5142
f 5144/5144/5144 5143/5143/5143 5142/5142/5142
f 5135/5135/5135 5145/5145/5145 5136/5136/5136
f 5135/5135/5135 5140/5140/5140 5145/5145/5145
f 5142/5142/5142 5136/5136/5136 5145/5145/5145
f 5140/5140/5140 5141/5141/5141 5146/5146/5146
f 5140/5140/5140 5146/5146/5146 5145/5145/5145
f 5141/5141/5141 5147/5147/5147 5146/5146/5146
f 5148/5148/5148 5142/5142/5142 5145/5145/5145
f 5144/5144/5144 5142/5142/5142 5148/5148/5148
f 5148/5148/5148 5145/5145/5145 5146/5146/5146
f 5149/5149/5149 5146/5146/5146 5147/5147/5147
f 5149/5149/5149 5148/5148/5148 5146/5146/5146
f 5150/5150/5150 5149/5149/5149 5147/5147/5147
f 5151/5151/5151 5144/5144/5144 5148/5148/5148
f 5151/5151/5151 5148/5148/5148 5149/5149/5149
f 5144/5144/5144 5151/5151/5151 5152/5152/5152
f 5153/5153/5153 5149/5149/5149 5150/5150/5150
f 5153/5153/5153 5151/5151/5151 5149/5149/5149
f 5151/5151/5151 5154/5154/5154 5152/5152/5152
f 5151/5151/5151 5153/5153/5153 5154/5154/5154
f 5155/5155/5155 5153/5153/5153 5150/5150/5150
f 5155/5155/5155 5150/5150/5150 5156/5156/5156
f 5157/5157/5157 5155/5155/5155 5156/5156/5156
f 5153/5153/5153 5155/5155/5155 5158/5158/5158
f 5153/5153/5153 5158/5158/5158 5154/5154/5154
f 5155/5155/5155 5157/5157/5157 5159/5159/5159
f 5155/5155/5155 5159/5159/5159 5158/5158/5158
f 5157/5157/5157 5160/5160/5160 5159/5159/5159
f 5159/5159/5159 5160/5160/5160 5161/5161/5161
f 5162/5162/5162 5159/5159/5159 5161/5161/5161
f 5158/5158/5158 5159/5159/5159 5162/5162/5162
f 5162/5162/5162 5161/5161/5161 5163/5163/5163
f 5152/5152/5152 5154/5154/5154 5164/5164/5164
f 5165/5165/5165 5152/5152/5152 5164/5164/5164
f 5154/5154/5154 5158/5158/5158 5166/5166/5166
f 5166/5166/5166 5158/5158/5158 5162/5162/5162
f 5164/5164/5164 5154/5154/5154 5166/5166/5166
f 5167/5167/5167 5162/5162/5162 5163/5163/5163
f 5166/5166/5166 5162/5162/5162 5167/5167/5167
f 5163/5163/5163 5168/5168/5168 5167/5167/5167
f 5165/5165/5165 5164/5164/5164 5169/5169/5169
f 5170/5170/5170 5165/5165/5165 5169/5169/5169
f 5164/5164/5164 5166/5166/5166 5171/5171/5171
f 5171/5171/5171 5166/5166/5166 5167/5167/5167
f 5169/5169/5169 5164/5164/5164 5171/5171/5171
f 5168/5168/5168 5172/5172/5172 5167/5167/5167
f 5167/5167/5167 5172/5172/5172 5171/5171/5171
f 5168/5168/5168 5173/5173/5173 5172/5172/5172
f 5171/5171/5171 5174/5174/5174 5169/5169/5169
f 5172/5172/5172 5174/5174/5174 5171/5171/5171
f 5173/5173/5173 5175/5175/5175 5172/5172/5172
f 5172/5172/5172 5175/5175/5175 5174/5174/5174
f 5173/5173/5173 5176/5176/5176 5175/5175/5175
f 5169/5169/5169 5177/5177/5177 5170/5170/5170
f 5174/5174/5174 5177/5177/5177 5169/5169/5169
f 5175/5175/5175 5178/5178/5178 5174/5174/5174
f 5174/5174/5174 5178/5178/5178 5177/5177/5177
f 5176/5176/5176 5179/5179/5179 5175/5175/5175
f 5175/5175/5175 5179/5179/5179 5178/5178/5178
f 5176/5176/5176 5180/5180/5180 5179/5179/5179
f 5177/5177/5177 5181/5181/5181 5170/5170/5170
f 5170/5170/5170 5181/5181/5181 5182/5182/5182
f 5178/5178/5178 5183/5183/5183 5177/5177/5177
f 5177/5177/5177 5183/5183/5183 5181/5181/5181
f 5180/5180/5180 5184/5184/5184 5179/5179/5179
f 5184/5184/5184 5180/5180/5180 5185/5185/5185
f 5179/5179/5179 5186/5186/5186 5178/5178/5178
f 5178/5178/5178 5186/5186/5186 5183/5183/5183
f 5179/5179/5179 5184/5184/5184 5186/5186/5186
f 5181/5181/5181 5187/5187/5187 5182/5182/5182
f 5182/5182/5182 5187/5187/5187 5188/5188/5188
f 5187/5187/5187 5189/5189/5189 5188/5188/5188
f 5190/5190/5190 5184/5184/5184 5185/5185/5185
f 5185/5185/5185 5191/5191/5191 5190/5190/5190
f 5191/5191/5191 5192/5192/5192 5190/5190/5190
f 5183/5183/5183 5193/5193/5193 5181/5181/5181
f 5181/5181/5181 5193/5193/5193 5187/5187/5187
f 5187/5187/5187 5194/5194/5194 5189/5189/5189
f 5193/5193/5193 5194/5194/5194 5187/5187/5187
f 5194/5194/5194 5195/5195/5195 5189/5189/5189
f 5184/5184/5184 5196/5196/5196 5186/5186/5186
f 5196/5196/5196 5184/5184/5184 5190/5190/5190
f 5190/5190/5190 5192/5192/5192 5197/5197/5197
f 5197/5197/5197 5196/5196/5196 5190/5190/5190
f 5192/5192/5192 5198/5198/5198 5197/5197/5197
f 5186/5186/5186 5199/5199/5199 5183/5183/5183
f 5183/5183/5183 5199/5199/5199 5193/5193/5193
f 5186/5186/5186 5196/5196/5196 5199/5199/5199
f 5193/5193/5193 5200/5200/5200 5194/5194/5194
f 5199/5199/5199 5200/5200/5200 5193/5193/5193
f 5200/5200/5200 5201/5201/5201 5194/5194/5194
f 5196/5196/5196 5202/5202/5202 5199/5199/5199
f 5202/5202/5202 5196/5196/5196 5197/5197/5197
f 5199/5199/5199 5202/5202/5202 5200/5200/5200
f 5197/5197/5197 5198/5198/5198 5203/5203/5203
f 5203/5203/5203 5202/5202/5202 5197/5197/5197
f 5198/5198/5198 5204/5204/5204 5203/5203/5203
f 5200/5200/5200 5205/5205/5205 5201/5201/5201
f 5202/5202/5202 5205/5205/5205 5200/5200/5200
f 5205/5205/5205 5202/5202/5202 5203/5203/5203
f 5205/5205/5205 5206/5206/5206 5201/5201/5201
f 5203/5203/5203 5204/5204/5204 5207/5207/5207
f 5207/5207/5207 5205/5205/5205 5203/5203/5203
f 5206/5206/5206 5205/5205/5205 5207/5207/5207
f 5204/5204/5204 5208/5208/5208 5207/5207/5207
f 5209/5209/5209 5206/5206/5206 5207/5207/5207
f 5207/5207/5207 5208/5208/5208 5209/5209/5209
f 5208/5208/5208 5210/5210/5210 5209/5209/5209
f 5213/5213/5213 5212/5212/5212 5211/5211/5211
f 5212/5212/5212 5214/5214/5214 5211/5211/5211
f 5211/5211/5211 5214/5214/5214 5215/5215/5215
f 5212/5212/5212 5216/5216/5216 5214/5214/5214
f 5214/5214/5214 5217/5217/5217 5215/5215/5215
f 5216/5216/5216 5218/5218/5218 5214/5214/5214
f 5214/5214/5214 5218/5218/5218 5217/5217/5217
f 5216/5216/5216 5219/5219/5219 5218/5218/5218
f 5219/5219/5219 5220/5220/5220 5218/5218/5218
f 5218/5218/5218 5220/5220/5220 5221/5221/5221
f 5218/5218/5218 5221/5221/5221 5217/5217/5217
f 5220/5220/5220 5222/5222/5222 5221/5221/5221
f 5223/5223/5223 5217/5217/5217 5221/5221/5221
f 5223/5223/5223 5224/5224/5224 5217/5217/5217
f 5225/5225/5225 5224/5224/5224 5223/5223/5223
f 5226/5226/5226 5221/5221/5221 5222/5222/5222
f 5226/5226/5226 5223/5223/5223 5221/5221/5221
f 5227/5227/5227 5225/5225/5225 5223/5223/5223
f 5227/5227/5227 5223/5223/5223 5226/5226/5226
f 5225/5225/5225 5227/5227/5227 5228/5228/5228
f 5227/5227/5227 5229/5229/5229 5228/5228/5228
f 5230/5230/5230 5226/5226/5226 5222/5222/5222
f 5230/5230/5230 5222/5222/5222 5231/5231/5231
f 5232/5232/5232 5230/5230/5230 5231/5231/5231
f 5233/5233/5233 5227/5227/5227 5226/5226/5226
f 5233/5233/5233 5226/5226/5226 5230/5230/5230
f 5227/5227/5227 5233/5233/5233 5229/5229/5229
f 5234/5234/5234 5233/5233/5233 5230/5230/5230
f 5233/5233/5233 5234/5234/5234 5235/5235/5235
f 5233/5233/5233 5235/5235/5235 5229/5229/5229
f 5234/5234/5234 5236/5236/5236 5235/5235/5235
f 5235/5235/5235 5236/5236/5236 5237/5237/5237
f 5229/5229/5229 5235/5235/5235 5238/5238/5238
f 5238/5238/5238 5235/5235/5235 5237/5237/5237
f 5239/5239/5239 5229/5229/5229 5238/5238/5238
f 5238/5238/5238 5237/5237/5237 5240/5240/5240
f 5239/5239/5239 5238/5238/5238 5241/5241/5241
f 5241/5241/5241 5238/5238/5238 5240/5240/5240
f 5240/5240/5240 5242/5242/5242 5241/5241/5241
f 5243/5243/5243 5239/5239/5239 5241/5241/5241
f 5242/5242/5242 5244/5244/5244 5241/5241/5241
f 5241/5241/5241 5244/5244/5244 5243/5243/5243
f 5244/5244/5244 5245/5245/5245 5243/5243/5243
f 5248/5248/5248 5247/5247/5247 5246/5246/5246
f 5247/5247/5247 5249/5249/5249 5246/5246/5246
f 5247/5247/5247 5250/5250/5250 5249/5249/5249
f 5246/5246/5246 5249/5249/5249 5251/5251/5251
f 5250/5250/5250 5252/5252/5252 5249/5249/5249
f 5249/5249/5249 5253/5253/5253 5251/5251/5251
f 5249/5249/5249 5252/5252/5252 5253/5253/5253
f 5254/5254/5254 5251/5251/5251 5253/5253/5253
f 5252/5252/5252 5255/5255/5255 5253/5253/5253
f 5256/5256/5256 5254/5254/5254 5253/5253/5253
f 5256/5256/5256 5253/5253/5253 5255/5255/5255
f 5257/5257/5257 5256/5256/5256 5255/5255/5255
f 5257/5257/5257 5255/5255/5255 5258/5258/5258
f 5259/5259/5259 5256/5256/5256 5257/5257/5257
f 5260/5260/5260 5259/5259/5259 5257/5257/5257
f 5259/5259/5259 5260/5260/5260 5261/5261/5261
f 5260/5260/5260 5262/5262/5262 5261/5261/5261
f 5261/5261/5261 5262/5262/5262 5263/5263/5263
f 5264/5264/5264 5261/5261/5261 5263/5263/5263
f 5263/5263/5263 5262/5262/5262 5265/5265/5265
f 5262/5262/5262 5266/5266/5266 5265/5265/5265
f 5263/5263/5263 5265/5265/5265 5267/5267/5267
f 5264/5264/5264 5263/5263/5263 5268/5268/5268
f 5268/5268/5268 5263/5263/5263 5267/5267/5267
f 5269/5269/5269 5264/5264/5264 5268/5268/5268
f 5267/5267/5267 5270/5270/5270 5268/5268/5268
f 5268/5268/5268 5271/5271/5271 5269/5269/5269
f 5270/5270/5270 5271/5271/5271 5268/5268/5268
f 5271/5271/5271 5272/5272/5272 5269/5269/5269
f 5271/5271/5271 5273/5273/5273 5272/5272/5272
f 5273/5273/5273 5274/5274/5274 5272/5272/5272
f 5275/5275/5275 5273/5273/5273 5271/5271/5271
f 5270/5270/5270 5275/5275/5275 5271/5271/5271
f 5276/5276/5276 5275/5275/5275 5270/5270/5270
f 5277/5277/5277 5276/5276/5276 5270/5270/5270
f 5280/5280/5280 5279/5279/5279 5278/5278/5278
f 5281/5281/5281 5280/5280/5280 5278/5278/5278
f 5281/5281/5281 5278/5278/5278 5282/5282/5282
f 5283/5283/5283 5280/5280/5280 5281/5281/5281
f 5284/5284/5284 5281/5281/5281 5282/5282/5282
f 5285/5285/5285 5283/5283/5283 5281/5281/5281
f 5285/5285/5285 5281/5281/5281 5284/5284/5284
f 5286/5286/5286 5283/5283/5283 5285/5285/5285
f 5287/5287/5287 5285/5285/5285 5284/5284/5284
f 5287/5287/5287 5284/5284/5284 5288/5288/5288
f 5289/5289/5289 5287/5287/5287 5288/5288/5288
f 5290/5290/5290 5286/5286/5286 5285/5285/5285
f 5290/5290/5290 5285/5285/5285 5287/5287/5287
f 5286/5286/5286 5290/5290/5290 5291/5291/5291
f 5292/5292/5292 5287/5287/5287 5289/5289/5289
f 5292/5292/5292 5290/5290/5290 5287/5287/5287
f 5293/5293/5293 5292/5292/5292 5289/5289/5289
f 5290/5290/5290 5294/5294/5294 5291/5291/5291
f 5290/5290/5290 5292/5292/5292 5294/5294/5294
f 5295/5295/5295 5291/5291/5291 5294/5294/5294
f 5296/5296/5296 5295/5295/5295 5294/5294/5294
f 5292/5292/5292 5293/5293/5293 5297/5297/5297
f 5292/5292/5292 5297/5297/5297 5294/5294/5294
f 5296/5296/5296 5294/5294/5294 5297/5297/5297
f 5293/5293/5293 5298/5298/5298 5297/5297/5297
f 5299/5299/5299 5296/5296/5296 5297/5297/5297
f 5299/5299/5299 5297/5297/5297 5298/5298/5298
f 5302/5302/5302 5301/5301/5301 5300/5300/5300
f 5301/5301/5301 5303/5303/5303 5300/5300/5300
f 5300/5300/5300 5303/5303/5303 5304/5304/5304
f 5303/5303/5303 5305/5305/5305 5304/5304/5304
f 5308/5308/5308 5307/5307/5307 5306/5306/5306
f 5309/5309/5309 5308/5308/5308 5306/5306/5306
f 5308/5308/5308 5309/5309/5309 5310/5310/5310
f 5309/5309/5309 5306/5306/5306 5311/5311/5311
f 5312/5312/5312 5311/5311/5311 5306/5306/5306
f 5312/5312/5312 5313/5313/5313 5311/5311/5311
f 5309/5309/5309 5314/5314/5314 5310/5310/5310
f 5310/5310/5310 5314/5314/5314 5315/5315/5315
f 5314/5314/5314 5316/5316/5316 5315/5315/5315
f 5313/5313/5313 5317/5317/5317 5311/5311/5311
f 5313/5313/5313 5318/5318/5318 5317/5317/5317
f 5319/5319/5319 5309/5309/5309 5311/5311/5311
f 5309/5309/5309 5319/5319/5319 5314/5314/5314
f 5319/5319/5319 5311/5311/5311 5317/5317/5317
f 5314/5314/5314 5320/5320/5320 5316/5316/5316
f 5319/5319/5319 5320/5320/5320 5314/5314/5314
f 5318/5318/5318 5321/5321/5321 5317/5317/5317
f 5318/5318/5318 5322/5322/5322 5321/5321/5321
f 5322/5322/5322 5323/5323/5323 5321/5321/5321
f 5324/5324/5324 5319/5319/5319 5317/5317/5317
f 5324/5324/5324 5317/5317/5317 5321/5321/5321
f 5319/5319/5319 5324/5324/5324 5320/5320/5320
f 5325/5325/5325 5321/5321/5321 5323/5323/5323
f 5325/5325/5325 5324/5324/5324 5321/5321/5321
f 5326/5326/5326 5325/5325/5325 5323/5323/5323
f 5320/5320/5320 5327/5327/5327 5316/5316/5316
f 5316/5316/5316 5327/5327/5327 5328/5328/5328
f 5324/5324/5324 5329/5329/5329 5320/5320/5320
f 5324/5324/5324 5325/5325/5325 5329/5329/5329
f 5320/5320/5320 5329/5329/5329 5327/5327/5327
f 5325/5325/5325 5326/5326/5326 5330/5330/5330
f 5325/5325/5325 5330/5330/5330 5329/5329/5329
f 5326/5326/5326 5331/5331/5331 5330/5330/5330
f 5327/5327/5327 5332/5332/5332 5328/5328/5328
f 5328/5328/5328 5332/5332/5332 5333/5333/5333
f 5329/5329/5329 5334/5334/5334 5327/5327/5327
f 5329/5329/5329 5330/5330/5330 5334/5334/5334
f 5327/5327/5327 5334/5334/5334 5332/5332/5332
f 5330/5330/5330 5331/5331/5331 5335/5335/5335
f 5330/5330/5330 5335/5335/5335 5334/5334/5334
f 5331/5331/5331 5336/5336/5336 5335/5335/5335
f 5332/5332/5332 5337/5337/5337 5333/5333/5333
f 5338/5338/5338 5333/5333/5333 5337/5337/5337
f 5339/5339/5339 5338/5338/5338 5337/5337/5337
f 5339/5339/5339 5337/5337/5337 5340/5340/5340
f 5334/5334/5334 5341/5341/5341 5332/5332/5332
f 5332/5332/5332 5341/5341/5341 5337/5337/5337
f 5334/5334/5334 5335/5335/5335 5341/5341/5341
f 5341/5341/5341 5340/5340/5340 5337/5337/5337
f 5335/5335/5335 5336/5336/5336 5342/5342/5342
f 5335/5335/5335 5342/5342/5342 5341/5341/5341
f 5341/5341/5341 5342/5342/5342 5340/5340/5340
f 5336/5336/5336 5343/5343/5343 5342/5342/5342
f 5342/5342/5342 5344/5344/5344 5340/5340/5340
f 5342/5342/5342 5343/5343/5343 5344/5344/5344
f 5345/5345/5345 5340/5340/5340 5344/5344/5344
f 5343/5343/5343 5346/5346/5346 5344/5344/5344
f 5347/5347/5347 5345/5345/5345 5344/5344/5344
f 5347/5347/5347 5344/5344/5344 5346/5346/5346
f 5348/5348/5348 5347/5347/5347 5346/5346/5346
f 5349/5349/5349 5345/5345/5345 5347/5347/5347
f 5350/5350/5350 5347/5347/5347 5348/5348/5348
f 5350/5350/5350 5349/5349/5349 5347/5347/5347
f 5351/5351/5351 5350/5350/5350 5348/5348/5348
f 5350/5350/5350 5351/5351/5351 5352/5352/5352
f 5351/5351/5351 5353/5353/5353 5352/5352/5352
f 5352/5352/5352 5353/5353/5353 5354/5354/5354
f 5349/5349/5349 5350/5350/5350 5355/5355/5355
f 5350/5350/5350 5352/5352/5352 5355/5355/5355
f 5356/5356/5356 5352/5352/5352 5354/5354/5354
f 5355/5355/5355 5352/5352/5352 5356/5356/5356
f 5356/5356/5356 5354/5354/5354 5357/5357/5357
f 5349/5349/5349 5355/5355/5355 5358/5358/5358
f 5359/5359/5359 5349/5349/5349 5358/5358/5358
f 5359/5359/5359 5358/5358/5358 5360/5360/5360
f 5361/5361/5361 5355/5355/5355 5356/5356/5356
f 5358/5358/5358 5355/5355/5355 5361/5361/5361
f 5360/5360/5360 5358/5358/5358 5362/5362/5362
f 5362/5362/5362 5358/5358/5358 5361/5361/5361
f 5363/5363/5363 5360/5360/5360 5362/5362/5362
f 5361/5361/5361 5356/5356/5356 5364/5364/5364
f 5364/5364/5364 5356/5356/5356 5357/5357/5357
f 5363/5363/5363 5362/5362/5362 5365/5365/5365
f 5366/5366/5366 5363/5363/5363 5365/5365/5365
f 5362/5362/5362 5361/5361/5361 5367/5367/5367
f 5367/5367/5367 5361/5361/5361 5364/5364/5364
f 5365/5365/5365 5362/5362/5362 5367/5367/5367
f 5357/5357/5357 5368/5368/5368 5364/5364/5364
f 5364/5364/5364 5369/5369/5369 5367/5367/5367
f 5368/5368/5368 5369/5369/5369 5364/5364/5364
f 5369/5369/5369 5370/5370/5370 5367/5367/5367
f 5367/5367/5367 5370/5370/5370 5365/5365/5365
f 5369/5369/5369 5371/5371/5371 5370/5370/5370
f 5372/5372/5372 5368/5368/5368 5357/5357/5357
f 5373/5373/5373 5372/5372/5372 5357/5357/5357
f 5372/5372/5372 5374/5374/5374 5368/5368/5368
f 5374/5374/5374 5375/5375/5375 5368/5368/5368
f 5365/5365/5365 5376/5376/5376 5366/5366/5366
f 5370/5370/5370 5376/5376/5376 5365/5365/5365
f 5371/5371/5371 5377/5377/5377 5370/5370/5370
f 5370/5370/5370 5377/5377/5377 5376/5376/5376
f 5376/5376/5376 5378/5378/5378 5366/5366/5366
f 5366/5366/5366 5378/5378/5378 5379/5379/5379
f 5378/5378/5378 5380/5380/5380 5379/5379/5379
f 5378/5378/5378 5381/5381/5381 5380/5380/5380
f 5376/5376/5376 5382/5382/5382 5378/5378/5378
f 5382/5382/5382 5381/5381/5381 5378/5378/5378
f 5377/5377/5377 5382/5382/5382 5376/5376/5376
f 5371/5371/5371 5383/5383/5383 5377/5377/5377
f 5384/5384/5384 5383/5383/5383 5371/5371/5371
f 5382/5382/5382 5385/5385/5385 5381/5381/5381
f 5385/5385/5385 5386/5386/5386 5381/5381/5381
f 5377/5377/5377 5387/5387/5387 5382/5382/5382
f 5383/5383/5383 5387/5387/5387 5377/5377/5377
f 5387/5387/5387 5385/5385/5385 5382/5382/5382
f 5384/5384/5384 5388/5388/5388 5383/5383/5383
f 5389/5389/5389 5388/5388/5388 5384/5384/5384
f 5388/5388/5388 5389/5389/5389 5390/5390/5390
f 5391/5391/5391 5388/5388/5388 5390/5390/5390
f 5388/5388/5388 5392/5392/5392 5383/5383/5383
f 5383/5383/5383 5392/5392/5392 5387/5387/5387
f 5392/5392/5392 5388/5388/5388 5391/5391/5391
f 5385/5385/5385 5393/5393/5393 5386/5386/5386
f 5393/5393/5393 5394/5394/5394 5386/5386/5386
f 5394/5394/5394 5393/5393/5393 5395/5395/5395
f 5387/5387/5387 5396/5396/5396 5385/5385/5385
f 5392/5392/5392 5396/5396/5396 5387/5387/5387
f 5396/5396/5396 5393/5393/5393 5385/5385/5385
f 5397/5397/5397 5392/5392/5392 5391/5391/5391
f 5396/5396/5396 5392/5392/5392 5397/5397/5397
f 5391/5391/5391 5398/5398/5398 5397/5397/5397
f 5398/5398/5398 5399/5399/5399 5397/5397/5397
f 5393/5393/5393 5396/5396/5396 5400/5400/5400
f 5400/5400/5400 5396/5396/5396 5397/5397/5397
f 5397/5397/5397 5399/5399/5399 5400/5400/5400
f 5395/5395/5395 5393/5393/5393 5400/5400/5400
f 5399/5399/5399 5401/5401/5401 5400/5400/5400
f 5400/5400/5400 5401/5401/5401 5395/5395/5395
f 5401/5401/5401 5402/5402/5402 5395/5395/5395
f 5405/5405/5405 5404/5404/5404 5403/5403/5403
f 5404/5404/5404 5406/5406/5406 5403/5403/5403
f 5403/5403/5403 5406/5406/5406 5407/5407/5407
f 5406/5406/5406 5408/5408/5408 5407/5407/5407
f 5411/5411/5411 5410/5410/5410 5409/5409/5409
f 5412/5412/5412 5411/5411/5411 5409/5409/5409
f 5411/5411/5411 5412/5412/5412 5413/5413/5413
f 5412/5412/5412 5414/5414/5414 5413/5413/5413
f 5412/5412/5412 5415/5415/5415 5414/5414/5414
f 5415/5415/5415 5416/5416/5416 5414/5414/5414
f 5414/5414/5414 5416/5416/5416 5417/5417/5417
f 5413/5413/5413 5414/5414/5414 5418/5418/5418
f 5418/5418/5418 5414/5414/5414 5417/5417/5417
f 5418/5418/5418 5417/5417/5417 5419/5419/5419
f 5420/5420/5420 5413/5413/5413 5418/5418/5418
f 5421/5421/5421 5418/5418/5418 5419/5419/5419
f 5420/5420/5420 5418/5418/5418 5421/5421/5421
f 5422/5422/5422 5420/5420/5420 5421/5421/5421
f 5425/5425/5425 5424/5424/5424 5423/5423/5423
f 5424/5424/5424 5426/5426/5426 5423/5423/5423
f 5423/5423/5423 5426/5426/5426 5427/5427/5427
f 5424/5424/5424 5428/5428/5428 5426/5426/5426
f 5428/5428/5428 5429/5429/5429 5426/5426/5426
f 5428/5428/5428 5424/5424/5424 5430/5430/5430
f 5428/5428/5428 5431/5431/5431 5429/5429/5429
f 5431/5431/5431 5432/5432/5432 5429/5429/5429
f 5431/5431/5431 5428/5428/5428 5433/5433/5433
f 5428/5428/5428 5430/5430/5430 5433/5433/5433
f 5433/5433/5433 5430/5430/5430 5434/5434/5434
f 5435/5435/5435 5433/5433/5433 5434/5434/5434
f 5435/5435/5435 5434/5434/5434 5436/5436/5436
f 5437/5437/5437 5435/5435/5435 5436/5436/5436
f 5440/5440/5440 5439/5439/5439 5438/5438/5438
f 5441/5441/5441 5440/5440/5440 5438/5438/5438
f 5442/5442/5442 5440/5440/5440 5441/5441/5441
f 5443/5443/5443 5442/5442/5442 5441/5441/5441
f 5442/5442/5442 5443/5443/5443 5444/5444/5444
f 5441/5441/5441 5438/5438/5438 5445/5445/5445
f 5446/5446/5446 5445/5445/5445 5438/5438/5438
f 5447/5447/5447 5446/5446/5446 5438/5438/5438
f 5446/5446/5446 5448/5448/5448 5445/5445/5445
f 5448/5448/5448 5449/5449/5449 5445/5445/5445
f 5450/5450/5450 5441/5441/5441 5445/5445/5445
f 5450/5450/5450 5445/5445/5445 5449/5449/5449
f 5443/5443/5443 5441/5441/5441 5450/5450/5450
f 5451/5451/5451 5450/5450/5450 5449/5449/5449
f 5452/5452/5452 5450/5450/5450 5451/5451/5451
f 5452/5452/5452 5443/5443/5443 5450/5450/5450
f 5453/5453/5453 5452/5452/5452 5451/5451/5451
f 5443/5443/5443 5454/5454/5454 5444/5444/5444
f 5443/5443/5443 5452/5452/5452 5454/5454/5454
f 5452/5452/5452 5453/5453/5453 5455/5455/5455
f 5452/5452/5452 5455/5455/5455 5454/5454/5454
f 5453/5453/5453 5456/5456/5456 5455/5455/5455
f 5455/5455/5455 5456/5456/5456 5457/5457/5457
f 5458/5458/5458 5455/5455/5455 5457/5457/5457
f 5454/5454/5454 5455/5455/5455 5458/5458/5458
f 5458/5458/5458 5457/5457/5457 5459/5459/5459
f 5460/5460/5460 5458/5458/5458 5459/5459/5459
f 5444/5444/5444 5454/5454/5454 5461/5461/5461
f 5461/5461/5461 5454/5454/5454 5458/5458/5458
f 5461/5461/5461 5458/5458/5458 5460/5460/5460
f 5462/5462/5462 5444/5444/5444 5461/5461/5461
f 5463/5463/5463 5461/5461/5461 5460/5460/5460
f 5466/5466/5466 5465/5465/5465 5464/5464/5464
f 5467/5467/5467 5466/5466/5466 5464/5464/5464
f 5467/5467/5467 5464/5464/5464 5468/5468/5468
f 5469/5469/5469 5466/5466/5466 5467/5467/5467
f 5470/5470/5470 5467/5467/5467 5468/5468/5468
f 5471/5471/5471 5469/5469/5469 5467/5467/5467
f 5471/5471/5471 5467/5467/5467 5470/5470/5470
f 5472/5472/5472 5471/5471/5471 5470/5470/5470
f 5469/5469/5469 5471/5471/5471 5473/5473/5473
f 5471/5471/5471 5472/5472/5472 5474/5474/5474
f 5471/5471/5471 5474/5474/5474 5473/5473/5473
f 5472/5472/5472 5475/5475/5475 5474/5474/5474
f 5474/5474/5474 5475/5475/5475 5476/5476/5476
f 5473/5473/5473 5474/5474/5474 5477/5477/5477
f 5477/5477/5477 5474/5474/5474 5476/5476/5476
f 5478/5478/5478 5473/5473/5473 5477/5477/5477
f 5477/5477/5477 5476/5476/5476 5479/5479/5479
f 5478/5478/5478 5477/5477/5477 5480/5480/5480
f 5480/5480/5480 5477/5477/5477 5479/5479/5479
f 5481/5481/5481 5478/5478/5478 5480/5480/5480
f 5479/5479/5479 5482/5482/5482 5480/5480/5480
f 5482/5482/5482 5483/5483/5483 5480/5480/5480
f 5484/5484/5484 5482/5482/5482 5479/5479/5479
f 5487/5487/5487 5486/5486/5486 5485/5485/5485
f 5488/5488/5488 5487/5487/5487 5485/5485/5485
f 5488/5488/5488 5485/5485/5485 5489/5489/5489
f 5490/5490/5490 5488/5488/5488 5489/5489/5489
f 5493/5493/5493 5492/5492/5492 5491/5491/5491
f 5491/5491/5491 5494/5494/5494 5493/5493/5493
f 5494/5494/5494 5495/5495/5495 5493/5493/5493
f 5494/5494/5494 5496/5496/5496 5495/5495/5495
f 5496/5496/5496 5497/5497/5497 5495/5495/5495
f 5496/5496/5496 5498/5498/5498 5497/5497/5497
f 5498/5498/5498 5499/5499/5499 5497/5497/5497
f 5498/5498/5498 5500/5500/5500 5499/5499/5499
f 5500/5500/5500 5501/5501/5501 5499/5499/5499
f 5500/5500/5500 5502/5502/5502 5501/5501/5501
f 5502/5502/5502 5503/5503/5503 5501/5501/5501
f 5502/5502/5502 5504/5504/5504 5503/5503/5503
f 5504/5504/5504 5505/5505/5505 5503/5503/5503
f 5504/5504/5504 5506/5506/5506 5505/5505/5505
f 5506/5506/5506 5507/5507/5507 5505/5505/5505
f 5506/5506/5506 5508/5508/5508 5507/5507/5507
f 5508/5508/5508 5509/5509/5509 5507/5507/5507
f 5508/5508/5508 5510/5510/5510 5509/5509/5509
f 5513/5513/5513 5512/5512/5512 5511/5511/5511
f 5512/5512/5512 5514/5514/5514 5511/5511/5511
f 5511/5511/5511 5514/5514/5514 5515/5515/5515
f 5514/5514/5514 5516/5516/5516 5515/5515/5515
f 5515/5515/5515 5516/5516/5516 5517/5517/5517
f 5516/5516/5516 5518/5518/5518 5517/5517/5517
f 5517/5517/5517 5519/5519/5519 5515/5515/5515
f 5519/5519/5519 5520/5520/5520 5515/5515/5515
f 5517/5517/5517 5518/5518/5518 5521/5521/5521
f 5518/5518/5518 5522/5522/5522 5521/5521/5521
f 5521/5521/5521 5522/5522/5522 5523/5523/5523
f 5522/5522/5522 5524/5524/5524 5523/5523/5523
f 5523/5523/5523 5525/5525/5525 5521/5521/5521
f 5521/5521/5521 5526/5526/5526 5517/5517/5517
f 5525/5525/5525 5526/5526/5526 5521/5521/5521
f 5526/5526/5526 5519/5519/5519 5517/5517/5517
f 5526/5526/5526 5525/5525/5525 5527/5527/5527
f 5528/5528/5528 5526/5526/5526 5527/5527/5527
f 5519/5519/5519 5526/5526/5526 5528/5528/5528
f 5528/5528/5528 5527/5527/5527 5529/5529/5529
f 5520/5520/5520 5519/5519/5519 5530/5530/5530
f 5530/5530/5530 5519/5519/5519 5528/5528/5528
f 5531/5531/5531 5520/5520/5520 5530/5530/5530
f 5532/5532/5532 5528/5528/5528 5529/5529/5529
f 5530/5530/5530 5528/5528/5528 5532/5532/5532
f 5532/5532/5532 5529/5529/5529 5533/5533/5533
f 5534/5534/5534 5532/5532/5532 5533/5533/5533
f 5535/5535/5535 5530/5530/5530 5532/5532/5532
f 5535/5535/5535 5532/5532/5532 5534/5534/5534
f 5531/5531/5531 5530/5530/5530 5535/5535/5535
f 5536/5536/5536 5535/5535/5535 5534/5534/5534
f 5537/5537/5537 5531/5531/5531 5535/5535/5535
f 5537/5537/5537 5535/5535/5535 5536/5536/5536
f 5538/5538/5538 5531/5531/5531 5537/5537/5537
f 5538/5538/5538 5539/5539/5539 5531/5531/5531
f 5540/5540/5540 5538/5538/5538 5537/5537/5537
f 5540/5540/5540 5537/5537/5537 5541/5541/5541
f 5541/5541/5541 5537/5537/5537 5536/5536/5536
f 5541/5541/5541 5536/5536/5536 5542/5542/5542
f 5545/5545/5545 5544/5544/5544 5543/5543/5543
f 5546/5546/5546 5545/5545/5545 5543/5543/5543
f 5543/5543/5543 5547/5547/5547 5546/5546/5546
f 5548/5548/5548 5545/5545/5545 5546/5546/5546
f 5547/5547/5547 5549/5549/5549 5546/5546/5546
f 5549/5549/5549 5547/5547/5547 5550/5550/5550
f 5551/5551/5551 5548/5548/5548 5546/5546/5546
f 5546/5546/5546 5549/5549/5549 5551/5551/5551
f 5552/5552/5552 5548/5548/5548 5551/5551/5551
f 5553/5553/5553 5549/5549/5549 5550/5550/5550
f 5553/5553/5553 5550/5550/5550 5554/5554/5554
f 5555/5555/5555 5553/5553/5553 5554/5554/5554
f 5556/5556/5556 5552/5552/5552 5551/5551/5551
f 5557/5557/5557 5552/5552/5552 5556/5556/5556
f 5549/5549/5549 5558/5558/5558 5551/5551/5551
f 5558/5558/5558 5549/5549/5549 5553/5553/5553
f 5551/5551/5551 5558/5558/5558 5556/5556/5556
f 5559/5559/5559 5553/5553/5553 5555/5555/5555
f 5559/5559/5559 5558/5558/5558 5553/5553/5553
f 5560/5560/5560 5559/5559/5559 5555/5555/5555
f 5561/5561/5561 5557/5557/5557 5556/5556/5556
f 5562/5562/5562 5557/5557/5557 5561/5561/5561
f 5563/5563/5563 5562/5562/5562 5561/5561/5561
f 5558/5558/5558 5564/5564/5564 5556/5556/5556
f 5564/5564/5564 5558/5558/5558 5559/5559/5559
f 5556/5556/5556 5564/5564/5564 5561/5561/5561
f 5565/5565/5565 5559/5559/5559 5560/5560/5560
f 5565/5565/5565 5564/5564/5564 5559/5559/5559
f 5566/5566/5566 5565/5565/5565 5560/5560/5560
f 5561/5561/5561 5567/5567/5567 5563/5563/5563
f 5564/5564/5564 5567/5567/5567 5561/5561/5561
f 5567/5567/5567 5564/5564/5564 5565/5565/5565
f 5567/5567/5567 5568/5568/5568 5563/5563/5563
f 5568/5568/5568 5567/5567/5567 5569/5569/5569
f 5569/5569/5569 5567/5567/5567 5565/5565/5565
f 5569/5569/5569 5565/5565/5565 5566/5566/5566
f 5570/5570/5570 5569/5569/5569 5566/5566/5566
f 5573/5573/5573 5572/5572/5572 5571/5571/5571
f 5574/5574/5574 5573/5573/5573 5571/5571/5571
f 5571/5571/5571 5575/5575/5575 5574/5574/5574
f 5578/5578/5578 5577/5577/5577 5576/5576/5576
f 5579/5579/5579 5578/5578/5578 5576/5576/5576
f 5582/5582/5582 5581/5581/5581 5580/5580/5580
f 5583/5583/5583 5582/5582/5582 5580/5580/5580
f 5586/5586/5586 5585/5585/5585 5584/5584/5584
f 5585/5585/5585 5587/5587/5587 5584/5584/5584
f 5585/5585/5585 5588/5588/5588 5587/5587/5587
f 5589/5589/5589 5588/5588/5588 5585/5585/5585
f 5590/5590/5590 5589/5589/5589 5585/5585/5585
f 5589/5589/5589 5591/5591/5591 5588/5588/5588
f 5594/5594/5594 5593/5593/5593 5592/5592/5592
f 5593/5593/5593 5595/5595/5595 5592/5592/5592
f 5595/5595/5595 5593/5593/5593 5596/5596/5596
f 5592/5592/5592 5595/5595/5595 5597/5597/5597
f 5595/5595/5595 5598/5598/5598 5597/5597/5597
f 5598/5598/5598 5595/5595/5595 5599/5599/5599
f 5600/5600/5600 5598/5598/5598 5599/5599/5599
f 5600/5600/5600 5599/5599/5599 5601/5601/5601
f 5602/5602/5602 5600/5600/5600 5601/5601/5601
f 5604/5604/5604 5601/5601/5601 5603/5603/5603
f 5604/5604/5604 5603/5603/5603 5605/5605/5605
f 5606/5606/5606 5604/5604/5604 5605/5605/5605
f 5605/5605/5605 5603/5603/5603 5607/5607/5607
f 5610/5610/5610 5609/5609/5609 5608/5608/5608
f 5609/5609/5609 5611/5611/5611 5608/5608/5608
f 5609/5609/5609 5612/5612/5612 5611/5611/5611
f 5615/5615/5615 5614/5614/5614 5613/5613/5613
f 5616/5616/5616 5615/5615/5615 5613/5613/5613
f 5613/5613/5613 5617/5617/5617 5616/5616/5616
f 5620/5620/5620 5619/5619/5619 5618/5618/5618
f 5618/5618/5618 5621/5621/5621 5620/5620/5620
f 5621/5621/5621 5622/5622/5622 5620/5620/5620
f 5621/5621/5621 5623/5623/5623 5622/5622/5622
f 5623/5623/5623 5624/5624/5624 5622/5622/5622
f 5623/5623/5623 5625/5625/5625 5624/5624/5624
f 5625/5625/5625 5626/5626/5626 5624/5624/5624
f 5625/5625/5625 5627/5627/5627 5626/5626/5626
f 5627/5627/5627 5628/5628/5628 5626/5626/5626
f 5627/5627/5627 5629/5629/5629 5628/5628/5628
f 5629/5629/5629 5630/5630/5630 5628/5628/5628
f 5629/5629/5629 5631/5631/5631 5630/5630/5630
f 5631/5631/5631 5632/5632/5632 5630/5630/5630
f 5631/5631/5631 5633/5633/5633 5632/5632/5632
f 5633/5633/5633 5634/5634/5634 5632/5632/5632
f 5633/5633/5633 5635/5635/5635 5634/5634/5634
f 5635/5635/5635 5636/5636/5636 5634/5634/5634
f 5635/5635/5635 5637/5637/5637 5636/5636/5636
f 5640/5640/5640 5639/5639/5639 5638/5638/5638
f 5641/5641/5641 5640/5640/5640 5638/5638/5638
f 5644/5644/5644 5643/5643/5643 5642/5642/5642
f 5645/5645/5645 5644/5644/5644 5642/5642/5642
f 5648/5648/5648 5647/5647/5647 5646/5646/5646
f 5649/5649/5649 5648/5648/5648 5646/5646/5646
f 5652/5652/5652 5651/5651/5651 5650/5650/5650
f 5653/5653/5653 5652/5652/5652 5650/5650/5650
f 5656/5656/5656 5655/5655/5655 5654/5654/5654
f 5657/5657/5657 5656/5656/5656 5654/5654/5654
f 5660/5660/5660 5659/5659/5659 5658/5658/5658
f 5661/5661/5661 5660/5660/5660 5658/5658/5658
g Computer  chair_4
f 5664/5664/5664 5663/5663/5663 5662/5662/5662
f 5665/5665/5665 5664/5664/5664 5662/5662/5662
f 5668/5668/5668 5667/5667/5667 5666/5666/5666
f 5669/5669/5669 5668/5668/5668 5666/5666/5666
f 5669/5669/5669 5666/5666/5666 5670/5670/5670
f 5671/5671/5671 5669/5669/5669 5670/5670/5670
f 5674/5674/5674 5673/5673/5673 5672/5672/5672
f 5673/5673/5673 5675/5675/5675 5672/5672/5672
f 5673/5673/5673 5676/5676/5676 5675/5675/5675
f 5676/5676/5676 5677/5677/5677 5675/5675/5675
f 5676/5676/5676 5678/5678/5678 5677/5677/5677
f 5678/5678/5678 5679/5679/5679 5677/5677/5677
f 5682/5682/5682 5681/5681/5681 5680/5680/5680
f 5681/5681/5681 5683/5683/5683 5680/5680/5680
f 5681/5681/5681 5684/5684/5684 5683/5683/5683
f 5684/5684/5684 5685/5685/5685 5683/5683/5683
f 5684/5684/5684 5686/5686/5686 5685/5685/5685
f 5686/5686/5686 5687/5687/5687 5685/5685/5685
f 5686/5686/5686 5688/5688/5688 5687/5687/5687
f 5688/5688/5688 5689/5689/5689 5687/5687/5687
f 5688/5688/5688 5690/5690/5690 5689/5689/5689
f 5690/5690/5690 5691/5691/5691 5689/5689/5689
f 5694/5694/5694 5693/5693/5693 5692/5692/5692
f 5693/5693/5693 5695/5695/5695 5692/5692/5692
f 5693/5693/5693 5696/5696/5696 5695/5695/5695
f 5696/5696/5696 5697/5697/5697 5695/5695/5695
f 5696/5696/5696 5698/5698/5698 5697/5697/5697
f 5698/5698/5698 5699/5699/5699 5697/5697/5697
f 5698/5698/5698 5700/5700/5700 5699/5699/5699
f 5700/5700/5700 5701/5701/5701 5699/5699/5699
f 5700/5700/5700 5702/5702/5702 5701/5701/5701
f 5702/5702/5702 5703/5703/5703 5701/5701/5701
f 5706/5706/5706 5705/5705/5705 5704/5704/5704
f 5705/5705/5705 5707/5707/5707 5704/5704/5704
f 5705/5705/5705 5708/5708/5708 5707/5707/5707
f 5708/5708/5708 5709/5709/5709 5707/5707/5707
f 5712/5712/5712 5711/5711/5711 5710/5710/5710
f 5713/5713/5713 5712/5712/5712 5710/5710/5710
f 5716/5716/5716 5715/5715/5715 5714/5714/5714
f 5717/5717/5717 5716/5716/5716 5714/5714/5714
f 5720/5720/5720 5719/5719/5719 5718/5718/5718
f 5721/5721/5721 5720/5720/5720 5718/5718/5718
f 5724/5724/5724 5723/5723/5723 5722/5722/5722
f 5725/5725/5725 5724/5724/5724 5722/5722/5722
f 5728/5728/5728 5727/5727/5727 5726/5726/5726
f 5727/5727/5727 5729/5729/5729 5726/5726/5726
f 5726/5726/5726 5729/5729/5729 5730/5730/5730
f 5729/5729/5729 5731/5731/5731 5730/5730/5730
f 5734/5734/5734 5733/5733/5733 5732/5732/5732
f 5735/5735/5735 5734/5734/5734 5732/5732/5732
f 5736/5736/5736 5734/5734/5734 5735/5735/5735
f 5737/5737/5737 5736/5736/5736 5735/5735/5735
f 5740/5740/5740 5739/5739/5739 5738/5738/5738
f 5741/5741/5741 5740/5740/5740 5738/5738/5738
f 5742/5742/5742 5740/5740/5740 5741/5741/5741
f 5743/5743/5743 5742/5742/5742 5741/5741/5741
f 5744/5744/5744 5742/5742/5742 5743/5743/5743
f 5745/5745/5745 5744/5744/5744 5743/5743/5743
f 5746/5746/5746 5744/5744/5744 5745/5745/5745
f 5747/5747/5747 5746/5746/5746 5745/5745/5745
f 5748/5748/5748 5746/5746/5746 5747/5747/5747
f 5749/5749/5749 5748/5748/5748 5747/5747/5747
f 5752/5752/5752 5751/5751/5751 5750/5750/5750
f 5753/5753/5753 5752/5752/5752 5750/5750/5750
f 5754/5754/5754 5752/5752/5752 5753/5753/5753
f 5755/5755/5755 5754/5754/5754 5753/5753/5753
f 5756/5756/5756 5754/5754/5754 5755/5755/5755
f 5757/5757/5757 5756/5756/5756 5755/5755/5755
f 5758/5758/5758 5756/5756/5756 5757/5757/5757
f 5759/5759/5759 5758/5758/5758 5757/5757/5757
f 5760/5760/5760 5758/5758/5758 5759/5759/5759
f 5761/5761/5761 5760/5760/5760 5759/5759/5759
f 5764/5764/5764 5763/5763/5763 5762/5762/5762
f 5765/5765/5765 5764/5764/5764 5762/5762/5762
f 5768/5768/5768 5767/5767/5767 5766/5766/5766
f 5769/5769/5769 5768/5768/5768 5766/5766/5766
f 5772/5772/5772 5771/5771/5771 5770/5770/5770
f 5771/5771/5771 5773/5773/5773 5770/5770/5770
f 5770/5770/5770 5773/5773/5773 5774/5774/5774
f 5773/5773/5773 5775/5775/5775 5774/5774/5774
f 5774/5774/5774 5775/5775/5775 5776/5776/5776
f 5775/5775/5775 5777/5777/5777 5776/5776/5776
f 5780/5780/5780 5779/5779/5779 5778/5778/5778
f 5781/5781/5781 5780/5780/5780 5778/5778/5778
f 5784/5784/5784 5783/5783/5783 5782/5782/5782
f 5783/5783/5783 5785/5785/5785 5782/5782/5782
f 5784/5784/5784 5782/5782/5782 5786/5786/5786
f 5783/5783/5783 5787/5787/5787 5785/5785/5785
f 5788/5788/5788 5784/5784/5784 5786/5786/5786
f 5787/5787/5787 5789/5789/5789 5785/5785/5785
f 5788/5788/5788 5786/5786/5786 5789/5789/5789
f 5787/5787/5787 5788/5788/5788 5789/5789/5789
f 5792/5792/5792 5791/5791/5791 5790/5790/5790
f 5791/5791/5791 5793/5793/5793 5790/5790/5790
f 5794/5794/5794 5791/5791/5791 5792/5792/5792
f 5790/5790/5790 5793/5793/5793 5795/5795/5795
f 5796/5796/5796 5794/5794/5794 5792/5792/5792
f 5793/5793/5793 5797/5797/5797 5795/5795/5795
f 5797/5797/5797 5794/5794/5794 5796/5796/5796
f 5795/5795/5795 5797/5797/5797 5796/5796/5796
g Computer  chair_5
f 5800/5800/5800 5799/5799/5799 5798/5798/5798
f 5798/5798/5798 5801/5801/5801 5800/5800/5800
f 5801/5801/5801 5802/5802/5802 5800/5800/5800
f 5801/5801/5801 5803/5803/5803 5802/5802/5802
f 5803/5803/5803 5804/5804/5804 5802/5802/5802
f 5803/5803/5803 5805/5805/5805 5804/5804/5804
f 5805/5805/5805 5806/5806/5806 5804/5804/5804
f 5805/5805/5805 5807/5807/5807 5806/5806/5806
f 5807/5807/5807 5808/5808/5808 5806/5806/5806
f 5807/5807/5807 5809/5809/5809 5808/5808/5808
f 5809/5809/5809 5810/5810/5810 5808/5808/5808
f 5809/5809/5809 5811/5811/5811 5810/5810/5810
f 5811/5811/5811 5812/5812/5812 5810/5810/5810
f 5811/5811/5811 5813/5813/5813 5812/5812/5812
f 5813/5813/5813 5814/5814/5814 5812/5812/5812
f 5813/5813/5813 5815/5815/5815 5814/5814/5814
f 5815/5815/5815 5816/5816/5816 5814/5814/5814
f 5815/5815/5815 5817/5817/5817 5816/5816/5816
f 5820/5820/5820 5819/5819/5819 5818/5818/5818
f 5818/5818/5818 5821/5821/5821 5820/5820/5820
f 5818/5818/5818 5822/5822/5822 5821/5821/5821
f 5822/5822/5822 5823/5823/5823 5821/5821/5821
f 5822/5822/5822 5824/5824/5824 5823/5823/5823
f 5824/5824/5824 5825/5825/5825 5823/5823/5823
f 5824/5824/5824 5826/5826/5826 5825/5825/5825
f 5826/5826/5826 5827/5827/5827 5825/5825/5825
f 5826/5826/5826 5828/5828/5828 5827/5827/5827
f 5828/5828/5828 5829/5829/5829 5827/5827/5827
f 5828/5828/5828 5830/5830/5830 5829/5829/5829
f 5830/5830/5830 5831/5831/5831 5829/5829/5829
f 5830/5830/5830 5832/5832/5832 5831/5831/5831
f 5832/5832/5832 5833/5833/5833 5831/5831/5831
f 5832/5832/5832 5834/5834/5834 5833/5833/5833
f 5834/5834/5834 5835/5835/5835 5833/5833/5833
f 5834/5834/5834 5836/5836/5836 5835/5835/5835
f 5836/5836/5836 5837/5837/5837 5835/5835/5835
f 5840/5840/5840 5839/5839/5839 5838/5838/5838
f 5838/5838/5838 5841/5841/5841 5840/5840/5840
f 5841/5841/5841 5842/5842/5842 5840/5840/5840
f 5841/5841/5841 5843/5843/5843 5842/5842/5842
f 5843/5843/5843 5844/5844/5844 5842/5842/5842
f 5843/5843/5843 5845/5845/5845 5844/5844/5844
f 5845/5845/5845 5846/5846/5846 5844/5844/5844
f 5845/5845/5845 5847/5847/5847 5846/5846/5846
f 5847/5847/5847 5848/5848/5848 5846/5846/5846
f 5847/5847/5847 5849/5849/5849 5848/5848/5848
f 5849/5849/5849 5850/5850/5850 5848/5848/5848
f 5849/5849/5849 5851/5851/5851 5850/5850/5850
f 5851/5851/5851 5852/5852/5852 5850/5850/5850
f 5851/5851/5851 5853/5853/5853 5852/5852/5852
f 5853/5853/5853 5854/5854/5854 5852/5852/5852
f 5853/5853/5853 5855/5855/5855 5854/5854/5854
f 5855/5855/5855 5856/5856/5856 5854/5854/5854
f 5855/5855/5855 5857/5857/5857 5856/5856/5856
f 5860/5860/5860 5859/5859/5859 5858/5858/5858
f 5858/5858/5858 5861/5861/5861 5860/5860/5860
f 5858/5858/5858 5862/5862/5862 5861/5861/5861
f 5862/5862/5862 5863/5863/5863 5861/5861/5861
f 5862/5862/5862 5864/5864/5864 5863/5863/5863
f 5864/5864/5864 5865/5865/5865 5863/5863/5863
f 5864/5864/5864 5866/5866/5866 5865/5865/5865
f 5866/5866/5866 5867/5867/5867 5865/5865/5865
f 5866/5866/5866 5868/5868/5868 5867/5867/5867
f 5868/5868/5868 5869/5869/5869 5867/5867/5867
f 5868/5868/5868 5870/5870/5870 5869/5869/5869
f 5870/5870/5870 5871/5871/5871 5869/5869/5869
f 5870/5870/5870 5872/5872/5872 5871/5871/5871
f 5872/5872/5872 5873/5873/5873 5871/5871/5871
f 5872/5872/5872 5874/5874/5874 5873/5873/5873
f 5874/5874/5874 5875/5875/5875 5873/5873/5873
f 5874/5874/5874 5876/5876/5876 5875/5875/5875
f 5876/5876/5876 5877/5877/5877 5875/5875/5875
f 5880/5880/5880 5879/5879/5879 5878/5878/5878
f 5878/5878/5878 5881/5881/5881 5880/5880/5880
f 5878/5878/5878 5882/5882/5882 5881/5881/5881
f 5882/5882/5882 5883/5883/5883 5881/5881/5881
f 5882/5882/5882 5884/5884/5884 5883/5883/5883
f 5884/5884/5884 5885/5885/5885 5883/5883/5883
f 5884/5884/5884 5886/5886/5886 5885/5885/5885
f 5886/5886/5886 5887/5887/5887 5885/5885/5885
f 5886/5886/5886 5888/5888/5888 5887/5887/5887
f 5888/5888/5888 5889/5889/5889 5887/5887/5887
f 5888/5888/5888 5890/5890/5890 5889/5889/5889
f 5890/5890/5890 5891/5891/5891 5889/5889/5889
f 5890/5890/5890 5892/5892/5892 5891/5891/5891
f 5892/5892/5892 5893/5893/5893 5891/5891/5891
f 5892/5892/5892 5894/5894/5894 5893/5893/5893
f 5894/5894/5894 5895/5895/5895 5893/5893/5893
f 5894/5894/5894 5896/5896/5896 5895/5895/5895
f 5896/5896/5896 5897/5897/5897 5895/5895/5895
f 5900/5900/5900 5899/5899/5899 5898/5898/5898
f 5898/5898/5898 5901/5901/5901 5900/5900/5900
f 5901/5901/5901 5902/5902/5902 5900/5900/5900
f 5901/5901/5901 5903/5903/5903 5902/5902/5902
f 5903/5903/5903 5904/5904/5904 5902/5902/5902
f 5903/5903/5903 5905/5905/5905 5904/5904/5904
f 5905/5905/5905 5906/5906/5906 5904/5904/5904
f 5905/5905/5905 5907/5907/5907 5906/5906/5906
f 5907/5907/5907 5908/5908/5908 5906/5906/5906
f 5907/5907/5907 5909/5909/5909 5908/5908/5908
f 5909/5909/5909 5910/5910/5910 5908/5908/5908
f 5909/5909/5909 5911/5911/5911 5910/5910/5910
f 5911/5911/5911 5912/5912/5912 5910/5910/5910
f 5911/5911/5911 5913/5913/5913 5912/5912/5912
f 5913/5913/5913 5914/5914/5914 5912/5912/5912
f 5913/5913/5913 5915/5915/5915 5914/5914/5914
f 5915/5915/5915 5916/5916/5916 5914/5914/5914
f 5915/5915/5915 5917/5917/5917 5916/5916/5916
f 5920/5920/5920 5919/5919/5919 5918/5918/5918
f 5918/5918/5918 5921/5921/5921 5920/5920/5920
f 5918/5918/5918 5922/5922/5922 5921/5921/5921
f 5922/5922/5922 5923/5923/5923 5921/5921/5921
f 5922/5922/5922 5924/5924/5924 5923/5923/5923
f 5924/5924/5924 5925/5925/5925 5923/5923/5923
f 5924/5924/5924 5926/5926/5926 5925/5925/5925
f 5926/5926/5926 5927/5927/5927 5925/5925/5925
f 5926/5926/5926 5928/5928/5928 5927/5927/5927
f 5928/5928/5928 5929/5929/5929 5927/5927/5927
f 5928/5928/5928 5930/5930/5930 5929/5929/5929
f 5930/5930/5930 5931/5931/5931 5929/5929/5929
f 5930/5930/5930 5932/5932/5932 5931/5931/5931
f 5932/5932/5932 5933/5933/5933 5931/5931/5931
f 5932/5932/5932 5934/5934/5934 5933/5933/5933
f 5934/5934/5934 5935/5935/5935 5933/5933/5933
f 5934/5934/5934 5936/5936/5936 5935/5935/5935
f 5936/5936/5936 5937/5937/5937 5935/5935/5935
f 5940/5940/5940 5939/5939/5939 5938/5938/5938
f 5938/5938/5938 5941/5941/5941 5940/5940/5940
f 5941/5941/5941 5942/5942/5942 5940/5940/5940
f 5941/5941/5941 5943/5943/5943 5942/5942/5942
f 5943/5943/5943 5944/5944/5944 5942/5942/5942
f 5943/5943/5943 5945/5945/5945 5944/5944/5944
f 5945/5945/5945 5946/5946/5946 5944/5944/5944
f 5945/5945/5945 5947/5947/5947 5946/5946/5946
f 5947/5947/5947 5948/5948/5948 5946/5946/5946
f 5947/5947/5947 5949/5949/5949 5948/5948/5948
f 5949/5949/5949 5950/5950/5950 5948/5948/5948
f 5949/5949/5949 5951/5951/5951 5950/5950/5950
f 5951/5951/5951 5952/5952/5952 5950/5950/5950
f 5951/5951/5951 5953/5953/5953 5952/5952/5952
f 5953/5953/5953 5954/5954/5954 5952/5952/5952
f 5953/5953/5953 5955/5955/5955 5954/5954/5954
f 5955/5955/5955 5956/5956/5956 5954/5954/5954
f 5955/5955/5955 5957/5957/5957 5956/5956/5956
f 5960/5960/5960 5959/5959/5959 5958/5958/5958
f 5958/5958/5958 5961/5961/5961 5960/5960/5960
f 5961/5961/5961 5962/5962/5962 5960/5960/5960
f 5961/5961/5961 5963/5963/5963 5962/5962/5962
f 5963/5963/5963 5964/5964/5964 5962/5962/5962
f 5963/5963/5963 5965/5965/5965 5964/5964/5964
f 5965/5965/5965 5966/5966/5966 5964/5964/5964
f 5965/5965/5965 5967/5967/5967 5966/5966/5966
f 5967/5967/5967 5968/5968/5968 5966/5966/5966
f 5967/5967/5967 5969/5969/5969 5968/5968/5968
f 5969/5969/5969 5970/5970/5970 5968/5968/5968
f 5969/5969/5969 5971/5971/5971 5970/5970/5970
f 5971/5971/5971 5972/5972/5972 5970/5970/5970
f 5971/5971/5971 5973/5973/5973 5972/5972/5972
f 5973/5973/5973 5974/5974/5974 5972/5972/5972
f 5973/5973/5973 5975/5975/5975 5974/5974/5974
f 5975/5975/5975 5976/5976/5976 5974/5974/5974
f 5975/5975/5975 5977/5977/5977 5976/5976/5976
f 5980/5980/5980 5979/5979/5979 5978/5978/5978
f 5978/5978/5978 5981/5981/5981 5980/5980/5980
f 5978/5978/5978 5982/5982/5982 5981/5981/5981
f 5982/5982/5982 5983/5983/5983 5981/5981/5981
f 5982/5982/5982 5984/5984/5984 5983/5983/5983
f 5984/5984/5984 5985/5985/5985 5983/5983/5983
f 5984/5984/5984 5986/5986/5986 5985/5985/5985
f 5986/5986/5986 5987/5987/5987 5985/5985/5985
f 5986/5986/5986 5988/5988/5988 5987/5987/5987
f 5988/5988/5988 5989/5989/5989 5987/5987/5987
f 5988/5988/5988 5990/5990/5990 5989/5989/5989
f 5990/5990/5990 5991/5991/5991 5989/5989/5989
f 5990/5990/5990 5992/5992/5992 5991/5991/5991
f 5992/5992/5992 5993/5993/5993 5991/5991/5991
f 5992/5992/5992 5994/5994/5994 5993/5993/5993
f 5994/5994/5994 5995/5995/5995 5993/5993/5993
f 5994/5994/5994 5996/5996/5996 5995/5995/5995
f 5996/5996/5996 5997/5997/5997 5995/5995/5995
