g curtain
v 7.88692123E-05 0.00219899719 0.0031438279
v 0.000122059901 0.00216298876 0.00340848789
v 0.000124305981 0.00222366513 0.00313588441
v 0.000124038401 0.00215463759 0.00366711128
v 0.000162935103 0.00225071213 0.00342695694
v 0.000114297844 0.0024916199 0.00341935828
v 0.000134115631 0.00258020032 0.00367050339
v 0.000113707778 0.00247120904 0.00366878556
v 0.000114297844 0.0024916199 0.00341935828
v 0.000113707778 0.00247120904 0.00366878556
v 7.31603723E-05 0.00256496249 0.00343637797
v 0.000168059909 0.00247837557 0.00369602768
v 0.000130796718 0.00257591694 0.00394028565
v 0.000130796165 0.00250422023 0.00394028472
v 0.000161938384 0.00158461556 0.00370799471
v 0.000130789107 0.00165061303 0.00394027121
v 0.000121698613 0.00159114576 0.00367003377
v 0.000121698613 0.00159114576 0.00367003377
v 0.000130789107 0.00165061303 0.00394027121
v 0.00013078851 0.00158347434 0.00394026982
v 8.41943256E-05 -0.000777960173 0.00230658823
v 8.15571184E-05 -0.000785066164 0.00258546649
v 3.62662504E-05 -0.00078374811 0.00258058216
v 7.63303105E-05 0.000336234982 0.00341930683
v 5.65263326E-05 0.000436980423 0.00367046101
v 7.69318649E-05 0.000321466767 0.00366874249
v 7.63303105E-05 0.000336234982 0.00341930683
v 7.69318649E-05 0.000321466767 0.00366874249
v 0.000117470277 0.000403822167 0.00343632721
v 6.85601481E-05 3.53686592E-05 0.0034084355
v 6.65944972E-05 3.14037243E-05 0.00366706843
v 2.76874343E-05 0.000115950868 0.00342690572
v 0.000111735375 5.8511283E-05 0.00314376457
v 6.6298795E-05 8.10191414E-05 0.00313582062
v 0.000107177038 6.79973309E-05 0.0034201378
v 5.14384265E-05 0.000125932143 0.00366030773
v 0.0001018084 0.000131115667 0.00369385839
v 5.98522674E-05 8.81855376E-05 0.00394024467
v 7.62839845E-05 -0.000827055483 0.00342318229
v 6.29252172E-05 -0.000852411438 0.00367870252
v 3.37648271E-05 -0.000772740226 0.00341905467
v 2.25811309E-05 0.000330790266 0.0036959853
v 5.98554434E-05 0.000453661516 0.00394025026
v 5.98547922E-05 0.000380269979 0.00394024886
v 6.65944972E-05 3.14037243E-05 0.00366706843
v 5.98518309E-05 3.6733094E-05 0.00394024374
v 5.9851398E-05 -1.47202481E-05 0.00394024281
v 2.86865197E-05 -0.000488751568 0.00370795443
v 5.98481238E-05 -0.000426343555 0.00394023629
v 6.8924237E-05 -0.000485910248 0.00366999162
v 6.8924237E-05 -0.000485910248 0.00366999162
v 5.98481238E-05 -0.000426343555 0.00394023629
v 5.98477236E-05 -0.000479532609 0.00394023582
v 0.000104489787 -0.00205863314 -0.00398915634
v 6.07683141E-05 -0.00205512834 -0.00399127835
v 6.52276285E-05 -0.00207289797 -0.00369701372
v 8.64290778E-05 -0.00176912837 0.00257843989
v 5.10122954E-05 -0.00175238517 0.00286930357
v 9.54772913E-05 -0.00176112587 0.00285541429
v 0.00013929182 -0.00250407262 0.00286767934
v 0.000184781326 -0.00250711641 0.00287380186
v 0.000177905022 -0.00250847358 0.00315726898
v 0.000165262274 -0.00213013729 0.00314372079
v 0.000119825127 -0.00215480477 0.00313577591
v 0.000122092068 -0.00209414563 0.00340840151
v 8.12184444E-05 -0.0021818704 0.0034268701
v 0.000120129953 -0.00208580866 0.00366704096
v 0.000104865998 -0.00173460366 0.00313350698
v 5.9827169E-05 -0.00174053735 0.00314596924
v 7.35748254E-05 -0.00172273954 0.00342307868
v 0.000129858177 -0.00242278026 0.00341926515
v 0.00017099762 -0.00249612494 0.00343628461
v 0.00013046457 -0.0024023822 0.00366870896
v 7.61135379E-05 -0.00240955013 0.00369595224
v 0.000113390466 -0.00243540574 0.00394022139
v 0.000113390503 -0.00250710268 0.00394022139
v 8.22289658E-05 -0.00158142985 0.00370794022
v 0.000122466416 -0.00158532546 0.00366997719
v 0.000113391849 -0.00162463135 0.00394022372
v 0.000122466416 -0.00158532546 0.00366997719
v 0.000113392023 -0.00157632574 0.00394022418
v 0.000113391849 -0.00162463135 0.00394022372
v 0.000136748218 0.00270749256 -0.00467702746
v 0.000101282392 0.00263986946 -0.00439490378
v 9.80839322E-05 0.00264187623 -0.00467340555
v 0.000139807584 0.00270612957 -0.00439851033
v 0.000163321864 0.00281220465 -0.00467910478
v 0.000104474821 0.00263792835 -0.00411636429
v 0.000165468009 0.00281276158 -0.00440049358
v 0.00017411029 0.00293844123 -0.00468003191
v 0.000142864723 0.00270484807 -0.00411994057
v 0.000107673441 0.00263597001 -0.00383780105
v 0.000175451234 0.00293959305 -0.00440133968
v 0.000173225664 0.00306851557 -0.00468046032
v 0.000167631631 0.00281324773 -0.00412183767
v 0.000145904414 0.00270362734 -0.00384134287
v 0.000110883033 0.00263392134 -0.00355920126
v 0.000174608111 0.00306960219 -0.00440179743
v 0.00016766529 0.00319754775 -0.00468074763
v 0.000169649458 0.00319885253 -0.00440212432
v 0.000176678601 0.00294063822 -0.00412262557
v 0.000175480673 0.00307063176 -0.00412305491
v 0.00017045447 0.00319985836 -0.00412341394
v 0.000169776002 0.00281372503 -0.00384314195
v 0.00014892788 0.00270247483 -0.00356269046
v 0.000114106253 0.00263175392 -0.00328057515
v 0.000175768393 0.00307159428 -0.00384426047
v 0.0001700906 0.00320058106 -0.0038446628
v 0.000177763286 0.00294168433 -0.00384385907
v 0.000171873093 0.00281418744 -0.0035643992
v 0.000151922941 0.0027013612 -0.00328400265
v 0.000117336655 0.00262944703 -0.00300191785
v 0.000175419962 0.00307244528 -0.00356542598
v 0.000168638901 0.00320097408 -0.00356589537
v 0.000178620146 0.00294274837 -0.00356502971
v 0.00017388277 0.0028147134 -0.00328561012
v 0.000154884925 0.00270028552 -0.00300527038
v 0.000120583078 0.00262700883 -0.00272321375
v 0.00017445549 0.00307313516 -0.00328657939
v 0.000166248195 0.00320094824 -0.00328713749
v 0.000179178518 0.00294383708 -0.00328616519
v 0.000175748573 0.00281535205 -0.00300676096
v 0.000157795308 0.00269926712 -0.00272650109
v 0.000123823193 0.00262441859 -0.00244450336
v 0.000172964646 0.0030736099 -0.00300771859
v 0.000163153702 0.00320045324 -0.00300838635
v 0.000179406561 0.00294494582 -0.00300725503
v 0.000177428214 0.00281614554 -0.00272786454
v 0.00016064971 0.00269834604 -0.0024476978
v 0.000127074003 0.0026217266 -0.0021657364
v 0.000171084102 0.00307384902 -0.00272885268
v 0.000159658506 0.00319953542 -0.002729628
v 0.000179303112 0.00294605037 -0.00272832089
v 0.000178892369 0.00281709968 -0.00244892761
v 0.000163437755 0.00269753579 -0.00216884236
v 0.000130318484 0.00261892821 -0.00188697234
v 0.000168960076 0.00307386927 -0.00244996417
v 0.000156043534 0.00319832028 -0.002450831
v 0.000178894392 0.0029471165 -0.00244935486
v 0.000180123607 0.00281819515 -0.00216994737
v 0.000166152066 0.00269685267 -0.00188998156
v 0.00013356717 0.00261611817 -0.00160813669
v 0.000166714148 0.00307370303 -0.00217105122
v 0.000152507462 0.00319695729 -0.00217197672
v 0.000178220973 0.00294809206 -0.00217036949
v 0.000181119394 0.00281940331 -0.00189095025
v 0.000168789411 0.00269630109 -0.00161107071
v 0.000136809147 0.00261321478 -0.00132933608
v 0.000164440702 0.00307341665 -0.00189209357
v 0.000149184605 0.00319558871 -0.0018930526
v 0.0001773197 0.00294892653 -0.00189137331
v 0.000181882002 0.00282063917 -0.00161191635
v 0.00017135634 0.00269587687 -0.00133217522
v 0.00014007905 0.00261033978 -0.00105044106
v 0.000162202326 0.0030730227 -0.00161309773
v 0.000146169914 0.00319435331 -0.00161405071
v 0.000176232381 0.00294961175 -0.00161233498
v 0.000182423377 0.00282188552 -0.00133289036
v 0.000173843873 0.00269561517 -0.00105321966
v 0.000143340003 0.00260746479 -0.000771577412
v 0.000160021867 0.0030725582 -0.00133405952
v 0.000143513636 0.00319333724 -0.00133497
v 0.000174974513 0.00295006111 -0.00133330724
v 0.000182759104 0.00282304431 -0.0010538178
v 0.000176285626 0.00269549107 -0.000774278771
v 0.00014662926 0.00260483613 -0.00049264566
v 0.000157882256 0.0030719908 -0.0010549688
v 0.000141201148 0.00319256051 -0.00105581211
v 0.000173546345 0.00295024854 -0.00105423701
v 0.000182907854 0.00282406411 -0.000774798391
v 0.000178679446 0.00269548642 -0.000495343877
v 0.00014998774 0.00260213274 -0.000213743857
v 0.000155736692 0.00307124201 -0.000775854918
v 0.000139191601 0.00319196424 -0.000776581175
v 0.000171942142 0.0029501128 -0.000775179418
v 0.000182898046 0.00282496959 -0.000495711865
v 0.000181060343 0.00269569457 -0.000216358982
v 0.000153383749 0.00259970594 6.5274915E-05
v 0.000153543195 0.00307023013 -0.000496705587
v 0.000137461568 0.00319148065 -0.000497270201
v 0.000170147978 0.00294955913 -0.000496101682
v 0.000182740157 0.00282562966 -0.000216669243
v 0.00018339185 0.00269605638 6.263666E-05
v 0.0001567648 0.00259747286 0.000344235072
v 0.000151245025 0.00306886039 -0.000217536348
v 0.000136014409 0.00319101755 -0.000217866036
v 0.000168115424 0.00294848741 -0.000217050925
v 0.000182393618 0.00282607647 6.24182358E-05
v 0.000185673955 0.00269666826 0.000341684761
v 0.000160208408 0.00259541883 0.000623275584
v 0.000148712686 0.00306691462 6.16106408E-05
v 0.00013483275 0.00319042383 6.16368998E-05
v 0.000165735837 0.0029467314 6.19676503E-05
v 0.000181742769 0.00282621197 0.000341495412
v 0.000187827405 0.00269764615 0.000620825507
v 0.000163662218 0.00259343442 0.000902306696
v 0.000145724436 0.00306410459 0.000340705214
v 0.000133873007 0.00318937236 0.000341249804
v 0.000162736265 0.0029438918 0.000340869592
v 0.00018051939 0.00282590301 0.000620604726
v 0.000189719402 0.00269913278 0.000900033861
v 0.000167164486 0.00259159319 0.00118145265
v 0.000142181278 0.00306021958 0.000619746163
v 0.000133104186 0.00318741403 0.000620985229
v 0.000158761977 0.00293951086 0.000619627011
v 0.000178442235 0.00282485364 0.000899613427
v 0.000191166415 0.00270110206 0.00117928872
v 0.0001706271 0.00258973264 0.00146056688
v 0.000138228759 0.00305532804 0.000898716331
v 0.000132539397 0.00318413554 0.000900840154
v 0.00015381907 0.00293355971 0.000898154743
v 0.000175407651 0.00282281148 0.00117855251
v 0.000191967134 0.0027037689 0.0014586004
v 0.000173907189 0.00258792867 0.001739486
v 0.000134077884 0.00304943463 0.00117761828
v 0.00013222039 0.00317925354 0.00118079386
v 0.000148159103 0.00292624487 0.0011765114
v 0.000171384774 0.0028201635 0.00145762158
v 0.000129889086 0.00304279919 0.00145658897
v 0.000132175861 0.00317242951 0.00146071217
v 0.000142000383 0.00291764433 0.0014545907
v 0.000191873129 0.00270795217 0.00173838937
v 0.000125784019 0.00303513813 0.00173551089
v 0.000132428511 0.00316355377 0.00174066599
v 0.000135288137 0.00290819793 0.00173261121
v 0.000166554892 0.00281568733 0.00173621741
v 0.000122005964 0.00302656949 0.00201451941
v 0.000132952177 0.00315243239 0.00202055112
v 0.000128272819 0.00289796991 0.00201052497
v 0.000161106436 0.00280943653 0.00201449683
v 0.000190706269 0.0027123387 0.00201811036
v 0.000177606897 0.00258764578 0.00201921561
v 0.000118712342 0.00301687536 0.00229363283
v 0.000133704059 0.00313902227 0.00230030343
v 0.000121052224 0.00288708671 0.00228829961
v 0.00015447753 0.00280150515 0.00229284493
v 0.000134004251 0.00255531399 0.00202364358
v 0.000130429733 0.0025603266 0.0017447531
v 0.000137873343 0.0025507689 0.00230306596
v 0.000180769042 0.002586602 0.0022981409
v 0.000141686483 0.00253800023 0.00258187298
v 0.000188532213 0.00271595386 0.00229772949
v 0.000184430828 0.00258153398 0.00257801078
v 0.00014610494 0.00252258708 0.00286105508
v 0.000184318662 0.00271483185 0.00257690158
v 0.000186911479 0.00257037394 0.00285555748
v 0.000150973166 0.00249965256 0.00313686323
v 0.000145809172 0.00278537185 0.00256985589
v 0.00017761768 0.00271254661 0.00285856682
v 0.000191450483 0.00257483218 0.00314074173
v 0.000154465743 0.00247834832 0.00341296406
v 0.000113690854 0.0028756964 0.00256615924
v 0.000135321403 0.00275542703 0.00284508872
v 0.000166450103 0.00269361353 0.00313467905
v 0.000192338543 0.00257706479 0.0034225639
v 0.000168059909 0.00247837557 0.00369602768
v 0.000150496562 0.00264544785 0.00340616121
v 0.000178858652 0.00262406701 0.00369993947
v 0.000130796718 0.00257591694 0.00394028565
v 0.000130797329 0.00265432778 0.00394028705
v 0.0001508563 0.00272709457 0.0036696489
v 0.000130797926 0.00273499126 0.00394028798
v 0.000109503693 0.0026861371 0.00339304795
v 0.00010719784 0.00286089745 0.00284452946
v 0.000122303376 0.00271829334 0.00311949942
v 0.000103189093 0.00284071523 0.00312226475
v 0.000115972354 0.00300568249 0.00257270713
v 0.00013464129 0.00312342402 0.00257993536
v 0.000113685324 0.00299161347 0.00285147014
v 0.000135736496 0.00310631213 0.00285969675
v 0.000111475267 0.00297692767 0.00313143153
v 0.000136677409 0.00308421347 0.00313837663
v 0.000100994963 0.0028278972 0.00340377283
v 0.000102279882 0.00273896963 0.00367447967
v 0.00010723983 0.0029548353 0.00340626878
v 0.000138602685 0.00306715863 0.00342205609
v 0.000131801702 0.00285055977 0.0036645059
v 0.000108443382 0.00297108223 0.00369178387
v 0.000146645078 0.00303055602 0.00369292521
v 0.000130798508 0.00281352457 0.00394028937
v 0.000130799031 0.00288564945 0.00394029031
v 0.000130799468 0.0029472122 0.00394029124
v 0.000130799861 0.0030019891 0.0039402917
v 5.46585434E-05 0.00261031673 -0.00466892635
v 1.35740693E-05 0.00258834381 -0.00438582106
v 1.06933148E-05 0.00258593471 -0.00466436055
v 5.76633138E-05 0.00261074002 -0.00439039571
v 9.80839322E-05 0.00264187623 -0.00467340555
v 1.65092606E-05 0.0025904465 -0.00410723034
v 0.000101282392 0.00263986946 -0.00439490378
v 6.07097609E-05 0.0026107314 -0.00411183806
v 1.94842323E-05 0.00259224861 -0.0038286231
v 0.000104474821 0.00263792835 -0.00411636429
v 6.3795851E-05 0.00261040335 -0.00383325457
v 2.25126278E-05 0.00259376969 -0.00354996743
v 0.000107673441 0.00263597001 -0.00383780105
v 6.69173678E-05 0.0026097144 -0.00355463638
v 2.55756258E-05 0.00259503559 -0.00327129569
v 0.000110883033 0.00263392134 -0.00355920126
v 7.00698511E-05 0.00260868063 -0.00327599514
v 2.86756385E-05 0.00259607611 -0.00299259904
v 0.000114106253 0.00263175392 -0.00328057515
v 7.3252173E-05 0.00260731508 -0.00299731991
v 3.1821437E-05 0.00259700301 -0.00271384115
v 0.000117336655 0.00262944703 -0.00300191785
v 7.64433207E-05 0.00260563567 -0.00271862326
v 0.000120583078 0.00262700883 -0.00272321375
v 7.96603708E-05 0.0026037863 -0.00243988424
v 0.000123823193 0.00262441859 -0.00244450336
v 8.2859442E-05 0.00260176393 -0.00216112565
v 0.000127074003 0.0026217266 -0.0021657364
v 8.60945365E-05 0.00259980257 -0.0018823049
v 0.000130318484 0.00261892821 -0.00188697234
v 8.92753014E-05 0.00259763165 -0.00160349533
v 0.00013356717 0.00261611817 -0.00160813669
v 9.25202548E-05 0.00259542698 -0.00132462673
v 0.000136809147 0.00261321478 -0.00132933608
v 9.5716714E-05 0.00259316736 -0.00104573648
v 0.00014007905 0.00261033978 -0.00105044106
v 9.90371191E-05 0.00259099482 -0.000766719924
v 0.000143340003 0.00260746479 -0.000771577412
v 0.000102235514 0.00258865464 -0.000487800746
v 0.00014662926 0.00260483613 -0.00049264566
v 0.000105638326 0.00258581177 -0.000208779267
v 0.00014998774 0.00260213274 -0.000213743857
v 0.000109009445 0.00258281827 7.0198068E-05
v 0.000153383749 0.00259970594 6.5274915E-05
v 0.000112517606 0.00258005457 0.000349352835
v 0.0001567648 0.00259747286 0.000344235072
v 0.000115917828 0.00257738936 0.000628329231
v 0.000160208408 0.00259541883 0.000623275584
v 0.000119478405 0.00257396605 0.000907412323
v 0.000163662218 0.00259343442 0.000902306696
v 0.000123111182 0.00256919954 0.00118646515
v 0.000167164486 0.00259159319 0.00118145265
v 0.000126789615 0.00256474758 0.00146562292
v 0.0001706271 0.00258973264 0.00146056688
v 0.000130429733 0.0025603266 0.0017447531
v 0.000173907189 0.00258792867 0.001739486
v 2.19123126E-06 0.00221588556 -0.00465850439
v 4.77297253E-05 0.00218673097 -0.00438294327
v 4.53849316E-05 0.00218196632 -0.00466147112
v 4.35378661E-06 0.00221851398 -0.00437992113
v -3.48175672E-05 0.00228883768 -0.00465645175
v 5.02456533E-05 0.00219314522 -0.00410440937
v -3.25866422E-05 0.00229186332 -0.00437783776
v -4.95779132E-05 0.00241160276 -0.00465664361
v 6.58257841E-06 0.00222152565 -0.00410124753
v 5.28820419E-05 0.00220067054 -0.00382586173
v -4.70028281E-05 0.00241487799 -0.0043781097
v -2.93210451E-05 0.00252759992 -0.00465988414
v -3.03351844E-05 0.00229481165 -0.0040992233
v 8.95798439E-06 0.00222512241 -0.00382256252
v -2.65300459E-05 0.00253060064 -0.00438133255
v 1.06933148E-05 0.00258593471 -0.00466436055
v 1.35740693E-05 0.00258834381 -0.00438582106
v -4.44404213E-05 0.00241822586 -0.00409948733
v -2.81253233E-05 0.00229790085 -0.00382048124
v 1.14214381E-05 0.0022293264 -0.00354377995
v -2.37473087E-05 0.0025335371 -0.00410276512
v 1.65092606E-05 0.0025904465 -0.00410723034
v -4.18934724E-05 0.00242150715 -0.00382088078
v -2.58637101E-05 0.00230100797 -0.00354174781
v 1.40287993E-05 0.00223407592 -0.00326499459
v -2.09481259E-05 0.00253649172 -0.00382413738
v 1.94842323E-05 0.00259224861 -0.0038286231
v -3.93781156E-05 0.00242492161 -0.00354217761
v -2.3583003E-05 0.00230432092 -0.0032629217
v 1.67687376E-05 0.00223940657 -0.0029862118
v -1.8153467E-05 0.00253940956 -0.00354549405
v 2.25126278E-05 0.00259376969 -0.00354996743
v -3.68930887E-05 0.00242836354 -0.00326346606
v -2.12467348E-05 0.00230776751 -0.00298408559
v 1.96248293E-05 0.00224530254 -0.00270739943
v -1.5341051E-05 0.0025424019 -0.00326678576
v 2.55756258E-05 0.00259503559 -0.00327129569
v -3.44260625E-05 0.00243202224 -0.00298464927
v -1.88591275E-05 0.00231144251 -0.00270516775
v 2.26007396E-05 0.00225172634 -0.00242861337
v -1.2534264E-05 0.00254541636 -0.00298807607
v 2.86756385E-05 0.00259607611 -0.00299259904
v -3.19656683E-05 0.00243572565 -0.00270582759
v -1.64264129E-05 0.00231531425 -0.00242620986
v 2.56423154E-05 0.00225860416 -0.00214976398
v -9.72383805E-06 0.0025485002 -0.00270933472
v 3.1821437E-05 0.00259700301 -0.00271384115
v -2.94958136E-05 0.0024395159 -0.00242701615
v -1.38779842E-05 0.00231934385 -0.00214726431
v 2.88057654E-05 0.00226579281 -0.00187099003
v -6.87320062E-06 0.00255185249 -0.00243049301
v 3.49655675E-05 0.0025977355 -0.00243510609
v -2.7021284E-05 0.00244348473 -0.00214812509
v -1.12277094E-05 0.00232360838 -0.00186832808
v 3.20510262E-05 0.00227321265 -0.00159221038
v -4.03891818E-06 0.002555229 -0.00215163664
v 3.81643367E-05 0.00259841327 -0.00215628394
v -2.45754927E-05 0.00244752248 -0.00186927535
v -8.43927046E-06 0.00232808921 -0.00158941967
v 3.53418945E-05 0.00228080107 -0.00131341896
v -1.12543012E-06 0.00255876919 -0.00187272823
v 4.13238122E-05 0.00259901187 -0.00187753676
v -2.21455375E-05 0.0024522699 -0.00159007602
v -5.64884112E-06 0.00233305292 -0.00131031359
v 3.86996799E-05 0.00228861067 -0.00103465177
v 1.69690554E-06 0.00256174174 -0.00159405591
v 4.46453232E-05 0.00260003493 -0.00159849122
v 4.86535328E-06 0.00256616878 -0.00131460512
v -1.97430363E-05 0.00245569227 -0.00131158542
v -2.64827759E-06 0.00233744574 -0.00103161775
v 4.20534743E-05 0.00229608291 -0.000755909656
v -1.72223117E-05 0.00246096984 -0.00103210728
v 7.81648396E-06 0.00256896135 -0.00103588798
v 2.39176813E-07 0.00234223437 -0.000752565975
v 4.54185902E-05 0.00230366224 -0.000477204274
v -1.47879737E-05 0.00246446882 -0.000753388216
v 1.10010633E-05 0.00257259374 -0.000756612979
v 3.21863467E-06 0.00234639482 -0.000473846769
v 4.86887511E-05 0.00231062993 -0.000198517489
v -1.2163513E-05 0.00247007655 -0.000473642343
v 1.3771014E-05 0.00257453765 -0.000478184404
v 5.91833577E-06 0.00235133618 -0.000194445442
v 5.16924847E-05 0.00231757318 8.05780292E-05
v -9.72026464E-06 0.00247190776 -0.000195624903
v 1.74454381E-05 0.00257947668 -0.000197922986
v 8.96722122E-06 0.00235432922 8.39220811E-05
v 5.49155266E-05 0.0023235071 0.000359216501
v -6.88300224E-06 0.00247751572 8.45921895E-05
v 2.07167177E-05 0.00258041103 8.07753531E-05
v 1.17746158E-05 0.00235810503 0.000363165804
v 5.79301486E-05 0.00232743216 0.000637984194
v -4.22736321E-06 0.00247933227 0.00036310518
v 2.42621354E-05 0.00258278614 0.000360309758
v 1.44726491E-05 0.00236018281 0.000641789637
v 6.09929812E-05 0.00233049202 0.000916549645
v -1.18312994E-06 0.00248442078 0.000643472886
v 2.71521531E-05 0.00258304016 0.000638774829
v 1.69748891E-05 0.00236390904 0.000921956729
v 6.34868265E-05 0.00233312906 0.00119598047
v 1.66721316E-06 0.00248362869 0.00092110096
v 3.12858065E-05 0.0025869438 0.000919305079
v 2.03979725E-05 0.00236363104 0.00119972939
v 6.65114276E-05 0.00233273441 0.00147420412
v 5.16407044E-06 0.00248818798 0.00120204559
v 3.48327194E-05 0.00258595753 0.0011981366
v 2.27870532E-05 0.00236516097 0.00147966668
v 6.91825844E-05 0.00232881494 0.00175276853
v 8.63924561E-06 0.00248777703 0.00148088555
v 3.87358559E-05 0.00258679944 0.00147777598
v 2.56398253E-05 0.00236347108 0.00175855169
v 7.19058153E-05 0.00232116086 0.00203110208
v 1.30095204E-05 0.00248954445 0.00176121201
v 4.24474129E-05 0.00258635636 0.00175679754
v 2.9009776E-05 0.00236305408 0.00203808513
v 7.43045603E-05 0.00230502128 0.00230969954
v 1.72495493E-05 0.00248731673 0.00204008701
v 4.67371501E-05 0.00258690817 0.00203645113
v 3.29081231E-05 0.0023548305 0.00231659668
v 7.66309968E-05 0.0022731428 0.00258682063
v 2.24743235E-05 0.00248497725 0.00232044398
v 5.04654345E-05 0.00258570397 0.00231494755
v 3.69722038E-05 0.0023396702 0.00259628287
v 7.81280687E-05 0.00223670481 0.00286545558
v 2.93620269E-05 0.00247263839 0.00259969826
v 5.47405034E-05 0.00258234469 0.00259410008
v 4.28532294E-05 0.00232041394 0.00287494832
v 7.88692123E-05 0.00219899719 0.0031438279
v 3.68723122E-05 0.00245691813 0.00287896395
v 5.9329428E-05 0.00257599354 0.00287394598
v 5.10509963E-05 0.00230733515 0.00315329758
v 4.44789657E-05 0.00243969169 0.00315588317
v 6.62322345E-05 0.00257732929 0.00315738469
v 8.34438761E-05 0.00219844747 0.00342018926
v 0.000122059901 0.00216298876 0.00340848789
v 5.43664355E-05 0.00244309241 0.0034418318
v 7.31603723E-05 0.00256496249 0.00343637797
v 8.56421611E-05 0.00234001339 0.00340162986
v 0.00013919617 0.00225841184 0.0036603515
v 0.000124038401 0.00215463759 0.00366711128
v 8.88284339E-05 0.00226416811 0.00369390054
v 0.000130793429 0.00216120551 0.0039402796
v 0.000130792963 0.00210477831 0.00394027866
v 0.00013079388 0.00221767998 0.00394028006
v 0.000130794346 0.00227417285 0.00394028099
v 0.000117601507 0.00238561141 0.0036663455
v 0.000130794797 0.002330655 0.00394028192
v 7.78938047E-05 0.00241150637 0.00371114863
v 0.000130795263 0.0023870978 0.00394028286
v 0.000113707778 0.00247120904 0.00366878556
v 0.000130795699 0.00244347099 0.00394028379
v 0.000134115631 0.00258020032 0.00367050339
v 0.000130796165 0.00250422023 0.00394028472
v 8.95343692E-05 0.00216068071 -0.00466476055
v 0.000136425791 0.00215226947 -0.00438962551
v 0.000133553651 0.00213710498 -0.00466770632
v 9.2176153E-05 0.00217161048 -0.00438645901
v 4.53849316E-05 0.00218196632 -0.00466147112
v 0.000139263517 0.00216720672 -0.0041114944
v 4.77297253E-05 0.00218673097 -0.00438294327
v 9.48710149E-05 0.00218362035 -0.00410817005
v 0.000142084245 0.00218208111 -0.00383332255
v 5.02456533E-05 0.00219314522 -0.00410440937
v 9.76081283E-05 0.00219629845 -0.00382988947
v 0.000144907099 0.00219698902 -0.00355512928
v 5.28820419E-05 0.00220067054 -0.00382586173
v 0.000100371464 0.0022096585 -0.00355160679
v 0.000147726867 0.00221196865 -0.00327689899
v 0.000103164748 0.00222366652 -0.00327333156
v 0.000150547363 0.00222690124 -0.00299864914
v 5.56313571E-05 0.0022092103 -0.00354732783
v 0.000105969782 0.00223834021 -0.00299506239
v 0.000153347821 0.00224170857 -0.00272033527
v 0.000108790817 0.00225365511 -0.00271679927
v 0.000156129972 0.00225621415 -0.00244198088
v 0.000111614019 0.00226948084 -0.00243853359
v 0.000158873052 0.00227024779 -0.00216354756
v 0.000114436443 0.00228560762 -0.00216024416
v 0.000161566059 0.00228365813 -0.00188503752
v 0.000117256524 0.00230184663 -0.00188192562
v 0.000164209661 0.00229638047 -0.00160646113
v 0.000120036719 0.00231807143 -0.00160350255
v 0.000166682061 0.00230859686 -0.00132764457
v 0.000122855301 0.00233405665 -0.00132509111
v 5.84609988E-05 0.00221861084 -0.00326877926
v 6.13504671E-05 0.00222876947 -0.00299022137
v 1.14214381E-05 0.0022293264 -0.00354377995
v 8.95798439E-06 0.00222512241 -0.00382256252
v 6.58257841E-06 0.00222152565 -0.00410124753
v 1.40287993E-05 0.00223407592 -0.00326499459
v 1.67687376E-05 0.00223940657 -0.0029862118
v 6.43147869E-05 0.00223972159 -0.00271167816
v 1.96248293E-05 0.00224530254 -0.00270739943
v 6.73205504E-05 0.00225143298 -0.00243315357
v 2.26007396E-05 0.00225172634 -0.00242861337
v 7.03534606E-05 0.00226385775 -0.00215464085
v 2.56423154E-05 0.00225860416 -0.00214976398
v 0.000244939554 0.00170836761 -0.00466672098
v 0.000204728261 0.00165136543 -0.0043880404
v 0.000204482014 0.00165234855 -0.00466669211
v 0.000244676223 0.0017103398 -0.00438808277
v 0.000262234622 0.00182839751 -0.00466732169
v 0.000204984666 0.00165043341 -0.00410932582
v 0.000261255918 0.00183128798 -0.00438865973
v 0.000248699595 0.00195221638 -0.0046689827
v 0.000244401104 0.00171238789 -0.00410935981
v 0.000205257369 0.00164957531 -0.0038305386
v 0.000248788099 0.00195606146 -0.00439030305
v 0.00021652125 0.00204251008 -0.00467009423
v 0.000260263478 0.00183405564 -0.00410998566
v 0.000244123992 0.00171438477 -0.00383059215
v 0.000205552904 0.00164880231 -0.00355168432
v 0.000218267436 0.00205099094 -0.00439161481
v 0.000176512272 0.00210068701 -0.00466966722
v 0.00024872896 0.00195962912 -0.00411158148
v 0.000259258755 0.00183685229 -0.00383120682
v 0.000243868504 0.00171632634 -0.00355176092
v 0.000205874676 0.00164813991 -0.00327274762
v 0.000179238094 0.00211444404 -0.00439150166
v 0.000133553651 0.00213710498 -0.00466770632
v 0.000136425791 0.00215226947 -0.00438962551
v 0.000219822658 0.00205867155 -0.00411305111
v 0.00018185332 0.00212739571 -0.0041132113
v 0.000139263517 0.00216720672 -0.0041114944
v 0.000248494733 0.00196292298 -0.00383281102
v 0.00025825153 0.00183950551 -0.00355239841
v 0.000243651055 0.00171814219 -0.00327287707
v 0.000206221332 0.00164761022 -0.00299375807
v 0.000184373552 0.00213961955 -0.00383484527
v 0.000142084245 0.00218208111 -0.00383332255
v 0.000221155147 0.00206572819 -0.00383437169
v 0.000248046534 0.00196602615 -0.00355393905
v 0.000257235311 0.00184209272 -0.00327350944
v 0.000243491901 0.00171984709 -0.00299394154
v 0.00020659306 0.00164722826 -0.00271468074
v 0.000186781734 0.00215124339 -0.00355638913
v 0.000144907099 0.00219698902 -0.00355512928
v 0.000222246657 0.00207207142 -0.0035556301
v 0.000247406511 0.00196881453 -0.0032750445
v 0.000256221741 0.00184451358 -0.00299460278
v 0.000243387942 0.00172143197 -0.00271493825
v 0.000206978875 0.00164700102 -0.00243557501
v 0.000189055325 0.00216215942 -0.00327786547
v 0.000147726867 0.00221196865 -0.00327689899
v 0.000223046256 0.00207776087 -0.0032768005
v 0.000246527285 0.00197139173 -0.00299608288
v 0.000255204097 0.00184688054 -0.00271560717
v 0.000243342409 0.00172296131 -0.0024358884
v 0.000207373872 0.00164694304 -0.00215638313
v 0.000191152983 0.0021723893 -0.00299926219
v 0.000150547363 0.00222690124 -0.00299864914
v 0.000223546522 0.00208278047 -0.00299793854
v 0.000245428091 0.00197365927 -0.0027171101
v 0.000254190294 0.00184909953 -0.00243660808
v 0.000243335831 0.00172444596 -0.0021567645
v 0.000207767429 0.0016470378 -0.00187717774
v 0.00019306413 0.00218186877 -0.00272060139
v 0.000153347821 0.00224170857 -0.00272033527
v 0.000223686118 0.00208717794 -0.00271901628
v 0.000244064955 0.0019756956 -0.00243811216
v 0.000253157341 0.00185130164 -0.0021575368
v 0.000243350936 0.00172596739 -0.00187759788
v 0.000208146026 0.00164727261 -0.00159789203
v 0.000194749475 0.00219064136 -0.00244187983
v 0.000156129972 0.00225621415 -0.00244198088
v 0.000223463067 0.00209097564 -0.00244009448
v 0.000242442751 0.00197747583 -0.00215911889
v 0.000252082391 0.00185348699 -0.00187843526
v 0.000243359042 0.00172757357 -0.00159834302
v 0.000208498066 0.00164760614 -0.00131859013
v 0.000196212612 0.00219867169 -0.00216312613
v 0.000158873052 0.00227024779 -0.00216354756
v 0.000222851697 0.00209427299 -0.00216116337
v 0.000240509238 0.0019790146 -0.00188014447
v 0.000250907993 0.00185569853 -0.00159927877
v 0.000243327246 0.00172924798 -0.00131903763
v 0.000208808968 0.00164796226 -0.00103923143
v 0.000197425921 0.00220598397 -0.00188433437
v 0.000161566059 0.00228365813 -0.00188503752
v 0.000221905706 0.00209719175 -0.00188228663
v 0.000238146429 0.00198024232 -0.00160120637
v 0.00024966037 0.00185790553 -0.00132007641
v 0.000243211995 0.00173112191 -0.00103963912
v 0.0002090708 0.00164828147 -0.000759808638
v 0.00019841436 0.0022127782 -0.00160554901
v 0.000164209661 0.00229638047 -0.00160646113
v 0.000220388014 0.00209952681 -0.00160351023
v 0.000234132924 0.00197969424 -0.00132255233
v 0.000247485645 0.00186035736 -0.00104090839
v 0.000242848095 0.00173345127 -0.000760196301
v 0.000209249891 0.00164849812 -0.00048036786
v 0.000199052738 0.00221849675 -0.00132684363
v 0.000166682061 0.00230859686 -0.00132764457
v 0.000215023421 0.00209724996 -0.0013252768
v 0.000226113989 0.0019747694 -0.00104469026
v 0.000243451475 0.00186341687 -0.000761764997
v 0.000242040915 0.00173658924 -0.000480807939
v 0.000209316539 0.00164871453 -0.000200892595
v 0.0002044883 0.00208822056 -0.00104869041
v 0.000196776033 0.00221645017 -0.00104803243
v 0.000217701367 0.00196968555 -0.000767082092
v 0.000238353721 0.001866673 -0.000482754171
v 0.000240724956 0.00174089707 -0.000201413422
v 0.000209131555 0.00164940499 7.84308359E-05
v 0.000195463115 0.00208234019 -0.00077135046
v 0.000169039369 0.00231834338 -0.00104880915
v 0.000122855301 0.00233405665 -0.00132509111
v 0.000125716993 0.00234951288 -0.00104669633
v 0.000209040692 0.00196456886 -0.000489481317
v 0.00023224116 0.00186962367 -0.000203968026
v 0.000239062167 0.00174786628 7.86773962E-05
v 0.000209110614 0.0016520886 0.000358497753
v 0.000192969412 0.00221214443 -0.000769576582
v 0.00017115321 0.00232509803 -0.000770065526
v 0.000128089392 0.00236477866 -0.000767428486
v 0.000186815945 0.00207719742 -0.000493898639
v 0.00020031778 0.00195943564 -0.000211967112
v 0.000226044795 0.00187104521 7.39238967E-05
v 0.000236923835 0.001752696 0.000356807432
v 0.000208502577 0.00165419653 0.00063765404
v 0.000172414773 0.00232695998 -0.000490804669
v 0.000131011344 0.00237767282 -0.000488701509
v 0.000189539118 0.00220684637 -0.00049114594
v 0.000178481539 0.00207316806 -0.000216185945
v 0.00019153161 0.00195558323 6.61005834E-05
v 0.000218806294 0.00187597505 0.000353523181
v 0.000233726503 0.00176275522 0.000637453166
v 0.000207930862 0.00165903533 0.000917734171
v 0.000173573717 0.00232602702 -0.000211919425
v 0.000133770256 0.00238814671 -0.000209357619
v 0.000185682773 0.00220123446 -0.000212722385
v 0.000170633764 0.00206982414 6.15968165E-05
v 0.000183614364 0.00195271487 0.000343921216
v 0.000212271785 0.00187754212 0.000631105155
v 0.000230621547 0.00177099044 0.00091578468
v 0.000206989032 0.00166425935 0.00119709037
v 0.000174464381 0.00232640281 6.79496516E-05
v 0.000136889474 0.00239529228 6.9563619E-05
v 0.000180817398 0.00219547306 6.5180815E-05
v 0.000162720171 0.00206734031 0.000339390885
v 0.000175234658 0.00194998644 0.00062205788
v 0.000205671953 0.00188213971 0.000909928
v 0.000226836724 0.00178367132 0.00119603472
v 0.000206260884 0.00167245383 0.00147745514
v 0.000174840417 0.00232157484 0.000346348679
v 0.000139939191 0.00240173144 0.000348428963
v 0.000176056812 0.00219206675 0.000344195025
v 0.000155240457 0.0020660304 0.000617663492
v 0.000167850725 0.00194834988 0.000900130428
v 0.000199765433 0.00188494532 0.0011876293
v 0.00022325851 0.00179078232 0.0014735508
v 0.00020467359 0.00167870661 0.001756137
v 0.000175767636 0.00231414684 0.000624084438
v 0.000142652643 0.00240666512 0.000629088783
v 0.000171960826 0.00218648859 0.000622448686
v 0.000148595282 0.00206592702 0.000896040641
v 0.000160101539 0.00194762915 0.00117873843
v 0.000192605832 0.00189138413 0.00146720186
v 0.000218715926 0.00180445274 0.00175389508
v 0.000204418859 0.00168279081 0.00203667884
v 0.000177377646 0.00231528049 0.000905214227
v 0.000145730446 0.0024043778 0.000907589972
v 0.000164043042 0.00218502851 0.000899053703
v 0.00014206185 0.00206555799 0.00117412442
v 0.000153261703 0.00194805628 0.0014570076
v 0.000185510115 0.00189239229 0.00174505485
v 0.00021382657 0.00180996594 0.0020320639
v 0.00020266659 0.0016724075 0.00231454149
v 0.000178019487 0.00230161566 0.00118154602
v 0.000148014471 0.00240509096 0.00118860765
v 0.000163493693 0.00218132953 0.00117935333
v 0.000136205053 0.00206770469 0.00145276473
v 0.00014540914 0.00194683881 0.00173491321
v 0.000177296446 0.00188936468 0.0020236508
v 0.000208854748 0.00180987536 0.00231290329
v 0.000202229421 0.0016617548 0.00259556016
v 0.000178642455 0.00229799142 0.00146330637
v 0.000151277898 0.00239803712 0.00146651641
v 0.000161665768 0.00217328686 0.00145703088
v 0.000130287706 0.00207033288 0.001731753
v 0.000137578361 0.00194390921 0.0020126279
v 0.000169603809 0.0018701622 0.00230091903
v 0.000202540308 0.00179593975 0.00259000272
v 0.000201108138 0.00164553977 0.00287449919
v 0.000179664799 0.00228330283 0.00173961977
v 0.000153520203 0.0023937868 0.0017473168
v 0.000159510848 0.00217025285 0.00173688261
v 0.000125052175 0.00207350473 0.00201138668
v 0.000129720094 0.00193379249 0.0022919944
v 0.000157636983 0.00183308148 0.0025785889
v 0.000193088272 0.00178468844 0.00286941882
v 0.000201674615 0.00164562755 0.00315888575
v 0.000157397866 0.00157905614 0.00314943749
v 0.000184300196 0.00177156844 0.00314606098
v 0.000158908049 0.00156810577 0.0034351584
v 0.000194767796 0.00164712535 0.00343649369
v 0.000170574815 0.00176438922 0.00342315226
v 0.000161938384 0.00158461556 0.00370799471
v 0.000123423059 0.00191596639 0.00257053738
v 0.000148621912 0.00179967389 0.0028555321
v 0.000176755522 0.00171602913 0.00370181911
v 0.000130789645 0.00171279034 0.00394027214
v 0.000130789107 0.00165061303 0.00394027121
v 0.000130790111 0.00176883629 0.00394027308
v 0.00012061093 0.0020638539 0.00228925468
v 0.000116864299 0.00189515809 0.00284894509
v 0.000139260199 0.00176695851 0.00313359988
v 0.000142719611 0.00186098902 0.00338712824
v 0.000133197856 0.0017319785 0.00367263192
v 0.000130790606 0.00182436896 0.00394027354
v 0.000117084543 0.00187771162 0.00312510389
v 0.000149619969 0.00184180867 0.00366748706
v 0.000130791072 0.00188012328 0.00394027494
v 0.000102832222 0.00188889808 0.00367920799
v 0.000130791552 0.00193607144 0.0039402754
v 0.000116268442 0.00204926287 0.00256809266
v 0.000112323563 0.00203203619 0.00284729898
v 0.000145752609 0.00194738805 0.00366256805
v 0.000130792017 0.00199218164 0.0039402768
v 0.000107507723 0.00202584034 0.00312989485
v 9.58784076E-05 0.00185848481 0.00340232253
v 0.000113066897 0.00197760458 0.0034050846
v 0.000125042206 0.00205839239 0.00365665695
v 0.000130792498 0.00204842724 0.00394027727
v 0.000156748763 0.00203844183 0.00339945452
v 0.000144380145 0.0021004132 0.00312830228
v 0.000150850276 0.00210170122 0.00285101915
v 0.000153894871 0.00212208997 0.00257248245
v 0.000169768813 0.00211242912 0.00368999178
v 0.000130792963 0.00210477831 0.00394027866
v 0.000124038401 0.00215463759 0.00366711128
v 0.000162935103 0.00225071213 0.00342695694
v 0.000186935271 0.00214122771 0.00341641996
v 0.000162941666 0.0022912689 0.00314778229
v 0.000185875455 0.00216131168 0.0031328823
v 0.000162039563 0.00232009403 0.00286523369
v 0.000184160264 0.0021978009 0.00285677123
v 0.000161168398 0.00234890194 0.00258450047
v 0.00018248889 0.00222952268 0.00257801847
v 0.000158651863 0.00237292796 0.00230565015
v 0.00018129508 0.00225447561 0.00229787664
v 0.000156254406 0.00238407706 0.00202583452
v 0.00015610292 0.00214715651 0.00229449081
v 0.000180968171 0.00227761385 0.00202116813
v 0.000156812181 0.00216086558 0.00201418251
v 0.000117224343 0.00170299364 -0.00466541387
v 7.33590568E-05 0.00172270427 -0.00438611442
v 7.29966123E-05 0.00172298751 -0.0046647829
v 0.000117527175 0.00170185766 -0.00438676262
v 0.000159905656 0.00166410184 -0.00466617709
v 7.37330192E-05 0.00172244618 -0.00410739705
v 0.000160127835 0.00166228262 -0.00438753609
v 0.000204482014 0.00165234855 -0.00466669211
v 0.000204728261 0.00165136543 -0.0043880404
v 0.000117832817 0.00170056592 -0.00410805363
v 7.41183831E-05 0.00172218005 -0.00382861914
v 0.000160358453 0.00166031206 -0.00410882989
v 0.000204984666 0.00165043341 -0.00410932582
v 0.000118147887 0.00169912912 -0.0038292699
v 7.45246289E-05 0.00172188552 -0.00354978489
v 0.000160606069 0.00165826431 -0.0038300429
v 0.000205257369 0.00164957531 -0.0038305386
v 0.000118486751 0.00169759931 -0.00355041074
v 7.49504761E-05 0.00172156002 -0.00327087566
v 0.00016087573 0.00165624463 -0.00355119398
v 0.000205552904 0.00164880231 -0.00355168432
v 0.000118839402 0.00169615413 -0.00327148824
v 7.539543E-05 0.00172121509 -0.00299192034
v 0.000161175107 0.00165438047 -0.00327225775
v 0.000205874676 0.00164813991 -0.00327274762
v 0.000119212549 0.00169488147 -0.00299253059
v 7.58547758E-05 0.00172090228 -0.00271288794
v 0.000161506599 0.00165273622 -0.00299326563
v 0.000206221332 0.00164761022 -0.00299375807
v 0.000119597658 0.00169376598 -0.00271349936
v 7.62923519E-05 0.00172064523 -0.00243387674
v 0.000161866294 0.00165135099 -0.00271418644
v 0.00020659306 0.00164722826 -0.00271468074
v 0.000119994205 0.00169275701 -0.00243443577
v 7.67412348E-05 0.00172047061 -0.00215477217
v 0.000162245677 0.00165024586 -0.00243508397
v 0.000206978875 0.00164700102 -0.00243557501
v 0.000120367731 0.00169195456 -0.00215533236
v 7.71268533E-05 0.00172041066 -0.00187575573
v 0.000162647528 0.00164940476 -0.00215587765
v 0.000207373872 0.00164694304 -0.00215638313
v 0.000120788944 0.00169126957 -0.00187614746
v 7.76112065E-05 0.00172042474 -0.0015964997
v 0.000163030913 0.00164886331 -0.00187670835
v 0.000207767429 0.0016470378 -0.00187717774
v 0.000121168428 0.00169135258 -0.00159701228
v 7.79462134E-05 0.00172070262 -0.00131746184
v 0.000163413861 0.00164863921 -0.00159743929
v 0.000208146026 0.00164727261 -0.00159789203
v 0.000121545556 0.00169152441 -0.0013178353
v 7.82903007E-05 0.00172114803 -0.00103831
v 0.000163766774 0.00164866296 -0.0013181899
v 0.000208498066 0.00164760614 -0.00131859013
v 0.000121889192 0.00169194466 -0.00103861094
v 7.86033197E-05 0.00172183535 -0.000759170332
v 0.000164083438 0.00164882711 -0.00103888602
v 0.000208808968 0.00164796226 -0.00103923143
v 0.000122208075 0.00169250951 -0.000759365445
v 7.89529731E-05 0.00172296003 -0.000479902606
v 0.000164335594 0.00164903642 -0.000759572606
v 0.0002090708 0.00164828147 -0.000759808638
v 0.000122412996 0.00169313978 -0.000480183051
v 7.90857666E-05 0.00172426843 -0.00020089891
v 0.000164540776 0.00164914131 -0.00048020418
v 0.000209249891 0.00164849812 -0.00048036786
v 0.000122618454 0.00169359997 -0.000200846975
v 7.93377039E-05 0.00172624015 7.83465584E-05
v 0.000164606085 0.00164911069 -0.000200859678
v 0.000209316539 0.00164871453 -0.000200892595
v 0.000122688871 0.00169454352 7.83447686E-05
v 7.9446756E-05 0.00172868266 0.000357358193
v 0.000164564583 0.00164867309 7.85411612E-05
v 0.000209131555 0.00164940499 7.84308359E-05
v 0.000122761718 0.00169553421 0.000357649289
v 7.9635196E-05 0.00173175987 0.000636591809
v 0.000164332741 0.00164795353 0.000357910933
v 0.000209110614 0.0016520886 0.000358497753
v 0.000122677186 0.00169703504 0.000636899553
v 7.96209933E-05 0.00173600204 0.000915538229
v 0.000163999983 0.00164739206 0.000637447811
v 0.000208502577 0.00165419653 0.00063765404
v 0.000122503712 0.00169880933 0.000916217105
v 7.97116008E-05 0.00174149463 0.00119469198
v 0.00016340641 0.0016467903 0.000916850113
v 0.000122167912 0.00170123857 0.00119550142
v 7.96254972E-05 0.0017475338 0.00147359446
v 0.000162730314 0.00164691953 0.00119640038
v 0.000121833633 0.00170508795 0.00147470436
v 7.93649597E-05 0.00175595528 0.0017521038
v 0.000161993637 0.00164797879 0.00147597387
v 0.000121827288 0.00170865655 0.00175460265
v 7.97455941E-05 0.00175928546 0.00203164294
v 0.000161401273 0.0016504532 0.00175591663
v 0.000121327183 0.00170889101 0.00203350396
v 7.93538056E-05 0.00175331777 0.00230997382
v 0.000160479482 0.00164737715 0.0020351964
v 0.000121984151 0.00170274556 0.0023129629
v 8.07615361E-05 0.0017401455 0.00259044371
v 0.000160166397 0.00163699593 0.0023152933
v 0.000122118363 0.00169389963 0.00259062322
v 7.99796835E-05 0.00172588346 0.00286741718
v 0.000159499643 0.00161860837 0.00259436457
v 0.000124751125 0.00168962649 0.00287047122
v 8.09498306E-05 0.00171920797 0.00314672384
v 0.000158412528 0.00160285097 0.00287320022
v 0.00012306076 0.00165331713 0.00314899278
v 8.84520923E-05 0.0017032075 0.00342658046
v 0.000157397866 0.00157905614 0.00314943749
v 0.000130949804 0.00168944499 0.00341709726
v 8.87998176E-05 0.00169080705 0.00370791391
v 0.000158908049 0.00156810577 0.0034351584
v 0.000121698613 0.00159114576 0.00367003377
v 0.00013078851 0.00158347434 0.00394026982
v 0.000161938384 0.00158461556 0.00370799471
v 7.29966123E-05 0.00172298751 -0.0046647829
v 3.08373092E-05 0.00168163376 -0.00438570185
v 3.05427966E-05 0.00168141245 -0.00466435309
v 7.33590568E-05 0.00172270427 -0.00438611442
v 3.11566873E-05 0.00168184564 -0.00410698866
v 7.37330192E-05 0.00172244618 -0.00410739705
v 3.15050929E-05 0.00168203795 -0.0038281905
v 7.41183831E-05 0.00172218005 -0.00382861914
v 3.18686616E-05 0.00168218685 -0.00354935043
v 7.45246289E-05 0.00172188552 -0.00354978489
v 3.22525957E-05 0.00168229023 -0.00327043654
v 7.49504761E-05 0.00172156002 -0.00327087566
v 3.26544068E-05 0.00168234226 -0.00299148727
v 7.539543E-05 0.00172121509 -0.00299192034
v 3.30721268E-05 0.00168233539 -0.0027124756
v 7.58547758E-05 0.00172090228 -0.00271288794
v 3.35081786E-05 0.00168232096 -0.0024334325
v 7.62923519E-05 0.00172064523 -0.00243387674
v 3.39322287E-05 0.00168226089 -0.00215435703
v 7.67412348E-05 0.00172047061 -0.00215477217
v 3.43631982E-05 0.00168221653 -0.00187526306
v 7.71268533E-05 0.00172041066 -0.00187575573
v 3.47453752E-05 0.00168208277 -0.00159619388
v 7.76112065E-05 0.00172042474 -0.0015964997
v 3.52336865E-05 0.00168207078 -0.00131696404
v 7.79462134E-05 0.00172070262 -0.00131746184
v 3.56263736E-05 0.00168195879 -0.0010378306
v 0.000144833495 0.00111267739 -0.00467337202
v 0.000185343262 0.00104885106 -0.00439742068
v 0.000182535456 0.00104321935 -0.0046758214
v 0.000147166968 0.00111605076 -0.00439489027
v 0.000106926193 0.00118124555 -0.00467090448
v 0.000187829035 0.00105281034 -0.0041188444
v 0.0001089047 0.00118288503 -0.00439237524
v 6.93739785E-05 0.00125146296 -0.00466847932
v 0.000149372994 0.00111862295 -0.0041162842
v 0.00018952461 0.00105270487 -0.00384007604
v 7.12551482E-05 0.00125263981 -0.00438992586
v 3.49347138E-05 0.00133406534 -0.0046662977
v 0.000110915717 0.00118448131 -0.00411375007
v 0.000151166154 0.0011189729 -0.0038375326
v 0.000190761697 0.00105016201 -0.00356118917
v 3.67597022E-05 0.00133500097 -0.00438773073
v 1.0301319E-05 0.00144232309 -0.00466478802
v 7.32016051E-05 0.00125390792 -0.00411128579
v 0.00011281536 0.00118534314 -0.00383500545
v 0.000152795401 0.00111829909 -0.00355866761
v 0.000192201464 0.00104839506 -0.00328218727
v 1.1652196E-05 0.00144230097 -0.00438618846
v 6.37631683E-06 0.0015717739 -0.00466423249
v 3.8632279E-05 0.00133598002 -0.00410908647
v 7.52086198E-05 0.00125523773 -0.00383254816
v 0.000114763163 0.0011861939 -0.00355616538
v 0.000154681125 0.00111859967 -0.00327970996
v 0.000194145323 0.00104878366 -0.0030030997
v 6.94407527E-06 0.00157150696 -0.00438559195
v 3.05427966E-05 0.00168141245 -0.00466435309
v 3.08373092E-05 0.00168163376 -0.00438570185
v 1.30438148E-05 0.00144229643 -0.00410751998
v 7.54464281E-06 0.00157121941 -0.00410688855
v 3.11566873E-05 0.00168184564 -0.00410698866
v 4.05700994E-05 0.00133705733 -0.0038303514
v 7.73280844E-05 0.00125686394 -0.0035537295
v 0.00011696478 0.00118797878 -0.0032772487
v 8.17945602E-06 0.00157089485 -0.00382811041
v 3.15050929E-05 0.00168203795 -0.0038281905
v 1.44595024E-05 0.00144229026 -0.00382877258
v 4.25567996E-05 0.00133822334 -0.00355154532
v 8.84961628E-06 0.00157052546 -0.00354927289
v 3.18686616E-05 0.00168218685 -0.00354935043
v 1.58841849E-05 0.00144226011 -0.00354996161
v 7.95983215E-05 0.0012589813 -0.00327483402
v 0.000156946233 0.00112045335 -0.00300069572
v 0.000196298875 0.00105001964 -0.00272394344
v 9.54992083E-06 0.00157010055 -0.0032703625
v 3.22525957E-05 0.00168229023 -0.00327043654
v 1.73128301E-05 0.00144219457 -0.00327107147
v 4.45736332E-05 0.00133943942 -0.00327265938
v 0.000119425407 0.00119075691 -0.00299828849
v 0.000159331423 0.00112274836 -0.00272162049
v 0.000198145673 0.00104993873 -0.00244469289
v 1.02744652E-05 0.00156962615 -0.0029914123
v 3.26544068E-05 0.00168234226 -0.00299148727
v 1.87519418E-05 0.00144210318 -0.00299212825
v 4.66196834E-05 0.00134070485 -0.00299372128
v 8.19959678E-05 0.00126152078 -0.00299589359
v 0.000121949473 0.00119373866 -0.00271927589
v 0.000161518939 0.00112416514 -0.00244248263
v 0.000199370814 0.00104741449 -0.0021653499
v 1.1017717E-05 0.00156910997 -0.00271239551
v 3.30721268E-05 0.00168233539 -0.0027124756
v 2.02117044E-05 0.00144200213 -0.00271311705
v 4.86993558E-05 0.00134203839 -0.00271472009
v 8.44393653E-05 0.00126419554 -0.00271690241
v 0.000124373808 0.00119626254 -0.00244022906
v 0.000163446646 0.00112454267 -0.00216330169
v 0.000199966729 0.00104298326 -0.00188592286
v 1.17736445E-05 0.00156855804 -0.00243336218
v 3.35081786E-05 0.00168232096 -0.0024334325
v 2.16953304E-05 0.0014419111 -0.00243407697
v 5.08053017E-05 0.00134343514 -0.00243569096
v 8.68627394E-05 0.00126678078 -0.00243788422
v 0.000126769723 0.00119869947 -0.002161165
v 0.000165339254 0.00112502824 -0.00188411912
v 0.000200081704 0.00103812665 -0.00160638907
v 1.25393772E-05 0.00156800041 -0.00215426856
v 3.39322287E-05 0.00168226089 -0.00215435703
v 2.3200213E-05 0.0014418487 -0.00215498498
v 5.29334502E-05 0.00134492421 -0.00215661689
v 8.93109827E-05 0.0012695007 -0.00215883995
v 0.000129464723 0.00120241253 -0.00188217533
v 0.000167498307 0.0011269697 -0.00160497532
v 0.000199724993 0.00103367178 -0.00132678833
v 1.33010653E-05 0.00156742509 -0.00187517842
v 3.43631982E-05 0.00168221653 -0.00187526306
v 2.47225362E-05 0.00144184032 -0.00187587703
v 5.51456287E-05 0.00134668278 -0.00187753898
v 9.19846862E-05 0.00127316418 -0.00187982724
v 0.000132809844 0.00120881596 -0.00160331861
v 0.000169873849 0.00113030011 -0.00132588099
v 0.000198788082 0.00102964265 -0.00104716746
v 1.40467946E-05 0.00156686781 -0.00159603159
v 3.47453752E-05 0.00168208277 -0.00159619388
v 2.62904341E-05 0.00144191377 -0.00159673207
v 5.75793711E-05 0.00134915696 -0.00159843441
v 9.51541078E-05 0.00127882964 -0.00160088472
v 0.000136676768 0.00121727854 -0.00132460427
v 0.000172109751 0.00113384565 -0.00104676664
v 0.000197206857 0.00102606218 -0.000767565507
v 1.47736819E-05 0.00156623567 -0.00131692947
v 3.52336865E-05 0.00168207078 -0.00131696404
v 2.7950844E-05 0.00144212297 -0.00131759059
v 6.03851149E-05 0.00135274336 -0.00131938397
v 9.88772517E-05 0.00128673459 -0.00132208527
v 0.000140624063 0.00122611958 -0.00104587176
v 0.000174052751 0.00113717397 -0.000767638267
v 0.000195018452 0.00102316844 -0.000487986486
v 1.55370199E-05 0.00156572228 -0.00103769719
v 3.56263736E-05 0.00168195879 -0.0010378306
v 2.97516726E-05 0.00144252973 -0.00103841082
v 6.35342076E-05 0.00135743478 -0.00104038673
v 0.000102911443 0.00129595364 -0.00104338839
v 0.000144500373 0.00123474642 -0.000767134246
v 0.000175691413 0.0011403159 -0.000488480786
v 0.000192283347 0.00102120894 -0.000208448488
v 0.000107032218 0.0013056451 -0.000764735916
v 6.69070359E-05 0.00136294635 -0.000761454925
v 3.17153135E-05 0.00144310563 -0.00075924542
v 0.000148298481 0.00124307303 -0.000488377176
v 0.000177047579 0.00114335807 -0.000209328675
v 0.000189049781 0.00102038251 7.10519525E-05
v 0.000111140245 0.00131536555 -0.000486060773
v 0.000151999702 0.00125108205 -0.000209602818
v 0.000178127972 0.00114641013 6.98603035E-05
v 0.000185321522 0.0010208512 0.000350507529
v 7.0421891E-05 0.00136904209 -0.000482548989
v 1.63447985E-05 0.00156509003 -0.000758510199
v 0.000115196388 0.00132489647 -0.000207372606
v 0.000155624919 0.00125873566 6.91976675E-05
v 0.000178948132 0.00114947965 0.000349037291
v 0.00018104988 0.00102276192 0.000629887625
v 3.38791506E-05 0.00144389656 -0.000480066607
v 7.40094256E-05 0.00137548521 -0.000203664356
v 0.000119198099 0.0013341445 7.1355309E-05
v 0.000159186777 0.00126608799 0.000348016503
v 0.000179470706 0.00115266698 0.000628241803
v 0.000176170637 0.00102636358 0.000909192488
v 0.000179631315 0.00115593406 0.000907465292
v 0.000170615225 0.00103191636 0.00118834409
v 0.000162715703 0.00127317233 0.00062686688
v 0.000123153135 0.00134309137 0.000350110815
v 7.76161687E-05 0.00138192845 7.52248088E-05
v 3.62637365E-05 0.0014450883 -0.000200913346
v 0.000179381037 0.00115935865 0.00118669285
v 0.000164410376 0.00103981502 0.00146732002
v 0.000166158585 0.00127987482 0.000905773253
v 0.000127104344 0.00135180308 0.000628874986
v 8.12185899E-05 0.00138817134 0.000354143645
v 0.000178680304 0.0011630106 0.00146595447
v 0.000157639864 0.00105037179 0.00174609711
v 0.000169463994 0.00128611468 0.00118474709
v 0.000131115376 0.00136064494 0.000907632697
v 0.00017747216 0.00116688781 0.00174523145
v 0.000150393083 0.00105811271 0.00202459376
v 0.000172530359 0.0012917415 0.00146382349
v 0.000175674213 0.00116504484 0.00202449225
v 0.000142766017 0.0010576694 0.00230279565
v 3.87967739E-05 0.00144613546 7.81920535E-05
v 8.48767304E-05 0.00139450969 0.000633065705
v 0.00013520151 0.0013696074 0.00118638761
v 0.000175252295 0.00129660871 0.00174295297
v 0.000173229259 0.00115221599 0.00230369926
v 0.00013485724 0.00105397974 0.0025805505
v 4.15166396E-05 0.0014476513 0.000357383338
v 8.85681875E-05 0.0014001762 0.000911948504
v 0.000139288444 0.00137868919 0.00146515877
v 0.000177569484 0.00129458564 0.00202217977
v 0.000170061758 0.00113334286 0.00258294074
v 0.000126442072 0.00105256098 0.00285754772
v 0.000179558192 0.00128069951 0.00230160658
v 0.000143393001 0.00138793513 0.0017439553
v 9.2325572E-05 0.00140668731 0.0011909788
v 4.45372825E-05 0.00144951104 0.000636420562
v 0.000180837043 0.00125899282 0.00258105062
v 0.000165529214 0.00111462432 0.00286217243
v 0.000147293249 0.00139046996 0.00202289736
v 9.61202677E-05 0.00141212367 0.00146980328
v 4.75764864E-05 0.00145277183 0.000915999233
v 0.000151104687 0.00138055685 0.00230167946
v 0.000154255831 0.00136258302 0.00258068135
v 0.000103390164 0.00141303299 0.00202753814
v 0.000182290431 0.00123273686 0.00285917823
v 0.000159994248 0.00109905214 0.00314018759
v 0.000155642279 0.00134441408 0.00286227604
v 0.000182796706 0.00121540832 0.00314191449
v 0.000153935951 0.0010958612 0.00341880415
v 0.000155772403 0.00131943903 0.00314099295
v 0.000182521399 0.00120197365 0.00342161255
v 0.000156836046 0.00130394357 0.0034191038
v 0.000147530009 0.00108186051 0.00369748892
v 0.000171024876 0.00118771137 0.0036967562
v 0.0001307848 0.00116787571 0.00394026283
v 0.000130784349 0.00111642294 0.0039402619
v 0.000130785294 0.00122124294 0.00394026376
v 0.000127690932 0.0012075539 0.00367874186
v 0.000130785789 0.00127727911 0.00394026469
v 0.000137425901 0.00133341667 0.00366009818
v 0.000130786313 0.00133490935 0.00394026563
v 0.000114315299 0.00124908867 0.00342323119
v 9.76654555E-05 0.00136253319 0.00341717899
v 7.63828793E-05 0.00135692535 0.00314976717
v 0.000113729031 0.00127678784 0.0031412472
v 7.24471101E-05 0.00138091133 0.00286949426
v 0.000111795533 0.00132051494 0.0028637785
v 6.77561547E-05 0.00140883424 0.00259082532
v 0.00010896544 0.00136077625 0.0025855659
v 6.41996594E-05 0.00143544388 0.00231178012
v 0.000106290361 0.00139275263 0.00230671489
v 6.07913207E-05 0.00145397498 0.00203274237
v 6.23401356E-05 0.00147824571 0.00315042539
v 5.2668478E-05 0.00149939803 0.00287321745
v 4.56020789E-05 0.00152271567 0.00259440858
v 3.97065633E-05 0.00154442526 0.00231500901
v 3.52712632E-05 0.00156069885 0.0020356609
v 6.53936877E-05 0.00146967813 0.00343320263
v 9.17862708E-05 0.00132935506 0.00369971246
v 5.75876329E-05 0.00145926187 0.0017533222
v 3.14509271E-05 0.00156532333 0.00175614399
v 9.98308315E-05 0.00141731522 0.00174879632
v 5.41889094E-05 0.00145782612 0.00147433951
v 2.84692851E-05 0.00156379561 0.00147625292
v 5.09701858E-05 0.00145474053 0.00119484169
v 2.59591052E-05 0.00156399736 0.00119723589
v 2.39308283E-05 0.00156246079 0.000917140685
v 2.22485687E-05 0.00156369118 0.000638407597
v 2.07739504E-05 0.00156281085 0.000358465797
v 1.94032109E-05 0.00156341097 7.92902501E-05
v 1.80930601E-05 0.00156348746 -0.000200276612
v 1.72003838E-05 0.00156444311 -0.000479277398
v 3.60002305E-05 0.00168193935 -0.000758705137
v 3.63155632E-05 0.00168185681 -0.000479639973
v 7.82903007E-05 0.00172114803 -0.00103831
v 7.79462134E-05 0.00172070262 -0.00131746184
v 7.86033197E-05 0.00172183535 -0.000759170332
v 7.89529731E-05 0.00172296003 -0.000479902606
v 3.6843292E-05 0.00168287347 -0.000200079579
v 7.90857666E-05 0.00172426843 -0.00020089891
v 3.7090249E-05 0.00168326043 7.89287878E-05
v 7.93377039E-05 0.00172624015 7.83465584E-05
v 3.7507205E-05 0.00168429455 0.000358220568
v 7.9446756E-05 0.00172868266 0.000357358193
v 3.76634925E-05 0.00168480247 0.000637038611
v 7.9635196E-05 0.00173175987 0.000636591809
v 3.82793551E-05 0.00168658665 0.000916637888
v 7.96209933E-05 0.00173600204 0.000915538229
v 3.8680304E-05 0.0016879132 0.00119561062
v 7.97116008E-05 0.00174149463 0.00119469198
v 3.95530951E-05 0.00169061287 0.001475389
v 7.96254972E-05 0.0017475338 0.00147359446
v 4.05761093E-05 0.00169219577 0.00175457832
v 7.93649597E-05 0.00175595528 0.0017521038
v 4.14266506E-05 0.00168958621 0.00203387067
v 7.97455941E-05 0.00175928546 0.00203164294
v 4.31063818E-05 0.00167679891 0.00231394055
v 7.93538056E-05 0.00175331777 0.00230997382
v 4.4769924E-05 0.00165546173 0.00259294384
v 8.07615361E-05 0.0017401455 0.00259044371
v 4.81785719E-05 0.00163433969 0.0028736575
v 7.99796835E-05 0.00172588346 0.00286741718
v 5.2411564E-05 0.00161509542 0.00315368082
v 8.09498306E-05 0.00171920797 0.00314672384
v 5.84459376E-05 0.0015970479 0.00343187642
v 8.84520923E-05 0.0017032075 0.00342658046
v 0.000115228686 0.00145495287 0.00366101111
v 7.76603774E-05 0.00152857997 0.00370501983
v 8.87998176E-05 0.00169080705 0.00370791391
v 0.000130786837 0.00139389245 0.00394026656
v 0.000130787375 0.00145461189 0.00394026749
v 0.000130787943 0.00151768664 0.00394026889
v 0.00013078851 0.00158347434 0.00394026982
v 6.13504671E-05 0.00222876947 -0.00299022137
v 0.000108790817 0.00225365511 -0.00271679927
v 0.000105969782 0.00223834021 -0.00299506239
v 6.43147869E-05 0.00223972159 -0.00271167816
v 0.000111614019 0.00226948084 -0.00243853359
v 6.73205504E-05 0.00225143298 -0.00243315357
v 0.000114436443 0.00228560762 -0.00216024416
v 7.03534606E-05 0.00226385775 -0.00215464085
v 0.000117256524 0.00230184663 -0.00188192562
v 7.33630513E-05 0.00227693818 -0.00187612465
v 2.56423154E-05 0.00225860416 -0.00214976398
v 0.000120036719 0.00231807143 -0.00160350255
v 2.88057654E-05 0.00226579281 -0.00187099003
v 7.6373537E-05 0.00229039975 -0.00159760483
v 0.000122855301 0.00233405665 -0.00132509111
v 3.20510262E-05 0.00227321265 -0.00159221038
v 7.93619256E-05 0.00230431603 -0.0013191466
v 0.000125716993 0.00234951288 -0.00104669633
v 3.53418945E-05 0.00228080107 -0.00131341896
v 8.21254289E-05 0.00231854361 -0.00104038755
v 0.000128089392 0.00236477866 -0.000767428486
v 3.86996799E-05 0.00228861067 -0.00103465177
v 8.51554869E-05 0.00233047875 -0.000761823496
v 0.000131011344 0.00237767282 -0.000488701509
v 4.20534743E-05 0.00229608291 -0.000755909656
v 8.79834042E-05 0.00234270608 -0.000483014912
v 0.000133770256 0.00238814671 -0.000209357619
v 4.54185902E-05 0.00230366224 -0.000477204274
v 9.08037982E-05 0.00235342607 -0.000204143784
v 0.000136889474 0.00239529228 6.9563619E-05
v 4.86887511E-05 0.00231062993 -0.000198517489
v 9.34632917E-05 0.00236498821 7.46468213E-05
v 0.000139939191 0.00240173144 0.000348428963
v 5.16924847E-05 0.00231757318 8.05780292E-05
v 9.55822325E-05 0.00237590005 0.000354224292
v 0.000142652643 0.00240666512 0.000629088783
v 5.49155266E-05 0.0023235071 0.000359216501
v 9.84186117E-05 0.00238000113 0.000633487187
v 0.000145730446 0.0024043778 0.000907589972
v 5.79301486E-05 0.00232743216 0.000637984194
v 0.000101042984 0.00238580815 0.000912720745
v 0.000148014471 0.00240509096 0.00118860765
v 6.09929812E-05 0.00233049202 0.000916549645
v 0.00010410136 0.00238862354 0.00119149848
v 0.000151277898 0.00239803712 0.00146651641
v 6.34868265E-05 0.00233312906 0.00119598047
v 0.000106117252 0.00239163265 0.00147138245
v 6.65114276E-05 0.00233273441 0.00147420412
v 0.00010887986 0.00238759816 0.00175059447
v 6.91825844E-05 0.00232881494 0.00175276853
v 0.000111285182 0.00238132034 0.00203019055
v 7.19058153E-05 0.00232116086 0.00203110208
v 0.000113338647 0.0023680944 0.00230975542
v 7.43045603E-05 0.00230502128 0.00230969954
v 0.000115176183 0.00233778334 0.00258882903
v 7.66309968E-05 0.0022731428 0.00258682063
v 0.000117509939 0.00230341614 0.00286699645
v 7.81280687E-05 0.00223670481 0.00286545558
v 0.000162039563 0.00232009403 0.00286523369
v 0.000161168398 0.00234890194 0.00258450047
v 0.000162941666 0.0022912689 0.00314778229
v 0.000124305981 0.00222366513 0.00313588441
v 7.88692123E-05 0.00219899719 0.0031438279
v 0.000162935103 0.00225071213 0.00342695694
v 0.000122059901 0.00216298876 0.00340848789
v 7.64433207E-05 0.00260563567 -0.00271862326
v 3.49655675E-05 0.0025977355 -0.00243510609
v 3.1821437E-05 0.00259700301 -0.00271384115
v 7.96603708E-05 0.0026037863 -0.00243988424
v 3.81643367E-05 0.00259841327 -0.00215628394
v 8.2859442E-05 0.00260176393 -0.00216112565
v 4.13238122E-05 0.00259901187 -0.00187753676
v 8.60945365E-05 0.00259980257 -0.0018823049
v 4.46453232E-05 0.00260003493 -0.00159849122
v 8.92753014E-05 0.00259763165 -0.00160349533
v 4.78232469E-05 0.00260030734 -0.00131972088
v 9.25202548E-05 0.00259542698 -0.00132462673
v 5.11458493E-05 0.00260133622 -0.00104070408
v 9.5716714E-05 0.00259316736 -0.00104573648
v 5.43440729E-05 0.00260121748 -0.000761883392
v 9.90371191E-05 0.00259099482 -0.000766719924
v 5.79157095E-05 0.00260179746 -0.000482508272
v 0.000102235514 0.00258865464 -0.000487800746
v 6.12014992E-05 0.0026001723 -0.000203619813
v 0.000105638326 0.00258581177 -0.000208779267
v 6.48444984E-05 0.0026013637 7.56285808E-05
v 0.000109009445 0.00258281827 7.0198068E-05
v 6.81944803E-05 0.00259976718 0.000354584423
v 0.000112517606 0.00258005457 0.000349352835
v 7.20070093E-05 0.00259859767 0.000634135678
v 0.000115917828 0.00257738936 0.000628329231
v 7.54004359E-05 0.00259552617 0.000913121679
v 0.000119478405 0.00257396605 0.000907412323
v 7.94009684E-05 0.00259532384 0.00119243911
v 0.000123111182 0.00256919954 0.00118646515
v 3.48327194E-05 0.00258595753 0.0011981366
v 3.12858065E-05 0.0025869438 0.000919305079
v 3.87358559E-05 0.00258679944 0.00147777598
v 8.31221405E-05 0.0025924982 0.00147151737
v 0.000126789615 0.00256474758 0.00146562292
v 4.24474129E-05 0.00258635636 0.00175679754
v 8.71472294E-05 0.00259211217 0.00175070576
v 4.67371501E-05 0.00258690817 0.00203645113
v 9.11019451E-05 0.00259127561 0.00202970696
v 5.04654345E-05 0.00258570397 0.00231494755
v 9.60021644E-05 0.00259301392 0.00230961875
v 5.47405034E-05 0.00258234469 0.00259410008
v 0.000100610378 0.00258647371 0.0025890239
v 5.9329428E-05 0.00257599354 0.00287394598
v 4.46453232E-05 0.00260003493 -0.00159849122
v 4.78232469E-05 0.00260030734 -0.00131972088
v 4.86535328E-06 0.00256616878 -0.00131460512
v 7.81648396E-06 0.00256896135 -0.00103588798
v 5.11458493E-05 0.00260133622 -0.00104070408
v 1.10010633E-05 0.00257259374 -0.000756612979
v 5.43440729E-05 0.00260121748 -0.000761883392
v 1.3771014E-05 0.00257453765 -0.000478184404
v 5.79157095E-05 0.00260179746 -0.000482508272
v 1.74454381E-05 0.00257947668 -0.000197922986
v 6.12014992E-05 0.0026001723 -0.000203619813
v 2.07167177E-05 0.00258041103 8.07753531E-05
v 6.48444984E-05 0.0026013637 7.56285808E-05
v 2.42621354E-05 0.00258278614 0.000360309758
v 6.81944803E-05 0.00259976718 0.000354584423
v 2.71521531E-05 0.00258304016 0.000638774829
v 7.20070093E-05 0.00259859767 0.000634135678
v 3.12858065E-05 0.0025869438 0.000919305079
v 7.54004359E-05 0.00259552617 0.000913121679
v 0.000208502577 0.00165419653 0.00063765404
v 0.00016340641 0.0016467903 0.000916850113
v 0.000163999983 0.00164739206 0.000637447811
v 0.000207930862 0.00165903533 0.000917734171
v 0.000162730314 0.00164691953 0.00119640038
v 0.000207930862 0.00165903533 0.000917734171
v 0.000206989032 0.00166425935 0.00119709037
v 0.000162730314 0.00164691953 0.00119640038
v 0.000161993637 0.00164797879 0.00147597387
v 0.000206260884 0.00167245383 0.00147745514
v 0.000161401273 0.0016504532 0.00175591663
v 0.00020467359 0.00167870661 0.001756137
v 0.000160479482 0.00164737715 0.0020351964
v 0.000204418859 0.00168279081 0.00203667884
v 0.000160166397 0.00163699593 0.0023152933
v 0.00020266659 0.0016724075 0.00231454149
v 0.000159499643 0.00161860837 0.00259436457
v 0.000202229421 0.0016617548 0.00259556016
v 0.000158412528 0.00160285097 0.00287320022
v 0.000201108138 0.00164553977 0.00287449919
v 0.000157397866 0.00157905614 0.00314943749
v 0.000126789615 0.00256474758 0.00146562292
v 0.000130429733 0.0025603266 0.0017447531
v 8.71472294E-05 0.00259211217 0.00175070576
v 9.11019451E-05 0.00259127561 0.00202970696
v 0.000134004251 0.00255531399 0.00202364358
v 9.60021644E-05 0.00259301392 0.00230961875
v 0.000137873343 0.0025507689 0.00230306596
v 0.000100610378 0.00258647371 0.0025890239
v 0.000141686483 0.00253800023 0.00258187298
v 0.000104818304 0.00257295044 0.0028678244
v 5.9329428E-05 0.00257599354 0.00287394598
v 0.00014610494 0.00252258708 0.00286105508
v 6.62322345E-05 0.00257732929 0.00315738469
v 0.000108058302 0.00252557802 0.00314437598
v 7.31603723E-05 0.00256496249 0.00343637797
v 0.000150973166 0.00249965256 0.00313686323
v 0.000114297844 0.0024916199 0.00341935828
v 0.000154465743 0.00247834832 0.00341296406
v 0.000134115631 0.00258020032 0.00367050339
v 0.000168059909 0.00247837557 0.00369602768
v 0.000130796165 0.00250422023 0.00394028472
v 0.000106117252 0.00239163265 0.00147138245
v 0.000153520203 0.0023937868 0.0017473168
v 0.000151277898 0.00239803712 0.00146651641
v 0.00010887986 0.00238759816 0.00175059447
v 0.000156254406 0.00238407706 0.00202583452
v 0.000111285182 0.00238132034 0.00203019055
v 0.000158651863 0.00237292796 0.00230565015
v 0.000113338647 0.0023680944 0.00230975542
v 0.000161168398 0.00234890194 0.00258450047
v 0.000115176183 0.00233778334 0.00258882903
v 0.000103390164 0.00141303299 0.00202753814
v 0.000106290361 0.00139275263 0.00230671489
v 0.000151104687 0.00138055685 0.00230167946
v 0.000154255831 0.00136258302 0.00258068135
v 0.00010896544 0.00136077625 0.0025855659
v 0.000157636983 0.00183308148 0.0025785889
v 0.000148621912 0.00179967389 0.0028555321
v 0.000193088272 0.00178468844 0.00286941882
v 0.000184300196 0.00177156844 0.00314606098
v 0.000139260199 0.00176695851 0.00313359988
v 0.000170574815 0.00176438922 0.00342315226
v 0.00010896544 0.00136077625 0.0025855659
v 0.000155642279 0.00134441408 0.00286227604
v 0.000154255831 0.00136258302 0.00258068135
v 0.000111795533 0.00132051494 0.0028637785
v 0.000155772403 0.00131943903 0.00314099295
v 0.000113729031 0.00127678784 0.0031412472
v 0.000156836046 0.00130394357 0.0034191038
v 0.000114315299 0.00124908867 0.00342323119
v 0.000170061758 0.00113334286 0.00258294074
v 0.000165529214 0.00111462432 0.00286217243
v 0.000126442072 0.00105256098 0.00285754772
v 0.00011817419 0.00105757813 0.00313408813
v 0.000159994248 0.00109905214 0.00314018759
v 0.000110546833 0.00107276067 0.00341030676
v 0.000153935951 0.0010958612 0.00341880415
v 0.000102576509 0.00108573376 0.00368366018
v 0.000147530009 0.00108186051 0.00369748892
v 0.000130784349 0.00111642294 0.0039402619
v 0.000135321403 0.00275542703 0.00284508872
v 0.000122303376 0.00271829334 0.00311949942
v 0.000166450103 0.00269361353 0.00313467905
v 0.000150496562 0.00264544785 0.00340616121
v 0.000109503693 0.0026861371 0.00339304795
v 0.000117084543 0.00187771162 0.00312510389
v 9.58784076E-05 0.00185848481 0.00340232253
v 0.000142719611 0.00186098902 0.00338712824
v 0.000149619969 0.00184180867 0.00366748706
v 0.000102832222 0.00188889808 0.00367920799
v 0.000109503693 0.0026861371 0.00339304795
v 0.000102279882 0.00273896963 0.00367447967
v 0.0001508563 0.00272709457 0.0036696489
v 0.000130797926 0.00273499126 0.00394028798
v 8.34438761E-05 0.00219844747 0.00342018926
v 8.88284339E-05 0.00226416811 0.00369390054
v 0.00013919617 0.00225841184 0.0036603515
v 0.00013079388 0.00221767998 0.00394028006
v 0.000170574815 0.00176438922 0.00342315226
v 0.000133197856 0.0017319785 0.00367263192
v 0.000176755522 0.00171602913 0.00370181911
v 0.000130790111 0.00176883629 0.00394027308
v 9.76654555E-05 0.00136253319 0.00341717899
v 9.17862708E-05 0.00132935506 0.00369971246
v 0.000137425901 0.00133341667 0.00366009818
v 0.000130786313 0.00133490935 0.00394026563
v 0.000114315299 0.00124908867 0.00342323119
v 0.000127690932 0.0012075539 0.00367874186
v 0.000156836046 0.00130394357 0.0034191038
v 0.000171024876 0.00118771137 0.0036967562
v 5.02534422E-05 0.000514168525 -0.00468319841
v 8.52133162E-05 0.000446918624 -0.00440190826
v 8.86341877E-05 0.000448711304 -0.00468008732
v 4.69956431E-05 0.000512996514 -0.00440496719
v 2.40778263E-05 0.000618659484 -0.00468456512
v 8.19001143E-05 0.000445131416 -0.00412349124
v 2.17689267E-05 0.000619373575 -0.00440618536
v 1.37022926E-05 0.000744668825 -0.00468476396
v 4.3832446E-05 0.000511850871 -0.00412650499
v 7.86982564E-05 0.000443246245 -0.00384483859
v 1.22284291E-05 0.000745948695 -0.0044062594
v 1.49497382E-05 0.000874543563 -0.00468455767
v 1.95224056E-05 0.00061996968 -0.00412760908
v 4.07914886E-05 0.00051069475 -0.00384782278
v 7.56020672E-05 0.000441182259 -0.00356594496
v 1.34574084E-05 0.000875734899 -0.00440604892
v 2.08186957E-05 0.00100340636 -0.00468430901
v 1.87439564E-05 0.00100479729 -0.00440581283
v 1.09339653E-05 0.000747083337 -0.00412760768
v 1.25295674E-05 0.000876837643 -0.00412735809
v 1.78938026E-05 0.00100586377 -0.00412714481
v 1.73829776E-05 0.000620498264 -0.00384883257
v 3.78723926E-05 0.000509527104 -0.00356890331
v 7.25973659E-05 0.000438913994 -0.00328685367
v 1.22458587E-05 0.000877833576 -0.00384850753
v 1.82609274E-05 0.0010066143 -0.00384834851
v 9.85506904E-06 0.00074816891 -0.00384877226
v 1.53791661E-05 0.000620945182 -0.00356985629
v 3.50764567E-05 0.000508321798 -0.00328979385
v 6.96680072E-05 0.000436433183 -0.0030076059
v 1.26590185E-05 0.000878673978 -0.00356951472
v 1.97646841E-05 0.00100699987 -0.00356945139
v 9.07679168E-06 0.000749219966 -0.00356974825
v 1.35422324E-05 0.00062139146 -0.00329070422
v 3.23876848E-05 0.000507090532 -0.00301052537
v 6.67768109E-05 0.000433771784 -0.0027282387
v 1.3741409E-05 0.000879312167 -0.00329042156
v 2.22517119E-05 0.00100693211 -0.00329049188
v 8.66173468E-06 0.000750243373 -0.00329058315
v 1.19122305E-05 0.000621897518 -0.00301139615
v 2.98006689E-05 0.000505870616 -0.00273115444
v 6.39158752E-05 0.000430932298 -0.00244884402
v 1.53931451E-05 0.000879699248 -0.00301124714
v 2.54790139E-05 0.00100636669 -0.0030114837
v 8.62997967E-06 0.000751244661 -0.00301129161
v 1.05096406E-05 0.000622519816 -0.00273198378
v 2.72940506E-05 0.000504722935 -0.00245172856
v 6.10457282E-05 0.000427983847 -0.00216941466
v 1.74666093E-05 0.000879824394 -0.00273202593
v 2.91337674E-05 0.00100535597 -0.00273243035
v 8.96621441E-06 0.000752207823 -0.00273192814
v 9.34605941E-06 0.000623281579 -0.00245251181
v 2.48545148E-05 0.000503680145 -0.00217226753
v 5.81644126E-05 0.000424940721 -0.00189003861
v 1.98005437E-05 0.000879712985 -0.0024527635
v 3.29240756E-05 0.00100403174 -0.00245331996
v 9.62606191E-06 0.000753115222 -0.0024525146
v 8.41652491E-06 0.0006241792 -0.0021730091
v 2.2471675E-05 0.000502774317 -0.00189284608
v 5.52472047E-05 0.000421906763 -0.00161065918
v 2.22616818E-05 0.000879409723 -0.00217347872
v 3.66426029E-05 0.00100255315 -0.00217415043
v 1.05543786E-05 0.000753925939 -0.00217308826
v 7.70958741E-06 0.000625195273 -0.00189352571
v 2.01399253E-05 0.000502018083 -0.00161343499
v 5.22997761E-05 0.000418807642 -0.00133138953
v 2.47457847E-05 0.00087898632 -0.00189416762
v 4.01467296E-05 0.00100106967 -0.00189492328
v 1.17010268E-05 0.000754598004 -0.0018936781
v 7.21501056E-06 0.000626254303 -0.00161405501
v 1.78468836E-05 0.000501413189 -0.00133410632
v 4.92862055E-05 0.000415764691 -0.0010520994
v 2.71828558E-05 0.000878463208 -0.00161484734
v 4.33326968E-05 0.000999723445 -0.00161563989
v 1.30189856E-05 0.000755133224 -0.00161426456
v 6.91317291E-06 0.000627343659 -0.00133464823
v 1.55974158E-05 0.000500997121 -0.00105478452
v 4.62439493E-05 0.000412749418 -0.00077290897
v 2.95448917E-05 0.000877881714 -0.00133551995
v 4.61500458E-05 0.000998604926 -0.0013363061
v 1.44859177E-05 0.000755447254 -0.00133490609
v 6.78838978E-06 0.00062836631 -0.00105525157
v 1.33601061E-05 0.000500743394 -0.000775539491
v 4.31403241E-05 0.00041000577 -0.000493710511
v 3.18477978E-05 0.000877210638 -0.00105617812
v 4.86073477E-05 0.000997736584 -0.00105692551
v 1.60984291E-05 0.000755515706 -0.00105555123
v 6.82187419E-06 0.000629270799 -0.000775960798
v 1.113915E-05 0.000500631344 -0.000496355526
v 3.99380951E-05 0.000407208805 -0.000214593514
v 3.41377781E-05 0.000876372564 -0.000776850095
v 5.07456243E-05 0.000997060561 -0.000777502544
v 1.78633109E-05 0.000755278626 -0.00077625335
v 6.98798613E-06 0.000630080933 -0.000496650988
v 8.90488172E-06 0.00050075195 -0.000217168825
v 3.6672056E-05 0.000404706137 6.45977852E-05
v 3.64556327E-05 0.00087528408 -0.000497520494
v 5.25879041E-05 0.000996508519 -0.00049802888
v 1.97976096E-05 0.000754639856 -0.000496975495
v 7.27763836E-06 0.000630662136 -0.000217425855
v 6.69557221E-06 0.000501042698 6.19890779E-05
v 3.33991047E-05 0.000402413105 0.000343695458
v 3.88619192E-05 0.000873850891 -0.000218201487
v 5.41334557E-05 0.000995988376 -0.000218488334
v 2.19487556E-05 0.00075349852 -0.000217760215
v 7.73510328E-06 0.000631044735 6.18094564E-05
v 4.51542792E-06 0.000501597766 0.000341167062
v 3.00452612E-05 0.000400310993 0.000622845138
v 4.14860224E-05 0.000871851866 6.10688294E-05
v 5.53992104E-05 0.000995346112 6.11283394E-05
v 2.44276471E-05 0.000751684012 6.13929806E-05
v 8.47837964E-06 0.000631128845 0.000341005682
v 2.44689227E-06 0.000502530544 0.000620411301
v 2.66653533E-05 0.000398288394 0.000901962747
v 4.45516198E-05 0.000868998875 0.000340264174
v 5.64301845E-05 0.000994255184 0.000340833765
v 2.75131988E-05 0.000748796971 0.000340404193
v 9.78016124E-06 0.000630778144 0.000620210543
v 6.2441336E-07 0.000503981893 0.00089970202
v 2.32255734E-05 0.000396416784 0.00118117721
v 4.81613024E-05 0.000865077658 0.000619387138
v 5.72601093E-05 0.000992263784 0.000620645296
v 3.15581201E-05 0.000744377961 0.000619249768
v 1.19223278E-05 0.000629695016 0.000899295614
v -7.63137791E-07 0.000505922246 0.00117902237
v 1.98143989E-05 0.000394532632 0.00146034581
v 5.21695911E-05 0.000860157597 0.000898423837
v 5.78773142E-05 0.000988958171 0.000900562445
v 3.65608903E-05 0.000738395436 0.000897848688
v 1.50112037E-05 0.000627626316 0.00117829593
v -1.51475126E-06 0.000508565921 0.00145838596
v 1.65771708E-05 0.000392709626 0.00173930789
v -1.37964025E-06 0.000512730156 0.0017382165
v 5.63676003E-05 0.000854241371 0.00117737975
v 5.82395987E-05 0.000984054874 0.00118056661
v 4.22717712E-05 0.000731056673 0.00117626274
v 1.90795527E-05 0.000624957378 0.00145741389
v 6.05962778E-05 0.000847586372 0.00145639444
v 5.83218753E-05 0.000977212796 0.00146052614
v 4.84728807E-05 0.000722435478 0.00145438791
v 2.39474557E-05 0.000620464096 0.00173604861
v 6.47345005E-05 0.00083991047 0.00173535163
v 5.80995184E-05 0.000968322332 0.00174051325
v 5.52209276E-05 0.000712972484 0.00173244579
v -1.77852783E-07 0.00051710289 0.0020179709
v 1.29134205E-05 0.000392411894 0.00201907218
v 9.78125718E-06 0.000391878246 0.00229802472
v 6.85417835E-05 0.000831328565 0.00201438903
v 5.76031489E-05 0.000957189244 0.0020204254
v 6.226595E-05 0.000702731311 0.00201038993
v 2.94277579E-05 0.000614199671 0.00201435923
v 2.02488104E-06 0.000520706002 0.00229761587
v 6.1446658E-06 0.000393048045 0.00257791625
v 7.18597221E-05 0.000821624242 0.0022935255
v 5.68733849E-05 0.000943769643 0.00230019959
v 6.95115887E-05 0.000691837631 0.00228818879
v 3.60835256E-05 0.000606257585 0.00229273271
v 6.26234942E-06 0.000522398972 0.00257680891
v 7.46203586E-05 0.000810423866 0.00257261936
v 5.59561231E-05 0.000928164052 0.00257984968
v 7.68953905E-05 0.000680604426 0.0025660682
v 4.47742059E-05 0.000591387856 0.00256976392
v 3.68491305E-06 0.000392018148 0.00285548065
v 4.44895486E-05 0.00034718684 0.00286097778
v 3.96394389E-05 0.000336116325 0.00313680014
v 7.69243488E-05 0.000797171553 0.00285139703
v 5.48780663E-05 0.000911045121 0.00285962573
v 8.34075909E-05 0.000669461617 0.00284445425
v 5.52805177E-05 0.000567848678 0.00284501282
v 1.29831369E-05 0.000527146913 0.00285849138
v -8.3553698E-07 0.000405959901 0.00314067979
v 3.61617967E-05 0.000323921558 0.00341291213
v 2.41671587E-05 0.00051677291 0.00313461735
v 6.83142571E-05 0.000539596309 0.00311943679
v -1.70824057E-06 0.000414706155 0.00342251267
v 2.25811309E-05 0.000330790266 0.0036959853
v 4.01344514E-05 0.000477677095 0.00340610975
v 8.74314719E-05 0.000655317272 0.00312220305
v 8.11269711E-05 0.000515177555 0.0033929958
v 1.17849195E-05 0.000486466277 0.00369989802
v 5.98554434E-05 0.000453661516 0.00394025026
v 5.98561091E-05 0.000528317585 0.00394025212
v 3.97879558E-05 0.000583650894 0.00366960675
v 5.98567676E-05 0.0006018969 0.00394025305
v 7.91501152E-05 0.000785855635 0.00313137146
v 5.39512512E-05 0.000890207419 0.00313831773
v 8.9639434E-05 0.000647581823 0.00340372231
v 8.83641842E-05 0.000595429796 0.00367443799
v 5.98573897E-05 0.000672055467 0.00394025398
v 8.33975355E-05 0.000767585472 0.00340621872
v 5.20384783E-05 0.000875397876 0.00342200743
v 5.88452713E-05 0.000699587807 0.00366446399
v 5.98579754E-05 0.000736449787 0.00394025538
v 8.22068832E-05 0.000815037405 0.00369174266
v 4.40051299E-05 0.000870745105 0.00369288493
v 5.98584811E-05 0.000792737585 0.00394025631
v 5.98589504E-05 0.000844190246 0.00394025724
v 0.000131908964 0.000417239149 -0.00467588427
v 0.000172652202 0.000395558309 -0.00439331122
v 0.000175752764 0.000392926391 -0.00467154058
v 0.000128682281 0.000417880336 -0.00439766981
v 8.86341877E-05 0.000448711304 -0.00468008732
v 0.000169610081 0.000397813506 -0.00411481224
v 8.52133162E-05 0.000446918624 -0.00440190826
v 0.000125520848 0.000418026932 -0.00411922159
v 0.000166653845 0.000399680983 -0.00383606786
v 8.19001143E-05 0.000445131416 -0.00412349124
v 0.000122440571 0.000417769304 -0.0038405275
v 0.000163768695 0.000401170517 -0.00355706061
v 7.86982564E-05 0.000443246245 -0.00384483859
v 0.0001194457 0.000417058822 -0.00356158894
v 0.000160957585 0.000402314326 -0.00327785988
v 7.56020672E-05 0.000441182259 -0.00356594496
v 0.000116526156 0.000415913819 -0.00328245223
v 0.000158193929 0.000403158687 -0.00299850968
v 7.25973659E-05 0.000438913994 -0.00328685367
v 0.000113662602 0.000414364826 -0.00300315511
v 0.000155436079 0.000403839222 -0.00271903188
v 6.96680072E-05 0.000436433183 -0.0030076059
v 0.000110842695 0.000412450725 -0.00272376649
v 0.000152699446 0.000404300867 -0.00243956433
v 6.67768109E-05 0.000433771784 -0.0027282387
v 0.000108019878 0.000410340406 -0.0024443171
v 0.000149905783 0.000404706574 -0.00216004089
v 6.39158752E-05 0.000430932298 -0.00244884402
v 0.000105215673 0.000408052758 -0.00216487329
v 6.10457282E-05 0.000427983847 -0.00216941466
v 0.000147125014 0.000405047671 -0.00188065297
v 0.000102353282 0.000405838218 -0.00188542181
v 5.81644126E-05 0.000424940721 -0.00189003861
v 0.000144149613 0.000405837549 -0.00160104176
v 0.000187043959 0.00036757841 -0.00159668142
v 0.000184195669 0.000371791044 -0.00131672143
v 0.00014127561 0.000405907747 -0.00132178969
v 0.000181518655 0.000374404481 -0.0010375852
v 0.00013821543 0.000406764448 -0.00104236836
v 0.000178565431 0.000377888646 -0.000757966074
v 0.000135240407 0.000406503357 -0.000763216289
v 0.000175987996 0.000379713107 -0.000479261827
v 0.00013185697 0.000406966428 -0.000483571406
v 0.000172476764 0.000384554674 -0.000198776892
v 0.000128727101 0.000405247469 -0.000204467025
v 0.000169337698 0.000385412975 8.00971175E-05
v 0.000125215069 0.000406362436 7.49545652E-05
v 0.000165901831 0.000387726614 0.00035977058
v 0.000121972771 0.000404705614 0.00035404737
v 0.000163102624 0.000387932087 0.000638345082
v 0.000118249227 0.000403488782 0.000633707561
v 0.000159044779 0.000391796697 0.000918962993
v 0.000114930175 0.000400379737 0.000912779535
v 0.000155558882 0.000390781148 0.0011978629
v 0.000110990775 0.000400146411 0.00119216531
v 0.000151707849 0.000391598558 0.00147755665
v 0.000107321168 0.000397297874 0.00147129758
v 0.000148038918 0.000391136768 0.00175662094
v 0.000103338774 0.00039689205 0.00175052881
v 0.000143783691 0.000391673326 0.0020363084
v 9.94196453E-05 0.000396041112 0.002029564
v 0.000140086267 0.000391167356 0.00231483183
v 9.45494321E-05 0.000398359611 0.00230950327
v 0.000135836191 0.00039429756 0.00259400625
v 8.99661027E-05 0.000398190197 0.00258893007
v 0.000131267123 0.000397973461 0.00287386985
v 8.577892E-05 0.000394969364 0.00286774803
v -6.56340926E-05 -0.00048066146 -0.00468703778
v -2.73866717E-05 -0.000536050415 -0.00441161962
v -2.60417746E-05 -0.000536192965 -0.00468866201
v -6.63138562E-05 -0.000477708963 -0.00440976117
v -8.13949737E-05 -0.000361491722 -0.00468475884
v -2.82520068E-05 -0.000536148262 -0.00413352391
v -8.11675054E-05 -0.000357819226 -0.00440717535
v -6.65460175E-05 -0.000238407432 -0.00468398398
v -6.65312909E-05 -0.000474952598 -0.00413150014
v -2.85278929E-05 -0.000536635751 -0.00385424821
v -6.72327733E-05 -0.000233938728 -0.00440615742
v -3.35502518E-05 -0.000148569234 -0.00468359469
v -8.05608506E-05 -0.000354493648 -0.00412885146
v -6.62085076E-05 -0.000472660497 -0.00385221536
v -2.82046876E-05 -0.000537575048 -0.00357385539
v -3.57659337E-05 -0.000139580807 -0.00440576533
v 6.92566846E-06 -9.06498462E-05 -0.00468231784
v -6.74719777E-05 -0.000229930636 -0.00412769523
v -7.95050437E-05 -0.000351466268 -0.00384963048
v -6.53660536E-05 -0.000470890576 -0.00357195246
v -2.73856422E-05 -0.000538892113 -0.00329255848
v 3.82036524E-06 -7.64611104E-05 -0.00440465426
v 5.01499744E-05 -5.43764399E-05 -0.00467987824
v -3.75315649E-05 -0.000131553461 -0.00412734319
v -6.71885646E-05 -0.000226455973 -0.00384855014
v -7.8015124E-05 -0.000348950096 -0.00356964837
v -6.41117658E-05 -0.000469664024 -0.00329093216
v -2.62548001E-05 -0.000540415756 -0.00301073096
v 4.69344341E-05 -3.88126355E-05 -0.00440224539
v 9.43285559E-05 -3.08856834E-05 -0.00467664748
v 1.06852724E-06 -6.32306983E-05 -0.00412639929
v -3.87810869E-05 -0.000124370141 -0.00384827447
v -6.63447063E-05 -0.000223461946 -0.00356871565
v -7.61547344E-05 -0.000346832152 -0.0032890155
v -6.2626932E-05 -0.000468841259 -0.00300945458
v -2.50184621E-05 -0.000541947258 -0.00272870227
v 9.13211334E-05 -1.95488228E-05 -0.00439884048
v 0.000138621574 -9.6764179E-06 -0.00467310101
v 4.39874202E-05 -2.36256528E-05 -0.0041241101
v -1.32698517E-06 -5.0926581E-05 -0.00384759577
v -3.95053466E-05 -0.000118137439 -0.0035686614
v -6.50175207E-05 -0.000221045062 -0.00328839896
v -7.40586984E-05 -0.000345117674 -0.00300802873
v -6.10839998E-05 -0.000468275161 -0.00272781216
v -2.38395151E-05 -0.000543321832 -0.00244681863
v -5.96330028E-05 -0.000467766164 -0.00244627031
v -2.28194513E-05 -0.000544419163 -0.00216519507
v -7.18543743E-05 -0.000343575579 -0.00272685336
v -6.3254316E-05 -0.000219032663 -0.00300773326
v -3.97019176E-05 -0.000112773203 -0.00328858849
v -3.36116636E-06 -3.94315866E-05 -0.00356828328
v -5.83516485E-05 -0.000467211677 -0.00216495246
v -2.20020429E-05 -0.000545207353 -0.00188396976
v -6.96688076E-05 -0.000342195242 -0.00244577415
v -6.11790092E-05 -0.000217433902 -0.00272696256
v -3.94379022E-05 -0.000108234482 -0.0030082562
v -5.72653516E-05 -0.000466487254 -0.00188395008
v -2.13800759E-05 -0.000545688381 -0.0016030682
v -6.755715E-05 -0.000340770464 -0.00216484582
v -5.88393341E-05 -0.000216086468 -0.00244622724
v -5.63558824E-05 -0.000465533551 -0.00160321535
v -2.09230748E-05 -0.000545918418 -0.00132250763
v -6.55386466E-05 -0.0003392621 -0.00188416836
v -5.5579374E-05 -0.000464376353 -0.00132274744
v -2.05905271E-05 -0.000545995601 -0.0010421857
v -5.06027072E-06 -2.88278134E-05 -0.00328859081
v -3.87388209E-05 -0.000104403938 -0.00272778654
v -5.63063513E-05 -0.000214955478 -0.00216566236
v -6.35682154E-05 -0.000337612961 -0.00160372281
v -5.4864955E-05 -0.000462904747 -0.00104245241
v -2.03443342E-05 -0.000546006428 -0.000762034324
v -6.45205364E-06 -1.90402661E-05 -0.00300863618
v -3.76730386E-05 -0.000101193691 -0.00244736671
v -5.35651016E-05 -0.000213991327 -0.00188533543
v -6.16644975E-05 -0.00033585928 -0.00132349459
v -5.40257242E-05 -0.000460882962 -0.00076232641
v -2.01238399E-05 -0.00054603786 -0.000482046045
v -7.59826571E-06 -1.00728766E-05 -0.00272857188
v -3.62720275E-05 -9.84536164E-05 -0.00216707261
v -5.05119133E-05 -0.000213248117 -0.0016052752
v -5.8957241E-05 -0.000333763572 -0.00104352564
v -5.28429118E-05 -0.000457978051 -0.000482421252
v -1.98762136E-05 -0.000546007999 -0.000202161129
v -8.52297217E-06 -1.82621727E-06 -0.00244850013
v -3.46204943E-05 -9.60321777E-05 -0.00188701204
v -4.59246003E-05 -0.000214190644 -0.00132572034
v -5.44958821E-05 -0.000330981071 -0.000763764663
v -5.12287552E-05 -0.000453846849 -0.000202637981
v -1.94436561E-05 -0.000545456191 7.74683067E-05
v -9.27455676E-06 5.70758357E-06 -0.00216852129
v -3.24932516E-05 -9.41213584E-05 -0.00160724542
v -3.74419869E-05 -0.000219427136 -0.00104715221
v -4.90573548E-05 -0.000327936432 -0.00048428218
v -4.93293774E-05 -0.000447010709 7.7746321E-05
v -1.92265597E-05 -0.000542876835 0.000357765326
v -9.85251791E-06 1.25758197E-05 -0.0018886663
v -2.66241259E-05 -9.67443339E-05 -0.00132821559
v -2.86493196E-05 -0.000224757445 -0.000768988859
v -4.26744482E-05 -0.000325146713 -0.000205137854
v -4.7005964E-05 -0.000442279852 0.000356094592
v -1.84627952E-05 -0.000540847599 0.000637093326
v -1.02924741E-05 1.89900293E-05 -0.0016089878
v -1.56800779E-05 -0.00010604797 -0.00105100195
v -1.96811161E-05 -0.000230067672 -0.000490955601
v -3.62628562E-05 -0.000323847227 7.30248066E-05
v -4.36601185E-05 -0.000432296016 0.000636906771
v -1.77666116E-05 -0.000536067528 0.000917303259
v -1.04664077E-05 2.43948652E-05 -0.0013295532
v -6.31002058E-06 -0.000112152193 -0.000773154781
v -1.07085052E-05 -0.000235349915 -0.000213107094
v -2.88506453E-05 -0.000319011044 0.000352831732
v -4.04361563E-05 -0.000424116879 0.000915362441
v -1.6725593E-05 -0.000530887686 0.00119675696
v -7.81313247E-06 2.20979073E-05 -0.00105016585
v 2.61944797E-06 -0.000117471718 -0.000495303364
v -1.72037971E-06 -0.000239318659 6.52195231E-05
v -2.21790579E-05 -0.00031751467 0.000630569586
v -3.65562992E-05 -0.00041147921 0.00119570736
v -1.59177689E-05 -0.000522726332 0.00147719623
v -3.69639338E-06 1.7590668E-05 -0.000771252147
v 1.11856853E-05 -0.000121641104 -0.000217278051
v 6.35988135E-06 -0.000242276423 0.000343238469
v -1.54685185E-05 -0.000312971126 0.000909512222
v -3.29019895E-05 -0.00040439982 0.00147329504
v -1.426568E-05 -0.000516499509 0.00175593398
v -1.21356649E-08 1.21332496E-05 -0.000492458988
v 1.92214266E-05 -0.000125093138 6.07471266E-05
v 1.48712988E-05 -0.000245072733 0.000621526735
v -9.47226454E-06 -0.000310206466 0.00118730462
v -2.82976762E-05 -0.00039075478 0.00175369438
v -1.39584881E-05 -0.000506960205 0.00203651981
v 4.05457286E-06 6.39469454E-06 -0.000213750347
v 2.72870857E-05 -0.000127661173 0.000338729587
v 2.23619409E-05 -0.000246762007 0.000899716164
v -2.2395609E-06 -0.000303799316 0.00146694761
v -2.33585561E-05 -0.000381152262 0.00203190558
v -1.21649109E-05 -0.000500829832 0.00231441646
v 9.09069604E-06 5.34557557E-07 6.43754393E-05
v 3.48916728E-05 -0.000129036125 0.000617146841
v 3.01979562E-05 -0.000247523509 0.00117841433
v 4.91468654E-06 -0.000302815286 0.00174485415
v -1.83450247E-05 -0.000366306107 0.00231277873
v -1.16927677E-05 -0.000488293415 0.00259546191
v 1.39920476E-05 -2.94947517E-06 0.000343564432
v 4.16367584E-05 -0.000129189692 0.000895636156
v 3.71084752E-05 -0.000247126765 0.00145675265
v 1.31762699E-05 -0.000302779255 0.00202349178
v -1.19977531E-05 -0.000358826946 0.00258990331
v -1.05430299E-05 -0.000479480572 0.00287442142
v 1.82020394E-05 -8.58857766E-06 0.000621953281
v 4.82529358E-05 -0.000129597247 0.00117380649
v 4.50179032E-05 -0.000248368684 0.0017347117
v 2.09063419E-05 -0.000308105053 0.00230079284
v 2.62133035E-05 -1.00943616E-05 0.000898663246
v 5.4177206E-05 -0.000127480816 0.00145251409
v 5.28957717E-05 -0.000249064818 0.00201246818
v 2.68392741E-05 -1.38307432E-05 0.00117904553
v 6.01498359E-05 -0.000124875805 0.00173155451
v 2.87300627E-05 -2.19018057E-05 0.00145678653
v 3.29058494E-05 -0.000323770626 0.00257848902
v 6.07935544E-05 -0.000246549811 0.00229186774
v 6.54315299E-05 -0.000120636083 0.00201122905
v -2.51876622E-06 -0.000346646557 0.00286934036
v -1.10844494E-05 -0.000457327667 0.00315882382
v 3.31890151E-05 -0.000521268463 0.00314937532
v 6.29251463E-06 -0.000338846148 0.00314599765
v 3.16993755E-05 -0.000515958294 0.00343510858
v -4.15784825E-06 -0.000441325712 0.00343644363
v 2.00369359E-05 -0.000331643678 0.0034231015
v 2.86865197E-05 -0.000488751568 0.00370795443
v 6.71225425E-05 -0.000244657305 0.00257043634
v 4.19473836E-05 -0.000333301083 0.00285545224
v 1.3871444E-05 -0.000372291135 0.00370177766
v 5.98485167E-05 -0.000374890195 0.00394023722
v 5.98481238E-05 -0.000426343555 0.00394023629
v 5.98489169E-05 -0.000323437416 0.00394023815
v 6.99096636E-05 -0.000120003126 0.00228912896
v 7.37071896E-05 -0.000243173141 0.002848865
v 5.13308005E-05 -0.000343805499 0.00313353632
v 4.78920992E-05 -0.000243013259 0.00338707585
v 5.74272053E-05 -0.000357205601 0.00367258932
v 5.9849317E-05 -0.000271984347 0.00394023908
v 4.10075481E-05 -0.000255336257 0.00366744422
v 5.98497172E-05 -0.000220531569 0.00394023955
v 7.35095891E-05 -0.000240425463 0.00312503963
v 7.42828342E-05 -0.000117113959 0.00256799208
v 7.82532661E-05 -0.000114135313 0.00284721865
v 8.30910067E-05 -0.000102265709 0.00312983058
v 9.47335648E-05 -0.00024484389 0.00340227038
v 7.75480439E-05 -0.000134735688 0.00340503268
v 8.77955972E-05 -0.000211895589 0.00367916515
v 5.98501356E-05 -0.000169078819 0.00394024048
v 4.48760838E-05 -0.000158108392 0.00366252474
v 5.9850554E-05 -0.000117625452 0.00394024141
v 6.55877229E-05 -5.64468028E-05 0.00365661341
v 5.98509723E-05 -6.6173001E-05 0.00394024234
v 3.3867298E-05 -7.90338236E-05 0.00339940214
v 4.62206262E-05 -3.32575364E-05 0.00312823826
v 3.9729377E-05 -4.84144948E-05 0.00285093929
v 2.0864416E-05 -7.18224646E-06 0.0036899494
v 5.9851398E-05 -1.47202481E-05 0.00394024281
v 3.68419842E-06 1.54972658E-05 0.00341636804
v 2.76874343E-05 0.000115950868 0.00342690572
v 2.7665239E-05 0.000143879253 0.00314771943
v 4.72742431E-06 2.31435588E-05 0.00313281897
v 2.85488659E-05 0.000157132716 0.00286515593
v 6.42329496E-06 4.19958378E-05 0.0028566923
v 2.93970643E-05 0.000170001265 0.00258440454
v 8.07083143E-06 5.56087325E-05 0.00257792021
v 3.18877028E-05 0.000181897383 0.00230553048
v 3.6660138E-05 -4.72335087E-05 0.00257238327
v 9.23663902E-06 6.59825164E-05 0.00229775487
v 3.42529711E-05 0.000188845181 0.00202568597
v 3.44230284E-05 -3.86627726E-05 0.00229436695
v 9.53078325E-06 8.24427407E-05 0.00202101632
v 3.69489098E-05 0.000198570808 0.00174713216
v 3.36781704E-05 -3.38521677E-05 0.00201402721
v 1.07931228E-05 8.80894222E-05 0.00173943012
v 3.91437607E-05 0.000202841853 0.0014662852
v 3.09371935E-05 -2.49583518E-05 0.00173668843
v 1.17685377E-05 0.0001027986 0.00146306993
v 4.23516358E-05 0.000209921665 0.00118831871
v 1.23316167E-05 0.000106450541 0.00118124799
v 4.45670776E-05 0.000209241814 0.000907225942
v 1.2903999E-05 0.000120149147 0.000904840126
v 4.75615816E-05 0.000211570572 0.000628629932
v 1.44246815E-05 0.000119060227 0.000623609812
v 5.01722825E-05 0.00020669165 0.000347846624
v 1.52477696E-05 0.000126543222 0.000345748471
v 5.30958059E-05 0.000200322305 6.88236178E-05
v 1.54953523E-05 0.000131443332 6.71888629E-05
v 5.6060042E-05 0.000193265878 -0.000210299899
v 1.62262022E-05 0.000131159788 -0.000212889645
v 5.86267561E-05 0.000182907184 -0.000489904894
v 1.71914107E-05 0.000132208865 -0.000492039486
v 6.13115626E-05 0.000170160012 -0.00076896674
v 1.82142194E-05 0.000130495988 -0.000771638646
v 6.33905875E-05 0.000155082336 -0.0010486641
v 2.00344475E-05 0.000123929553 -0.00105081405
v 2.20329712E-05 0.000114420902 -0.00133019628
v 6.58953941E-05 0.000139860756 -0.0013276001
v 6.82825412E-05 0.00012416621 -0.0016066886
v 2.40696627E-05 0.000102498343 -0.00160969701
v 7.05494822E-05 0.000108292639 -0.00188594172
v 2.61968762E-05 9.01303792E-05 -0.00188911043
v 7.27733277E-05 9.24671913E-05 -0.00216525421
v 2.82906731E-05 7.71358827E-05 -0.00216862024
v 7.49237006E-05 7.68056852E-05 -0.00244469452
v 3.03592569E-05 6.35703182E-05 -0.00244821073
v 7.70257975E-05 6.14754244E-05 -0.00272423518
v 3.2416403E-05 4.9563052E-05 -0.00272784824
v 3.44809087E-05 3.52461248E-05 -0.00300750579
v 3.66147069E-05 2.07431021E-05 -0.00328706158
v 8.12452272E-05 3.23977656E-05 -0.00328338845
v 8.34833918E-05 1.86925081E-05 -0.00356278243
v 3.88670924E-05 6.0743364E-06 -0.00356643554
v 8.58847197E-05 5.4631837E-06 -0.003841887
v 4.13102171E-05 -8.69396081E-06 -0.0038454819
v 8.84972033E-05 -7.28296391E-06 -0.00412058784
v 0.000135873081 -4.48820219E-06 -0.0043951408
v 0.000182056756 2.41116795E-05 -0.00466969609
v 0.00017949575 2.71503322E-05 -0.00439167768
v 0.000219575159 9.67805172E-05 -0.00466671027
v 0.000133185124 2.20723859E-06 -0.00411672331
v 0.000216995497 0.000100166137 -0.00438858895
v 0.000235104904 0.000219114212 -0.00466549536
v 0.000177078109 3.04458208E-05 -0.00411316007
v 0.00013063084 9.82649271E-06 -0.00383783132
v 0.000232246704 0.000222681512 -0.0043873596
v 0.00021547811 0.000334756071 -0.00466758991
v 0.000214577522 0.000103363134 -0.00411010999
v 0.000174751432 3.4151868E-05 -0.003834198
v 0.000128207728 1.82607746E-05 -0.00355853909
v 0.000212450206 0.000337999023 -0.00438937126
v 0.000175752764 0.000392926391 -0.00467154058
v 0.000172652202 0.000395558309 -0.00439331122
v 0.000229552694 0.000226227989 -0.0041088406
v 0.000209556034 0.000341100123 -0.0041108937
v 0.000169610081 0.000397813506 -0.00411481224
v 0.000212408777 0.000106550426 -0.00383112393
v 0.000172570755 3.8275135E-05 -0.00355473813
v 0.000125903927 2.7377002E-05 -0.0032789167
v 0.000206785247 0.000344121305 -0.00383210182
v 0.000166653845 0.000399680983 -0.00383606786
v 0.000227042401 0.000229587444 -0.00383003126
v 0.000210393438 0.000109591441 -0.00355179957
v 0.000170443032 4.27712403E-05 -0.00327496021
v 0.000123673119 3.71236056E-05 -0.00299909641
v 0.000204156153 0.000346997927 -0.00355305849
v 0.000163768695 0.000401170517 -0.00355706061
v 0.000224729971 0.000232948543 -0.00355084054
v 0.000208532234 0.00011268691 -0.00327210245
v 0.000168320286 4.7718946E-05 -0.00299498765
v 0.000121431156 4.75948145E-05 -0.00271923002
v 0.000201628107 0.000349848968 -0.00327375764
v 0.000160957585 0.000402314326 -0.00327785988
v 0.000222589777 0.000236214866 -0.0032714128
v 0.000206739467 0.000115799296 -0.0029922144
v 0.000166151542 5.31564328E-05 -0.00271490798
v 0.000199195565 0.00035264215 -0.00299432338
v 0.000158193929 0.000403158687 -0.00299850968
v 0.00022057195 0.000239602654 -0.00299172685
v 0.000204962766 0.000119071097 -0.00271216664
v 0.000163872013 5.91011376E-05 -0.0024348814
v 0.000196810681 0.000355452561 -0.0027147925
v 0.000155436079 0.000403839222 -0.00271903188
v 0.000218618545 0.000242976021 -0.0027119657
v 0.000203154545 0.000122515587 -0.00243209233
v 0.000161489021 6.55187396E-05 -0.00215489184
v 0.000194407272 0.000358507998 -0.00243515358
v 0.000152699446 0.000404300867 -0.00243956433
v 0.000216672037 0.000246412557 -0.00243221899
v 0.00020120485 0.000126130268 -0.00215211092
v 0.00015892103 7.22929835E-05 -0.00187512033
v 0.000192009014 0.000361588958 -0.00215554168
v 0.000149905783 0.000404706574 -0.00216004089
v 0.000214705258 0.000250033103 -0.00215244922
v 0.00019909977 0.000130016051 -0.00187225803
v 0.000156194103 7.93549407E-05 -0.00159549771
v 0.000189502127 0.00036485208 -0.00187594921
v 0.000147125014 0.000405047671 -0.00188065297
v 0.000187043959 0.00036757841 -0.00159668142
v 0.000212727333 0.000253750215 -0.00187281321
v 0.000196790657 0.000134166388 -0.00159256707
v 0.000153342495 8.66452756E-05 -0.00131601375
v 0.000210714366 0.00025821288 -0.00159293332
v 0.000194410692 0.000138851683 -0.00131281116
v 0.000150350912 9.42122715E-05 -0.00103668787
v 0.000208669808 0.000261394482 -0.0013138752
v 0.000184195669 0.000371791044 -0.00131672143
v 0.000191754734 0.000143016849 -0.00103358889
v 0.000147298299 0.00010149071 -0.000757503032
v 0.0002064562 0.000266469986 -0.00103392638
v 0.000181518655 0.000374404481 -0.0010375852
v 0.00018915275 0.000147621671 -0.000754115055
v 0.000144179401 0.000108916422 -0.000478448899
v 0.000204276657 0.000269805343 -0.000754830427
v 0.000178565431 0.000377888646 -0.000757966074
v 0.000186408433 0.000151635177 -0.000475062523
v 0.000141109311 0.000115764371 -0.0001994903
v 0.000201865187 0.00027528053 -0.000474780187
v 0.000175987996 0.000379713107 -0.000479261827
v 0.000183900978 0.000156460868 -0.000195397864
v 0.000138268413 0.000122613972 7.9817386E-05
v 0.000199595088 0.000277007319 -0.000196524896
v 0.000172476764 0.000384554674 -0.000198776892
v 0.000181008741 0.00015936335 8.31741636E-05
v 0.000135176568 0.000128474843 0.000358619378
v 0.000196903551 0.000282531662 8.38828128E-05
v 0.000169337698 0.000385412975 8.00971175E-05
v 0.000178329414 0.000163068733 0.00036257747
v 0.000132269444 0.00013234283 0.000637514226
v 0.000194364518 0.000284282665 0.000362544262
v 0.000165901831 0.000387726614 0.00035977058
v 0.000175734778 0.000165090911 0.000641325605
v 0.000129293723 0.000135359543 0.000916178513
v 0.0001914186 0.000289319752 0.000643028878
v 0.000163102624 0.000387932087 0.000638345082
v 0.000173318971 0.000168773637 0.000921590254
v 0.000126870771 0.000137961644 0.00119568664
v 0.00018864614 0.00028848747 0.000920747407
v 0.000159044779 0.000391796697 0.000918962993
v 0.000169964565 0.000168462488 0.00119943824
v 0.000123904363 0.000137540439 0.00147397025
v 0.00018521618 0.00029301428 0.00120176456
v 0.000155558882 0.000390781148 0.0011978629
v 0.000167633771 0.00016996621 0.00147943478
v 0.000121281621 0.000133600537 0.00175258145
v 0.00018179357 0.000292578858 0.00148066087
v 0.000151707849 0.000391598558 0.00147755665
v 0.000164827594 0.000168255297 0.00175836647
v 0.000118597774 0.000125943145 0.00203095167
v 0.000177469454 0.000294326659 0.0017610318
v 0.000148038918 0.000391136768 0.00175662094
v 0.000161497548 0.000167822393 0.00203793636
v 0.00011623044 0.000115704861 0.0023095787
v 0.000173266322 0.000292083452 0.00203994196
v 0.000143783691 0.000391673326 0.0020363084
v 0.000157630304 0.000164465397 0.00231647701
v 0.000113931303 9.77366653E-05 0.00258672284
v 0.000168072016 0.000291967357 0.00232032686
v 0.000140086267 0.000391167356 0.00231483183
v 0.000153594403 0.00016159704 0.00259618624
v 0.000112457419 7.89793485E-05 0.00286537665
v 0.000161209333 0.000288925774 0.0025996035
v 0.000135836191 0.00039429756 0.00259400625
v 0.000147735875 0.000157741859 0.00287487055
v 0.000111735375 5.8511283E-05 0.00314376457
v 0.000153721165 0.000285927672 0.00287888735
v 0.000131267123 0.000397973461 0.00287386985
v 0.000139557218 0.00015874971 0.00315323425
v 0.000107177038 6.79973309E-05 0.0034201378
v 0.000146132486 0.000281043875 0.0031558203
v 0.000124383674 0.000408787979 0.00315732299
v 0.000104981576 0.000196966634 0.00340157747
v 0.0001018084 0.000131115667 0.00369385839
v 0.000136261762 0.000291967095 0.00344178104
v 0.000117470277 0.000403822167 0.00343632721
v 7.30357788E-05 0.000241839938 0.00366630219
v 0.000112745962 0.000265369657 0.00371110649
v 7.69318649E-05 0.000321466767 0.00366874249
v 5.98527004E-05 0.000139638578 0.00394024514
v 5.98522674E-05 8.81855376E-05 0.00394024467
v 5.98531442E-05 0.000191091589 0.00394024653
v 5.98536244E-05 0.000246659125 0.003940247
v 5.98541774E-05 0.000310488365 0.0039402484
v 5.65263326E-05 0.000436980423 0.00367046101
v 5.98547922E-05 0.000380269979 0.00394024886
v 6.18009944E-05 -0.000485865836 -0.00468633557
v 0.000104912375 -0.000465267367 -0.00440806057
v 0.00010625802 -0.000465996243 -0.00468529155
v 6.04719571E-05 -0.000485951605 -0.00440918794
v 1.86270809E-05 -0.000524486008 -0.0046880031
v 0.000104002422 -0.00046478174 -0.00412987638
v 1.73027238E-05 -0.000525182346 -0.00441098167
v -2.60417746E-05 -0.000536192965 -0.00468866201
v -2.73866717E-05 -0.000536050415 -0.00441161962
v 5.95953024E-05 -0.000486464647 -0.00413106196
v 0.000103627528 -0.000464720448 -0.00385063305
v 1.645046E-05 -0.000526313612 -0.00413292088
v -2.82520068E-05 -0.000536148262 -0.00413352391
v 5.92702017E-05 -0.000487548765 -0.00385183445
v 0.00010378805 -0.000465166348 -0.00357038993
v 1.61798343E-05 -0.000527977245 -0.00385368569
v -2.85278929E-05 -0.000536635751 -0.00385424821
v 5.94971352E-05 -0.000489222817 -0.00357155385
v 0.000104396022 -0.000466078316 -0.00328933285
v 1.65050787E-05 -0.000530147809 -0.00357333943
v -2.82046876E-05 -0.000537575048 -0.00357385539
v 6.02002801E-05 -0.000491266546 -0.00329043414
v 0.00010528964 -0.000467316044 -0.00300779636
v 1.73246135E-05 -0.00053265068 -0.00329207559
v -2.73856422E-05 -0.000538892113 -0.00329255848
v 6.12059448E-05 -0.000493460509 -0.00300882012
v 0.000106294123 -0.000468669052 -0.00272606872
v 1.84567016E-05 -0.000535279221 -0.00301026762
v -2.62548001E-05 -0.000540415756 -0.00301073096
v 6.23303349E-05 -0.000495651038 -0.00272700889
v 0.000107289692 -0.000469970691 -0.00244450569
v 1.96971941E-05 -0.000537808985 -0.00272824615
v -2.50184621E-05 -0.000541947258 -0.00272870227
v 6.3411353E-05 -0.000497740228 -0.00244531455
v 0.000108143118 -0.000471100269 -0.00216315128
v 2.08804304E-05 -0.000540060399 -0.00244636624
v -2.38395151E-05 -0.000543321832 -0.00244681863
v 6.43821913E-05 -0.000499528775 -0.00216389331
v 0.000108881693 -0.000471977459 -0.00188225275
v 2.18933601E-05 -0.00054194266 -0.00216472382
v -2.28194513E-05 -0.000544419163 -0.00216519507
v 6.5116772E-05 -0.000501057017 -0.00188277231
v 0.000109333094 -0.000472633343 -0.00160147855
v 2.27227229E-05 -0.000543369097 -0.00188352854
v -2.20020429E-05 -0.000545207353 -0.00188396976
v 6.57011769E-05 -0.000501662784 -0.00160207786
v 0.000109758235 -0.000472885615 -0.00132125022
v 2.33434384E-05 -0.00054431241 -0.00160263712
v -2.13800759E-05 -0.000545688381 -0.0016030682
v 6.61043596E-05 -0.00050203572 -0.00132168131
v 0.000110022898 -0.000472851912 -0.0010411808
v 2.38012144E-05 -0.000544854673 -0.00132212334
v -2.09230748E-05 -0.000545918418 -0.00132250763
v 6.63841347E-05 -0.00050203607 -0.00104151922
v 0.000110192967 -0.0004724795 -0.000761342701
v 2.41298931E-05 -0.000545125804 -0.00104185194
v -2.05905271E-05 -0.000545995601 -0.0010421857
v 6.65589032E-05 -0.000501793111 -0.000761562143
v 0.000110225366 -0.000471593143 -0.00048154706
v 2.43865197E-05 -0.000545247574 -0.000761807081
v -2.03443342E-05 -0.000546006428 -0.000762034324
v 6.67425484E-05 -0.000501405622 -0.000481843686
v 0.000110393776 -0.000470464554 -0.000202146417
v 2.45824958E-05 -0.000545392046 -0.000481889176
v -2.01238399E-05 -0.00054603786 -0.000482046045
v 6.68437642E-05 -0.000501128146 -0.000202105017
v 0.000110380235 -0.000468628161 7.7397046E-05
v 2.48320066E-05 -0.000545608986 -0.000202133495
v -1.98762136E-05 -0.000546007999 -0.000202161129
v 6.7016008E-05 -0.000500321563 7.73884967E-05
v 0.00011045931 -0.000466287078 0.000356632576
v 2.51213223E-05 -0.000546186639 7.75747758E-05
v -1.94436561E-05 -0.000545456191 7.74683067E-05
v 6.71335656E-05 -0.000499433663 0.000356919452
v 0.000110421672 -0.000463286357 0.000636034878
v 2.55488922E-05 -0.000547010975 0.000357174606
v 6.73715404E-05 -0.000498009846 0.000636340003
v 0.000110555804 -0.00045910207 0.000915108656
v 2.60370925E-05 -0.000547651143 0.000636884244
v 6.76665004E-05 -0.000496293884 0.000915785844
v 0.00011056153 -0.000453652814 0.00119435892
v 2.67544492E-05 -0.000548310927 0.000916416524
v 6.80985322E-05 -0.000493908592 0.00119516742
v 0.000110724563 -0.000447646482 0.0014733345
v 2.75298407E-05 -0.000548226875 0.0011960651
v 6.85125633E-05 -0.000490092672 0.00147444429
v 0.000111048525 -0.000439250609 0.00175190018
v 2.83459522E-05 -0.000547201314 0.0014757131
v 6.8582558E-05 -0.000486549718 0.00175439904
v 0.000110718334 -0.000431300839 0.00203148276
v 2.90037879E-05 -0.000544752751 0.0017557129
v 6.9134192E-05 -0.00048113853 0.00203334377
v 0.00011115204 -0.000421720615 0.00230984739
v 2.99779385E-05 -0.00054209301 0.00203503645
v 6.8519359E-05 -0.000471013598 0.00231283694
v 0.000109778368 -0.00041256487 0.00259034429
v 3.03338838E-05 -0.00053546339 0.00231516757
v 6.8419562E-05 -0.000457275921 0.00259052357
v 0.000110587425 -0.000402826088 0.00286733778
v 3.10348441E-05 -0.000530229358 0.00259426562
v 6.58150384E-05 -0.000437178911 0.00287039252
v 0.000109641376 -0.000388133398 0.00314666028
v 3.21514635E-05 -0.000520526257 0.00287312199
v 6.75281699E-05 -0.000450328138 0.00314892991
v 0.000102157224 -0.000388723798 0.0034265297
v 3.31890151E-05 -0.000521268463 0.00314937532
v 5.96586033E-05 -0.000401876663 0.00341704651
v 0.000101826954 -0.000395823823 0.00370787247
v 3.16993755E-05 -0.000515958294 0.00343510858
v 6.8924237E-05 -0.000485910248 0.00366999162
v 5.98477236E-05 -0.000479532609 0.00394023582
v 2.86865197E-05 -0.000488751568 0.00370795443
v 2.23771294E-05 -0.00106963597 -0.00471676048
v -2.29321413E-05 -0.00112923631 -0.00444850279
v -1.71028114E-05 -0.00113812543 -0.00472252397
v 1.72723176E-05 -0.00106330612 -0.00444231788
v 6.19676139E-05 -0.00100198644 -0.00471113063
v -2.71843273E-05 -0.00112278049 -0.00417173514
v 5.74675942E-05 -0.000997677678 -0.00443629455
v 0.000101169258 -0.000932670955 -0.00470559113
v 1.34569009E-05 -0.00105847511 -0.00416537095
v -2.9033652E-05 -0.00112175092 -0.00389191438
v 9.70385736E-05 -0.00092912215 -0.00443032989
v 0.000137448209 -0.000851081684 -0.00469991425
v 5.40046058E-05 -0.000994053553 -0.00415916741
v 1.15683106E-05 -0.00105712481 -0.00388557836
v -2.86134909E-05 -0.00112486468 -0.00360899651
v 0.000133674315 -0.000848094525 -0.00442419993
v 0.000164296041 -0.000744050776 -0.00469418336
v 9.38136727E-05 -0.00092606165 -0.00415299926
v 5.20599351E-05 -0.000992316636 -0.0038794037
v 1.15056482E-05 -0.00105834834 -0.00360293104
v -2.68094172E-05 -0.00112876098 -0.00332349353
v 0.000161318138 -0.000742376782 -0.00441796845
v 0.000170547064 -0.000615898869 -0.00468919287
v 0.000130703891 -0.000845575705 -0.0041466672
v 9.18023943E-05 -0.000923974265 -0.00387328141
v 5.15766515E-05 -0.000991985085 -0.00359704718
v 1.25927099E-05 -0.00105998071 -0.00331800547
v -2.46350501E-05 -0.00113142142 -0.00303670368
v 0.000168685001 -0.000614823482 -0.00441244943
v 0.000148095263 -0.000507221674 -0.00468604593
v 0.000159013085 -0.000741109543 -0.00414023036
v 0.000128775224 -0.000843844668 -0.00386704993
v 9.10176386E-05 -0.000922818552 -0.00359126017
v 5.20793437E-05 -0.000991940266 -0.00331269018
v 1.40607217E-05 -0.0010608678 -0.00303198933
v -2.26091597E-05 -0.00113339594 -0.00275003095
v 0.000146745559 -0.000505909557 -0.00440893602
v 0.00010625802 -0.000465996243 -0.00468529155
v 0.000104912375 -0.000465267367 -0.00440806057
v 0.000167366074 -0.000614114688 -0.00413447153
v 0.000145853264 -0.000504895521 -0.00413078908
v 0.000104002422 -0.00046478174 -0.00412987638
v 1.54711779E-05 -0.00106146804 -0.00274606957
v -2.0748148E-05 -0.00113634567 -0.0024643077
v 5.29893041E-05 -0.000991612207 -0.00302739139
v 0.000157594826 -0.000740563788 -0.00386076118
v 0.000145521219 -0.000504353084 -0.00385148008
v 0.000103627528 -0.000464720448 -0.00385063305
v 0.000166733313 -0.000614001125 -0.00385510665
v 1.66810114E-05 -0.00106266665 -0.00246098847
v -1.89258099E-05 -0.0011412059 -0.002179801
v 0.000127943029 -0.000843069225 -0.00358545245
v 0.000145775994 -0.000504375959 -0.00357111148
v 0.00010378805 -0.000465166348 -0.00357038993
v 0.00016680501 -0.000614583376 -0.0035744342
v 0.000157107948 -0.000740885094 -0.00357965194
v 9.1161186E-05 -0.000922233507 -0.00330748875
v 0.000146511375 -0.000504915079 -0.00328987744
v 0.000104396022 -0.000466078316 -0.00328933285
v 0.000167460967 -0.000615804805 -0.00329272193
v 0.000157389557 -0.000741986674 -0.00329725468
v 0.000128008061 -0.000843148679 -0.00330233364
v 9.17678117E-05 -0.000921855797 -0.00302287727
v 0.000147551487 -0.000505831209 -0.00300815213
v 0.00010528964 -0.000467316044 -0.00300779636
v 0.000168476472 -0.000617470709 -0.00301043084
v 0.000158122843 -0.00074359728 -0.00301416544
v 0.000128571221 -0.000843737915 -0.00301844557
v 5.3902746E-05 -0.000991236651 -0.00274216221
v 0.000148698848 -0.000506957411 -0.00272625824
v 0.000106294123 -0.000468669052 -0.00272606872
v 0.000169606006 -0.000619345286 -0.00272797584
v 0.000158964147 -0.000745394209 -0.00273094466
v 0.000129211592 -0.000844433613 -0.0027344923
v 9.24147243E-05 -0.000921507308 -0.00273828092
v 5.45856892E-05 -0.000991091831 -0.00245766784
v 0.000149787826 -0.000508088269 -0.00244450243
v 0.000107289692 -0.000469970691 -0.00244450569
v 0.00017064951 -0.000621230749 -0.00244574551
v 0.000159652991 -0.000747116632 -0.00244805799
v 0.00012962881 -0.000844948227 -0.00245101284
v 9.28170703E-05 -0.000921074417 -0.00245429622
v 1.75764253E-05 -0.00106444501 -0.00217701471
v -1.71207575E-05 -0.00114744098 -0.00189643668
v 0.000150740627 -0.000509161619 -0.00216305023
v 0.000108143118 -0.000471100269 -0.00216315128
v 0.00017148623 -0.000622980937 -0.00216388842
v 0.000160047377 -0.000748604885 -0.00216570124
v 0.000129669221 -0.000845096889 -0.00216822512
v 9.27656874E-05 -0.0009201715 -0.00217116298
v 1.79296549E-05 -0.00106564164 -0.00189414155
v -1.5385287E-05 -0.00115364511 -0.00161398179
v 0.000151490618 -0.00051006797 -0.00188197754
v 0.000108881693 -0.000471977459 -0.00188225275
v 0.000172080836 -0.000624553708 -0.00188253133
v 0.000160103024 -0.000749783299 -0.00188396336
v 0.000129232591 -0.000844659051 -0.00188620295
v 0.000152084613 -0.000510903134 -0.00160132267
v 0.000109333094 -0.000472633343 -0.00160147855
v 0.000172443033 -0.000625910063 -0.00160159136
v 0.000159805568 -0.000750630046 -0.0016027739
v 0.00015238885 -0.000511468912 -0.00132085383
v 0.000109758235 -0.000472885615 -0.00132125022
v 0.000172601314 -0.000627163681 -0.00132110785
v 0.000152626657 -0.000512007973 -0.00104077021
v 0.000110022898 -0.000472851912 -0.0010411808
v 9.20321618E-05 -0.000917955069 -0.0018889443
v 0.00012820783 -0.000843207526 -0.00160484144
v 0.000159144605 -0.000751123589 -0.00132208096
v 0.000172536777 -0.000628151232 -0.00104082748
v 0.000152751512 -0.00051235297 -0.000760924187
v 0.000110192967 -0.0004724795 -0.000761342701
v 9.03904438E-05 -0.000913396361 -0.00160756998
v 0.000126500003 -0.000840391964 -0.00132409984
v 0.000158123599 -0.000751245243 -0.00104174146
v 0.000172276181 -0.000629140821 -0.000760854397
v 0.000152828972 -0.000512681203 -0.000481316296
v 0.000110225366 -0.000471593143 -0.00048154706
v 8.78465362E-05 -0.000906318135 -0.00132696785
v 0.000124197482 -0.000836272084 -0.00104385463
v 0.000156763708 -0.000751061947 -0.000761717092
v 0.000171848238 -0.000630054041 -0.00048103591
v 0.000152611668 -0.000511849299 -0.000201348186
v 0.000110393776 -0.000470464554 -0.000202146417
v 8.47119663E-05 -0.000897704274 -0.00104695489
v 0.000121474244 -0.00083117967 -0.000764009019
v 0.000155067275 -0.00075056043 -0.000481905503
v 0.000171289459 -0.000631208124 -0.000201599905
v 0.00015260854 -0.00051160116 7.79648544E-05
v 0.000110380235 -0.000468628161 7.7397046E-05
v 8.12762519E-05 -0.000888451526 -0.000767348567
v 0.000118457756 -0.000825390918 -0.00048443675
v 0.000153045214 -0.000749582308 -0.000202286479
v 0.000170241939 -0.000631432806 7.82914285E-05
v 0.000152384804 -0.000510670186 0.000357485405
v 0.00011045931 -0.000466287078 0.000356632576
v 7.76893357E-05 -0.00087904965 -0.000487983256
v 0.000115253519 -0.000819170964 -0.000205066317
v 0.000150793974 -0.000748692488 7.71617051E-05
v 0.00016907604 -0.000632142881 0.000357707904
v 0.000152380875 -0.000510240498 0.000636475044
v 0.000110421672 -0.000463286357 0.000636034878
v 7.40309115E-05 -0.000869748939 -0.000208795303
v 0.000111942194 -0.000812890416 7.41777112E-05
v 0.00014829397 -0.000747292303 0.00035660615
v 0.000167765553 -0.000631345145 0.000637830235
v 0.000151887565 -0.000508514873 0.000916203891
v 0.000110555804 -0.00045910207 0.000915108656
v 7.03354017E-05 -0.000860668719 7.02958787E-05
v 0.000108570246 -0.000806767377 0.000353356765
v 0.000145447091 -0.000745518773 0.000635830918
v 0.000166212732 -0.000632636365 0.000916697667
v 0.000151585045 -0.000507232675 0.00119527453
v 0.00011056153 -0.000453652814 0.00119435892
v 6.66178821E-05 -0.000851843739 0.000349316513
v 0.000105091814 -0.000800517038 0.000632470474
v 0.000142544566 -0.000742321834 0.000915549463
v 0.000164288227 -0.000631146017 0.00119689456
v 0.000150790758 -0.00050456723 0.0014751273
v 0.000110724563 -0.000447646482 0.0014733345
v 6.2851228E-05 -0.000843221205 0.000628275389
v 0.000101541569 -0.000794915366 0.000911495299
v 0.000139259981 -0.000740399992 0.00119449617
v 0.000161860109 -0.000631382398 0.00147598819
v 0.000149831481 -0.000503009825 0.00175437354
v 0.000111048525 -0.000439250609 0.00175190018
v 5.89844203E-05 -0.000834445236 0.000907176931
v 9.78961762E-05 -0.000788452453 0.00119063142
v 0.000136128336 -0.000737350434 0.00147407246
v 0.000158946117 -0.000629880815 0.00175593758
v 0.000149033294 -0.000500356604 0.00203370978
v 0.000110718334 -0.000431300839 0.00203148276
v 5.50133009E-05 -0.00082553149 0.00118603872
v 9.41905237E-05 -0.000783052528 0.00146953517
v 0.00013279928 -0.000735941576 0.0017531144
v 0.000155179878 -0.000628278765 0.00203549955
v 0.000147395724 -0.00049660058 0.00231381413
v 0.00011115204 -0.000421720615 0.00230984739
v 5.10173522E-05 -0.000816486543 0.00146488997
v 9.05513662E-05 -0.000777887995 0.00174858817
v 0.000129650609 -0.000734634814 0.00203258032
v 0.000150787731 -0.000626957277 0.00231488235
v 0.000145765909 -0.000494695618 0.00259284466
v 0.000109778368 -0.00041256487 0.00259034429
v 4.69850092E-05 -0.000807267264 0.00174374634
v 8.7049164E-05 -0.000775677443 0.00202737562
v 0.000126288709 -0.000735153561 0.00231165346
v 0.00014492865 -0.000624326989 0.00259430939
v 0.000142385266 -0.00049038959 0.00287357834
v 0.000110587425 -0.000402826088 0.00286733778
v 4.31437547E-05 -0.000798425113 0.00202273484
v 8.41943256E-05 -0.000777960173 0.00230658823
v 0.000122767931 -0.000736939604 0.00259072636
v 8.15571184E-05 -0.000785066164 0.00258546649
v 7.87562894E-05 -0.000798240537 0.00286370097
v 3.93786613E-05 -0.000790525461 0.0023015528
v 3.62662504E-05 -0.00078374811 0.00258058216
v 0.000118108575 -0.00073790591 0.00286941603
v 7.68485552E-05 -0.000817289983 0.00314118597
v 0.000137891155 -0.000621266896 0.00287313922
v 0.000114197675 -0.000737289258 0.00314970571
v 7.62839845E-05 -0.000827055483 0.00342318229
v 0.000128243904 -0.000618662511 0.00315036322
v 9.29359885E-05 -0.000715114933 0.0034171294
v 0.000138176605 -0.000486802892 0.00315361796
v 0.000109641376 -0.000388133398 0.00314666028
v 5.31909573E-05 -0.000720808341 0.00366005767
v 6.29252172E-05 -0.000852411438 0.00367870252
v 0.000125211896 -0.000610530784 0.00343315303
v 9.88328466E-05 -0.000723826117 0.00369967334
v 0.00013216128 -0.000488876714 0.00343182613
v 0.000102157224 -0.000388723798 0.0034265297
v 5.98456354E-05 -0.000778137299 0.0039402321
v 5.98460392E-05 -0.000717347779 0.0039402321
v 5.98464576E-05 -0.000656103715 0.0039402335
v 5.98452461E-05 -0.000837482279 0.00394023163
v 7.53911372E-05 -0.000603450055 0.00366096967
v 5.98468869E-05 -0.000595394114 0.00394023396
v 0.000112963316 -0.000535634579 0.00370497955
v 0.000101826954 -0.000395823823 0.00370787247
v 5.98473125E-05 -0.000536207983 0.00394023536
v 5.98477236E-05 -0.000479532609 0.00394023582
v 1.95920202E-05 -0.000873703626 0.00369671732
v 3.37648271E-05 -0.000772740226 0.00341905467
v 5.9844886E-05 -0.000894396333 0.00394023024
v 8.07675769E-06 -0.000874665158 0.00342156435
v 3.48070134E-05 -0.000774916611 0.00314093125
v 4.30843829E-05 -0.000982562779 0.00369745097
v 5.98445622E-05 -0.000947889755 0.00394022977
v 3.66601889E-05 -0.000980981044 0.00341875665
v 7.77988043E-06 -0.000878987077 0.00314185373
v 3.49114816E-05 -0.000774638553 0.00286219805
v 3.05783142E-05 -0.000995828072 0.00314012752
v 8.25791631E-06 -0.000886743364 0.00285910093
v 2.50159264E-05 -0.00100505061 0.00286209676
v 9.68056793E-06 -0.000887442729 0.0025809519
v 1.09202538E-05 -0.000890507305 0.00230148039
v 2.04505959E-05 -0.00101345708 0.00258284365
v 1.28607253E-05 -0.000894413854 0.00202201772
v 6.41009465E-05 -0.00106794306 0.00285747205
v 7.23972189E-05 -0.00103793561 0.00313402829
v 5.56512969E-05 -0.0010935677 0.00258045364
v 1.72424461E-05 -0.00101928879 0.0023035747
v 4.76997157E-05 -0.00111440488 0.00230267178
v 1.47473984E-05 -0.00102411874 0.00202433183
v 4.00210665E-05 -0.00113135518 0.00202443427
v 1.51180102E-05 -0.000898593804 0.00174274459
v 1.28871152E-05 -0.00102831575 0.00174502411
v 3.27080306E-05 -0.001144832 0.00174589141
v 1.77645961E-05 -0.00090343348 0.00146355433
v 1.16004549E-05 -0.00103216409 0.00146568578
v 2.58566415E-05 -0.0011553599 0.00146705296
v 2.07373432E-05 -0.000909023511 0.00118439691
v 1.08020922E-05 -0.0010357789 0.00118634233
v 1.95495104E-05 -0.00116322062 0.00118799449
v 2.39254514E-05 -0.000915212964 0.000905314635
v 1.04286846E-05 -0.00103915296 0.000907004694
v 1.38654414E-05 -0.00116872229 0.00090873125
v 2.72181969E-05 -0.000921848405 0.000626262103
v 1.04329201E-05 -0.00104235113 0.000627631729
v 8.82172571E-06 -0.00117225421 0.000629274291
v 3.05567264E-05 -0.000928841066 0.000347212917
v 1.07554833E-05 -0.00104544417 0.00034822349
v 4.33941614E-06 -0.0011740675 0.000349685666
v 3.38729842E-05 -0.000936068478 6.81225138E-05
v 1.13180968E-05 -0.00104838365 6.87667634E-05
v 3.39422911E-07 -0.00117440231 6.99421871E-05
v 3.71801179E-05 -0.000943549268 -0.000211050952
v 1.2064349E-05 -0.00105125678 -0.000210808386
v -3.24702864E-06 -0.00117339054 -0.000209957958
v 4.04653074E-05 -0.000951320224 -0.000490340928
v 1.29842583E-05 -0.0010540511 -0.000490496168
v -6.44405372E-06 -0.0011711705 -0.000490053324
v 4.3720258E-05 -0.000959316967 -0.000769813254
v 1.4049514E-05 -0.00105684635 -0.000770399696
v -9.23852622E-06 -0.00116791355 -0.000770411745
v 4.68774924E-05 -0.000967484841 -0.0010495442
v 1.52355569E-05 -0.00105969259 -0.00105056888
v -1.16221527E-05 -0.00116382516 -0.00105110637
v 4.98764239E-05 -0.000975689327 -0.00132965646
v 1.64667963E-05 -0.00106256537 -0.00133113447
v -1.36212957E-05 -0.00115908473 -0.00133225555
v 5.24897951E-05 -0.000983275357 -0.00161027617
v 1.75133082E-05 -0.00106496667 -0.00161224231
v 5.41981062E-05 -0.000988491462 -0.00189172744
v 5.47981726E-05 -0.000990640256 -0.00217416557
v 0.000135873081 -4.48820219E-06 -0.0043951408
v 0.000133185124 2.20723859E-06 -0.00411672331
v 8.84972033E-05 -7.28296391E-06 -0.00412058784
v 8.58847197E-05 5.4631837E-06 -0.003841887
v 0.00013063084 9.82649271E-06 -0.00383783132
v 8.34833918E-05 1.86925081E-05 -0.00356278243
v 0.000128207728 1.82607746E-05 -0.00355853909
v 0.000128207728 1.82607746E-05 -0.00355853909
v 8.12452272E-05 3.23977656E-05 -0.00328338845
v 8.34833918E-05 1.86925081E-05 -0.00356278243
v 0.000125903927 2.7377002E-05 -0.0032789167
v 7.91175189E-05 4.66468446E-05 -0.00300383125
v 0.000123673119 3.71236056E-05 -0.00299909641
v 7.70257975E-05 6.14754244E-05 -0.00272423518
v 0.000121431156 4.75948145E-05 -0.00271923002
v 7.49237006E-05 7.68056852E-05 -0.00244469452
v 0.00011914716 5.88087969E-05 -0.00243942603
v 7.27733277E-05 9.24671913E-05 -0.00216525421
v 0.000116790288 7.07627842E-05 -0.00215974916
v 0.000163872013 5.91011376E-05 -0.0024348814
v 7.05494822E-05 0.000108292639 -0.00188594172
v 0.000161489021 6.55187396E-05 -0.00215489184
v 0.000114386501 8.34222155E-05 -0.00188022188
v 6.82825412E-05 0.00012416621 -0.0016066886
v 0.00015892103 7.22929835E-05 -0.00187512033
v 0.000111898058 9.65243453E-05 -0.00160085515
v 6.58953941E-05 0.000139860756 -0.0013276001
v 0.000156194103 7.93549407E-05 -0.00159549771
v 0.000109351015 0.000110143061 -0.00132170424
v 6.33905875E-05 0.000155082336 -0.0010486641
v 0.000153342495 8.66452756E-05 -0.00131601375
v 0.000106952008 0.000124128623 -0.00104239013
v 6.13115626E-05 0.000170160012 -0.00076896674
v 0.000150350912 9.42122715E-05 -0.00103668787
v 0.000104220053 0.000135873372 -0.000763389748
v 5.86267561E-05 0.000182907184 -0.000489904894
v 0.000147298299 0.00010149071 -0.000757503032
v 0.000101635778 0.000147950006 -0.000484238059
v 5.6060042E-05 0.000193265878 -0.000210299899
v 0.000144179401 0.000108916422 -0.000478448899
v 9.90121043E-05 0.000158552095 -0.000205100019
v 5.30958059E-05 0.000200322305 6.88236178E-05
v 0.000141109311 0.000115764371 -0.0001994903
v 9.65120707E-05 0.000170022613 7.38984818E-05
v 5.01722825E-05 0.00020669165 0.000347846624
v 0.000138268413 0.000122613972 7.9817386E-05
v 9.45231222E-05 0.000180862437 0.000353637559
v 4.75615816E-05 0.000211570572 0.000628629932
v 0.000135176568 0.000128474843 0.000358619378
v 9.17913858E-05 0.00018490848 0.000633024727
v 4.45670776E-05 0.000209241814 0.000907225942
v 0.000132269444 0.00013234283 0.000637514226
v 8.92518365E-05 0.000190672654 0.000912355143
v 4.23516358E-05 0.000209921665 0.00118831871
v 0.000129293723 0.000135359543 0.000916178513
v 8.62629167E-05 0.000193455184 0.00119120837
v 3.91437607E-05 0.000202841853 0.0014662852
v 0.000126870771 0.000137961644 0.00119568664
v 8.43050439E-05 0.000196437322 0.00147115148
v 3.69489098E-05 0.000198570808 0.00174713216
v 0.000123904363 0.000137540439 0.00147397025
v 8.15890817E-05 0.000192382169 0.0017504096
v 3.42529711E-05 0.000188845181 0.00202568597
v 0.000121281621 0.000133600537 0.00175258145
v 7.92224382E-05 0.000186088655 0.002030042
v 3.18877028E-05 0.000181897383 0.00230553048
v 0.000118597774 0.000125943145 0.00203095167
v 7.7199802E-05 0.00017730688 0.00230963551
v 2.93970643E-05 0.000170001265 0.00258440454
v 0.00011623044 0.000115704861 0.0023095787
v 7.53897111E-05 0.00015961079 0.00258873287
v 2.85488659E-05 0.000157132716 0.00286515593
v 0.000113931303 9.77366653E-05 0.00258672284
v 7.30780157E-05 0.000141632787 0.00286691845
v 2.7665239E-05 0.000143879253 0.00314771943
v 0.000112457419 7.89793485E-05 0.00286537665
v 6.6298795E-05 8.10191414E-05 0.00313582062
v 0.000111735375 5.8511283E-05 0.00314376457
v 2.76874343E-05 0.000115950868 0.00342690572
v 6.85601481E-05 3.53686592E-05 0.0034084355
v 8.12452272E-05 3.23977656E-05 -0.00328338845
v 7.91175189E-05 4.66468446E-05 -0.00300383125
v 3.44809087E-05 3.52461248E-05 -0.00300750579
v 3.2416403E-05 4.9563052E-05 -0.00272784824
v 7.70257975E-05 6.14754244E-05 -0.00272423518
v 3.03592569E-05 6.35703182E-05 -0.00244821073
v 0.000168320286 4.7718946E-05 -0.00299498765
v 0.000166151542 5.31564328E-05 -0.00271490798
v 0.000121431156 4.75948145E-05 -0.00271923002
v 0.00011914716 5.88087969E-05 -0.00243942603
v 0.000163872013 5.91011376E-05 -0.0024348814
v 9.95132286E-05 0.000403437414 -0.00160605414
v 0.00014127561 0.000405907747 -0.00132178969
v 0.000144149613 0.000405837549 -0.00160104176
v 9.65697327E-05 0.00040103143 -0.00132670591
v 0.00013821543 0.000406764448 -0.00104236836
v 9.36346551E-05 0.00039860027 -0.00104741263
v 0.000135240407 0.000406503357 -0.000763216289
v 9.05375418E-05 0.000396285002 -0.00076806359
v 0.00013185697 0.000406966428 -0.000483571406
v 8.75273909E-05 0.000393828523 -0.000488873629
v 0.000128727101 0.000405247469 -0.000204467025
v 8.42808367E-05 0.000390890113 -0.000209634731
v 0.000125215069 0.000406362436 7.49545652E-05
v 8.10408383E-05 0.000387820677 6.95167109E-05
v 0.000121972771 0.000404705614 0.00035404737
v 7.76429297E-05 0.000384996412 0.000348810223
v 0.000118249227 0.000403488782 0.000633707561
v 7.43331548E-05 0.000382282567 0.000627896632
v 0.000114930175 0.000400379737 0.000912779535
v 7.08469161E-05 0.000378821103 0.000907066802
v 0.000110990775 0.000400146411 0.00119216531
v 6.72755486E-05 0.000374024268 0.00118618854
v 0.000107321168 0.000397297874 0.00147129758
v 6.3649386E-05 0.00036954775 0.00146540103
v 0.000103338774 0.00039689205 0.00175052881
v 6.00529274E-05 0.000365107902 0.0017445744
v 9.94196453E-05 0.000396041112 0.002029564
v 5.6513727E-05 0.000360079983 0.00202349923
v 9.45494321E-05 0.000398359611 0.00230950327
v 5.26742442E-05 0.000356512319 0.00230294932
v 8.99661027E-05 0.000398190197 0.00258893007
v 4.88874175E-05 0.000351232273 0.00258177845
v 8.577892E-05 0.000394969364 0.00286774803
v 4.44895486E-05 0.00034718684 0.00286097778
v 8.25548341E-05 0.000360417733 0.00314431358
v 3.96394389E-05 0.000336116325 0.00313680014
v 0.000124383674 0.000408787979 0.00315732299
v 0.000131267123 0.000397973461 0.00287386985
v 0.000117470277 0.000403822167 0.00343632721
v 7.63303105E-05 0.000336234982 0.00341930683
v 3.61617967E-05 0.000323921558 0.00341291213
v 5.65263326E-05 0.000436980423 0.00367046101
v 2.25811309E-05 0.000330790266 0.0036959853
v 5.98547922E-05 0.000380269979 0.00394024886
v 6.58953941E-05 0.000139860756 -0.0013276001
v 6.33905875E-05 0.000155082336 -0.0010486641
v 2.00344475E-05 0.000123929553 -0.00105081405
v 1.82142194E-05 0.000130495988 -0.000771638646
v -1.94436561E-05 -0.000545456191 7.74683067E-05
v 2.55488922E-05 -0.000547010975 0.000357174606
v 2.51213223E-05 -0.000546186639 7.75747758E-05
v -1.92265597E-05 -0.000542876835 0.000357765326
v 2.60370925E-05 -0.000547651143 0.000636884244
v -1.84627952E-05 -0.000540847599 0.000637093326
v 2.67544492E-05 -0.000548310927 0.000916416524
v -1.84627952E-05 -0.000540847599 0.000637093326
v -1.77666116E-05 -0.000536067528 0.000917303259
v 2.67544492E-05 -0.000548310927 0.000916416524
v 2.75298407E-05 -0.000548226875 0.0011960651
v -1.6725593E-05 -0.000530887686 0.00119675696
v 2.83459522E-05 -0.000547201314 0.0014757131
v -1.59177689E-05 -0.000522726332 0.00147719623
v 2.90037879E-05 -0.000544752751 0.0017557129
v -1.426568E-05 -0.000516499509 0.00175593398
v 2.99779385E-05 -0.00054209301 0.00203503645
v -1.39584881E-05 -0.000506960205 0.00203651981
v 3.03338838E-05 -0.00053546339 0.00231516757
v -1.21649109E-05 -0.000500829832 0.00231441646
v 3.10348441E-05 -0.000530229358 0.00259426562
v -1.16927677E-05 -0.000488293415 0.00259546191
v 3.21514635E-05 -0.000520526257 0.00287312199
v -1.05430299E-05 -0.000479480572 0.00287442142
v 3.31890151E-05 -0.000521268463 0.00314937532
v -1.37964025E-06 0.000512730156 0.0017382165
v 1.29134205E-05 0.000392411894 0.00201907218
v 1.65771708E-05 0.000392709626 0.00173930789
v 5.6513727E-05 0.000360079983 0.00202349923
v 6.00529274E-05 0.000365107902 0.0017445744
v 5.26742442E-05 0.000356512319 0.00230294932
v 1.98143989E-05 0.000394532632 0.00146034581
v 9.78125718E-06 0.000391878246 0.00229802472
v 6.3649386E-05 0.00036954775 0.00146540103
v 4.88874175E-05 0.000351232273 0.00258177845
v 6.1446658E-06 0.000393048045 0.00257791625
v 4.44895486E-05 0.00034718684 0.00286097778
v 2.32255734E-05 0.000396416784 0.00118117721
v 6.72755486E-05 0.000374024268 0.00118618854
v 2.66653533E-05 0.000398288394 0.000901962747
v 7.08469161E-05 0.000378821103 0.000907066802
v 3.00452612E-05 0.000400310993 0.000622845138
v 7.43331548E-05 0.000382282567 0.000627896632
v 3.33991047E-05 0.000402413105 0.000343695458
v 7.76429297E-05 0.000384996412 0.000348810223
v 3.6672056E-05 0.000404706137 6.45977852E-05
v 8.10408383E-05 0.000387820677 6.95167109E-05
v 3.99380951E-05 0.000407208805 -0.000214593514
v 8.42808367E-05 0.000390890113 -0.000209634731
v 4.31403241E-05 0.00041000577 -0.000493710511
v 8.75273909E-05 0.000393828523 -0.000488873629
v 4.62439493E-05 0.000412749418 -0.00077290897
v 9.05375418E-05 0.000396285002 -0.00076806359
v 4.92862055E-05 0.000415764691 -0.0010520994
v 9.36346551E-05 0.00039860027 -0.00104741263
v 5.22997761E-05 0.000418807642 -0.00133138953
v 9.65697327E-05 0.00040103143 -0.00132670591
v 5.52472047E-05 0.000421906763 -0.00161065918
v 9.95132286E-05 0.000403437414 -0.00160605414
v 3.29058494E-05 -0.000323770626 0.00257848902
v 4.19473836E-05 -0.000333301083 0.00285545224
v -2.51876622E-06 -0.000346646557 0.00286934036
v 6.29251463E-06 -0.000338846148 0.00314599765
v 5.13308005E-05 -0.000343805499 0.00313353632
v 2.00369359E-05 -0.000331643678 0.0034231015
v 8.15571184E-05 -0.000785066164 0.00258546649
v 3.49114816E-05 -0.000774638553 0.00286219805
v 3.62662504E-05 -0.00078374811 0.00258058216
v 7.87562894E-05 -0.000798240537 0.00286370097
v 3.48070134E-05 -0.000774916611 0.00314093125
v 7.68485552E-05 -0.000817289983 0.00314118597
v 3.37648271E-05 -0.000772740226 0.00341905467
v 7.62839845E-05 -0.000827055483 0.00342318229
v 5.52805177E-05 0.000567848678 0.00284501282
v 6.83142571E-05 0.000539596309 0.00311943679
v 2.41671587E-05 0.00051677291 0.00313461735
v 4.01344514E-05 0.000477677095 0.00340610975
v 8.11269711E-05 0.000515177555 0.0033929958
v 2.50159264E-05 -0.00100505061 0.00286209676
v 3.05783142E-05 -0.000995828072 0.00314012752
v 7.23972189E-05 -0.00103793561 0.00313402829
v 8.00475173E-05 -0.00100440567 0.00341025856
v 3.66601889E-05 -0.000980981044 0.00341875665
v 8.80370571E-05 -0.000978594413 0.00368362153
v 4.30843829E-05 -0.000982562779 0.00369745097
v 5.98445622E-05 -0.000947889755 0.00394022977
v 7.35095891E-05 -0.000240425463 0.00312503963
v 9.47335648E-05 -0.00024484389 0.00340227038
v 4.78920992E-05 -0.000243013259 0.00338707585
v 4.10075481E-05 -0.000255336257 0.00366744422
v 8.77955972E-05 -0.000211895589 0.00367916515
v 5.98497172E-05 -0.000220531569 0.00394023955
v 8.11269711E-05 0.000515177555 0.0033929958
v 8.83641842E-05 0.000595429796 0.00367443799
v 3.97879558E-05 0.000583650894 0.00366960675
v 5.98567676E-05 0.0006018969 0.00394025305
v 0.000136261762 0.000291967095 0.00344178104
v 0.000112745962 0.000265369657 0.00371110649
v 7.30357788E-05 0.000241839938 0.00366630219
v 5.98531442E-05 0.000191091589 0.00394024653
v 6.85601481E-05 3.53686592E-05 0.0034084355
v 5.14384265E-05 0.000125932143 0.00366030773
v 6.65944972E-05 3.14037243E-05 0.00366706843
v 5.98518309E-05 3.6733094E-05 0.00394024374
v 5.98522674E-05 8.81855376E-05 0.00394024467
v 2.76874343E-05 0.000115950868 0.00342690572
v 6.65944972E-05 3.14037243E-05 0.00366706843
v 2.0864416E-05 -7.18224646E-06 0.0036899494
v 5.9851398E-05 -1.47202481E-05 0.00394024281
v 2.00369359E-05 -0.000331643678 0.0034231015
v 5.74272053E-05 -0.000357205601 0.00367258932
v 1.3871444E-05 -0.000372291135 0.00370177766
v 5.98489169E-05 -0.000323437416 0.00394023815
v 9.29359885E-05 -0.000715114933 0.0034171294
v 9.88328466E-05 -0.000723826117 0.00369967334
v 5.31909573E-05 -0.000720808341 0.00366005767
v 5.98460392E-05 -0.000717347779 0.0039402321
v -4.16444636E-05 -0.00162162737 -0.00475131487
v 3.24408767E-08 -0.00157725613 -0.00474852556
v -6.97648647E-06 -0.00156941917 -0.00448023807
v -4.8605325E-05 -0.00161573803 -0.0044838367
v -6.28175039E-05 -0.00173019373 -0.00476059085
v -1.16787705E-05 -0.00156307826 -0.00420687301
v -7.02703765E-05 -0.00172381185 -0.00449503725
v -5.39893954E-05 -0.00185077265 -0.00477263192
v -5.31904006E-05 -0.00161137909 -0.00421113661
v -1.26028899E-05 -0.0015603085 -0.00392666599
v -6.40602375E-05 -0.00184368307 -0.0045095589
v -2.54827009E-05 -0.00193852501 -0.00478176773
v -7.50971303E-05 -0.00171894685 -0.00422377791
v -5.37779306E-05 -0.00161066896 -0.00393126393
v -9.08708535E-06 -0.00156205834 -0.00363889569
v -3.8659753E-05 -0.00193457003 -0.00452130288
v 1.19335364E-05 -0.00199491251 -0.00478698593
v -7.10823733E-05 -0.00183813612 -0.00424010307
v -7.52878186E-05 -0.00171842554 -0.00394420419
v -4.95927488E-05 -0.00161468668 -0.0036432487
v -2.16128319E-06 -0.00156748062 -0.00334548042
v -3.35268078E-06 -0.00199508015 -0.00452873623
v 5.30536745E-05 -0.00203007134 -0.00478902552
v -4.85780729E-05 -0.0019317012 -0.00425399095
v -7.24693527E-05 -0.00183746731 -0.00396096054
v -6.97413052E-05 -0.0017234952 -0.00365492189
v -4.1712261E-05 -0.00162246474 -0.00334909931
v 5.98636279E-06 -0.00157448731 -0.00305029633
v 3.6909867E-05 -0.00203090091 -0.00453203125
v 9.57369048E-05 -0.00205273926 -0.00478898734
v -1.5403808E-05 -0.0019963088 -0.00426340103
v -5.21083675E-05 -0.00193405931 -0.0039757113
v -6.66514388E-05 -0.00184359937 -0.00366989267
v -5.974538E-05 -0.00173309026 -0.00335826818
v -3.25464534E-05 -0.00163172802 -0.00305301812
v 1.34911925E-05 -0.00158129539 -0.00275653321
v 7.95090455E-05 -0.0020489681 -0.00453222636
v 0.000138780582 -0.00207325653 -0.00478808675
v 2.39796482E-05 -0.0020333787 -0.004267863
v -2.06734803E-05 -0.00200317358 -0.00398623338
v -4.71787935E-05 -0.0019439084 -0.00368342968
v -5.52654237E-05 -0.00185494195 -0.00336991693
v -4.82972246E-05 -0.00174426101 -0.0030595602
v -2.4127512E-05 -0.00164050923 -0.00275851041
v 1.95061057E-05 -0.00158701953 -0.00246566744
v -1.73656572E-05 -0.00164792594 -0.00246710819
v 2.39514011E-05 -0.00159155752 -0.00217770552
v -3.78348559E-05 -0.00175475003 -0.00276296376
v -4.21197037E-05 -0.00186792086 -0.00306776841
v -3.56449455E-05 -0.00195955345 -0.00338056032
v -1.66252921E-05 -0.00201861165 -0.0036933322
v -1.23161926E-05 -0.00165388233 -0.00217882125
v 2.70822147E-05 -0.00159508327 -0.00189220917
v -2.93477806E-05 -0.00176346244 -0.00247019692
v -3.01923756E-05 -0.00187956879 -0.0027686453
v -2.22137387E-05 -0.0019764842 -0.00307545904
v -8.68107963E-06 -0.00165866339 -0.00189311244
v 2.91489469E-05 -0.00162890123 -0.00160864228
v -2.28036042E-05 -0.00177047378 -0.00218107528
v -2.04677453E-05 -0.00188891171 -0.00247423304
v -6.14730789E-06 -0.00168726733 -0.00160938152
v 3.06303082E-05 -0.00163046666 -0.00132619299
v -1.7800221E-05 -0.00177608978 -0.00189489021
v -4.24573636E-06 -0.0016900535 -0.00132684014
v 3.16298683E-05 -0.00163029903 -0.00104464125
v -5.33404E-06 -0.00204057386 -0.00338848936
v -1.02912873E-05 -0.00199139235 -0.0027741252
v -1.28057709E-05 -0.0018959851 -0.00218419661
v -1.38828664E-05 -0.00179005309 -0.00161085417
v -2.79722667E-06 -0.0016915485 -0.00104519189
v 3.23107088E-05 -0.00162981101 -0.000763688819
v 7.7994182E-06 -0.00206389767 -0.00308127399
v -9.28754957E-07 -0.0020032085 -0.00247835927
v -6.6388061E-06 -0.00190123543 -0.0018975524
v -1.06838952E-05 -0.00179361796 -0.00132823992
v -1.47886044E-06 -0.00169312931 -0.000764181314
v 3.2816668E-05 -0.00162909867 -0.000483173935
v 1.89083639E-05 -0.00208476535 -0.00277846097
v 6.17844034E-06 -0.00201221881 -0.0021875368
v -1.33828996E-06 -0.00190503639 -0.00161335059
v -7.13203826E-06 -0.00179639738 -0.00104671263
v 2.02502317E-08 -0.00169519929 -0.000483693613
v 3.32535601E-05 -0.00162830902 -0.000202939598
v 2.69627308E-05 -0.00210210937 -0.00248180004
v 1.16176134E-05 -0.00201908941 -0.0019004955
v 4.71753401E-06 -0.00190627261 -0.00133109046
v -2.11691713E-06 -0.00179939659 -0.000765930454
v 1.84300484E-06 -0.00169811712 -0.000203522955
v 3.38126374E-05 -0.00162818015 7.6923614E-05
v 3.23475324E-05 -0.00211617863 -0.00219050655
v 1.62219585E-05 -0.00202413439 -0.00161616551
v 1.41625369E-05 -0.00190259109 -0.00105074816
v 3.68793872E-06 -0.00180239254 -0.000485771918
v 3.88369654E-06 -0.00170340866 7.71213236E-05
v 3.41157356E-05 -0.00162976724 0.000357378565
v 3.58311408E-05 -0.0021276304 -0.00190316967
v 2.37108252E-05 -0.00202371855 -0.00133415114
v 2.35853549E-05 -0.00189838454 -0.000771422696
v 1.03165075E-05 -0.0018050028 -0.000206174955
v 6.30351406E-06 -0.00170717249 0.000355647906
v 3.49376569E-05 -0.00163096993 0.000636815326
v 3.8044851E-05 -0.00213724258 -0.00161860522
v 3.57166609E-05 -0.00201597437 -0.00105498172
v 3.29697541E-05 -0.00189389463 -0.00049262133
v 1.68934457E-05 -0.00180630828 7.22943805E-05
v 9.7160455E-06 -0.00171518675 0.000636582437
v 3.56738055E-05 -0.00163447764 0.000917100348
v 3.96004689E-05 -0.00214488711 -0.0013359834
v 4.578058E-05 -0.00201099878 -0.000775853987
v 4.22191879E-05 -0.00188921706 -0.000214260406
v 2.44185594E-05 -0.00181078375 0.000352310162
v 1.29852442E-05 -0.0017219506 0.000915124081
v 3.67433677E-05 -0.00163852854 0.00119660713
v 4.33959067E-05 -0.0021441693 -0.00105449266
v 5.51697594E-05 -0.00200650003 -0.000497155299
v 5.13939376E-05 -0.00188569759 6.44111788E-05
v 3.11680269E-05 -0.00181222463 0.00063019339
v 1.68983734E-05 -0.00173261471 0.00119552971
v 3.75725976E-05 -0.00164511695 0.00147708401
v 4.82631367E-05 -0.00214078929 -0.000774193846
v 6.40418002E-05 -0.00200293539 -0.000218564062
v 5.96015088E-05 -0.0018830779 0.000342664571
v 3.79343619E-05 -0.00181648904 0.000909237249
v 2.05759752E-05 -0.00173888518 0.00147316174
v 3.9238832E-05 -0.00164988113 0.00175584923
v 5.24464231E-05 -0.00213614688 -0.00049448089
v 7.22836703E-05 -0.00199993141 5.98432234E-05
v 6.81997553E-05 -0.00188053725 0.000621114741
v 4.3968801E-05 -0.00181920535 0.00118710159
v 2.51979545E-05 -0.00175051088 0.00175359286
v 3.95567986E-05 -0.00165277906 0.00203645485
v 5.68462056E-05 -0.00213100458 -0.000215156033
v 8.04914525E-05 -0.00199769973 0.000338086393
v 7.57511443E-05 -0.00187904341 0.000899416802
v 5.12290862E-05 -0.00182529609 0.0014667958
v 3.0150466E-05 -0.00175505085 0.00203182781
v 4.13591551E-05 -0.00164287339 0.00231436663
v 6.21076251E-05 -0.00212558522 6.33862364E-05
v 8.81927263E-05 -0.00199657935 0.000616683858
v 8.3630548E-05 -0.00187843258 0.0011781943
v 5.84036061E-05 -0.00182625616 0.00174473994
v 3.51728777E-05 -0.00175385759 0.00231271842
v 4.18367308E-05 -0.00163098064 0.00259542349
v 6.71624002E-05 -0.00212243292 0.000342860265
v 9.50062167E-05 -0.00199661986 0.000895298901
v 9.05708366E-05 -0.00187894597 0.00145658909
v 6.66801134E-05 -0.00182328082 0.00202340563
v 4.15274808E-05 -0.00173939532 0.00258985697
v 4.29907304E-05 -0.00165189744 0.00287439069
v 7.14796697E-05 -0.00211704266 0.000621446641
v 0.000101670295 -0.00199636165 0.00117355818
v 9.85028673E-05 -0.00187779462 0.00173458888
v 7.44220524E-05 -0.00180475076 0.00230072765
v 5.10122954E-05 -0.00175238517 0.00286930357
v 4.24526188E-05 -0.00165055296 0.00315879937
v 8.64290778E-05 -0.00176912837 0.00257843989
v 5.9827169E-05 -0.00174053735 0.00314596924
v 4.93812586E-05 -0.00163681165 0.00343642477
v 8.52402081E-05 -0.00157936837 0.00343509135
v 7.35748254E-05 -0.00172273954 0.00342307868
v 8.22289658E-05 -0.00158142985 0.00370794022
v 0.00010639675 -0.00187491835 0.00201237528
v 0.000114305745 -0.00186484435 0.00229179696
v 6.74129769E-05 -0.00167786074 0.00370176067
v 0.000113391689 -0.00167154917 0.00394022325
v 0.000113391849 -0.00162463135 0.00394022372
v 0.00011339155 -0.00171618036 0.00394022325
v 0.000120643541 -0.00184705236 0.00257038209
v 9.54772913E-05 -0.00176112587 0.00285541429
v 0.000127235326 -0.00183736323 0.00284882309
v 0.000104865998 -0.00173460366 0.00313350698
v 0.000101428181 -0.00180099451 0.00338705
v 0.000110968351 -0.00168910832 0.00367257209
v 0.000113391397 -0.00176306756 0.00394022278
v 0.000127041407 -0.00182177685 0.0031250061
v 9.45467109E-05 -0.00177974603 0.00366742373
v 0.000113391266 -0.00181326887 0.00394022232
v 0.000141334895 -0.00182349689 0.00367914396
v 0.000113391121 -0.00186725333 0.00394022232
v 0.000148269843 -0.00179831451 0.00340224477
v 9.84145154E-05 -0.00187855761 0.00366250169
v 0.00011339099 -0.00192336494 0.00394022232
v 0.000131083172 -0.00190876063 0.00340500358
v 0.000136620132 -0.00195697788 0.0031297924
v 0.000131777488 -0.00196315092 0.00284717046
v 0.000119124757 -0.00198956183 0.0036565878
v 0.000113390874 -0.00197961018 0.00394022185
v 8.74008692E-05 -0.001969598 0.0033993714
v 9.97489697E-05 -0.00203155121 0.00312819704
v 7.44011995E-05 -0.00204360113 0.00368992309
v 0.000113390772 -0.00203596149 0.00394022185
v 5.72165445E-05 -0.00207238505 0.00341633498
v 0.000120129953 -0.00208580866 0.00366704096
v 0.000113390684 -0.00209238916 0.00394022185
v 8.12184444E-05 -0.0021818704 0.0034268701
v 8.1191276E-05 -0.00222241064 0.00314767286
v 5.82547764E-05 -0.00209245132 0.00313277589
v 8.20671485E-05 -0.00225121318 0.00286509655
v 0.000104973231 -0.00218958361 0.00366027816
v 0.000113390619 -0.00214886386 0.00394022139
v 0.000122092068 -0.00209414563 0.00340840151
v 0.000160709227 -0.0021296062 0.00342010288
v 0.000165262274 -0.00213013729 0.00314372079
v 5.99445593E-05 -0.00212891772 0.00285663712
v 8.29058772E-05 -0.00227999454 0.00258432701
v 9.32526455E-05 -0.00203281734 0.00285088806
v 6.15826502E-05 -0.00216061273 0.00257784897
v 8.53845631E-05 -0.00230398751 0.00230542989
v 9.01748499E-05 -0.00205317838 0.00257231714
v 6.27366462E-05 -0.00218553259 0.00229766127
v 8.77330822E-05 -0.00231509586 0.00202555396
v 0.000127799591 -0.00198035035 0.00256793015
v 6.30148061E-05 -0.00220863055 0.00202089292
v 9.04056724E-05 -0.00232475367 0.00174695789
v 8.79268337E-05 -0.00207821163 0.00229428033
v 0.000123416467 -0.00199490669 0.00228904793
v 6.42562154E-05 -0.00221426575 0.00173926644
v 9.25694258E-05 -0.00232893834 0.00146605342
v 8.71673474E-05 -0.00209187809 0.00201391336
v 0.000118924952 -0.00200451538 0.00201112335
v 6.52013405E-05 -0.00222888915 0.00146285095
v 9.57345183E-05 -0.00233590836 0.00118800707
v 8.44070673E-05 -0.00210121297 0.00173653767
v 0.000113625319 -0.00200128998 0.00173141516
v 6.5723485E-05 -0.00223242771 0.00118095311
v 9.78910975E-05 -0.00233508646 0.000906803936
v 8.21716021E-05 -0.0021041797 0.00145658525
v 0.000107628061 -0.00199859496 0.00145232887
v 8.02441282E-05 -0.00211213692 0.0011787737
v 6.62384336E-05 -0.00224598451 0.000904438726
v 0.00010080215 -0.00233723084 0.000628053094
v 7.95645028E-05 -0.00211572647 0.000898292987
v 6.76789496E-05 -0.0022447065 0.000623059692
v 0.000103294064 -0.00233210716 0.000347050867
v 6.83871694E-05 -0.00225194544 0.000344985485
v 0.00010604925 -0.00232541491 6.77163625E-05
v 6.84695333E-05 -0.00225652126 6.61201775E-05
v 0.000108769462 -0.00231792359 -0.000211858278
v 6.89602384E-05 -0.00225579995 -0.000214402302
v 0.000110979177 -0.0023069731 -0.000492122606
v 6.95721174E-05 -0.00225625769 -0.000494204753
v 0.000113136884 -0.00229341444 -0.00077215588
v 7.00700839E-05 -0.00225373218 -0.000774772314
v 0.000114429029 -0.0022772036 -0.00105330616
v 7.11077009E-05 -0.00224603713 -0.00105539069
v 0.000115745184 -0.00226039323 -0.00133443146
v 7.19238233E-05 -0.00223493995 -0.00133695151
v 0.000116321404 -0.00224243733 -0.00161685341
v 7.21602191E-05 -0.00222075847 -0.00161976786
v 0.000115814983 -0.00222331588 -0.00190121378
v 7.15304268E-05 -0.00220515183 -0.00190425746
v 0.000113790164 -0.00220279978 -0.00218834938
v 6.94053524E-05 -0.00218748837 -0.00219153753
v 0.00010949756 -0.00218038936 -0.00247966335
v 6.50881848E-05 -0.00216722162 -0.00248289597
v 0.000102103273 -0.00215555029 -0.00277673663
v 5.77683822E-05 -0.00214380911 -0.00277984818
v 9.10762974E-05 -0.00212808955 -0.00308065698
v 4.69530678E-05 -0.00211706734 -0.00308339228
v 7.73924403E-05 -0.00209918432 -0.0033898335
v 3.36999401E-05 -0.0020882762 -0.00339178741
v 6.52276285E-05 -0.00207289797 -0.00369701372
v 2.21066803E-05 -0.00206149905 -0.00369790732
v 6.07683141E-05 -0.00205512834 -0.00399127835
v 1.81088817E-05 -0.00204250705 -0.00399128953
v 6.65062107E-05 -0.00204822444 -0.00426815543
v 0.000109872512 -0.00205670204 -0.00426684693
v 0.000104489787 -0.00205863314 -0.00398915634
v 0.000122692465 -0.00206311024 -0.00453128386
v 0.000180743475 -0.00210625189 -0.0047877091
v 0.000164450088 -0.00209356472 -0.00453148037
v 0.000215943262 -0.00217766711 -0.00478926115
v 0.000151719738 -0.00208349922 -0.00426715612
v 0.000198818976 -0.00216462556 -0.00453431858
v 0.000228965073 -0.00229854439 -0.00479245139
v 0.000146759339 -0.00208159466 -0.00398895284
v 0.000109426583 -0.00207197713 -0.00369375199
v 0.000210682061 -0.00228499342 -0.00453905249
v 0.000208575628 -0.00241364702 -0.00479509356
v 0.000185471086 -0.00215387391 -0.0042710281
v 0.00015252232 -0.0020910704 -0.00369227305
v 0.000121970515 -0.00209402316 -0.00338551681
v 0.000189870596 -0.00239969697 -0.00454214076
v 0.000169244362 -0.00247201207 -0.0047976193
v 0.000196406429 -0.00227407366 -0.00427687261
v 0.000180602627 -0.00215134397 -0.00399282621
v 0.000165883539 -0.00210900605 -0.00338270306
v 0.00013578184 -0.00211860379 -0.00307565066
v 0.000150613021 -0.00245768693 -0.00454447372
v 0.000126019368 -0.00249670539 -0.00480038114
v 0.000175307345 -0.00238844217 -0.00428032083
v 0.000191158804 -0.00227173185 -0.00399892777
v 0.000187213009 -0.00216030539 -0.00369500741
v 0.000180218922 -0.00212910282 -0.00307192467
v 0.000146722785 -0.00214175205 -0.00277133984
v 0.000191432759 -0.0021473472 -0.0027670369
v 0.000107454951 -0.00248062774 -0.00454697805
v 8.36865001E-05 -0.00252876803 -0.00480225729
v 0.000136067902 -0.00244588405 -0.00428249594
v 0.000169925072 -0.00238603936 -0.00400235085
v 0.000198157344 -0.00228165952 -0.00370006054
v 0.000201860603 -0.002177699 -0.00338366837
v 0.000217363267 -0.00219663 -0.0030714646
v 6.52348535E-05 -0.0025106289 -0.00454844348
v 4.69379265E-05 -0.00259524514 -0.00480129523
v 9.29359958E-05 -0.0024669366 -0.00428491132
v 0.00013056137 -0.0024425115 -0.00400463725
v 0.000176795889 -0.00239575747 -0.00370346545
v 0.000213521242 -0.00230009831 -0.0033872549
v 0.000229496582 -0.00221307995 -0.00276565598
v 0.000198711772 -0.0021628188 -0.00246936176
v 2.92863206E-05 -0.00257847412 -0.0045464295
v 2.26812481E-05 -0.00267009577 -0.00479800254
v 5.08142402E-05 -0.002495358 -0.00428611925
v 8.72610763E-05 -0.00246147159 -0.00400729803
v 0.000136971663 -0.0024507374 -0.00370629202
v 0.000191911924 -0.0024139313 -0.00339065911
v 0.000229627112 -0.00231996668 -0.00307379686
v 0.000237551852 -0.00222622068 -0.0024673827
v 0.000202758049 -0.00217595603 -0.00217752578
v 0.000242126582 -0.00233687903 -0.00276731374
v 0.000207702105 -0.0024332446 -0.00307734124
v 0.000151475324 -0.00246692495 -0.00339426589
v 9.325664E-05 -0.00246725488 -0.00370965293
v 0.000242202179 -0.00223661656 -0.00217524217
v 0.000204397438 -0.00218738406 -0.00189000485
v 0.000250380399 -0.0023501718 -0.00246876618
v 0.000219864509 -0.00244958652 -0.00277095032
v 0.000166704645 -0.00248405756 -0.00308149215
v 0.000244406488 -0.00224517006 -0.00188745477
v 0.000204401644 -0.00219766516 -0.0016053532
v 0.000255228864 -0.00236063055 -0.0021764494
v 0.000227752316 -0.00246247416 -0.00247235759
v 0.000244889437 -0.00225253496 -0.00160262315
v 0.000203323478 -0.00220719748 -0.00132260274
v 0.000257701759 -0.00236902316 -0.0018886223
v 0.000244322 -0.00225945399 -0.0013195303
v 0.000201489675 -0.00221634214 -0.00104114355
v 0.000107295731 -0.0024808317 -0.00339837652
v 0.000178395407 -0.00249813637 -0.00277535035
v 0.000232248276 -0.00247235876 -0.00218006037
v 0.00025857889 -0.00237669121 -0.00160342152
v 0.000242847105 -0.00226518349 -0.00103813061
v 0.000199199916 -0.00222474337 -0.000760552182
v 0.000122208075 -0.00249535893 -0.00308606587
v 0.000185926197 -0.0025083567 -0.00247698207
v 0.000234259292 -0.00248026475 -0.00189215597
v 0.00025841163 -0.00238208193 -0.0013209075
v 0.000234741601 -0.00248615979 -0.00160747732
v 0.000233816609 -0.00249256659 -0.00132397725
v 0.000190037783 -0.00251553021 -0.00218475494
v 0.000191795189 -0.0025204902 -0.00189702061
v 0.000145293074 -0.00251883571 -0.00218968745
v 0.000141183104 -0.0025143628 -0.0024818501
v 0.000133751833 -0.00250674551 -0.00278017414
v 7.84824151E-05 -0.00251779705 -0.00309001165
v 0.00025742827 -0.00238870992 -0.00103869103
v 0.000232399078 -0.00249670609 -0.001042519
v 0.000256060885 -0.00239314092 -0.000758098264
v 0.000230282487 -0.00250127306 -0.000761358708
v 0.000241023823 -0.00227090251 -0.0007572209
v 0.000196589084 -0.00223297835 -0.000480561866
v 0.000238796711 -0.00227571768 -0.000477212772
v 0.00019386012 -0.00224041613 -0.000200971903
v 0.000254191633 -0.00239940826 -0.000477047492
v 0.000228263583 -0.00250387308 -0.000481623545
v 0.000236639098 -0.00228112913 -0.000196904148
v 0.000191252038 -0.0022477007 7.87662502E-05
v 0.000252286409 -0.0024017063 -0.000198118185
v 0.000225130978 -0.00250928313 -0.000200438051
v 0.000233983228 -0.0022844614 8.21059366E-05
v 0.000188320424 -0.00225388608 0.000357864745
v 0.000249844015 -0.00240765605 8.27512704E-05
v 0.000222250659 -0.00251055718 7.89143669E-05
v 0.000231466649 -0.0022884889 0.000361811515
v 0.000185525874 -0.0022579988 0.000636966957
v 0.000247477525 -0.00240972196 0.000361730927
v 0.000218994537 -0.00251318072 0.00035891938
v 0.000228986246 -0.00229075272 0.000640770246
v 0.000182628355 -0.00226120045 0.000915777346
v 0.000244650553 -0.0024149972 0.000642438245
v 0.000216319764 -0.00251361961 0.000637725578
v 0.00022665062 -0.0022946212 0.000921183557
v 0.000180262243 -0.00226394623 0.00119538978
v 0.00024196392 -0.00241434481 0.000920313585
v 0.000212349856 -0.00251766387 0.000918507751
v 0.000223353723 -0.0022944503 0.00119913707
v 0.00017733626 -0.0022636354 0.00147374847
v 0.000238593828 -0.00241901283 0.00120144302
v 0.000208927784 -0.00251678494 0.00119752507
v 0.000221063354 -0.00229606405 0.0014792101
v 0.000174742469 -0.00225978135 0.00175241486
v 0.000235215339 -0.00241868338 0.00148042035
v 0.000205122298 -0.00251770904 0.00147730357
v 0.000218286994 -0.00229443936 0.00175819709
v 0.00017208037 -0.00225217897 0.00203082571
v 0.000230922305 -0.00242051599 0.00176085019
v 0.000201486546 -0.00251732999 0.00175642944
v 0.000214978747 -0.00229407405 0.0020378076
v 0.00016972977 -0.00223607989 0.00230948254
v 0.000226742486 -0.00241833972 0.00203980366
v 0.00019725629 -0.00251793256 0.00203616242
v 0.000211128252 -0.00228589121 0.00231637852
v 0.000167442209 -0.00220423425 0.0025866495
v 0.000221565977 -0.00241604075 0.00232022069
v 0.000193576299 -0.00251676841 0.0023147196
v 0.000207103876 -0.00227076397 0.00259611034
v 0.00016597686 -0.00216782279 0.00286532077
v 0.000214716172 -0.00240373472 0.00259952154
v 0.000189339669 -0.00251344149 0.00259391894
v 0.00020125501 -0.00225153356 0.00287481118
v 0.00020723771 -0.00238804007 0.00287882332
v 0.000184781326 -0.00250711641 0.00287380186
v 0.00019308312 -0.00223847665 0.00315318815
v 0.000199655769 -0.00237083482 0.00315577025
v 0.000177905022 -0.00250847358 0.00315726898
v 0.000158511 -0.00227117212 0.00340153859
v 0.000155342976 -0.00219534128 0.00369382906
v 0.000189791201 -0.00237425347 0.00344174099
v 0.00017099762 -0.00249612494 0.00343628461
v 0.000126569328 -0.00231678388 0.00366627029
v 0.00016627986 -0.0023426821 0.00371107506
v 0.00013046457 -0.0024023822 0.00366870896
v 0.000113390561 -0.00220535696 0.00394022139
v 0.000113390517 -0.00226184027 0.00394022139
v 0.000113390488 -0.00231828215 0.00394022139
v 0.000113390466 -0.00237465603 0.00394022139
v 0.000110057859 -0.00251137465 0.00367042492
v 0.000129858177 -0.00242278026 0.00341926515
v 0.000113390466 -0.00243540574 0.00394022139
v 8.45323011E-05 -0.00162746303 -0.0047535724
v 0.000127492865 -0.00165192212 -0.00475583039
v 0.000119179953 -0.0016429252 -0.00448941626
v 7.66919256E-05 -0.00161830778 -0.00448649889
v 4.3680091E-05 -0.00159010093 -0.00475015026
v 0.000113426584 -0.00163553143 -0.00421732292
v 3.64673397E-05 -0.00158120424 -0.00448221155
v 3.24408767E-08 -0.00157725613 -0.00474852556
v -6.97648647E-06 -0.00156941917 -0.00448023807
v 7.13612462E-05 -0.001610587 -0.00421389844
v 0.000112117435 -0.00163227529 -0.00393724022
v 3.16437108E-05 -0.00157369417 -0.00420901366
v -1.16787705E-05 -0.00156307826 -0.00420687301
v 7.02698671E-05 -0.00160670048 -0.00393365975
v 0.000116192976 -0.00163440639 -0.00364800706
v 3.07502669E-05 -0.00156979053 -0.00392870046
v -1.26028899E-05 -0.0015603085 -0.00392666599
v 7.42321718E-05 -0.00160782214 -0.00364481332
v 0.00012437065 -0.00164080458 -0.00335200084
v 3.44801483E-05 -0.00157055969 -0.00364052574
v -9.08708535E-06 -0.00156205834 -0.00363889569
v 8.20357964E-05 -0.0016130493 -0.00334965042
v 0.000133852038 -0.00164880103 -0.00305415899
v 4.17233932E-05 -0.00157516415 -0.00334653212
v -2.16128319E-06 -0.00156748062 -0.00334548042
v 9.10949966E-05 -0.00161997648 -0.00305273337
v 0.000142387697 -0.00165625499 -0.00275835185
v 5.01716531E-05 -0.00158143474 -0.00305080507
v 5.98636279E-06 -0.00157448731 -0.00305029633
v 9.93092035E-05 -0.00162655255 -0.00275766128
v 0.000149094747 -0.00166223897 -0.00246619061
v 5.78981453E-05 -0.00158754201 -0.00275664404
v 1.34911925E-05 -0.00158129539 -0.00275653321
v 0.000105792838 -0.00163180928 -0.00246593915
v 0.000153941059 -0.00166671677 -0.00217745453
v 6.40536527E-05 -0.00159260549 -0.00246553076
v 1.95061057E-05 -0.00158701953 -0.00246566744
v 0.000110549772 -0.00163575925 -0.0021775139
v 0.000157347415 -0.00167000061 -0.0018916314
v 6.85707346E-05 -0.00159651355 -0.00217740447
v 2.39514011E-05 -0.00159155752 -0.00217770552
v 0.000113824717 -0.00163856091 -0.00189170579
v 0.000159492876 -0.00169372885 -0.00160773261
v 7.17568837E-05 -0.00159949891 -0.00189185992
v 2.70822147E-05 -0.00159508327 -0.00189220917
v 0.00011600423 -0.00166645413 -0.00160806766
v 0.000161071846 -0.00169485889 -0.00132537901
v 7.38464514E-05 -0.00163185084 -0.00160825695
v 0.000117511736 -0.001667629 -0.00132563594
v 0.000162083757 -0.00169408228 -0.0010439303
v 7.5340482E-05 -0.0016330448 -0.00132583338
v 0.000118508309 -0.00166703074 -0.001044153
v 0.000162740995 -0.00169313408 -0.000763195043
v 7.63422795E-05 -0.00163244328 -0.00104432146
v 0.00011914935 -0.00166620361 -0.00076333608
v 0.000163092409 -0.00169231952 -0.000482810952
v 7.70379702E-05 -0.00163155841 -0.000763469317
v 0.00011963943 -0.00166524923 -0.000483053474
v 0.000163471515 -0.00169157714 -0.00020302023
v 7.75200824E-05 -0.00163043081 -0.000483021344
v 0.000119943004 -0.0016640824 -0.000202940064
v 0.000163599514 -0.00169157889 7.6784796E-05
v 7.79605398E-05 -0.0016291223 -0.000202914234
v 0.000120251541 -0.0016635611 7.68041646E-05
v 0.000163775141 -0.00169226853 0.000356197765
v 7.83774813E-05 -0.0016278344 7.70298357E-05
v 0.000120461184 -0.00166337134 0.000356505392
v 0.000163803415 -0.00169344491 0.000635722186
v 7.88915131E-05 -0.00162662414 0.000356789562
v 0.000120761688 -0.0016635881 0.000636042794
v 0.000163982681 -0.00169591152 0.00091488054
v 7.94389562E-05 -0.00162555976 0.00063660898
v 0.000121100515 -0.00166435458 0.000915569952
v 0.000164021127 -0.00169955275 0.00119419047
v 8.01973656E-05 -0.00162478641 0.000916217163
v 0.000121563913 -0.00166584598 0.00119500863
v 0.000164207071 -0.00170400157 0.00147320866
v 8.10014899E-05 -0.00162479968 0.001195919
v 0.000121999154 -0.00166875834 0.00147432589
v 0.00016454744 -0.00171001768 0.00175180472
v 8.18384869E-05 -0.0016258239 0.00147560483
v 0.000122084341 -0.00167108828 0.00175430998
v 0.000164230049 -0.00171168323 0.00203141035
v 8.25108509E-05 -0.0016274848 0.00175563153
v 0.000122647441 -0.00167051516 0.00203327602
v 0.000164672208 -0.00170451787 0.00230979151
v 8.34950624E-05 -0.00162465405 0.00203497498
v 0.000122041623 -0.00166339346 0.00231278501
v 0.000163304809 -0.00169016165 0.00259030098
v 8.38588167E-05 -0.00161458307 0.00231512077
v 0.000121948018 -0.00165249535 0.00259048329
v 0.000164119265 -0.00170606456 0.00286730332
v 8.45662653E-05 -0.00159656163 0.00259422977
v 0.00011934834 -0.00167972094 0.00287036016
v 0.000163176999 -0.00169933692 0.00314663304
v 8.56868137E-05 -0.00162012957 0.00287309312
v 0.000121065626 -0.00165231584 0.00314890523
v 0.000155696645 -0.00167481357 0.00342650875
v 8.67278213E-05 -0.00160192535 0.00314935297
v 0.000113198133 -0.00166436634 0.00341702532
v 0.000155368834 -0.00165996142 0.00370785641
v 8.52402081E-05 -0.00157936837 0.00343509135
v 0.000122466416 -0.00158532546 0.00366997719
v 0.000113392023 -0.00157632574 0.00394022418
v 8.22289658E-05 -0.00158142985 0.00370794022
v 0.000170890169 -0.00162485475 -0.00475325901
v 0.000198333626 -0.00154198019 -0.00474557374
v 0.00019101912 -0.00153458863 -0.00447728671
v 0.000190983163 -0.00143955648 -0.00446764613
v 0.00019808556 -0.00144557259 -0.00473746425
v 0.00016947453 -0.00136129931 -0.00446114363
v 0.00017633941 -0.00136573671 -0.00473203696
v 0.000137623225 -0.00130087684 -0.00445732893
v 0.000144032849 -0.00130447221 -0.00472901575
v 0.000102143211 -0.00124937762 -0.0044547827
v 0.000108248503 -0.00125212607 -0.00472707301
v 6.58853314E-05 -0.00119946606 -0.00445261505
v 7.20105381E-05 -0.00120048784 -0.00472536264
v 2.96615053E-05 -0.0011477957 -0.00445052143
v 3.59511723E-05 -0.00114657625 -0.00472364202
v 2.50134108E-05 -0.00114846858 -0.00417445507
v 6.13155207E-05 -0.00119869248 -0.00417673169
v 2.31207414E-05 -0.00114761922 -0.00389462872
v 9.75400108E-05 -0.00124750915 -0.00417913543
v 5.92755787E-05 -0.00119810598 -0.00389687624
v 2.37876375E-05 -0.00114683073 -0.00361118536
v 0.000132810048 -0.00129833131 -0.00418200484
v 9.53384806E-05 -0.00124713359 -0.00389924715
v 5.97002763E-05 -0.0011989607 -0.00361307641
v 2.58586406E-05 -0.00114830479 -0.00332515221
v 0.000164378493 -0.00135797483 -0.00418626051
v 0.000130438173 -0.00129805086 -0.0039020835
v 9.56178264E-05 -0.00124919321 -0.00361505058
v 6.16654725E-05 -0.00120239786 -0.00332638458
v 2.82161818E-05 -0.00115238503 -0.0030380087
v 0.000185868805 -0.00143477332 -0.00419336278
v 0.000162014097 -0.00135722454 -0.00390625838
v 0.00013076434 -0.00130070688 -0.00361738703
v 9.76453593E-05 -0.00125398859 -0.00332762511
v 6.41313818E-05 -0.00120798417 -0.0030384555
v 3.03998931E-05 -0.00115732593 -0.00275103562
v 0.000185958066 -0.00152855751 -0.00420394726
v 0.000162891403 -0.00161665282 -0.00448648958
v 0.000157366594 -0.00160995312 -0.00421417505
v 0.00018394801 -0.00143290684 -0.00391322328
v 0.000184644072 -0.00152596575 -0.00392376492
v 0.000156117589 -0.00160722004 -0.00393409468
v 0.000187760699 -0.00152777671 -0.0036360221
v 6.64836771E-05 -0.00121406862 -0.0027507667
v 3.24303146E-05 -0.00116087997 -0.00246499735
v 0.00016278433 -0.00135965005 -0.00362085388
v 0.000185732759 -0.00143469102 -0.00362679362
v 0.000133174806 -0.00130601518 -0.00332906586
v 0.000100376747 -0.00126057002 -0.00303883874
v 6.84789775E-05 -0.00121908111 -0.00246422482
v 3.44054315E-05 -0.0011619248 -0.00218020589
v 0.00016603859 -0.00136471982 -0.00333135598
v 0.000190401872 -0.00143946288 -0.00333564775
v 0.000136491712 -0.00131277659 -0.0030392718
v 0.000103003214 -0.00126743258 -0.00275039603
v 6.99594093E-05 -0.00122269324 -0.00217916723
v 3.63193176E-05 -0.00116083282 -0.00189663924
v 0.000170356128 -0.00137106818 -0.00304029766
v 0.000194283813 -0.00153312774 -0.00334265828
v 0.000160063908 -0.00160965335 -0.0036452096
v 0.000167976541 -0.00161619938 -0.00334977638
v 0.000139647847 -0.00131971366 -0.00274996902
v 0.000105070583 -0.00127346185 -0.00246332632
v 7.071039E-05 -0.00122574763 -0.00189556018
v 3.80978599E-05 -0.00116555521 -0.00161410612
v 0.000196216934 -0.00144556141 -0.00304286671
v 0.000202024778 -0.00153991603 -0.0030475636
v 0.000177192895 -0.00162430061 -0.00305251824
v 0.000174414934 -0.00137746136 -0.00274993386
v 0.00014204043 -0.00132597575 -0.00246228301
v 0.000106290463 -0.00127872021 -0.00217796047
v 7.05180355E-05 -0.00124011294 -0.00161324872
v 3.98861994E-05 -0.00117037923 -0.00133233436
v 0.000209127975 -0.00154635787 -0.00275392644
v 0.000185535639 -0.00163184153 -0.00275717094
v 0.00020162508 -0.00145152502 -0.0027510908
v 0.000177506561 -0.00138314592 -0.0024614851
v 0.000143423575 -0.0013315226 -0.00217649667
v 0.000106371976 -0.00128417753 -0.00189426448
v 6.96213538E-05 -0.00125746801 -0.00133186381
v 4.19105527E-05 -0.00116722309 -0.00105113978
v 0.000214748245 -0.00155157037 -0.00246319757
v 0.000192092339 -0.00163791841 -0.00246526487
v 0.000205844568 -0.00145655288 -0.00246164319
v 0.000179453884 -0.0013879661 -0.00217517
v 0.00014366192 -0.00133693917 -0.00189248449
v 0.000105064464 -0.00130543916 -0.00161207444
v 6.85168197E-05 -0.00126057176 -0.00105106481
v 4.43050303E-05 -0.00116425357 -0.000770422805
v 0.000218801768 -0.00155546423 -0.00217538956
v 0.000196870882 -0.00164243637 -0.00217673718
v 0.000208738056 -0.00146050728 -0.00217466592
v 0.000180305447 -0.00139210315 -0.00189076923
v 0.000142605262 -0.00136073586 -0.00161003135
v 0.000102728045 -0.00132892828 -0.00133094424
v 6.74159892E-05 -0.00126316026 -0.000770739804
v 4.71053718E-05 -0.00116175972 -0.000490054488
v 0.000221552327 -0.00155821594 -0.00189005316
v 0.000200180264 -0.00164569507 -0.00189094257
v 0.000210473139 -0.00146352092 -0.00188982824
v 0.000180066956 -0.00141670427 -0.00160795893
v 0.000140465781 -0.00138328073 -0.00132868439
v 9.99479598E-05 -0.00133537303 -0.00105043023
v 6.64074614E-05 -0.00126535352 -0.000490731734
v 5.0304192E-05 -0.00116001535 -0.000209955804
v 0.00022324537 -0.0015894667 -0.00160665857
v 0.000202388808 -0.00167134416 -0.00160731073
v 0.000211205552 -0.00149028434 -0.00160673819
v 0.000178904666 -0.00143402722 -0.00132621231
v 0.000137628173 -0.00138925982 -0.00104812451
v 9.69373432E-05 -0.00134122453 -0.00077042816
v 6.55251933E-05 -0.00126728625 -0.000210973434
v 5.38901913E-05 -0.00115930929 6.99446173E-05
v 0.00022434612 -0.00159059232 -0.00132443826
v 0.000203801086 -0.00167210377 -0.00132479903
v 0.000211266946 -0.0015008474 -0.00132471544
v 0.000176981514 -0.00143623841 -0.00104526721
v 0.000134390037 -0.00139514438 -0.000768155209
v 9.37828154E-05 -0.00134654471 -0.000490771898
v 6.48054411E-05 -0.00126933085 6.86495478E-05
v 5.78902618E-05 -0.00115979952 0.00034968715
v 0.000224891977 -0.00158866809 -0.00104303216
v 0.000204757249 -0.00167061528 -0.00104339153
v 0.000210728918 -0.00149970851 -0.00104348408
v 0.000174505738 -0.00143863366 -0.000764966884
v 0.000130934757 -0.00140074163 -0.000488546386
v 9.05651978E-05 -0.00135140237 -0.000211356484
v 6.4260028E-05 -0.00127148733 0.000348139147
v 6.23712549E-05 -0.00116157916 0.000629274524
v 0.000225027325 -0.0015862619 -0.000762330659
v 0.000205348275 -0.00166881061 -0.00076268625
v 0.00020968233 -0.0014982993 -0.000762883574
v 0.000171651569 -0.00144117931 -0.000485095341
v 0.000127366671 -0.00140598521 -0.000209192949
v 8.73049794E-05 -0.00135617086 6.79044533E-05
v 6.39504142E-05 -0.00127370178 0.000627570204
v 6.74148978E-05 -0.00116494112 0.000908730261
v 0.000224856703 -0.00158360996 -0.000482036528
v 0.000205730947 -0.00166674273 -0.000482515432
v 0.000208190177 -0.00149679673 -0.000482696458
v 0.000168555416 -0.00144379423 -0.000205525532
v 0.00012373201 -0.00141125219 7.00116361E-05
v 8.40207285E-05 -0.00136089441 0.000347054476
v 6.39542704E-05 -0.00127614744 0.000906959234
v 7.30983593E-05 -0.00117010938 0.00118799228
v 0.000224468575 -0.00158060342 -0.000202286697
v 0.000205715187 -0.00166536705 -0.000202175244
v 0.000206301411 -0.00149542117 -0.000202830386
v 0.000165317062 -0.00144667923 7.38531744E-05
v 0.000120057091 -0.00141654175 0.000349110982
v 8.07063188E-05 -0.00136539584 0.000626146037
v 6.43338644E-05 -0.00127887132 0.00118630857
v 7.9404992E-05 -0.0011774461 0.00146704982
v 0.00022353408 -0.00157846592 7.78134126E-05
v 0.000205846387 -0.00166379358 7.73870561E-05
v 0.000204139535 -0.00149423757 7.67827732E-05
v 0.000161995064 -0.00144971698 0.000353124517
v 0.000116319672 -0.0014216461 0.000628125039
v 7.74292712E-05 -0.00136989425 0.000905228837
v 6.51372611E-05 -0.00128198427 0.00146566017
v 8.62566158E-05 -0.00118692906 0.00174588757
v 0.000222445131 -0.00157631375 0.000357371639
v 0.000205713877 -0.0016630271 0.00035707638
v 0.000201700255 -0.00149371347 0.000356338394
v 0.000158550582 -0.00145280571 0.000632302254
v 0.000112474539 -0.00142717373 0.000907065521
v 7.42528646E-05 -0.00137430453 0.00118433277
v 6.64265754E-05 -0.00128492236 0.00174500432
v 9.35689823E-05 -0.00119356089 0.00202443032
v 0.000221186594 -0.00157518557 0.000637589546
v 0.000205773802 -0.00166185468 0.000636181969
v 0.00019889386 -0.00149339414 0.000635639124
v 0.000155025249 -0.00145581528 0.000911371899
v 0.000108518478 -0.00143306039 0.00118595525
v 7.12886249E-05 -0.00137860549 0.00146350602
v 6.82893951E-05 -0.00128296623 0.00202431669
v 0.00010124837 -0.00119200128 0.00230266829
v 0.000219669324 -0.00157296832 0.000916523917
v 0.000205323871 -0.0016620059 0.000915991259
v 0.000196020206 -0.00149447517 0.000915409997
v 0.00015139638 -0.00145968469 0.00119053992
v 0.000104533421 -0.0014394176 0.00146482664
v 6.86477288E-05 -0.0013819189 0.0017427078
v 7.07864965E-05 -0.00127080688 0.00230356352
v 0.000109199536 -0.00118647667 0.00258045061
v 0.000192755033 -0.00149490836 0.00119439396
v 0.0001477037 -0.00146324316 0.00146946649
v 0.000100509671 -0.00144540088 0.00174369803
v 6.63958199E-05 -0.00137985102 0.00202198979
v 7.3996227E-05 -0.00125222467 0.00258283573
v 0.000117649164 -0.00119055551 0.00285746856
v 0.000217769892 -0.0015729384 0.00119676732
v 0.000189637503 -0.00149659172 0.00147399632
v 0.000144074162 -0.00146612816 0.00174853636
v 9.66732914E-05 -0.00144629925 0.00202269782
v 6.44590691E-05 -0.00136727863 0.00230145967
v 7.85631128E-05 -0.00124596013 0.00286209001
v 0.000125945415 -0.00119858771 0.00313402503
v 6.32222436E-05 -0.0013468843 0.00258093653
v 9.29141024E-05 -0.00143646414 0.00230152439
v 0.000140578239 -0.0014620655 0.00202733651
v 8.98041471E-05 -0.00141871406 0.00258056074
v 0.00013772877 -0.00144486746 0.00230655912
v 6.18021004E-05 -0.0013427384 0.00285908906
v 8.8452347E-05 -0.00142743893 0.00286218105
v 8.41256187E-05 -0.00123782363 0.00314012286
v 0.000133595706 -0.00121033762 0.0034102553
v 6.13248412E-05 -0.0013393244 0.00314184418
v 8.83493558E-05 -0.00142057112 0.00314091821
v 9.02074025E-05 -0.0012310897 0.00341875246
v 0.000141585988 -0.00121843838 0.00368361827
v 6.16229008E-05 -0.00131983694 0.00342155714
v 8.7309425E-05 -0.00139628828 0.00341904443
v 9.66327643E-05 -0.0012150082 0.00369744794
v 7.31390537E-05 -0.00130165322 0.00369671197
v 0.000113393267 -0.00128345739 0.00394022651
v 0.000113393486 -0.00124226557 0.00394022698
v 0.000113393085 -0.00132413814 0.00394022558
v 0.000116471965 -0.00131670968 0.00367869646
v 0.000113392889 -0.00136505009 0.00394022558
v 0.00010673605 -0.001408073 0.00366004836
v 0.000113392722 -0.00140568044 0.00394022511
v 0.000129830034 -0.00135544338 0.00342317368
v 0.00014647971 -0.00143758208 0.00341711752
v 0.000167739985 -0.00144778378 0.0031496915
v 0.000130392931 -0.00138793956 0.00314117386
v 0.000171648629 -0.00145580957 0.0028693974
v 0.000132298359 -0.00140964298 0.00286368444
v 0.000176305723 -0.00145104399 0.00259070215
v 0.000135095732 -0.00141730066 0.0025854453
v 0.000179821567 -0.00147519901 0.00231162133
v 0.000183178272 -0.0014915393 0.00203253771
v 0.000186318735 -0.00149659498 0.0017530577
v 0.000215360255 -0.00157208927 0.00147589401
v 0.000212458399 -0.00157190626 0.00175586715
v 0.000208701473 -0.00156689086 0.00203544623
v 0.000204316311 -0.00155158632 0.00231484254
v 0.000198463036 -0.00153030956 0.00259427889
v 0.000205051256 -0.00166201545 0.0011951183
v 0.000204279175 -0.00166343979 0.00147501135
v 0.000163982681 -0.00169591152 0.00091488054
v 0.000163803415 -0.00169344491 0.000635722186
v 0.000164021127 -0.00169955275 0.00119419047
v 0.000164207071 -0.00170400157 0.00147320866
v 0.00020333493 -0.001663537 0.00175428658
v 0.00016454744 -0.00171001768 0.00175180472
v 0.000202548123 -0.00166011357 0.00203364412
v 0.000164230049 -0.00171168323 0.00203141035
v 0.000200918439 -0.00164720556 0.0023137643
v 0.000164672208 -0.00170451787 0.00230979151
v 0.000199296177 -0.00162614824 0.00259280624
v 0.000163304809 -0.00169016165 0.00259030098
v 0.000191428393 -0.00154456869 0.00287311547
v 0.000195919929 -0.00164261681 0.00287354877
v 0.000164119265 -0.00170606456 0.00286730332
v 0.000181784577 -0.00153300911 0.00315034436
v 0.000191714207 -0.00162694976 0.00315359468
v 0.000163176999 -0.00169933692 0.00314663304
v 0.000178754141 -0.0015120703 0.00343313836
v 0.000152378736 -0.00140624866 0.00369966449
v 0.000185702273 -0.00159972673 0.0034318082
v 0.000155696645 -0.00167481357 0.00342650875
v 0.000128934771 -0.00149173301 0.00366095779
v 0.000166506332 -0.00154402014 0.00370496628
v 0.000155368834 -0.00165996142 0.00370785641
v 0.000113392533 -0.00144627399 0.00394022511
v 0.000113392358 -0.00148758304 0.00394022465
v 0.000113392198 -0.00153061212 0.00394022418
v 0.000113392023 -0.00157632574 0.00394022418
v 0.000170890169 -0.00162485475 -0.00475325901
v 0.00019101912 -0.00153458863 -0.00447728671
v 0.000162891403 -0.00161665282 -0.00448648958
v 0.000127492865 -0.00165192212 -0.00475583039
v 0.000119179953 -0.0016429252 -0.00448941626
v 0.000157366594 -0.00160995312 -0.00421417505
v 0.000113426584 -0.00163553143 -0.00421732292
v 0.000156117589 -0.00160722004 -0.00393409468
v 0.000112117435 -0.00163227529 -0.00393724022
v 0.000160063908 -0.00160965335 -0.0036452096
v 0.000187760699 -0.00152777671 -0.0036360221
v 0.000116192976 -0.00163440639 -0.00364800706
v 0.000167976541 -0.00161619938 -0.00334977638
v 0.00012437065 -0.00164080458 -0.00335200084
v 0.000177192895 -0.00162430061 -0.00305251824
v 0.000133852038 -0.00164880103 -0.00305415899
v 0.000185535639 -0.00163184153 -0.00275717094
v 0.000142387697 -0.00165625499 -0.00275835185
v 0.000192092339 -0.00163791841 -0.00246526487
v 0.000149094747 -0.00166223897 -0.00246619061
v 0.000196870882 -0.00164243637 -0.00217673718
v 0.000153941059 -0.00166671677 -0.00217745453
v 0.000200180264 -0.00164569507 -0.00189094257
v 0.000157347415 -0.00167000061 -0.0018916314
v 0.000202388808 -0.00167134416 -0.00160731073
v 0.000159492876 -0.00169372885 -0.00160773261
v 0.000203801086 -0.00167210377 -0.00132479903
v 0.000161071846 -0.00169485889 -0.00132537901
v 0.000204757249 -0.00167061528 -0.00104339153
v 0.000162083757 -0.00169408228 -0.0010439303
v 0.000205348275 -0.00166881061 -0.00076268625
v 0.000162740995 -0.00169313408 -0.000763195043
v 0.000205730947 -0.00166674273 -0.000482515432
v 0.000163092409 -0.00169231952 -0.000482810952
v 0.000205715187 -0.00166536705 -0.000202175244
v 0.000163471515 -0.00169157714 -0.00020302023
v 0.000205846387 -0.00166379358 7.73870561E-05
v 0.000163599514 -0.00169157889 7.6784796E-05
v 0.000205713877 -0.0016630271 0.00035707638
v 0.000163775141 -0.00169226853 0.000356197765
v 0.000205773802 -0.00166185468 0.000636181969
v 0.000163803415 -0.00169344491 0.000635722186
v 0.000205323871 -0.0016620059 0.000915991259
v 0.000104489787 -0.00205863314 -0.00398915634
v 6.52276285E-05 -0.00207289797 -0.00369701372
v 0.000109426583 -0.00207197713 -0.00369375199
v 7.73924403E-05 -0.00209918432 -0.0033898335
v 0.000121970515 -0.00209402316 -0.00338551681
v 9.10762974E-05 -0.00212808955 -0.00308065698
v 0.00013578184 -0.00211860379 -0.00307565066
v 0.000102103273 -0.00215555029 -0.00277673663
v 0.000146722785 -0.00214175205 -0.00277133984
v 0.00010949756 -0.00218038936 -0.00247966335
v 0.000153922447 -0.0021624628 -0.00247402512
v 0.000113790164 -0.00220279978 -0.00218834938
v 0.000157972871 -0.00218114257 -0.00218254142
v 0.000198711772 -0.0021628188 -0.00246936176
v 0.000115814983 -0.00222331588 -0.00190121378
v 0.000202758049 -0.00217595603 -0.00217752578
v 0.000159778734 -0.00219847262 -0.00189526088
v 0.000116321404 -0.00224243733 -0.00161685341
v 0.000204397438 -0.00218738406 -0.00189000485
v 0.000160031617 -0.00221480941 -0.00161084661
v 0.000115745184 -0.00226039323 -0.00133443146
v 0.000204401644 -0.00219766516 -0.0016053532
v 0.000159269141 -0.00223068078 -0.0013284093
v 0.000114429029 -0.0022772036 -0.00105330616
v 0.000203323478 -0.00220719748 -0.00132260274
v 0.000158040551 -0.00224625412 -0.00104693975
v 0.000113136884 -0.00229341444 -0.00077215588
v 0.000201489675 -0.00221634214 -0.00104114355
v 0.00015608214 -0.002259125 -0.000766512007
v 0.000110979177 -0.0023069731 -0.000492122606
v 0.000199199916 -0.00222474337 -0.000760552182
v 0.000154014968 -0.00227201404 -0.000486407225
v 0.000108769462 -0.00231792359 -0.000211858278
v 0.000196589084 -0.00223297835 -0.000480561866
v 0.000151739732 -0.00228320691 -0.000206624594
v 0.00010604925 -0.00232541491 6.77163625E-05
v 0.00019386012 -0.00224041613 -0.000200971903
v 0.000149477928 -0.00229511247 7.28131781E-05
v 0.000103294064 -0.00233210716 0.000347050867
v 0.000191252038 -0.0022477007 7.87662502E-05
v 0.000147653511 -0.0023062781 0.000352856732
v 0.00010080215 -0.00233723084 0.000628053094
v 0.000188320424 -0.00225388608 0.000357864745
v 0.000145036931 -0.00231056754 0.00063245825
v 9.78910975E-05 -0.00233508646 0.000906803936
v 0.000185525874 -0.0022579988 0.000636966957
v 0.0001425792 -0.00231651729 0.000911939424
v 9.57345183E-05 -0.00233590836 0.00118800707
v 0.000182628355 -0.00226120045 0.000915777346
v 0.000139648328 -0.00231944211 0.00119090022
v 9.25694258E-05 -0.00232893834 0.00146605342
v 0.000180262243 -0.00226394623 0.00119538978
v 0.000137731666 -0.00232253387 0.00147092133
v 9.04056724E-05 -0.00232475367 0.00174695789
v 0.00017733626 -0.0022636354 0.00147374847
v 0.00013504643 -0.0023185655 0.00175023638
v 8.77330822E-05 -0.00231509586 0.00202555396
v 0.000174742469 -0.00225978135 0.00175241486
v 0.000132702335 -0.00231233938 0.00202991068
v 8.53845631E-05 -0.00230398751 0.00230542989
v 0.00017208037 -0.00225217897 0.00203082571
v 0.000130697008 -0.00229915441 0.00230953563
v 8.29058772E-05 -0.00227999454 0.00258432701
v 0.00016972977 -0.00223607989 0.00230948254
v 0.000128899555 -0.00226887618 0.0025886558
v 8.20671485E-05 -0.00225121318 0.00286509655
v 0.000167442209 -0.00220423425 0.0025866495
v 0.000126596686 -0.00223453552 0.00286685978
v 8.1191276E-05 -0.00222241064 0.00314767286
v 0.00016597686 -0.00216782279 0.00286532077
v 0.000119825127 -0.00215480477 0.00313577591
v 0.000165262274 -0.00213013729 0.00314372079
v 8.12184444E-05 -0.0021818704 0.0034268701
v 0.000122092068 -0.00209414563 0.00340840151
v 7.84824151E-05 -0.00251779705 -0.00309001165
v 0.000133751833 -0.00250674551 -0.00278017414
v 8.97635473E-05 -0.00252824533 -0.00278449943
v 0.000141183104 -0.0025143628 -0.0024818501
v 9.7075208E-05 -0.00253504002 -0.00248638284
v 0.000145293074 -0.00251883571 -0.00218968745
v 0.000101093414 -0.00253880909 -0.002194284
v 0.000146985243 -0.00252124574 -0.00190185942
v 0.000102760547 -0.00254036929 -0.00190654094
v 0.000191795189 -0.0025204902 -0.00189702061
v 0.000191784071 -0.0025244432 -0.00161195395
v 0.000234741601 -0.00248615979 -0.00160747732
v 0.000234259292 -0.00248026475 -0.00189215597
v 0.000233816609 -0.00249256659 -0.00132397725
v 0.000147120882 -0.00252201012 -0.00161701557
v 0.000190847524 -0.00252669235 -0.00132913573
v 0.000232399078 -0.00249670609 -0.001042519
v 0.000189062135 -0.00252907351 -0.00104736583
v 0.000230282487 -0.00250127306 -0.000761358708
v 0.000186932069 -0.00252989051 -0.000766654732
v 0.000228263583 -0.00250387308 -0.000481623545
v 0.000184115779 -0.00253112987 -0.000485963072
v 0.000225130978 -0.00250928313 -0.000200438051
v 0.000181369673 -0.00252997433 -0.000206149867
v 0.000222250659 -0.00251055718 7.89143669E-05
v 0.00017811924 -0.00253150612 7.37565715E-05
v 0.000218994537 -0.00251318072 0.00035891938
v 0.000175059118 -0.00253015873 0.000353185518
v 0.000216319764 -0.00251361961 0.000637725578
v 0.0001714627 -0.00252917572 0.000633081305
v 0.000212349856 -0.00251766387 0.000918507751
v 0.000168233411 -0.00252624485 0.000912319694
v 0.000208927784 -0.00251678494 0.00119752507
v 0.000164358484 -0.00252614869 0.00119182433
v 0.000205122298 -0.00251770904 0.00147730357
v 0.00016073446 -0.00252340641 0.00147104217
v 0.000201486546 -0.00251732999 0.00175642944
v 0.000156785522 -0.00252308417 0.0017503358
v 0.00019725629 -0.00251793256 0.00203616242
v 0.000152890992 -0.00252229883 0.00202941685
v 0.000193576299 -0.00251676841 0.0023147196
v 0.000148038962 -0.00252407789 0.00230938988
v 0.000189339669 -0.00251344149 0.00259391894
v 0.000143469282 -0.00251757051 0.00258884206
v 0.000184781326 -0.00250711641 0.00287380186
v 0.00013929182 -0.00250407262 0.00286767934
v 0.000191432759 -0.0021473472 -0.0027670369
v 0.000146722785 -0.00214175205 -0.00277133984
v 0.000153922447 -0.0021624628 -0.00247402512
v 0.000198711772 -0.0021628188 -0.00246936176
v 6.4944179E-05 -0.00261479779 -0.00219705724
v 0.000101093414 -0.00253880909 -0.002194284
v 0.000102760547 -0.00254036929 -0.00190654094
v 6.06260619E-05 -0.00260928716 -0.00248894445
v 9.7075208E-05 -0.00253504002 -0.00248638284
v 5.32301929E-05 -0.00260108709 -0.00278659048
v 8.97635473E-05 -0.00252824533 -0.00278449943
v 4.21527111E-05 -0.00258968677 -0.00309115672
v 4.29747852E-05 -0.00269782916 -0.00248918519
v 3.46233428E-05 -0.00268864934 -0.00278616184
v 2.30468104E-05 -0.0026763815 -0.00308949617
v 4.86045101E-05 -0.00270433514 -0.00219762209
v 6.70530571E-05 -0.00261839922 -0.00190937659
v 2.8239685E-05 -0.00257591275 -0.00340122567
v 9.09625487E-06 -0.00266190083 -0.00339769153
v 6.40074868E-05 -0.00250454666 -0.00340157491
v 5.05607713E-05 -0.00249253726 -0.00371183199
v 1.54816807E-05 -0.00256359577 -0.00370976259
v 4.50269763E-05 -0.0024883775 -0.00400867779
v 1.02174045E-05 -0.00255880854 -0.00400563236
v 1.5605543E-05 -0.00256462814 -0.00428327126
v -3.56131113E-06 -0.00264875288 -0.0037042296
v -9.28052577E-06 -0.00264240731 -0.00399912102
v 6.81749543E-06 -0.00265648542 -0.00454162993
v 1.29225955E-05 -0.0026984748 -0.00479670474
v -5.16054388E-06 -0.00264569279 -0.00427723629
v -1.79034191E-06 -0.00268546864 -0.00453970907
v 1.59815063E-05 -0.0027689233 -0.00479225209
v -1.25419856E-05 -0.00267527206 -0.00427486096
v 2.00330692E-06 -0.0027567409 -0.00453405408
v 2.61272435E-05 -0.00290071173 -0.00478240242
v 1.31917996E-05 -0.00289049698 -0.00452159438
v -7.73367901E-06 -0.00274734502 -0.00426825508
v 4.87427906E-06 -0.0028826897 -0.00425388711
v -1.55119033E-05 -0.00267239125 -0.00399662415
v -9.67082997E-06 -0.00274483021 -0.00398980128
v 4.01665056E-06 -0.00288065197 -0.00397513574
v -8.78539049E-06 -0.00267882249 -0.00370214251
v -2.20213906E-06 -0.00275089219 -0.00369631615
v 1.16279534E-05 -0.00288558588 -0.00368374051
v 4.87831994E-06 -0.00269179931 -0.00339637604
v 1.203793E-05 -0.00276294979 -0.00339237414
v 2.53890375E-05 -0.0028953047 -0.00338349864
v 2.00527829E-05 -0.00270605041 -0.00308888871
v 2.80143431E-05 -0.00277620158 -0.00308664353
v 4.10950815E-05 -0.00290593761 -0.00308136106
v 3.31325718E-05 -0.00271809939 -0.00278603076
v 4.2234773E-05 -0.00278741587 -0.00278503029
v 5.55895058E-05 -0.00291480706 -0.00278232829
v 4.31928311E-05 -0.00272705103 -0.00248931954
v 5.36301959E-05 -0.00279569835 -0.00248909346
v 6.76554628E-05 -0.00292112585 -0.0024879924
v 5.0637329E-05 -0.00273328228 -0.0021979094
v 6.24332461E-05 -0.0028013729 -0.00219814247
v 7.72791027E-05 -0.00292518688 -0.00219796109
v 5.22949667E-05 -0.00270887907 -0.0019100518
v 6.92263784E-05 -0.00280510564 -0.00191090256
v 8.48580021E-05 -0.0029276046 -0.00191123516
v 5.61746565E-05 -0.00273748301 -0.00191042142
v 6.76796553E-05 -0.0026207387 -0.00162452308
v 0.000102823964 -0.00254049059 -0.00162167742
v 0.000101830519 -0.00253957137 -0.00133881159
v 7.45578436E-05 -0.00280745351 -0.00162625429
v 9.0816291E-05 -0.00292898132 -0.00162684824
v 6.04210472E-05 -0.00274024182 -0.00162561692
v 5.47190102E-05 -0.0027120295 -0.00162521109
v 6.7334222E-05 -0.00262227585 -0.001341608
v 0.000100103825 -0.00253805448 -0.00105714949
v 7.88596517E-05 -0.00280886609 -0.00134335237
v 9.55107389E-05 -0.00292976759 -0.00134405517
v 6.38383135E-05 -0.00274198921 -0.00134266459
v 5.63531466E-05 -0.0027142358 -0.00134224119
v 6.63743194E-05 -0.00262335851 -0.0010599104
v 9.79164324E-05 -0.00253612059 -0.000776382803
v 8.24673189E-05 -0.00280959276 -0.00106160413
v 9.92413843E-05 -0.00293024094 -0.00106232578
v 6.67561908E-05 -0.00274298573 -0.00106090296
v 5.751762E-05 -0.00271573965 -0.00106046861
v 6.49974681E-05 -0.00262416783 -0.000779079797
v 9.53863928E-05 -0.0025341548 -0.000496126828
v 8.56398619E-05 -0.00280974596 -0.000780645583
v 0.000102247228 -0.0029305208 -0.000781299779
v 6.94010305E-05 -0.0027433543 -0.000779982191
v 5.84158224E-05 -0.00271666795 -0.000779582944
v 6.33551244E-05 -0.00262481952 -0.000498827954
v 9.2571514E-05 -0.00253192428 -0.000216293221
v 8.85604313E-05 -0.00280937064 -0.000500202121
v 0.000104685656 -0.00293065747 -0.000500724127
v 7.19322561E-05 -0.00274314079 -0.000499600428
v 5.91666394E-05 -0.00271711103 -0.000499192218
v 6.15135505E-05 -0.00262549752 -0.00021891472
v 8.95715129E-05 -0.00252983952 6.33888922E-05
v 9.13817421E-05 -0.00280845538 -0.000220115224
v 0.000106643922 -0.00293063954 -0.000220419912
v 7.4493204E-05 -0.00274233124 -0.000219627342
v 5.98561346E-05 -0.00271704886 -0.000219228488
v 5.95743113E-05 -0.00262619928 6.07426264E-05
v 8.64813992E-05 -0.00252785836 0.000342826097
v 9.42949191E-05 -0.0028068407 5.96893442E-05
v 0.000108197935 -0.002930369 5.97307117E-05
v 7.72564963E-05 -0.00274078269 6.00512467E-05
v 6.05895839E-05 -0.00271640718 6.05173846E-05
v 5.75815538E-05 -0.00262706098 0.000340267521
v 8.32557635E-05 -0.00252599199 0.000622213411
v 9.75629737E-05 -0.00280427281 0.000339260063
v 0.00010943212 -0.00292955572 0.000339812977
v 8.0540558E-05 -0.00273820804 0.000339430349
v 6.15258177E-05 -0.00271500065 0.000340069848
v 5.56444284E-05 -0.00262822583 0.000619755243
v 7.99669651E-05 -0.00252414821 0.000901498948
v 0.000101316138 -0.00280056824 0.000618649356
v 0.000110407214 -0.0029277748 0.000619892962
v 0.000105427098 -0.00279581291 0.000897876744
v 0.000111127672 -0.00292463019 0.000900003011
v 0.000109698631 -0.00279002357 0.00117697055
v 0.000111565809 -0.00291984994 0.00118014717
v 8.47251504E-05 -0.00273433421 0.000618536142
v 6.29625138E-05 -0.00271264138 0.000619525905
v 5.39156354E-05 -0.00262985216 0.000899218663
v 7.65911827E-05 -0.00252241478 0.00118083332
v 6.52010422E-05 -0.00270924089 0.000898789789
v 8.98286016E-05 -0.00272921845 0.000897320919
v 5.25940741E-05 -0.00263192947 0.00117866264
v 7.3226518E-05 -0.00252063829 0.00146008842
v 5.18911511E-05 -0.0026346785 0.00145811564
v 7.00231176E-05 -0.00251889904 0.00173911348
v 5.20613576E-05 -0.00263835816 0.0017380116
v 6.63842075E-05 -0.00251866761 0.00201892364
v 5.32883714E-05 -0.00264090998 0.00201781397
v 6.32704105E-05 -0.00251766504 0.00229791063
v 5.55103179E-05 -0.0026412732 0.00229749479
v 5.96481368E-05 -0.00251263054 0.00257782801
v 5.97622093E-05 -0.00263667363 0.00257671508
v 0.000102391437 -0.0024690947 0.0025816916
v 9.80043405E-05 -0.00245370832 0.00286091049
v 5.71980963E-05 -0.00250149542 0.0028554115
v 9.31614049E-05 -0.00243079476 0.00313674775
v 5.26854528E-05 -0.00250597554 0.00314062508
v 8.96897327E-05 -0.00240950915 0.00341287092
v 5.18187371E-05 -0.00250822608 0.00342246937
v 7.61135379E-05 -0.00240955013 0.00369595224
v 6.53158204E-05 -0.00255524321 0.00369986193
v 9.36609213E-05 -0.00257188221 0.00340606435
v 0.000113390503 -0.00250710268 0.00394022139
v 9.33173869E-05 -0.00262212451 0.0036695681
v 0.000113390532 -0.00257387245 0.00394022139
v 0.000113390561 -0.00260342215 0.00394022139
v 6.4944179E-05 -0.00261479779 -0.00219705724
v 6.70530571E-05 -0.00261839922 -0.00190937659
v 0.000102823964 -0.00254049059 -0.00162167742
v 0.000146125123 -0.00252178963 -0.00133408129
v 0.000101830519 -0.00253957137 -0.00133881159
v 0.000144471662 -0.00252088718 -0.00105242699
v 0.000100103825 -0.00253805448 -0.00105714949
v 0.000142224875 -0.00251965551 -0.000771509891
v 9.79164324E-05 -0.00253612059 -0.000776382803
v 0.000139783922 -0.0025179768 -0.000491269457
v 9.53863928E-05 -0.0025341548 -0.000496126828
v 0.000136923307 -0.00251560588 -0.000211318766
v 9.2571514E-05 -0.00253192428 -0.000216293221
v 0.000133946698 -0.00251295371 6.83197431E-05
v 8.95715129E-05 -0.00252983952 6.33888922E-05
v 0.000130730245 -0.00251044147 0.000347950234
v 8.64813992E-05 -0.00252785836 0.000342826097
v 0.000127547493 -0.00250796322 0.000627271947
v 8.32557635E-05 -0.00252599199 0.000622213411
v 0.000124150989 -0.002504681 0.000906608591
v 7.99669651E-05 -0.00252414821 0.000901498948
v 0.00012064429 -0.00250002206 0.00118584931
v 7.65911827E-05 -0.00252241478 0.00118083332
v 0.000117064235 -0.00249565393 0.00146514736
v 7.3226518E-05 -0.00252063829 0.00146008842
v 0.000113500661 -0.00249129743 0.00174438325
v 7.00231176E-05 -0.00251889904 0.00173911348
v 0.000109986613 -0.00248633581 0.00202335394
v 6.63842075E-05 -0.00251866761 0.00201892364
v 0.000106165295 -0.00248183124 0.00230283779
v 6.32704105E-05 -0.00251766504 0.00229791063
v 0.000102391437 -0.0024690947 0.0025816916
v 2.70822147E-05 -0.00159508327 -0.00189220917
v 7.17568837E-05 -0.00159949891 -0.00189185992
v 7.38464514E-05 -0.00163185084 -0.00160825695
v 2.91489469E-05 -0.00162890123 -0.00160864228
v 7.5340482E-05 -0.0016330448 -0.00132583338
v 3.06303082E-05 -0.00163046666 -0.00132619299
v 7.63422795E-05 -0.00163244328 -0.00104432146
v 3.16298683E-05 -0.00163029903 -0.00104464125
v 7.70379702E-05 -0.00163155841 -0.000763469317
v 3.23107088E-05 -0.00162981101 -0.000763688819
v 7.75200824E-05 -0.00163043081 -0.000483021344
v 3.2816668E-05 -0.00162909867 -0.000483173935
v 7.79605398E-05 -0.0016291223 -0.000202914234
v 3.32535601E-05 -0.00162830902 -0.000202939598
v 7.83774813E-05 -0.0016278344 7.70298357E-05
v 3.38126374E-05 -0.00162818015 7.6923614E-05
v 7.88915131E-05 -0.00162662414 0.000356789562
v 3.41157356E-05 -0.00162976724 0.000357378565
v 7.94389562E-05 -0.00162555976 0.00063660898
v 3.49376569E-05 -0.00163096993 0.000636815326
v 8.01973656E-05 -0.00162478641 0.000916217163
v 3.56738055E-05 -0.00163447764 0.000917100348
v 8.10014899E-05 -0.00162479968 0.001195919
v 3.67433677E-05 -0.00163852854 0.00119660713
v 8.18384869E-05 -0.0016258239 0.00147560483
v 3.75725976E-05 -0.00164511695 0.00147708401
v 8.25108509E-05 -0.0016274848 0.00175563153
v 3.9238832E-05 -0.00164988113 0.00175584923
v 8.34950624E-05 -0.00162465405 0.00203497498
v 3.95567986E-05 -0.00165277906 0.00203645485
v 8.38588167E-05 -0.00161458307 0.00231512077
v 4.13591551E-05 -0.00164287339 0.00231436663
v 8.45662653E-05 -0.00159656163 0.00259422977
v 4.18367308E-05 -0.00163098064 0.00259542349
v 8.56868137E-05 -0.00162012957 0.00287309312
v 4.29907304E-05 -0.00165189744 0.00287439069
v 8.67278213E-05 -0.00160192535 0.00314935297
v 4.24526188E-05 -0.00165055296 0.00315879937
v 8.52402081E-05 -0.00157936837 0.00343509135
v 0.000144471662 -0.00252088718 -0.00105242699
v 0.000189062135 -0.00252907351 -0.00104736583
v 0.000186932069 -0.00252989051 -0.000766654732
v 0.000142224875 -0.00251965551 -0.000771509891
v 0.000184115779 -0.00253112987 -0.000485963072
v 0.000139783922 -0.0025179768 -0.000491269457
v 0.000181369673 -0.00252997433 -0.000206149867
v 0.000136923307 -0.00251560588 -0.000211318766
v 0.00017811924 -0.00253150612 7.37565715E-05
v 0.000133946698 -0.00251295371 6.83197431E-05
v 0.000175059118 -0.00253015873 0.000353185518
v 0.000130730245 -0.00251044147 0.000347950234
v 0.0001714627 -0.00252917572 0.000633081305
v 0.000127547493 -0.00250796322 0.000627271947
v 0.000168233411 -0.00252624485 0.000912319694
v 0.000124150989 -0.002504681 0.000906608591
v 0.000164358484 -0.00252614869 0.00119182433
v 0.000101316138 -0.00280056824 0.000618649356
v 8.47251504E-05 -0.00273433421 0.000618536142
v 8.98286016E-05 -0.00272921845 0.000897320919
v 0.000105427098 -0.00279581291 0.000897876744
v 9.56109725E-05 -0.00272294506 0.00117586891
v 0.000109698631 -0.00279002357 0.00117697055
v 6.83591861E-05 -0.00270468439 0.00117791875
v 6.52010422E-05 -0.00270924089 0.000898789789
v 5.25940741E-05 -0.00263192947 0.00117866264
v 5.18911511E-05 -0.0026346785 0.00145811564
v 7.24778001E-05 -0.00269923615 0.00145713019
v 5.20613576E-05 -0.00263835816 0.0017380116
v 0.000101863872 -0.00271577016 0.00145409175
v 7.73818974E-05 -0.00269237161 0.00173583359
v 5.32883714E-05 -0.00264090998 0.00201781397
v 0.000113981332 -0.00278346799 0.00145608571
v 0.000111565809 -0.00291984994 0.00118014717
v 0.000111703077 -0.0029131046 0.00146020914
v 0.000108651504 -0.00270759617 0.00173222122
v 8.28899865E-05 -0.00268420903 0.00201419508
v 5.55103179E-05 -0.0026412732 0.00229749479
v 0.000118159274 -0.00277586863 0.00173511729
v 0.000111521302 -0.0029042901 0.00174027204
v 0.000115724324 -0.0026985663 0.0020102181
v 8.95666381E-05 -0.00267455215 0.00229260628
v 5.97622093E-05 -0.00263667363 0.00257671508
v 0.000121996578 -0.00276734983 0.00201420952
v 0.000111055066 -0.00289321621 0.0020202403
v 0.000122991725 -0.00268857926 0.00228805654
v 0.000125335922 -0.00275769457 0.00229338696
v 0.000110347901 -0.00287984521 0.00230005686
v 9.82720376E-05 -0.00266151899 0.0025696659
v 0.000128112544 -0.00274653337 0.00257251179
v 0.000109447661 -0.00286427676 0.00257973839
v 0.000130430286 -0.00273248996 0.00285131298
v 0.000136915027 -0.00266333576 0.00284437439
v 0.000130391403 -0.0026774162 0.00256596599
v 6.6494511E-05 -0.00262913643 0.00285841757
v 5.71980963E-05 -0.00250149542 0.0028554115
v 5.26854528E-05 -0.00250597554 0.00314062508
v 0.000108790016 -0.00264257193 0.00284493645
v 7.76869347E-05 -0.00261124875 0.00313455937
v 5.18187371E-05 -0.00250822608 0.00342246937
v 9.36609213E-05 -0.00257188221 0.00340606435
v 0.000121832658 -0.00262003951 0.00311937719
v 0.000140948687 -0.0026476644 0.00312214019
v 0.000134652699 -0.00259377225 0.003392949
v 9.33173869E-05 -0.00262212451 0.0036695681
v 0.000141894154 -0.00262298947 0.00367439864
v 0.000113390561 -0.00260342215 0.00394022139
v 0.000124150989 -0.002504681 0.000906608591
v 0.000164358484 -0.00252614869 0.00119182433
v 0.00012064429 -0.00250002206 0.00118584931
v 0.00016073446 -0.00252340641 0.00147104217
v 0.000117064235 -0.00249565393 0.00146514736
v 0.000156785522 -0.00252308417 0.0017503358
v 0.000113500661 -0.00249129743 0.00174438325
v 0.000152890992 -0.00252229883 0.00202941685
v 0.000109986613 -0.00248633581 0.00202335394
v 0.000148038962 -0.00252407789 0.00230938988
v 0.000106165295 -0.00248183124 0.00230283779
v 0.000143469282 -0.00251757051 0.00258884206
v 0.000102391437 -0.0024690947 0.0025816916
v 0.00013929182 -0.00250407262 0.00286767934
v 9.80043405E-05 -0.00245370832 0.00286091049
v 0.0001360772 -0.00245672138 0.0031442605
v 0.000177905022 -0.00250847358 0.00315726898
v 0.00017099762 -0.00249612494 0.00343628461
v 9.31614049E-05 -0.00243079476 0.00313674775
v 0.000129858177 -0.00242278026 0.00341926515
v 8.96897327E-05 -0.00240950915 0.00341287092
v 0.000110057859 -0.00251137465 0.00367042492
v 7.61135379E-05 -0.00240955013 0.00369595224
v 0.000113390466 -0.00243540574 0.00394022139
v 0.00013772877 -0.00144486746 0.00230655912
v 9.29141024E-05 -0.00143646414 0.00230152439
v 8.98041471E-05 -0.00141871406 0.00258056074
v 0.000135095732 -0.00141730066 0.0025854453
v 8.8452347E-05 -0.00142743893 0.00286218105
v 0.000109447661 -0.00286427676 0.00257973839
v 0.000130430286 -0.00273248996 0.00285131298
v 0.000108381973 -0.00284719025 0.00285953865
v 0.000132665024 -0.00271782489 0.00313130557
v 0.000107465043 -0.00282511138 0.00313824904
v 0.000140948687 -0.0026476644 0.00312214019
v 0.000136915027 -0.00266333576 0.00284437439
v 0.000136919771 -0.00269574835 0.00340616633
v 0.000105560524 -0.00280807377 0.00342195388
v 0.000143163663 -0.00262731453 0.00340367248
v 0.000134652699 -0.00259377225 0.003392949
v 0.000141894154 -0.00262298947 0.00367439864
v 0.000135734314 -0.00271201041 0.00369170005
v 9.75327202E-05 -0.0027714849 0.00369284139
v 0.000112373382 -0.00264894776 0.00366442278
v 0.000113390663 -0.00268815015 0.00394022139
v 0.00011339075 -0.00274292752 0.00394022139
v 0.000113390604 -0.00264261616 0.00394022139
v 0.000113390568 -0.0026180835 0.00394022139
v 0.000113390561 -0.00260342215 0.00394022139
v 0.000135095732 -0.00141730066 0.0025854453
v 8.8452347E-05 -0.00142743893 0.00286218105
v 0.000132298359 -0.00140964298 0.00286368444
v 8.83493558E-05 -0.00142057112 0.00314091821
v 0.000130392931 -0.00138793956 0.00314117386
v 8.7309425E-05 -0.00139628828 0.00341904443
v 0.000129830034 -0.00135544338 0.00342317368
v 9.54772913E-05 -0.00176112587 0.00285541429
v 5.10122954E-05 -0.00175238517 0.00286930357
v 5.9827169E-05 -0.00174053735 0.00314596924
v 0.000104865998 -0.00173460366 0.00313350698
v 0.000127041407 -0.00182177685 0.0031250061
v 0.000101428181 -0.00180099451 0.00338705
v 0.000148269843 -0.00179831451 0.00340224477
v 9.45467109E-05 -0.00177974603 0.00366742373
v 0.000160709227 -0.0021296062 0.00342010288
v 0.000104973231 -0.00218958361 0.00366027816
v 0.000155342976 -0.00219534128 0.00369382906
v 0.000113390619 -0.00214886386 0.00394022139
v 7.35748254E-05 -0.00172273954 0.00342307868
v 6.74129769E-05 -0.00167786074 0.00370176067
v 0.000110968351 -0.00168910832 0.00367257209
v 0.00011339155 -0.00171618036 0.00394022325
v 0.00014647971 -0.00143758208 0.00341711752
v 0.00010673605 -0.001408073 0.00366004836
v 0.000152378736 -0.00140624866 0.00369966449
v 0.000113392722 -0.00140568044 0.00394022511
v 0.000129830034 -0.00135544338 0.00342317368
v 8.7309425E-05 -0.00139628828 0.00341904443
v 0.000116471965 -0.00131670968 0.00367869646
v 7.31390537E-05 -0.00130165322 0.00369671197
v 0.000113393085 -0.00132413814 0.00394022558
v 9.02074025E-05 -0.0012310897 0.00341875246
v 0.000141585988 -0.00121843838 0.00368361827
v 9.66327643E-05 -0.0012150082 0.00369744794
v 0.000113393486 -0.00124226557 0.00394022698
vt 0.287109375 0.896972656
vt 0.291992188 0.924316406
vt 0.28515625 0.895019531
vt 0.293212891 0.952148438
vt 0.283203125 0.925292969
vt 0.255859375 0.926269531
vt 0.246826172 0.952636719
vt 0.258300781 0.953125
vt 0.255859375 0.926269531
vt 0.258300781 0.953125
vt 0.246948242 0.929199219
vt 0.258789062 0.954589844
vt 0.247558594 0.981933594
vt 0.255371094 0.981933594
vt 0.355957031 0.955078125
vt 0.348632812 0.980957031
vt 0.354736328 0.952148438
vt 0.354736328 0.952148438
vt 0.348632812 0.980957031
vt 0.355957031 0.98046875
vt 0.611328125 0.804199219
vt 0.612304688 0.833984375
vt 0.612304688 0.834472656
vt 0.490722656 0.924804688
vt 0.479736328 0.952636719
vt 0.492431641 0.951660156
vt 0.490722656 0.924804688
vt 0.492431641 0.951660156
vt 0.483642578 0.92578125
vt 0.5234375 0.923828125
vt 0.523925781 0.951660156
vt 0.514648438 0.926757812
vt 0.520996094 0.894042969
vt 0.518066406 0.89453125
vt 0.520019531 0.923828125
vt 0.513671875 0.951171875
vt 0.513183594 0.953613281
vt 0.517578125 0.980957031
vt 0.616699219 0.924316406
vt 0.619628906 0.951660156
vt 0.610839844 0.924804688
vt 0.491210938 0.956054688
vt 0.478027344 0.981445312
vt 0.486083984 0.981445312
vt 0.523925781 0.951660156
vt 0.5234375 0.980957031
vt 0.528808594 0.980957031
vt 0.580078125 0.956542969
vt 0.573242188 0.98046875
vt 0.580078125 0.951171875
vt 0.580078125 0.951171875
vt 0.573242188 0.98046875
vt 0.579101562 0.98046875
vt 0.758300781 0.137207031
vt 0.758300781 0.135498047
vt 0.759765625 0.166137695
vt 0.718261719 0.832519531
vt 0.716796875 0.864257812
vt 0.717285156 0.861816406
vt 0.796386719 0.861816406
vt 0.795898438 0.861328125
vt 0.795898438 0.891601562
vt 0.755859375 0.890625
vt 0.759277344 0.891113281
vt 0.752441406 0.919921875
vt 0.762207031 0.922851562
vt 0.751464844 0.947753906
vt 0.714355469 0.891601562
vt 0.715332031 0.894042969
vt 0.713378906 0.923339844
vt 0.787597656 0.920898438
vt 0.794433594 0.921386719
vt 0.78515625 0.947265625
vt 0.786621094 0.951660156
vt 0.788574219 0.9765625
vt 0.796386719 0.976074219
vt 0.697753906 0.953613281
vt 0.697753906 0.948242188
vt 0.702148438 0.977539062
vt 0.697753906 0.948242188
vt 0.696777344 0.977539062
vt 0.702148438 0.977539062
vt 0.223754883 0.0344543457
vt 0.230834961 0.0651245117
vt 0.230102539 0.0335693359
vt 0.224243164 0.0659179688
vt 0.212646484 0.0350036621
vt 0.231323242 0.0965576172
vt 0.212890625 0.06640625
vt 0.198730469 0.0350952148
vt 0.224731445 0.0972900391
vt 0.231933594 0.128051758
vt 0.198974609 0.0664672852
vt 0.184082031 0.0348205566
vt 0.213256836 0.0977172852
vt 0.225341797 0.128662109
vt 0.232543945 0.159301758
vt 0.184448242 0.0661621094
vt 0.169555664 0.0343933105
vt 0.169799805 0.0657958984
vt 0.19921875 0.0977172852
vt 0.184692383 0.0974731445
vt 0.170043945 0.0971069336
vt 0.213623047 0.12902832
vt 0.225830078 0.159912109
vt 0.233276367 0.190673828
vt 0.184936523 0.128662109
vt 0.170288086 0.128295898
vt 0.199462891 0.12890625
vt 0.213867188 0.16015625
vt 0.226318359 0.191040039
vt 0.233886719 0.221801758
vt 0.185180664 0.159912109
vt 0.170532227 0.159545898
vt 0.199707031 0.16015625
vt 0.214233398 0.19128418
vt 0.226806641 0.222290039
vt 0.23449707 0.252929688
vt 0.185424805 0.190917969
vt 0.170898438 0.190551758
vt 0.199951172 0.19128418
vt 0.214477539 0.222412109
vt 0.227294922 0.253417969
vt 0.235229492 0.284179688
vt 0.185668945 0.222045898
vt 0.171264648 0.221557617
vt 0.200195312 0.222290039
vt 0.21484375 0.253417969
vt 0.227783203 0.284423828
vt 0.235839844 0.315185547
vt 0.185913086 0.252929688
vt 0.171630859 0.252685547
vt 0.200317383 0.253417969
vt 0.215087891 0.284423828
vt 0.228271484 0.315429688
vt 0.236572266 0.346191406
vt 0.186157227 0.283935547
vt 0.17199707 0.283447266
vt 0.200561523 0.284423828
vt 0.215332031 0.315429688
vt 0.228759766 0.346191406
vt 0.237304688 0.377197266
vt 0.186523438 0.314941406
vt 0.172363281 0.314453125
vt 0.200805664 0.315185547
vt 0.215454102 0.346191406
vt 0.229125977 0.377197266
vt 0.237915039 0.407958984
vt 0.186767578 0.345703125
vt 0.172851562 0.345458984
vt 0.201049805 0.346191406
vt 0.215698242 0.377197266
vt 0.229614258 0.407958984
vt 0.238647461 0.438720703
vt 0.187133789 0.376708984
vt 0.173217773 0.376220703
vt 0.201171875 0.376953125
vt 0.215820312 0.407958984
vt 0.229980469 0.438720703
vt 0.239379883 0.469482422
vt 0.1875 0.407470703
vt 0.173583984 0.407226562
vt 0.201416016 0.407714844
vt 0.216064453 0.438720703
vt 0.23034668 0.469238281
vt 0.239990234 0.5
vt 0.187866211 0.438232422
vt 0.173950195 0.437988281
vt 0.201782227 0.438476562
vt 0.216308594 0.469238281
vt 0.230712891 0.5
vt 0.240722656 0.530761719
vt 0.188232422 0.468994141
vt 0.174316406 0.46875
vt 0.202026367 0.469238281
vt 0.216552734 0.5
vt 0.231079102 0.530761719
vt 0.241333008 0.561523438
vt 0.188598633 0.499755859
vt 0.174682617 0.499511719
vt 0.202392578 0.499755859
vt 0.216796875 0.530761719
vt 0.231323242 0.561035156
vt 0.241943359 0.591796875
vt 0.188964844 0.530273438
vt 0.175048828 0.530273438
vt 0.202758789 0.530273438
vt 0.217041016 0.561035156
vt 0.231689453 0.591308594
vt 0.242553711 0.622558594
vt 0.189575195 0.561035156
vt 0.175415039 0.561035156
vt 0.20324707 0.561035156
vt 0.217285156 0.591796875
vt 0.231933594 0.622070312
vt 0.243164062 0.652832031
vt 0.190063477 0.591796875
vt 0.17590332 0.591796875
vt 0.203857422 0.591796875
vt 0.217651367 0.622070312
vt 0.232055664 0.65234375
vt 0.243774414 0.683105469
vt 0.190795898 0.622070312
vt 0.176391602 0.622558594
vt 0.204589844 0.622070312
vt 0.218017578 0.65234375
vt 0.232177734 0.682617188
vt 0.244262695 0.713378906
vt 0.19152832 0.652832031
vt 0.177124023 0.652832031
vt 0.205444336 0.65234375
vt 0.218505859 0.682617188
vt 0.232299805 0.712890625
vt 0.244873047 0.743652344
vt 0.192382812 0.683105469
vt 0.177978516 0.68359375
vt 0.206420898 0.683105469
vt 0.218994141 0.713378906
vt 0.193359375 0.713867188
vt 0.179077148 0.714355469
vt 0.207519531 0.713378906
vt 0.232055664 0.743164062
vt 0.194458008 0.744140625
vt 0.180419922 0.744628906
vt 0.208740234 0.743652344
vt 0.219604492 0.743652344
vt 0.195678711 0.774414062
vt 0.182006836 0.774902344
vt 0.209960938 0.773925781
vt 0.220581055 0.773925781
vt 0.231933594 0.7734375
vt 0.245239258 0.773925781
vt 0.197021484 0.8046875
vt 0.183837891 0.805175781
vt 0.211303711 0.804199219
vt 0.221557617 0.804199219
vt 0.247924805 0.774902344
vt 0.246948242 0.744628906
vt 0.248779297 0.805175781
vt 0.245727539 0.803710938
vt 0.250488281 0.835449219
vt 0.231689453 0.803710938
vt 0.246704102 0.833984375
vt 0.252685547 0.865234375
vt 0.232055664 0.833984375
vt 0.248291016 0.863769531
vt 0.255615234 0.895019531
vt 0.223388672 0.833984375
vt 0.232421875 0.864257812
vt 0.248168945 0.89453125
vt 0.258300781 0.924316406
vt 0.212768555 0.834472656
vt 0.226806641 0.864257812
vt 0.234619141 0.89453125
vt 0.248168945 0.924804688
vt 0.258789062 0.954589844
vt 0.239746094 0.923828125
vt 0.243041992 0.954589844
vt 0.247558594 0.981933594
vt 0.239013672 0.981933594
vt 0.231201172 0.952636719
vt 0.230102539 0.981933594
vt 0.234375 0.923828125
vt 0.214477539 0.864746094
vt 0.230834961 0.894042969
vt 0.216918945 0.895019531
vt 0.198486328 0.834960938
vt 0.186035156 0.835449219
vt 0.200317383 0.865234375
vt 0.188232422 0.865722656
vt 0.202148438 0.895507812
vt 0.191040039 0.895996094
vt 0.21862793 0.925292969
vt 0.228759766 0.954101562
vt 0.204833984 0.925292969
vt 0.193237305 0.926269531
vt 0.217163086 0.952636719
vt 0.203369141 0.956054688
vt 0.197875977 0.955566406
vt 0.221557617 0.981933594
vt 0.213623047 0.982421875
vt 0.20690918 0.982421875
vt 0.200805664 0.982421875
vt 0.232666016 0.0325622559
vt 0.23449707 0.0632324219
vt 0.234375 0.0315246582
vt 0.233032227 0.0642089844
vt 0.230102539 0.0335693359
vt 0.234619141 0.094909668
vt 0.230834961 0.0651245117
vt 0.233398438 0.0957641602
vt 0.234863281 0.126464844
vt 0.231323242 0.0965576172
vt 0.233886719 0.127197266
vt 0.235107422 0.158081055
vt 0.231933594 0.128051758
vt 0.23425293 0.158691406
vt 0.235351562 0.189575195
vt 0.232543945 0.159301758
vt 0.234741211 0.190063477
vt 0.235595703 0.220947266
vt 0.233276367 0.190673828
vt 0.235351562 0.221435547
vt 0.235839844 0.252197266
vt 0.233886719 0.221801758
vt 0.235839844 0.252685547
vt 0.23449707 0.252929688
vt 0.236450195 0.283935547
vt 0.235229492 0.284179688
vt 0.237060547 0.314941406
vt 0.235839844 0.315185547
vt 0.237670898 0.346191406
vt 0.236572266 0.346191406
vt 0.23828125 0.377197266
vt 0.237304688 0.377197266
vt 0.238891602 0.407958984
vt 0.237915039 0.407958984
vt 0.239501953 0.438964844
vt 0.238647461 0.438720703
vt 0.240112305 0.469726562
vt 0.239379883 0.469482422
vt 0.240844727 0.500488281
vt 0.239990234 0.5
vt 0.241455078 0.53125
vt 0.240722656 0.530761719
vt 0.2421875 0.562011719
vt 0.241333008 0.561523438
vt 0.242919922 0.592773438
vt 0.241943359 0.591796875
vt 0.243530273 0.623046875
vt 0.242553711 0.622558594
vt 0.244262695 0.653808594
vt 0.243164062 0.652832031
vt 0.245239258 0.684082031
vt 0.243774414 0.683105469
vt 0.24609375 0.714355469
vt 0.244262695 0.713378906
vt 0.246948242 0.744628906
vt 0.244873047 0.743652344
vt 0.276123047 0.0324707031
vt 0.280517578 0.0653076172
vt 0.280761719 0.0337524414
vt 0.276123047 0.0641479492
vt 0.267089844 0.03125
vt 0.280273438 0.096862793
vt 0.267089844 0.0630493164
vt 0.252685547 0.0305023193
vt 0.276123047 0.0957641602
vt 0.279541016 0.128295898
vt 0.252685547 0.0623168945
vt 0.240112305 0.0306854248
vt 0.267089844 0.0947265625
vt 0.276123047 0.127319336
vt 0.240112305 0.0624694824
vt 0.234375 0.0315246582
vt 0.23449707 0.0632324219
vt 0.252685547 0.0941162109
vt 0.267089844 0.126464844
vt 0.275878906 0.158935547
vt 0.240112305 0.0942382812
vt 0.234619141 0.094909668
vt 0.252685547 0.125732422
vt 0.267089844 0.157958984
vt 0.275634766 0.190307617
vt 0.240234375 0.125854492
vt 0.234863281 0.126464844
vt 0.252685547 0.157470703
vt 0.266845703 0.189575195
vt 0.275390625 0.221801758
vt 0.240234375 0.157470703
vt 0.235107422 0.158081055
vt 0.252685547 0.189086914
vt 0.266845703 0.221069336
vt 0.275146484 0.253173828
vt 0.240234375 0.189086914
vt 0.235351562 0.189575195
vt 0.252685547 0.220581055
vt 0.266845703 0.252441406
vt 0.274658203 0.284423828
vt 0.240356445 0.220581055
vt 0.235595703 0.220947266
vt 0.252441406 0.251953125
vt 0.266845703 0.283935547
vt 0.274169922 0.315673828
vt 0.240356445 0.251953125
vt 0.235839844 0.252197266
vt 0.252441406 0.283447266
vt 0.266601562 0.315185547
vt 0.273681641 0.346679688
vt 0.240356445 0.283447266
vt 0.236083984 0.283691406
vt 0.252441406 0.314941406
vt 0.266357422 0.346435547
vt 0.273193359 0.377929688
vt 0.240356445 0.314697266
vt 0.236450195 0.314941406
vt 0.252197266 0.346191406
vt 0.266357422 0.377685547
vt 0.272705078 0.408935547
vt 0.240234375 0.345947266
vt 0.236694336 0.345947266
vt 0.252197266 0.377441406
vt 0.266113281 0.408935547
vt 0.272216797 0.439941406
vt 0.240356445 0.377197266
vt 0.237060547 0.377197266
vt 0.240234375 0.408447266
vt 0.251953125 0.408447266
vt 0.265869141 0.439941406
vt 0.271728516 0.470703125
vt 0.251708984 0.439697266
vt 0.240234375 0.439453125
vt 0.265869141 0.470947266
vt 0.271240234 0.501464844
vt 0.251708984 0.470703125
vt 0.240234375 0.470458984
vt 0.265625 0.501953125
vt 0.270751953 0.532226562
vt 0.251464844 0.501953125
vt 0.240356445 0.501464844
vt 0.265380859 0.532714844
vt 0.270507812 0.563476562
vt 0.251708984 0.532714844
vt 0.240234375 0.532714844
vt 0.265380859 0.563476562
vt 0.270019531 0.59375
vt 0.251464844 0.563964844
vt 0.240478516 0.563476562
vt 0.265380859 0.594726562
vt 0.270019531 0.624511719
vt 0.251464844 0.594726562
vt 0.240600586 0.594238281
vt 0.265380859 0.625
vt 0.270019531 0.655273438
vt 0.251220703 0.625488281
vt 0.240966797 0.625
vt 0.265380859 0.65625
vt 0.270019531 0.685546875
vt 0.251708984 0.65625
vt 0.240844727 0.655761719
vt 0.265869141 0.686523438
vt 0.270507812 0.715820312
vt 0.251708984 0.687011719
vt 0.241333008 0.686035156
vt 0.265869141 0.717285156
vt 0.271240234 0.746582031
vt 0.251953125 0.717773438
vt 0.241699219 0.716796875
vt 0.266357422 0.747558594
vt 0.272460938 0.776855469
vt 0.252197266 0.748046875
vt 0.24206543 0.747558594
vt 0.266845703 0.778320312
vt 0.274414062 0.807128906
vt 0.252929688 0.778808594
vt 0.242431641 0.777832031
vt 0.268066406 0.80859375
vt 0.278320312 0.836914062
vt 0.253417969 0.809082031
vt 0.242919922 0.808105469
vt 0.270263672 0.838867188
vt 0.282470703 0.8671875
vt 0.255371094 0.839355469
vt 0.243774414 0.838378906
vt 0.272705078 0.869140625
vt 0.287109375 0.896972656
vt 0.257568359 0.869628906
vt 0.244873047 0.868652344
vt 0.274658203 0.898925781
vt 0.259765625 0.899414062
vt 0.245117188 0.899414062
vt 0.287353516 0.926757812
vt 0.291992188 0.924316406
vt 0.260009766 0.930175781
vt 0.246948242 0.929199219
vt 0.271972656 0.924804688
vt 0.282226562 0.951171875
vt 0.293212891 0.952148438
vt 0.280517578 0.956054688
vt 0.29296875 0.981445312
vt 0.299072266 0.981445312
vt 0.286621094 0.981445312
vt 0.280517578 0.981445312
vt 0.267822266 0.952636719
vt 0.274414062 0.981445312
vt 0.264160156 0.958496094
vt 0.268310547 0.981445312
vt 0.258300781 0.953125
vt 0.261962891 0.981933594
vt 0.246826172 0.952636719
vt 0.255371094 0.981933594
vt 0.283935547 0.0350036621
vt 0.286132812 0.067565918
vt 0.287597656 0.0362548828
vt 0.283203125 0.0664672852
vt 0.280761719 0.0337524414
vt 0.284912109 0.0988769531
vt 0.280517578 0.0653076172
vt 0.282226562 0.0978393555
vt 0.283447266 0.130126953
vt 0.280273438 0.096862793
vt 0.281005859 0.129150391
vt 0.282226562 0.161254883
vt 0.279541016 0.128295898
vt 0.279785156 0.160400391
vt 0.280761719 0.192382812
vt 0.278564453 0.191650391
vt 0.279541016 0.223388672
vt 0.279052734 0.159667969
vt 0.27734375 0.22277832
vt 0.278076172 0.254394531
vt 0.275878906 0.25390625
vt 0.276855469 0.285400391
vt 0.274414062 0.284912109
vt 0.275634766 0.316162109
vt 0.272949219 0.315917969
vt 0.274414062 0.346923828
vt 0.271484375 0.346679688
vt 0.2734375 0.377685547
vt 0.270019531 0.377685547
vt 0.272460938 0.408447266
vt 0.268554688 0.408447266
vt 0.278320312 0.191040039
vt 0.277587891 0.222290039
vt 0.275878906 0.158935547
vt 0.276123047 0.127319336
vt 0.276123047 0.0957641602
vt 0.275634766 0.190307617
vt 0.275390625 0.221801758
vt 0.276611328 0.253417969
vt 0.275146484 0.253173828
vt 0.275634766 0.284667969
vt 0.274658203 0.284423828
vt 0.274658203 0.315673828
vt 0.274169922 0.315673828
vt 0.337158203 0.0409851074
vt 0.343261719 0.0708007812
vt 0.342773438 0.0396728516
vt 0.337158203 0.0720214844
vt 0.32421875 0.0413208008
vt 0.343505859 0.101867676
vt 0.32421875 0.072265625
vt 0.310302734 0.0404663086
vt 0.337158203 0.102966309
vt 0.34375 0.13293457
vt 0.310058594 0.0715332031
vt 0.299560547 0.0390625
vt 0.323974609 0.103210449
vt 0.337158203 0.133911133
vt 0.344238281 0.16394043
vt 0.299072266 0.0702514648
vt 0.292480469 0.0376281738
vt 0.310058594 0.102539062
vt 0.323974609 0.134155273
vt 0.337158203 0.164794922
vt 0.344482422 0.194824219
vt 0.291259766 0.0688476562
vt 0.287597656 0.0362548828
vt 0.286132812 0.067565918
vt 0.298583984 0.101318359
vt 0.290039062 0.100036621
vt 0.284912109 0.0988769531
vt 0.309814453 0.133422852
vt 0.323974609 0.164916992
vt 0.337402344 0.195678711
vt 0.344726562 0.225708008
vt 0.2890625 0.131225586
vt 0.283447266 0.130126953
vt 0.297851562 0.132324219
vt 0.309814453 0.164306641
vt 0.323730469 0.195800781
vt 0.337402344 0.22644043
vt 0.344970703 0.256591797
vt 0.288085938 0.162231445
vt 0.282226562 0.161254883
vt 0.297607422 0.163330078
vt 0.309570312 0.19519043
vt 0.323730469 0.2265625
vt 0.337402344 0.257324219
vt 0.345214844 0.287353516
vt 0.287109375 0.193237305
vt 0.280761719 0.192382812
vt 0.297119141 0.194335938
vt 0.309570312 0.226074219
vt 0.323730469 0.257324219
vt 0.337402344 0.287841797
vt 0.345458984 0.318115234
vt 0.286376953 0.224243164
vt 0.279541016 0.223388672
vt 0.296875 0.225219727
vt 0.309570312 0.256835938
vt 0.323730469 0.287841797
vt 0.337402344 0.318603516
vt 0.345703125 0.348876953
vt 0.285644531 0.255126953
vt 0.278076172 0.254394531
vt 0.296630859 0.256103516
vt 0.309570312 0.287597656
vt 0.323730469 0.318603516
vt 0.337402344 0.349365234
vt 0.345947266 0.379638672
vt 0.284912109 0.286132812
vt 0.276855469 0.285400391
vt 0.296386719 0.286865234
vt 0.309570312 0.318115234
vt 0.323730469 0.349121094
vt 0.337646484 0.379882812
vt 0.345947266 0.41015625
vt 0.284423828 0.316894531
vt 0.275634766 0.316162109
vt 0.296386719 0.317626953
vt 0.309570312 0.348876953
vt 0.323730469 0.379882812
vt 0.337646484 0.410400391
vt 0.346191406 0.440917969
vt 0.283691406 0.34765625
vt 0.274414062 0.346923828
vt 0.296386719 0.348144531
vt 0.309814453 0.379394531
vt 0.323486328 0.410400391
vt 0.337646484 0.440917969
vt 0.346435547 0.471435547
vt 0.283447266 0.378417969
vt 0.2734375 0.377685547
vt 0.296142578 0.37890625
vt 0.309814453 0.409912109
vt 0.323486328 0.440917969
vt 0.337646484 0.471435547
vt 0.346679688 0.501953125
vt 0.282958984 0.408935547
vt 0.272460938 0.408447266
vt 0.296630859 0.409423828
vt 0.310546875 0.440185547
vt 0.323242188 0.471191406
vt 0.337402344 0.501953125
vt 0.346679688 0.532226562
vt 0.297607422 0.439697266
vt 0.283447266 0.439453125
vt 0.311279297 0.470458984
vt 0.323242188 0.501464844
vt 0.337158203 0.532226562
vt 0.346923828 0.5625
vt 0.298339844 0.469970703
vt 0.271728516 0.439208984
vt 0.268554688 0.408447266
vt 0.267333984 0.439208984
vt 0.311767578 0.500976562
vt 0.322998047 0.532226562
vt 0.336669922 0.5625
vt 0.346923828 0.593261719
vt 0.284179688 0.469970703
vt 0.271240234 0.469970703
vt 0.265869141 0.469970703
vt 0.299072266 0.500488281
vt 0.3125 0.53125
vt 0.322998047 0.562011719
vt 0.336181641 0.592773438
vt 0.346679688 0.623535156
vt 0.271240234 0.500488281
vt 0.264892578 0.500488281
vt 0.284912109 0.500488281
vt 0.299560547 0.530761719
vt 0.312988281 0.561523438
vt 0.322509766 0.592773438
vt 0.335205078 0.623535156
vt 0.346435547 0.653808594
vt 0.271728516 0.53125
vt 0.263916016 0.53125
vt 0.285644531 0.530761719
vt 0.300048828 0.561035156
vt 0.313476562 0.591796875
vt 0.322509766 0.622558594
vt 0.334472656 0.653320312
vt 0.346191406 0.684082031
vt 0.271972656 0.561523438
vt 0.263671875 0.562011719
vt 0.286376953 0.561523438
vt 0.300537109 0.591308594
vt 0.313720703 0.622070312
vt 0.322021484 0.652832031
vt 0.333496094 0.68359375
vt 0.345458984 0.714355469
vt 0.272705078 0.592285156
vt 0.263183594 0.592285156
vt 0.287109375 0.591796875
vt 0.30078125 0.621582031
vt 0.314208984 0.65234375
vt 0.321777344 0.683105469
vt 0.332763672 0.713867188
vt 0.344970703 0.744628906
vt 0.273925781 0.622558594
vt 0.262939453 0.623046875
vt 0.287841797 0.622070312
vt 0.30078125 0.651855469
vt 0.314208984 0.682617188
vt 0.321289062 0.713378906
vt 0.331542969 0.744140625
vt 0.344726562 0.774902344
vt 0.273925781 0.652832031
vt 0.263671875 0.653320312
vt 0.288085938 0.65234375
vt 0.301025391 0.682128906
vt 0.314453125 0.712890625
vt 0.321289062 0.743652344
vt 0.331054688 0.773925781
vt 0.345947266 0.8046875
vt 0.275878906 0.683105469
vt 0.263916016 0.684082031
vt 0.288818359 0.682617188
vt 0.301025391 0.712890625
vt 0.314697266 0.743164062
vt 0.321777344 0.773925781
vt 0.331054688 0.804199219
vt 0.347412109 0.834960938
vt 0.276611328 0.713378906
vt 0.264892578 0.714355469
vt 0.289794922 0.712890625
vt 0.30078125 0.743164062
vt 0.314941406 0.7734375
vt 0.323974609 0.803710938
vt 0.332763672 0.834472656
vt 0.349365234 0.864746094
vt 0.278320312 0.743164062
vt 0.265869141 0.744628906
vt 0.290283203 0.743164062
vt 0.300537109 0.7734375
vt 0.316162109 0.803710938
vt 0.327880859 0.833984375
vt 0.333984375 0.864257812
vt 0.349609375 0.895019531
vt 0.356201172 0.895019531
vt 0.335693359 0.89453125
vt 0.357666016 0.92578125
vt 0.349609375 0.924804688
vt 0.336425781 0.924316406
vt 0.355957031 0.955078125
vt 0.318359375 0.833984375
vt 0.331787109 0.863769531
vt 0.342041016 0.954101562
vt 0.341796875 0.980957031
vt 0.348632812 0.980957031
vt 0.335693359 0.980957031
vt 0.301757812 0.803710938
vt 0.320800781 0.864257812
vt 0.335449219 0.894042969
vt 0.325439453 0.921386719
vt 0.339599609 0.952148438
vt 0.329589844 0.980957031
vt 0.322998047 0.894042969
vt 0.327880859 0.951171875
vt 0.323486328 0.980957031
vt 0.322021484 0.953613281
vt 0.317382812 0.980957031
vt 0.303710938 0.833984375
vt 0.305664062 0.864257812
vt 0.316162109 0.950683594
vt 0.311279297 0.980957031
vt 0.306640625 0.89453125
vt 0.324951172 0.924316406
vt 0.312255859 0.924316406
vt 0.303710938 0.951171875
vt 0.305175781 0.981445312
vt 0.306152344 0.922363281
vt 0.299072266 0.893554688
vt 0.298828125 0.863769531
vt 0.296386719 0.833496094
vt 0.298583984 0.953125
vt 0.299072266 0.981445312
vt 0.293212891 0.952148438
vt 0.283203125 0.925292969
vt 0.295654297 0.923828125
vt 0.278564453 0.895507812
vt 0.293212891 0.893066406
vt 0.275146484 0.865234375
vt 0.288818359 0.863769531
vt 0.271728516 0.834960938
vt 0.28515625 0.833984375
vt 0.268798828 0.805175781
vt 0.282226562 0.803710938
vt 0.267089844 0.774902344
vt 0.293457031 0.803710938
vt 0.279296875 0.773925781
vt 0.291503906 0.7734375
vt 0.335693359 0.0366516113
vt 0.333007812 0.0665283203
vt 0.332763672 0.0351257324
vt 0.336181641 0.0679931641
vt 0.340820312 0.0381469727
vt 0.333496094 0.0979003906
vt 0.341308594 0.0693359375
vt 0.342773438 0.0396728516
vt 0.343261719 0.0708007812
vt 0.336669922 0.0992431641
vt 0.333740234 0.129272461
vt 0.341796875 0.100524902
vt 0.343505859 0.101867676
vt 0.336914062 0.130493164
vt 0.333984375 0.160522461
vt 0.342285156 0.131713867
vt 0.34375 0.13293457
vt 0.337402344 0.161621094
vt 0.334228516 0.191772461
vt 0.342529297 0.162719727
vt 0.344238281 0.16394043
vt 0.337646484 0.192871094
vt 0.334472656 0.223022461
vt 0.343017578 0.193847656
vt 0.344482422 0.194824219
vt 0.338134766 0.223876953
vt 0.334716797 0.254150391
vt 0.343505859 0.224853516
vt 0.344726562 0.225708008
vt 0.338378906 0.254882812
vt 0.334960938 0.28515625
vt 0.34375 0.255859375
vt 0.344970703 0.256591797
vt 0.338867188 0.285888672
vt 0.335205078 0.316162109
vt 0.344238281 0.286621094
vt 0.345214844 0.287353516
vt 0.339111328 0.316894531
vt 0.335449219 0.347167969
vt 0.344482422 0.317626953
vt 0.345458984 0.318115234
vt 0.339355469 0.347900391
vt 0.335693359 0.378173828
vt 0.344726562 0.348388672
vt 0.345703125 0.348876953
vt 0.339599609 0.378662109
vt 0.3359375 0.409179688
vt 0.344970703 0.379150391
vt 0.345947266 0.379638672
vt 0.33984375 0.409423828
vt 0.336181641 0.439941406
vt 0.345214844 0.409912109
vt 0.345947266 0.41015625
vt 0.340087891 0.440185547
vt 0.336181641 0.470703125
vt 0.345458984 0.440429688
vt 0.346191406 0.440917969
vt 0.340087891 0.470947266
vt 0.336425781 0.501464844
vt 0.345703125 0.471191406
vt 0.346435547 0.471435547
vt 0.340332031 0.501464844
vt 0.336425781 0.532226562
vt 0.345703125 0.501953125
vt 0.346679688 0.501953125
vt 0.340576172 0.532226562
vt 0.336425781 0.562988281
vt 0.345947266 0.532226562
vt 0.346679688 0.532226562
vt 0.340576172 0.562988281
vt 0.336425781 0.59375
vt 0.346191406 0.562988281
vt 0.346923828 0.5625
vt 0.340820312 0.593261719
vt 0.336181641 0.624023438
vt 0.346679688 0.593261719
vt 0.346923828 0.593261719
vt 0.340820312 0.624023438
vt 0.3359375 0.654785156
vt 0.346923828 0.623535156
vt 0.346679688 0.623535156
vt 0.340820312 0.654296875
vt 0.335693359 0.685058594
vt 0.347167969 0.654296875
vt 0.340820312 0.684570312
vt 0.335205078 0.715332031
vt 0.347412109 0.684570312
vt 0.340576172 0.715332031
vt 0.334472656 0.745605469
vt 0.347412109 0.71484375
vt 0.340332031 0.745605469
vt 0.334472656 0.776367188
vt 0.347412109 0.745117188
vt 0.340576172 0.775878906
vt 0.335205078 0.806640625
vt 0.347900391 0.775390625
vt 0.341552734 0.806152344
vt 0.336914062 0.836914062
vt 0.349121094 0.805664062
vt 0.342529297 0.8359375
vt 0.338623047 0.866699219
vt 0.351318359 0.835449219
vt 0.343261719 0.866210938
vt 0.339599609 0.896972656
vt 0.353271484 0.865722656
vt 0.34765625 0.895996094
vt 0.341796875 0.926757812
vt 0.356201172 0.895019531
vt 0.343994141 0.924804688
vt 0.343261719 0.95703125
vt 0.357666016 0.92578125
vt 0.354736328 0.952148438
vt 0.355957031 0.98046875
vt 0.355957031 0.955078125
vt 0.332763672 0.0351257324
vt 0.337158203 0.065246582
vt 0.336914062 0.0337219238
vt 0.333007812 0.0665283203
vt 0.337158203 0.0966796875
vt 0.333496094 0.0979003906
vt 0.337402344 0.128173828
vt 0.333740234 0.129272461
vt 0.337646484 0.159545898
vt 0.333984375 0.160522461
vt 0.337890625 0.190795898
vt 0.334228516 0.191772461
vt 0.338134766 0.222045898
vt 0.334472656 0.223022461
vt 0.338378906 0.253417969
vt 0.334716797 0.254150391
vt 0.338623047 0.284423828
vt 0.334960938 0.28515625
vt 0.338867188 0.315673828
vt 0.335205078 0.316162109
vt 0.339111328 0.346679688
vt 0.335449219 0.347167969
vt 0.339355469 0.377685547
vt 0.335693359 0.378173828
vt 0.339599609 0.408691406
vt 0.3359375 0.409179688
vt 0.33984375 0.439697266
vt 0.402099609 0.0377807617
vt 0.409667969 0.0701293945
vt 0.41015625 0.0389709473
vt 0.401855469 0.0690307617
vt 0.393798828 0.0365905762
vt 0.409423828 0.101257324
vt 0.394042969 0.0679321289
vt 0.385498047 0.0354003906
vt 0.401855469 0.100219727
vt 0.409667969 0.132324219
vt 0.385742188 0.0668334961
vt 0.375976562 0.0342407227
vt 0.394042969 0.0992431641
vt 0.401855469 0.131347656
vt 0.41015625 0.163330078
vt 0.375976562 0.0657958984
vt 0.36328125 0.0333557129
vt 0.385742188 0.0982055664
vt 0.394042969 0.130493164
vt 0.402099609 0.162475586
vt 0.410644531 0.194213867
vt 0.363525391 0.0649414062
vt 0.348876953 0.0330505371
vt 0.376220703 0.0972290039
vt 0.385742188 0.129516602
vt 0.394287109 0.161621094
vt 0.40234375 0.193481445
vt 0.410644531 0.225097656
vt 0.349121094 0.0646362305
vt 0.336914062 0.0337219238
vt 0.337158203 0.065246582
vt 0.363769531 0.0964355469
vt 0.349365234 0.0961303711
vt 0.337158203 0.0966796875
vt 0.376220703 0.128662109
vt 0.385986328 0.160766602
vt 0.394287109 0.192749023
vt 0.349609375 0.127563477
vt 0.337402344 0.128173828
vt 0.364013672 0.127929688
vt 0.376464844 0.16003418
vt 0.349853516 0.159057617
vt 0.337646484 0.159545898
vt 0.364257812 0.159301758
vt 0.385742188 0.192016602
vt 0.40234375 0.224487305
vt 0.410644531 0.256103516
vt 0.350097656 0.190429688
vt 0.337890625 0.190795898
vt 0.364501953 0.190673828
vt 0.376464844 0.19128418
vt 0.394042969 0.223876953
vt 0.40234375 0.255371094
vt 0.410888672 0.286865234
vt 0.350341797 0.221679688
vt 0.338134766 0.222045898
vt 0.364746094 0.222045898
vt 0.376464844 0.22253418
vt 0.385742188 0.223266602
vt 0.394042969 0.254882812
vt 0.40234375 0.286376953
vt 0.411376953 0.317626953
vt 0.350585938 0.252929688
vt 0.338378906 0.253417969
vt 0.364990234 0.253173828
vt 0.376464844 0.253662109
vt 0.385742188 0.254394531
vt 0.393798828 0.285888672
vt 0.40234375 0.317138672
vt 0.411865234 0.348144531
vt 0.351074219 0.284179688
vt 0.338623047 0.284423828
vt 0.365234375 0.284423828
vt 0.376708984 0.284912109
vt 0.385742188 0.285400391
vt 0.393798828 0.316650391
vt 0.402587891 0.347900391
vt 0.412597656 0.37890625
vt 0.351318359 0.315429688
vt 0.338867188 0.315673828
vt 0.365478516 0.315673828
vt 0.376708984 0.315917969
vt 0.385498047 0.31640625
vt 0.393554688 0.34765625
vt 0.402587891 0.378662109
vt 0.413330078 0.409423828
vt 0.3515625 0.346435547
vt 0.339111328 0.346679688
vt 0.365722656 0.346679688
vt 0.376708984 0.346923828
vt 0.385253906 0.347412109
vt 0.393066406 0.378417969
vt 0.40234375 0.409179688
vt 0.413818359 0.440185547
vt 0.351806641 0.377685547
vt 0.339355469 0.377685547
vt 0.365966797 0.377685547
vt 0.376708984 0.377929688
vt 0.385009766 0.378173828
vt 0.392333984 0.409179688
vt 0.402099609 0.439941406
vt 0.414306641 0.470703125
vt 0.352050781 0.408691406
vt 0.339599609 0.408691406
vt 0.366210938 0.408691406
vt 0.376464844 0.408935547
vt 0.384277344 0.408935547
vt 0.391601562 0.439697266
vt 0.402099609 0.470458984
vt 0.414794922 0.500976562
vt 0.352294922 0.439697266
vt 0.33984375 0.439697266
vt 0.366210938 0.439697266
vt 0.376220703 0.439697266
vt 0.383544922 0.439697266
vt 0.390869141 0.470458984
vt 0.401855469 0.500976562
vt 0.415283203 0.531738281
vt 0.382568359 0.470458984
vt 0.375732422 0.470458984
vt 0.366455078 0.470703125
vt 0.390136719 0.500976562
vt 0.401611328 0.53125
vt 0.415527344 0.562011719
vt 0.381835938 0.500976562
vt 0.389648438 0.53125
vt 0.401611328 0.562011719
vt 0.415527344 0.592285156
vt 0.375488281 0.501464844
vt 0.352783203 0.470703125
vt 0.381103516 0.531738281
vt 0.388916016 0.562011719
vt 0.401367188 0.592285156
vt 0.415283203 0.622558594
vt 0.366699219 0.501464844
vt 0.375 0.531738281
vt 0.380126953 0.562011719
vt 0.388427734 0.592285156
vt 0.401123047 0.622558594
vt 0.415039062 0.652832031
vt 0.401123047 0.652832031
vt 0.414550781 0.683105469
vt 0.387939453 0.622558594
vt 0.379394531 0.592773438
vt 0.374511719 0.5625
vt 0.366699219 0.532226562
vt 0.400878906 0.683105469
vt 0.413818359 0.713378906
vt 0.387207031 0.652832031
vt 0.378662109 0.623046875
vt 0.374023438 0.593261719
vt 0.400634766 0.713378906
vt 0.412841797 0.743652344
vt 0.386962891 0.683105469
vt 0.377929688 0.653320312
vt 0.400390625 0.743164062
vt 0.412109375 0.773925781
vt 0.386474609 0.712890625
vt 0.400634766 0.7734375
vt 0.412109375 0.804199219
vt 0.366699219 0.562988281
vt 0.373535156 0.623535156
vt 0.377197266 0.68359375
vt 0.386230469 0.743164062
vt 0.402099609 0.803710938
vt 0.412597656 0.833984375
vt 0.366943359 0.59375
vt 0.373046875 0.654296875
vt 0.376464844 0.713867188
vt 0.386474609 0.7734375
vt 0.404296875 0.833496094
vt 0.412841797 0.864257812
vt 0.388427734 0.803222656
vt 0.375732422 0.743652344
vt 0.372558594 0.684570312
vt 0.366943359 0.624023438
vt 0.390869141 0.833496094
vt 0.406494141 0.863769531
vt 0.375732422 0.773925781
vt 0.372314453 0.71484375
vt 0.366699219 0.654785156
vt 0.376953125 0.803710938
vt 0.379150391 0.833984375
vt 0.372802734 0.775390625
vt 0.393798828 0.86328125
vt 0.408447266 0.893554688
vt 0.381347656 0.864257812
vt 0.395996094 0.893554688
vt 0.408691406 0.923828125
vt 0.384277344 0.894042969
vt 0.397705078 0.923339844
vt 0.386230469 0.923828125
vt 0.410400391 0.953613281
vt 0.399169922 0.953125
vt 0.401123047 0.979980469
vt 0.406738281 0.979980469
vt 0.395263672 0.98046875
vt 0.396484375 0.952148438
vt 0.389160156 0.98046875
vt 0.383056641 0.950195312
vt 0.3828125 0.98046875
vt 0.391601562 0.925292969
vt 0.379150391 0.925292969
vt 0.379394531 0.896972656
vt 0.388427734 0.895019531
vt 0.376464844 0.866699219
vt 0.383544922 0.865234375
vt 0.373046875 0.836914062
vt 0.37890625 0.835449219
vt 0.369873047 0.806640625
vt 0.375244141 0.805175781
vt 0.367675781 0.776367188
vt 0.365722656 0.897460938
vt 0.363037109 0.867675781
vt 0.360351562 0.837890625
vt 0.357666016 0.807617188
vt 0.35546875 0.77734375
vt 0.366943359 0.927734375
vt 0.3828125 0.955566406
vt 0.366699219 0.74609375
vt 0.354736328 0.747070312
vt 0.372070312 0.745117188
vt 0.366699219 0.715820312
vt 0.354736328 0.716308594
vt 0.366943359 0.685058594
vt 0.354492188 0.686035156
vt 0.354248047 0.655273438
vt 0.354003906 0.624511719
vt 0.353759766 0.59375
vt 0.353515625 0.562988281
vt 0.353271484 0.532226562
vt 0.353027344 0.501464844
vt 0.340087891 0.470703125
vt 0.340332031 0.501464844
vt 0.336181641 0.439941406
vt 0.3359375 0.409179688
vt 0.336181641 0.470703125
vt 0.336425781 0.501464844
vt 0.340332031 0.532226562
vt 0.336425781 0.532226562
vt 0.340576172 0.562988281
vt 0.336425781 0.562988281
vt 0.340576172 0.59375
vt 0.336425781 0.59375
vt 0.340820312 0.624511719
vt 0.336181641 0.624023438
vt 0.340820312 0.655273438
vt 0.3359375 0.654785156
vt 0.340820312 0.685546875
vt 0.335693359 0.685058594
vt 0.340820312 0.716308594
vt 0.335205078 0.715332031
vt 0.340820312 0.746582031
vt 0.334472656 0.745605469
vt 0.341552734 0.776855469
vt 0.334472656 0.776367188
vt 0.343017578 0.807617188
vt 0.335205078 0.806640625
vt 0.345703125 0.837890625
vt 0.336914062 0.836914062
vt 0.348388672 0.868164062
vt 0.338623047 0.866699219
vt 0.350585938 0.8984375
vt 0.339599609 0.896972656
vt 0.353027344 0.928222656
vt 0.341796875 0.926757812
vt 0.369384766 0.951171875
vt 0.360839844 0.95703125
vt 0.343261719 0.95703125
vt 0.376464844 0.98046875
vt 0.369873047 0.98046875
vt 0.363037109 0.98046875
vt 0.355957031 0.98046875
vt 0.277587891 0.222290039
vt 0.275878906 0.25390625
vt 0.27734375 0.22277832
vt 0.276611328 0.253417969
vt 0.274414062 0.284912109
vt 0.275634766 0.284667969
vt 0.272949219 0.315917969
vt 0.274658203 0.315673828
vt 0.271484375 0.346679688
vt 0.2734375 0.346679688
vt 0.274169922 0.315673828
vt 0.270019531 0.377685547
vt 0.273681641 0.346679688
vt 0.272216797 0.377685547
vt 0.268554688 0.408447266
vt 0.273193359 0.377929688
vt 0.270996094 0.408691406
vt 0.267333984 0.439208984
vt 0.272705078 0.408935547
vt 0.269775391 0.439453125
vt 0.265869141 0.469970703
vt 0.272216797 0.439941406
vt 0.268798828 0.470458984
vt 0.264892578 0.500488281
vt 0.271728516 0.470703125
vt 0.267822266 0.500976562
vt 0.263916016 0.53125
vt 0.271240234 0.501464844
vt 0.266845703 0.531738281
vt 0.263671875 0.562011719
vt 0.270751953 0.532226562
vt 0.266113281 0.5625
vt 0.263183594 0.592285156
vt 0.270507812 0.563476562
vt 0.265136719 0.593261719
vt 0.262939453 0.623046875
vt 0.270019531 0.59375
vt 0.264892578 0.624023438
vt 0.263671875 0.653320312
vt 0.270019531 0.624511719
vt 0.264648438 0.654296875
vt 0.263916016 0.684082031
vt 0.270019531 0.655273438
vt 0.264648438 0.684570312
vt 0.264892578 0.714355469
vt 0.270019531 0.685546875
vt 0.264648438 0.715332031
vt 0.270507812 0.715820312
vt 0.265625 0.745605469
vt 0.271240234 0.746582031
vt 0.266601562 0.775878906
vt 0.272460938 0.776855469
vt 0.268310547 0.806152344
vt 0.274414062 0.807128906
vt 0.271972656 0.836425781
vt 0.278320312 0.836914062
vt 0.276123047 0.866210938
vt 0.282470703 0.8671875
vt 0.275146484 0.865234375
vt 0.271728516 0.834960938
vt 0.278564453 0.895507812
vt 0.28515625 0.895019531
vt 0.287109375 0.896972656
vt 0.283203125 0.925292969
vt 0.291992188 0.924316406
vt 0.235839844 0.252685547
vt 0.236083984 0.283691406
vt 0.235839844 0.252197266
vt 0.236450195 0.283935547
vt 0.236450195 0.314941406
vt 0.237060547 0.314941406
vt 0.236694336 0.345947266
vt 0.237670898 0.346191406
vt 0.237060547 0.377197266
vt 0.23828125 0.377197266
vt 0.237304688 0.408203125
vt 0.238891602 0.407958984
vt 0.237670898 0.439208984
vt 0.239501953 0.438964844
vt 0.238037109 0.470214844
vt 0.240112305 0.469726562
vt 0.23828125 0.500976562
vt 0.240844727 0.500488281
vt 0.238891602 0.531738281
vt 0.241455078 0.53125
vt 0.239135742 0.5625
vt 0.2421875 0.562011719
vt 0.239746094 0.593261719
vt 0.242919922 0.592773438
vt 0.240234375 0.624023438
vt 0.243530273 0.623046875
vt 0.240966797 0.654785156
vt 0.244262695 0.653808594
vt 0.241333008 0.685058594
vt 0.245239258 0.684082031
vt 0.241333008 0.686035156
vt 0.240844727 0.655761719
vt 0.241699219 0.716796875
vt 0.24206543 0.715820312
vt 0.24609375 0.714355469
vt 0.24206543 0.747558594
vt 0.242431641 0.74609375
vt 0.242431641 0.777832031
vt 0.242919922 0.776367188
vt 0.242919922 0.808105469
vt 0.243164062 0.806640625
vt 0.243774414 0.838378906
vt 0.244262695 0.836914062
vt 0.244873047 0.868652344
vt 0.237060547 0.377197266
vt 0.237304688 0.408203125
vt 0.240234375 0.408447266
vt 0.240234375 0.439453125
vt 0.237670898 0.439208984
vt 0.240234375 0.470458984
vt 0.238037109 0.470214844
vt 0.240356445 0.501464844
vt 0.23828125 0.500976562
vt 0.240234375 0.532714844
vt 0.238891602 0.531738281
vt 0.240478516 0.563476562
vt 0.239135742 0.5625
vt 0.240600586 0.594238281
vt 0.239746094 0.593261719
vt 0.240966797 0.625
vt 0.240234375 0.624023438
vt 0.240844727 0.655761719
vt 0.240966797 0.654785156
vt 0.346679688 0.623535156
vt 0.347167969 0.654296875
vt 0.346923828 0.623535156
vt 0.346435547 0.653808594
vt 0.347412109 0.684570312
vt 0.346435547 0.653808594
vt 0.346191406 0.684082031
vt 0.347412109 0.684570312
vt 0.347412109 0.71484375
vt 0.345458984 0.714355469
vt 0.347412109 0.745117188
vt 0.344970703 0.744628906
vt 0.347900391 0.775390625
vt 0.344726562 0.774902344
vt 0.349121094 0.805664062
vt 0.345947266 0.8046875
vt 0.351318359 0.835449219
vt 0.347412109 0.834960938
vt 0.353271484 0.865722656
vt 0.349365234 0.864746094
vt 0.356201172 0.895019531
vt 0.24609375 0.714355469
vt 0.246948242 0.744628906
vt 0.242431641 0.74609375
vt 0.242919922 0.776367188
vt 0.247924805 0.774902344
vt 0.243164062 0.806640625
vt 0.248779297 0.805175781
vt 0.244262695 0.836914062
vt 0.250488281 0.835449219
vt 0.24621582 0.8671875
vt 0.244873047 0.868652344
vt 0.252685547 0.865234375
vt 0.245117188 0.899414062
vt 0.251708984 0.896972656
vt 0.246948242 0.929199219
vt 0.255615234 0.895019531
vt 0.255859375 0.926269531
vt 0.258300781 0.924316406
vt 0.246826172 0.952636719
vt 0.258789062 0.954589844
vt 0.255371094 0.981933594
vt 0.264648438 0.715332031
vt 0.265869141 0.744628906
vt 0.264892578 0.714355469
vt 0.265625 0.745605469
vt 0.267089844 0.774902344
vt 0.266601562 0.775878906
vt 0.268798828 0.805175781
vt 0.268310547 0.806152344
vt 0.271728516 0.834960938
vt 0.271972656 0.836425781
vt 0.372802734 0.775390625
vt 0.375244141 0.805175781
vt 0.376953125 0.803710938
vt 0.379150391 0.833984375
vt 0.37890625 0.835449219
vt 0.327880859 0.833984375
vt 0.331787109 0.863769531
vt 0.333984375 0.864257812
vt 0.335693359 0.89453125
vt 0.335449219 0.894042969
vt 0.336425781 0.924316406
vt 0.37890625 0.835449219
vt 0.381347656 0.864257812
vt 0.379150391 0.833984375
vt 0.383544922 0.865234375
vt 0.384277344 0.894042969
vt 0.388427734 0.895019531
vt 0.386230469 0.923828125
vt 0.391601562 0.925292969
vt 0.404296875 0.833496094
vt 0.406494141 0.863769531
vt 0.412841797 0.864257812
vt 0.412353516 0.894042969
vt 0.408447266 0.893554688
vt 0.410888672 0.923828125
vt 0.408691406 0.923828125
vt 0.409423828 0.953613281
vt 0.410400391 0.953613281
vt 0.406738281 0.979980469
vt 0.226806641 0.864257812
vt 0.230834961 0.894042969
vt 0.234619141 0.89453125
vt 0.239746094 0.923828125
vt 0.234375 0.923828125
vt 0.322998047 0.894042969
vt 0.324951172 0.924316406
vt 0.325439453 0.921386719
vt 0.327880859 0.951171875
vt 0.322021484 0.953613281
vt 0.234375 0.923828125
vt 0.228759766 0.954101562
vt 0.231201172 0.952636719
vt 0.230102539 0.981933594
vt 0.287353516 0.926757812
vt 0.280517578 0.956054688
vt 0.282226562 0.951171875
vt 0.286621094 0.981445312
vt 0.336425781 0.924316406
vt 0.339599609 0.952148438
vt 0.342041016 0.954101562
vt 0.335693359 0.980957031
vt 0.379150391 0.925292969
vt 0.3828125 0.955566406
vt 0.383056641 0.950195312
vt 0.3828125 0.98046875
vt 0.391601562 0.925292969
vt 0.396484375 0.952148438
vt 0.386230469 0.923828125
vt 0.399169922 0.953125
vt 0.467773438 0.0346069336
vt 0.475830078 0.0676269531
vt 0.475341797 0.0364685059
vt 0.468017578 0.0658569336
vt 0.456054688 0.0332641602
vt 0.476074219 0.0986938477
vt 0.456054688 0.0645751953
vt 0.441650391 0.0325622559
vt 0.468261719 0.0970458984
vt 0.476318359 0.129760742
vt 0.441650391 0.0639648438
vt 0.427246094 0.0323791504
vt 0.456054688 0.0958862305
vt 0.468505859 0.128173828
vt 0.476806641 0.160888672
vt 0.427246094 0.0637817383
vt 0.412841797 0.0323486328
vt 0.412841797 0.0637207031
vt 0.441894531 0.0953369141
vt 0.427246094 0.0951538086
vt 0.412841797 0.0951538086
vt 0.456054688 0.127197266
vt 0.46875 0.159301758
vt 0.477050781 0.191894531
vt 0.427246094 0.126586914
vt 0.413085938 0.126464844
vt 0.441894531 0.126708984
vt 0.456298828 0.158447266
vt 0.468994141 0.190429688
vt 0.477294922 0.22277832
vt 0.427490234 0.157958984
vt 0.413085938 0.157836914
vt 0.441894531 0.157958984
vt 0.456298828 0.189575195
vt 0.469238281 0.221557617
vt 0.477783203 0.253662109
vt 0.427490234 0.189208984
vt 0.413330078 0.189208984
vt 0.441894531 0.189331055
vt 0.456298828 0.220825195
vt 0.469482422 0.252685547
vt 0.478027344 0.284667969
vt 0.427490234 0.220458984
vt 0.413574219 0.220581055
vt 0.441894531 0.220581055
vt 0.456298828 0.251953125
vt 0.469726562 0.283691406
vt 0.478515625 0.315673828
vt 0.427734375 0.251708984
vt 0.413818359 0.251708984
vt 0.441894531 0.251708984
vt 0.456298828 0.282958984
vt 0.469970703 0.314697266
vt 0.479003906 0.346435547
vt 0.427978516 0.282958984
vt 0.414306641 0.282958984
vt 0.441894531 0.282958984
vt 0.456298828 0.314208984
vt 0.469970703 0.345458984
vt 0.479248047 0.377197266
vt 0.428222656 0.313964844
vt 0.414550781 0.313964844
vt 0.441894531 0.313964844
vt 0.456298828 0.345214844
vt 0.470214844 0.376464844
vt 0.479736328 0.407958984
vt 0.428222656 0.345214844
vt 0.414794922 0.345214844
vt 0.442138672 0.344970703
vt 0.456298828 0.376220703
vt 0.470458984 0.407226562
vt 0.480224609 0.438720703
vt 0.428466797 0.376220703
vt 0.415283203 0.376220703
vt 0.442138672 0.375976562
vt 0.456298828 0.406982422
vt 0.470458984 0.438232422
vt 0.48046875 0.469482422
vt 0.428710938 0.406982422
vt 0.415527344 0.406982422
vt 0.442138672 0.406982422
vt 0.456298828 0.437988281
vt 0.470703125 0.468994141
vt 0.480957031 0.5
vt 0.428955078 0.437988281
vt 0.415771484 0.437988281
vt 0.442382812 0.437988281
vt 0.456298828 0.46875
vt 0.470703125 0.499755859
vt 0.481445312 0.530761719
vt 0.429199219 0.46875
vt 0.416015625 0.46875
vt 0.442626953 0.46875
vt 0.456298828 0.499755859
vt 0.470947266 0.530273438
vt 0.481689453 0.561523438
vt 0.429443359 0.499755859
vt 0.416259766 0.499511719
vt 0.442626953 0.499755859
vt 0.456542969 0.530273438
vt 0.470947266 0.561035156
vt 0.481933594 0.592285156
vt 0.429931641 0.530273438
vt 0.416503906 0.530273438
vt 0.443115234 0.530273438
vt 0.456542969 0.561035156
vt 0.470947266 0.591796875
vt 0.482421875 0.622558594
vt 0.430175781 0.561035156
vt 0.416748047 0.561035156
vt 0.443359375 0.561035156
vt 0.456787109 0.591796875
vt 0.470947266 0.622558594
vt 0.482666016 0.653320312
vt 0.430664062 0.591796875
vt 0.416992188 0.591796875
vt 0.443847656 0.591796875
vt 0.456787109 0.622558594
vt 0.470947266 0.653320312
vt 0.482910156 0.68359375
vt 0.431396484 0.622070312
vt 0.417480469 0.622558594
vt 0.444580078 0.622070312
vt 0.45703125 0.652832031
vt 0.470703125 0.68359375
vt 0.483154297 0.714355469
vt 0.432128906 0.652832031
vt 0.41796875 0.652832031
vt 0.4453125 0.652832031
vt 0.457519531 0.68359375
vt 0.470703125 0.714355469
vt 0.483642578 0.744628906
vt 0.470214844 0.744628906
vt 0.432861328 0.683105469
vt 0.418701172 0.68359375
vt 0.446289062 0.683105469
vt 0.458007812 0.713867188
vt 0.433837891 0.713378906
vt 0.419677734 0.713867188
vt 0.447509766 0.713378906
vt 0.458496094 0.744140625
vt 0.434814453 0.743652344
vt 0.420654297 0.744628906
vt 0.448730469 0.743652344
vt 0.469970703 0.775390625
vt 0.483642578 0.774902344
vt 0.483886719 0.805664062
vt 0.436035156 0.773925781
vt 0.422119141 0.774902344
vt 0.449951172 0.7734375
vt 0.459472656 0.774414062
vt 0.469726562 0.805664062
vt 0.483886719 0.8359375
vt 0.437255859 0.804199219
vt 0.423828125 0.805175781
vt 0.451416016 0.803710938
vt 0.460449219 0.8046875
vt 0.469726562 0.8359375
vt 0.438720703 0.833984375
vt 0.425537109 0.835449219
vt 0.452880859 0.833496094
vt 0.462402344 0.834472656
vt 0.483886719 0.866210938
vt 0.489013672 0.865722656
vt 0.490478516 0.895507812
vt 0.440185547 0.864257812
vt 0.427490234 0.865722656
vt 0.454101562 0.86328125
vt 0.465087891 0.863769531
vt 0.469238281 0.866210938
vt 0.482666016 0.896972656
vt 0.491699219 0.925292969
vt 0.470703125 0.895996094
vt 0.468505859 0.893066406
vt 0.481689453 0.927246094
vt 0.491210938 0.956054688
vt 0.475097656 0.924804688
vt 0.455810547 0.893066406
vt 0.471191406 0.922363281
vt 0.474121094 0.95703125
vt 0.478027344 0.981445312
vt 0.469970703 0.981445312
vt 0.463623047 0.953125
vt 0.461914062 0.981445312
vt 0.441650391 0.89453125
vt 0.429931641 0.895996094
vt 0.45703125 0.923339844
vt 0.462646484 0.952148438
vt 0.454345703 0.981933594
vt 0.443847656 0.923828125
vt 0.431884766 0.926269531
vt 0.451171875 0.952148438
vt 0.447265625 0.981933594
vt 0.438720703 0.954589844
vt 0.432373047 0.956054688
vt 0.441162109 0.981933594
vt 0.435546875 0.981933594
vt 0.479248047 0.0385437012
vt 0.481933594 0.0715942383
vt 0.482177734 0.0406494141
vt 0.479248047 0.0695800781
vt 0.475341797 0.0364685059
vt 0.481933594 0.102539062
vt 0.475830078 0.0676269531
vt 0.479248047 0.100585938
vt 0.481689453 0.133422852
vt 0.476074219 0.0986938477
vt 0.479492188 0.131591797
vt 0.481689453 0.16418457
vt 0.476318359 0.129760742
vt 0.479736328 0.162597656
vt 0.481689453 0.195068359
vt 0.476806641 0.160888672
vt 0.479736328 0.193481445
vt 0.481689453 0.225830078
vt 0.477050781 0.191894531
vt 0.479980469 0.224365234
vt 0.481689453 0.256591797
vt 0.477294922 0.22277832
vt 0.48046875 0.255126953
vt 0.481689453 0.287353516
vt 0.477783203 0.253662109
vt 0.480712891 0.285888672
vt 0.481689453 0.318115234
vt 0.478027344 0.284667969
vt 0.480957031 0.316650391
vt 0.478515625 0.315673828
vt 0.481689453 0.348632812
vt 0.481201172 0.347412109
vt 0.479003906 0.346435547
vt 0.481689453 0.379394531
vt 0.486083984 0.380371094
vt 0.485595703 0.410888672
vt 0.481689453 0.409912109
vt 0.485351562 0.44140625
vt 0.481689453 0.440429688
vt 0.485107422 0.471679688
vt 0.481689453 0.470947266
vt 0.485107422 0.501953125
vt 0.481689453 0.501464844
vt 0.484619141 0.532714844
vt 0.482177734 0.532226562
vt 0.484619141 0.562988281
vt 0.481933594 0.5625
vt 0.484375 0.593261719
vt 0.482421875 0.592773438
vt 0.484375 0.623535156
vt 0.482421875 0.623535156
vt 0.484130859 0.653808594
vt 0.482910156 0.653808594
vt 0.484375 0.684082031
vt 0.483154297 0.684082031
vt 0.484375 0.714355469
vt 0.483398438 0.714355469
vt 0.484375 0.744628906
vt 0.483642578 0.744628906
vt 0.484375 0.774902344
vt 0.483886719 0.774902344
vt 0.484619141 0.8046875
vt 0.483642578 0.805175781
vt 0.484375 0.834960938
vt 0.483642578 0.835449219
vt 0.484130859 0.865234375
vt 0.484130859 0.865234375
vt 0.579101562 0.0334472656
vt 0.585449219 0.06640625
vt 0.585449219 0.0349731445
vt 0.578613281 0.0649414062
vt 0.565429688 0.0325622559
vt 0.585449219 0.0977172852
vt 0.565429688 0.0641479492
vt 0.551757812 0.0326538086
vt 0.578613281 0.0964355469
vt 0.585449219 0.12902832
vt 0.551269531 0.0642089844
vt 0.541503906 0.0335388184
vt 0.564941406 0.0956420898
vt 0.578613281 0.127807617
vt 0.5859375 0.16027832
vt 0.541015625 0.0649414062
vt 0.53515625 0.034942627
vt 0.551269531 0.095703125
vt 0.564941406 0.127197266
vt 0.578125 0.159179688
vt 0.5859375 0.19152832
vt 0.533691406 0.0661621094
vt 0.53125 0.0366210938
vt 0.540039062 0.0962524414
vt 0.55078125 0.127075195
vt 0.564453125 0.158569336
vt 0.578125 0.190551758
vt 0.5859375 0.22277832
vt 0.529785156 0.0677490234
vt 0.528808594 0.038482666
vt 0.532226562 0.0973510742
vt 0.539550781 0.127563477
vt 0.550292969 0.158569336
vt 0.564453125 0.189941406
vt 0.578125 0.221801758
vt 0.5859375 0.25390625
vt 0.527832031 0.069519043
vt 0.526367188 0.0403442383
vt 0.528320312 0.098815918
vt 0.53125 0.128540039
vt 0.538574219 0.158935547
vt 0.550292969 0.189941406
vt 0.563964844 0.221313477
vt 0.577636719 0.252929688
vt 0.5859375 0.284912109
vt 0.577636719 0.284179688
vt 0.5859375 0.315917969
vt 0.563964844 0.252685547
vt 0.549804688 0.221191406
vt 0.538085938 0.190185547
vt 0.529785156 0.159667969
vt 0.577636719 0.315429688
vt 0.5859375 0.346923828
vt 0.563476562 0.283935547
vt 0.549804688 0.252441406
vt 0.537597656 0.221435547
vt 0.577636719 0.346435547
vt 0.5859375 0.377929688
vt 0.563476562 0.314941406
vt 0.549804688 0.283691406
vt 0.577148438 0.377441406
vt 0.5859375 0.408935547
vt 0.563476562 0.346191406
vt 0.577148438 0.408447266
vt 0.5859375 0.439941406
vt 0.528808594 0.190795898
vt 0.537109375 0.252685547
vt 0.549316406 0.314941406
vt 0.562988281 0.377197266
vt 0.577148438 0.439453125
vt 0.5859375 0.470703125
vt 0.527832031 0.221923828
vt 0.536621094 0.283691406
vt 0.549316406 0.345947266
vt 0.562988281 0.408203125
vt 0.576660156 0.470458984
vt 0.5859375 0.501464844
vt 0.526855469 0.252929688
vt 0.536621094 0.314941406
vt 0.549316406 0.377197266
vt 0.5625 0.439208984
vt 0.576660156 0.501464844
vt 0.5859375 0.532226562
vt 0.525878906 0.283935547
vt 0.536132812 0.345947266
vt 0.549316406 0.408203125
vt 0.5625 0.470214844
vt 0.576171875 0.532226562
vt 0.5859375 0.562988281
vt 0.524902344 0.314941406
vt 0.536132812 0.376953125
vt 0.549804688 0.438964844
vt 0.562011719 0.500976562
vt 0.575195312 0.562988281
vt 0.5859375 0.59375
vt 0.524414062 0.345947266
vt 0.536621094 0.407958984
vt 0.55078125 0.469726562
vt 0.562011719 0.531738281
vt 0.574707031 0.59375
vt 0.585449219 0.624511719
vt 0.5234375 0.376953125
vt 0.537597656 0.438720703
vt 0.551269531 0.500488281
vt 0.561523438 0.5625
vt 0.573730469 0.624511719
vt 0.584960938 0.654785156
vt 0.522949219 0.407958984
vt 0.538085938 0.469482422
vt 0.551757812 0.53125
vt 0.561035156 0.593261719
vt 0.572753906 0.654785156
vt 0.584472656 0.685546875
vt 0.5234375 0.438720703
vt 0.5390625 0.5
vt 0.552246094 0.561523438
vt 0.561035156 0.623535156
vt 0.571289062 0.685546875
vt 0.583496094 0.715820312
vt 0.523925781 0.469482422
vt 0.539550781 0.530761719
vt 0.552734375 0.591796875
vt 0.560546875 0.654296875
vt 0.570800781 0.715820312
vt 0.583007812 0.74609375
vt 0.524414062 0.500488281
vt 0.540039062 0.561035156
vt 0.553222656 0.622558594
vt 0.560546875 0.684570312
vt 0.569335938 0.746582031
vt 0.58203125 0.776855469
vt 0.525390625 0.530761719
vt 0.540039062 0.591308594
vt 0.553222656 0.652832031
vt 0.559570312 0.71484375
vt 0.568359375 0.776367188
vt 0.581542969 0.807128906
vt 0.525878906 0.561523438
vt 0.540527344 0.622070312
vt 0.553710938 0.683105469
vt 0.559570312 0.745117188
vt 0.566894531 0.807128906
vt 0.580078125 0.837402344
vt 0.526367188 0.592285156
vt 0.540527344 0.65234375
vt 0.553710938 0.713378906
vt 0.559570312 0.774902344
vt 0.565917969 0.836914062
vt 0.579101562 0.867675781
vt 0.52734375 0.622558594
vt 0.540527344 0.682617188
vt 0.553710938 0.743164062
vt 0.560546875 0.805175781
vt 0.52734375 0.652832031
vt 0.540527344 0.712402344
vt 0.553710938 0.7734375
vt 0.527832031 0.683105469
vt 0.540527344 0.742675781
vt 0.528808594 0.713378906
vt 0.562011719 0.834960938
vt 0.553710938 0.803222656
vt 0.540039062 0.772949219
vt 0.564453125 0.8671875
vt 0.576660156 0.8984375
vt 0.583496094 0.895996094
vt 0.563964844 0.896484375
vt 0.583007812 0.926757812
vt 0.575195312 0.928222656
vt 0.562988281 0.926269531
vt 0.580078125 0.956542969
vt 0.553710938 0.833496094
vt 0.562988281 0.864257812
vt 0.567382812 0.956054688
vt 0.567871094 0.98046875
vt 0.573242188 0.98046875
vt 0.5625 0.98046875
vt 0.540039062 0.803222656
vt 0.553222656 0.86328125
vt 0.564453125 0.894042969
vt 0.553710938 0.921386719
vt 0.565917969 0.951660156
vt 0.556640625 0.98046875
vt 0.5546875 0.952148438
vt 0.551269531 0.98046875
vt 0.553222656 0.893066406
vt 0.539550781 0.833007812
vt 0.539550781 0.862792969
vt 0.538085938 0.893066406
vt 0.553710938 0.921875
vt 0.541992188 0.922851562
vt 0.550292969 0.951660156
vt 0.545410156 0.98046875
vt 0.544433594 0.951171875
vt 0.540039062 0.980957031
vt 0.533203125 0.950195312
vt 0.534667969 0.980957031
vt 0.535644531 0.923339844
vt 0.530761719 0.894042969
vt 0.532226562 0.864257812
vt 0.527832031 0.955078125
vt 0.528808594 0.980957031
vt 0.525390625 0.926269531
vt 0.514648438 0.926757812
vt 0.511230469 0.896972656
vt 0.524414062 0.895507812
vt 0.509765625 0.866210938
vt 0.522460938 0.865722656
vt 0.508300781 0.8359375
vt 0.520507812 0.835449219
vt 0.506835938 0.805664062
vt 0.532226562 0.834472656
vt 0.51953125 0.805175781
vt 0.505859375 0.775390625
vt 0.530761719 0.804199219
vt 0.517578125 0.774902344
vt 0.504882812 0.745117188
vt 0.530273438 0.773925781
vt 0.517089844 0.744628906
vt 0.504394531 0.714355469
vt 0.529296875 0.743652344
vt 0.515136719 0.714355469
vt 0.503417969 0.684082031
vt 0.514648438 0.68359375
vt 0.503417969 0.653320312
vt 0.513183594 0.653320312
vt 0.502929688 0.623046875
vt 0.513183594 0.622558594
vt 0.503417969 0.592285156
vt 0.512207031 0.592285156
vt 0.504394531 0.562011719
vt 0.51171875 0.561523438
vt 0.504882812 0.53125
vt 0.51171875 0.53125
vt 0.505859375 0.500488281
vt 0.511230469 0.500488281
vt 0.507324219 0.469970703
vt 0.51171875 0.469482422
vt 0.508789062 0.439453125
vt 0.512207031 0.438720703
vt 0.513183594 0.407958984
vt 0.510742188 0.408691406
vt 0.512207031 0.377929688
vt 0.514648438 0.377197266
vt 0.514160156 0.347412109
vt 0.515625 0.346435547
vt 0.515625 0.316650391
vt 0.517089844 0.315429688
vt 0.517578125 0.285888672
vt 0.518554688 0.284667969
vt 0.519042969 0.255126953
vt 0.520019531 0.253662109
vt 0.521972656 0.22277832
vt 0.5234375 0.191894531
vt 0.522460938 0.193359375
vt 0.523925781 0.162475586
vt 0.524902344 0.160888672
vt 0.524902344 0.131469727
vt 0.526367188 0.129882812
vt 0.526367188 0.100524902
vt 0.526367188 0.0713500977
vt 0.522949219 0.0421447754
vt 0.522949219 0.073059082
vt 0.515136719 0.043548584
vt 0.525390625 0.102294922
vt 0.514648438 0.0744018555
vt 0.501464844 0.0438537598
vt 0.522460938 0.103942871
vt 0.524902344 0.133178711
vt 0.501464844 0.0746459961
vt 0.488769531 0.0426330566
vt 0.514648438 0.105224609
vt 0.521972656 0.134765625
vt 0.523925781 0.1640625
vt 0.488525391 0.0734863281
vt 0.482177734 0.0406494141
vt 0.481933594 0.0715942383
vt 0.500976562 0.10546875
vt 0.48828125 0.104309082
vt 0.481933594 0.102539062
vt 0.514160156 0.135986328
vt 0.521972656 0.165649414
vt 0.522949219 0.194946289
vt 0.488037109 0.135131836
vt 0.481689453 0.133422852
vt 0.500976562 0.136230469
vt 0.514160156 0.166748047
vt 0.521484375 0.196411133
vt 0.521972656 0.225708008
vt 0.487792969 0.165893555
vt 0.481689453 0.16418457
vt 0.500488281 0.166870117
vt 0.513671875 0.197509766
vt 0.520996094 0.227172852
vt 0.520507812 0.256591797
vt 0.487548828 0.196533203
vt 0.481689453 0.195068359
vt 0.500488281 0.197631836
vt 0.513671875 0.228149414
vt 0.520507812 0.2578125
vt 0.487304688 0.227294922
vt 0.481689453 0.225830078
vt 0.5 0.228271484
vt 0.513183594 0.258789062
vt 0.51953125 0.288574219
vt 0.487060547 0.258056641
vt 0.481689453 0.256591797
vt 0.499511719 0.258789062
vt 0.512695312 0.289306641
vt 0.519042969 0.319091797
vt 0.486816406 0.288574219
vt 0.481689453 0.287353516
vt 0.499267578 0.289550781
vt 0.512207031 0.320068359
vt 0.518066406 0.349609375
vt 0.486572266 0.319091797
vt 0.481689453 0.318115234
vt 0.499023438 0.320068359
vt 0.512207031 0.350585938
vt 0.517578125 0.380371094
vt 0.486328125 0.349853516
vt 0.481689453 0.348632812
vt 0.486083984 0.380371094
vt 0.498535156 0.350585938
vt 0.51171875 0.381103516
vt 0.516601562 0.410888672
vt 0.498046875 0.381103516
vt 0.511230469 0.411376953
vt 0.516113281 0.44140625
vt 0.497802734 0.411376953
vt 0.485595703 0.410888672
vt 0.510742188 0.441894531
vt 0.515136719 0.471679688
vt 0.497314453 0.441894531
vt 0.485351562 0.44140625
vt 0.510253906 0.472412109
vt 0.514648438 0.501953125
vt 0.497070312 0.472167969
vt 0.485107422 0.471679688
vt 0.509765625 0.502441406
vt 0.513671875 0.532714844
vt 0.496582031 0.502929688
vt 0.485107422 0.501953125
vt 0.509277344 0.533203125
vt 0.513183594 0.562988281
vt 0.496337891 0.532714844
vt 0.484619141 0.532714844
vt 0.509277344 0.563476562
vt 0.512695312 0.593261719
vt 0.495849609 0.563476562
vt 0.484619141 0.562988281
vt 0.508789062 0.59375
vt 0.512207031 0.623535156
vt 0.495849609 0.593261719
vt 0.484375 0.593261719
vt 0.508789062 0.623535156
vt 0.51171875 0.653808594
vt 0.495361328 0.624023438
vt 0.484375 0.623535156
vt 0.508300781 0.654296875
vt 0.51171875 0.684082031
vt 0.495605469 0.653808594
vt 0.484130859 0.653808594
vt 0.508789062 0.684082031
vt 0.51171875 0.714355469
vt 0.495117188 0.684082031
vt 0.484375 0.684082031
vt 0.508300781 0.714355469
vt 0.512207031 0.744628906
vt 0.495117188 0.714355469
vt 0.484375 0.714355469
vt 0.508789062 0.744628906
vt 0.513183594 0.774414062
vt 0.495117188 0.744628906
vt 0.484375 0.744628906
vt 0.508789062 0.774414062
vt 0.514648438 0.8046875
vt 0.495361328 0.774902344
vt 0.484375 0.774902344
vt 0.509277344 0.8046875
vt 0.516601562 0.834472656
vt 0.495605469 0.8046875
vt 0.484619141 0.8046875
vt 0.509765625 0.834472656
vt 0.518554688 0.864257812
vt 0.495849609 0.834960938
vt 0.484375 0.834960938
vt 0.510253906 0.864746094
vt 0.520996094 0.894042969
vt 0.496337891 0.865234375
vt 0.484130859 0.865234375
vt 0.510253906 0.89453125
vt 0.520019531 0.923828125
vt 0.496826172 0.895019531
vt 0.482910156 0.895507812
vt 0.505859375 0.922363281
vt 0.513183594 0.953613281
vt 0.495849609 0.92578125
vt 0.483642578 0.92578125
vt 0.500976562 0.951660156
vt 0.498535156 0.955078125
vt 0.492431641 0.951660156
vt 0.512207031 0.980957031
vt 0.517578125 0.980957031
vt 0.506347656 0.980957031
vt 0.500488281 0.981445312
vt 0.493652344 0.981445312
vt 0.479736328 0.952636719
vt 0.486083984 0.981445312
vt 0.579589844 0.0381469727
vt 0.577148438 0.0708618164
vt 0.577148438 0.0397338867
vt 0.579589844 0.0693359375
vt 0.583984375 0.0365905762
vt 0.577636719 0.101928711
vt 0.583984375 0.0679321289
vt 0.585449219 0.0349731445
vt 0.585449219 0.06640625
vt 0.580078125 0.100524902
vt 0.577636719 0.13293457
vt 0.584472656 0.0991821289
vt 0.585449219 0.0977172852
vt 0.580078125 0.131591797
vt 0.577636719 0.16394043
vt 0.584472656 0.130371094
vt 0.585449219 0.12902832
vt 0.580078125 0.162719727
vt 0.577636719 0.194824219
vt 0.584960938 0.161621094
vt 0.5859375 0.16027832
vt 0.580566406 0.193725586
vt 0.577636719 0.225708008
vt 0.584960938 0.192749023
vt 0.5859375 0.19152832
vt 0.580566406 0.224731445
vt 0.577636719 0.256591797
vt 0.585449219 0.223754883
vt 0.5859375 0.22277832
vt 0.580566406 0.255615234
vt 0.577636719 0.287353516
vt 0.585449219 0.254882812
vt 0.5859375 0.25390625
vt 0.581054688 0.286621094
vt 0.577636719 0.318115234
vt 0.585449219 0.285888672
vt 0.5859375 0.284912109
vt 0.581054688 0.317382812
vt 0.578125 0.348876953
vt 0.5859375 0.316894531
vt 0.5859375 0.315917969
vt 0.581054688 0.348388672
vt 0.578125 0.379638672
vt 0.5859375 0.34765625
vt 0.5859375 0.346923828
vt 0.581054688 0.379150391
vt 0.578125 0.41015625
vt 0.5859375 0.378662109
vt 0.5859375 0.377929688
vt 0.581054688 0.409912109
vt 0.578125 0.440917969
vt 0.5859375 0.409423828
vt 0.5859375 0.408935547
vt 0.581054688 0.440429688
vt 0.578125 0.471435547
vt 0.5859375 0.440185547
vt 0.5859375 0.439941406
vt 0.581054688 0.471191406
vt 0.577636719 0.501953125
vt 0.5859375 0.470947266
vt 0.5859375 0.470703125
vt 0.581054688 0.501953125
vt 0.577636719 0.532226562
vt 0.5859375 0.501464844
vt 0.5859375 0.501464844
vt 0.581054688 0.532226562
vt 0.577636719 0.5625
vt 0.5859375 0.532226562
vt 0.5859375 0.532226562
vt 0.581054688 0.562988281
vt 0.577148438 0.593261719
vt 0.5859375 0.562988281
vt 0.5859375 0.562988281
vt 0.581054688 0.593261719
vt 0.577148438 0.623535156
vt 0.586425781 0.593261719
vt 0.581054688 0.623535156
vt 0.576660156 0.653808594
vt 0.586425781 0.624023438
vt 0.580566406 0.654296875
vt 0.576171875 0.684082031
vt 0.586425781 0.654296875
vt 0.580566406 0.684570312
vt 0.575195312 0.713867188
vt 0.586425781 0.685058594
vt 0.580078125 0.71484375
vt 0.574707031 0.744140625
vt 0.586425781 0.715332031
vt 0.579589844 0.745117188
vt 0.573730469 0.774414062
vt 0.5859375 0.745605469
vt 0.579101562 0.774902344
vt 0.572753906 0.804199219
vt 0.5859375 0.775878906
vt 0.578125 0.805175781
vt 0.571777344 0.834472656
vt 0.584960938 0.806152344
vt 0.576660156 0.835449219
vt 0.570800781 0.864257812
vt 0.584472656 0.836425781
vt 0.574707031 0.865234375
vt 0.569335938 0.894042969
vt 0.583496094 0.866210938
vt 0.576171875 0.895507812
vt 0.569335938 0.924316406
vt 0.583496094 0.895996094
vt 0.570800781 0.924316406
vt 0.5703125 0.954589844
vt 0.583007812 0.926757812
vt 0.580078125 0.951171875
vt 0.579101562 0.98046875
vt 0.580078125 0.956542969
vt 0.645019531 0.0372619629
vt 0.65234375 0.0669555664
vt 0.652832031 0.0357666016
vt 0.64453125 0.0684204102
vt 0.637207031 0.0387573242
vt 0.651855469 0.0981445312
vt 0.637207031 0.0698242188
vt 0.629394531 0.040222168
vt 0.64453125 0.0994873047
vt 0.651855469 0.129272461
vt 0.62890625 0.0712280273
vt 0.620117188 0.0415344238
vt 0.63671875 0.100891113
vt 0.644042969 0.130615234
vt 0.651855469 0.160522461
vt 0.620117188 0.0724487305
vt 0.607910156 0.0423583984
vt 0.62890625 0.102172852
vt 0.63671875 0.131835938
vt 0.64453125 0.161621094
vt 0.65234375 0.191650391
vt 0.607910156 0.0733032227
vt 0.59375 0.0423583984
vt 0.619628906 0.103393555
vt 0.62890625 0.133178711
vt 0.63671875 0.162841797
vt 0.644042969 0.192626953
vt 0.65234375 0.22265625
vt 0.59375 0.0733032227
vt 0.58203125 0.0413208008
vt 0.607910156 0.104187012
vt 0.619628906 0.134277344
vt 0.62890625 0.1640625
vt 0.636230469 0.193725586
vt 0.644042969 0.223632812
vt 0.651855469 0.253662109
vt 0.58203125 0.0723266602
vt 0.577148438 0.0397338867
vt 0.577148438 0.0708618164
vt 0.59375 0.104187012
vt 0.58203125 0.10333252
vt 0.577636719 0.101928711
vt 0.644042969 0.254638672
vt 0.651855469 0.284667969
vt 0.636230469 0.224609375
vt 0.607910156 0.135009766
vt 0.58203125 0.134277344
vt 0.577636719 0.13293457
vt 0.594238281 0.135009766
vt 0.643554688 0.285400391
vt 0.65234375 0.315673828
vt 0.619628906 0.165039062
vt 0.58203125 0.165161133
vt 0.577636719 0.16394043
vt 0.594238281 0.165893555
vt 0.607910156 0.165771484
vt 0.628417969 0.194824219
vt 0.58203125 0.195922852
vt 0.577636719 0.194824219
vt 0.594238281 0.196655273
vt 0.607910156 0.196533203
vt 0.619628906 0.195800781
vt 0.628417969 0.225708008
vt 0.58203125 0.226806641
vt 0.577636719 0.225708008
vt 0.594238281 0.227416992
vt 0.608398438 0.227294922
vt 0.619140625 0.2265625
vt 0.635742188 0.255615234
vt 0.58203125 0.257568359
vt 0.577636719 0.256591797
vt 0.594238281 0.258056641
vt 0.608398438 0.258056641
vt 0.619140625 0.257324219
vt 0.627929688 0.256347656
vt 0.635742188 0.286376953
vt 0.58203125 0.288330078
vt 0.577636719 0.287353516
vt 0.594238281 0.288818359
vt 0.608398438 0.288574219
vt 0.619140625 0.288085938
vt 0.627441406 0.287109375
vt 0.643554688 0.31640625
vt 0.652832031 0.346679688
vt 0.58203125 0.318847656
vt 0.577636719 0.318115234
vt 0.594238281 0.319335938
vt 0.608398438 0.319091797
vt 0.619140625 0.318603516
vt 0.627441406 0.317871094
vt 0.643554688 0.347167969
vt 0.653320312 0.377441406
vt 0.58203125 0.349609375
vt 0.578125 0.348876953
vt 0.594726562 0.349853516
vt 0.608398438 0.349853516
vt 0.618652344 0.349121094
vt 0.58203125 0.380126953
vt 0.578125 0.379638672
vt 0.594726562 0.380371094
vt 0.608398438 0.380371094
vt 0.58203125 0.410644531
vt 0.578125 0.41015625
vt 0.594726562 0.410888672
vt 0.58203125 0.441162109
vt 0.578125 0.440917969
vt 0.626953125 0.348632812
vt 0.618652344 0.379882812
vt 0.608398438 0.410888672
vt 0.594726562 0.44140625
vt 0.58203125 0.471679688
vt 0.578125 0.471435547
vt 0.626464844 0.379150391
vt 0.618164062 0.410400391
vt 0.608398438 0.441162109
vt 0.594726562 0.471679688
vt 0.58203125 0.501953125
vt 0.577636719 0.501953125
vt 0.625488281 0.409667969
vt 0.617675781 0.440917969
vt 0.608398438 0.471679688
vt 0.594726562 0.501953125
vt 0.58203125 0.532226562
vt 0.577636719 0.532226562
vt 0.624511719 0.440185547
vt 0.6171875 0.471191406
vt 0.607910156 0.501953125
vt 0.595214844 0.532226562
vt 0.58203125 0.5625
vt 0.577636719 0.5625
vt 0.623535156 0.470703125
vt 0.616210938 0.501464844
vt 0.607910156 0.532226562
vt 0.595214844 0.5625
vt 0.58203125 0.593261719
vt 0.577148438 0.593261719
vt 0.622558594 0.500976562
vt 0.615722656 0.532226562
vt 0.607910156 0.5625
vt 0.595214844 0.592773438
vt 0.58203125 0.623046875
vt 0.577148438 0.623535156
vt 0.62109375 0.531738281
vt 0.614746094 0.5625
vt 0.607910156 0.592773438
vt 0.595214844 0.623046875
vt 0.58203125 0.653320312
vt 0.576660156 0.653808594
vt 0.620117188 0.562011719
vt 0.614257812 0.592773438
vt 0.607421875 0.623046875
vt 0.595214844 0.653320312
vt 0.581542969 0.68359375
vt 0.576171875 0.684082031
vt 0.619140625 0.592285156
vt 0.613769531 0.623046875
vt 0.607421875 0.653320312
vt 0.595214844 0.68359375
vt 0.581542969 0.713867188
vt 0.575195312 0.713867188
vt 0.618652344 0.622558594
vt 0.61328125 0.653320312
vt 0.606933594 0.68359375
vt 0.595214844 0.713867188
vt 0.581542969 0.743652344
vt 0.574707031 0.744140625
vt 0.617675781 0.653320312
vt 0.612304688 0.68359375
vt 0.606933594 0.713867188
vt 0.595214844 0.743652344
vt 0.581054688 0.773925781
vt 0.573730469 0.774414062
vt 0.616699219 0.68359375
vt 0.611816406 0.713867188
vt 0.606445312 0.743652344
vt 0.594726562 0.773925781
vt 0.580566406 0.804199219
vt 0.572753906 0.804199219
vt 0.615722656 0.713867188
vt 0.611328125 0.743652344
vt 0.606445312 0.773925781
vt 0.594726562 0.803710938
vt 0.580566406 0.833984375
vt 0.571777344 0.834472656
vt 0.614746094 0.744140625
vt 0.610839844 0.773925781
vt 0.606445312 0.803710938
vt 0.594726562 0.833984375
vt 0.580078125 0.864257812
vt 0.570800781 0.864257812
vt 0.613769531 0.774414062
vt 0.611328125 0.804199219
vt 0.606933594 0.833984375
vt 0.612304688 0.833984375
vt 0.613769531 0.864257812
vt 0.612792969 0.804199219
vt 0.612304688 0.834472656
vt 0.606933594 0.863769531
vt 0.615722656 0.894042969
vt 0.594238281 0.863769531
vt 0.606933594 0.894042969
vt 0.616699219 0.924316406
vt 0.594238281 0.894042969
vt 0.604492188 0.923339844
vt 0.579589844 0.894042969
vt 0.569335938 0.894042969
vt 0.60546875 0.950195312
vt 0.619628906 0.951660156
vt 0.593261719 0.924316406
vt 0.60546875 0.953125
vt 0.580078125 0.923828125
vt 0.569335938 0.924316406
vt 0.611328125 0.979980469
vt 0.604980469 0.979980469
vt 0.598144531 0.979980469
vt 0.617675781 0.979980469
vt 0.592773438 0.949707031
vt 0.591796875 0.979980469
vt 0.584960938 0.953613281
vt 0.5703125 0.954589844
vt 0.585449219 0.98046875
vt 0.579101562 0.98046875
vt 0.622070312 0.955078125
vt 0.610839844 0.924804688
vt 0.624023438 0.979980469
vt 0.622070312 0.92578125
vt 0.611328125 0.895019531
vt 0.633789062 0.954101562
vt 0.629882812 0.979980469
vt 0.633300781 0.924316406
vt 0.622558594 0.895507812
vt 0.611328125 0.864746094
vt 0.635253906 0.89453125
vt 0.623535156 0.865234375
vt 0.636230469 0.864746094
vt 0.623535156 0.834960938
vt 0.624023438 0.8046875
vt 0.637207031 0.834960938
vt 0.624023438 0.774414062
vt 0.642578125 0.863769531
vt 0.639648438 0.893066406
vt 0.645507812 0.833984375
vt 0.637695312 0.8046875
vt 0.647949219 0.804199219
vt 0.638183594 0.774902344
vt 0.649902344 0.774414062
vt 0.624511719 0.744140625
vt 0.638671875 0.744628906
vt 0.651367188 0.744140625
vt 0.625 0.713867188
vt 0.639160156 0.714355469
vt 0.65234375 0.713867188
vt 0.625976562 0.68359375
vt 0.639648438 0.68359375
vt 0.653320312 0.684082031
vt 0.626464844 0.653320312
vt 0.640136719 0.653320312
vt 0.654296875 0.653320312
vt 0.626953125 0.622558594
vt 0.640625 0.623046875
vt 0.654785156 0.623046875
vt 0.627929688 0.592285156
vt 0.640625 0.592285156
vt 0.654785156 0.592773438
vt 0.62890625 0.562011719
vt 0.641113281 0.562011719
vt 0.654785156 0.562011719
vt 0.629394531 0.53125
vt 0.641601562 0.53125
vt 0.654785156 0.53125
vt 0.630371094 0.500976562
vt 0.641601562 0.500976562
vt 0.654785156 0.500976562
vt 0.631347656 0.470214844
vt 0.642089844 0.470214844
vt 0.654296875 0.469970703
vt 0.632324219 0.439697266
vt 0.642578125 0.439453125
vt 0.654296875 0.439208984
vt 0.633300781 0.409179688
vt 0.643066406 0.408691406
vt 0.653808594 0.408447266
vt 0.634277344 0.378417969
vt 0.643066406 0.377929688
vt 0.634765625 0.347900391
vt 0.635253906 0.317138672
vt 0.526367188 0.0713500977
vt 0.525390625 0.102294922
vt 0.526367188 0.100524902
vt 0.524902344 0.131469727
vt 0.524902344 0.133178711
vt 0.523925781 0.162475586
vt 0.523925781 0.1640625
vt 0.523925781 0.1640625
vt 0.522460938 0.193359375
vt 0.523925781 0.162475586
vt 0.522949219 0.194946289
vt 0.520507812 0.224243164
vt 0.521972656 0.225708008
vt 0.519042969 0.255126953
vt 0.520507812 0.256591797
vt 0.517578125 0.285888672
vt 0.51953125 0.287109375
vt 0.515625 0.316650391
vt 0.518066406 0.317871094
vt 0.51953125 0.288574219
vt 0.514160156 0.347412109
vt 0.519042969 0.319091797
vt 0.517089844 0.348632812
vt 0.512207031 0.377929688
vt 0.518066406 0.349609375
vt 0.515625 0.379150391
vt 0.510742188 0.408691406
vt 0.517578125 0.380371094
vt 0.514160156 0.409667969
vt 0.508789062 0.439453125
vt 0.516601562 0.410888672
vt 0.512695312 0.440429688
vt 0.507324219 0.469970703
vt 0.516113281 0.44140625
vt 0.511230469 0.470947266
vt 0.505859375 0.500488281
vt 0.515136719 0.471679688
vt 0.510253906 0.501464844
vt 0.504882812 0.53125
vt 0.514648438 0.501953125
vt 0.508789062 0.531738281
vt 0.504394531 0.562011719
vt 0.513671875 0.532714844
vt 0.5078125 0.5625
vt 0.503417969 0.592285156
vt 0.513183594 0.562988281
vt 0.506835938 0.592773438
vt 0.502929688 0.623046875
vt 0.512695312 0.593261719
vt 0.506347656 0.623535156
vt 0.503417969 0.653320312
vt 0.512207031 0.623535156
vt 0.505859375 0.653808594
vt 0.503417969 0.684082031
vt 0.51171875 0.653808594
vt 0.505371094 0.684082031
vt 0.504394531 0.714355469
vt 0.51171875 0.684082031
vt 0.505371094 0.714355469
vt 0.504882812 0.745117188
vt 0.51171875 0.714355469
vt 0.505859375 0.744628906
vt 0.505859375 0.775390625
vt 0.512207031 0.744628906
vt 0.506347656 0.774902344
vt 0.506835938 0.805664062
vt 0.513183594 0.774414062
vt 0.5078125 0.805175781
vt 0.508300781 0.8359375
vt 0.514648438 0.8046875
vt 0.509765625 0.835449219
vt 0.509765625 0.866210938
vt 0.516601562 0.834472656
vt 0.51171875 0.865234375
vt 0.511230469 0.896972656
vt 0.518554688 0.864257812
vt 0.518066406 0.89453125
vt 0.520996094 0.894042969
vt 0.514648438 0.926757812
vt 0.5234375 0.923828125
vt 0.522460938 0.193359375
vt 0.520507812 0.224243164
vt 0.521972656 0.22277832
vt 0.520019531 0.253662109
vt 0.519042969 0.255126953
vt 0.518554688 0.284667969
vt 0.520996094 0.227172852
vt 0.520507812 0.2578125
vt 0.520507812 0.256591797
vt 0.51953125 0.287109375
vt 0.51953125 0.288574219
vt 0.481689453 0.378173828
vt 0.481689453 0.409912109
vt 0.481689453 0.379394531
vt 0.481933594 0.408935547
vt 0.481689453 0.440429688
vt 0.482421875 0.439697266
vt 0.481689453 0.470947266
vt 0.482666016 0.470214844
vt 0.481689453 0.501464844
vt 0.482910156 0.500976562
vt 0.482177734 0.532226562
vt 0.483398438 0.53125
vt 0.481933594 0.5625
vt 0.483886719 0.562011719
vt 0.482421875 0.592773438
vt 0.484130859 0.592285156
vt 0.482421875 0.623535156
vt 0.484619141 0.623046875
vt 0.482910156 0.653808594
vt 0.485107422 0.653320312
vt 0.483154297 0.684082031
vt 0.485595703 0.68359375
vt 0.483398438 0.714355469
vt 0.486328125 0.714355469
vt 0.483642578 0.744628906
vt 0.486816406 0.744628906
vt 0.483886719 0.774902344
vt 0.487548828 0.774902344
vt 0.483642578 0.805175781
vt 0.488037109 0.805175781
vt 0.483642578 0.835449219
vt 0.488525391 0.835449219
vt 0.484130859 0.865234375
vt 0.489013672 0.865722656
vt 0.488037109 0.895507812
vt 0.490478516 0.895507812
vt 0.482910156 0.895507812
vt 0.484130859 0.865234375
vt 0.483642578 0.92578125
vt 0.490722656 0.924804688
vt 0.491699219 0.925292969
vt 0.479736328 0.952636719
vt 0.491210938 0.956054688
vt 0.486083984 0.981445312
vt 0.510742188 0.408691406
vt 0.508789062 0.439453125
vt 0.512207031 0.438720703
vt 0.51171875 0.469482422
vt 0.5859375 0.562988281
vt 0.586425781 0.593261719
vt 0.5859375 0.562988281
vt 0.5859375 0.59375
vt 0.586425781 0.624023438
vt 0.585449219 0.624511719
vt 0.586425781 0.654296875
vt 0.585449219 0.624511719
vt 0.584960938 0.654785156
vt 0.586425781 0.654296875
vt 0.586425781 0.685058594
vt 0.584472656 0.685546875
vt 0.586425781 0.715332031
vt 0.583496094 0.715820312
vt 0.5859375 0.745605469
vt 0.583007812 0.74609375
vt 0.5859375 0.775878906
vt 0.58203125 0.776855469
vt 0.584960938 0.806152344
vt 0.581542969 0.807128906
vt 0.584472656 0.836425781
vt 0.580078125 0.837402344
vt 0.583496094 0.866210938
vt 0.579101562 0.867675781
vt 0.583496094 0.895996094
vt 0.470214844 0.744628906
vt 0.483642578 0.774902344
vt 0.483642578 0.744628906
vt 0.487548828 0.774902344
vt 0.486816406 0.744628906
vt 0.488037109 0.805175781
vt 0.483154297 0.714355469
vt 0.483886719 0.805664062
vt 0.486328125 0.714355469
vt 0.488525391 0.835449219
vt 0.483886719 0.8359375
vt 0.489013672 0.865722656
vt 0.482910156 0.68359375
vt 0.485595703 0.68359375
vt 0.482666016 0.653320312
vt 0.485107422 0.653320312
vt 0.482421875 0.622558594
vt 0.484619141 0.623046875
vt 0.481933594 0.592285156
vt 0.484130859 0.592285156
vt 0.481689453 0.561523438
vt 0.483886719 0.562011719
vt 0.481445312 0.530761719
vt 0.483398438 0.53125
vt 0.480957031 0.5
vt 0.482910156 0.500976562
vt 0.48046875 0.469482422
vt 0.482666016 0.470214844
vt 0.480224609 0.438720703
vt 0.482421875 0.439697266
vt 0.479736328 0.407958984
vt 0.481933594 0.408935547
vt 0.479248047 0.377197266
vt 0.481689453 0.378173828
vt 0.562011719 0.834960938
vt 0.562988281 0.864257812
vt 0.564453125 0.8671875
vt 0.563964844 0.896484375
vt 0.564453125 0.894042969
vt 0.562988281 0.926269531
vt 0.612304688 0.833984375
vt 0.611328125 0.864746094
vt 0.612304688 0.834472656
vt 0.613769531 0.864257812
vt 0.611328125 0.895019531
vt 0.615722656 0.894042969
vt 0.610839844 0.924804688
vt 0.616699219 0.924316406
vt 0.465087891 0.863769531
vt 0.468505859 0.893066406
vt 0.470703125 0.895996094
vt 0.475097656 0.924804688
vt 0.471191406 0.922363281
vt 0.636230469 0.864746094
vt 0.635253906 0.89453125
vt 0.639648438 0.893066406
vt 0.635742188 0.922363281
vt 0.633300781 0.924316406
vt 0.6328125 0.951660156
vt 0.633789062 0.954101562
vt 0.629882812 0.979980469
vt 0.553222656 0.893066406
vt 0.553710938 0.921875
vt 0.553710938 0.921386719
vt 0.5546875 0.952148438
vt 0.550292969 0.951660156
vt 0.551269531 0.98046875
vt 0.471191406 0.922363281
vt 0.462646484 0.952148438
vt 0.463623047 0.953125
vt 0.461914062 0.981445312
vt 0.495849609 0.92578125
vt 0.498535156 0.955078125
vt 0.500976562 0.951660156
vt 0.506347656 0.980957031
vt 0.5234375 0.923828125
vt 0.513671875 0.951171875
vt 0.523925781 0.951660156
vt 0.5234375 0.980957031
vt 0.517578125 0.980957031
vt 0.514648438 0.926757812
vt 0.523925781 0.951660156
vt 0.527832031 0.955078125
vt 0.528808594 0.980957031
vt 0.562988281 0.926269531
vt 0.565917969 0.951660156
vt 0.567382812 0.956054688
vt 0.5625 0.98046875
vt 0.604492188 0.923339844
vt 0.60546875 0.953125
vt 0.60546875 0.950195312
vt 0.604980469 0.979980469
vt 0.707519531 0.0369873047
vt 0.702148438 0.0383911133
vt 0.702148438 0.0695800781
vt 0.708007812 0.0682983398
vt 0.720214844 0.0364685059
vt 0.702148438 0.100708008
vt 0.720214844 0.0678100586
vt 0.733398438 0.036895752
vt 0.708007812 0.0995483398
vt 0.702148438 0.131835938
vt 0.733886719 0.0681762695
vt 0.743164062 0.0380249023
vt 0.720703125 0.0991210938
vt 0.708007812 0.130737305
vt 0.701660156 0.162841797
vt 0.744140625 0.069152832
vt 0.749023438 0.0395507812
vt 0.734375 0.0994262695
vt 0.720703125 0.130371094
vt 0.708496094 0.161865234
vt 0.701660156 0.193847656
vt 0.750488281 0.0705566406
vt 0.752441406 0.0413208008
vt 0.744628906 0.100219727
vt 0.734375 0.130615234
vt 0.721191406 0.161499023
vt 0.708496094 0.192993164
vt 0.701660156 0.224853516
vt 0.75390625 0.0722045898
vt 0.754394531 0.0432128906
vt 0.751953125 0.101501465
vt 0.745605469 0.131347656
vt 0.734863281 0.161743164
vt 0.721191406 0.192626953
vt 0.708496094 0.223999023
vt 0.701660156 0.255859375
vt 0.755859375 0.0739746094
vt 0.756347656 0.045135498
vt 0.755859375 0.103027344
vt 0.752929688 0.132446289
vt 0.74609375 0.162353516
vt 0.734863281 0.192871094
vt 0.721191406 0.223754883
vt 0.708496094 0.255126953
vt 0.701660156 0.286621094
vt 0.708984375 0.286132812
vt 0.701660156 0.317626953
vt 0.721679688 0.254882812
vt 0.735351562 0.223876953
vt 0.746582031 0.193359375
vt 0.754394531 0.163330078
vt 0.708984375 0.316894531
vt 0.701660156 0.348388672
vt 0.721679688 0.285888672
vt 0.735351562 0.254882812
vt 0.747070312 0.224365234
vt 0.708984375 0.347900391
vt 0.705078125 0.379150391
vt 0.721679688 0.316650391
vt 0.735351562 0.285888672
vt 0.711914062 0.378662109
vt 0.705078125 0.409912109
vt 0.722167969 0.34765625
vt 0.711914062 0.409423828
vt 0.705078125 0.440429688
vt 0.755371094 0.194091797
vt 0.747558594 0.255126953
vt 0.735351562 0.316894531
vt 0.723144531 0.378417969
vt 0.711914062 0.440185547
vt 0.704589844 0.471191406
vt 0.756347656 0.224975586
vt 0.748046875 0.286132812
vt 0.735839844 0.34765625
vt 0.723144531 0.409423828
vt 0.711914062 0.470947266
vt 0.704589844 0.501953125
vt 0.757324219 0.255859375
vt 0.748046875 0.316894531
vt 0.735839844 0.378417969
vt 0.723632812 0.440185547
vt 0.711914062 0.501464844
vt 0.704101562 0.532226562
vt 0.758300781 0.286621094
vt 0.748535156 0.34765625
vt 0.735351562 0.409179688
vt 0.723632812 0.470703125
vt 0.712402344 0.532226562
vt 0.704101562 0.562988281
vt 0.759277344 0.317138672
vt 0.748535156 0.378417969
vt 0.734863281 0.439941406
vt 0.723632812 0.501464844
vt 0.712890625 0.562988281
vt 0.704101562 0.593261719
vt 0.759765625 0.347900391
vt 0.748046875 0.409179688
vt 0.733886719 0.470458984
vt 0.723632812 0.531738281
vt 0.712890625 0.593261719
vt 0.704101562 0.623535156
vt 0.760742188 0.378662109
vt 0.747070312 0.439697266
vt 0.733398438 0.500976562
vt 0.723632812 0.5625
vt 0.713867188 0.624023438
vt 0.704589844 0.654296875
vt 0.761230469 0.409179688
vt 0.74609375 0.469970703
vt 0.732421875 0.53125
vt 0.724121094 0.592773438
vt 0.714355469 0.654296875
vt 0.705078125 0.684570312
vt 0.760742188 0.439697266
vt 0.745117188 0.500488281
vt 0.731933594 0.561523438
vt 0.724121094 0.623046875
vt 0.715332031 0.684570312
vt 0.705566406 0.71484375
vt 0.760253906 0.470214844
vt 0.744628906 0.530761719
vt 0.731445312 0.591796875
vt 0.724121094 0.653320312
vt 0.715820312 0.714355469
vt 0.706054688 0.745117188
vt 0.759277344 0.500488281
vt 0.744140625 0.561035156
vt 0.730957031 0.621582031
vt 0.724609375 0.683105469
vt 0.717285156 0.744628906
vt 0.706542969 0.775390625
vt 0.758789062 0.53125
vt 0.743652344 0.590820312
vt 0.73046875 0.651855469
vt 0.725097656 0.713378906
vt 0.717285156 0.774902344
vt 0.705078125 0.805175781
vt 0.7578125 0.561035156
vt 0.743164062 0.62109375
vt 0.73046875 0.682128906
vt 0.725097656 0.743164062
vt 0.717285156 0.805175781
vt 0.703613281 0.835449219
vt 0.757324219 0.591796875
vt 0.743164062 0.651367188
vt 0.73046875 0.711914062
vt 0.724609375 0.7734375
vt 0.715332031 0.834472656
vt 0.706054688 0.865234375
vt 0.756347656 0.621582031
vt 0.743164062 0.681152344
vt 0.729980469 0.741699219
vt 0.722167969 0.802734375
vt 0.716796875 0.864257812
vt 0.705566406 0.895996094
vt 0.718261719 0.832519531
vt 0.715332031 0.894042969
vt 0.704101562 0.925292969
vt 0.697753906 0.924316406
vt 0.713378906 0.923339844
vt 0.697753906 0.953613281
vt 0.729492188 0.771484375
vt 0.728515625 0.801269531
vt 0.708496094 0.953125
vt 0.70703125 0.977050781
vt 0.702148438 0.977539062
vt 0.711914062 0.977050781
vt 0.726074219 0.831054688
vt 0.717285156 0.861816406
vt 0.725097656 0.860351562
vt 0.714355469 0.891601562
vt 0.721191406 0.918457031
vt 0.708984375 0.948730469
vt 0.716796875 0.977050781
vt 0.723144531 0.890136719
vt 0.719238281 0.948730469
vt 0.722167969 0.977050781
vt 0.723144531 0.948730469
vt 0.728027344 0.977050781
vt 0.720703125 0.918945312
vt 0.729492188 0.947753906
vt 0.733886719 0.977050781
vt 0.732421875 0.919433594
vt 0.737792969 0.890136719
vt 0.73828125 0.860351562
vt 0.741210938 0.946777344
vt 0.740234375 0.977050781
vt 0.739746094 0.919921875
vt 0.74609375 0.890625
vt 0.747558594 0.951171875
vt 0.74609375 0.977050781
vt 0.750976562 0.922363281
vt 0.751464844 0.947753906
vt 0.751953125 0.9765625
vt 0.762207031 0.922851562
vt 0.766601562 0.893066406
vt 0.752929688 0.892089844
vt 0.770019531 0.862792969
vt 0.762695312 0.947265625
vt 0.758300781 0.9765625
vt 0.752441406 0.919921875
vt 0.755859375 0.920410156
vt 0.755859375 0.890625
vt 0.757324219 0.862792969
vt 0.772949219 0.833007812
vt 0.746582031 0.861328125
vt 0.760742188 0.832519531
vt 0.775878906 0.802734375
vt 0.748535156 0.831542969
vt 0.763183594 0.802734375
vt 0.77734375 0.772949219
vt 0.740234375 0.830566406
vt 0.766113281 0.772949219
vt 0.778320312 0.742675781
vt 0.751464844 0.801757812
vt 0.7421875 0.80078125
vt 0.766601562 0.742675781
vt 0.778808594 0.712402344
vt 0.752929688 0.771972656
vt 0.743164062 0.770996094
vt 0.768554688 0.712890625
vt 0.779785156 0.682617188
vt 0.754394531 0.7421875
vt 0.743164062 0.741210938
vt 0.769042969 0.682128906
vt 0.779785156 0.65234375
vt 0.754882812 0.711914062
vt 0.743164062 0.7109375
vt 0.755859375 0.682128906
vt 0.770507812 0.65234375
vt 0.779785156 0.622070312
vt 0.756347656 0.651855469
vt 0.770507812 0.622070312
vt 0.779296875 0.591796875
vt 0.771484375 0.591796875
vt 0.778808594 0.561523438
vt 0.771972656 0.561523438
vt 0.778320312 0.53125
vt 0.771972656 0.53125
vt 0.776855469 0.500976562
vt 0.771972656 0.500976562
vt 0.775878906 0.470703125
vt 0.771972656 0.470214844
vt 0.774414062 0.440429688
vt 0.771484375 0.439941406
vt 0.772460938 0.41015625
vt 0.770507812 0.409423828
vt 0.770996094 0.379638672
vt 0.769042969 0.37890625
vt 0.769042969 0.349365234
vt 0.768066406 0.348388672
vt 0.767578125 0.318847656
vt 0.766601562 0.317871094
vt 0.765625 0.288330078
vt 0.765136719 0.287109375
vt 0.764160156 0.2578125
vt 0.763671875 0.256591797
vt 0.762695312 0.227294922
vt 0.76171875 0.225952148
vt 0.761230469 0.196777344
vt 0.760253906 0.1953125
vt 0.759765625 0.166137695
vt 0.758789062 0.164550781
vt 0.758300781 0.135498047
vt 0.757324219 0.133789062
vt 0.756835938 0.104736328
vt 0.757324219 0.106506348
vt 0.758300781 0.137207031
vt 0.756835938 0.0758666992
vt 0.759277344 0.0469665527
vt 0.759765625 0.0775756836
vt 0.766601562 0.0485534668
vt 0.759765625 0.108215332
vt 0.767089844 0.0791015625
vt 0.779785156 0.0491638184
vt 0.760253906 0.138793945
vt 0.758789062 0.167724609
vt 0.780273438 0.0796508789
vt 0.792480469 0.0482788086
vt 0.767089844 0.109619141
vt 0.760742188 0.169311523
vt 0.759765625 0.198242188
vt 0.79296875 0.0787963867
vt 0.799804688 0.0465087891
vt 0.780273438 0.110107422
vt 0.767578125 0.140136719
vt 0.760742188 0.199707031
vt 0.760742188 0.228759766
vt 0.799804688 0.0770874023
vt 0.802734375 0.0445251465
vt 0.79296875 0.10925293
vt 0.780761719 0.14050293
vt 0.767578125 0.170532227
vt 0.76171875 0.230224609
vt 0.762207031 0.259277344
vt 0.762207031 0.260742188
vt 0.802734375 0.0751953125
vt 0.807128906 0.0425720215
vt 0.799804688 0.107666016
vt 0.793457031 0.139770508
vt 0.780761719 0.170898438
vt 0.768066406 0.200927734
vt 0.768554688 0.231323242
vt 0.806640625 0.0733032227
vt 0.814941406 0.0409240723
vt 0.802734375 0.105834961
vt 0.799804688 0.138183594
vt 0.793457031 0.170166016
vt 0.78125 0.201293945
vt 0.768554688 0.26171875
vt 0.762695312 0.291015625
vt 0.814453125 0.0717773438
vt 0.823242188 0.039855957
vt 0.806640625 0.104064941
vt 0.802734375 0.136474609
vt 0.800292969 0.168701172
vt 0.793945312 0.200561523
vt 0.781738281 0.231567383
vt 0.769042969 0.291992188
vt 0.763183594 0.321289062
vt 0.781738281 0.261962891
vt 0.793945312 0.230834961
vt 0.800292969 0.19909668
vt 0.802734375 0.166992188
vt 0.76953125 0.322265625
vt 0.764160156 0.3515625
vt 0.782226562 0.292236328
vt 0.794433594 0.261230469
vt 0.800292969 0.229492188
vt 0.76953125 0.352539062
vt 0.764648438 0.381835938
vt 0.782714844 0.322509766
vt 0.794433594 0.291503906
vt 0.770019531 0.382568359
vt 0.765625 0.412109375
vt 0.782714844 0.352539062
vt 0.770507812 0.412841797
vt 0.766601562 0.442382812
vt 0.802246094 0.197509766
vt 0.800292969 0.260009766
vt 0.794921875 0.321777344
vt 0.783203125 0.3828125
vt 0.770996094 0.442871094
vt 0.767089844 0.472412109
vt 0.802246094 0.228027344
vt 0.800292969 0.290283203
vt 0.794921875 0.352050781
vt 0.783691406 0.412841797
vt 0.795410156 0.382080078
vt 0.795898438 0.412353516
vt 0.800292969 0.320556641
vt 0.800292969 0.350830078
vt 0.801269531 0.319335938
vt 0.801757812 0.2890625
vt 0.801757812 0.258544922
vt 0.805175781 0.22668457
vt 0.784179688 0.442871094
vt 0.795898438 0.442382812
vt 0.784179688 0.472900391
vt 0.796386719 0.47265625
vt 0.771484375 0.472900391
vt 0.768066406 0.502441406
vt 0.771972656 0.502929688
vt 0.768554688 0.532714844
vt 0.784667969 0.502929688
vt 0.796386719 0.502441406
vt 0.772460938 0.533203125
vt 0.769042969 0.5625
vt 0.78515625 0.533203125
vt 0.796875 0.532714844
vt 0.772460938 0.562988281
vt 0.770019531 0.592773438
vt 0.785644531 0.562988281
vt 0.796875 0.5625
vt 0.772949219 0.592773438
vt 0.770019531 0.622558594
vt 0.785644531 0.592773438
vt 0.796875 0.592773438
vt 0.772949219 0.623046875
vt 0.770507812 0.652832031
vt 0.786132812 0.623046875
vt 0.796875 0.622558594
vt 0.7734375 0.652832031
vt 0.770507812 0.682617188
vt 0.786132812 0.652832031
vt 0.797363281 0.652832031
vt 0.7734375 0.682617188
vt 0.770507812 0.712402344
vt 0.786132812 0.682617188
vt 0.797363281 0.682617188
vt 0.7734375 0.712402344
vt 0.770019531 0.7421875
vt 0.786132812 0.712402344
vt 0.797363281 0.712402344
vt 0.772949219 0.7421875
vt 0.769042969 0.771972656
vt 0.786621094 0.7421875
vt 0.797363281 0.7421875
vt 0.772949219 0.771972656
vt 0.767578125 0.801757812
vt 0.786132812 0.771972656
vt 0.797363281 0.771972656
vt 0.771972656 0.801757812
vt 0.763671875 0.831542969
vt 0.785644531 0.801757812
vt 0.796875 0.801757812
vt 0.770507812 0.831542969
vt 0.759765625 0.861328125
vt 0.784667969 0.831542969
vt 0.796386719 0.831542969
vt 0.768554688 0.861328125
vt 0.782714844 0.861328125
vt 0.795898438 0.861328125
vt 0.767089844 0.891113281
vt 0.780761719 0.891113281
vt 0.795898438 0.891601562
vt 0.770996094 0.91796875
vt 0.762695312 0.94921875
vt 0.78125 0.921386719
vt 0.794433594 0.921386719
vt 0.775878906 0.947265625
vt 0.778320312 0.950683594
vt 0.78515625 0.947265625
vt 0.764160156 0.9765625
vt 0.770507812 0.9765625
vt 0.776367188 0.9765625
vt 0.782226562 0.9765625
vt 0.796875 0.947753906
vt 0.787597656 0.920898438
vt 0.788574219 0.9765625
vt 0.70703125 0.0416259766
vt 0.709472656 0.0432739258
vt 0.709472656 0.0741577148
vt 0.70703125 0.0726318359
vt 0.703125 0.0400085449
vt 0.709472656 0.105041504
vt 0.703125 0.071105957
vt 0.702148438 0.0383911133
vt 0.702148438 0.0695800781
vt 0.706542969 0.10357666
vt 0.708984375 0.135864258
vt 0.703125 0.102172852
vt 0.702148438 0.100708008
vt 0.706542969 0.134521484
vt 0.708984375 0.166625977
vt 0.702636719 0.133178711
vt 0.702148438 0.131835938
vt 0.706542969 0.165283203
vt 0.708984375 0.197265625
vt 0.702636719 0.1640625
vt 0.701660156 0.162841797
vt 0.706054688 0.196166992
vt 0.708984375 0.228027344
vt 0.702148438 0.195068359
vt 0.701660156 0.193847656
vt 0.706054688 0.226928711
vt 0.708984375 0.258544922
vt 0.702148438 0.225952148
vt 0.701660156 0.224853516
vt 0.706054688 0.257568359
vt 0.708984375 0.289306641
vt 0.702148438 0.256835938
vt 0.701660156 0.255859375
vt 0.706054688 0.288330078
vt 0.708496094 0.319824219
vt 0.701660156 0.287597656
vt 0.701660156 0.286621094
vt 0.705566406 0.319091797
vt 0.708496094 0.350341797
vt 0.701660156 0.318359375
vt 0.701660156 0.317626953
vt 0.705566406 0.349609375
vt 0.7109375 0.380615234
vt 0.701660156 0.348876953
vt 0.701660156 0.348388672
vt 0.708496094 0.380126953
vt 0.7109375 0.411132812
vt 0.705078125 0.379638672
vt 0.708496094 0.410644531
vt 0.710449219 0.44140625
vt 0.705078125 0.41015625
vt 0.708007812 0.441162109
vt 0.710449219 0.471923828
vt 0.704589844 0.440917969
vt 0.708007812 0.471679688
vt 0.709960938 0.501953125
vt 0.704589844 0.471435547
vt 0.707519531 0.501953125
vt 0.709960938 0.532226562
vt 0.704101562 0.501953125
vt 0.707519531 0.532226562
vt 0.709960938 0.5625
vt 0.704101562 0.532226562
vt 0.70703125 0.5625
vt 0.709960938 0.592773438
vt 0.703613281 0.5625
vt 0.70703125 0.592773438
vt 0.709960938 0.623046875
vt 0.703613281 0.593261719
vt 0.70703125 0.623046875
vt 0.709960938 0.652832031
vt 0.703125 0.623535156
vt 0.70703125 0.653320312
vt 0.710449219 0.683105469
vt 0.703125 0.653808594
vt 0.70703125 0.68359375
vt 0.7109375 0.712890625
vt 0.703125 0.684082031
vt 0.707519531 0.713378906
vt 0.711425781 0.742675781
vt 0.703125 0.714355469
vt 0.707519531 0.743652344
vt 0.711425781 0.772460938
vt 0.703125 0.744140625
vt 0.707519531 0.7734375
vt 0.710449219 0.802246094
vt 0.702636719 0.774414062
vt 0.706542969 0.803710938
vt 0.708984375 0.832519531
vt 0.701660156 0.8046875
vt 0.705566406 0.833007812
vt 0.710449219 0.861816406
vt 0.699707031 0.834472656
vt 0.708007812 0.86328125
vt 0.709960938 0.891601562
vt 0.702148438 0.864257812
vt 0.705078125 0.893066406
vt 0.70703125 0.921386719
vt 0.700195312 0.894042969
vt 0.706542969 0.921875
vt 0.705566406 0.951660156
vt 0.697753906 0.924316406
vt 0.697753906 0.948242188
vt 0.696777344 0.977539062
vt 0.697753906 0.953613281
vt 0.706054688 0.0447387695
vt 0.696289062 0.045501709
vt 0.696289062 0.0762329102
vt 0.685546875 0.0759277344
vt 0.685546875 0.0451965332
vt 0.677246094 0.0748901367
vt 0.677246094 0.0440979004
vt 0.670410156 0.0734863281
vt 0.670410156 0.0426025391
vt 0.665039062 0.0718994141
vt 0.665039062 0.0409851074
vt 0.659667969 0.0703735352
vt 0.659179688 0.0393371582
vt 0.653808594 0.0687866211
vt 0.653320312 0.037689209
vt 0.654296875 0.0998535156
vt 0.659667969 0.101318359
vt 0.654296875 0.130859375
vt 0.665039062 0.102844238
vt 0.66015625 0.132324219
vt 0.654296875 0.161865234
vt 0.670898438 0.104309082
vt 0.665527344 0.133666992
vt 0.66015625 0.163208008
vt 0.654296875 0.192871094
vt 0.677246094 0.105651855
vt 0.670898438 0.135131836
vt 0.665527344 0.164550781
vt 0.66015625 0.194091797
vt 0.654296875 0.223876953
vt 0.685546875 0.106628418
vt 0.677246094 0.136352539
vt 0.670898438 0.165771484
vt 0.665527344 0.1953125
vt 0.66015625 0.224975586
vt 0.654296875 0.254882812
vt 0.696289062 0.106933594
vt 0.706054688 0.0755615234
vt 0.706054688 0.106323242
vt 0.685546875 0.137329102
vt 0.696289062 0.137573242
vt 0.706054688 0.137084961
vt 0.696289062 0.168212891
vt 0.660644531 0.255859375
vt 0.654296875 0.285644531
vt 0.677246094 0.166992188
vt 0.685546875 0.16796875
vt 0.671386719 0.196533203
vt 0.666015625 0.226074219
vt 0.660644531 0.286621094
vt 0.654296875 0.31640625
vt 0.677734375 0.197631836
vt 0.685546875 0.198486328
vt 0.671386719 0.227172852
vt 0.666015625 0.256835938
vt 0.660644531 0.317382812
vt 0.653808594 0.347412109
vt 0.677734375 0.228271484
vt 0.696289062 0.198852539
vt 0.706054688 0.167724609
vt 0.705566406 0.198364258
vt 0.671875 0.2578125
vt 0.666503906 0.287597656
vt 0.660644531 0.347900391
vt 0.654296875 0.378173828
vt 0.685546875 0.229003906
vt 0.696289062 0.229370117
vt 0.705566406 0.228881836
vt 0.677734375 0.258789062
vt 0.671875 0.288330078
vt 0.666503906 0.318115234
vt 0.662109375 0.378662109
vt 0.654785156 0.408935547
vt 0.696289062 0.259765625
vt 0.705566406 0.259521484
vt 0.685546875 0.259521484
vt 0.677734375 0.289306641
vt 0.672363281 0.318847656
vt 0.666992188 0.348632812
vt 0.6640625 0.409179688
vt 0.654296875 0.439697266
vt 0.695800781 0.290283203
vt 0.705566406 0.290039062
vt 0.685546875 0.290039062
vt 0.678222656 0.319824219
vt 0.672363281 0.349365234
vt 0.668945312 0.379150391
vt 0.6640625 0.439941406
vt 0.653808594 0.470214844
vt 0.695800781 0.320800781
vt 0.705566406 0.3203125
vt 0.685546875 0.320556641
vt 0.678222656 0.350341797
vt 0.674804688 0.379882812
vt 0.671386719 0.409667969
vt 0.664550781 0.470458984
vt 0.653320312 0.500976562
vt 0.695800781 0.351074219
vt 0.705566406 0.350830078
vt 0.685546875 0.350830078
vt 0.680664062 0.380615234
vt 0.677246094 0.410400391
vt 0.671875 0.440185547
vt 0.664550781 0.500976562
vt 0.653320312 0.531738281
vt 0.69921875 0.381347656
vt 0.708007812 0.381347656
vt 0.688476562 0.381103516
vt 0.682128906 0.411132812
vt 0.677734375 0.440673828
vt 0.672851562 0.470703125
vt 0.664550781 0.53125
vt 0.652832031 0.562011719
vt 0.698730469 0.411621094
vt 0.708007812 0.411621094
vt 0.689453125 0.411621094
vt 0.682617188 0.44140625
vt 0.678222656 0.471191406
vt 0.673339844 0.500976562
vt 0.665039062 0.562011719
vt 0.652832031 0.592285156
vt 0.698730469 0.441894531
vt 0.707519531 0.441894531
vt 0.688964844 0.441894531
vt 0.682617188 0.471679688
vt 0.678710938 0.501464844
vt 0.673828125 0.53125
vt 0.665039062 0.592285156
vt 0.653320312 0.623046875
vt 0.698242188 0.472167969
vt 0.70703125 0.472167969
vt 0.688964844 0.471923828
vt 0.682617188 0.501953125
vt 0.679199219 0.531738281
vt 0.674316406 0.561523438
vt 0.665039062 0.622558594
vt 0.653320312 0.653320312
vt 0.697753906 0.502441406
vt 0.70703125 0.502441406
vt 0.688476562 0.502441406
vt 0.683105469 0.532226562
vt 0.6796875 0.562011719
vt 0.674804688 0.592285156
vt 0.665527344 0.652832031
vt 0.653808594 0.683105469
vt 0.697265625 0.532714844
vt 0.706542969 0.532714844
vt 0.688476562 0.532226562
vt 0.683105469 0.5625
vt 0.680175781 0.592285156
vt 0.675292969 0.622558594
vt 0.665527344 0.683105469
vt 0.654785156 0.713378906
vt 0.697265625 0.5625
vt 0.706542969 0.5625
vt 0.687988281 0.5625
vt 0.68359375 0.592285156
vt 0.681152344 0.622558594
vt 0.67578125 0.652832031
vt 0.666015625 0.713378906
vt 0.655761719 0.743652344
vt 0.696777344 0.592773438
vt 0.706054688 0.592773438
vt 0.687988281 0.592773438
vt 0.684082031 0.622558594
vt 0.681640625 0.65234375
vt 0.67578125 0.682617188
vt 0.666503906 0.743652344
vt 0.65625 0.7734375
vt 0.696777344 0.622558594
vt 0.706054688 0.622558594
vt 0.687988281 0.622558594
vt 0.684082031 0.652832031
vt 0.682128906 0.682617188
vt 0.676269531 0.712890625
vt 0.666015625 0.7734375
vt 0.655761719 0.803222656
vt 0.696289062 0.652832031
vt 0.706054688 0.652832031
vt 0.687988281 0.652832031
vt 0.684570312 0.682617188
vt 0.682617188 0.712890625
vt 0.676757812 0.743164062
vt 0.664550781 0.803710938
vt 0.655273438 0.833007812
vt 0.687988281 0.682617188
vt 0.685058594 0.712890625
vt 0.68359375 0.742675781
vt 0.676757812 0.7734375
vt 0.662597656 0.833496094
vt 0.655761719 0.862304688
vt 0.696289062 0.682617188
vt 0.687988281 0.712890625
vt 0.685058594 0.742675781
vt 0.68359375 0.772949219
vt 0.675292969 0.803710938
vt 0.662109375 0.863769531
vt 0.65625 0.891601562
vt 0.672851562 0.833496094
vt 0.682617188 0.802734375
vt 0.685058594 0.772949219
vt 0.680664062 0.833007812
vt 0.683105469 0.802734375
vt 0.672363281 0.863769531
vt 0.681152344 0.86328125
vt 0.661132812 0.893066406
vt 0.657714844 0.920898438
vt 0.671875 0.894042969
vt 0.680664062 0.893066406
vt 0.66015625 0.922851562
vt 0.658691406 0.949707031
vt 0.669921875 0.923828125
vt 0.677734375 0.922851562
vt 0.658203125 0.952636719
vt 0.66796875 0.953125
vt 0.665527344 0.977539062
vt 0.661132812 0.978027344
vt 0.669921875 0.977539062
vt 0.668945312 0.949707031
vt 0.674316406 0.977539062
vt 0.679199219 0.947753906
vt 0.678710938 0.977539062
vt 0.673339844 0.922363281
vt 0.682128906 0.920898438
vt 0.683105469 0.892089844
vt 0.676757812 0.892089844
vt 0.68359375 0.862304688
vt 0.679199219 0.862304688
vt 0.683105469 0.832519531
vt 0.680175781 0.832519531
vt 0.686035156 0.802246094
vt 0.6875 0.772460938
vt 0.687988281 0.742675781
vt 0.696289062 0.712402344
vt 0.696289062 0.742675781
vt 0.6953125 0.772460938
vt 0.693847656 0.802246094
vt 0.69140625 0.83203125
vt 0.706054688 0.682617188
vt 0.706054688 0.712402344
vt 0.709960938 0.652832031
vt 0.709960938 0.623046875
vt 0.710449219 0.683105469
vt 0.7109375 0.712890625
vt 0.706054688 0.742675781
vt 0.711425781 0.742675781
vt 0.705566406 0.772460938
vt 0.711425781 0.772460938
vt 0.704101562 0.802246094
vt 0.710449219 0.802246094
vt 0.701660156 0.83203125
vt 0.708984375 0.832519531
vt 0.692871094 0.861816406
vt 0.703613281 0.861816406
vt 0.710449219 0.861816406
vt 0.691894531 0.891601562
vt 0.701660156 0.891601562
vt 0.709960938 0.891601562
vt 0.689453125 0.921875
vt 0.678710938 0.950683594
vt 0.698730469 0.921386719
vt 0.70703125 0.921386719
vt 0.687988281 0.947265625
vt 0.692871094 0.951171875
vt 0.705566406 0.951660156
vt 0.683105469 0.977539062
vt 0.6875 0.977539062
vt 0.691894531 0.977539062
vt 0.696777344 0.977539062
vt 0.706054688 0.0447387695
vt 0.696289062 0.0762329102
vt 0.706054688 0.0755615234
vt 0.709472656 0.0432739258
vt 0.709472656 0.0741577148
vt 0.706054688 0.106323242
vt 0.709472656 0.105041504
vt 0.706054688 0.137084961
vt 0.708984375 0.135864258
vt 0.706054688 0.167724609
vt 0.696289062 0.168212891
vt 0.708984375 0.166625977
vt 0.705566406 0.198364258
vt 0.708984375 0.197265625
vt 0.705566406 0.228881836
vt 0.708984375 0.228027344
vt 0.705566406 0.259521484
vt 0.708984375 0.258544922
vt 0.705566406 0.290039062
vt 0.708984375 0.289306641
vt 0.705566406 0.3203125
vt 0.708496094 0.319824219
vt 0.705566406 0.350830078
vt 0.708496094 0.350341797
vt 0.708007812 0.381347656
vt 0.7109375 0.380615234
vt 0.708007812 0.411621094
vt 0.7109375 0.411132812
vt 0.707519531 0.441894531
vt 0.710449219 0.44140625
vt 0.70703125 0.472167969
vt 0.710449219 0.471923828
vt 0.70703125 0.502441406
vt 0.709960938 0.501953125
vt 0.706542969 0.532714844
vt 0.709960938 0.532226562
vt 0.706542969 0.5625
vt 0.709960938 0.5625
vt 0.706054688 0.592773438
vt 0.709960938 0.592773438
vt 0.706054688 0.622558594
vt 0.709960938 0.623046875
vt 0.706054688 0.652832031
vt 0.758300781 0.137207031
vt 0.759765625 0.166137695
vt 0.758789062 0.167724609
vt 0.761230469 0.196777344
vt 0.759765625 0.198242188
vt 0.762695312 0.227294922
vt 0.760742188 0.228759766
vt 0.764160156 0.2578125
vt 0.762207031 0.259277344
vt 0.765625 0.288330078
vt 0.763183594 0.289794922
vt 0.767578125 0.318847656
vt 0.764648438 0.320068359
vt 0.762695312 0.291015625
vt 0.769042969 0.349365234
vt 0.763183594 0.321289062
vt 0.766113281 0.350585938
vt 0.770996094 0.379638672
vt 0.764160156 0.3515625
vt 0.767089844 0.380859375
vt 0.772460938 0.41015625
vt 0.764648438 0.381835938
vt 0.768554688 0.411132812
vt 0.774414062 0.440429688
vt 0.765625 0.412109375
vt 0.770019531 0.44140625
vt 0.775878906 0.470703125
vt 0.766601562 0.442382812
vt 0.771484375 0.471679688
vt 0.776855469 0.500976562
vt 0.767089844 0.472412109
vt 0.772460938 0.501953125
vt 0.778320312 0.53125
vt 0.768066406 0.502441406
vt 0.773925781 0.532226562
vt 0.778808594 0.561523438
vt 0.768554688 0.532714844
vt 0.774902344 0.562011719
vt 0.779296875 0.591796875
vt 0.769042969 0.5625
vt 0.775878906 0.592285156
vt 0.779785156 0.622070312
vt 0.770019531 0.592773438
vt 0.776367188 0.622558594
vt 0.779785156 0.65234375
vt 0.770019531 0.622558594
vt 0.776855469 0.65234375
vt 0.779785156 0.682617188
vt 0.770507812 0.652832031
vt 0.77734375 0.682617188
vt 0.778808594 0.712402344
vt 0.770507812 0.682617188
vt 0.77734375 0.712402344
vt 0.778320312 0.742675781
vt 0.770507812 0.712402344
vt 0.776855469 0.742675781
vt 0.77734375 0.772949219
vt 0.770019531 0.7421875
vt 0.776367188 0.772460938
vt 0.775878906 0.802734375
vt 0.769042969 0.771972656
vt 0.774902344 0.802734375
vt 0.772949219 0.833007812
vt 0.767578125 0.801757812
vt 0.771484375 0.832519531
vt 0.770019531 0.862792969
vt 0.763671875 0.831542969
vt 0.767578125 0.862304688
vt 0.766601562 0.893066406
vt 0.759765625 0.861328125
vt 0.759277344 0.891113281
vt 0.755859375 0.890625
vt 0.762207031 0.922851562
vt 0.752441406 0.919921875
vt 0.805175781 0.22668457
vt 0.801757812 0.258544922
vt 0.8046875 0.257080078
vt 0.801757812 0.2890625
vt 0.8046875 0.287841797
vt 0.801269531 0.319335938
vt 0.804199219 0.318115234
vt 0.80078125 0.349853516
vt 0.803710938 0.348632812
vt 0.800292969 0.350830078
vt 0.800292969 0.381103516
vt 0.795410156 0.382080078
vt 0.794921875 0.352050781
vt 0.795898438 0.412353516
vt 0.80078125 0.380126953
vt 0.800292969 0.411376953
vt 0.795898438 0.442382812
vt 0.800292969 0.441650391
vt 0.796386719 0.47265625
vt 0.800292969 0.471679688
vt 0.796386719 0.502441406
vt 0.800292969 0.501953125
vt 0.796875 0.532714844
vt 0.799804688 0.532226562
vt 0.796875 0.5625
vt 0.799804688 0.562011719
vt 0.796875 0.592773438
vt 0.799804688 0.592285156
vt 0.796875 0.622558594
vt 0.799316406 0.622558594
vt 0.797363281 0.652832031
vt 0.798828125 0.65234375
vt 0.797363281 0.682617188
vt 0.798828125 0.682128906
vt 0.797363281 0.712402344
vt 0.798339844 0.712402344
vt 0.797363281 0.7421875
vt 0.798339844 0.7421875
vt 0.797363281 0.771972656
vt 0.798339844 0.771972656
vt 0.796875 0.801757812
vt 0.798339844 0.802246094
vt 0.796386719 0.831542969
vt 0.797851562 0.83203125
vt 0.795898438 0.861328125
vt 0.796386719 0.861816406
vt 0.762207031 0.260742188
vt 0.762207031 0.259277344
vt 0.763183594 0.289794922
vt 0.762695312 0.291015625
vt 0.812988281 0.317382812
vt 0.804199219 0.318115234
vt 0.803710938 0.348632812
vt 0.812988281 0.286865234
vt 0.8046875 0.287841797
vt 0.813476562 0.256103516
vt 0.8046875 0.257080078
vt 0.813476562 0.225463867
vt 0.823242188 0.286376953
vt 0.823242188 0.255615234
vt 0.823242188 0.224975586
vt 0.822753906 0.317138672
vt 0.812988281 0.347900391
vt 0.813964844 0.194824219
vt 0.823242188 0.194213867
vt 0.805664062 0.196044922
vt 0.805664062 0.165405273
vt 0.813964844 0.1640625
vt 0.806152344 0.134765625
vt 0.813964844 0.133300781
vt 0.814453125 0.102539062
vt 0.823242188 0.163330078
vt 0.823242188 0.132568359
vt 0.823242188 0.0708007812
vt 0.826660156 0.0393981934
vt 0.823242188 0.10168457
vt 0.826660156 0.0703735352
vt 0.833984375 0.0394897461
vt 0.826660156 0.101379395
vt 0.833984375 0.0704345703
vt 0.848144531 0.0398254395
vt 0.848144531 0.0707397461
vt 0.833984375 0.10144043
vt 0.848144531 0.10168457
vt 0.826660156 0.132324219
vt 0.833984375 0.132324219
vt 0.848144531 0.132568359
vt 0.826660156 0.163208008
vt 0.833984375 0.163208008
vt 0.848144531 0.163574219
vt 0.826660156 0.193969727
vt 0.833984375 0.194091797
vt 0.84765625 0.194335938
vt 0.826660156 0.224853516
vt 0.833984375 0.224975586
vt 0.847167969 0.225219727
vt 0.826171875 0.255615234
vt 0.833496094 0.255859375
vt 0.847167969 0.256103516
vt 0.826171875 0.286376953
vt 0.833496094 0.286376953
vt 0.846679688 0.286621094
vt 0.826171875 0.317138672
vt 0.833007812 0.317138672
vt 0.846191406 0.317382812
vt 0.822753906 0.34765625
vt 0.833007812 0.347900391
vt 0.845703125 0.347900391
vt 0.825683594 0.34765625
vt 0.8125 0.378417969
vt 0.803222656 0.379150391
vt 0.803222656 0.409667969
vt 0.832519531 0.378417969
vt 0.845703125 0.378417969
vt 0.825683594 0.378417969
vt 0.822753906 0.378173828
vt 0.8125 0.408935547
vt 0.802734375 0.439941406
vt 0.832519531 0.408935547
vt 0.845214844 0.408935547
vt 0.825683594 0.408935547
vt 0.822753906 0.408935547
vt 0.8125 0.439453125
vt 0.802246094 0.470214844
vt 0.83203125 0.439453125
vt 0.844726562 0.439453125
vt 0.825195312 0.439453125
vt 0.822753906 0.439453125
vt 0.8125 0.469970703
vt 0.801757812 0.500488281
vt 0.83203125 0.469726562
vt 0.844726562 0.469970703
vt 0.825195312 0.469726562
vt 0.822265625 0.469726562
vt 0.812011719 0.500488281
vt 0.801269531 0.530761719
vt 0.831542969 0.5
vt 0.844238281 0.5
vt 0.824707031 0.5
vt 0.822265625 0.5
vt 0.812011719 0.530761719
vt 0.801269531 0.561035156
vt 0.831542969 0.530761719
vt 0.844238281 0.530273438
vt 0.824707031 0.530761719
vt 0.821777344 0.530761719
vt 0.812011719 0.561035156
vt 0.80078125 0.591308594
vt 0.831054688 0.560546875
vt 0.84375 0.560546875
vt 0.82421875 0.561035156
vt 0.821777344 0.561035156
vt 0.812011719 0.591308594
vt 0.800292969 0.621582031
vt 0.830566406 0.590820312
vt 0.84375 0.590820312
vt 0.823730469 0.590820312
vt 0.821289062 0.591308594
vt 0.812011719 0.621582031
vt 0.800292969 0.651855469
vt 0.829589844 0.62109375
vt 0.843261719 0.62109375
vt 0.829101562 0.651367188
vt 0.842773438 0.651367188
vt 0.828125 0.681152344
vt 0.841796875 0.681640625
vt 0.822753906 0.62109375
vt 0.820800781 0.621582031
vt 0.812011719 0.651855469
vt 0.799804688 0.682128906
vt 0.8203125 0.651367188
vt 0.822265625 0.651367188
vt 0.812011719 0.682128906
vt 0.799804688 0.711914062
vt 0.8125 0.711914062
vt 0.799316406 0.7421875
vt 0.8125 0.7421875
vt 0.799316406 0.772460938
vt 0.8125 0.772460938
vt 0.799316406 0.802246094
vt 0.8125 0.802246094
vt 0.798339844 0.832519531
vt 0.812011719 0.83203125
vt 0.79296875 0.83203125
vt 0.791503906 0.861816406
vt 0.797363281 0.862304688
vt 0.7890625 0.891601562
vt 0.797851562 0.892578125
vt 0.786621094 0.920898438
vt 0.797851562 0.922851562
vt 0.786621094 0.951660156
vt 0.802246094 0.952148438
vt 0.803710938 0.919921875
vt 0.796386719 0.976074219
vt 0.809082031 0.948242188
vt 0.803710938 0.976074219
vt 0.806640625 0.976074219
vt 0.812988281 0.317382812
vt 0.812988281 0.347900391
vt 0.803222656 0.379150391
vt 0.800292969 0.410400391
vt 0.803222656 0.409667969
vt 0.799804688 0.440673828
vt 0.802734375 0.439941406
vt 0.799804688 0.470947266
vt 0.802246094 0.470214844
vt 0.799316406 0.501464844
vt 0.801757812 0.500488281
vt 0.798828125 0.531738281
vt 0.801269531 0.530761719
vt 0.798828125 0.561523438
vt 0.801269531 0.561035156
vt 0.798339844 0.591796875
vt 0.80078125 0.591308594
vt 0.797851562 0.622070312
vt 0.800292969 0.621582031
vt 0.797363281 0.651855469
vt 0.800292969 0.651855469
vt 0.796875 0.682128906
vt 0.799804688 0.682128906
vt 0.796386719 0.712402344
vt 0.799804688 0.711914062
vt 0.795898438 0.7421875
vt 0.799316406 0.7421875
vt 0.794921875 0.771972656
vt 0.799316406 0.772460938
vt 0.794433594 0.802246094
vt 0.799316406 0.802246094
vt 0.79296875 0.83203125
vt 0.701660156 0.348388672
vt 0.701660156 0.348876953
vt 0.705078125 0.379638672
vt 0.705078125 0.379150391
vt 0.705078125 0.41015625
vt 0.705078125 0.409912109
vt 0.704589844 0.440917969
vt 0.705078125 0.440429688
vt 0.704589844 0.471435547
vt 0.704589844 0.471191406
vt 0.704101562 0.501953125
vt 0.704589844 0.501953125
vt 0.704101562 0.532226562
vt 0.704101562 0.532226562
vt 0.703613281 0.5625
vt 0.704101562 0.562988281
vt 0.703613281 0.593261719
vt 0.704101562 0.593261719
vt 0.703125 0.623535156
vt 0.704101562 0.623535156
vt 0.703125 0.653808594
vt 0.704589844 0.654296875
vt 0.703125 0.684082031
vt 0.705078125 0.684570312
vt 0.703125 0.714355469
vt 0.705566406 0.71484375
vt 0.703125 0.744140625
vt 0.706054688 0.745117188
vt 0.702636719 0.774414062
vt 0.706542969 0.775390625
vt 0.701660156 0.8046875
vt 0.705078125 0.805175781
vt 0.699707031 0.834472656
vt 0.703613281 0.835449219
vt 0.702148438 0.864257812
vt 0.706054688 0.865234375
vt 0.700195312 0.894042969
vt 0.705566406 0.895996094
vt 0.697753906 0.924316406
vt 0.799804688 0.440673828
vt 0.800292969 0.441650391
vt 0.800292969 0.471679688
vt 0.799804688 0.470947266
vt 0.800292969 0.501953125
vt 0.799316406 0.501464844
vt 0.799804688 0.532226562
vt 0.798828125 0.531738281
vt 0.799804688 0.562011719
vt 0.798828125 0.561523438
vt 0.799804688 0.592285156
vt 0.798339844 0.591796875
vt 0.799316406 0.622558594
vt 0.797851562 0.622070312
vt 0.798828125 0.65234375
vt 0.797363281 0.651855469
vt 0.798828125 0.682128906
vt 0.829589844 0.62109375
vt 0.822753906 0.62109375
vt 0.822265625 0.651367188
vt 0.829101562 0.651367188
vt 0.821289062 0.681152344
vt 0.828125 0.681152344
vt 0.819824219 0.681640625
vt 0.8203125 0.651367188
vt 0.812011719 0.682128906
vt 0.8125 0.711914062
vt 0.818847656 0.711914062
vt 0.8125 0.7421875
vt 0.8203125 0.7109375
vt 0.817871094 0.741699219
vt 0.8125 0.772460938
vt 0.827148438 0.7109375
vt 0.841796875 0.681640625
vt 0.841308594 0.711425781
vt 0.818847656 0.740722656
vt 0.816894531 0.771484375
vt 0.8125 0.802246094
vt 0.826171875 0.740722656
vt 0.83984375 0.741699219
vt 0.817871094 0.770507812
vt 0.815429688 0.801269531
vt 0.812011719 0.83203125
vt 0.825195312 0.770996094
vt 0.838867188 0.771484375
vt 0.81640625 0.800292969
vt 0.823730469 0.80078125
vt 0.836914062 0.801269531
vt 0.813964844 0.830566406
vt 0.822265625 0.830078125
vt 0.835449219 0.831542969
vt 0.820800781 0.859863281
vt 0.812988281 0.859375
vt 0.814941406 0.829589844
vt 0.810546875 0.862304688
vt 0.797363281 0.862304688
vt 0.797851562 0.892578125
vt 0.811523438 0.859863281
vt 0.80859375 0.891601562
vt 0.797851562 0.922851562
vt 0.803710938 0.919921875
vt 0.80859375 0.888671875
vt 0.811523438 0.888671875
vt 0.805664062 0.917480469
vt 0.809082031 0.948242188
vt 0.80859375 0.947265625
vt 0.806640625 0.976074219
vt 0.797363281 0.651855469
vt 0.798828125 0.682128906
vt 0.796875 0.682128906
vt 0.798339844 0.712402344
vt 0.796386719 0.712402344
vt 0.798339844 0.7421875
vt 0.795898438 0.7421875
vt 0.798339844 0.771972656
vt 0.794921875 0.771972656
vt 0.798339844 0.802246094
vt 0.794433594 0.802246094
vt 0.797851562 0.83203125
vt 0.79296875 0.83203125
vt 0.796386719 0.861816406
vt 0.791503906 0.861816406
vt 0.791015625 0.891113281
vt 0.795898438 0.891601562
vt 0.794433594 0.921386719
vt 0.7890625 0.891601562
vt 0.787597656 0.920898438
vt 0.786621094 0.920898438
vt 0.796875 0.947753906
vt 0.786621094 0.951660156
vt 0.788574219 0.9765625
vt 0.683105469 0.802734375
vt 0.682617188 0.802734375
vt 0.680664062 0.833007812
vt 0.680175781 0.832519531
vt 0.681152344 0.86328125
vt 0.835449219 0.831542969
vt 0.820800781 0.859863281
vt 0.833496094 0.861328125
vt 0.818847656 0.889648438
vt 0.831054688 0.891113281
vt 0.811523438 0.888671875
vt 0.812988281 0.859375
vt 0.81640625 0.918945312
vt 0.829101562 0.921386719
vt 0.809082031 0.918457031
vt 0.805664062 0.917480469
vt 0.80859375 0.947265625
vt 0.817871094 0.94921875
vt 0.825195312 0.950195312
vt 0.811523438 0.946777344
vt 0.815917969 0.976074219
vt 0.821777344 0.976074219
vt 0.811035156 0.976074219
vt 0.808105469 0.976074219
vt 0.806640625 0.976074219
vt 0.680175781 0.832519531
vt 0.681152344 0.86328125
vt 0.679199219 0.862304688
vt 0.680664062 0.893066406
vt 0.676757812 0.892089844
vt 0.677734375 0.922851562
vt 0.673339844 0.922363281
vt 0.717285156 0.861816406
vt 0.716796875 0.864257812
vt 0.715332031 0.894042969
vt 0.714355469 0.891601562
vt 0.723144531 0.890136719
vt 0.721191406 0.918457031
vt 0.720703125 0.918945312
vt 0.719238281 0.948730469
vt 0.755859375 0.920410156
vt 0.762695312 0.947265625
vt 0.762695312 0.94921875
vt 0.758300781 0.9765625
vt 0.713378906 0.923339844
vt 0.708496094 0.953125
vt 0.708984375 0.948730469
vt 0.711914062 0.977050781
vt 0.682128906 0.920898438
vt 0.679199219 0.947753906
vt 0.678710938 0.950683594
vt 0.678710938 0.977539062
vt 0.673339844 0.922363281
vt 0.677734375 0.922851562
vt 0.668945312 0.949707031
vt 0.66796875 0.953125
vt 0.669921875 0.977539062
vt 0.66015625 0.922851562
vt 0.658691406 0.949707031
vt 0.658203125 0.952636719
vt 0.661132812 0.978027344
vn -0.564453125 -0.821777344 -0.0759277344
vn 0.0686035156 -0.997558594 0.00412750244
vn 0.641113281 -0.755371094 -0.136108398
vn -0.914550781 -0.394775391 -0.0895385742
vn -0.609375 -0.782226562 -0.12878418
vn 0.583007812 0.8125 0.000139355659
vn 0.0305633545 0.999511719 -0.0140914917
vn -0.902832031 0.407714844 0.135375977
vn 0.583007812 0.8125 0.000139355659
vn -0.902832031 0.407714844 0.135375977
vn -0.639160156 0.759277344 0.122619629
vn -0.307128906 0.935058594 -0.177124023
vn -0.729980469 0.647460938 -0.218994141
vn -0.631835938 0.771484375 0.0737915039
vn -0.811035156 0.549804688 -0.200927734
vn -0.11340332 0.967285156 -0.226928711
vn 0.727539062 0.685546875 0.0308532715
vn 0.727539062 0.685546875 0.0308532715
vn -0.11340332 0.967285156 -0.226928711
vn -0.755371094 0.595703125 0.2734375
vn -0.501464844 0.865234375 -0.00405883789
vn -0.391845703 0.919921875 0.00452041626
vn -0.595703125 0.803222656 -0.00440979004
vn 0.568359375 -0.822265625 0.0252990723
vn -0.010887146 -0.998046875 0.0603027344
vn -0.911132812 -0.39453125 -0.120727539
vn 0.568359375 -0.822265625 0.0252990723
vn -0.911132812 -0.39453125 -0.120727539
vn -0.679199219 -0.727539062 -0.0999755859
vn 0.0925292969 0.995605469 -0.0261688232
vn -0.903320312 0.421142578 0.0829467773
vn -0.587890625 0.801757812 0.105957031
vn -0.548828125 0.834960938 0.0351867676
vn 0.617675781 0.780273438 0.0963134766
vn -0.75390625 0.643554688 -0.134643555
vn -0.662109375 0.739257812 -0.121582031
vn -0.939941406 0.323974609 -0.108337402
vn -0.961914062 0.272705078 -0.006980896
vn -0.703613281 0.708007812 -0.0608520508
vn -0.937011719 0.346923828 0.0403747559
vn -0.700195312 0.712402344 0.0492858887
vn -0.276367188 -0.931152344 0.23840332
vn -0.776855469 -0.567871094 0.272460938
vn -0.569335938 -0.821777344 -0.0153121948
vn -0.903320312 0.421142578 0.0829467773
vn -0.982421875 0.184448242 0.0274963379
vn -0.998535156 0.016418457 0.055267334
vn -0.786132812 -0.582519531 0.205810547
vn -0.055480957 -0.969238281 0.240234375
vn 0.717773438 -0.696289062 -0.0123443604
vn 0.717773438 -0.696289062 -0.0123443604
vn -0.055480957 -0.969238281 0.240234375
vn -0.6953125 -0.674316406 -0.247924805
vn -0.281005859 -0.959472656 -0.0276947021
vn -0.18762207 -0.981445312 -0.0403442383
vn -0.120239258 -0.990722656 -0.0663452148
vn -0.754394531 -0.654296875 0.0559387207
vn -0.733886719 -0.678222656 0.0383605957
vn -0.671386719 -0.739746094 0.0402832031
vn 0.511230469 0.857910156 -0.0525512695
vn -0.538085938 0.840820312 -0.0596008301
vn -0.314697266 0.945800781 -0.0807495117
vn -0.564453125 -0.821777344 0.0759277344
vn 0.641113281 -0.755371094 0.135986328
vn 0.0686035156 -0.997558594 -0.0041847229
vn -0.609375 -0.782226562 0.12878418
vn -0.914550781 -0.394775391 0.0895385742
vn -0.641601562 -0.767089844 0.0155410767
vn -0.8125 -0.582519531 0.0194244385
vn -0.932617188 -0.357421875 0.0449829102
vn 0.583007812 0.8125 -0.000128984451
vn -0.639160156 0.759277344 -0.122558594
vn -0.902832031 0.407714844 -0.135375977
vn -0.306640625 0.935058594 0.176635742
vn -0.631835938 0.771484375 -0.0737304688
vn -0.728027344 0.649902344 0.217895508
vn -0.767089844 0.62109375 0.160766602
vn 0.630371094 0.774414062 -0.0532531738
vn -0.0582885742 0.986328125 0.153320312
vn 0.630371094 0.774414062 -0.0532531738
vn -0.687011719 0.679199219 -0.258300781
vn -0.0582885742 0.986328125 0.153320312
vn -0.927246094 0.373779297 0.0111618042
vn -0.729003906 0.684082031 0.0110397339
vn -0.740234375 0.672363281 0.0110626221
vn -0.927734375 0.372558594 0.011177063
vn -0.986816406 0.161010742 0.00771331787
vn -0.719726562 0.694335938 0.0112075806
vn -0.987792969 0.156738281 0.00770187378
vn -0.999511719 0.0376281738 0.00545501709
vn -0.931152344 0.364501953 0.0111160278
vn -0.711914062 0.702148438 0.01146698
vn -0.999511719 0.0355529785 0.00514221191
vn -0.999511719 -0.023651123 0.00556182861
vn -0.989257812 0.147216797 0.00759124756
vn -0.934570312 0.356201172 0.0110549927
vn -0.706054688 0.708007812 0.0118331909
vn -0.999511719 -0.0234375 0.00451660156
vn -0.999023438 -0.0406799316 0.00621032715
vn -0.999023438 -0.039642334 0.00467681885
vn -0.999511719 0.0303192139 0.00444412231
vn -0.999511719 -0.0250396729 0.00235939026
vn -0.999023438 -0.0400085449 0.00156784058
vn -0.990722656 0.137451172 0.00735855103
vn -0.9375 0.347412109 0.0109863281
vn -0.701660156 0.712402344 0.0122299194
vn -0.999511719 -0.0305175781 8.92877579E-05
vn -0.999023438 -0.0448608398 -0.0015630722
vn -0.999511719 0.0229492188 0.0035572052
vn -0.991699219 0.126953125 0.006980896
vn -0.940917969 0.337890625 0.0108566284
vn -0.69921875 0.71484375 0.0126266479
vn -0.999023438 -0.0393371582 -0.00217628479
vn -0.998535156 -0.0533447266 -0.00452423096
vn -1 0.0133895874 0.00248908997
vn -0.993164062 0.115722656 0.00646209717
vn -0.944824219 0.327148438 0.0106658936
vn -0.698242188 0.715820312 0.0129470825
vn -0.998535156 -0.0507202148 -0.00423049927
vn -0.998046875 -0.0645141602 -0.00706863403
vn -1 0.00187397003 0.00133609772
vn -0.994628906 0.103393555 0.00582504272
vn -0.948730469 0.315429688 0.0103912354
vn -0.697753906 0.715820312 0.013168335
vn -0.998046875 -0.0637207031 -0.00586700439
vn -0.997070312 -0.0772094727 -0.00895690918
vn -1 -0.0111083984 0.000211000443
vn -0.99609375 0.0901489258 0.00512313843
vn -0.953125 0.302490234 0.0100631714
vn -0.698242188 0.715820312 0.0132598877
vn -0.997070312 -0.0772705078 -0.00699234009
vn -0.99609375 -0.0903320312 -0.0100784302
vn -0.999511719 -0.0249481201 -0.000797271729
vn -0.997070312 0.0760498047 0.00440979004
vn -0.957519531 0.288085938 0.00970458984
vn -0.698730469 0.71484375 0.0132827759
vn -0.99609375 -0.0904541016 -0.00763320923
vn -0.994628906 -0.102905273 -0.0105285645
vn -0.999023438 -0.0390014648 -0.00164890289
vn -0.998046875 0.0612487793 0.00371360779
vn -0.961914062 0.272705078 0.00931549072
vn -0.700195312 0.713867188 0.0133590698
vn -0.994628906 -0.102478027 -0.00789642334
vn -0.993652344 -0.114074707 -0.0104598999
vn -0.998535156 -0.0527954102 -0.00234794617
vn -0.999023438 0.0460510254 0.00305557251
vn -0.966308594 0.256591797 0.00894165039
vn -0.702148438 0.711914062 0.0133590698
vn -0.993652344 -0.112976074 -0.00786590576
vn -0.9921875 -0.123352051 -0.0100097656
vn -0.998046875 -0.0659179688 -0.00291252136
vn -0.999511719 0.0305023193 0.00244140625
vn -0.970703125 0.239379883 0.00858306885
vn -0.704101562 0.709960938 0.0132598877
vn -0.992675781 -0.121459961 -0.00765991211
vn -0.991210938 -0.130371094 -0.00933074951
vn -0.997070312 -0.0781860352 -0.00339698792
vn -1 0.0147171021 0.00185394287
vn -0.975097656 0.221679688 0.00824737549
vn -0.706542969 0.707519531 0.0130996704
vn -0.991699219 -0.127807617 -0.00742721558
vn -0.990722656 -0.134765625 -0.00859069824
vn -0.99609375 -0.0894165039 -0.00387001038
vn -1 -0.00134086609 0.00129890442
vn -0.979003906 0.203491211 0.00794219971
vn -0.7109375 0.703125 0.0133056641
vn -0.991210938 -0.131835938 -0.00730514526
vn -0.990722656 -0.136352539 -0.00796508789
vn -0.995117188 -0.0998535156 -0.00439453125
vn -1 -0.0178070068 0.000777721405
vn -0.982910156 0.185058594 0.00772094727
vn -0.718261719 0.695800781 0.0135726929
vn -0.991210938 -0.133666992 -0.00733566284
vn -0.990722656 -0.135009766 -0.00751113892
vn -0.994140625 -0.109619141 -0.00498962402
vn -0.999511719 -0.0349731445 0.000251293182
vn -0.985839844 0.166137695 0.00748825073
vn -0.728027344 0.685546875 0.0132446289
vn -0.991210938 -0.133300781 -0.0075302124
vn -0.991210938 -0.130615234 -0.00719451904
vn -0.992675781 -0.11907959 -0.0057220459
vn -0.998535156 -0.0531311035 -0.000408411026
vn -0.989257812 0.146606445 0.00707626343
vn -0.73828125 0.674316406 0.012802124
vn -0.991210938 -0.130615234 -0.00803375244
vn -0.9921875 -0.122680664 -0.00710296631
vn -0.991699219 -0.128662109 -0.00676345825
vn -0.997558594 -0.0731201172 -0.0014629364
vn -0.9921875 0.125854492 0.00643157959
vn -0.75 0.661132812 0.0127716064
vn -0.9921875 -0.125 -0.00913238525
vn -0.993652344 -0.110290527 -0.00743865967
vn -0.990234375 -0.138793945 -0.0085067749
vn -0.995117188 -0.0963134766 -0.00330162048
vn -0.994628906 0.102478027 0.00535202026
vn -0.767089844 0.641113281 0.0133361816
vn -0.993164062 -0.115905762 -0.010925293
vn -0.995605469 -0.0927124023 -0.00814819336
vn -0.988769531 -0.149902344 -0.0113143921
vn -0.9921875 -0.124023438 -0.00604629517
vn -0.997070312 0.075012207 0.00379753113
vn -0.790039062 0.612792969 0.0132827759
vn -0.994628906 -0.102416992 -0.012802124
vn -0.997558594 -0.0700073242 -0.00873565674
vn -0.986816406 -0.161743164 -0.0148239136
vn -0.987792969 -0.15637207 -0.00932312012
vn -0.999023438 0.0423278809 0.00184345245
vn -0.814453125 0.580566406 0.0121536255
vn -0.99609375 -0.0845336914 -0.0140457153
vn -0.999023438 -0.0432128906 -0.00873565674
vn -0.984863281 -0.173339844 -0.0181884766
vn -0.980957031 -0.192749023 -0.0127334595
vn -1 0.00364494324 -0.000577449799
vn -0.839355469 0.543457031 0.0109100342
vn -0.998046875 -0.0630493164 -0.0144424438
vn -1 -0.0135269165 -0.00804138184
vn -0.982910156 -0.18371582 -0.0209960938
vn -0.97265625 -0.232666016 -0.0162811279
vn -0.999023438 -0.0382995605 -0.0141830444
vn -1 0.018371582 -0.0066947937
vn -0.980957031 -0.192138672 -0.0235137939
vn -0.999023438 -0.0429077148 -0.00320243835
vn -1 -0.0105438232 -0.013168335
vn -0.998535156 0.0520324707 -0.00461196899
vn -0.979980469 -0.197509766 -0.025604248
vn -0.9609375 -0.275390625 -0.0199127197
vn -0.999511719 0.0199584961 -0.0112915039
vn -0.99609375 0.0866699219 -0.00179386139
vn -0.979980469 -0.198242188 -0.0272216797
vn -0.947265625 -0.320068359 -0.0240478516
vn -0.995117188 -0.0977172852 -0.00635910034
vn -0.8671875 0.497558594 0.00977325439
vn -0.998535156 0.0528869629 -0.00875091553
vn -0.992675781 0.121459961 0.00162220001
vn -0.981933594 -0.187744141 -0.0298156738
vn -0.930664062 -0.364013672 -0.0328063965
vn 0.033996582 0.999511719 0.00771713257
vn 0.0292205811 0.999511719 0.00919342041
vn 0.0392456055 0.999023438 0.0182342529
vn -0.895996094 0.443603516 0.0130157471
vn 0.0340576172 0.998535156 0.0393981934
vn -0.985839844 -0.166503906 -0.0132217407
vn -0.925292969 0.379150391 0.017288208
vn -0.048828125 0.996582031 0.0676879883
vn -0.963378906 -0.266113281 -0.0268554688
vn -0.955566406 0.294677734 0.0140762329
vn -0.233520508 0.96875 0.0821533203
vn -0.910644531 -0.410888672 -0.0475463867
vn -0.901367188 -0.430175781 -0.0534667969
vn -0.991699219 0.127807617 -0.00470733643
vn -0.274658203 0.961425781 -0.0166015625
vn -0.987304688 -0.155029297 -0.0327453613
vn -0.876464844 -0.476806641 -0.0679931641
vn -0.824707031 -0.55859375 -0.0894775391
vn -1 -0.0159912109 0.00503158569
vn -0.307128906 0.935058594 -0.177124023
vn -0.802246094 -0.596679688 0.0213775635
vn -0.994628906 -0.0753173828 -0.0731811523
vn -0.729980469 0.647460938 -0.218994141
vn -0.986328125 -0.0680541992 -0.150268555
vn -0.856445312 -0.510742188 0.0718994141
vn -0.943359375 -0.330810547 -0.0138778687
vn -0.856933594 -0.515136719 0.00236701965
vn -0.994140625 -0.102844238 -0.0317077637
vn -0.850585938 -0.518066406 -0.0906982422
vn -0.998535156 -0.0500183105 -0.025894165
vn -0.99609375 0.0868530273 -0.00526428223
vn -0.987792969 0.155517578 0.00548553467
vn -0.993164062 0.117675781 -0.000675201416
vn -0.981933594 0.189819336 0.00947570801
vn -0.989746094 0.143066406 0.00238037109
vn -0.973632812 0.227783203 0.0124130249
vn -1 -0.0065612793 0.0130386353
vn -0.951171875 -0.295166016 0.0924682617
vn -0.989257812 0.142578125 0.0248413086
vn -0.949707031 0.312988281 0.0214996338
vn -0.999023438 0.0126724243 0.040222168
vn -0.990234375 0.130737305 0.0456848145
vn -0.9375 0.346435547 0.0369567871
vn -0.992675781 -0.108520508 0.0489196777
vn -0.999511719 0.00125598907 0.0318908691
vn -0.995605469 0.0798339844 0.0456237793
vn -0.947753906 0.31640625 0.0458984375
vn -0.5234375 0.852050781 0.00479125977
vn -0.65625 0.754882812 0.00202560425
vn -0.657714844 0.753417969 0.00166225433
vn -0.505371094 0.862792969 0.00486755371
vn -0.740234375 0.672363281 0.0110626221
vn -0.637695312 0.770019531 0.00255775452
vn -0.729003906 0.684082031 0.0110397339
vn -0.473632812 0.880859375 0.00538635254
vn -0.616699219 0.787109375 0.00302505493
vn -0.719726562 0.694335938 0.0112075806
vn -0.442382812 0.896972656 0.00592803955
vn -0.593261719 0.805175781 0.00343322754
vn -0.711914062 0.702148438 0.01146698
vn -0.411376953 0.911621094 0.00652694702
vn -0.56640625 0.82421875 0.00373840332
vn -0.706054688 0.708007812 0.0118331909
vn -0.380126953 0.924804688 0.00710678101
vn -0.536132812 0.844238281 0.00388717651
vn -0.701660156 0.712402344 0.0122299194
vn -0.348388672 0.9375 0.00760269165
vn -0.501464844 0.865234375 0.00382041931
vn -0.69921875 0.71484375 0.0126266479
vn -0.315429688 0.948730469 0.00794219971
vn -0.698242188 0.715820312 0.0129470825
vn -0.281738281 0.959472656 0.00812530518
vn -0.697753906 0.715820312 0.013168335
vn -0.246826172 0.969238281 0.00801849365
vn -0.698242188 0.715820312 0.0132598877
vn -0.210083008 0.977539062 0.0076751709
vn -0.698730469 0.71484375 0.0132827759
vn -0.17199707 0.984863281 0.0076675415
vn -0.700195312 0.713867188 0.0133590698
vn -0.134155273 0.990722656 0.00742721558
vn -0.702148438 0.711914062 0.0133590698
vn -0.0973510742 0.995117188 0.00713729858
vn -0.704101562 0.709960938 0.0132598877
vn -0.0638427734 0.998046875 0.0069770813
vn -0.706542969 0.707519531 0.0130996704
vn -0.0364990234 0.999511719 0.0078125
vn -0.7109375 0.703125 0.0133056641
vn -0.0135040283 1 0.00792694092
vn -0.718261719 0.695800781 0.0135726929
vn 0.00877380371 1 0.00719451904
vn -0.728027344 0.685546875 0.0132446289
vn 0.0231781006 0.999511719 0.00768280029
vn -0.73828125 0.674316406 0.012802124
vn 0.0265960693 0.999511719 0.00869750977
vn -0.75 0.661132812 0.0127716064
vn 0.0262145996 0.999511719 0.0101699829
vn -0.767089844 0.641113281 0.0133361816
vn 0.0275421143 0.999511719 0.010635376
vn -0.790039062 0.612792969 0.0132827759
vn 0.0285797119 0.999511719 0.0104522705
vn -0.814453125 0.580566406 0.0121536255
vn 0.0292205811 0.999511719 0.00919342041
vn -0.839355469 0.543457031 0.0109100342
vn -0.763671875 -0.645507812 0.0139465332
vn -0.458007812 -0.888671875 0.0248565674
vn -0.490478516 -0.87109375 0.02293396
vn -0.760253906 -0.649414062 0.0149078369
vn -0.956542969 -0.291015625 0.0109329224
vn -0.380126953 -0.924316406 0.0285644531
vn -0.957519531 -0.287841797 0.0110168457
vn -0.999511719 0.0282745361 0.00880432129
vn -0.742675781 -0.669433594 0.0169372559
vn -0.294677734 -0.955078125 0.0315246582
vn -0.999511719 0.0293426514 0.0087890625
vn -0.923339844 0.383544922 0.00527191162
vn -0.958007812 -0.286865234 0.0112762451
vn -0.717285156 -0.696289062 0.0190429688
vn -0.924316406 0.381835938 0.00539398193
vn -0.657714844 0.753417969 0.00166225433
vn -0.65625 0.754882812 0.00202560425
vn -0.999511719 0.032043457 0.00872802734
vn -0.957519531 -0.287597656 0.0116577148
vn -0.685546875 -0.727539062 0.0211639404
vn -0.921875 0.386962891 0.00552749634
vn -0.637695312 0.770019531 0.00255775452
vn -0.999511719 0.0347290039 0.00867462158
vn -0.956542969 -0.290527344 0.0121231079
vn -0.646972656 -0.762207031 0.0233306885
vn -0.919433594 0.393554688 0.00561904907
vn -0.616699219 0.787109375 0.00302505493
vn -0.999023438 0.0374145508 0.00862121582
vn -0.955078125 -0.295654297 0.0126800537
vn -0.601074219 -0.798828125 0.0255432129
vn -0.915527344 0.401855469 0.00563812256
vn -0.593261719 0.805175781 0.00343322754
vn -0.999023438 0.0400085449 0.00858306885
vn -0.953125 -0.302490234 0.0133132935
vn -0.547851562 -0.8359375 0.0277557373
vn -0.911132812 0.411865234 0.00559997559
vn -0.56640625 0.82421875 0.00373840332
vn -0.999023438 0.0425720215 0.00857543945
vn -0.950195312 -0.311523438 0.0139846802
vn -0.487304688 -0.872558594 0.0297698975
vn -0.905761719 0.423828125 0.00550079346
vn -0.536132812 0.844238281 0.00388717651
vn -0.999023438 0.0448913574 0.00859832764
vn -0.946289062 -0.322509766 0.0147094727
vn -0.420654297 -0.906738281 0.031463623
vn -0.899414062 0.437255859 0.00532150269
vn -0.501464844 0.865234375 0.00382041931
vn -0.999023438 0.0469360352 0.008644104
vn -0.941894531 -0.335449219 0.0154724121
vn -0.349121094 -0.936523438 0.0326538086
vn -0.891601562 0.452636719 0.00508880615
vn -0.463134766 0.886230469 0.00359344482
vn -0.998535156 0.0487365723 0.00872039795
vn -0.936523438 -0.349609375 0.0162811279
vn -0.275878906 -0.960449219 0.033416748
vn -0.8828125 0.469970703 0.00483322144
vn -0.421630859 0.906738281 0.00314903259
vn -0.998535156 0.0503540039 0.00878143311
vn -0.930664062 -0.364990234 0.0169830322
vn -0.202514648 -0.978515625 0.0336914062
vn -0.873046875 0.488037109 0.00457382202
vn -0.377197266 0.926269531 0.00249671936
vn -0.998535156 0.052154541 0.00887298584
vn -0.924316406 -0.381103516 0.0176086426
vn -0.135009766 -0.990234375 0.0317077637
vn -0.862304688 0.506835938 0.00422668457
vn -0.329101562 0.944335938 0.00203514099
vn -0.848632812 0.528808594 0.00408172607
vn -0.998535156 0.0528259277 0.00909423828
vn -0.916992188 -0.398925781 0.0179290771
vn -0.0772094727 -0.996582031 0.0296325684
vn -0.998535156 0.0551452637 0.0092086792
vn -0.835449219 0.549316406 0.00429153442
vn -0.908691406 -0.417236328 0.0180969238
vn -0.0263519287 -0.999023438 0.02784729
vn -0.998535156 0.0563659668 0.00925445557
vn -0.8203125 0.571777344 0.00452041626
vn -0.899414062 -0.436279297 0.0180206299
vn 0.0210876465 -0.999511719 0.0258026123
vn -0.998046875 0.0595703125 0.00931549072
vn -0.802734375 0.596191406 0.00457763672
vn -0.890625 -0.454101562 0.017578125
vn 0.0693969727 -0.997070312 0.0238647461
vn -0.998046875 0.0605773926 0.00978851318
vn -0.779296875 0.626953125 0.00492858887
vn -0.880371094 -0.473876953 0.0171966553
vn 0.110595703 -0.993652344 0.0167388916
vn -0.997558594 0.06640625 0.0101318359
vn -0.762695312 0.646484375 0.00607299805
vn -0.872070312 -0.489501953 0.0155410767
vn 0.133666992 -0.990722656 0.0114440918
vn -0.997558594 0.0697631836 0.0100097656
vn -0.743164062 0.668945312 0.00720596313
vn -0.866210938 -0.499755859 0.0142440796
vn 0.147949219 -0.988769531 0.00875091553
vn -0.997070312 0.076171875 0.0102462769
vn -0.71875 0.6953125 0.00728607178
vn -0.864257812 -0.502929688 0.013168335
vn 0.159790039 -0.987304688 0.00356864929
vn -0.997070312 0.0776977539 0.0112762451
vn -0.686523438 0.727050781 0.00804138184
vn -0.861328125 -0.5078125 0.0111312866
vn 0.1640625 -0.986328125 -0.00546264648
vn -0.99609375 0.0859375 0.0118942261
vn -0.66796875 0.744140625 0.00974273682
vn -0.868164062 -0.496582031 0.00774002075
vn 0.146118164 -0.989257812 -0.0160522461
vn -0.995605469 0.090637207 0.0125274658
vn -0.651855469 0.758300781 0.0101623535
vn -0.881835938 -0.471191406 0.00548553467
vn 0.110961914 -0.993164062 -0.0318603516
vn -0.995117188 0.0964355469 0.0139389038
vn -0.643554688 0.765625 0.0101242065
vn -0.905761719 -0.424316406 0.0006108284
vn 0.0610961914 -0.995605469 -0.0692138672
vn -0.995117188 0.0966796875 0.01537323
vn -0.645996094 0.763671875 0.0106735229
vn -0.931640625 -0.362792969 -0.00758743286
vn -0.00187397003 -0.995117188 -0.100646973
vn -0.995117188 0.0947875977 0.0189819336
vn -0.655273438 0.755371094 0.0195159912
vn -0.957519531 -0.288574219 -0.00852203369
vn -0.139282227 -0.98046875 -0.139038086
vn -0.99609375 0.0840454102 0.0234222412
vn -0.64453125 0.763671875 0.0348205566
vn -0.976074219 -0.216552734 0.000292062759
vn -0.564453125 -0.821777344 -0.0759277344
vn -0.997070312 0.0695800781 0.0267486572
vn -0.538085938 0.840820312 0.0597229004
vn -0.986328125 -0.156494141 0.0471191406
vn -0.998535156 0.0229034424 0.0461120605
vn -0.314697266 0.945800781 0.080871582
vn -0.756835938 -0.641601562 0.124328613
vn 0.0686035156 -0.997558594 0.00412750244
vn -0.991210938 -0.0606994629 0.117431641
vn -0.639160156 0.759277344 0.122619629
vn -0.986328125 -0.144287109 0.0805053711
vn -0.685546875 -0.717773438 0.122680664
vn -0.914550781 -0.394775391 -0.0895385742
vn -0.943359375 -0.3125 0.109619141
vn -0.984863281 -0.170410156 -0.0272827148
vn -0.998535156 -0.0154953003 -0.0551452637
vn -0.966796875 -0.254882812 0.00777435303
vn -0.967773438 -0.240234375 0.0737915039
vn -0.971679688 -0.220581055 0.0853271484
vn -0.990234375 -0.104431152 0.0914306641
vn -0.98828125 -0.0743408203 0.131713867
vn -0.989746094 -0.0880737305 0.110717773
vn -0.902832031 0.407714844 0.135375977
vn -0.963867188 0.241455078 0.111328125
vn 0.0305633545 0.999511719 -0.0140914917
vn -0.631835938 0.771484375 0.0737915039
vn -0.407470703 -0.912597656 0.0383911133
vn -0.539550781 -0.840820312 0.0466918945
vn -0.552734375 -0.83203125 0.0465698242
vn -0.363037109 -0.930664062 0.0397949219
vn -0.490478516 -0.87109375 0.02293396
vn -0.525878906 -0.849121094 0.046875
vn -0.458007812 -0.888671875 0.0248565674
vn -0.278564453 -0.959472656 0.0426940918
vn -0.521484375 -0.852050781 0.0470275879
vn -0.380126953 -0.924316406 0.0285644531
vn -0.201660156 -0.978515625 0.0448913574
vn -0.525878906 -0.849121094 0.0471496582
vn -0.294677734 -0.955078125 0.0315246582
vn -0.132324219 -0.990234375 0.0468139648
vn -0.537597656 -0.841796875 0.0469970703
vn -0.0712280273 -0.99609375 0.0484313965
vn -0.557128906 -0.829101562 0.0465698242
vn -0.203369141 -0.978515625 0.0340270996
vn -0.0195617676 -0.998535156 0.0498352051
vn -0.583496094 -0.810546875 0.0456542969
vn 0.0207977295 -0.998535156 0.0509643555
vn -0.615722656 -0.786621094 0.0441894531
vn 0.0483093262 -0.997558594 0.0516357422
vn -0.651855469 -0.756835938 0.0420837402
vn 0.062286377 -0.996582031 0.0519104004
vn -0.690429688 -0.722167969 0.0395812988
vn 0.0635375977 -0.996582031 0.0517883301
vn -0.729492188 -0.683105469 0.0367126465
vn 0.0545654297 -0.997070312 0.0514221191
vn -0.772460938 -0.634765625 0.0301971436
vn 0.0332336426 -0.998046875 0.0499267578
vn -0.107177734 -0.993652344 0.0359802246
vn -0.00772857666 -0.999023438 0.0375061035
vn -0.685546875 -0.727539062 0.0211639404
vn -0.717285156 -0.696289062 0.0190429688
vn -0.742675781 -0.669433594 0.0169372559
vn -0.646972656 -0.762207031 0.0233306885
vn -0.601074219 -0.798828125 0.0255432129
vn 0.0928955078 -0.995117188 0.0385131836
vn -0.547851562 -0.8359375 0.0277557373
vn 0.191772461 -0.98046875 0.0388183594
vn -0.487304688 -0.872558594 0.0297698975
vn 0.285888672 -0.957519531 0.0384216309
vn -0.420654297 -0.906738281 0.031463623
vn -0.930175781 0.366699219 -0.00229263306
vn -0.359863281 0.933105469 0.00224304199
vn -0.350830078 0.936523438 0.00218963623
vn -0.93359375 0.357666016 -0.00230789185
vn -1 0.017791748 -0.00189113617
vn -0.383300781 0.923828125 0.00231361389
vn -1 0.018157959 -0.00200080872
vn -0.977050781 -0.213500977 0.00496673584
vn -0.939941406 0.341308594 -0.00229644775
vn -0.406982422 0.913574219 0.00231552124
vn -0.979003906 -0.204345703 0.00441741943
vn -0.900390625 -0.434570312 0.0193786621
vn -1 0.0187988281 -0.00221443176
vn -0.9453125 0.325683594 -0.00221443176
vn -0.429931641 0.902832031 0.00220489502
vn -0.908203125 -0.418701172 0.0182189941
vn -0.755859375 -0.653808594 0.0372924805
vn -0.982421875 -0.187133789 0.0033454895
vn -1 0.0186309814 -0.00241088867
vn -0.950195312 0.311035156 -0.00207901001
vn -0.451171875 0.892578125 0.00197982788
vn -0.764648438 -0.643066406 0.0361938477
vn -0.552734375 -0.83203125 0.0465698242
vn -0.539550781 -0.840820312 0.0466918945
vn -0.922851562 -0.384765625 0.0157775879
vn -0.788574219 -0.614257812 0.0335693359
vn -0.525878906 -0.849121094 0.046875
vn -0.984863281 -0.172119141 0.00230407715
vn -1 0.0175933838 -0.00257873535
vn -0.954589844 0.297607422 -0.00190448761
vn -0.470214844 0.882324219 0.00167179108
vn -0.812011719 -0.582519531 0.0311584473
vn -0.521484375 -0.852050781 0.0470275879
vn -0.935546875 -0.353271484 0.0135269165
vn -0.987304688 -0.159301758 0.00127410889
vn -1 0.0155487061 -0.00272369385
vn -0.958496094 0.28515625 -0.00172805786
vn -0.487060547 0.873535156 0.00129413605
vn -0.8359375 -0.548339844 0.0287017822
vn -0.525878906 -0.849121094 0.0471496582
vn -0.945800781 -0.32421875 0.0113525391
vn -0.988769531 -0.14855957 0.000258207321
vn -1 0.0124206543 -0.0028629303
vn -0.961914062 0.273681641 -0.00157737732
vn -0.501464844 0.865234375 0.000863552094
vn -0.858886719 -0.51171875 0.0261077881
vn -0.537597656 -0.841796875 0.0469970703
vn -0.954589844 -0.297119141 0.00922393799
vn -0.990234375 -0.139892578 -0.000752925873
vn -1 0.00812530518 -0.00300598145
vn -0.96484375 0.263183594 -0.00147914886
vn -0.514160156 0.857421875 0.000379085541
vn -0.880371094 -0.473388672 0.0233917236
vn -0.557128906 -0.829101562 0.0465698242
vn -0.962402344 -0.271972656 0.00714111328
vn -0.991210938 -0.133178711 -0.00176525116
vn -1 0.00264167786 -0.00318336487
vn -0.967285156 0.253173828 -0.00146579742
vn -0.524902344 0.851074219 -0.000173926353
vn -0.900390625 -0.434326172 0.0205993652
vn -0.583496094 -0.810546875 0.0456542969
vn -0.96875 -0.248535156 0.00510406494
vn -0.991699219 -0.128417969 -0.00277709961
vn -1 -0.00410461426 -0.00343894958
vn -0.969726562 0.243408203 -0.00155925751
vn -0.533691406 0.845703125 -0.000707626343
vn -0.918457031 -0.395263672 0.0178070068
vn -0.615722656 -0.786621094 0.0441894531
vn -0.974121094 -0.226928711 0.00315475464
vn -0.9921875 -0.125488281 -0.00378990173
vn -1 -0.0122833252 -0.00386047363
vn -0.972167969 0.233886719 -0.00172424316
vn -0.541015625 0.840820312 -0.00113296509
vn -0.93359375 -0.357421875 0.0151062012
vn -0.651855469 -0.756835938 0.0420837402
vn -0.978515625 -0.206665039 0.00133419037
vn -0.9921875 -0.124328613 -0.00505828857
vn -0.999511719 -0.0235137939 -0.00500106812
vn -0.974609375 0.223388672 -0.00233650208
vn -0.547851562 0.836425781 -0.0015411377
vn -0.946777344 -0.321044922 0.0125198364
vn -0.690429688 -0.722167969 0.0395812988
vn -0.982421875 -0.1875 -0.000637531281
vn -0.991699219 -0.129272461 -0.00954437256
vn -0.999023438 -0.0437316895 -0.00877380371
vn -0.978027344 0.209106445 -0.00397491455
vn -0.555664062 0.831542969 -0.00203895569
vn -0.959472656 -0.281738281 0.00797271729
vn -0.729492188 -0.683105469 0.0367126465
vn -0.985839844 -0.167602539 -0.00704574585
vn -0.988769531 -0.149536133 -0.0207214355
vn -0.997070312 -0.0767211914 -0.0135498047
vn -0.981933594 0.188598633 -0.00601196289
vn -0.565917969 0.824707031 -0.00273895264
vn -0.973144531 -0.229858398 -0.00271224976
vn -0.772460938 -0.634765625 0.0301971436
vn -0.989257812 -0.145263672 -0.0216827393
vn -0.982910156 -0.182373047 -0.0282897949
vn -0.993164062 -0.117248535 -0.0165863037
vn -0.986816406 0.161865234 -0.00792694092
vn -0.581054688 0.813964844 -0.00399017334
vn -0.991699219 -0.12512207 -0.0302429199
vn -0.986328125 -0.165283203 -0.0116348267
vn -0.9765625 -0.213989258 -0.0290222168
vn -0.986816406 -0.16003418 -0.0187835693
vn -0.991210938 0.130371094 -0.00957489014
vn -0.605957031 0.795898438 -0.00577545166
vn -0.994140625 -0.106506348 -0.0286865234
vn -0.822753906 -0.567871094 0.0215759277
vn 0.0332336426 -0.998046875 0.0499267578
vn -0.000535488129 -0.999023438 0.0462341309
vn -0.970214844 -0.239868164 -0.0296936035
vn -0.979003906 -0.20324707 -0.0198822021
vn -0.995605469 0.0946655273 -0.0107345581
vn -0.642578125 0.766113281 -0.00789642334
vn -0.994140625 -0.107299805 -0.013130188
vn -0.873046875 -0.487792969 0.0139389038
vn -0.0436401367 -0.998046875 0.0396728516
vn -0.995605469 -0.0873413086 -0.0277709961
vn -0.964355469 -0.261962891 -0.0296630859
vn -0.969726562 -0.244262695 -0.0194854736
vn -0.998046875 0.0608825684 -0.0121612549
vn -0.683105469 0.729980469 -0.0102462769
vn -0.914550781 -0.404541016 0.0074005127
vn -0.100036621 -0.994628906 0.0320739746
vn -0.998046875 -0.0608825684 -0.0135421753
vn -0.997070312 -0.0681152344 -0.0272216797
vn -0.958984375 -0.281738281 -0.0281066895
vn -0.958007812 -0.285888672 -0.0194244385
vn -0.999511719 0.0227203369 -0.0126419067
vn -0.731445312 0.682128906 -0.0127487183
vn -0.943847656 -0.330810547 0.00378799438
vn -0.161743164 -0.986328125 0.0268096924
vn -0.999511719 -0.0205688477 -0.0142745972
vn -0.998535156 -0.0513916016 -0.026473999
vn -0.953613281 -0.300048828 -0.0270690918
vn -0.945800781 -0.323730469 -0.017791748
vn -1 -0.0112609863 -0.0123138428
vn -0.777832031 0.627929688 -0.0149307251
vn -0.962890625 -0.269775391 0.0010175705
vn -0.231567383 -0.97265625 0.0230865479
vn -1 0.0158081055 -0.0149154663
vn -0.999023438 -0.0356140137 -0.0252532959
vn -0.947753906 -0.317382812 -0.0251617432
vn -0.931640625 -0.363525391 -0.0155029297
vn -0.998535156 -0.0479125977 -0.0122756958
vn -0.820800781 0.570800781 -0.0164489746
vn -0.977539062 -0.21081543 -0.000628471375
vn -0.296630859 -0.955078125 0.0159606934
vn -0.998535156 0.0494995117 -0.013633728
vn -0.999511719 -0.0220184326 -0.0251312256
vn -0.942382812 -0.334228516 -0.0227661133
vn -0.916015625 -0.400634766 -0.0138702393
vn -0.996582031 -0.0802001953 -0.0128936768
vn -0.854492188 0.519042969 -0.0121841431
vn -0.987304688 -0.157958984 -0.00138282776
vn -0.344482422 -0.938964844 0.0083694458
vn -0.996582031 0.0836181641 -0.0154342651
vn -0.999511719 -0.0087890625 -0.0223236084
vn -0.936523438 -0.350585938 -0.0206604004
vn -0.897949219 -0.439941406 -0.0151596069
vn -0.991699219 -0.12890625 -0.0148391724
vn -0.883789062 0.468017578 0.000471830368
vn -0.992675781 -0.121826172 -0.000527858734
vn -0.399658203 -0.916503906 0.00307846069
vn -0.993164062 0.116455078 -0.01121521
vn -0.999511719 0.0140609741 -0.0178375244
vn -0.931640625 -0.362792969 -0.0209503174
vn -0.879394531 -0.475830078 -0.0209655762
vn -0.981933594 -0.188354492 -0.0205230713
vn -0.901367188 0.433349609 0.0111694336
vn -0.996582031 -0.0842895508 0.000907421112
vn -0.4609375 -0.887207031 -0.00253677368
vn -0.988769531 0.150390625 -0.00461196899
vn -0.998535156 0.0469970703 -0.018081665
vn -0.930175781 -0.365966797 -0.0254058838
vn -0.861328125 -0.507324219 -0.0352783203
vn -0.955566406 -0.291748047 -0.0400695801
vn -0.921875 0.387207031 0.0113677979
vn -0.998046875 -0.0626831055 0.000562667847
vn -0.529785156 -0.848144531 -0.00891876221
vn -0.982421875 0.187255859 -0.00547790527
vn -0.996582031 0.082824707 -0.0182342529
vn -0.936523438 -0.348632812 -0.0330810547
vn -0.84375 -0.533203125 -0.0613708496
vn -0.897460938 -0.437255859 -0.0566711426
vn -0.943359375 0.331298828 0.00754928589
vn -0.999511719 -0.0314941406 0.000924110413
vn -0.567871094 -0.822753906 -0.0155944824
vn -0.973632812 0.228027344 -0.00451660156
vn -0.991699219 0.126953125 -0.0130767822
vn -0.952636719 -0.300537109 -0.0442199707
vn -0.800292969 -0.594238281 -0.0787353516
vn -0.77734375 -0.625488281 -0.0648193359
vn -0.975585938 0.219238281 -0.00885772705
vn 0.122680664 0.9921875 0.0222015381
vn -0.858398438 -0.513183594 -0.00965118408
vn -0.0252075195 0.999511719 0.00343704224
vn -0.998046875 0.0430297852 -0.0444946289
vn -0.955566406 -0.29296875 -0.0290985107
vn -0.811035156 0.549804688 -0.200927734
vn -0.971191406 -0.234130859 -0.0458374023
vn -0.720703125 -0.688964844 -0.0758666992
vn -0.981445312 -0.181396484 -0.0635986328
vn -0.926269531 0.295410156 -0.233398438
vn -0.11340332 0.967285156 -0.226928711
vn -0.962402344 -0.267578125 -0.048828125
vn -0.985839844 0.166748047 -0.00545120239
vn -0.983398438 -0.178710938 -0.0335388184
vn -0.709960938 -0.704589844 -0.00798797607
vn -0.817871094 -0.574707031 0.0325927734
vn -0.963378906 -0.265380859 -0.0394287109
vn -0.989257812 -0.145996094 -0.0143432617
vn -0.979003906 -0.202880859 -0.00866699219
vn -0.932128906 -0.361816406 -0.0106430054
vn -0.981445312 -0.191650391 0.0172119141
vn -0.981933594 -0.18371582 0.0447998047
vn -1 0.00688552856 0.0177612305
vn -0.979003906 0.204345703 -0.00106430054
vn -0.9765625 0.21484375 -0.00619506836
vn -0.982910156 0.182617188 0.0113143921
vn -0.995605469 0.0900268555 -0.0217285156
vn -0.965332031 0.259277344 0.0263366699
vn -0.931640625 -0.361572266 0.0346374512
vn -0.970214844 0.23815918 0.0406799316
vn -0.973144531 0.227294922 -0.0343933105
vn -0.991210938 0.130493164 -0.0271148682
vn -0.922851562 0.3828125 0.0430297852
vn -0.893066406 0.447021484 0.0527648926
vn -0.909667969 0.415039062 0.013671875
vn -0.933105469 0.358642578 0.0213165283
vn -0.995605469 -0.000185012817 -0.0928955078
vn -0.998535156 -0.0154953003 -0.0551452637
vn -0.914550781 -0.394775391 -0.0895385742
vn -0.609375 -0.782226562 -0.12878418
vn -0.996582031 0.0584106445 -0.0595703125
vn -0.227783203 -0.959472656 -0.164672852
vn -0.9921875 0.12487793 0.0180358887
vn -0.439941406 -0.889160156 -0.125854492
vn -0.995605469 0.0928344727 0.0040397644
vn -0.551757812 -0.829589844 -0.0828857422
vn -0.999023438 0.0427246094 0.00511169434
vn -0.583496094 -0.810546875 -0.0532226562
vn -1 0.0173339844 0.00407028198
vn -0.590332031 -0.806640625 -0.0265350342
vn -0.950195312 0.311767578 0.0150222778
vn -1 -0.0118637085 0.00219535828
vn -0.962890625 0.270263672 0.00317764282
vn 0.555664062 0.831542969 0.00257301331
vn -0.162475586 0.986816406 0.001704216
vn -0.164550781 0.986328125 0.00164890289
vn 0.560546875 0.828125 0.00269699097
vn 0.475097656 0.879882812 0.00409317017
vn -0.149658203 0.988769531 0.00184631348
vn 0.473876953 0.880371094 0.00424194336
vn -0.350830078 0.936523438 0.00218963623
vn -0.359863281 0.933105469 0.00224304199
vn 0.572265625 0.819824219 0.00292015076
vn -0.136108398 0.990722656 0.00200653076
vn 0.468261719 0.883789062 0.0044670105
vn -0.383300781 0.923828125 0.00231361389
vn 0.584472656 0.811523438 0.00303840637
vn -0.122375488 0.992675781 0.00207901001
vn 0.460693359 0.887695312 0.00450897217
vn -0.406982422 0.913574219 0.00231552124
vn 0.596191406 0.803222656 0.00291442871
vn -0.109680176 0.994140625 0.00202178955
vn 0.451904297 0.892089844 0.00426483154
vn -0.429931641 0.902832031 0.00220489502
vn 0.605957031 0.795410156 0.00253677368
vn -0.0986938477 0.995117188 0.00188064575
vn 0.442871094 0.896484375 0.00375556946
vn -0.451171875 0.892578125 0.00197982788
vn 0.614746094 0.788574219 0.00206375122
vn -0.0893554688 0.99609375 0.00168991089
vn 0.434082031 0.900878906 0.00311660767
vn -0.470214844 0.882324219 0.00167179108
vn 0.621582031 0.783203125 0.00161838531
vn -0.0815429688 0.996582031 0.00143051147
vn 0.425537109 0.904785156 0.0024433136
vn -0.487060547 0.873535156 0.00129413605
vn 0.626953125 0.778808594 0.00115013123
vn -0.0751953125 0.997070312 0.00108909607
vn 0.417236328 0.908691406 0.00174999237
vn -0.501464844 0.865234375 0.000863552094
vn 0.631347656 0.775390625 0.000655174255
vn -0.071472168 0.997558594 0.000510215759
vn 0.409423828 0.912109375 0.00103473663
vn -0.514160156 0.857421875 0.000379085541
vn 0.634765625 0.772949219 -0.000239133835
vn -0.0709228516 0.997558594 -0.00017619133
vn 0.403320312 0.915039062 0.000108122826
vn -0.524902344 0.851074219 -0.000173926353
vn 0.636230469 0.771484375 -0.00109291077
vn -0.073059082 0.997558594 -0.00072145462
vn 0.399414062 0.916992188 -0.000729560852
vn -0.533691406 0.845703125 -0.000707626343
vn 0.637695312 0.770507812 -0.00153446198
vn -0.0763549805 0.997070312 -0.0012922287
vn 0.397460938 0.917480469 -0.00118160248
vn -0.541015625 0.840820312 -0.00113296509
vn 0.639160156 0.769042969 -0.00194549561
vn -0.0798950195 0.996582031 -0.00199127197
vn 0.396972656 0.91796875 -0.00140285492
vn -0.547851562 0.836425781 -0.0015411377
vn 0.642578125 0.766113281 -0.00220870972
vn -0.0814819336 0.996582031 -0.00283622742
vn 0.397705078 0.917480469 -0.00126838684
vn -0.555664062 0.831542969 -0.00203895569
vn 0.647949219 0.76171875 -0.00211906433
vn -0.0814819336 0.996582031 -0.00392532349
vn 0.399169922 0.916992188 -0.00087928772
vn -0.565917969 0.824707031 -0.00273895264
vn 0.65625 0.754394531 -0.00227546692
vn -0.0807495117 0.996582031 -0.00518798828
vn 0.398925781 0.916992188 -0.000632762909
vn -0.581054688 0.813964844 -0.00399017334
vn 0.668457031 0.743652344 -0.00262832642
vn -0.0808105469 0.996582031 -0.00647354126
vn 0.390869141 0.920410156 -0.00130748749
vn -0.605957031 0.795898438 -0.00577545166
vn 0.684570312 0.729003906 -0.00309181213
vn -0.0805053711 0.996582031 -0.00855255127
vn 0.373535156 0.927734375 -0.00199890137
vn -0.642578125 0.766113281 -0.00789642334
vn 0.703125 0.7109375 -0.00386428833
vn -0.0801391602 0.996582031 -0.0112457275
vn 0.348388672 0.9375 -0.00333595276
vn -0.683105469 0.729980469 -0.0102462769
vn 0.724609375 0.688964844 -0.00498580933
vn -0.0805664062 0.996582031 -0.013961792
vn 0.314208984 0.94921875 -0.00582885742
vn 0.746582031 0.665039062 -0.00684738159
vn -0.085144043 0.99609375 -0.0169830322
vn 0.271972656 0.962402344 -0.00978088379
vn 0.767089844 0.641113281 -0.00888061523
vn -0.0909423828 0.995605469 -0.0108642578
vn 0.23059082 0.973144531 -0.013458252
vn 0.788085938 0.615722656 -0.00466537476
vn -0.100280762 0.995117188 0.0121383667
vn 0.195556641 0.98046875 -0.00645446777
vn 0.805664062 0.592285156 0.00737762451
vn -0.128295898 0.991210938 0.0384216309
vn 0.175048828 0.984375 0.0161895752
vn 0.817382812 0.575683594 0.0191497803
vn -0.178710938 0.982910156 0.0472106934
vn 0.168212891 0.984863281 0.0405273438
vn 0.820800781 0.571289062 0.0207214355
vn -0.214355469 0.975097656 0.0581970215
vn 0.174682617 0.983398438 0.0466308594
vn 0.833007812 0.551757812 0.0333557129
vn -0.239501953 0.970214844 0.0354614258
vn 0.161132812 0.985351562 0.0576171875
vn 0.85546875 0.518066406 0.00536727905
vn -0.225097656 0.967773438 0.111083984
vn 0.122680664 0.9921875 0.0222015381
vn 0.847167969 0.530273438 0.0242156982
vn -0.292724609 0.928710938 0.227172852
vn -0.0252075195 0.999511719 0.00343704224
vn 0.727539062 0.685546875 0.0308532715
vn -0.755371094 0.595703125 0.2734375
vn -0.811035156 0.549804688 -0.200927734
vn -0.164550781 0.986328125 0.00164890289
vn -0.873535156 0.486572266 0.00130462646
vn -0.874023438 0.486328125 0.00126838684
vn -0.162475586 0.986816406 0.001704216
vn -0.873046875 0.487792969 0.00139713287
vn -0.149658203 0.988769531 0.00184631348
vn -0.872070312 0.489013672 0.00152111053
vn -0.136108398 0.990722656 0.00200653076
vn -0.871582031 0.490234375 0.00166034698
vn -0.122375488 0.992675781 0.00207901001
vn -0.87109375 0.491210938 0.00179767609
vn -0.109680176 0.994140625 0.00202178955
vn -0.870605469 0.491943359 0.00190639496
vn -0.0986938477 0.995117188 0.00188064575
vn -0.870605469 0.4921875 0.00195026398
vn -0.0893554688 0.99609375 0.00168991089
vn -0.870605469 0.491943359 0.00194072723
vn -0.0815429688 0.996582031 0.00143051147
vn -0.87109375 0.491210938 0.00186824799
vn -0.0751953125 0.997070312 0.00108909607
vn -0.872070312 0.489501953 0.00180244446
vn -0.071472168 0.997558594 0.000510215759
vn -0.873535156 0.487060547 0.00168609619
vn -0.0709228516 0.997558594 -0.00017619133
vn -0.875488281 0.483642578 0.00149440765
vn -0.073059082 0.997558594 -0.00072145462
vn -0.877929688 0.478515625 0.00129890442
vn -0.872558594 -0.488037109 0.0136032104
vn -0.870117188 -0.492431641 0.0145721436
vn -0.874023438 -0.485839844 0.0159301758
vn -0.869140625 -0.494140625 0.0126190186
vn -0.875976562 -0.482177734 0.00985717773
vn -0.865234375 -0.500976562 0.00947570801
vn -0.874023438 -0.485351562 0.00965881348
vn -0.90234375 -0.430908203 0.00806427002
vn -0.865234375 -0.501464844 0.00894927979
vn -0.866699219 -0.498535156 0.00365829468
vn -0.90234375 -0.431396484 0.00817871094
vn -0.951660156 -0.307373047 0.00679779053
vn -0.872070312 -0.489013672 0.00844573975
vn -0.866699219 -0.498535156 0.00493621826
vn -0.873535156 -0.486572266 0.00277900696
vn -0.951171875 -0.308349609 0.00690078735
vn -0.991699219 -0.130249023 0.00470352173
vn -0.901367188 -0.432617188 0.00820922852
vn -0.874023438 -0.486083984 0.00727081299
vn -0.873046875 -0.487792969 0.0048828125
vn -0.881347656 -0.47265625 0.00622177124
vn -0.991210938 -0.1328125 0.00477218628
vn -0.99609375 0.0907592773 0.00249671936
vn -0.950195312 -0.312255859 0.00714492798
vn -0.901855469 -0.432373047 0.00838470459
vn -0.877929688 -0.479003906 0.00820922852
vn -0.879394531 -0.475830078 0.00803375244
vn -0.88671875 -0.461669922 0.00931549072
vn -0.99609375 0.0884399414 0.00255584717
vn -0.874023438 0.486328125 0.00126838684
vn -0.873535156 0.486572266 0.00130462646
vn -0.990234375 -0.139038086 0.00492477417
vn -0.996582031 0.0837402344 0.00267410278
vn -0.873046875 0.487792969 0.00139713287
vn -0.948730469 -0.316650391 0.00744247437
vn -0.901855469 -0.431884766 0.00927734375
vn -0.880859375 -0.472900391 0.0105361938
vn -0.997070312 0.0789794922 0.00278091431
vn -0.872070312 0.489013672 0.00152111053
vn -0.989257812 -0.145629883 0.00504684448
vn -0.946777344 -0.322265625 0.00779724121
vn -0.997070312 0.07421875 0.00287055969
vn -0.871582031 0.490234375 0.00166034698
vn -0.98828125 -0.15234375 0.00512695312
vn -0.900878906 -0.433837891 0.0105056763
vn -0.884277344 -0.466552734 0.0105667114
vn -0.891601562 -0.452636719 0.00885009766
vn -0.997558594 0.0694580078 0.00295257568
vn -0.87109375 0.491210938 0.00179767609
vn -0.987304688 -0.159423828 0.00518798828
vn -0.944335938 -0.329345703 0.00816345215
vn -0.8828125 -0.469726562 0.0120925903
vn -0.888183594 -0.458984375 0.0101089478
vn -0.897949219 -0.440185547 0.00550460815
vn -0.998046875 0.0647583008 0.00303077698
vn -0.870605469 0.491943359 0.00190639496
vn -0.985839844 -0.166625977 0.00526428223
vn -0.94140625 -0.337646484 0.00844573975
vn -0.898925781 -0.438232422 0.0112991333
vn -0.883789062 -0.467529297 0.0118408203
vn -0.894042969 -0.448242188 0.0076751709
vn -0.908203125 -0.418945312 0.00232696533
vn -0.998046875 0.0600280762 0.00309944153
vn -0.870605469 0.4921875 0.00195026398
vn -0.984863281 -0.174194336 0.00535583496
vn -0.937988281 -0.346679688 0.00859069824
vn -0.895996094 -0.443603516 0.0113296509
vn -0.886230469 -0.462890625 0.010925293
vn -0.902832031 -0.430175781 0.00610733032
vn -0.922363281 -0.385742188 0.00154304504
vn -0.998535156 0.0552368164 0.0031452179
vn -0.870605469 0.491943359 0.00194072723
vn -0.983398438 -0.181884766 0.00545120239
vn -0.934570312 -0.355957031 0.00872802734
vn -0.894042969 -0.447753906 0.0112457275
vn -0.890625 -0.454833984 0.0116271973
vn -0.915527344 -0.40234375 0.00718688965
vn -0.939453125 -0.342773438 0.00233078003
vn -0.998535156 0.0503234863 0.00316619873
vn -0.87109375 0.491210938 0.00186824799
vn -0.981933594 -0.190063477 0.00559234619
vn -0.930664062 -0.365966797 0.00930023193
vn -0.891601562 -0.452148438 0.0123825073
vn -0.895996094 -0.444335938 0.0152206421
vn -0.930664062 -0.366210938 0.0094909668
vn -0.955566406 -0.294921875 0.00239181519
vn -0.999023438 0.0452575684 0.00316429138
vn -0.872070312 0.489501953 0.00180244446
vn -0.979980469 -0.19934082 0.00593566895
vn -0.925292969 -0.379394531 0.0108795166
vn -0.887695312 -0.460205078 0.0157623291
vn -0.901855469 -0.431884766 0.0199432373
vn -0.9453125 -0.325927734 0.0102615356
vn -0.96875 -0.248168945 0.00126266479
vn -0.999023438 0.0399780273 0.00322532654
vn -0.873535156 0.487060547 0.00168609619
vn -0.977539062 -0.2109375 0.00661087036
vn -0.916992188 -0.399169922 0.0135498047
vn -0.880371094 -0.473632812 0.0205993652
vn -0.908691406 -0.417236328 0.0225830078
vn -0.958007812 -0.285888672 0.00925445557
vn -0.979003906 -0.204101562 -0.000183224678
vn -0.999511719 0.0342712402 0.00335693359
vn -0.875488281 0.483642578 0.00149440765
vn -0.974121094 -0.226074219 0.00757598877
vn -0.904785156 -0.42578125 0.016494751
vn -0.87109375 -0.490478516 0.0245513916
vn -0.916015625 -0.399902344 0.0227355957
vn -0.96875 -0.247314453 0.00779342651
vn -0.986816406 -0.162841797 -0.00153064728
vn -0.999511719 0.0278625488 0.00352859497
vn -0.877929688 0.478515625 0.00129890442
vn -0.969726562 -0.244873047 0.00858306885
vn -0.889160156 -0.457275391 0.0188293457
vn -0.861328125 -0.506835938 0.0266265869
vn -0.924804688 -0.380371094 0.0218963623
vn -0.977539062 -0.210571289 0.00638961792
vn -0.9921875 -0.123779297 -0.00279426575
vn -0.853027344 -0.520996094 0.0274810791
vn -0.87109375 -0.490722656 0.0204925537
vn -0.963378906 -0.267089844 0.00954437256
vn -0.933105469 -0.359619141 0.0208129883
vn -0.984375 -0.175415039 0.00508117676
vn -0.99609375 -0.0862426758 -0.00409317017
vn -0.846191406 -0.532226562 0.0276947021
vn -0.940429688 -0.338867188 0.0196838379
vn -0.989746094 -0.141601562 0.00381278992
vn -0.998535156 -0.0492553711 -0.00559997559
vn -0.851074219 -0.524414062 0.0217132568
vn -1 0.0203399658 0.00375938416
vn -0.83984375 -0.541992188 0.0274963379
vn -0.947753906 -0.318359375 0.0186004639
vn -0.994140625 -0.108276367 0.00247764587
vn -1 -0.0118103027 -0.00748443604
vn -0.956054688 -0.292236328 0.0105056763
vn -0.830078125 -0.557128906 0.0223693848
vn -0.833984375 -0.55078125 0.027053833
vn -0.954101562 -0.298339844 0.0176239014
vn -0.997070312 -0.0747680664 0.000903606415
vn -0.999511719 0.0272216797 -0.00984191895
vn -0.999023438 -0.0403137207 -0.00101089478
vn -0.997558594 0.0692138672 -0.0126724243
vn -0.960449219 -0.277587891 0.016708374
vn -0.828613281 -0.559082031 0.0267181396
vn -0.807617188 -0.589355469 0.0226135254
vn -0.947753906 -0.319091797 0.0114059448
vn -1 -0.00417327881 -0.00326919556
vn -0.993164062 0.115722656 -0.0159759521
vn -0.966796875 -0.255615234 0.0156860352
vn -0.822753906 -0.567871094 0.0265197754
vn -0.784179688 -0.620605469 0.0230865479
vn -0.999511719 0.0344238281 -0.00590515137
vn -0.985351562 0.168945312 -0.0178985596
vn -0.97265625 -0.231201172 0.0143737793
vn -0.81640625 -0.576660156 0.0267028809
vn -0.997070312 0.0759887695 -0.00788879395
vn -0.97265625 0.232299805 -0.0145492554
vn -0.979003906 -0.204467773 0.0127487183
vn -0.9921875 0.12310791 -0.0068359375
vn -0.950683594 0.310546875 -0.0076713562
vn -0.937988281 -0.346923828 0.0121765137
vn -0.760253906 -0.649414062 0.0236358643
vn -0.810546875 -0.585449219 0.0266571045
vn -0.984375 -0.176513672 0.00897979736
vn -0.983398438 0.180297852 -0.00332832336
vn -0.912109375 0.409667969 -0.00403594971
vn -0.927246094 -0.374511719 0.0131759644
vn -0.734863281 -0.677734375 0.0243835449
vn -0.802246094 -0.596191406 0.0260009766
vn -0.989257812 -0.147094727 0.00255775452
vn -0.967285156 0.253173828 -0.000729560852
vn -0.841308594 0.540527344 -0.00577163696
vn -0.993164062 -0.115478516 -0.00291252136
vn -0.787597656 -0.615722656 0.0173492432
vn -0.706542969 -0.70703125 0.0246276855
vn -0.916015625 -0.400634766 0.0141830444
vn -0.996582031 -0.0828857422 -0.00517654419
vn -0.936523438 0.350341797 -0.00188350677
vn -0.757324219 -0.652832031 -0.00846862793
vn -0.673339844 -0.739257812 0.0239257812
vn -0.905273438 -0.425048828 0.015045166
vn -0.69921875 -0.713378906 -0.0417175293
vn -0.594726562 -0.80078125 -0.0696411133
vn -0.579101562 -0.814941406 -0.0222320557
vn -0.998535156 -0.0504455566 -0.00668334961
vn -0.876953125 0.480712891 -0.0118026733
vn -0.431396484 -0.897460938 -0.0935058594
vn -0.999511719 -0.0245666504 -0.0080871582
vn -0.772949219 0.634277344 -0.0160675049
vn -0.288330078 -0.953125 -0.0899658203
vn -0.995117188 -0.0806884766 -0.0559082031
vn -0.677734375 -0.729492188 -0.0946655273
vn -0.806640625 0.583496094 -0.0927734375
vn -0.986816406 -0.143676758 -0.073059082
vn -0.911621094 0.380371094 -0.156616211
vn -0.697265625 0.701660156 -0.147949219
vn -0.976074219 -0.212036133 -0.0520019531
vn -0.931640625 -0.358886719 -0.0581054688
vn -0.983398438 -0.180908203 0.00750350952
vn -0.918945312 -0.391845703 0.0413818359
vn -0.935058594 -0.349121094 0.0648803711
vn -0.712890625 -0.701171875 0.0104904175
vn -0.966308594 -0.250244141 0.0575256348
vn -0.961425781 -0.275146484 0.00884246826
vn -0.207763672 -0.975097656 -0.0759887695
vn -0.934570312 -0.354248047 -0.0237579346
vn -0.269775391 -0.95703125 -0.106384277
vn -0.905273438 -0.423828125 -0.0309753418
vn -0.394042969 -0.914550781 -0.0895996094
vn -0.883300781 -0.468017578 -0.0271453857
vn -0.504394531 -0.861328125 -0.0622253418
vn -0.873046875 -0.487304688 -0.0099029541
vn -0.993164062 -0.115234375 0.0221557617
vn -0.995117188 -0.0986938477 0.0138626099
vn -0.995117188 -0.0990600586 0.00872039795
vn -0.995117188 -0.0964355469 0.00650787354
vn -0.99609375 -0.090637207 0.00756454468
vn -0.989257812 -0.133300781 0.0596008301
vn -0.940917969 -0.319824219 0.109558105
vn -0.873046875 -0.487304688 0.00862884521
vn -0.996582031 -0.0836791992 0.00914001465
vn -0.632324219 -0.774902344 0.0116729736
vn -0.881347656 -0.471923828 0.0155944824
vn -0.997070312 -0.0746459961 0.00907897949
vn -0.893066406 -0.449951172 0.0157318115
vn -0.998046875 -0.0614624023 0.00794219971
vn -0.999023438 -0.0484619141 0.00699996948
vn -0.999511719 -0.0335388184 0.00616455078
vn -1 -0.0210876465 0.00555801392
vn -1 -0.00901031494 0.00513458252
vn -1 0.00152873993 0.00458145142
vn -1 0.0116195679 0.00405502319
vn -0.881347656 0.472167969 0.00105285645
vn -0.885742188 0.464355469 0.000550746918
vn -0.0763549805 0.997070312 -0.0012922287
vn -0.073059082 0.997558594 -0.00072145462
vn -0.0798950195 0.996582031 -0.00199127197
vn -0.0814819336 0.996582031 -0.00283622742
vn -0.889648438 0.456542969 0.000168204308
vn -0.0814819336 0.996582031 -0.00392532349
vn -0.895507812 0.445068359 -6.99162483E-05
vn -0.0807495117 0.996582031 -0.00518798828
vn -0.90234375 0.431396484 -0.000503063202
vn -0.0808105469 0.996582031 -0.00647354126
vn -0.91015625 0.413818359 -0.000938415527
vn -0.0805053711 0.996582031 -0.00855255127
vn -0.919433594 0.393310547 -0.00142669678
vn -0.0801391602 0.996582031 -0.0112457275
vn -0.9296875 0.368408203 -0.00147247314
vn -0.0805664062 0.996582031 -0.013961792
vn -0.940429688 0.339599609 -0.00116825104
vn -0.085144043 0.99609375 -0.0169830322
vn -0.952148438 0.306396484 0.00218772888
vn -0.0909423828 0.995605469 -0.0108642578
vn -0.962402344 0.271728516 0.0104904175
vn -0.100280762 0.995117188 0.0121383667
vn -0.971679688 0.23449707 0.0193481445
vn -0.128295898 0.991210938 0.0384216309
vn -0.980957031 0.193359375 0.0225982666
vn -0.178710938 0.982910156 0.0472106934
vn -0.988769531 0.146972656 0.0222473145
vn -0.214355469 0.975097656 0.0581970215
vn -0.993164062 0.11328125 0.0249023438
vn -0.239501953 0.970214844 0.0354614258
vn -0.998046875 0.0426330566 0.0501708984
vn -0.225097656 0.967773438 0.111083984
vn -0.989746094 -0.106689453 0.0950317383
vn -0.986816406 -0.100280762 0.126220703
vn -0.292724609 0.928710938 0.227172852
vn -0.966796875 -0.226806641 0.116394043
vn -0.991210938 -0.0802612305 0.105529785
vn -0.977050781 -0.133911133 0.166381836
vn -0.755371094 0.595703125 0.2734375
vn -0.00772857666 -0.999023438 0.0375061035
vn 0.0207977295 -0.998535156 0.0509643555
vn -0.0195617676 -0.998535156 0.0498352051
vn 0.0928955078 -0.995117188 0.0385131836
vn 0.0483093262 -0.997558594 0.0516357422
vn 0.191772461 -0.98046875 0.0388183594
vn 0.062286377 -0.996582031 0.0519104004
vn 0.285888672 -0.957519531 0.0384216309
vn 0.0635375977 -0.996582031 0.0517883301
vn 0.373291016 -0.926757812 0.0372619629
vn -0.420654297 -0.906738281 0.031463623
vn 0.0545654297 -0.997070312 0.0514221191
vn -0.349121094 -0.936523438 0.0326538086
vn 0.451660156 -0.891601562 0.0355834961
vn 0.0332336426 -0.998046875 0.0499267578
vn -0.275878906 -0.960449219 0.033416748
vn 0.518554688 -0.854492188 0.033782959
vn -0.000535488129 -0.999023438 0.0462341309
vn -0.202514648 -0.978515625 0.0336914062
vn 0.575683594 -0.817382812 0.0299530029
vn -0.0436401367 -0.998046875 0.0396728516
vn -0.135009766 -0.990234375 0.0317077637
vn 0.62109375 -0.783203125 0.0255126953
vn -0.100036621 -0.994628906 0.0320739746
vn -0.0772094727 -0.996582031 0.0296325684
vn 0.65234375 -0.7578125 0.0216217041
vn -0.161743164 -0.986328125 0.0268096924
vn -0.0263519287 -0.999023438 0.02784729
vn 0.666992188 -0.745117188 0.0184936523
vn -0.231567383 -0.97265625 0.0230865479
vn 0.0210876465 -0.999511719 0.0258026123
vn 0.666015625 -0.745605469 0.0173187256
vn -0.296630859 -0.955078125 0.0159606934
vn 0.0693969727 -0.997070312 0.0238647461
vn 0.662109375 -0.749511719 0.0106506348
vn -0.344482422 -0.938964844 0.0083694458
vn 0.110595703 -0.993652344 0.0167388916
vn 0.653320312 -0.757324219 0.00288200378
vn -0.399658203 -0.916503906 0.00307846069
vn 0.133666992 -0.990722656 0.0114440918
vn 0.626953125 -0.778808594 0.000661373138
vn -0.4609375 -0.887207031 -0.00253677368
vn 0.147949219 -0.988769531 0.00875091553
vn 0.58984375 -0.807617188 -0.00377082825
vn -0.529785156 -0.848144531 -0.00891876221
vn 0.159790039 -0.987304688 0.00356864929
vn 0.546386719 -0.837402344 -0.0124816895
vn 0.1640625 -0.986328125 -0.00546264648
vn 0.520507812 -0.853515625 -0.0229187012
vn 0.146118164 -0.989257812 -0.0160522461
vn 0.512695312 -0.857910156 -0.0362548828
vn 0.110961914 -0.993164062 -0.0318603516
vn 0.534667969 -0.842285156 -0.067199707
vn 0.0610961914 -0.995605469 -0.0692138672
vn 0.587890625 -0.803710938 -0.0927734375
vn -0.00187397003 -0.995117188 -0.100646973
vn 0.674316406 -0.728027344 -0.123291016
vn -0.139282227 -0.98046875 -0.139038086
vn -0.439941406 -0.889160156 -0.125854492
vn -0.551757812 -0.829589844 -0.0828857422
vn -0.227783203 -0.959472656 -0.164672852
vn 0.641113281 -0.755371094 -0.136108398
vn -0.564453125 -0.821777344 -0.0759277344
vn -0.609375 -0.782226562 -0.12878418
vn 0.0686035156 -0.997558594 0.00412750244
vn -0.315429688 0.948730469 0.00794219971
vn -0.463134766 0.886230469 0.00359344482
vn -0.501464844 0.865234375 0.00382041931
vn -0.281738281 0.959472656 0.00812530518
vn -0.421630859 0.906738281 0.00314903259
vn -0.246826172 0.969238281 0.00801849365
vn -0.377197266 0.926269531 0.00249671936
vn -0.210083008 0.977539062 0.0076751709
vn -0.329101562 0.944335938 0.00203514099
vn -0.17199707 0.984863281 0.0076675415
vn -0.278564453 0.960449219 0.00140571594
vn -0.134155273 0.990722656 0.00742721558
vn -0.227783203 0.973632812 0.0013885498
vn -0.0973510742 0.995117188 0.00713729858
vn -0.179443359 0.983886719 0.00142383575
vn -0.0638427734 0.998046875 0.0069770813
vn -0.126953125 0.991699219 0.00203514099
vn -0.0364990234 0.999511719 0.0078125
vn -0.0715942383 0.997558594 0.00134563446
vn -0.0135040283 1 0.00792694092
vn -0.0207977295 1 0.00177764893
vn 0.00877380371 1 0.00719451904
vn 0.020690918 1 0.00329208374
vn 0.0231781006 0.999511719 0.00768280029
vn 0.0673828125 0.997558594 0.00377464294
vn 0.0265960693 0.999511719 0.00869750977
vn 0.120849609 0.992675781 0.00338745117
vn 0.0262145996 0.999511719 0.0101699829
vn 0.170532227 0.985351562 0.00428771973
vn 0.0275421143 0.999511719 0.010635376
vn -0.66796875 0.744140625 0.00974273682
vn -0.686523438 0.727050781 0.00804138184
vn -0.651855469 0.758300781 0.0101623535
vn 0.213134766 0.977050781 0.00331306458
vn 0.0285797119 0.999511719 0.0104522705
vn -0.643554688 0.765625 0.0101242065
vn 0.254394531 0.967285156 0.00128364563
vn -0.645996094 0.763671875 0.0106735229
vn 0.289306641 0.95703125 -0.00113201141
vn -0.655273438 0.755371094 0.0195159912
vn 0.324951172 0.945800781 0.00718688965
vn -0.64453125 0.763671875 0.0348205566
vn 0.3828125 0.923339844 0.0246124268
vn -0.538085938 0.840820312 0.0597229004
vn -0.329101562 0.944335938 0.00203514099
vn -0.278564453 0.960449219 0.00140571594
vn -0.848632812 0.528808594 0.00408172607
vn -0.835449219 0.549316406 0.00429153442
vn -0.227783203 0.973632812 0.0013885498
vn -0.8203125 0.571777344 0.00452041626
vn -0.179443359 0.983886719 0.00142383575
vn -0.802734375 0.596191406 0.00457763672
vn -0.126953125 0.991699219 0.00203514099
vn -0.779296875 0.626953125 0.00492858887
vn -0.0715942383 0.997558594 0.00134563446
vn -0.762695312 0.646484375 0.00607299805
vn -0.0207977295 1 0.00177764893
vn -0.743164062 0.668945312 0.00720596313
vn 0.020690918 1 0.00329208374
vn -0.71875 0.6953125 0.00728607178
vn 0.0673828125 0.997558594 0.00377464294
vn -0.686523438 0.727050781 0.00804138184
vn 0.120849609 0.992675781 0.00338745117
vn -0.683105469 0.729980469 -0.0102462769
vn 0.314208984 0.94921875 -0.00582885742
vn 0.348388672 0.9375 -0.00333595276
vn -0.731445312 0.682128906 -0.0127487183
vn 0.271972656 0.962402344 -0.00978088379
vn -0.731445312 0.682128906 -0.0127487183
vn -0.777832031 0.627929688 -0.0149307251
vn 0.271972656 0.962402344 -0.00978088379
vn 0.23059082 0.973144531 -0.013458252
vn -0.820800781 0.570800781 -0.0164489746
vn 0.195556641 0.98046875 -0.00645446777
vn -0.854492188 0.519042969 -0.0121841431
vn 0.175048828 0.984375 0.0161895752
vn -0.883789062 0.468017578 0.000471830368
vn 0.168212891 0.984863281 0.0405273438
vn -0.901367188 0.433349609 0.0111694336
vn 0.174682617 0.983398438 0.0466308594
vn -0.921875 0.387207031 0.0113677979
vn 0.161132812 0.985351562 0.0576171875
vn -0.943359375 0.331298828 0.00754928589
vn 0.122680664 0.9921875 0.0222015381
vn 0.0285797119 0.999511719 0.0104522705
vn 0.0292205811 0.999511719 0.00919342041
vn 0.254394531 0.967285156 0.00128364563
vn 0.289306641 0.95703125 -0.00113201141
vn 0.033996582 0.999511719 0.00771713257
vn 0.324951172 0.945800781 0.00718688965
vn 0.0392456055 0.999023438 0.0182342529
vn 0.3828125 0.923339844 0.0246124268
vn 0.0340576172 0.998535156 0.0393981934
vn 0.511230469 0.857910156 0.0525817871
vn -0.538085938 0.840820312 0.0597229004
vn -0.048828125 0.996582031 0.0676879883
vn -0.314697266 0.945800781 0.080871582
vn 0.62890625 0.774414062 0.064453125
vn -0.639160156 0.759277344 0.122619629
vn -0.233520508 0.96875 0.0821533203
vn 0.583007812 0.8125 0.000139355659
vn -0.274658203 0.961425781 -0.0166015625
vn 0.0305633545 0.999511719 -0.0140914917
vn -0.307128906 0.935058594 -0.177124023
vn -0.631835938 0.771484375 0.0737915039
vn 0.546386719 -0.837402344 -0.0124816895
vn -0.567871094 -0.822753906 -0.0155944824
vn -0.529785156 -0.848144531 -0.00891876221
vn 0.520507812 -0.853515625 -0.0229187012
vn -0.590332031 -0.806640625 -0.0265350342
vn 0.512695312 -0.857910156 -0.0362548828
vn -0.583496094 -0.810546875 -0.0532226562
vn 0.534667969 -0.842285156 -0.067199707
vn -0.551757812 -0.829589844 -0.0828857422
vn 0.587890625 -0.803710938 -0.0927734375
vn -0.579101562 -0.814941406 -0.0222320557
vn -0.504394531 -0.861328125 -0.0622253418
vn -0.69921875 -0.713378906 -0.0417175293
vn -0.594726562 -0.80078125 -0.0696411133
vn -0.394042969 -0.914550781 -0.0895996094
vn -0.800292969 -0.594238281 -0.0787353516
vn -0.720703125 -0.688964844 -0.0758666992
vn -0.77734375 -0.625488281 -0.0648193359
vn -0.858398438 -0.513183594 -0.00965118408
vn -0.709960938 -0.704589844 -0.00798797607
vn -0.955566406 -0.29296875 -0.0290985107
vn -0.394042969 -0.914550781 -0.0895996094
vn -0.431396484 -0.897460938 -0.0935058594
vn -0.594726562 -0.80078125 -0.0696411133
vn -0.269775391 -0.95703125 -0.106384277
vn -0.288330078 -0.953125 -0.0899658203
vn -0.207763672 -0.975097656 -0.0759887695
vn -0.677734375 -0.729492188 -0.0946655273
vn -0.712890625 -0.701171875 0.0104904175
vn -0.967285156 0.253173828 -0.000729560852
vn -0.936523438 0.350341797 -0.00188350677
vn -0.841308594 0.540527344 -0.00577163696
vn -0.706542969 0.707519531 -0.0193023682
vn -0.876953125 0.480712891 -0.0118026733
vn -0.437011719 0.899414062 -0.0198822021
vn -0.772949219 0.634277344 -0.0160675049
vn -0.418457031 0.90625 -0.0626220703
vn -0.806640625 0.583496094 -0.0927734375
vn -0.697265625 0.701660156 -0.147949219
vn -0.876464844 -0.476806641 -0.0679931641
vn -0.850585938 -0.518066406 -0.0906982422
vn -0.824707031 -0.55859375 -0.0894775391
vn -0.802246094 -0.596679688 0.0213775635
vn -0.856933594 -0.515136719 0.00236701965
vn -0.979003906 -0.202880859 -0.00866699219
vn -0.931640625 -0.361572266 0.0346374512
vn -0.817871094 -0.574707031 0.0325927734
vn -0.932128906 -0.361816406 -0.0106430054
vn -0.981933594 -0.18371582 0.0447998047
vn -0.856933594 -0.515136719 0.00236701965
vn -0.951171875 -0.295166016 0.0924682617
vn -0.856445312 -0.510742188 0.0718994141
vn -0.943359375 -0.330810547 -0.0138778687
vn -0.756835938 -0.641601562 0.124328613
vn -0.943359375 -0.3125 0.109619141
vn -0.685546875 -0.717773438 0.122680664
vn -0.966796875 -0.254882812 0.00777435303
vn -0.955566406 -0.29296875 -0.0290985107
vn -0.963378906 -0.265380859 -0.0394287109
vn -0.981445312 -0.181396484 -0.0635986328
vn -0.962402344 -0.267578125 -0.048828125
vn -0.966308594 -0.250244141 0.0575256348
vn -0.940917969 -0.319824219 0.109558105
vn -0.918945312 -0.391845703 0.0413818359
vn -0.935058594 -0.349121094 0.0648803711
vn -0.712890625 -0.701171875 0.0104904175
vn -0.931640625 -0.358886719 -0.0581054688
vn -0.677734375 -0.729492188 -0.0946655273
vn -0.986816406 -0.143676758 -0.073059082
vn -0.928222656 -0.371826172 -0.0115737915
vn -0.729980469 -0.683105469 -0.0110473633
vn -0.740234375 -0.672363281 -0.0111312866
vn -0.929199219 -0.369873047 -0.0114593506
vn -0.987304688 -0.158081055 -0.0082244873
vn -0.720703125 -0.693359375 -0.0110855103
vn -0.98828125 -0.153442383 -0.00807952881
vn -0.999511719 -0.0346984863 -0.00593566895
vn -0.932128906 -0.361572266 -0.0111618042
vn -0.712890625 -0.701171875 -0.0112533569
vn -0.999511719 -0.0323791504 -0.00550842285
vn -0.999511719 0.0263214111 -0.00598144531
vn -0.989746094 -0.143798828 -0.00769805908
vn -0.935546875 -0.353271484 -0.010848999
vn -0.70703125 -0.70703125 -0.0115585327
vn -0.999511719 0.0262298584 -0.00483703613
vn -0.999023438 0.0432128906 -0.00659942627
vn -0.999023438 0.0422363281 -0.00496673584
vn -0.999511719 -0.027053833 -0.00456237793
vn -0.999511719 0.0279083252 -0.00246810913
vn -0.999023438 0.0426635742 -0.00166320801
vn -0.990722656 -0.133911133 -0.00717926025
vn -0.938476562 -0.344726562 -0.0105361938
vn -0.702636719 -0.711425781 -0.0119247437
vn -0.999511719 0.0333862305 2.39014626E-05
vn -0.999023438 0.0475463867 0.00166893005
vn -1 -0.0196838379 -0.00341415405
vn -0.9921875 -0.123657227 -0.00653457642
vn -0.941894531 -0.335205078 -0.0102081299
vn -0.699707031 -0.714355469 -0.0123062134
vn -0.999023438 0.0421142578 0.00250244141
vn -0.998535156 0.0559387207 0.00482177734
vn -1 -0.0102233887 -0.0020980835
vn -0.993652344 -0.112548828 -0.00577926636
vn -0.945800781 -0.324951172 -0.00985717773
vn -0.698730469 -0.715332031 -0.0126266479
vn -0.998535156 0.053314209 0.004737854
vn -0.997558594 0.0668945312 0.0075302124
vn -1 0.00109577179 -0.000732421875
vn -0.995117188 -0.100524902 -0.00496673584
vn -0.949707031 -0.313476562 -0.0094909668
vn -0.698242188 -0.715332031 -0.0128555298
vn -0.997558594 0.0661010742 0.00651931763
vn -0.996582031 0.0794067383 0.00954437256
vn -1 0.0138168335 0.000557899475
vn -0.99609375 -0.0875854492 -0.00415039062
vn -0.953613281 -0.300537109 -0.00912475586
vn -0.698730469 -0.715332031 -0.0129623413
vn -0.996582031 0.0794067383 0.00774002075
vn -0.995605469 0.0923461914 0.0107650757
vn -0.999511719 0.02734375 0.00167369843
vn -0.997070312 -0.0738525391 -0.00338935852
vn -0.958007812 -0.286621094 -0.00877380371
vn -0.69921875 -0.71484375 -0.0130081177
vn -0.995605469 0.0922851562 0.00843048096
vn -0.994628906 0.104614258 0.0112609863
vn -0.999023438 0.0411071777 0.00257492065
vn -0.998046875 -0.0594177246 -0.00270271301
vn -0.962402344 -0.271484375 -0.00843048096
vn -0.700683594 -0.713378906 -0.0131072998
vn -0.994628906 0.104064941 0.00869750977
vn -0.993164062 0.115539551 0.0111999512
vn -0.998535156 0.0545654297 0.00327110291
vn -0.999023438 -0.0444946289 -0.00209236145
vn -0.966796875 -0.255371094 -0.00811767578
vn -0.702148438 -0.711914062 -0.013130188
vn -0.993652344 0.114257812 0.008644104
vn -0.9921875 0.124572754 0.0107345581
vn -0.997558594 0.0673828125 0.00379753113
vn -0.999511719 -0.0292510986 -0.00155258179
vn -0.971191406 -0.238525391 -0.00784301758
vn -0.704101562 -0.709960938 -0.013053894
vn -0.9921875 0.122558594 0.00838470459
vn -0.991210938 0.131347656 0.0100097656
vn -0.997070312 0.0793457031 0.00421905518
vn -1 -0.013710022 -0.00105571747
vn -0.975097656 -0.220947266 -0.00759124756
vn -0.706542969 -0.707519531 -0.0129089355
vn -0.991699219 0.128662109 0.0080871582
vn -0.990722656 0.135620117 0.0092086792
vn -0.99609375 0.0903930664 0.00461196899
vn -1 0.00214767456 -0.000596046448
vn -0.979003906 -0.20300293 -0.00736999512
vn -0.7109375 -0.703125 -0.0131378174
vn -0.991210938 0.132568359 0.00788879395
vn -0.990722656 0.137084961 0.00852203369
vn -0.995117188 0.100585938 0.00504684448
vn -1 0.018447876 -0.000166535378
vn -0.982910156 -0.184692383 -0.00722503662
vn -0.718261719 -0.6953125 -0.0134124756
vn -0.990722656 0.134277344 0.00785064697
vn -0.990722656 0.135620117 0.00799560547
vn -0.993652344 0.110229492 0.00556182861
vn -0.999511719 0.0354614258 0.000274419785
vn -0.986328125 -0.165771484 -0.00706100464
vn -0.728027344 -0.685546875 -0.0130996704
vn -0.991210938 0.133789062 0.00797271729
vn -0.991210938 0.131103516 0.00761795044
vn -0.992675781 0.119567871 0.00621414185
vn -0.998535156 0.0535583496 0.000855445862
vn -0.989257812 -0.146240234 -0.00671386719
vn -0.73828125 -0.674316406 -0.0126647949
vn -0.991210938 0.130981445 0.00840759277
vn -0.9921875 0.12298584 0.00746536255
vn -0.991699219 0.12902832 0.00718307495
vn -0.997070312 0.073425293 0.0018415451
vn -0.9921875 -0.125610352 -0.00612258911
vn -0.75 -0.661132812 -0.0126495361
vn -0.9921875 0.125366211 0.00946044922
vn -0.993652344 0.110534668 0.00774383545
vn -0.990234375 0.139038086 0.00885772705
vn -0.995117188 0.0965576172 0.00362205505
vn -0.994628906 -0.102294922 -0.00509262085
vn -0.767089844 -0.641113281 -0.0132293701
vn -0.993164062 0.116149902 0.0111999512
vn -0.995605469 0.092956543 0.00840759277
vn -0.988769531 0.150146484 0.0116195679
vn -0.9921875 0.124206543 0.00631332397
vn -0.997070312 -0.0748291016 -0.00357818604
vn -0.790039062 -0.612792969 -0.0131835938
vn -0.994628906 0.102600098 0.0130310059
vn -0.997558594 0.0701904297 0.00894927979
vn -0.986816406 0.161987305 0.0150756836
vn -0.987792969 0.156616211 0.00955200195
vn -0.999023438 -0.0422058105 -0.00165557861
vn -0.814453125 -0.580566406 -0.0120544434
vn -0.99609375 0.0847167969 0.0142364502
vn -0.999023438 0.0433654785 0.00891113281
vn -0.984863281 0.173461914 0.0184020996
vn -0.980957031 0.192871094 0.0129241943
vn -1 -0.00354766846 0.000736713409
vn -0.839355469 -0.543457031 -0.0108184814
vn -0.999023438 0.04296875 0.00333976746
vn -0.998046875 0.0631713867 0.0146026611
vn -1 0.0136413574 0.00819396973
vn -0.982910156 0.183837891 0.0211791992
vn -0.972167969 0.232788086 0.0164489746
vn -0.999023438 0.0383911133 0.0143203735
vn -1 -0.0182800293 0.00682067871
vn -0.980957031 0.192138672 0.0236663818
vn -0.9609375 0.275390625 0.0200500488
vn -1 0.0106124878 0.0132827759
vn -0.998535156 -0.0519714355 0.00471878052
vn -0.979980469 0.197631836 0.0257263184
vn -0.995117188 0.0977783203 0.00649261475
vn -0.866699219 -0.498291016 -0.00912475586
vn -0.893554688 -0.44921875 -0.00758361816
vn -0.999511719 -0.0198974609 0.0113830566
vn -0.99609375 -0.0866088867 0.00188350677
vn -0.979980469 0.198364258 0.0273284912
vn -0.947265625 0.320068359 0.0241699219
vn -0.985839844 0.166625977 0.0126037598
vn -0.921386719 -0.388916016 -0.00565338135
vn -0.998535156 -0.0528564453 0.00882720947
vn -0.992675781 -0.121398926 -0.00154590607
vn -0.981445312 0.188232422 0.0297088623
vn -0.930175781 0.365478516 0.0319519043
vn -0.962890625 0.269287109 0.0221252441
vn -0.99609375 -0.0869750977 0.00546264648
vn -0.987792969 -0.155761719 -0.00531005859
vn -0.986816406 0.157836914 0.0315246582
vn -0.907714844 0.41796875 0.0421142578
vn -0.952148438 -0.305908203 -0.00231933594
vn -0.0469665527 -0.998535156 -0.027130127
vn -0.230957031 -0.971679688 -0.0458068848
vn -0.992675781 -0.119018555 0.00146770477
vn -0.981445312 -0.191894531 -0.00855255127
vn -0.993652344 0.106689453 0.0296783447
vn -0.869628906 0.490234375 0.0561218262
vn -0.896972656 0.440673828 0.041015625
vn -0.990722656 -0.134765625 0.00998687744
vn -0.275146484 -0.960449219 0.0466918945
vn -0.812011719 0.578613281 0.0731811523
vn -0.841796875 0.534667969 0.0759887695
vn -1 0.0137481689 -0.00941467285
vn -0.276367188 -0.931152344 0.23840332
vn -0.790527344 0.609863281 -0.0583496094
vn -0.998535156 0.0525512695 0.0245666504
vn -0.84375 0.536132812 -0.0328063965
vn -0.994140625 0.0875244141 0.0648803711
vn -0.776855469 -0.567871094 0.272460938
vn -0.986328125 0.078125 0.146118164
vn -0.842285156 0.526855469 -0.111999512
vn -0.932617188 0.360595703 -0.00193881989
vn -0.989257812 -0.147094727 -0.00098323822
vn -0.972167969 -0.233764648 -0.0105133057
vn -1 0.00343894958 -0.0118942261
vn -0.948730469 0.294921875 -0.112976074
vn -0.991699219 0.115478516 -0.0541381836
vn -0.989746094 -0.141113281 -0.0183258057
vn -0.943847656 -0.330322266 0.00283050537
vn -0.999023438 -0.0119857788 -0.0405273438
vn -0.999511719 -0.00257873535 -0.0306091309
vn -0.988769531 -0.145263672 -0.0345458984
vn -0.930664062 -0.364990234 -0.0143203735
vn -0.995117188 -0.0856933594 -0.0460510254
vn -0.940917969 -0.334960938 -0.0453186035
vn -0.5234375 -0.852050781 -0.00453186035
vn -0.656738281 -0.75390625 -0.00192451477
vn -0.659179688 -0.751953125 -0.00160980225
vn -0.505371094 -0.862792969 -0.0046005249
vn -0.740234375 -0.672363281 -0.0111312866
vn -0.638183594 -0.76953125 -0.00237083435
vn -0.729980469 -0.683105469 -0.0110473633
vn -0.473388672 -0.880859375 -0.00513076782
vn -0.6171875 -0.786621094 -0.00280189514
vn -0.720703125 -0.693359375 -0.0110855103
vn -0.442138672 -0.896972656 -0.00574493408
vn -0.59375 -0.8046875 -0.00322914124
vn -0.712890625 -0.701171875 -0.0112533569
vn -0.411132812 -0.911621094 -0.00647354126
vn -0.566894531 -0.823730469 -0.00359725952
vn -0.70703125 -0.70703125 -0.0115585327
vn -0.379882812 -0.924804688 -0.00720596313
vn -0.536132812 -0.844238281 -0.00384140015
vn -0.702636719 -0.711425781 -0.0119247437
vn -0.347900391 -0.9375 -0.00785827637
vn -0.501464844 -0.865234375 -0.00388336182
vn -0.699707031 -0.714355469 -0.0123062134
vn -0.315185547 -0.94921875 -0.00833892822
vn -0.463378906 -0.886230469 -0.00375938416
vn -0.698730469 -0.715332031 -0.0126266479
vn -0.281494141 -0.959472656 -0.00860595703
vn -0.421630859 -0.906738281 -0.00339889526
vn -0.698242188 -0.715332031 -0.0128555298
vn -0.246582031 -0.969238281 -0.00856018066
vn -0.698730469 -0.715332031 -0.0129623413
vn -0.377441406 -0.926269531 -0.00280570984
vn -0.209960938 -0.977539062 -0.00823974609
vn -0.69921875 -0.71484375 -0.0130081177
vn -0.329101562 -0.944335938 -0.0023765564
vn -0.862304688 -0.505859375 -0.0035572052
vn -0.849121094 -0.528320312 -0.00352859497
vn -0.278808594 -0.960449219 -0.00175857544
vn -0.8359375 -0.549316406 -0.00383758545
vn -0.227783203 -0.973632812 -0.00173282623
vn -0.8203125 -0.571777344 -0.00415420532
vn -0.17956543 -0.983886719 -0.00174427032
vn -0.802734375 -0.596191406 -0.00428390503
vn -0.126953125 -0.991699219 -0.00232696533
vn -0.779296875 -0.626464844 -0.00470352173
vn -0.0716552734 -0.997558594 -0.00160980225
vn -0.762695312 -0.646484375 -0.00588989258
vn -0.0208435059 -1 -0.00201034546
vn -0.743164062 -0.668945312 -0.00706100464
vn 0.0206451416 -1 -0.003490448
vn -0.71875 -0.6953125 -0.00717544556
vn 0.0673217773 -0.997558594 -0.00394821167
vn -0.686523438 -0.727050781 -0.0079574585
vn 0.120788574 -0.992675781 -0.00353622437
vn -0.66796875 -0.744140625 -0.00967407227
vn 0.170532227 -0.985351562 -0.00441360474
vn -0.651855469 -0.758300781 -0.0101013184
vn 0.213134766 -0.977050781 -0.0034236908
vn -0.643554688 -0.765625 -0.0100784302
vn 0.254394531 -0.967285156 -0.00137805939
vn -0.645507812 -0.763671875 -0.00944519043
vn 0.288818359 -0.957519531 0.00222587585
vn -0.655273438 -0.755371094 -0.00903320312
vn 0.322753906 -0.946289062 0.00482559204
vn -0.643066406 -0.765625 -0.0112380981
vn 0.375244141 -0.926757812 0.00318336487
vn -0.538574219 -0.841796875 -0.0274047852
vn 0.491210938 -0.870605469 -0.0199737549
vn -0.932128906 -0.362060547 0.000442504883
vn -0.364013672 -0.931640625 -3.88622284E-05
vn -0.348388672 -0.9375 0.000227570534
vn -0.9375 -0.348388672 0.000981330872
vn -1 -0.00766372681 -0.000885486603
vn -0.387695312 -0.921875 -0.000708580017
vn -1 -0.00554275513 -0.000145554543
vn -0.974609375 0.223022461 -0.00770568848
vn -0.943359375 -0.331054688 0.00210571289
vn -0.411132812 -0.911621094 -0.00151062012
vn -0.9765625 0.215820312 -0.00659179688
vn -0.896972656 0.441894531 -0.0219268799
vn -1 -0.00553512573 0.0015001297
vn -0.948730469 -0.315429688 0.00326156616
vn -0.433837891 -0.900878906 -0.00217056274
vn -0.903808594 0.427734375 -0.0202789307
vn -0.751464844 0.658203125 -0.0396118164
vn -0.979980469 0.19909668 -0.00415802002
vn -1 -0.005443573 0.00324058533
vn -0.953613281 -0.301269531 0.00428009033
vn -0.454345703 -0.890625 -0.0025177002
vn -0.759765625 0.648925781 -0.0380249023
vn -0.549316406 0.833984375 -0.0486755371
vn -0.918945312 0.39453125 -0.0165557861
vn -0.982910156 0.184082031 -0.00166225433
vn -1 -0.00519943237 0.00482559204
vn -0.957519531 -0.288818359 0.00499343872
vn -0.472900391 -0.881347656 -0.00250816345
vn -0.535644531 0.842773438 -0.0482788086
vn -0.405029297 0.913574219 -0.0403747559
vn -0.783203125 0.620605469 -0.0342407227
vn -0.931640625 0.36328125 -0.0129699707
vn -0.985351562 0.170654297 0.000692367554
vn -1 -0.00450515747 0.00604629517
vn -0.960449219 -0.277587891 0.00532531738
vn -0.489013672 -0.872070312 -0.00218582153
vn -0.360839844 0.931640625 -0.0412902832
vn -0.486816406 0.873046875 -0.0250091553
vn -0.521972656 0.8515625 -0.0473937988
vn -0.807128906 0.589355469 -0.0305480957
vn -0.942382812 0.333740234 -0.00958251953
vn -0.987304688 0.158691406 0.0027141571
vn -1 -0.0030632019 0.00680541992
vn -0.963378906 -0.267578125 0.00531005859
vn -0.502929688 -0.864257812 -0.00165081024
vn -0.965820312 -0.258300781 0.00504302979
vn -0.515136719 -0.856933594 -0.000988960266
vn -1 -0.000515460968 0.00712966919
vn -0.988769531 0.14855957 0.0043182373
vn -0.952148438 0.305908203 -0.00653839111
vn -0.831054688 0.555175781 -0.0269622803
vn -0.968261719 -0.249389648 0.00467681885
vn -0.525878906 -0.850585938 -0.000251531601
vn -1 0.00333404541 0.00713729858
vn -0.990234375 0.140258789 0.00551986694
vn -0.959960938 0.279541016 -0.00391769409
vn -0.970703125 -0.240600586 0.00433349609
vn -0.534179688 -0.845214844 0.000441551208
vn -1 0.00868225098 0.00701141357
vn -0.990722656 0.134033203 0.00640487671
vn -0.97265625 -0.231689453 0.0040512085
vn -0.541503906 -0.840820312 0.000992774963
vn -1 0.0157318115 0.00695419312
vn -0.975097656 -0.221801758 0.00425338745
vn -0.548339844 -0.836425781 0.00149154663
vn -0.854980469 0.518554688 -0.0235137939
vn -0.966796875 0.254882812 -0.00170707703
vn -0.991699219 0.129882812 0.00708770752
vn -0.999511719 0.0260772705 0.00759887695
vn -0.978027344 -0.207885742 0.00553894043
vn -0.555664062 -0.831054688 0.00205039978
vn -0.877441406 0.479492188 -0.0202789307
vn -0.97265625 0.231933594 0.00013256073
vn -0.991699219 0.127563477 0.00792694092
vn -0.999023438 0.0456237793 0.0109100342
vn -0.982421875 -0.187744141 0.00728225708
vn -0.565917969 -0.82421875 0.0027961731
vn -0.897949219 0.439453125 -0.0173339844
vn -0.977539062 0.210571289 0.00165557861
vn -0.991210938 0.131713867 0.0119628906
vn -0.997070312 0.078125 0.015296936
vn -0.986816406 -0.161254883 0.00896453857
vn -0.581054688 -0.813964844 0.00408172607
vn -0.916503906 0.399658203 -0.0146560669
vn -0.981445312 0.190551758 0.00324058533
vn -0.98828125 0.151245117 0.0227050781
vn -0.992675781 0.118286133 0.0180206299
vn -0.991699219 -0.129760742 0.0104217529
vn -0.605957031 -0.795410156 0.00588989258
vn -0.932617188 0.360839844 -0.0122451782
vn -0.985351562 0.169799805 0.00923156738
vn -0.982421875 0.18371582 0.0299224854
vn -0.986816406 0.160766602 0.0199279785
vn -0.995605469 -0.0942382812 0.0114212036
vn -0.642578125 -0.766113281 0.00803375244
vn -0.946289062 0.323730469 -0.0100326538
vn -0.988769531 0.146972656 0.0234375
vn -0.976074219 0.21496582 0.0303497314
vn -0.979003906 0.203857422 0.0208129883
vn -0.998046875 -0.0605773926 0.0127182007
vn -0.683105469 -0.729980469 0.0103988647
vn -0.958984375 0.283935547 -0.00588226318
vn -0.991699219 0.126342773 0.0316772461
vn -0.970214844 0.240600586 0.0307769775
vn -0.969238281 0.244628906 0.0202331543
vn -0.999511719 -0.0224761963 0.0130996704
vn -0.731445312 -0.681640625 0.0129013062
vn -0.97265625 0.231445312 0.00440597534
vn -0.993652344 0.10748291 0.0298461914
vn -0.964355469 0.262695312 0.0305480957
vn -0.958007812 0.286132812 0.02003479
vn -1 0.0114364624 0.0126876831
vn -0.777832031 -0.627929688 0.015083313
vn -0.985839844 0.166503906 0.0129852295
vn -0.995605469 0.0880737305 0.028717041
vn -0.958984375 0.281982422 0.0288085938
vn -0.945800781 0.323974609 0.0182800293
vn -0.998535156 0.0480651855 0.0125732422
vn -0.820800781 -0.570800781 0.0165863037
vn -0.994140625 0.108215332 0.0142059326
vn -0.997070312 0.0686645508 0.0279846191
vn -0.953613281 0.300292969 0.0276489258
vn -0.931152344 0.363769531 0.0158996582
vn -0.996582031 0.0803222656 0.0131454468
vn -0.853027344 -0.521484375 0.0172729492
vn -0.998046875 0.0615539551 0.0144042969
vn -0.998046875 0.0517883301 0.0270843506
vn -0.947753906 0.317626953 0.0256347656
vn -0.916015625 0.400634766 0.0141830444
vn -0.991699219 0.128173828 0.0140914917
vn -0.879882812 -0.474365234 0.0180969238
vn -0.999511719 0.0210876465 0.0149612427
vn -0.999023438 0.035949707 0.0257415771
vn -0.942382812 0.334472656 0.023147583
vn -0.897949219 0.439941406 0.015411377
vn -0.982421875 0.186767578 0.0138931274
vn -0.897460938 -0.440673828 0.0198669434
vn -1 -0.0154266357 0.0154647827
vn -0.999511719 0.0222625732 0.0255279541
vn -0.936035156 0.350830078 0.0209655762
vn -0.87890625 0.4765625 0.0183868408
vn -0.956054688 0.29296875 0.02003479
vn -0.918457031 -0.395263672 0.0225219727
vn -0.998535156 -0.0492248535 0.0140762329
vn -0.999511719 0.00897216797 0.022644043
vn -0.931640625 0.363037109 0.021194458
vn -0.859375 0.511230469 0.0193786621
vn -0.896972656 0.442138672 0.0209655762
vn -0.940917969 -0.338378906 0.0215759277
vn -0.996582031 -0.0833740234 0.0157928467
vn -0.999511719 -0.013923645 0.0181121826
vn -0.9296875 0.3671875 0.0240783691
vn -0.837890625 0.545410156 0.0279846191
vn -0.993164062 -0.116271973 0.0114974976
vn -0.998535156 -0.046875 0.0182800293
vn -0.935058594 0.354248047 0.0243835449
vn -0.988769531 -0.150268555 0.00484466553
vn -0.996582031 -0.0825805664 0.0184631348
vn -0.982421875 -0.187255859 0.00566482544
vn -0.791503906 0.610351562 0.0310821533
vn -0.951171875 0.307861328 0.0272674561
vn -0.9921875 -0.125610352 0.0157470703
vn -0.774902344 0.631835938 0.0142822266
vn -0.974609375 -0.223144531 0.0245513916
vn 0.128173828 -0.990722656 0.0445556641
vn -0.849609375 0.526855469 -0.0235900879
vn -0.0221710205 -0.999023438 0.0430603027
vn -0.998046875 -0.0411987305 0.0500488281
vn -0.950195312 0.311035156 0.0177612305
vn -0.786132812 -0.582519531 0.205810547
vn -0.969726562 0.24206543 0.0279541016
vn -0.712402344 0.701171875 0.0199127197
vn -0.979980469 0.189697266 0.0642700195
vn -0.912109375 -0.334228516 0.236450195
vn -0.055480957 -0.969238281 0.240234375
vn -0.958984375 0.278808594 0.0517578125
vn -0.985839844 -0.168334961 0.0135269165
vn -0.982421875 0.186279297 0.0194549561
vn -0.69921875 0.713867188 -0.0372924805
vn -0.801269531 0.595703125 -0.053894043
vn -0.960449219 0.275878906 0.0368347168
vn -0.987304688 0.158569336 0.014251709
vn -0.925292969 0.379638672 0.00551223755
vn -0.979003906 0.20324707 -0.0155258179
vn -0.9765625 0.216186523 -0.00448608398
vn -0.977539062 -0.2109375 0.0144500732
vn -0.973632812 -0.22644043 0.0202178955
vn -0.9609375 -0.276367188 -0.0104751587
vn -0.929199219 0.367431641 -0.0440368652
vn -0.96484375 -0.260498047 -0.0335388184
vn -0.982421875 0.181152344 -0.0466308594
vn -1 -0.00458908081 -0.0182495117
vn -0.980957031 -0.194335938 -0.00891876221
vn -0.994628906 -0.0990600586 0.0216064453
vn -0.968261719 -0.246337891 0.037109375
vn -0.989746094 -0.141113281 0.0266876221
vn -0.912109375 -0.409423828 -0.0291900635
vn -0.87890625 -0.475830078 -0.0286254883
vn -0.900390625 -0.435058594 0.0136184692
vn -0.995605469 0.00293159485 0.0932006836
vn -0.998535156 0.016418457 0.055267334
vn -0.99609375 -0.0626831055 0.0619506836
vn -0.587890625 0.801757812 0.105957031
vn -0.233032227 0.966308594 0.110778809
vn -0.991210938 -0.131103516 -0.0112457275
vn -0.441894531 0.894042969 0.0734863281
vn -0.995117188 -0.0993041992 0.00254631042
vn -0.553710938 0.831542969 0.0406494141
vn -0.999023438 -0.0460510254 -0.00175094604
vn -0.5859375 0.810058594 0.0292510986
vn -0.927734375 -0.373046875 0.00172615051
vn -1 -0.0199737549 -0.00234222412
vn -0.591308594 0.806152344 0.0204467773
vn -0.947265625 -0.320068359 -0.00053691864
vn -1 0.0101013184 -0.00160980225
vn -0.567871094 0.822753906 0.0157165527
vn -0.961914062 -0.2734375 0.00185012817
vn -0.999511719 0.0314941406 -0.00071811676
vn -0.529785156 0.848144531 0.00908660889
vn -0.973632812 -0.228271484 0.00493621826
vn -0.998046875 0.0628051758 -0.000361680984
vn -0.4609375 0.887695312 0.00273513794
vn -0.996582031 0.0844116211 -0.000661373138
vn -0.399658203 0.916503906 -0.00284004211
vn -0.992675781 0.121948242 0.00083065033
vn -0.344238281 0.938964844 -0.0080871582
vn -0.987304688 0.158203125 0.00175857544
vn -0.296386719 0.955078125 -0.0156173706
vn -0.977539062 0.21105957 0.00109577179
vn -0.231323242 0.97265625 -0.0226745605
vn -0.962890625 0.270019531 -0.00043129921
vn -0.161499023 0.986328125 -0.0263214111
vn -0.943359375 0.331298828 -0.00305175781
vn -0.0997924805 0.994628906 -0.0314941406
vn -0.9140625 0.405029297 -0.00647735596
vn -0.0433044434 0.998535156 -0.0389709473
vn -0.872558594 0.48828125 -0.0127868652
vn -0.000203371048 0.999023438 -0.0454101562
vn -0.822265625 0.568847656 -0.0201416016
vn -0.771484375 0.635742188 -0.028427124
vn 0.0335693359 0.998046875 -0.0489196777
vn 0.0548706055 0.997070312 -0.0502319336
vn -0.728515625 0.684082031 -0.034576416
vn 0.0637817383 0.996582031 -0.0503845215
vn -0.689453125 0.723632812 -0.0370788574
vn 0.0624694824 0.996582031 -0.0502624512
vn -0.650390625 0.758300781 -0.0392456055
vn 0.0484008789 0.997558594 -0.0498352051
vn -0.613769531 0.788574219 -0.0411071777
vn 0.0207977295 0.998535156 -0.0490112305
vn -0.581054688 0.8125 -0.0425109863
vn -0.554199219 0.831054688 -0.0436096191
vn -0.534667969 0.844238281 -0.0445556641
vn -0.0710449219 0.996582031 -0.0467834473
vn -0.131835938 0.990234375 -0.0456848145
vn -0.522460938 0.8515625 -0.0454711914
vn -0.200561523 0.978515625 -0.0445251465
vn -0.518066406 0.854003906 -0.0464172363
vn -0.276855469 0.959960938 -0.0432739258
vn -0.454833984 0.890136719 -0.0264587402
vn -0.758789062 0.651367188 -0.0160064697
vn -0.756347656 0.654296875 -0.0165252686
vn -0.954101562 0.299560547 -0.0125961304
vn -0.377441406 0.92578125 -0.0292205811
vn -0.955566406 0.295166016 -0.0122909546
vn -0.999511719 -0.021194458 -0.00992584229
vn -0.73828125 0.674316406 -0.017578125
vn -0.292480469 0.955566406 -0.03125
vn -0.999511719 -0.0231781006 -0.0096206665
vn -0.925292969 -0.379150391 -0.00582885742
vn -0.955566406 0.294433594 -0.0117416382
vn -0.712890625 0.700683594 -0.0186309814
vn -0.202026367 0.979003906 -0.0329589844
vn -0.92578125 -0.378417969 -0.00577545166
vn -0.659179688 -0.751953125 -0.00160980225
vn -0.656738281 -0.75390625 -0.00192451477
vn -0.999511719 -0.025680542 -0.00897216797
vn -0.923339844 -0.383544922 -0.00556182861
vn -0.638183594 -0.76953125 -0.00237083435
vn -0.955566406 0.295166016 -0.0112380981
vn -0.681640625 0.731445312 -0.0197753906
vn -0.106567383 0.993652344 -0.0344238281
vn -0.920410156 -0.390380859 -0.00531005859
vn -0.6171875 -0.786621094 -0.00280189514
vn -0.999511719 -0.028427124 -0.00830078125
vn -0.954589844 0.297851562 -0.0108795166
vn -0.643066406 0.765625 -0.0211639404
vn -0.00764846802 0.999511719 -0.0357666016
vn -0.916992188 -0.398925781 -0.00503921509
vn -0.59375 -0.8046875 -0.00322914124
vn -0.999511719 -0.031463623 -0.00769042969
vn -0.953125 0.302001953 -0.0107727051
vn -0.598144531 0.801269531 -0.0229034424
vn 0.0926513672 0.995117188 -0.0368652344
vn -0.912597656 -0.409423828 -0.00477600098
vn -0.566894531 -0.823730469 -0.00359725952
vn -0.999511719 -0.0346069336 -0.00720977783
vn -0.951171875 0.308349609 -0.0109710693
vn -0.545410156 0.837890625 -0.0249328613
vn -0.906738281 -0.421386719 -0.00454711914
vn -0.536132812 -0.844238281 -0.00384140015
vn -0.999023438 -0.0378112793 -0.00690841675
vn -0.948730469 0.31640625 -0.0114440918
vn -0.485595703 0.873535156 -0.027053833
vn -0.900390625 -0.435302734 -0.0043258667
vn -0.501464844 -0.865234375 -0.00388336182
vn -0.999023438 -0.0408630371 -0.00679397583
vn -0.9453125 0.326416016 -0.0121688843
vn -0.419433594 0.907226562 -0.0290374756
vn -0.892578125 -0.451171875 -0.00412368774
vn -0.463378906 -0.886230469 -0.00375938416
vn -0.999023438 -0.0436096191 -0.0068397522
vn -0.940917969 0.338378906 -0.0130844116
vn -0.348144531 0.937011719 -0.0306091309
vn -0.883300781 -0.46875 -0.00394439697
vn -0.421630859 -0.906738281 -0.00339889526
vn -0.999023438 -0.046081543 -0.00701141357
vn -0.936035156 0.351806641 -0.0141296387
vn -0.275146484 0.9609375 -0.0317382812
vn -0.873535156 -0.487060547 -0.00378990173
vn -0.377441406 -0.926269531 -0.00280570984
vn -0.862304688 -0.505859375 -0.0035572052
vn -0.999023438 -0.0482177734 -0.00724029541
vn -0.930175781 0.366699219 -0.0151062012
vn -0.202026367 0.979003906 -0.0323791504
vn -0.998535156 -0.0505065918 -0.00752258301
vn -0.923828125 0.382324219 -0.0160064697
vn -0.134521484 0.990234375 -0.0307312012
vn -0.998535156 -0.0515441895 -0.00792694092
vn -0.849121094 -0.528320312 -0.00352859497
vn -0.916503906 0.399902344 -0.0166015625
vn -0.0768432617 0.996582031 -0.0289001465
vn -0.998535156 -0.0541381836 -0.0082321167
vn -0.8359375 -0.549316406 -0.00383758545
vn -0.908203125 0.41796875 -0.0170135498
vn -0.0261077881 0.999511719 -0.0273132324
vn -0.998535156 -0.0556335449 -0.00843811035
vn -0.8203125 -0.571777344 -0.00415420532
vn -0.899414062 0.436767578 -0.0171356201
vn 0.021270752 0.999511719 -0.0254211426
vn -0.998046875 -0.0589904785 -0.008644104
vn -0.802734375 -0.596191406 -0.00428390503
vn -0.890625 0.454345703 -0.0168609619
vn 0.069519043 0.997070312 -0.0235900879
vn -0.998046875 -0.0601501465 -0.00923156738
vn -0.779296875 -0.626464844 -0.00470352173
vn -0.880371094 0.474121094 -0.0166015625
vn 0.110717773 0.993652344 -0.0165405273
vn -0.997558594 -0.0660400391 -0.00968170166
vn -0.762695312 -0.646484375 -0.00588989258
vn -0.871582031 0.489746094 -0.0150680542
vn 0.133789062 0.990722656 -0.0113067627
vn -0.997558594 -0.069519043 -0.00963592529
vn -0.743164062 -0.668945312 -0.00706100464
vn -0.866210938 0.499755859 -0.0138549805
vn 0.148071289 0.988769531 -0.008644104
vn -0.997070312 -0.0759887695 -0.00994110107
vn -0.71875 -0.6953125 -0.00717544556
vn -0.864257812 0.502929688 -0.0128631592
vn 0.159790039 0.987304688 -0.0034942627
vn -0.997070312 -0.0775146484 -0.0110244751
vn -0.686523438 -0.727050781 -0.0079574585
vn -0.861328125 0.5078125 -0.010887146
vn 0.1640625 0.986328125 0.00551605225
vn -0.99609375 -0.0858154297 -0.0116882324
vn -0.66796875 -0.744140625 -0.00967407227
vn -0.868164062 0.496582031 -0.0075340271
vn 0.146118164 0.989257812 0.0160827637
vn -0.995605469 -0.0905151367 -0.0123596191
vn -0.651855469 -0.758300781 -0.0101013184
vn -0.881835938 0.471191406 -0.00532531738
vn 0.110839844 0.993652344 0.0229492188
vn -0.995117188 -0.0963745117 -0.0137939453
vn -0.643554688 -0.765625 -0.0100784302
vn -0.903808594 0.427734375 -0.0043296814
vn 0.062286377 0.997558594 0.036895752
vn -0.995117188 -0.0964355469 -0.0151596069
vn -0.645507812 -0.763671875 -0.00944519043
vn -0.928222656 0.371582031 -0.0034122467
vn 0.000317811966 0.999023438 0.0477600098
vn -0.995117188 -0.094909668 -0.017578125
vn -0.655273438 -0.755371094 -0.00903320312
vn -0.954101562 0.299804688 -0.00582122803
vn -0.13659668 0.987792969 0.0777587891
vn -0.99609375 -0.0866699219 -0.0207366943
vn -0.643066406 -0.765625 -0.0112380981
vn -0.973632812 0.228149414 -0.0121459961
vn -0.548828125 0.834960938 0.0351867676
vn -0.997070312 -0.0737915039 -0.0240936279
vn -0.538574219 -0.841796875 -0.0274047852
vn -0.984863281 0.166015625 -0.0541687012
vn -0.75390625 0.643554688 -0.134643555
vn -0.998535156 -0.0241851807 -0.0456542969
vn -0.322265625 -0.9453125 -0.047088623
vn -0.984375 0.154907227 -0.0836791992
vn -0.939941406 0.323974609 -0.108337402
vn -0.990722656 0.0680541992 -0.117126465
vn -0.679199219 -0.727539062 -0.0999755859
vn -0.96875 0.230957031 -0.0877685547
vn -0.987792969 0.0885009766 -0.127563477
vn -0.911132812 -0.39453125 -0.120727539
vn -0.963867188 0.255371094 -0.0736083984
vn -0.961914062 0.272705078 -0.006980896
vn -0.989746094 0.106445312 -0.0941772461
vn -0.989257812 0.0985717773 -0.106872559
vn -0.969726562 -0.224731445 -0.0965576172
vn -0.010887146 -0.998046875 0.0603027344
vn -0.569335938 -0.821777344 -0.0153121948
vn 0.550292969 -0.834960938 0.00263214111
vn -0.166137695 -0.986328125 0.00100326538
vn -0.172485352 -0.984863281 0.00138759613
vn 0.553710938 -0.832519531 0.00163269043
vn 0.46875 -0.883300781 0.00121021271
vn -0.153564453 -0.98828125 -5.16176224E-05
vn 0.468505859 -0.883300781 0.000221610069
vn -0.348388672 -0.9375 0.000227570534
vn -0.364013672 -0.931640625 -3.88622284E-05
vn 0.564941406 -0.825195312 -0.000684738159
vn -0.140014648 -0.990234375 -0.00152492523
vn 0.462402344 -0.88671875 -0.00205993652
vn -0.387695312 -0.921875 -0.000708580017
vn 0.576660156 -0.816894531 -0.00335502625
vn -0.126220703 -0.9921875 -0.00301933289
vn 0.454833984 -0.890625 -0.00461578369
vn -0.411132812 -0.911621094 -0.00151062012
vn 0.588378906 -0.80859375 -0.00574111938
vn -0.11328125 -0.993652344 -0.00417327881
vn 0.446289062 -0.895019531 -0.00684356689
vn -0.433837891 -0.900878906 -0.00217056274
vn 0.599121094 -0.800292969 -0.00735473633
vn -0.101928711 -0.994628906 -0.00482177734
vn 0.437988281 -0.898925781 -0.00827026367
vn -0.454345703 -0.890625 -0.0025177002
vn 0.608886719 -0.793457031 -0.00805664062
vn -0.0921020508 -0.995605469 -0.00494003296
vn 0.429931641 -0.902832031 -0.00875091553
vn -0.472900391 -0.881347656 -0.00250816345
vn 0.616699219 -0.787109375 -0.0079498291
vn -0.0838012695 -0.996582031 -0.0046005249
vn 0.422363281 -0.90625 -0.00838470459
vn -0.489013672 -0.872070312 -0.00218582153
vn 0.623535156 -0.781738281 -0.00718688965
vn -0.076965332 -0.997070312 -0.00393295288
vn 0.415039062 -0.909667969 -0.00737762451
vn -0.502929688 -0.864257812 -0.00165081024
vn 0.62890625 -0.77734375 -0.00601196289
vn -0.0728759766 -0.997558594 -0.00291442871
vn 0.407958984 -0.913085938 -0.00598526001
vn -0.515136719 -0.856933594 -0.000988960266
vn 0.6328125 -0.774414062 -0.00428771973
vn -0.0719604492 -0.997558594 -0.00176620483
vn 0.402099609 -0.915527344 -0.00424957275
vn -0.525878906 -0.850585938 -0.000251531601
vn 0.634765625 -0.772460938 -0.00259971619
vn -0.0738525391 -0.997070312 -0.000794887543
vn 0.398681641 -0.916992188 -0.00262069702
vn -0.534179688 -0.845214844 0.000441551208
vn 0.63671875 -0.770996094 -0.00140571594
vn -0.076965332 -0.997070312 0.000131964684
vn 0.396972656 -0.91796875 -0.00146102905
vn -0.541503906 -0.840820312 0.000992774963
vn 0.638671875 -0.76953125 -0.000360965729
vn -0.0803833008 -0.996582031 0.00111675262
vn 0.396484375 -0.91796875 -0.000651836395
vn -0.548339844 -0.836425781 0.00149154663
vn 0.642089844 -0.766601562 0.000413894653
vn -0.0817871094 -0.996582031 0.00218200684
vn 0.397460938 -0.917480469 -0.000315666199
vn -0.555664062 -0.831054688 0.00205039978
vn 0.647460938 -0.762207031 0.000726222992
vn -0.0817260742 -0.996582031 0.00343322754
vn 0.398925781 -0.916992188 -0.000335216522
vn -0.565917969 -0.82421875 0.0027961731
vn 0.65625 -0.754882812 0.00119495392
vn -0.0809936523 -0.996582031 0.00482177734
vn 0.398681641 -0.916992188 -0.00029706955
vn -0.581054688 -0.813964844 0.00408172607
vn 0.668457031 -0.743652344 0.00178718567
vn -0.0809936523 -0.996582031 0.00619888306
vn 0.390869141 -0.920410156 0.000599861145
vn -0.605957031 -0.795410156 0.00588989258
vn 0.684082031 -0.729003906 0.00243377686
vn -0.0806274414 -0.996582031 0.00834655762
vn 0.373535156 -0.927734375 0.00146102905
vn 0.703125 -0.711425781 0.00334358215
vn -0.0802612305 -0.996582031 0.0110931396
vn 0.348388672 -0.9375 0.00293159485
vn 0.724609375 -0.688964844 0.00457382202
vn -0.0806884766 -0.996582031 0.0138397217
vn 0.313964844 -0.94921875 0.00552749634
vn 0.746582031 -0.665039062 0.00651931763
vn -0.0852050781 -0.99609375 0.0169067383
vn 0.271972656 -0.962402344 0.00955963135
vn 0.767089844 -0.641113281 0.00861358643
vn -0.0915527344 -0.995605469 0.0191955566
vn 0.23059082 -0.973144531 0.0132904053
vn 0.787597656 -0.616210938 0.0100708008
vn -0.102355957 -0.994628906 0.0242919922
vn 0.194702148 -0.980957031 0.0158843994
vn 0.803222656 -0.595214844 0.015083313
vn -0.131835938 -0.990722656 0.029296875
vn 0.174194336 -0.984375 0.0225524902
vn 0.812988281 -0.58203125 0.0210723877
vn -0.184570312 -0.981933594 0.0356445312
vn 0.168334961 -0.985351562 0.0299224854
vn 0.813964844 -0.580566406 0.0279541016
vn -0.218994141 -0.975585938 0.023147583
vn 0.176025391 -0.983886719 0.038269043
vn 0.822753906 -0.567871094 0.0132980347
vn -0.247802734 -0.968261719 0.0293579102
vn 0.166259766 -0.985839844 0.0277404785
vn 0.84375 -0.536132812 0.0293273926
vn -0.229248047 -0.971191406 -0.0681762695
vn 0.128173828 -0.990722656 0.0445556641
vn 0.830078125 -0.557617188 -0.00108528137
vn -0.290527344 -0.938476562 -0.185546875
vn -0.0221710205 -0.999023438 0.0430603027
vn 0.717773438 -0.696289062 -0.0123443604
vn -0.6953125 -0.674316406 -0.247924805
vn -0.786132812 -0.582519531 0.205810547
vn -0.857910156 0.513183594 -0.0283050537
vn -0.854003906 0.520019531 -0.0274810791
vn -0.858398438 0.51171875 -0.0313110352
vn -0.853027344 0.520996094 -0.0246276855
vn -0.861816406 0.506835938 -0.02293396
vn -0.847167969 0.53125 -0.0159606934
vn -0.859375 0.511230469 -0.020324707
vn -0.889648438 0.456298828 -0.0194091797
vn -0.847167969 0.530761719 -0.0146789551
vn -0.848632812 0.528808594 -0.00199127197
vn -0.889160156 0.45703125 -0.0173797607
vn -0.942382812 0.333984375 -0.0160827637
vn -0.855957031 0.517089844 -0.0134506226
vn -0.849121094 0.528320312 -0.00297355652
vn -0.856933594 0.515625 0.00681304932
vn -0.942382812 0.334228516 -0.0143280029
vn -0.987792969 0.155029297 -0.0116119385
vn -0.887207031 0.4609375 -0.0123901367
vn -0.857421875 0.514648438 -0.00535202026
vn -0.856933594 0.515625 0.00442886353
vn -0.8671875 0.497558594 0.00894165039
vn -0.987792969 0.15625 -0.0101928711
vn -0.997558594 -0.0706176758 -0.00701904297
vn -0.940429688 0.340332031 -0.0103607178
vn -0.887207031 0.4609375 -0.00651550293
vn -0.862792969 0.505859375 0.000255823135
vn -0.866210938 0.499755859 0.00643539429
vn -0.876464844 0.481445312 0.00801849365
vn -0.997558594 -0.0704956055 -0.0060043335
vn -0.880859375 -0.473632812 -0.00296020508
vn -0.986328125 0.164306641 -0.00708389282
vn -0.938476562 0.344970703 -0.00565719604
vn -0.888671875 0.458496094 -0.00172615051
vn -0.868164062 0.49609375 0.00251197815
vn -0.874023438 0.485839844 0.00595092773
vn -0.884277344 0.467285156 0.00775909424
vn -0.877929688 -0.479003906 -0.00239753723
vn -0.172485352 -0.984863281 0.00138759613
vn -0.166137695 -0.986328125 0.00100326538
vn -0.998046875 -0.0645751953 -0.00382804871
vn -0.877441406 -0.479980469 -0.00134277344
vn -0.153564453 -0.98828125 -5.16176224E-05
vn -0.880859375 0.473144531 0.00577545166
vn -0.892578125 0.450683594 0.00876617432
vn -0.873046875 0.488037109 0.00283432007
vn -0.985351562 0.170898438 -0.0034198761
vn -0.876464844 -0.481445312 -0.000329256058
vn -0.140014648 -0.990234375 -0.00152492523
vn -0.998046875 -0.0598449707 -0.00136470795
vn -0.888671875 0.458496094 0.00605392456
vn -0.904785156 0.426025391 0.00915527344
vn -0.9375 0.348388672 -0.00134181976
vn -0.875488281 -0.483154297 0.00049161911
vn -0.126220703 -0.9921875 -0.00301933289
vn -0.998535156 -0.0563354492 0.000910758972
vn -0.984375 0.176025391 2.78353691E-05
vn -0.889648438 0.456542969 0.00102996826
vn -0.874511719 -0.485107422 0.00100708008
vn -0.11328125 -0.993652344 -0.00417327881
vn -0.998535156 -0.0538024902 0.00255393982
vn -0.983886719 0.179931641 0.00251579285
vn -0.936035156 0.351806641 0.00161552429
vn -0.889648438 0.456298828 0.0019569397
vn -0.873535156 -0.486816406 0.00119495392
vn -0.101928711 -0.994628906 -0.00482177734
vn -0.998535156 -0.0517883301 0.00335121155
vn -0.982910156 0.183349609 0.00366973877
vn -0.934570312 0.355712891 0.00284957886
vn -0.876464844 0.481201172 0.00263404846
vn -0.872558594 -0.488037109 0.00113582611
vn -0.0921020508 -0.995605469 -0.00494003296
vn -0.998535156 -0.0497741699 0.00336456299
vn -0.982421875 0.187011719 0.00361251831
vn -0.932617188 0.360351562 0.00261688232
vn -0.889648438 0.45703125 0.00166225433
vn -0.881347656 0.47265625 0.00173377991
vn -0.872558594 -0.488769531 0.000912189484
vn -0.0838012695 -0.996582031 -0.0046005249
vn -0.999023438 -0.047454834 0.00283622742
vn -0.981445312 0.19152832 0.00273513794
vn -0.930664062 0.365722656 0.00134181976
vn -0.889160156 0.457519531 0.000262498856
vn -0.899414062 0.437255859 0.0050163269
vn -0.920410156 0.390869141 0.00734329224
vn -0.872558594 -0.488769531 0.000637531281
vn -0.076965332 -0.997070312 -0.00393295288
vn -0.999023438 -0.0445556641 0.00203514099
vn -0.98046875 0.197021484 0.00141334534
vn -0.927734375 0.372802734 -0.000816345215
vn -0.888671875 0.458984375 -0.00280952454
vn -0.913574219 0.407226562 0.00148010254
vn -0.937988281 0.346191406 0.00437545776
vn -0.873046875 -0.487792969 0.0003221035
vn -0.0728759766 -0.997558594 -0.00291442871
vn -0.999023438 -0.0410766602 0.00117492676
vn -0.979003906 0.204345703 -0.000184774399
vn -0.923339844 0.384277344 -0.00401306152
vn -0.874023438 -0.485839844 7.7188015E-05
vn -0.0719604492 -0.997558594 -0.00176620483
vn -0.999511719 -0.0369567871 0.000295162201
vn -0.9765625 0.214477539 -0.0020198822
vn -0.875976562 -0.482666016 -4.88758087E-05
vn -0.0738525391 -0.997070312 -0.000794887543
vn -0.999511719 -0.0320739746 -0.000550746918
vn -0.878417969 -0.477783203 -0.000122070312
vn -0.076965332 -0.997070312 0.000131964684
vn -0.885253906 0.46484375 -0.00811004639
vn -0.915527344 0.40234375 -0.00814056396
vn -0.973632812 0.228515625 -0.00396347046
vn -0.999511719 -0.0262756348 -0.00131320953
vn -0.881835938 -0.471435547 -9.50694084E-05
vn -0.0803833008 -0.996582031 0.00111675262
vn -0.87890625 0.476806641 -0.0146255493
vn -0.903808594 0.427978516 -0.0122909546
vn -0.969238281 0.246582031 -0.00577163696
vn -1 -0.0191955566 -0.00201797485
vn -0.885742188 -0.463867188 0.000228643417
vn -0.0817871094 -0.996582031 0.00218200684
vn -0.870117188 0.492675781 -0.0199890137
vn -0.888671875 0.458740234 -0.0156097412
vn -0.963378906 0.268310547 -0.00736236572
vn -1 -0.0107803345 -0.00268745422
vn -0.890136719 -0.456054688 0.000464439392
vn -0.0817260742 -0.996582031 0.00343322754
vn -0.860839844 0.508300781 -0.0231781006
vn -0.870605469 0.491699219 -0.0180358887
vn -0.956054688 0.293212891 -0.00881195068
vn -1 -0.000908374786 -0.00350570679
vn -0.895507812 -0.444824219 0.000587463379
vn -0.0809936523 -0.996582031 0.00482177734
vn -0.852539062 0.521972656 -0.024887085
vn -0.851074219 0.524902344 -0.0198516846
vn -0.947265625 0.319824219 -0.010093689
vn -1 0.00947570801 -0.00428771973
vn -0.90234375 -0.431152344 0.000928401947
vn -0.0809936523 -0.996582031 0.00619888306
vn -0.845703125 0.533203125 -0.0257415771
vn -0.830078125 0.557617188 -0.0209503174
vn -0.9375 0.347412109 -0.0111618042
vn -1 0.0214233398 -0.0048866272
vn -0.910644531 -0.413574219 0.00129127502
vn -0.0806274414 -0.996582031 0.00834655762
vn -0.839355469 0.542480469 -0.0260162354
vn -0.807128906 0.58984375 -0.0215301514
vn -0.927246094 0.374755859 -0.0123825073
vn -0.999511719 0.0338134766 -0.00563049316
vn -0.919433594 -0.393310547 0.00172042847
vn -0.0802612305 -0.996582031 0.0110931396
vn -0.833984375 0.551269531 -0.0259246826
vn -0.783691406 0.620605469 -0.022277832
vn -0.916015625 0.400878906 -0.0135574341
vn -0.999023438 0.0486450195 -0.00656890869
vn -0.9296875 -0.368164062 0.00171661377
vn -0.0806884766 -0.996582031 0.0138397217
vn -0.828613281 0.559570312 -0.0258636475
vn -0.759765625 0.649414062 -0.0230102539
vn -0.904785156 0.425292969 -0.0145645142
vn -0.998046875 0.0616149902 -0.00760269165
vn -0.940429688 -0.339599609 0.00137329102
vn -0.0852050781 -0.99609375 0.0169067383
vn -0.822753906 0.567871094 -0.0258636475
vn -0.734863281 0.677734375 -0.0239105225
vn -0.893066406 0.450195312 -0.0153503418
vn -0.997070312 0.0747680664 -0.00880432129
vn -0.952148438 -0.305419922 0.000608444214
vn -0.0915527344 -0.995605469 0.0191955566
vn -0.81640625 0.576660156 -0.0261993408
vn -0.706542969 0.707519531 -0.0242462158
vn -0.881347656 0.471923828 -0.0152893066
vn -0.996582031 0.0848388672 -0.0100021362
vn -0.962402344 -0.271240234 -0.000340461731
vn -0.102355957 -0.994628906 0.0242919922
vn -0.810058594 0.585449219 -0.026260376
vn -0.672851562 0.739257812 -0.023651123
vn -0.872070312 0.489013672 -0.0143051147
vn -0.995605469 0.0926513672 -0.011428833
vn -0.971679688 -0.236816406 -0.00291252136
vn -0.131835938 -0.990722656 0.029296875
vn -0.802246094 0.596191406 -0.025680542
vn -0.631347656 0.774902344 -0.0207672119
vn -0.87109375 0.491210938 -0.0113830566
vn -0.995117188 0.0977172852 -0.0137023926
vn -0.979980469 -0.197998047 -0.00609970093
vn -0.184570312 -0.981933594 0.0356445312
vn -0.788574219 0.614257812 -0.0239257812
vn -0.576660156 0.816894531 -0.0138092041
vn -0.881347656 0.472167969 -0.00828552246
vn -0.994628906 0.0999145508 -0.0176696777
vn -0.98828125 -0.153198242 -0.00971221924
vn -0.218994141 -0.975585938 0.023147583
vn -0.759765625 0.649902344 -0.0194854736
vn -0.501464844 0.865234375 -0.00405883789
vn -0.904296875 0.427246094 -0.00797271729
vn -0.391845703 0.919921875 0.00452041626
vn -0.270019531 0.962890625 0.0171661377
vn -0.702148438 0.711914062 -0.0124740601
vn -0.595703125 0.803222656 -0.00440979004
vn -0.934082031 0.356445312 -0.00891113281
vn -0.206665039 0.978515625 0.00197410583
vn -0.994628906 0.099609375 -0.0226745605
vn -0.9609375 0.274902344 -0.0300750732
vn -0.703613281 0.708007812 -0.0608520508
vn -0.992675781 0.118591309 -0.0307006836
vn -0.962402344 0.261230469 -0.0774536133
vn -0.992675781 -0.120300293 -0.0168304443
vn -0.247802734 -0.968261719 0.0293579102
vn -0.921386719 0.383056641 -0.0682983398
vn -0.937011719 0.346923828 0.0403747559
vn -0.98828125 0.135375977 -0.0681762695
vn -0.944335938 0.307861328 -0.117736816
vn -0.997558594 -0.044921875 -0.0506286621
vn -0.229248047 -0.971191406 -0.0681762695
vn -0.985351562 0.169189453 -0.00749206543
vn -0.938476562 0.338378906 -0.0674438477
vn -0.970703125 0.210327148 -0.11541748
vn -0.978027344 0.202880859 0.0504760742
vn -0.987792969 0.116821289 -0.102844238
vn -0.989257812 0.0955810547 -0.109558105
vn -0.985839844 0.10345459 -0.130615234
vn -0.290527344 -0.938476562 -0.185546875
vn -0.975585938 0.137939453 -0.172119141
vn -0.6953125 -0.674316406 -0.247924805
vn -0.987304688 0.141479492 0.0703735352
vn -0.700195312 0.712402344 0.0492858887
vn -0.916503906 -0.368408203 0.156005859
vn -0.995605469 0.0780029297 0.0491638184
vn -0.285400391 0.958496094 0.0160217285
vn -0.811035156 -0.575195312 0.106445312
vn -0.711425781 -0.687011719 0.147216797
vn -0.771972656 -0.633789062 0.0502929688
vn -0.999511719 0.0256958008 0.00624465942
vn -0.428466797 0.903320312 0.0102615356
vn -0.876953125 -0.478515625 0.0479736328
vn -0.998535156 0.0502624512 0.00210380554
vn -0.936523438 -0.349365234 0.0344543457
vn -0.996582031 0.0821533203 -0.00234222412
vn -0.993652344 0.114074707 -0.00556945801
vn -0.967285156 -0.252929688 0.0246429443
vn -0.989257812 0.145019531 -0.00832366943
vn -0.84375 -0.533691406 0.0556640625
vn -0.708984375 -0.701660156 0.0731811523
vn -0.913574219 -0.404296875 0.0419616699
vn -0.983398438 -0.181030273 0.0176086426
vn -0.951171875 -0.306884766 0.0316467285
vn -0.9921875 -0.124328613 0.012878418
vn -0.97265625 -0.23059082 0.025100708
vn -0.984375 0.175415039 -0.0104675293
vn -0.997070312 -0.0765380859 0.00923919678
vn -0.985351562 -0.168457031 0.0201721191
vn -0.979003906 0.204589844 -0.0124206543
vn -0.999511719 -0.0343017578 0.00621032715
vn -0.993164062 -0.115600586 0.0162811279
vn -0.97265625 0.231323242 -0.0139694214
vn -1 0.0043258667 0.00366210938
vn -0.997558594 -0.0690917969 0.013053894
vn -0.966796875 0.255859375 -0.0151596069
vn -0.999023438 0.0404968262 0.00151729584
vn -0.999511719 -0.0270385742 0.0103378296
vn -0.960449219 0.277832031 -0.0160369873
vn -0.997070312 0.075012207 -0.000246763229
vn -1 0.0120697021 0.00813293457
vn -0.954101562 0.298583984 -0.0167541504
vn -0.994140625 0.108581543 -0.00162029266
vn -0.998535156 0.0495910645 0.00645446777
vn -0.947753906 0.318847656 -0.0174560547
vn -0.989746094 0.142089844 -0.00268363953
vn -0.99609375 0.086730957 0.00521850586
vn -0.940429688 0.339599609 -0.0181732178
vn -0.984375 0.176147461 -0.00358390808
vn -0.9921875 0.124450684 0.00429153442
vn -0.932617188 0.360351562 -0.0188140869
vn -0.977539062 0.211425781 -0.00439071655
vn -0.986328125 0.163696289 0.00353431702
vn -0.924316406 0.381347656 -0.0192260742
vn -0.96875 0.248535156 -0.00510406494
vn -0.978515625 0.205322266 0.00288581848
vn -0.915527344 0.401611328 -0.0191497803
vn -0.957519531 0.287597656 -0.00562286377
vn -0.968261719 0.24987793 0.00240325928
vn -0.907714844 0.419677734 -0.017791748
vn -0.944335938 0.328369141 -0.00534820557
vn -0.954589844 0.297607422 0.0025844574
vn -0.900390625 0.435058594 -0.0136108398
vn -0.929199219 0.369628906 -0.00290489197
vn -0.893554688 0.448974609 -0.00700378418
vn -0.887207031 0.461669922 -0.00122833252
vn -0.454833984 0.890136719 -0.0264587402
vn -0.377441406 0.92578125 -0.0292205811
vn -0.276855469 0.959960938 -0.0432739258
vn -0.200561523 0.978515625 -0.0445251465
vn -0.292480469 0.955566406 -0.03125
vn -0.131835938 0.990234375 -0.0456848145
vn -0.202026367 0.979003906 -0.0329589844
vn -0.202026367 0.979003906 -0.0329589844
vn -0.0710449219 0.996582031 -0.0467834473
vn -0.131835938 0.990234375 -0.0456848145
vn -0.106567383 0.993652344 -0.0344238281
vn -0.0195465088 0.998535156 -0.0479125977
vn -0.00764846802 0.999511719 -0.0357666016
vn 0.0207977295 0.998535156 -0.0490112305
vn 0.0926513672 0.995117188 -0.0368652344
vn 0.0484008789 0.997558594 -0.0498352051
vn 0.19140625 0.980957031 -0.0374450684
vn 0.0624694824 0.996582031 -0.0502624512
vn 0.285644531 0.957519531 -0.0374145508
vn -0.485595703 0.873535156 -0.027053833
vn 0.0637817383 0.996582031 -0.0503845215
vn -0.419433594 0.907226562 -0.0290374756
vn 0.373046875 0.927246094 -0.0365905762
vn 0.0548706055 0.997070312 -0.0502319336
vn -0.348144531 0.937011719 -0.0306091309
vn 0.451416016 0.891601562 -0.0352172852
vn 0.0335693359 0.998046875 -0.0489196777
vn -0.275146484 0.9609375 -0.0317382812
vn 0.518554688 0.854492188 -0.0336303711
vn -0.000203371048 0.999023438 -0.0454101562
vn -0.202026367 0.979003906 -0.0323791504
vn 0.575683594 0.817382812 -0.0299377441
vn -0.0433044434 0.998535156 -0.0389709473
vn -0.134521484 0.990234375 -0.0307312012
vn 0.62109375 0.783203125 -0.025604248
vn -0.0997924805 0.994628906 -0.0314941406
vn -0.0768432617 0.996582031 -0.0289001465
vn 0.65234375 0.7578125 -0.0217437744
vn -0.161499023 0.986328125 -0.0263214111
vn -0.0261077881 0.999511719 -0.0273132324
vn 0.666992188 0.745117188 -0.0186309814
vn -0.231323242 0.97265625 -0.0226745605
vn 0.021270752 0.999511719 -0.0254211426
vn 0.666503906 0.745605469 -0.0174255371
vn -0.296386719 0.955078125 -0.0156173706
vn 0.069519043 0.997070312 -0.0235900879
vn 0.662109375 0.749023438 -0.0107498169
vn -0.344238281 0.938964844 -0.0080871582
vn 0.110717773 0.993652344 -0.0165405273
vn 0.653320312 0.757324219 -0.00296974182
vn -0.399658203 0.916503906 -0.00284004211
vn 0.133789062 0.990722656 -0.0113067627
vn 0.627441406 0.778808594 -0.000730037689
vn -0.4609375 0.887695312 0.00273513794
vn 0.148071289 0.988769531 -0.008644104
vn 0.58984375 0.807617188 0.00372123718
vn -0.529785156 0.848144531 0.00908660889
vn 0.159790039 0.987304688 -0.0034942627
vn 0.546386719 0.837402344 0.0124435425
vn -0.567871094 0.822753906 0.0157165527
vn 0.1640625 0.986328125 0.00551605225
vn 0.520507812 0.853515625 0.0228881836
vn -0.591308594 0.806152344 0.0204467773
vn 0.146118164 0.989257812 0.0160827637
vn 0.512695312 0.858398438 0.029006958
vn -0.5859375 0.810058594 0.0292510986
vn 0.110839844 0.993652344 0.0229492188
vn 0.530761719 0.846191406 0.0411071777
vn -0.553710938 0.831542969 0.0406494141
vn 0.062286377 0.997558594 0.036895752
vn 0.577148438 0.814941406 0.0512695312
vn -0.441894531 0.894042969 0.0734863281
vn 0.000317811966 0.999023438 0.0477600098
vn 0.653320312 0.752929688 0.0811767578
vn -0.233032227 0.966308594 0.110778809
vn -0.13659668 0.987792969 0.0777587891
vn 0.617675781 0.780273438 0.0963134766
vn -0.548828125 0.834960938 0.0351867676
vn -0.587890625 0.801757812 0.105957031
vn 0.0925292969 0.995605469 -0.0261688232
vn -0.0710449219 0.996582031 -0.0467834473
vn -0.0195465088 0.998535156 -0.0479125977
vn -0.554199219 0.831054688 -0.0436096191
vn -0.581054688 0.8125 -0.0425109863
vn 0.0207977295 0.998535156 -0.0490112305
vn -0.613769531 0.788574219 -0.0411071777
vn -0.598144531 0.801269531 -0.0229034424
vn -0.545410156 0.837890625 -0.0249328613
vn 0.0926513672 0.995117188 -0.0368652344
vn 0.19140625 0.980957031 -0.0374450684
vn -0.485595703 0.873535156 -0.027053833
vn -0.171875 -0.984863281 -0.00821685791
vn -0.278808594 -0.960449219 -0.00175857544
vn -0.329101562 -0.944335938 -0.0023765564
vn -0.134155273 -0.990722656 -0.00794219971
vn -0.227783203 -0.973632812 -0.00173282623
vn -0.0973510742 -0.995117188 -0.00760269165
vn -0.17956543 -0.983886719 -0.00174427032
vn -0.0638427734 -0.998046875 -0.00738525391
vn -0.126953125 -0.991699219 -0.00232696533
vn -0.036529541 -0.999511719 -0.00816345215
vn -0.0716552734 -0.997558594 -0.00160980225
vn -0.0135345459 -1 -0.0082244873
vn -0.0208435059 -1 -0.00201034546
vn 0.00873565674 -1 -0.00743865967
vn 0.0206451416 -1 -0.003490448
vn 0.023147583 -0.999511719 -0.00788116455
vn 0.0673217773 -0.997558594 -0.00394821167
vn 0.0265808105 -0.999511719 -0.00885772705
vn 0.120788574 -0.992675781 -0.00353622437
vn 0.0261993408 -0.999511719 -0.0102920532
vn 0.170532227 -0.985351562 -0.00441360474
vn 0.0275115967 -0.999511719 -0.0107421875
vn 0.213134766 -0.977050781 -0.0034236908
vn 0.0285491943 -0.999511719 -0.0105361938
vn 0.254394531 -0.967285156 -0.00137805939
vn 0.0291900635 -0.999511719 -0.00926208496
vn 0.288818359 -0.957519531 0.00222587585
vn 0.0340881348 -0.999511719 -0.00643157959
vn 0.322753906 -0.946289062 0.00482559204
vn 0.0392150879 -0.999023438 -0.00489425659
vn 0.375244141 -0.926757812 0.00318336487
vn 0.0342102051 -0.999511719 -0.00797271729
vn 0.491210938 -0.870605469 -0.0199737549
vn -0.0469665527 -0.998535156 -0.027130127
vn 0.600585938 -0.798828125 -0.0370788574
vn -0.230957031 -0.971679688 -0.0458068848
vn -0.322265625 -0.9453125 -0.047088623
vn -0.538574219 -0.841796875 -0.0274047852
vn -0.679199219 -0.727539062 -0.0999755859
vn 0.568359375 -0.822265625 0.0252990723
vn -0.275146484 -0.960449219 0.0466918945
vn -0.010887146 -0.998046875 0.0603027344
vn -0.276367188 -0.931152344 0.23840332
vn -0.569335938 -0.821777344 -0.0153121948
vn 0.0335693359 0.998046875 -0.0489196777
vn -0.000203371048 0.999023438 -0.0454101562
vn -0.822265625 0.568847656 -0.0201416016
vn -0.872558594 0.48828125 -0.0127868652
vn -0.605957031 -0.795410156 0.00588989258
vn 0.373535156 -0.927734375 0.00146102905
vn 0.390869141 -0.920410156 0.000599861145
vn -0.642578125 -0.766113281 0.00803375244
vn 0.348388672 -0.9375 0.00293159485
vn -0.683105469 -0.729980469 0.0103988647
vn 0.313964844 -0.94921875 0.00552749634
vn -0.683105469 -0.729980469 0.0103988647
vn -0.731445312 -0.681640625 0.0129013062
vn 0.313964844 -0.94921875 0.00552749634
vn 0.271972656 -0.962402344 0.00955963135
vn -0.777832031 -0.627929688 0.015083313
vn 0.23059082 -0.973144531 0.0132904053
vn -0.820800781 -0.570800781 0.0165863037
vn 0.194702148 -0.980957031 0.0158843994
vn -0.853027344 -0.521484375 0.0172729492
vn 0.174194336 -0.984375 0.0225524902
vn -0.879882812 -0.474365234 0.0180969238
vn 0.168334961 -0.985351562 0.0299224854
vn -0.897460938 -0.440673828 0.0198669434
vn 0.176025391 -0.983886719 0.038269043
vn -0.918457031 -0.395263672 0.0225219727
vn 0.166259766 -0.985839844 0.0277404785
vn -0.940917969 -0.338378906 0.0215759277
vn 0.128173828 -0.990722656 0.0445556641
vn -0.999023438 0.04296875 0.00333976746
vn -0.866699219 -0.498291016 -0.00912475586
vn -0.839355469 -0.543457031 -0.0108184814
vn 0.0340881348 -0.999511719 -0.00643157959
vn 0.0291900635 -0.999511719 -0.00926208496
vn 0.0392150879 -0.999023438 -0.00489425659
vn -0.814453125 -0.580566406 -0.0120544434
vn -0.893554688 -0.44921875 -0.00758361816
vn 0.0285491943 -0.999511719 -0.0105361938
vn 0.0342102051 -0.999511719 -0.00797271729
vn -0.921386719 -0.388916016 -0.00565338135
vn -0.0469665527 -0.998535156 -0.027130127
vn -0.790039062 -0.612792969 -0.0131835938
vn 0.0275115967 -0.999511719 -0.0107421875
vn -0.767089844 -0.641113281 -0.0132293701
vn 0.0261993408 -0.999511719 -0.0102920532
vn -0.75 -0.661132812 -0.0126495361
vn 0.0265808105 -0.999511719 -0.00885772705
vn -0.73828125 -0.674316406 -0.0126647949
vn 0.023147583 -0.999511719 -0.00788116455
vn -0.728027344 -0.685546875 -0.0130996704
vn 0.00873565674 -1 -0.00743865967
vn -0.718261719 -0.6953125 -0.0134124756
vn -0.0135345459 -1 -0.0082244873
vn -0.7109375 -0.703125 -0.0131378174
vn -0.036529541 -0.999511719 -0.00816345215
vn -0.706542969 -0.707519531 -0.0129089355
vn -0.0638427734 -0.998046875 -0.00738525391
vn -0.704101562 -0.709960938 -0.013053894
vn -0.0973510742 -0.995117188 -0.00760269165
vn -0.702148438 -0.711914062 -0.013130188
vn -0.134155273 -0.990722656 -0.00794219971
vn -0.700683594 -0.713378906 -0.0131072998
vn -0.171875 -0.984863281 -0.00821685791
vn -0.791503906 0.610351562 0.0310821533
vn -0.712402344 0.701171875 0.0199127197
vn -0.774902344 0.631835938 0.0142822266
vn -0.849609375 0.526855469 -0.0235900879
vn -0.69921875 0.713867188 -0.0372924805
vn -0.950195312 0.311035156 0.0177612305
vn -0.391845703 0.919921875 0.00452041626
vn -0.428466797 0.903320312 0.0102615356
vn -0.595703125 0.803222656 -0.00440979004
vn -0.270019531 0.962890625 0.0171661377
vn -0.285400391 0.958496094 0.0160217285
vn -0.206665039 0.978515625 0.00197410583
vn -0.700195312 0.712402344 0.0492858887
vn -0.703613281 0.708007812 -0.0608520508
vn -0.869628906 0.490234375 0.0561218262
vn -0.841796875 0.534667969 0.0759887695
vn -0.812011719 0.578613281 0.0731811523
vn -0.790527344 0.609863281 -0.0583496094
vn -0.84375 0.536132812 -0.0328063965
vn -0.936523438 -0.349365234 0.0344543457
vn -0.876953125 -0.478515625 0.0479736328
vn -0.708984375 -0.701660156 0.0731811523
vn -0.435546875 -0.897460938 0.0701293945
vn -0.771972656 -0.633789062 0.0502929688
vn -0.420410156 -0.902832031 0.0909423828
vn -0.811035156 -0.575195312 0.106445312
vn -0.711425781 -0.687011719 0.147216797
vn -0.9765625 0.216186523 -0.00448608398
vn -0.929199219 0.367431641 -0.0440368652
vn -0.801269531 0.595703125 -0.053894043
vn -0.925292969 0.379638672 0.00551223755
vn -0.982421875 0.181152344 -0.0466308594
vn -0.979003906 0.20324707 -0.0155258179
vn -0.84375 0.536132812 -0.0328063965
vn -0.948730469 0.294921875 -0.112976074
vn -0.842285156 0.526855469 -0.111999512
vn -0.932617188 0.360595703 -0.00193881989
vn -0.990722656 0.0680541992 -0.117126465
vn -0.987792969 0.0885009766 -0.127563477
vn -0.96875 0.230957031 -0.0877685547
vn -0.989746094 0.106445312 -0.0941772461
vn 0.0925292969 0.995605469 -0.0261688232
vn -0.662109375 0.739257812 -0.121582031
vn -0.903320312 0.421142578 0.0829467773
vn -0.982421875 0.184448242 0.0274963379
vn -0.961914062 0.272705078 -0.006980896
vn -0.587890625 0.801757812 0.105957031
vn -0.903320312 0.421142578 0.0829467773
vn -0.995605469 0.00293159485 0.0932006836
vn -0.998535156 0.016418457 0.055267334
vn -0.950195312 0.311035156 0.0177612305
vn -0.960449219 0.275878906 0.0368347168
vn -0.979980469 0.189697266 0.0642700195
vn -0.958984375 0.278808594 0.0517578125
vn -0.962402344 0.261230469 -0.0774536133
vn -0.944335938 0.307861328 -0.117736816
vn -0.921386719 0.383056641 -0.0682983398
vn -0.938476562 0.338378906 -0.0674438477
vn -0.895996094 0.442626953 -0.034942627
vn -0.268310547 0.962890625 -0.0347595215
vn -0.284423828 0.958007812 -0.0307159424
vn -0.892578125 0.450195312 -0.0293426514
vn -0.997558594 0.0602111816 -0.0315856934
vn -0.307373047 0.951171875 -0.0180511475
vn -0.996582031 0.0756225586 -0.026184082
vn -0.982421875 -0.182495117 -0.0344848633
vn -0.897949219 0.440185547 -0.0137786865
vn -0.331298828 0.943359375 0.000875473022
vn -0.986816406 -0.158081055 -0.0291442871
vn -0.907714844 -0.417724609 -0.0402832031
vn -0.996582031 0.0838623047 -0.0115203857
vn -0.904785156 0.425292969 0.00743484497
vn -0.355224609 0.934570312 0.0192260742
vn -0.921875 -0.385986328 -0.0355224609
vn -0.756835938 -0.65234375 -0.0426635742
vn -0.991210938 -0.133178711 -0.015007019
vn -0.996582031 0.0836181641 0.00862884521
vn -0.9140625 0.404296875 0.0269470215
vn -0.377929688 0.925292969 0.0305633545
vn -0.775390625 -0.629882812 -0.039642334
vn -0.544921875 -0.837890625 -0.0316772461
vn -0.938476562 -0.344970703 -0.0232849121
vn -0.993164062 -0.117858887 0.00497055054
vn -0.997070312 0.0741577148 0.0271453857
vn -0.924316406 0.380126953 0.0378417969
vn -0.399169922 0.916503906 0.0332641602
vn -0.538574219 -0.841796875 -0.0308837891
vn -0.401123047 -0.916015625 -0.00975799561
vn -0.801757812 -0.596679688 -0.0326538086
vn -0.950195312 -0.312011719 -0.00534439087
vn -0.993164062 -0.112854004 0.0238647461
vn -0.997558594 0.0588684082 0.0370788574
vn -0.93359375 0.356445312 0.0389709473
vn -0.418212891 0.907714844 0.0300598145
vn -0.35546875 -0.934570312 -0.0101928711
vn -0.497314453 -0.867675781 -0.000577449799
vn -0.524414062 -0.851074219 -0.0325012207
vn -0.826171875 -0.562988281 -0.0227966309
vn -0.957519531 -0.288330078 0.0127563477
vn -0.992675781 -0.114318848 0.0341491699
vn -0.998535156 0.0426635742 0.0375366211
vn -0.94140625 0.335449219 0.0339660645
vn -0.434814453 0.900390625 0.024520874
vn -0.947753906 0.318115234 0.0269317627
vn -0.448974609 0.893554688 0.0190582275
vn -0.999023438 0.0281524658 0.0323791504
vn -0.992675781 -0.117370605 0.0349121094
vn -0.962402344 -0.270507812 0.0234832764
vn -0.84765625 -0.530273438 -0.0111923218
vn -0.952636719 0.303466797 0.020401001
vn -0.451171875 0.890625 0.0602416992
vn -0.999511719 0.0157470703 0.0257415771
vn -0.9921875 -0.119506836 0.0303039551
vn -0.966796875 -0.254638672 0.0253753662
vn -0.952636719 0.302246094 0.029586792
vn -0.472412109 0.879394531 0.0567321777
vn -1 0.0046081543 0.0198516846
vn -0.9921875 -0.120483398 0.0244293213
vn -0.956054688 0.291503906 0.0246582031
vn -0.472900391 0.880859375 0.00500106812
vn -1 -0.00514984131 0.016204834
vn -0.95703125 0.289794922 0.00849914551
vn -0.484619141 0.875 0.00144004822
vn -0.8671875 -0.498046875 -0.00263214111
vn -0.971191406 -0.23815918 0.0221862793
vn -0.992675781 -0.12097168 0.0194091797
vn -0.999511719 -0.0201873779 0.0138092041
vn -0.962402344 0.270751953 0.00764465332
vn -0.498535156 0.866699219 0.000725269318
vn -0.885742188 -0.464355469 0.00075674057
vn -0.975097656 -0.220825195 0.0177001953
vn -0.9921875 -0.122680664 0.0156173706
vn -0.999023438 -0.0424804688 0.0144271851
vn -0.969726562 0.243896484 0.00842285156
vn -0.515625 0.856933594 0.000725269318
vn -0.903320312 -0.428710938 0.000573635101
vn -0.979003906 -0.20324707 0.0138549805
vn -0.991210938 -0.130981445 0.0166931152
vn -0.996582031 -0.0795898438 0.0174713135
vn -0.977539062 0.209838867 0.00952911377
vn -0.537597656 0.843261719 0.00204086304
vn -0.919921875 -0.392089844 -0.000913143158
vn -0.982421875 -0.185546875 0.0114440918
vn -0.987792969 -0.153930664 0.0258483887
vn -0.9921875 -0.124938965 0.0193634033
vn -0.985351562 0.170166016 0.0107650757
vn -0.566894531 0.823730469 0.00419235229
vn -0.934570312 -0.35546875 -0.00232887268
vn -0.985839844 -0.166503906 0.0146331787
vn -0.981445312 -0.188720703 0.0317993164
vn -0.984863281 -0.172363281 0.0207824707
vn -0.991699219 0.126220703 0.01171875
vn -0.60546875 0.795898438 0.00644302368
vn -0.947265625 -0.320068359 -0.00311279297
vn -0.989257812 -0.144775391 0.0269470215
vn -0.974609375 -0.221923828 0.0314941406
vn -0.975097656 -0.219970703 0.0213165283
vn -0.996582031 0.0842895508 0.0129623413
vn -0.646484375 0.762695312 0.00888824463
vn -0.959472656 -0.28125 -0.00111961365
vn -0.991699219 -0.124816895 0.0339355469
vn -0.968261719 -0.248901367 0.0314941406
vn -0.963867188 -0.264892578 0.0204925537
vn -0.999023438 0.0380249023 0.0133056641
vn -0.693847656 0.720214844 0.0116653442
vn -0.973144531 -0.229614258 0.00770950317
vn -0.993652344 -0.106323242 0.0314025879
vn -0.961914062 -0.271972656 0.0309448242
vn -0.950683594 -0.309814453 0.0201263428
vn -1 -0.00337028503 0.0128631592
vn -0.739746094 0.672851562 0.0140914917
vn -0.986328125 -0.165161133 0.0153579712
vn -0.995605469 -0.0872802734 0.0297698975
vn -0.956054688 -0.292236328 0.0290374756
vn -0.936523438 -0.350585938 0.0182495117
vn -0.999023438 -0.0467834473 0.0126800537
vn -0.783203125 0.621582031 0.01537323
vn -0.994140625 -0.10723877 0.0159454346
vn -0.997070312 -0.0680541992 0.028717041
vn -0.950195312 -0.311035156 0.0277557373
vn -0.919433594 -0.392333984 0.0157012939
vn -0.99609375 -0.0855102539 0.0132064819
vn -0.819335938 0.573242188 0.0112457275
vn -0.998046875 -0.0608825684 0.0156707764
vn -0.998535156 -0.0513916016 0.0276031494
vn -0.943847656 -0.328857422 0.0256652832
vn -0.90234375 -0.431152344 0.0138168335
vn -0.989746094 -0.141723633 0.0152130127
vn -0.852539062 0.522460938 -0.00131607056
vn -0.999511719 -0.0205993652 0.0158843994
vn -0.999023438 -0.0356445312 0.0261077881
vn -0.937988281 -0.345947266 0.0231018066
vn -0.881347656 -0.471923828 0.0150299072
vn -0.977050781 -0.2109375 0.0213623047
vn -0.874023438 0.485595703 -0.0132522583
vn -0.999511719 0.0157623291 0.01612854
vn -0.999511719 -0.0220336914 0.0257873535
vn -0.931640625 -0.362548828 0.0208587646
vn -0.859863281 -0.509765625 0.0208740234
vn -0.943847656 -0.327880859 0.0422058105
vn -0.889160156 0.45703125 0.0149459839
vn -0.998535156 0.0494689941 0.0145721436
vn -0.999511719 -0.00881195068 0.0228271484
vn -0.926757812 -0.375 0.0210876465
vn -0.837890625 -0.544433594 0.0356750488
vn -0.881347656 -0.471435547 0.0314331055
vn -0.928710938 0.370605469 0.020401001
vn -0.996582031 0.0835571289 0.0161590576
vn -0.999511719 0.0140380859 0.0182495117
vn -0.925292969 -0.378173828 0.0254974365
vn -0.814453125 -0.577148438 0.0627441406
vn -0.733886719 -0.678222656 0.0383605957
vn -0.966308594 0.256835938 0.00451278687
vn -0.754394531 -0.654296875 0.0559387207
vn -0.8125 -0.582519531 0.0194244385
vn -0.998046875 0.0438842773 0.0412902832
vn -0.0540771484 0.997558594 -0.0458679199
vn -0.932617188 -0.357421875 0.0449829102
vn -0.767089844 0.62109375 0.160766602
vn -0.932128906 -0.360839844 0.0332641602
vn -0.948730469 -0.312744141 0.0445861816
vn -0.976074219 -0.206298828 0.0657348633
vn -0.900390625 0.378173828 0.215820312
vn -0.0582885742 0.986328125 0.153320312
vn -0.952636719 -0.298095703 0.0595703125
vn -0.966308594 -0.254150391 0.0410461426
vn -0.671386719 -0.739746094 0.0402832031
vn -0.978027344 -0.206054688 0.0275726318
vn -0.641601562 -0.767089844 0.0155410767
vn -0.760742188 -0.648925781 -0.0146942139
vn -0.944335938 -0.325439453 0.0498046875
vn -0.982421875 -0.187133789 0.0157775879
vn -0.970214844 -0.242797852 0.0144882202
vn -0.927246094 -0.373779297 0.0155563354
vn -0.981445312 -0.191894531 -0.0146179199
vn -0.981445312 -0.188232422 -0.0410766602
vn -1 0.000289440155 -0.0167541504
vn -0.921386719 -0.387695312 -0.0263977051
vn -0.981445312 0.19140625 -0.0123901367
vn -0.995117188 0.0944824219 0.0215454102
vn -0.96875 0.244262695 -0.0414733887
vn -0.965820312 0.258789062 -0.0263671875
vn -0.977050781 0.213256836 0.00611495972
vn -0.973144531 0.227294922 0.0344543457
vn -0.991210938 0.130493164 0.0271759033
vn -0.922851562 0.3828125 -0.0429382324
vn -0.893066406 0.447021484 -0.0526428223
vn -0.995605469 -0.000196218491 0.092956543
vn -0.998535156 -0.0155181885 0.0552062988
vn -0.996582031 0.058380127 0.0596618652
vn -0.914550781 -0.394775391 0.0895385742
vn -0.984863281 -0.170410156 0.0273284912
vn -0.609375 -0.782226562 0.12878418
vn -0.227783203 -0.959472656 0.164672852
vn -0.9921875 0.12487793 -0.0179443359
vn -0.439941406 -0.889160156 0.125732422
vn -0.685546875 -0.717773438 -0.122680664
vn -0.966796875 -0.254882812 -0.00772857666
vn 0.0686035156 -0.997558594 -0.0041847229
vn -0.756835938 -0.641601562 -0.124328613
vn -0.564453125 -0.821777344 0.0759277344
vn -0.995605469 0.0928344727 -0.00392532349
vn -0.551757812 -0.829589844 0.0828857422
vn -0.909667969 0.415039062 -0.0135345459
vn -0.999023438 0.0426940918 -0.00497436523
vn -0.583496094 -0.810546875 0.0531921387
vn -0.933105469 0.358642578 -0.0211486816
vn -1 0.0173034668 -0.00390434265
vn -0.590332031 -0.807128906 0.0265197754
vn -0.979003906 0.203857422 0.00102615356
vn -1 -0.0118942261 -0.00199890137
vn -0.567871094 -0.822753906 0.0155563354
vn -0.950195312 0.311767578 -0.0148239136
vn -0.985839844 0.166748047 0.00563430786
vn -0.999511719 -0.0315246582 -0.000678062439
vn -0.529785156 -0.848144531 0.00885009766
vn -0.962890625 0.270263672 -0.00293731689
vn -0.991699219 0.126953125 0.0132980347
vn -0.998046875 -0.0626831055 -0.000260591507
vn -0.4609375 -0.887695312 0.00241088867
vn -0.973632812 0.228027344 0.00481033325
vn -0.996582031 0.082824707 0.0185089111
vn -0.996582031 -0.0842895508 -0.000528335571
vn -0.399658203 -0.916503906 -0.003282547
vn -0.982421875 0.187255859 0.00584411621
vn -0.998535156 0.0469665527 0.0184020996
vn -0.988769531 0.150390625 0.00506973267
vn -0.992675781 -0.121826172 0.000995635986
vn -0.344238281 -0.938964844 -0.00868988037
vn -0.993164062 0.116394043 0.0117874146
vn -0.987304688 -0.158081055 0.00197410583
vn -0.296386719 -0.955078125 -0.0164337158
vn -0.977539062 -0.21081543 0.00135612488
vn -0.231445312 -0.97265625 -0.0238189697
vn -0.962890625 -0.269775391 -0.000119388103
vn -0.161621094 -0.986328125 -0.027923584
vn -0.943847656 -0.330810547 -0.00267982483
vn -0.0999145508 -0.994628906 -0.0337524414
vn -0.914550781 -0.404541016 -0.00608444214
vn -0.0434570312 -0.998046875 -0.042175293
vn -0.873046875 -0.487792969 -0.0124511719
vn -0.000305891037 -0.998535156 -0.049987793
vn -0.822753906 -0.568359375 -0.0199584961
vn 0.0335388184 -0.998046875 -0.055480957
vn -0.771972656 -0.634765625 -0.028503418
vn 0.0550231934 -0.996582031 -0.0596313477
vn -0.729492188 -0.683105469 -0.0349731445
vn 0.0642089844 -0.99609375 -0.0638427734
vn -0.690429688 -0.72265625 -0.0380554199
vn 0.0633544922 -0.995605469 -0.0693969727
vn -0.651367188 -0.757324219 -0.0411987305
vn 0.0501098633 -0.995605469 -0.0761108398
vn -0.615234375 -0.787109375 -0.0445861816
vn 0.0239105225 -0.99609375 -0.0830078125
vn -0.582519531 -0.811523438 -0.048034668
vn -0.0141906738 -0.99609375 -0.0871582031
vn -0.556152344 -0.829589844 -0.0508117676
vn -0.0625610352 -0.994628906 -0.083190918
vn -0.537109375 -0.841796875 -0.0513305664
vn -0.120239258 -0.990722656 -0.0663452148
vn -0.525390625 -0.849609375 -0.0476074219
vn -0.18762207 -0.981445312 -0.0403442383
vn -0.520507812 -0.853027344 -0.0399475098
vn -0.266113281 -0.963867188 -0.0182342529
vn -0.370117188 -0.929199219 -0.00740814209
vn -0.281005859 -0.959472656 -0.0276947021
vn -0.454101562 -0.891113281 -0.000437021255
vn -0.780273438 -0.625 -0.0211486816
vn -0.765136719 -0.643554688 -0.0174255371
vn -0.963378906 -0.263427734 -0.0518798828
vn -0.745605469 -0.666015625 -0.0129013062
vn -0.961425781 -0.270751953 -0.044708252
vn -0.99609375 0.0458679199 -0.0737304688
vn -0.718261719 -0.695800781 -0.0114974976
vn -0.191162109 -0.979980469 -0.0529785156
vn -0.997070312 0.0415344238 -0.064453125
vn -0.919433594 0.383544922 -0.0887451172
vn -0.962890625 -0.268066406 -0.0266113281
vn -0.685058594 -0.728027344 -0.0144958496
vn -0.099609375 -0.992675781 -0.0707397461
vn -0.922363281 0.378417969 -0.078125
vn -0.665039062 0.740722656 -0.0922851562
vn -0.998046875 0.0449523926 -0.0373535156
vn -0.962890625 -0.270507812 -0.00117588043
vn -0.646972656 -0.762207031 -0.0205535889
vn -0.00434494019 -0.997070312 -0.0765991211
vn -0.662597656 0.744140625 -0.0820922852
vn -0.533691406 0.840820312 -0.0925292969
vn -0.923339844 0.381103516 -0.044708252
vn -0.999023438 0.0455932617 0.00266647339
vn -0.960449219 -0.277099609 0.0206298828
vn -0.602050781 -0.797851562 -0.0271606445
vn 0.0938110352 -0.992675781 -0.0739135742
vn -0.549316406 -0.834960938 -0.0324401855
vn -0.521484375 0.849121094 -0.0825805664
vn -0.751464844 0.65234375 -0.0982055664
vn -0.650390625 0.758300781 -0.0475769043
vn -0.922851562 0.385498047 0.00568389893
vn -0.998046875 0.0449829102 0.0377197266
vn -0.958007812 -0.286132812 0.0288238525
vn -0.954589844 -0.296386719 0.0246734619
vn -0.749511719 0.65625 -0.0876464844
vn -0.920410156 0.381591797 -0.0875244141
vn -0.497558594 0.866210938 -0.0497436523
vn -0.632324219 0.774902344 0.00546264648
vn -0.918457031 0.392822266 0.0497436523
vn -0.997558594 0.0446472168 0.0521850586
vn -0.951171875 -0.307861328 0.0153961182
vn -0.489013672 -0.871582031 -0.0358276367
vn -0.925292969 0.37109375 -0.076965332
vn -0.952636719 0.293945312 -0.0759887695
vn -0.747558594 0.662109375 -0.053894043
vn -0.469726562 0.8828125 2.78949738E-05
vn -0.606933594 0.79296875 0.0514221191
vn -0.912109375 0.404052734 0.0681762695
vn -0.998046875 0.0451965332 0.0479736328
vn -0.947265625 -0.320556641 0.00609970093
vn -0.422119141 -0.905761719 -0.0376281738
vn -0.998046875 0.046295166 0.0358581543
vn -0.90625 0.418212891 0.0635986328
vn -0.576171875 0.814453125 0.0701293945
vn -0.435302734 0.899414062 0.04296875
vn -0.942382812 -0.334228516 -0.00136089325
vn -0.350341797 -0.936035156 -0.0382385254
vn -0.998535156 0.0476379395 0.0234069824
vn -0.899414062 0.433837891 0.0492553711
vn -0.541992188 0.837890625 0.0650024414
vn -0.937011719 -0.348876953 -0.00688171387
vn -0.276611328 -0.959960938 -0.0381469727
vn -0.998535156 0.049041748 0.0134811401
vn -0.892089844 0.450683594 0.0344238281
vn -0.931152344 -0.364501953 -0.0107498169
vn -0.203125 -0.978515625 -0.0375366211
vn -0.998535156 0.0504150391 0.00635528564
vn -0.924316406 -0.380859375 -0.013458252
vn -0.135375977 -0.990234375 -0.0347595215
vn -0.397216797 0.915527344 0.0605773926
vn -0.505371094 0.861328125 0.0498962402
vn -0.8828125 0.46875 0.0226135254
vn -0.998535156 0.0521240234 0.0014333725
vn -0.916992188 -0.398925781 -0.0151519775
vn -0.0774536133 -0.996582031 -0.0320129395
vn -0.358886719 0.931640625 0.0556640625
vn -0.465576172 0.884277344 0.0346679688
vn -0.873046875 0.487304688 0.0141830444
vn -0.998535156 0.052734375 -0.0020198822
vn -0.862304688 0.506347656 0.00858306885
vn -0.848632812 0.528808594 0.00470733643
vn -0.423095703 0.905761719 0.0228424072
vn -0.378417969 0.92578125 0.0148162842
vn -0.248657227 0.968261719 0.0156555176
vn -0.28515625 0.958007812 0.02684021
vn -0.321533203 0.945800781 0.0413513184
vn -0.711425781 0.700683594 0.0577392578
vn -0.998535156 0.0550231934 -0.00430679321
vn -0.835449219 0.549316406 0.00181293488
vn -0.998535156 0.0562744141 -0.00581359863
vn -0.8203125 0.571777344 -0.000231862068
vn -0.908691406 -0.417236328 -0.0162200928
vn -0.0265197754 -0.999023438 -0.0296630859
vn -0.899902344 -0.436279297 -0.0167541504
vn 0.020980835 -0.999511719 -0.0272064209
vn -0.998046875 0.0594787598 -0.00685882568
vn -0.802734375 0.596191406 -0.00151443481
vn -0.890625 -0.453857422 -0.0166931152
vn 0.0693359375 -0.997070312 -0.0249481201
vn -0.998046875 0.0604858398 -0.00801086426
vn -0.779296875 0.626953125 -0.00272369385
vn -0.880371094 -0.473876953 -0.0165863037
vn 0.110595703 -0.993652344 -0.0175933838
vn -0.997558594 0.0663452148 -0.00882720947
vn -0.762695312 0.646484375 -0.00445556641
vn -0.872070312 -0.489501953 -0.0151062012
vn 0.133666992 -0.990722656 -0.0121078491
vn -0.997558594 0.0697021484 -0.00904083252
vn -0.743164062 0.668945312 -0.00600814819
vn -0.866210938 -0.499755859 -0.013923645
vn 0.147949219 -0.988769531 -0.00926208496
vn -0.997070312 0.0761108398 -0.00951385498
vn -0.71875 0.6953125 -0.00638580322
vn -0.864257812 -0.502929688 -0.0129318237
vn 0.159790039 -0.987304688 -0.00396728516
vn -0.997070312 0.0776367188 -0.0107192993
vn -0.686523438 0.727050781 -0.00735855103
vn -0.861328125 -0.5078125 -0.0109558105
vn 0.1640625 -0.986328125 0.00514221191
vn -0.99609375 0.0858764648 -0.0114593506
vn -0.66796875 0.744140625 -0.00922393799
vn -0.868164062 -0.496582031 -0.00759506226
vn 0.146118164 -0.989257812 0.0158081055
vn -0.995605469 0.0905761719 -0.0121917725
vn -0.651855469 0.758300781 -0.00975799561
vn -0.881835938 -0.471191406 -0.00536727905
vn 0.111022949 -0.993164062 0.0316467285
vn -0.995117188 0.0964355469 -0.0136642456
vn -0.643554688 0.765625 -0.00980377197
vn -0.905761719 -0.424316406 -0.000504016876
vn 0.061126709 -0.995605469 0.0690917969
vn -0.995117188 0.0966186523 -0.0151596069
vn -0.645996094 0.763671875 -0.0104217529
vn -0.931640625 -0.362792969 0.00768280029
vn -0.00184726715 -0.995117188 0.100524902
vn -0.995117188 0.0947875977 -0.0187988281
vn -0.655273438 0.755371094 -0.019317627
vn -0.957519531 -0.288574219 0.00861358643
vn -0.139282227 -0.98046875 0.138916016
vn -0.99609375 0.083984375 -0.0232849121
vn -0.64453125 0.763671875 -0.0346679688
vn -0.976074219 -0.216552734 -0.000209450722
vn -0.997070312 0.0695800781 -0.0266418457
vn -0.538085938 0.840820312 -0.0596008301
vn -0.986328125 -0.156494141 -0.0470275879
vn -0.998535156 0.0229034424 -0.0460205078
vn -0.314697266 0.945800781 -0.0807495117
vn -0.986328125 -0.144287109 -0.0804443359
vn -0.943359375 -0.3125 -0.109558105
vn -0.991210938 -0.0607299805 -0.117370605
vn -0.639160156 0.759277344 -0.122558594
vn -0.971679688 -0.220581055 -0.0852661133
vn -0.98828125 -0.0743408203 -0.131591797
vn -0.902832031 0.407714844 -0.135375977
vn -0.967773438 -0.240234375 -0.0737915039
vn -0.990234375 -0.104431152 -0.0913696289
vn -0.989746094 -0.0880737305 -0.110656738
vn -0.963867188 0.241455078 -0.11126709
vn 0.0305633545 0.999511719 0.0141372681
vn 0.583007812 0.8125 -0.000128984451
vn -0.631835938 0.771484375 -0.0737304688
vn 0.584960938 0.811035156 -0.0104827881
vn -0.0223846436 0.999023438 -0.0338745117
vn -0.00580596924 0.999511719 -0.0303497314
vn 0.593261719 0.805175781 -0.0104598999
vn 0.498291016 0.866699219 -0.014251709
vn 0.00662231445 1 -0.0196380615
vn 0.482177734 0.875976562 -0.0147018433
vn -0.268310547 0.962890625 -0.0347595215
vn -0.284423828 0.958007812 -0.0307159424
vn 0.599121094 0.80078125 -0.00947570801
vn 0.0177764893 1 -0.00305938721
vn 0.47265625 0.881347656 -0.0121765137
vn -0.307373047 0.951171875 -0.0180511475
vn 0.60546875 0.795898438 -0.0064239502
vn 0.0265808105 0.999511719 0.0129394531
vn 0.463134766 0.886230469 -0.00618362427
vn -0.331298828 0.943359375 0.000875473022
vn 0.612304688 0.790527344 -0.00318908691
vn 0.0330505371 0.999023438 0.0224304199
vn 0.454345703 0.890625 0.000566959381
vn -0.355224609 0.934570312 0.0192260742
vn 0.618652344 0.785644531 -0.000965118408
vn 0.0382385254 0.999023438 0.0242614746
vn 0.447021484 0.89453125 0.00540924072
vn -0.377929688 0.925292969 0.0305633545
vn 0.624023438 0.78125 9.87052917E-05
vn 0.0429992676 0.999023438 0.0212554932
vn 0.440185547 0.897949219 0.00746536255
vn -0.399169922 0.916503906 0.0332641602
vn 0.627929688 0.778320312 0.000437021255
vn 0.047454834 0.998535156 0.0166625977
vn 0.433349609 0.901367188 0.00749588013
vn -0.418212891 0.907714844 0.0300598145
vn 0.630859375 0.775878906 0.000555992126
vn 0.0511779785 0.998535156 0.0123825073
vn 0.426025391 0.904785156 0.00662994385
vn -0.434814453 0.900390625 0.024520874
vn 0.6328125 0.774414062 0.000702857971
vn 0.0499267578 0.997558594 0.0501098633
vn 0.418457031 0.908203125 0.00565719604
vn -0.448974609 0.893554688 0.0190582275
vn 0.622070312 0.781738281 0.0370483398
vn 0.0409851074 0.998046875 0.0450134277
vn 0.398193359 0.916015625 0.0525512695
vn -0.451171875 0.890625 0.0602416992
vn 0.595703125 0.802734375 0.0365905762
vn 0.0334777832 0.999511719 5.8889389E-05
vn 0.381103516 0.922851562 0.0512084961
vn 0.583007812 0.8125 -0.00185871124
vn 0.0260467529 0.999511719 -0.00374221802
vn 0.364013672 0.931640625 -0.000280380249
vn 0.582519531 0.812988281 -0.00391769409
vn 0.0172424316 1 -0.00417327881
vn 0.359619141 0.933105469 -0.00312614441
vn 0.582519531 0.812988281 -0.00381088257
vn 0.00960540771 1 -0.00400924683
vn 0.355957031 0.934570312 -0.00362014771
vn 0.584472656 0.811523438 -0.00381469727
vn 0.00303649902 1 -0.00288200378
vn 0.352539062 0.936035156 -0.00405502319
vn 0.589355469 0.807617188 -0.00308036804
vn -0.00347709656 1 -0.000906467438
vn 0.348144531 0.9375 -0.00368118286
vn 0.598144531 0.801269531 -0.00172424316
vn -0.0110321045 1 0.000642776489
vn 0.338623047 0.940917969 -0.0020980835
vn 0.610839844 0.791992188 -0.000696659088
vn -0.018737793 1 0.00289344788
vn 0.322998047 0.946289062 -0.000992774963
vn 0.626464844 0.779296875 0.000601291656
vn -0.0267944336 0.999511719 0.00601196289
vn 0.302001953 0.953125 0.000620365143
vn 0.645996094 0.763183594 0.00247573853
vn -0.035949707 0.999511719 0.00910949707
vn 0.274414062 0.961425781 0.00342941284
vn 0.667480469 0.744628906 0.00496292114
vn -0.0491333008 0.998535156 0.0115127563
vn 0.240722656 0.970703125 0.0073928833
vn 0.687988281 0.725585938 0.00684738159
vn -0.064453125 0.998046875 0.00551986694
vn 0.20703125 0.978515625 0.0100708008
vn 0.709960938 0.704589844 0.00237083435
vn -0.0827636719 0.996582031 -0.0157928467
vn 0.176269531 0.984375 0.00349617004
vn 0.729003906 0.684570312 -0.0106048584
vn -0.117858887 0.9921875 -0.0420227051
vn 0.158691406 0.987304688 -0.0171051025
vn 0.742675781 0.668945312 -0.0250549316
vn -0.182495117 0.983398438 0.00680541992
vn 0.154541016 0.987304688 -0.0417785645
vn 0.747558594 0.6640625 0.0121459961
vn -0.217407227 0.976074219 0.00819396973
vn 0.162719727 0.986328125 0.0155944824
vn 0.743164062 0.668945312 0.00435638428
vn -0.258300781 0.964355469 -0.0538024902
vn 0.165527344 0.985839844 0.0161743164
vn 0.762695312 0.646484375 -0.0230712891
vn -0.251953125 0.959960938 -0.121826172
vn 0.127929688 0.990722656 -0.0405578613
vn 0.765625 0.641601562 -0.0472717285
vn -0.329833984 0.922851562 -0.198486328
vn -0.0540771484 0.997558594 -0.0458679199
vn 0.630371094 0.774414062 -0.0532531738
vn -0.687011719 0.679199219 -0.258300781
vn -0.767089844 0.62109375 0.160766602
vn -0.768066406 0.638671875 -0.0426635742
vn -0.983886719 0.175170898 -0.032409668
vn -0.985839844 0.166015625 -0.0272979736
vn -0.990722656 -0.13293457 -0.0199279785
vn -0.9921875 -0.123474121 -0.0237579346
vn -0.9296875 -0.367675781 -0.0149230957
vn -0.932128906 -0.361083984 -0.0175323486
vn -0.85546875 -0.517578125 -0.0119018555
vn -0.857421875 -0.514648438 -0.013633728
vn -0.816894531 -0.576660156 -0.0116882324
vn -0.819824219 -0.572753906 -0.0132827759
vn -0.815429688 -0.579101562 -0.0143432617
vn -0.819824219 -0.572753906 -0.0165557861
vn -0.819824219 -0.572265625 -0.0161743164
vn -0.825195312 -0.564453125 -0.0189819336
vn -0.813476562 -0.581542969 -0.00872802734
vn -0.809570312 -0.587402344 -0.0083694458
vn -0.814941406 -0.579101562 -0.00127696991
vn -0.813964844 -0.580566406 -0.00782012939
vn -0.811035156 -0.584960938 -0.00245666504
vn -0.823730469 -0.566894531 0.00127124786
vn -0.854492188 -0.519042969 -0.00827026367
vn -0.815429688 -0.579101562 -0.00423812866
vn -0.818359375 -0.574707031 -0.000506401062
vn -0.833007812 -0.553222656 -0.000575065613
vn -0.928710938 -0.371337891 -0.00938415527
vn -0.854003906 -0.520507812 -0.00473403931
vn -0.819335938 -0.573242188 -0.00297737122
vn -0.826171875 -0.563476562 -0.00208091736
vn -0.839355469 -0.543457031 -0.00293731689
vn -0.990722656 -0.137207031 -0.0110778809
vn -0.92578125 -0.377929688 -0.00321006775
vn -0.852539062 -0.522460938 -0.00248336792
vn -0.822265625 -0.569335938 -0.00379371643
vn -0.831542969 -0.555664062 -0.00402450562
vn -0.844238281 -0.535644531 -0.0028629303
vn -0.985839844 0.167114258 -0.014541626
vn -0.775878906 0.629882812 -0.0370483398
vn -0.770507812 0.63671875 -0.0209350586
vn -0.989257812 -0.146484375 -0.000172734261
vn -0.986816406 0.161132812 0.00248908997
vn -0.76953125 0.638671875 0.00215911865
vn -0.988769531 0.147583008 0.0179901123
vn -0.835449219 -0.549804688 -0.00406265259
vn -0.852050781 -0.523925781 -0.000528812408
vn -0.921386719 -0.388427734 0.00190353394
vn -0.986816406 -0.161132812 0.00942230225
vn -0.849609375 -0.527832031 -0.00196075439
vn -0.822753906 -0.568359375 -0.0050239563
vn -0.841796875 -0.540039062 -0.00263977051
vn -0.865234375 -0.500976562 0.00169467926
vn -0.915527344 -0.402099609 0.00444030762
vn -0.983886719 -0.178710938 0.0146331787
vn -0.844238281 -0.536132812 -0.00266265869
vn -0.822753906 -0.568359375 -0.00547790527
vn -0.853027344 -0.521484375 -0.00197982788
vn -0.888183594 -0.459716797 -0.00471878052
vn -0.908691406 -0.416992188 0.00427627563
vn -0.991210938 0.129638672 0.0265808105
vn -0.771972656 0.635253906 0.0239562988
vn -0.77734375 0.627929688 0.0364379883
vn -0.838867188 -0.544433594 -0.00376319885
vn -0.824707031 -0.565917969 -0.00566101074
vn -0.873535156 -0.486328125 -0.012298584
vn -0.91796875 -0.396484375 -0.0123672485
vn -0.98046875 -0.196777344 0.0149993896
vn -0.993652344 0.11126709 0.0274047852
vn -0.783203125 0.620605469 0.0381469727
vn -0.901855469 -0.431884766 0.00246047974
vn -0.834472656 -0.551269531 -0.00512695312
vn -0.829101562 -0.559082031 -0.00727081299
vn -0.901367188 -0.432373047 -0.0238494873
vn -0.944335938 -0.328857422 -0.0055847168
vn -0.995117188 0.0951538086 0.0233612061
vn -0.788085938 0.614746094 0.0330505371
vn -0.977050781 -0.213500977 0.0122756958
vn -0.895507812 -0.4453125 3.39746475E-05
vn -0.830078125 -0.557617188 -0.00751495361
vn -0.839355469 -0.54296875 -0.0247344971
vn -0.92578125 -0.377441406 -0.0156555176
vn -0.961914062 -0.274169922 0.00199890137
vn -0.996582031 0.0819091797 0.0176849365
vn -0.791992188 0.609863281 0.0256500244
vn -0.973632812 -0.228393555 0.00846862793
vn -0.888671875 -0.458740234 -0.00267601013
vn -0.826660156 -0.562011719 -0.0291137695
vn -0.854003906 -0.518554688 -0.0432128906
vn -0.943359375 -0.331298828 -0.00541687012
vn -0.973632812 -0.227539062 0.00282478333
vn -0.997558594 0.071105957 0.0123519897
vn -0.794921875 0.605957031 0.0186920166
vn -0.970214844 -0.24206543 0.00479507446
vn -0.881347656 -0.471923828 -0.0233917236
vn -0.821777344 -0.567382812 -0.049407959
vn -0.865722656 -0.499267578 -0.031463623
vn -0.956542969 -0.291259766 -0.00458145142
vn -0.982910156 -0.183227539 0.00363731384
vn -0.998046875 0.0585632324 0.0101852417
vn -0.798828125 0.600585938 0.0377807617
vn -0.966796875 -0.256103516 -0.00961303711
vn -0.873046875 -0.486083984 -0.0382385254
vn -0.810058594 -0.585449219 -0.0338134766
vn -0.875976562 -0.482421875 -0.016998291
vn -0.967773438 -0.251953125 -0.00374031067
vn -0.990234375 -0.140380859 0.00441741943
vn -0.997558594 0.0663452148 0.00762557983
vn -0.783203125 0.62109375 0.0333557129
vn -0.964355469 -0.263427734 -0.016204834
vn -0.854492188 -0.518554688 -0.0219573975
vn -0.793945312 -0.607421875 -0.0187988281
vn -0.884765625 -0.465332031 -0.0166015625
vn -0.977050781 -0.213378906 -0.0029964447
vn -0.995117188 -0.0985107422 0.0052986145
vn -0.998535156 0.0527648926 0.0016336441
vn -0.787597656 0.616210938 0.00266647339
vn -0.957519531 -0.288574219 -0.00659942627
vn -0.828613281 -0.559570312 -0.0111312866
vn -0.780273438 -0.625 -0.0194396973
vn -0.89453125 -0.446777344 -0.0159606934
vn -0.984375 -0.175170898 -0.00227546692
vn -0.998535156 -0.0565795898 0.00650024414
vn -0.999023438 0.0412902832 0.000244617462
vn -0.793457031 0.608398438 -0.00121498108
vn -0.947753906 -0.318603516 -0.00272941589
vn -0.802246094 -0.596679688 -0.0124588013
vn -0.768066406 -0.639648438 -0.0194854736
vn -0.904296875 -0.427001953 -0.0154876709
vn -0.990722656 -0.136474609 -0.00132465363
vn -1 -0.0135803223 0.00816345215
vn -0.999511719 0.0303192139 -0.00105476379
vn -0.80078125 0.599121094 -0.00245857239
vn -0.937988281 -0.346191406 -0.00406265259
vn -0.774414062 -0.6328125 -0.0132675171
vn -0.7578125 -0.65234375 -0.0196075439
vn -0.913574219 -0.406738281 -0.0152511597
vn -0.995117188 -0.0967407227 -4.85181808E-05
vn -0.999511719 0.031829834 0.0103683472
vn -1 0.0178222656 -0.00204467773
vn -0.80859375 0.587890625 -0.00288963318
vn -0.926269531 -0.376708984 -0.00514602661
vn -0.745117188 -0.666992188 -0.0139694214
vn -0.748535156 -0.663085938 -0.0199584961
vn -0.922363281 -0.385742188 -0.0148544312
vn -0.998535156 -0.0551452637 0.00161266327
vn -0.996582031 0.0811767578 0.0131378174
vn -1 0.00351333618 -0.00300979614
vn -0.816894531 0.576660156 -0.00277137756
vn -0.912597656 -0.408447266 -0.00630569458
vn -0.714355469 -0.699707031 -0.0147628784
vn -0.739746094 -0.672851562 -0.0200500488
vn -0.931640625 -0.363525391 -0.0144577026
vn -1 -0.010848999 0.00371742249
vn -0.990722656 0.136230469 0.0163574219
vn -1 -0.0114974976 -0.00386238098
vn -0.827636719 0.561523438 -0.00219917297
vn -0.897949219 -0.440185547 -0.00755310059
vn -0.68359375 -0.729492188 -0.0153579712
vn -0.730957031 -0.682128906 -0.0203094482
vn -0.940917969 -0.338378906 -0.0140609741
vn -0.999511719 0.0368652344 0.00625228882
vn -0.979492188 0.199707031 0.0180206299
vn -0.999511719 -0.0281677246 -0.0044593811
vn -0.839355469 0.543945312 -0.00161552429
vn -0.882324219 -0.470947266 -0.00868225098
vn -0.653320312 -0.756835938 -0.01612854
vn -0.723144531 -0.690429688 -0.021194458
vn -0.950683594 -0.309814453 -0.013343811
vn -0.99609375 0.0887451172 0.00811767578
vn -0.961425781 0.274414062 0.0137786865
vn -0.999023438 -0.0458679199 -0.00521087646
vn -0.853027344 0.521972656 -0.000926017761
vn -0.865722656 -0.5 -0.00987243652
vn -0.622070312 -0.782714844 -0.0174255371
vn -0.715820312 -0.697753906 -0.0219116211
vn -0.960449219 -0.277587891 -0.0119018555
vn -0.989257812 0.147094727 0.00650024414
vn -0.931152344 0.364990234 0.00493621826
vn -0.997558594 -0.0661010742 -0.00615310669
vn -0.868164062 0.496582031 3.51071358E-05
vn -0.849609375 -0.52734375 -0.0111999512
vn -0.588867188 -0.808105469 -0.0183868408
vn -0.708007812 -0.705566406 -0.0211791992
vn -0.970214844 -0.242553711 -0.0079574585
vn -0.976074219 0.216430664 0.00162506104
vn -0.883300781 0.46875 0.00904083252
vn -0.832519531 -0.553710938 -0.0124511719
vn -0.551269531 -0.834472656 -0.0174102783
vn -0.696289062 -0.717773438 -0.0128555298
vn -0.979003906 -0.204833984 -0.000960350037
vn -0.954101562 0.300048828 0.00477600098
vn -0.810058594 0.586425781 0.0184020996
vn -0.996582031 -0.0845336914 -0.0072517395
vn -0.817382812 -0.576171875 -0.0121917725
vn -0.5078125 -0.861328125 -0.00629806519
vn -0.671875 -0.740722656 0.0106964111
vn -0.986328125 -0.163696289 0.00546646118
vn -0.920898438 0.389892578 0.0114593506
vn -0.677734375 0.734863281 0.0202789307
vn -0.993652344 -0.112731934 0.00239562988
vn -0.62890625 -0.776367188 0.0415039062
vn -0.456787109 -0.889160156 0.0235443115
vn -0.563476562 -0.825683594 0.0294342041
vn -0.396240234 -0.916015625 0.0600280762
vn -0.997070312 -0.075378418 0.00126743317
vn -0.429199219 -0.903320312 0.0156021118
vn -0.860351562 0.509765625 0.0116348267
vn -0.412353516 0.911132812 0.00801849365
vn -0.998535156 -0.0491027832 0.00859069824
vn -0.309814453 -0.948730469 0.0639648438
vn -0.750488281 0.661132812 0.00624084473
vn -0.368652344 0.928222656 0.0463562012
vn -0.9921875 -0.110778809 0.0587158203
vn -0.602050781 -0.791503906 0.106750488
vn -0.7734375 0.628417969 0.0825195312
vn -0.979003906 -0.189453125 0.0751342773
vn -0.878417969 0.453857422 0.149291992
vn -0.614257812 0.778320312 0.129760742
vn -0.963867188 -0.259765625 0.0607910156
vn -0.895996094 -0.438964844 0.0650634766
vn -0.969726562 -0.243530273 -0.00498962402
vn -0.866699219 -0.498291016 -0.0199127197
vn -0.91015625 -0.411621094 -0.0464172363
vn -0.635253906 -0.771972656 0.0191802979
vn -0.942871094 -0.329833984 -0.0412597656
vn -0.935058594 -0.354248047 -0.00823974609
vn -0.221679688 -0.973632812 0.0531311035
vn -0.896972656 -0.441894531 -0.00732803345
vn -0.245361328 -0.969238281 0.0195159912
vn -0.844726562 -0.53515625 0.010017395
vn -0.316894531 -0.947753906 0.0374755859
vn -0.816894531 -0.576171875 0.0316772461
vn -0.8046875 -0.59375 0.0128173828
vn -0.805664062 -0.592285156 -0.00542449951
vn -0.994628906 -0.102478027 -0.0083694458
vn -0.993164062 -0.116027832 -0.00829315186
vn -0.991699219 -0.126586914 -0.00619125366
vn -0.990722656 -0.135253906 -0.00412368774
vn -0.989746094 -0.142333984 -0.0141372681
vn -0.884765625 0.466064453 0.00057220459
vn -0.90234375 0.430664062 0.000280857086
vn -0.0267944336 0.999511719 0.00601196289
vn -0.018737793 1 0.00289344788
vn -0.035949707 0.999511719 0.00910949707
vn -0.0491333008 0.998535156 0.0115127563
vn -0.921386719 0.388916016 -0.00348854065
vn -0.064453125 0.998046875 0.00551986694
vn -0.938476562 0.345458984 -0.0127029419
vn -0.0827636719 0.996582031 -0.0157928467
vn -0.954101562 0.298095703 -0.0228271484
vn -0.117858887 0.9921875 -0.0420227051
vn -0.970703125 0.239746094 -0.0123596191
vn -0.182495117 0.983398438 0.00680541992
vn -0.991210938 -0.131958008 -0.0217132568
vn -0.978027344 0.207641602 -0.0113372803
vn -0.217407227 0.976074219 0.00819396973
vn -0.987304688 -0.159179688 -0.0180969238
vn -0.986816406 0.16003418 -0.0296173096
vn -0.258300781 0.964355469 -0.0538024902
vn -0.980957031 -0.188354492 -0.0513000488
vn -0.923339844 -0.371337891 -0.0954589844
vn -0.997070312 0.0521240234 -0.0519104004
vn -0.251953125 0.959960938 -0.121826172
vn -0.984863281 -0.150146484 -0.0888061523
vn -0.983398438 -0.134277344 -0.122924805
vn -0.329833984 0.922851562 -0.198486328
vn -0.951660156 -0.287841797 -0.107543945
vn -0.989257812 -0.102111816 -0.102478027
vn -0.969238281 -0.185668945 -0.162353516
vn -0.687011719 0.679199219 -0.258300781
vn -0.768066406 0.638671875 -0.0426635742
vn -0.985839844 0.166015625 -0.0272979736
vn -0.775878906 0.629882812 -0.0370483398
vn -0.0223846436 0.999023438 -0.0338745117
vn -0.00580596924 0.999511719 -0.0303497314
vn -0.770507812 0.63671875 -0.0209350586
vn 0.00662231445 1 -0.0196380615
vn -0.76953125 0.638671875 0.00215911865
vn 0.0177764893 1 -0.00305938721
vn -0.771972656 0.635253906 0.0239562988
vn -0.988769531 0.147583008 0.0179901123
vn 0.0265808105 0.999511719 0.0129394531
vn -0.77734375 0.627929688 0.0364379883
vn 0.0330505371 0.999023438 0.0224304199
vn -0.783203125 0.620605469 0.0381469727
vn 0.0382385254 0.999023438 0.0242614746
vn -0.788085938 0.614746094 0.0330505371
vn 0.0429992676 0.999023438 0.0212554932
vn -0.791992188 0.609863281 0.0256500244
vn 0.047454834 0.998535156 0.0166625977
vn -0.794921875 0.605957031 0.0186920166
vn 0.0511779785 0.998535156 0.0123825073
vn -0.798828125 0.600585938 0.0377807617
vn 0.0499267578 0.997558594 0.0501098633
vn -0.783203125 0.62109375 0.0333557129
vn 0.0409851074 0.998046875 0.0450134277
vn -0.787597656 0.616210938 0.00266647339
vn 0.0334777832 0.999511719 5.8889389E-05
vn -0.793457031 0.608398438 -0.00121498108
vn 0.0260467529 0.999511719 -0.00374221802
vn -0.80078125 0.599121094 -0.00245857239
vn 0.0172424316 1 -0.00417327881
vn -0.80859375 0.587890625 -0.00288963318
vn 0.00960540771 1 -0.00400924683
vn -0.816894531 0.576660156 -0.00277137756
vn 0.00303649902 1 -0.00288200378
vn -0.827636719 0.561523438 -0.00219917297
vn -0.00347709656 1 -0.000906467438
vn -0.839355469 0.543945312 -0.00161552429
vn -0.0110321045 1 0.000642776489
vn -0.853027344 0.521972656 -0.000926017761
vn -0.018737793 1 0.00289344788
vn -0.868164062 0.496582031 3.51071358E-05
vn -0.281005859 -0.959472656 -0.0276947021
vn -0.120239258 -0.990722656 -0.0663452148
vn -0.191162109 -0.979980469 -0.0529785156
vn -0.0625610352 -0.994628906 -0.083190918
vn -0.099609375 -0.992675781 -0.0707397461
vn -0.0141906738 -0.99609375 -0.0871582031
vn -0.00434494019 -0.997070312 -0.0765991211
vn 0.0239105225 -0.99609375 -0.0830078125
vn 0.0938110352 -0.992675781 -0.0739135742
vn 0.0501098633 -0.995605469 -0.0761108398
vn 0.191650391 -0.979003906 -0.0673828125
vn 0.0633544922 -0.995605469 -0.0693969727
vn 0.285644531 -0.956542969 -0.0599975586
vn -0.489013672 -0.871582031 -0.0358276367
vn 0.0642089844 -0.99609375 -0.0638427734
vn -0.422119141 -0.905761719 -0.0376281738
vn 0.372802734 -0.926269531 -0.0530090332
vn 0.0550231934 -0.996582031 -0.0596313477
vn -0.350341797 -0.936035156 -0.0382385254
vn 0.451416016 -0.891113281 -0.046875
vn 0.0335388184 -0.998046875 -0.055480957
vn -0.276611328 -0.959960938 -0.0381469727
vn 0.518554688 -0.854003906 -0.041809082
vn -0.000305891037 -0.998535156 -0.049987793
vn -0.203125 -0.978515625 -0.0375366211
vn 0.575683594 -0.816894531 -0.0356750488
vn -0.0434570312 -0.998046875 -0.042175293
vn -0.135375977 -0.990234375 -0.0347595215
vn 0.62109375 -0.783203125 -0.0296173096
vn -0.0999145508 -0.994628906 -0.0337524414
vn -0.0774536133 -0.996582031 -0.0320129395
vn 0.65234375 -0.7578125 -0.0245819092
vn -0.161621094 -0.986328125 -0.027923584
vn -0.0265197754 -0.999023438 -0.0296630859
vn 0.666992188 -0.745117188 -0.0206451416
vn -0.231445312 -0.97265625 -0.0238189697
vn 0.020980835 -0.999511719 -0.0272064209
vn 0.666503906 -0.745605469 -0.0189056396
vn -0.296386719 -0.955078125 -0.0164337158
vn 0.0693359375 -0.997070312 -0.0249481201
vn 0.662109375 -0.749023438 -0.0118331909
vn -0.344238281 -0.938964844 -0.00868988037
vn 0.110595703 -0.993652344 -0.0175933838
vn 0.653320312 -0.757324219 -0.00377655029
vn -0.399658203 -0.916503906 -0.003282547
vn 0.133666992 -0.990722656 -0.0121078491
vn 0.626953125 -0.778808594 -0.00134086609
vn -0.4609375 -0.887695312 0.00241088867
vn 0.147949219 -0.988769531 -0.00926208496
vn 0.58984375 -0.807617188 0.00325012207
vn -0.529785156 -0.848144531 0.00885009766
vn 0.159790039 -0.987304688 -0.00396728516
vn 0.546386719 -0.837402344 0.0120773315
vn -0.567871094 -0.822753906 0.0155563354
vn 0.1640625 -0.986328125 0.00514221191
vn 0.520507812 -0.853515625 0.0225982666
vn -0.590332031 -0.807128906 0.0265197754
vn 0.146118164 -0.989257812 0.0158081055
vn 0.512695312 -0.857910156 0.0360107422
vn -0.583496094 -0.810546875 0.0531921387
vn 0.111022949 -0.993164062 0.0316467285
vn 0.534667969 -0.842285156 0.0669555664
vn -0.551757812 -0.829589844 0.0828857422
vn 0.061126709 -0.995605469 0.0690917969
vn 0.587890625 -0.803710938 0.092590332
vn -0.439941406 -0.889160156 0.125732422
vn -0.00184726715 -0.995117188 0.100524902
vn 0.674316406 -0.728027344 0.123168945
vn -0.227783203 -0.959472656 0.164672852
vn -0.139282227 -0.98046875 0.138916016
vn 0.641113281 -0.755371094 0.135986328
vn -0.564453125 -0.821777344 0.0759277344
vn -0.609375 -0.782226562 0.12878418
vn 0.0686035156 -0.997558594 -0.0041847229
vn -0.711425781 0.700683594 0.0577392578
vn -0.321533203 0.945800781 0.0413513184
vn -0.705566406 0.707519531 0.0432739258
vn -0.28515625 0.958007812 0.02684021
vn -0.702148438 0.711425781 0.0277862549
vn -0.248657227 0.968261719 0.0156555176
vn -0.701171875 0.712890625 0.0152435303
vn -0.21105957 0.977539062 0.00802612305
vn -0.700683594 0.713378906 0.00619888306
vn -0.378417969 0.92578125 0.0148162842
vn -0.329833984 0.943847656 0.00940704346
vn -0.862304688 0.506347656 0.00858306885
vn -0.873046875 0.487304688 0.0141830444
vn -0.848632812 0.528808594 0.00470733643
vn -0.172607422 0.984863281 0.00270080566
vn -0.279052734 0.960449219 0.00617980957
vn -0.835449219 0.549316406 0.00181293488
vn -0.228027344 0.973632812 0.00366020203
vn -0.8203125 0.571777344 -0.000231862068
vn -0.1796875 0.983886719 0.00198554993
vn -0.802734375 0.596191406 -0.00151443481
vn -0.127075195 0.991699219 0.000273704529
vn -0.779296875 0.626953125 -0.00272369385
vn -0.0717163086 0.997558594 0.000236868858
vn -0.762695312 0.646484375 -0.00445556641
vn -0.0208587646 1 -0.000688076019
vn -0.743164062 0.668945312 -0.00600814819
vn 0.0206451416 1 -0.00251960754
vn -0.71875 0.6953125 -0.00638580322
vn 0.0673217773 0.997558594 -0.00323104858
vn -0.686523438 0.727050781 -0.00735855103
vn 0.120788574 0.992675781 -0.00300216675
vn -0.66796875 0.744140625 -0.00922393799
vn 0.170532227 0.985351562 -0.00401306152
vn -0.651855469 0.758300781 -0.00975799561
vn 0.213134766 0.977050781 -0.00311851501
vn -0.643554688 0.765625 -0.00980377197
vn 0.254394531 0.967285156 -0.00114440918
vn -0.645996094 0.763671875 -0.0104217529
vn 0.289306641 0.95703125 0.00123405457
vn -0.655273438 0.755371094 -0.019317627
vn 0.324951172 0.945800781 -0.0071144104
vn -0.64453125 0.763671875 -0.0346679688
vn 0.3828125 0.923339844 -0.0245666504
vn -0.538085938 0.840820312 -0.0596008301
vn 0.511230469 0.857910156 -0.0525512695
vn -0.549316406 -0.834960938 -0.0324401855
vn 0.0938110352 -0.992675781 -0.0739135742
vn 0.191650391 -0.979003906 -0.0673828125
vn -0.489013672 -0.871582031 -0.0358276367
vn -0.951660156 0.306152344 0.0157928467
vn -0.701171875 0.712890625 0.0152435303
vn -0.700683594 0.713378906 0.00619888306
vn -0.947265625 0.319335938 0.0266571045
vn -0.702148438 0.711425781 0.0277862549
vn -0.943359375 0.328857422 0.0400390625
vn -0.705566406 0.707519531 0.0432739258
vn -0.940917969 0.333984375 0.0523376465
vn -0.995117188 0.0933837891 0.026550293
vn -0.991210938 0.128295898 0.0380554199
vn -0.986328125 0.157348633 0.0487670898
vn -0.998535156 0.0543518066 0.017364502
vn -0.95703125 0.290527344 0.00802612305
vn -0.940429688 0.335449219 0.0550842285
vn -0.982421875 0.179931641 0.0513000488
vn -0.720703125 0.690429688 0.0613098145
vn -0.732910156 0.679199219 0.0412902832
vn -0.940917969 0.336181641 0.0376281738
vn -0.742675781 0.669433594 -0.00340080261
vn -0.939941406 0.340820312 -0.00107955933
vn -0.934570312 0.352539062 -0.0455627441
vn -0.979492188 0.198486328 0.0364379883
vn -0.976074219 0.218139648 0.00293731689
vn -0.958984375 0.276611328 -0.0656738281
vn -0.989746094 0.127563477 -0.0637207031
vn -0.969238281 0.244018555 -0.0365600586
vn -0.9921875 0.11328125 -0.0540771484
vn -0.996582031 -0.0678100586 -0.0505371094
vn -0.995605469 0.0880737305 -0.0280456543
vn -0.996582031 -0.0724487305 -0.0420227051
vn -0.995117188 -0.083984375 -0.0479736328
vn -0.995605469 -0.0876464844 -0.0390625
vn -0.996582031 -0.081237793 -0.0198669434
vn -0.995605469 -0.0941772461 -0.0167541504
vn -0.998046875 0.0649414062 0.00614929199
vn -0.99609375 -0.0884399414 0.00841522217
vn -0.995117188 -0.0979614258 0.0107955933
vn -0.998535156 0.0436096191 0.0348205566
vn -0.995117188 -0.0933837891 0.0325622559
vn -0.994628906 -0.0982666016 0.0339050293
vn -0.998535156 0.0207366943 0.0476379395
vn -0.994140625 -0.0982666016 0.0444946289
vn -0.994140625 -0.0977172852 0.0454406738
vn -0.999023438 -0.00720596313 0.0457763672
vn -0.993164062 -0.105957031 0.0444946289
vn -0.994140625 -0.0993041992 0.0459594727
vn -0.998535156 -0.041229248 0.0369262695
vn -0.9921875 -0.117126465 0.0382385254
vn -0.993652344 -0.104064941 0.0403747559
vn -0.996582031 -0.0798950195 0.0273895264
vn -0.990722656 -0.130615234 0.0306243896
vn -0.993164062 -0.111022949 0.0331420898
vn -0.992675781 -0.120788574 0.019744873
vn -0.989257812 -0.14453125 0.0240020752
vn -0.992675781 -0.118835449 0.0265197754
vn -1 0.0129470825 0.0109481812
vn -0.987304688 -0.157592773 0.0189361572
vn -0.991699219 -0.126220703 0.0211639404
vn -0.986816406 -0.161865234 0.0144042969
vn -0.961914062 0.272949219 0.0027923584
vn -0.701171875 0.712890625 -8.39829445E-05
vn -0.702636719 0.711425781 -0.00426101685
vn -0.985351562 -0.168701172 0.0152435303
vn -0.991210938 -0.132080078 0.0170288086
vn -0.979492188 -0.201538086 0.0109481812
vn -0.999511719 -0.0295562744 0.00679016113
vn -0.967285156 0.25390625 -0.000615596771
vn -0.704589844 0.709960938 -0.0069694519
vn -0.983886719 -0.177246094 0.0126571655
vn -0.990722656 -0.135864258 0.013923645
vn -0.970703125 -0.239379883 0.00887298584
vn -0.997558594 -0.0725097656 0.00425338745
vn -0.972167969 0.233764648 -0.0027923584
vn -0.706542969 0.707519531 -0.00868988037
vn -0.982910156 -0.183227539 0.0109710693
vn -0.990722656 -0.137084961 0.0116958618
vn -0.961425781 -0.275390625 0.0078086853
vn -0.993164062 -0.115844727 0.00281333923
vn -0.977050781 0.212768555 -0.00416564941
vn -0.7109375 0.703125 -0.0101776123
vn -0.982421875 -0.186523438 0.00997161865
vn -0.990722656 -0.135498047 0.0101547241
vn -0.950683594 -0.309814453 0.00747299194
vn -0.987304688 -0.159667969 0.00210762024
vn -0.981445312 0.191162109 -0.00506591797
vn -0.718261719 0.6953125 -0.0113143921
vn -0.982421875 -0.187255859 0.00949859619
vn -0.991210938 -0.130981445 0.00909423828
vn -0.938964844 -0.343994141 0.00774002075
vn -0.979003906 -0.204711914 0.00194644928
vn -0.985839844 0.168457031 -0.00558853149
vn -0.728027344 0.685546875 -0.0115890503
vn -0.982421875 -0.185302734 0.00959014893
vn -0.9921875 -0.12286377 0.00849914551
vn -0.92578125 -0.378173828 0.00872039795
vn -0.967773438 -0.251953125 0.00235748291
vn -0.989257812 0.14453125 -0.00568771362
vn -0.73828125 0.674316406 -0.0115737915
vn -0.983398438 -0.180175781 0.0104751587
vn -0.993652344 -0.110473633 0.00846862793
vn -0.91015625 -0.4140625 0.0108108521
vn -0.953125 -0.302978516 0.00358772278
vn -0.993164062 0.118225098 -0.00535964966
vn -0.75 0.661132812 -0.0118560791
vn -0.985351562 -0.170776367 0.0121841431
vn -0.995605469 -0.0928344727 0.0089263916
vn -0.891601562 -0.452880859 0.0143508911
vn -0.932617188 -0.360595703 0.0059967041
vn -0.99609375 0.087097168 -0.00445175171
vn -0.767089844 0.641113281 -0.0126419067
vn -0.987792969 -0.156005859 0.0140380859
vn -0.997558594 -0.0701293945 0.00933837891
vn -0.990722656 -0.135131836 0.0152816772
vn -0.999023438 -0.0432739258 0.0092010498
vn -0.994140625 -0.108947754 0.0156555176
vn -1 -0.0135879517 0.00841522217
vn -0.870117188 -0.492431641 0.0187835693
vn -0.904785156 -0.425292969 0.00951385498
vn -0.999023438 0.048248291 -0.00295066833
vn -0.790039062 0.612792969 -0.0127487183
vn -0.869140625 -0.494384766 0.0136184692
vn -0.848632812 -0.528320312 0.0231628418
vn -1 -0.00124740601 -0.000946998596
vn -0.814453125 0.580566406 -0.0117797852
vn -0.998046875 -0.0649414062 0.0015707016
vn -0.839355469 0.543945312 -0.0107421875
vn -0.989257812 -0.147460938 0.0046005249
vn -0.866699219 0.498535156 -0.009765625
vn -0.96875 -0.248535156 0.00890350342
vn -0.895507812 0.444580078 -0.0129928589
vn -0.930664062 -0.365234375 0.0172119141
vn -0.925292969 0.37890625 -0.0170593262
vn -0.869628906 -0.493164062 0.030670166
vn 0.0340576172 0.998535156 -0.0393066406
vn -0.048828125 0.996582031 -0.0676269531
vn -0.95703125 0.290283203 -0.0138397217
vn -0.233520508 0.96875 -0.0820922852
vn -0.993164062 0.115356445 0.00387763977
vn -0.274658203 0.961425781 0.0166625977
vn -0.998535156 -0.0494384766 -0.0051612854
vn -0.306640625 0.935058594 0.176635742
vn -0.987304688 -0.137695312 0.0800170898
vn -0.674316406 -0.73828125 -0.0120620728
vn -0.728027344 0.649902344 0.217895508
vn -0.651855469 -0.7578125 -0.025894165
vn -0.977539062 -0.141113281 0.156860352
vn -0.715332031 -0.692382812 0.0932617188
vn -0.951660156 0.306152344 0.0157928467
vn -0.95703125 0.290527344 0.00802612305
vn -0.701171875 0.712890625 -8.39829445E-05
vn -0.134521484 0.990722656 -0.000567913055
vn -0.702636719 0.711425781 -0.00426101685
vn -0.0975341797 0.995117188 -0.00255775452
vn -0.704589844 0.709960938 -0.0069694519
vn -0.0639648438 0.998046875 -0.00388145447
vn -0.706542969 0.707519531 -0.00868988037
vn -0.0365600586 0.999511719 -0.00567626953
vn -0.7109375 0.703125 -0.0101776123
vn -0.0135421753 1 -0.00643157959
vn -0.718261719 0.6953125 -0.0113143921
vn 0.00875091553 1 -0.0061340332
vn -0.728027344 0.685546875 -0.0115890503
vn 0.0231781006 0.999511719 -0.00691223145
vn -0.73828125 0.674316406 -0.0115737915
vn 0.0265960693 0.999511719 -0.00812530518
vn -0.75 0.661132812 -0.0118560791
vn 0.0262145996 0.999511719 -0.00973510742
vn -0.767089844 0.641113281 -0.0126419067
vn 0.0275268555 0.999511719 -0.0102996826
vn -0.790039062 0.612792969 -0.0127487183
vn 0.0285797119 0.999511719 -0.0101928711
vn -0.814453125 0.580566406 -0.0117797852
vn 0.0292205811 0.999511719 -0.00899505615
vn -0.839355469 0.543945312 -0.0107421875
vn 0.0339660645 0.999511719 -0.00755691528
vn -0.866699219 0.498535156 -0.009765625
vn 0.0392150879 0.999023438 -0.0181121826
vn -0.895507812 0.444580078 -0.0129928589
vn 0.0340576172 0.998535156 -0.0393066406
vn -0.451171875 0.890625 0.0602416992
vn 0.398193359 0.916015625 0.0525512695
vn 0.381103516 0.922851562 0.0512084961
vn -0.472412109 0.879394531 0.0567321777
vn 0.364013672 0.931640625 -0.000280380249
vn -0.472900391 0.880859375 0.00500106812
vn 0.359619141 0.933105469 -0.00312614441
vn -0.484619141 0.875 0.00144004822
vn 0.355957031 0.934570312 -0.00362014771
vn -0.498535156 0.866699219 0.000725269318
vn 0.352539062 0.936035156 -0.00405502319
vn -0.515625 0.856933594 0.000725269318
vn 0.348144531 0.9375 -0.00368118286
vn -0.537597656 0.843261719 0.00204086304
vn 0.338623047 0.940917969 -0.0020980835
vn -0.566894531 0.823730469 0.00419235229
vn 0.322998047 0.946289062 -0.000992774963
vn -0.60546875 0.795898438 0.00644302368
vn 0.302001953 0.953125 0.000620365143
vn -0.646484375 0.762695312 0.00888824463
vn 0.274414062 0.961425781 0.00342941284
vn -0.693847656 0.720214844 0.0116653442
vn 0.240722656 0.970703125 0.0073928833
vn -0.739746094 0.672851562 0.0140914917
vn 0.20703125 0.978515625 0.0100708008
vn -0.783203125 0.621582031 0.01537323
vn 0.176269531 0.984375 0.00349617004
vn -0.819335938 0.573242188 0.0112457275
vn 0.158691406 0.987304688 -0.0171051025
vn -0.852539062 0.522460938 -0.00131607056
vn 0.154541016 0.987304688 -0.0417785645
vn -0.874023438 0.485595703 -0.0132522583
vn 0.162719727 0.986328125 0.0155944824
vn -0.889160156 0.45703125 0.0149459839
vn 0.165527344 0.985839844 0.0161743164
vn -0.928710938 0.370605469 0.020401001
vn 0.127929688 0.990722656 -0.0405578613
vn -0.966308594 0.256835938 0.00451278687
vn -0.0540771484 0.997558594 -0.0458679199
vn -0.0975341797 0.995117188 -0.00255775452
vn -0.228027344 0.973632812 0.00366020203
vn -0.1796875 0.983886719 0.00198554993
vn -0.0639648438 0.998046875 -0.00388145447
vn -0.127075195 0.991699219 0.000273704529
vn -0.0365600586 0.999511719 -0.00567626953
vn -0.0717163086 0.997558594 0.000236868858
vn -0.0135421753 1 -0.00643157959
vn -0.0208587646 1 -0.000688076019
vn 0.00875091553 1 -0.0061340332
vn 0.0206451416 1 -0.00251960754
vn 0.0231781006 0.999511719 -0.00691223145
vn 0.0673217773 0.997558594 -0.00323104858
vn 0.0265960693 0.999511719 -0.00812530518
vn 0.120788574 0.992675781 -0.00300216675
vn 0.0262145996 0.999511719 -0.00973510742
vn 0.170532227 0.985351562 -0.00401306152
vn -0.987792969 -0.156005859 0.0140380859
vn -0.870117188 -0.492431641 0.0187835693
vn -0.848632812 -0.528320312 0.0231628418
vn -0.990722656 -0.135131836 0.0152816772
vn -0.830078125 -0.557128906 0.0268707275
vn -0.994140625 -0.108947754 0.0156555176
vn -0.825683594 -0.563964844 0.0176391602
vn -0.869140625 -0.494384766 0.0136184692
vn -1 -0.00124740601 -0.000946998596
vn -0.998046875 -0.0649414062 0.0015707016
vn -0.7734375 -0.633789062 0.0216369629
vn -0.989257812 -0.147460938 0.0046005249
vn -0.816894531 -0.576171875 0.0302734375
vn -0.7109375 -0.702636719 0.0258026123
vn -0.96875 -0.248535156 0.00890350342
vn -0.997070312 -0.0777587891 0.015335083
vn -1 -0.0135879517 0.00841522217
vn -1 0.0183258057 0.00699234009
vn -0.810546875 -0.584960938 0.0333557129
vn -0.637207031 -0.770019531 0.03074646
vn -0.930664062 -0.365234375 0.0172119141
vn -0.999023438 -0.0414123535 0.0142059326
vn -0.998535156 0.0520019531 0.00485610962
vn -0.8125 -0.581542969 0.0358886719
vn -0.560546875 -0.827148438 0.0396728516
vn -0.869628906 -0.493164062 0.030670166
vn -1 1.78813934E-06 0.0120773315
vn -0.99609375 0.0866088867 0.00199127197
vn -0.827636719 -0.560058594 0.0392456055
vn -0.999023438 0.046295166 0.00911712646
vn -0.992675781 0.121398926 -0.00146007538
vn -0.499511719 -0.864746094 0.0535583496
vn -0.995605469 0.094909668 0.00497055054
vn -0.987792969 0.155395508 -0.00535202026
vn -0.990234375 0.137939453 -0.000230669975
vn -0.918457031 -0.393310547 0.0441589355
vn -0.86328125 -0.502929688 0.0438232422
vn -0.778320312 -0.625976562 0.0500183105
vn -0.95703125 0.290283203 -0.0138397217
vn -0.993164062 0.115356445 0.00387763977
vn -0.486083984 -0.87109375 0.0688476562
vn -0.70703125 -0.702636719 0.0822143555
vn -0.998535156 -0.0494384766 -0.0051612854
vn -0.674316406 -0.73828125 -0.0120620728
vn -0.574707031 -0.813476562 0.0889282227
vn -0.971679688 -0.233642578 0.0366821289
vn -0.731445312 -0.681152344 0.0294342041
vn -0.651855469 -0.7578125 -0.025894165
vn -0.921386719 -0.383300781 -0.0625
vn -0.715332031 -0.692382812 0.0932617188
vn 0.0262145996 0.999511719 -0.00973510742
vn 0.170532227 0.985351562 -0.00401306152
vn 0.0275268555 0.999511719 -0.0102996826
vn 0.213134766 0.977050781 -0.00311851501
vn 0.0285797119 0.999511719 -0.0101928711
vn 0.254394531 0.967285156 -0.00114440918
vn 0.0292205811 0.999511719 -0.00899505615
vn 0.289306641 0.95703125 0.00123405457
vn 0.0339660645 0.999511719 -0.00755691528
vn 0.324951172 0.945800781 -0.0071144104
vn 0.0392150879 0.999023438 -0.0181121826
vn 0.3828125 0.923339844 -0.0245666504
vn 0.0340576172 0.998535156 -0.0393066406
vn 0.511230469 0.857910156 -0.0525512695
vn -0.048828125 0.996582031 -0.0676269531
vn 0.62890625 0.774414062 -0.064453125
vn -0.314697266 0.945800781 -0.0807495117
vn -0.639160156 0.759277344 -0.122558594
vn -0.233520508 0.96875 -0.0820922852
vn 0.583007812 0.8125 -0.000128984451
vn -0.274658203 0.961425781 0.0166625977
vn 0.0305633545 0.999511719 0.0141372681
vn -0.306640625 0.935058594 0.176635742
vn -0.631835938 0.771484375 -0.0737304688
vn -0.396240234 -0.916015625 0.0600280762
vn -0.62890625 -0.776367188 0.0415039062
vn -0.563476562 -0.825683594 0.0294342041
vn -0.316894531 -0.947753906 0.0374755859
vn -0.429199219 -0.903320312 0.0156021118
vn -0.987792969 0.155395508 -0.00535202026
vn -0.990234375 0.137939453 -0.000230669975
vn -0.981933594 0.189819336 -0.00936126709
vn -0.985839844 0.167480469 -0.00401306152
vn -0.973632812 0.227783203 -0.0123138428
vn -0.971679688 -0.233642578 0.0366821289
vn -0.918457031 -0.393310547 0.0441589355
vn -0.990234375 0.137329102 -0.02734375
vn -0.949707031 0.312988281 -0.0214080811
vn -1 0.00938415527 -0.00547790527
vn -0.731445312 -0.681152344 0.0294342041
vn -0.921386719 -0.383300781 -0.0625
vn -0.994628906 0.0924682617 -0.0414123535
vn -0.9375 0.346435547 -0.036895752
vn -0.9921875 0.11529541 -0.0432434082
vn -0.998535156 0.0348815918 -0.0372924805
vn -0.947753906 0.31640625 -0.0458374023
vn -0.985351562 0.164550781 -0.0439758301
vn -0.930664062 -0.366210938 -0.0128936768
vn -0.715332031 -0.692382812 0.0932617188
vn -0.316894531 -0.947753906 0.0374755859
vn -0.429199219 -0.903320312 0.0156021118
vn -0.245361328 -0.969238281 0.0195159912
vn -0.309814453 -0.948730469 0.0639648438
vn -0.221679688 -0.973632812 0.0531311035
vn -0.602050781 -0.791503906 0.106750488
vn -0.635253906 -0.771972656 0.0191802979
vn -0.671386719 -0.739746094 0.0402832031
vn -0.733886719 -0.678222656 0.0383605957
vn -0.8125 -0.582519531 0.0194244385
vn -0.641601562 -0.767089844 0.0155410767
vn -0.970214844 -0.242797852 0.0144882202
vn -0.760742188 -0.648925781 -0.0146942139
vn -0.921386719 -0.387695312 -0.0263977051
vn -0.927246094 -0.373779297 0.0155563354
vn -0.756835938 -0.641601562 -0.124328613
vn -0.685546875 -0.717773438 -0.122680664
vn -0.943359375 -0.3125 -0.109558105
vn -0.966796875 -0.254882812 -0.00772857666
vn -0.932617188 -0.357421875 0.0449829102
vn -0.976074219 -0.206298828 0.0657348633
vn -0.944335938 -0.325439453 0.0498046875
vn -0.952636719 -0.298095703 0.0595703125
vn -0.942871094 -0.329833984 -0.0412597656
vn -0.866699219 -0.498291016 -0.0199127197
vn -0.923339844 -0.371337891 -0.0954589844
vn -0.91015625 -0.411621094 -0.0464172363
vn -0.635253906 -0.771972656 0.0191802979
vn -0.602050781 -0.791503906 0.106750488
vn -0.895996094 -0.438964844 0.0650634766
vn -0.979003906 -0.189453125 0.0751342773
vn -0.963867188 -0.259765625 0.0607910156
vn -0.750488281 0.661132812 0.00624084473
vn -0.368652344 0.928222656 0.0463562012
vn -0.7734375 0.628417969 0.0825195312
vn -0.614257812 0.778320312 0.129760742
g curtain_0
f 3/3/3 2/2/2 1/1/1
f 5/5/5 4/4/4 2/2/2
f 8/8/8 7/7/7 6/6/6
f 11/11/11 10/10/10 9/9/9
f 14/14/14 13/13/13 12/12/12
f 17/17/17 16/16/16 15/15/15
f 20/20/20 19/19/19 18/18/18
f 23/23/23 22/22/22 21/21/21
f 26/26/26 25/25/25 24/24/24
f 29/29/29 28/28/28 27/27/27
f 32/32/32 31/31/31 30/30/30
f 34/34/34 30/30/30 33/33/33
f 30/30/30 35/35/35 33/33/33
f 30/30/30 36/36/36 35/35/35
f 36/36/36 37/37/37 35/35/35
f 36/36/36 38/38/38 37/37/37
f 41/41/41 40/40/40 39/39/39
f 44/44/44 43/43/43 42/42/42
f 47/47/47 46/46/46 45/45/45
f 50/50/50 49/49/49 48/48/48
f 53/53/53 52/52/52 51/51/51
f 56/56/56 55/55/55 54/54/54
f 59/59/59 58/58/58 57/57/57
f 62/62/62 61/61/61 60/60/60
f 65/65/65 64/64/64 63/63/63
f 67/67/67 66/66/66 65/65/65
f 70/70/70 69/69/69 68/68/68
f 73/73/73 72/72/72 71/71/71
f 76/76/76 75/75/75 74/74/74
f 79/79/79 78/78/78 77/77/77
f 82/82/82 81/81/81 80/80/80
f 85/85/85 84/84/84 83/83/83
f 84/84/84 86/86/86 83/83/83
f 83/83/83 86/86/86 87/87/87
f 84/84/84 88/88/88 86/86/86
f 86/86/86 89/89/89 87/87/87
f 87/87/87 89/89/89 90/90/90
f 88/88/88 91/91/91 86/86/86
f 86/86/86 91/91/91 89/89/89
f 88/88/88 92/92/92 91/91/91
f 89/89/89 93/93/93 90/90/90
f 90/90/90 93/93/93 94/94/94
f 91/91/91 95/95/95 89/89/89
f 89/89/89 95/95/95 93/93/93
f 92/92/92 96/96/96 91/91/91
f 91/91/91 96/96/96 95/95/95
f 92/92/92 97/97/97 96/96/96
f 93/93/93 98/98/98 94/94/94
f 94/94/94 98/98/98 99/99/99
f 98/98/98 100/100/100 99/99/99
f 95/95/95 101/101/101 93/93/93
f 93/93/93 101/101/101 98/98/98
f 98/98/98 102/102/102 100/100/100
f 101/101/101 102/102/102 98/98/98
f 102/102/102 103/103/103 100/100/100
f 96/96/96 104/104/104 95/95/95
f 95/95/95 104/104/104 101/101/101
f 97/97/97 105/105/105 96/96/96
f 96/96/96 105/105/105 104/104/104
f 97/97/97 106/106/106 105/105/105
f 102/102/102 107/107/107 103/103/103
f 107/107/107 108/108/108 103/103/103
f 101/101/101 109/109/109 102/102/102
f 104/104/104 109/109/109 101/101/101
f 109/109/109 107/107/107 102/102/102
f 105/105/105 110/110/110 104/104/104
f 104/104/104 110/110/110 109/109/109
f 106/106/106 111/111/111 105/105/105
f 105/105/105 111/111/111 110/110/110
f 106/106/106 112/112/112 111/111/111
f 107/107/107 113/113/113 108/108/108
f 113/113/113 114/114/114 108/108/108
f 109/109/109 115/115/115 107/107/107
f 110/110/110 115/115/115 109/109/109
f 115/115/115 113/113/113 107/107/107
f 111/111/111 116/116/116 110/110/110
f 110/110/110 116/116/116 115/115/115
f 112/112/112 117/117/117 111/111/111
f 111/111/111 117/117/117 116/116/116
f 112/112/112 118/118/118 117/117/117
f 113/113/113 119/119/119 114/114/114
f 119/119/119 120/120/120 114/114/114
f 115/115/115 121/121/121 113/113/113
f 116/116/116 121/121/121 115/115/115
f 121/121/121 119/119/119 113/113/113
f 117/117/117 122/122/122 116/116/116
f 116/116/116 122/122/122 121/121/121
f 118/118/118 123/123/123 117/117/117
f 117/117/117 123/123/123 122/122/122
f 118/118/118 124/124/124 123/123/123
f 119/119/119 125/125/125 120/120/120
f 125/125/125 126/126/126 120/120/120
f 121/121/121 127/127/127 119/119/119
f 122/122/122 127/127/127 121/121/121
f 127/127/127 125/125/125 119/119/119
f 123/123/123 128/128/128 122/122/122
f 122/122/122 128/128/128 127/127/127
f 124/124/124 129/129/129 123/123/123
f 123/123/123 129/129/129 128/128/128
f 124/124/124 130/130/130 129/129/129
f 125/125/125 131/131/131 126/126/126
f 131/131/131 132/132/132 126/126/126
f 127/127/127 133/133/133 125/125/125
f 128/128/128 133/133/133 127/127/127
f 133/133/133 131/131/131 125/125/125
f 129/129/129 134/134/134 128/128/128
f 128/128/128 134/134/134 133/133/133
f 130/130/130 135/135/135 129/129/129
f 129/129/129 135/135/135 134/134/134
f 130/130/130 136/136/136 135/135/135
f 131/131/131 137/137/137 132/132/132
f 137/137/137 138/138/138 132/132/132
f 133/133/133 139/139/139 131/131/131
f 134/134/134 139/139/139 133/133/133
f 139/139/139 137/137/137 131/131/131
f 135/135/135 140/140/140 134/134/134
f 134/134/134 140/140/140 139/139/139
f 136/136/136 141/141/141 135/135/135
f 135/135/135 141/141/141 140/140/140
f 136/136/136 142/142/142 141/141/141
f 137/137/137 143/143/143 138/138/138
f 143/143/143 144/144/144 138/138/138
f 139/139/139 145/145/145 137/137/137
f 140/140/140 145/145/145 139/139/139
f 145/145/145 143/143/143 137/137/137
f 141/141/141 146/146/146 140/140/140
f 140/140/140 146/146/146 145/145/145
f 142/142/142 147/147/147 141/141/141
f 141/141/141 147/147/147 146/146/146
f 142/142/142 148/148/148 147/147/147
f 143/143/143 149/149/149 144/144/144
f 149/149/149 150/150/150 144/144/144
f 145/145/145 151/151/151 143/143/143
f 146/146/146 151/151/151 145/145/145
f 151/151/151 149/149/149 143/143/143
f 147/147/147 152/152/152 146/146/146
f 146/146/146 152/152/152 151/151/151
f 148/148/148 153/153/153 147/147/147
f 147/147/147 153/153/153 152/152/152
f 148/148/148 154/154/154 153/153/153
f 149/149/149 155/155/155 150/150/150
f 155/155/155 156/156/156 150/150/150
f 151/151/151 157/157/157 149/149/149
f 152/152/152 157/157/157 151/151/151
f 157/157/157 155/155/155 149/149/149
f 153/153/153 158/158/158 152/152/152
f 152/152/152 158/158/158 157/157/157
f 154/154/154 159/159/159 153/153/153
f 153/153/153 159/159/159 158/158/158
f 154/154/154 160/160/160 159/159/159
f 155/155/155 161/161/161 156/156/156
f 161/161/161 162/162/162 156/156/156
f 157/157/157 163/163/163 155/155/155
f 158/158/158 163/163/163 157/157/157
f 163/163/163 161/161/161 155/155/155
f 159/159/159 164/164/164 158/158/158
f 158/158/158 164/164/164 163/163/163
f 160/160/160 165/165/165 159/159/159
f 159/159/159 165/165/165 164/164/164
f 160/160/160 166/166/166 165/165/165
f 161/161/161 167/167/167 162/162/162
f 167/167/167 168/168/168 162/162/162
f 163/163/163 169/169/169 161/161/161
f 164/164/164 169/169/169 163/163/163
f 169/169/169 167/167/167 161/161/161
f 165/165/165 170/170/170 164/164/164
f 164/164/164 170/170/170 169/169/169
f 166/166/166 171/171/171 165/165/165
f 165/165/165 171/171/171 170/170/170
f 166/166/166 172/172/172 171/171/171
f 167/167/167 173/173/173 168/168/168
f 173/173/173 174/174/174 168/168/168
f 169/169/169 175/175/175 167/167/167
f 170/170/170 175/175/175 169/169/169
f 175/175/175 173/173/173 167/167/167
f 171/171/171 176/176/176 170/170/170
f 170/170/170 176/176/176 175/175/175
f 172/172/172 177/177/177 171/171/171
f 171/171/171 177/177/177 176/176/176
f 172/172/172 178/178/178 177/177/177
f 173/173/173 179/179/179 174/174/174
f 179/179/179 180/180/180 174/174/174
f 175/175/175 181/181/181 173/173/173
f 176/176/176 181/181/181 175/175/175
f 181/181/181 179/179/179 173/173/173
f 177/177/177 182/182/182 176/176/176
f 176/176/176 182/182/182 181/181/181
f 178/178/178 183/183/183 177/177/177
f 177/177/177 183/183/183 182/182/182
f 178/178/178 184/184/184 183/183/183
f 179/179/179 185/185/185 180/180/180
f 185/185/185 186/186/186 180/180/180
f 181/181/181 187/187/187 179/179/179
f 182/182/182 187/187/187 181/181/181
f 187/187/187 185/185/185 179/179/179
f 183/183/183 188/188/188 182/182/182
f 182/182/182 188/188/188 187/187/187
f 184/184/184 189/189/189 183/183/183
f 183/183/183 189/189/189 188/188/188
f 184/184/184 190/190/190 189/189/189
f 185/185/185 191/191/191 186/186/186
f 191/191/191 192/192/192 186/186/186
f 187/187/187 193/193/193 185/185/185
f 188/188/188 193/193/193 187/187/187
f 193/193/193 191/191/191 185/185/185
f 189/189/189 194/194/194 188/188/188
f 188/188/188 194/194/194 193/193/193
f 190/190/190 195/195/195 189/189/189
f 189/189/189 195/195/195 194/194/194
f 190/190/190 196/196/196 195/195/195
f 191/191/191 197/197/197 192/192/192
f 197/197/197 198/198/198 192/192/192
f 193/193/193 199/199/199 191/191/191
f 194/194/194 199/199/199 193/193/193
f 199/199/199 197/197/197 191/191/191
f 195/195/195 200/200/200 194/194/194
f 194/194/194 200/200/200 199/199/199
f 196/196/196 201/201/201 195/195/195
f 195/195/195 201/201/201 200/200/200
f 196/196/196 202/202/202 201/201/201
f 197/197/197 203/203/203 198/198/198
f 203/203/203 204/204/204 198/198/198
f 199/199/199 205/205/205 197/197/197
f 200/200/200 205/205/205 199/199/199
f 205/205/205 203/203/203 197/197/197
f 201/201/201 206/206/206 200/200/200
f 200/200/200 206/206/206 205/205/205
f 202/202/202 207/207/207 201/201/201
f 201/201/201 207/207/207 206/206/206
f 202/202/202 208/208/208 207/207/207
f 203/203/203 209/209/209 204/204/204
f 209/209/209 210/210/210 204/204/204
f 205/205/205 211/211/211 203/203/203
f 206/206/206 211/211/211 205/205/205
f 211/211/211 209/209/209 203/203/203
f 207/207/207 212/212/212 206/206/206
f 206/206/206 212/212/212 211/211/211
f 208/208/208 213/213/213 207/207/207
f 207/207/207 213/213/213 212/212/212
f 208/208/208 214/214/214 213/213/213
f 209/209/209 215/215/215 210/210/210
f 215/215/215 216/216/216 210/210/210
f 211/211/211 217/217/217 209/209/209
f 212/212/212 217/217/217 211/211/211
f 217/217/217 215/215/215 209/209/209
f 213/213/213 218/218/218 212/212/212
f 212/212/212 218/218/218 217/217/217
f 215/215/215 219/219/219 216/216/216
f 219/219/219 220/220/220 216/216/216
f 217/217/217 221/221/221 215/215/215
f 218/218/218 221/221/221 217/217/217
f 221/221/221 219/219/219 215/215/215
f 213/213/213 222/222/222 218/218/218
f 214/214/214 222/222/222 213/213/213
f 219/219/219 223/223/223 220/220/220
f 223/223/223 224/224/224 220/220/220
f 221/221/221 225/225/225 219/219/219
f 225/225/225 223/223/223 219/219/219
f 218/218/218 226/226/226 221/221/221
f 222/222/222 226/226/226 218/218/218
f 226/226/226 225/225/225 221/221/221
f 223/223/223 227/227/227 224/224/224
f 227/227/227 228/228/228 224/224/224
f 225/225/225 229/229/229 223/223/223
f 229/229/229 227/227/227 223/223/223
f 226/226/226 230/230/230 225/225/225
f 230/230/230 229/229/229 225/225/225
f 222/222/222 231/231/231 226/226/226
f 231/231/231 230/230/230 226/226/226
f 214/214/214 232/232/232 222/222/222
f 232/232/232 231/231/231 222/222/222
f 227/227/227 233/233/233 228/228/228
f 233/233/233 234/234/234 228/228/228
f 229/229/229 235/235/235 227/227/227
f 235/235/235 233/233/233 227/227/227
f 230/230/230 236/236/236 229/229/229
f 236/236/236 235/235/235 229/229/229
f 237/237/237 232/232/232 214/214/214
f 238/238/238 237/237/237 214/214/214
f 237/237/237 239/239/239 232/232/232
f 239/239/239 240/240/240 232/232/232
f 232/232/232 240/240/240 231/231/231
f 239/239/239 241/241/241 240/240/240
f 231/231/231 242/242/242 230/230/230
f 240/240/240 242/242/242 231/231/231
f 242/242/242 236/236/236 230/230/230
f 241/241/241 243/243/243 240/240/240
f 240/240/240 243/243/243 242/242/242
f 241/241/241 244/244/244 243/243/243
f 242/242/242 245/245/245 236/236/236
f 243/243/243 245/245/245 242/242/242
f 244/244/244 246/246/246 243/243/243
f 243/243/243 246/246/246 245/245/245
f 244/244/244 247/247/247 246/246/246
f 245/245/245 248/248/248 236/236/236
f 236/236/236 248/248/248 235/235/235
f 246/246/246 249/249/249 245/245/245
f 245/245/245 249/249/249 248/248/248
f 247/247/247 250/250/250 246/246/246
f 246/246/246 250/250/250 249/249/249
f 247/247/247 251/251/251 250/250/250
f 248/248/248 252/252/252 235/235/235
f 235/235/235 252/252/252 233/233/233
f 249/249/249 253/253/253 248/248/248
f 248/248/248 253/253/253 252/252/252
f 250/250/250 254/254/254 249/249/249
f 249/249/249 254/254/254 253/253/253
f 251/251/251 255/255/255 250/250/250
f 250/250/250 255/255/255 254/254/254
f 251/251/251 256/256/256 255/255/255
f 255/255/255 257/257/257 254/254/254
f 256/256/256 258/258/258 255/255/255
f 255/255/255 258/258/258 257/257/257
f 256/256/256 259/259/259 258/258/258
f 259/259/259 260/260/260 258/258/258
f 258/258/258 261/261/261 257/257/257
f 258/258/258 260/260/260 261/261/261
f 260/260/260 262/262/262 261/261/261
f 257/257/257 261/261/261 263/263/263
f 253/253/253 264/264/264 252/252/252
f 253/253/253 265/265/265 264/264/264
f 265/265/265 263/263/263 266/266/266
f 265/265/265 266/266/266 264/264/264
f 252/252/252 264/264/264 267/267/267
f 252/252/252 267/267/267 233/233/233
f 233/233/233 267/267/267 234/234/234
f 267/267/267 268/268/268 234/234/234
f 264/264/264 269/269/269 267/267/267
f 267/267/267 269/269/269 268/268/268
f 264/264/264 266/266/266 269/269/269
f 269/269/269 270/270/270 268/268/268
f 269/269/269 271/271/271 270/270/270
f 266/266/266 271/271/271 269/269/269
f 271/271/271 272/272/272 270/270/270
f 263/263/263 273/273/273 266/266/266
f 266/266/266 273/273/273 271/271/271
f 263/263/263 274/274/274 273/273/273
f 271/271/271 275/275/275 272/272/272
f 273/273/273 275/275/275 271/271/271
f 275/275/275 276/276/276 272/272/272
f 274/274/274 277/277/277 273/273/273
f 273/273/273 277/277/277 275/275/275
f 275/275/275 278/278/278 276/276/276
f 277/277/277 278/278/278 275/275/275
f 278/278/278 279/279/279 276/276/276
f 274/274/274 280/280/280 277/277/277
f 262/262/262 280/280/280 274/274/274
f 280/280/280 281/281/281 277/277/277
f 277/277/277 281/281/281 278/278/278
f 281/281/281 282/282/282 278/278/278
f 278/278/278 282/282/282 279/279/279
f 282/282/282 283/283/283 279/279/279
f 286/286/286 285/285/285 284/284/284
f 285/285/285 287/287/287 284/284/284
f 284/284/284 287/287/287 288/288/288
f 285/285/285 289/289/289 287/287/287
f 287/287/287 290/290/290 288/288/288
f 289/289/289 291/291/291 287/287/287
f 287/287/287 291/291/291 290/290/290
f 289/289/289 292/292/292 291/291/291
f 291/291/291 293/293/293 290/290/290
f 292/292/292 294/294/294 291/291/291
f 291/291/291 294/294/294 293/293/293
f 292/292/292 295/295/295 294/294/294
f 294/294/294 296/296/296 293/293/293
f 295/295/295 297/297/297 294/294/294
f 294/294/294 297/297/297 296/296/296
f 295/295/295 298/298/298 297/297/297
f 297/297/297 299/299/299 296/296/296
f 298/298/298 300/300/300 297/297/297
f 297/297/297 300/300/300 299/299/299
f 298/298/298 301/301/301 300/300/300
f 300/300/300 302/302/302 299/299/299
f 301/301/301 303/303/303 300/300/300
f 300/300/300 303/303/303 302/302/302
f 301/301/301 304/304/304 303/303/303
f 303/303/303 305/305/305 302/302/302
f 304/304/304 306/306/306 303/303/303
f 303/303/303 306/306/306 305/305/305
f 306/306/306 307/307/307 305/305/305
f 306/306/306 308/308/308 307/307/307
f 308/308/308 309/309/309 307/307/307
f 308/308/308 310/310/310 309/309/309
f 310/310/310 311/311/311 309/309/309
f 310/310/310 312/312/312 311/311/311
f 312/312/312 313/313/313 311/311/311
f 312/312/312 314/314/314 313/313/313
f 314/314/314 315/315/315 313/313/313
f 314/314/314 316/316/316 315/315/315
f 316/316/316 317/317/317 315/315/315
f 316/316/316 318/318/318 317/317/317
f 318/318/318 319/319/319 317/317/317
f 318/318/318 320/320/320 319/319/319
f 320/320/320 321/321/321 319/319/319
f 320/320/320 322/322/322 321/321/321
f 322/322/322 323/323/323 321/321/321
f 322/322/322 324/324/324 323/323/323
f 324/324/324 325/325/325 323/323/323
f 324/324/324 326/326/326 325/325/325
f 326/326/326 327/327/327 325/325/325
f 326/326/326 328/328/328 327/327/327
f 328/328/328 329/329/329 327/327/327
f 328/328/328 330/330/330 329/329/329
f 330/330/330 331/331/331 329/329/329
f 330/330/330 332/332/332 331/331/331
f 332/332/332 333/333/333 331/331/331
f 332/332/332 334/334/334 333/333/333
f 334/334/334 335/335/335 333/333/333
f 334/334/334 336/336/336 335/335/335
f 336/336/336 337/337/337 335/335/335
f 336/336/336 338/338/338 337/337/337
f 338/338/338 339/339/339 337/337/337
f 342/342/342 341/341/341 340/340/340
f 341/341/341 343/343/343 340/340/340
f 340/340/340 343/343/343 344/344/344
f 341/341/341 345/345/345 343/343/343
f 343/343/343 346/346/346 344/344/344
f 344/344/344 346/346/346 347/347/347
f 345/345/345 348/348/348 343/343/343
f 343/343/343 348/348/348 346/346/346
f 345/345/345 349/349/349 348/348/348
f 346/346/346 350/350/350 347/347/347
f 347/347/347 350/350/350 351/351/351
f 348/348/348 352/352/352 346/346/346
f 346/346/346 352/352/352 350/350/350
f 348/348/348 353/353/353 352/352/352
f 350/350/350 354/354/354 351/351/351
f 351/351/351 354/354/354 355/355/355
f 354/354/354 356/356/356 355/355/355
f 352/352/352 357/357/357 350/350/350
f 350/350/350 357/357/357 354/354/354
f 353/353/353 358/358/358 352/352/352
f 352/352/352 358/358/358 357/357/357
f 353/353/353 359/359/359 358/358/358
f 354/354/354 360/360/360 356/356/356
f 357/357/357 360/360/360 354/354/354
f 360/360/360 361/361/361 356/356/356
f 358/358/358 362/362/362 357/357/357
f 357/357/357 362/362/362 360/360/360
f 359/359/359 363/363/363 358/358/358
f 358/358/358 363/363/363 362/362/362
f 359/359/359 364/364/364 363/363/363
f 360/360/360 365/365/365 361/361/361
f 362/362/362 365/365/365 360/360/360
f 365/365/365 366/366/366 361/361/361
f 363/363/363 367/367/367 362/362/362
f 362/362/362 367/367/367 365/365/365
f 364/364/364 368/368/368 363/363/363
f 363/363/363 368/368/368 367/367/367
f 364/364/364 369/369/369 368/368/368
f 365/365/365 370/370/370 366/366/366
f 367/367/367 370/370/370 365/365/365
f 370/370/370 371/371/371 366/366/366
f 368/368/368 372/372/372 367/367/367
f 367/367/367 372/372/372 370/370/370
f 369/369/369 373/373/373 368/368/368
f 368/368/368 373/373/373 372/372/372
f 369/369/369 374/374/374 373/373/373
f 370/370/370 375/375/375 371/371/371
f 372/372/372 375/375/375 370/370/370
f 375/375/375 376/376/376 371/371/371
f 373/373/373 377/377/377 372/372/372
f 372/372/372 377/377/377 375/375/375
f 374/374/374 378/378/378 373/373/373
f 373/373/373 378/378/378 377/377/377
f 374/374/374 379/379/379 378/378/378
f 375/375/375 380/380/380 376/376/376
f 377/377/377 380/380/380 375/375/375
f 380/380/380 381/381/381 376/376/376
f 378/378/378 382/382/382 377/377/377
f 377/377/377 382/382/382 380/380/380
f 379/379/379 383/383/383 378/378/378
f 378/378/378 383/383/383 382/382/382
f 379/379/379 384/384/384 383/383/383
f 380/380/380 385/385/385 381/381/381
f 382/382/382 385/385/385 380/380/380
f 385/385/385 386/386/386 381/381/381
f 383/383/383 387/387/387 382/382/382
f 382/382/382 387/387/387 385/385/385
f 384/384/384 388/388/388 383/383/383
f 383/383/383 388/388/388 387/387/387
f 384/384/384 389/389/389 388/388/388
f 385/385/385 390/390/390 386/386/386
f 387/387/387 390/390/390 385/385/385
f 390/390/390 391/391/391 386/386/386
f 388/388/388 392/392/392 387/387/387
f 387/387/387 392/392/392 390/390/390
f 389/389/389 393/393/393 388/388/388
f 388/388/388 393/393/393 392/392/392
f 389/389/389 394/394/394 393/393/393
f 390/390/390 395/395/395 391/391/391
f 392/392/392 395/395/395 390/390/390
f 395/395/395 396/396/396 391/391/391
f 393/393/393 397/397/397 392/392/392
f 392/392/392 397/397/397 395/395/395
f 394/394/394 398/398/398 393/393/393
f 393/393/393 398/398/398 397/397/397
f 394/394/394 399/399/399 398/398/398
f 395/395/395 400/400/400 396/396/396
f 397/397/397 400/400/400 395/395/395
f 400/400/400 401/401/401 396/396/396
f 398/398/398 402/402/402 397/397/397
f 397/397/397 402/402/402 400/400/400
f 399/399/399 403/403/403 398/398/398
f 398/398/398 403/403/403 402/402/402
f 399/399/399 404/404/404 403/403/403
f 400/400/400 405/405/405 401/401/401
f 402/402/402 405/405/405 400/400/400
f 405/405/405 406/406/406 401/401/401
f 405/405/405 407/407/407 406/406/406
f 402/402/402 408/408/408 405/405/405
f 403/403/403 408/408/408 402/402/402
f 408/408/408 407/407/407 405/405/405
f 404/404/404 409/409/409 403/403/403
f 403/403/403 409/409/409 408/408/408
f 404/404/404 410/410/410 409/409/409
f 408/408/408 411/411/411 407/407/407
f 409/409/409 411/411/411 408/408/408
f 411/411/411 412/412/412 407/407/407
f 410/410/410 413/413/413 409/409/409
f 409/409/409 413/413/413 411/411/411
f 410/410/410 414/414/414 413/413/413
f 411/411/411 415/415/415 412/412/412
f 413/413/413 415/415/415 411/411/411
f 415/415/415 416/416/416 412/412/412
f 414/414/414 417/417/417 413/413/413
f 413/413/413 417/417/417 415/415/415
f 414/414/414 418/418/418 417/417/417
f 415/415/415 419/419/419 416/416/416
f 417/417/417 419/419/419 415/415/415
f 419/419/419 420/420/420 416/416/416
f 418/418/418 421/421/421 417/417/417
f 417/417/417 421/421/421 419/419/419
f 418/418/418 422/422/422 421/421/421
f 419/419/419 423/423/423 420/420/420
f 421/421/421 423/423/423 419/419/419
f 423/423/423 424/424/424 420/420/420
f 422/422/422 425/425/425 421/421/421
f 421/421/421 425/425/425 423/423/423
f 422/422/422 426/426/426 425/425/425
f 423/423/423 427/427/427 424/424/424
f 425/425/425 427/427/427 423/423/423
f 427/427/427 428/428/428 424/424/424
f 426/426/426 429/429/429 425/425/425
f 425/425/425 429/429/429 427/427/427
f 426/426/426 430/430/430 429/429/429
f 427/427/427 431/431/431 428/428/428
f 429/429/429 431/431/431 427/427/427
f 431/431/431 432/432/432 428/428/428
f 430/430/430 433/433/433 429/429/429
f 429/429/429 433/433/433 431/431/431
f 430/430/430 434/434/434 433/433/433
f 431/431/431 435/435/435 432/432/432
f 433/433/433 435/435/435 431/431/431
f 435/435/435 436/436/436 432/432/432
f 434/434/434 437/437/437 433/433/433
f 433/433/433 437/437/437 435/435/435
f 434/434/434 438/438/438 437/437/437
f 435/435/435 439/439/439 436/436/436
f 437/437/437 439/439/439 435/435/435
f 439/439/439 440/440/440 436/436/436
f 438/438/438 441/441/441 437/437/437
f 437/437/437 441/441/441 439/439/439
f 438/438/438 442/442/442 441/441/441
f 439/439/439 443/443/443 440/440/440
f 441/441/441 443/443/443 439/439/439
f 443/443/443 444/444/444 440/440/440
f 442/442/442 445/445/445 441/441/441
f 441/441/441 445/445/445 443/443/443
f 442/442/442 446/446/446 445/445/445
f 443/443/443 447/447/447 444/444/444
f 445/445/445 447/447/447 443/443/443
f 447/447/447 448/448/448 444/444/444
f 446/446/446 449/449/449 445/445/445
f 445/445/445 449/449/449 447/447/447
f 446/446/446 450/450/450 449/449/449
f 447/447/447 451/451/451 448/448/448
f 449/449/449 451/451/451 447/447/447
f 451/451/451 452/452/452 448/448/448
f 450/450/450 453/453/453 449/449/449
f 449/449/449 453/453/453 451/451/451
f 450/450/450 454/454/454 453/453/453
f 451/451/451 455/455/455 452/452/452
f 453/453/453 455/455/455 451/451/451
f 455/455/455 456/456/456 452/452/452
f 454/454/454 457/457/457 453/453/453
f 453/453/453 457/457/457 455/455/455
f 454/454/454 458/458/458 457/457/457
f 455/455/455 459/459/459 456/456/456
f 457/457/457 459/459/459 455/455/455
f 459/459/459 460/460/460 456/456/456
f 458/458/458 461/461/461 457/457/457
f 457/457/457 461/461/461 459/459/459
f 458/458/458 462/462/462 461/461/461
f 459/459/459 463/463/463 460/460/460
f 461/461/461 463/463/463 459/459/459
f 463/463/463 464/464/464 460/460/460
f 462/462/462 465/465/465 461/461/461
f 461/461/461 465/465/465 463/463/463
f 462/462/462 466/466/466 465/465/465
f 463/463/463 467/467/467 464/464/464
f 465/465/465 467/467/467 463/463/463
f 467/467/467 468/468/468 464/464/464
f 466/466/466 469/469/469 465/465/465
f 465/465/465 469/469/469 467/467/467
f 467/467/467 470/470/470 468/468/468
f 469/469/469 470/470/470 467/467/467
f 470/470/470 471/471/471 468/468/468
f 466/466/466 472/472/472 469/469/469
f 473/473/473 472/472/472 466/466/466
f 470/470/470 474/474/474 471/471/471
f 474/474/474 475/475/475 471/471/471
f 469/469/469 476/476/476 470/470/470
f 472/472/472 476/476/476 469/469/469
f 476/476/476 474/474/474 470/470/470
f 473/473/473 477/477/477 472/472/472
f 478/478/478 477/477/477 473/473/473
f 472/472/472 479/479/479 476/476/476
f 478/478/478 480/480/480 477/477/477
f 481/481/481 480/480/480 478/478/478
f 480/480/480 482/482/482 477/477/477
f 482/482/482 483/483/483 479/479/479
f 479/479/479 484/484/484 476/476/476
f 479/479/479 483/483/483 484/484/484
f 476/476/476 484/484/484 474/474/474
f 483/483/483 485/485/485 484/484/484
f 474/474/474 486/486/486 475/475/475
f 484/484/484 486/486/486 474/474/474
f 484/484/484 485/485/485 486/486/486
f 485/485/485 487/487/487 486/486/486
f 486/486/486 488/488/488 475/475/475
f 486/486/486 487/487/487 488/488/488
f 487/487/487 489/489/489 488/488/488
f 488/488/488 489/489/489 490/490/490
f 489/489/489 491/491/491 490/490/490
f 494/494/494 493/493/493 492/492/492
f 493/493/493 495/495/495 492/492/492
f 492/492/492 495/495/495 496/496/496
f 493/493/493 497/497/497 495/495/495
f 495/495/495 498/498/498 496/496/496
f 497/497/497 499/499/499 495/495/495
f 495/495/495 499/499/499 498/498/498
f 497/497/497 500/500/500 499/499/499
f 499/499/499 501/501/501 498/498/498
f 500/500/500 502/502/502 499/499/499
f 499/499/499 502/502/502 501/501/501
f 500/500/500 503/503/503 502/502/502
f 502/502/502 504/504/504 501/501/501
f 503/503/503 505/505/505 502/502/502
f 502/502/502 505/505/505 504/504/504
f 503/503/503 506/506/506 505/505/505
f 506/506/506 507/507/507 505/505/505
f 506/506/506 508/508/508 507/507/507
f 505/505/505 509/509/509 504/504/504
f 505/505/505 507/507/507 509/509/509
f 508/508/508 510/510/510 507/507/507
f 508/508/508 511/511/511 510/510/510
f 511/511/511 512/512/512 510/510/510
f 511/511/511 513/513/513 512/512/512
f 513/513/513 514/514/514 512/512/512
f 513/513/513 515/515/515 514/514/514
f 515/515/515 516/516/516 514/514/514
f 515/515/515 517/517/517 516/516/516
f 517/517/517 518/518/518 516/516/516
f 517/517/517 519/519/519 518/518/518
f 519/519/519 520/520/520 518/518/518
f 519/519/519 521/521/521 520/520/520
f 521/521/521 522/522/522 520/520/520
f 507/507/507 510/510/510 523/523/523
f 507/507/507 523/523/523 509/509/509
f 510/510/510 524/524/524 523/523/523
f 509/509/509 523/523/523 525/525/525
f 509/509/509 525/525/525 526/526/526
f 504/504/504 509/509/509 526/526/526
f 504/504/504 526/526/526 527/527/527
f 523/523/523 528/528/528 525/525/525
f 523/523/523 524/524/524 528/528/528
f 524/524/524 529/529/529 528/528/528
f 524/524/524 530/530/530 529/529/529
f 530/530/530 531/531/531 529/529/529
f 530/530/530 532/532/532 531/531/531
f 532/532/532 533/533/533 531/531/531
f 532/532/532 534/534/534 533/533/533
f 534/534/534 535/535/535 533/533/533
f 538/538/538 537/537/537 536/536/536
f 537/537/537 539/539/539 536/536/536
f 536/536/536 539/539/539 540/540/540
f 537/537/537 541/541/541 539/539/539
f 539/539/539 542/542/542 540/540/540
f 540/540/540 542/542/542 543/543/543
f 541/541/541 544/544/544 539/539/539
f 539/539/539 544/544/544 542/542/542
f 541/541/541 545/545/545 544/544/544
f 542/542/542 546/546/546 543/543/543
f 543/543/543 546/546/546 547/547/547
f 544/544/544 548/548/548 542/542/542
f 542/542/542 548/548/548 546/546/546
f 545/545/545 549/549/549 544/544/544
f 544/544/544 549/549/549 548/548/548
f 545/545/545 550/550/550 549/549/549
f 546/546/546 551/551/551 547/547/547
f 547/547/547 551/551/551 552/552/552
f 548/548/548 553/553/553 546/546/546
f 546/546/546 553/553/553 551/551/551
f 549/549/549 554/554/554 548/548/548
f 548/548/548 554/554/554 553/553/553
f 550/550/550 555/555/555 549/549/549
f 549/549/549 555/555/555 554/554/554
f 550/550/550 556/556/556 555/555/555
f 551/551/551 557/557/557 552/552/552
f 552/552/552 557/557/557 558/558/558
f 557/557/557 559/559/559 558/558/558
f 553/553/553 560/560/560 551/551/551
f 551/551/551 560/560/560 557/557/557
f 557/557/557 561/561/561 559/559/559
f 560/560/560 561/561/561 557/557/557
f 561/561/561 562/562/562 559/559/559
f 554/554/554 563/563/563 553/553/553
f 553/553/553 563/563/563 560/560/560
f 555/555/555 564/564/564 554/554/554
f 554/554/554 564/564/564 563/563/563
f 556/556/556 565/565/565 555/555/555
f 555/555/555 565/565/565 564/564/564
f 556/556/556 566/566/566 565/565/565
f 561/561/561 567/567/567 562/562/562
f 567/567/567 568/568/568 562/562/562
f 560/560/560 569/569/569 561/561/561
f 563/563/563 569/569/569 560/560/560
f 569/569/569 567/567/567 561/561/561
f 564/564/564 570/570/570 563/563/563
f 563/563/563 570/570/570 569/569/569
f 565/565/565 571/571/571 564/564/564
f 564/564/564 571/571/571 570/570/570
f 566/566/566 572/572/572 565/565/565
f 565/565/565 572/572/572 571/571/571
f 566/566/566 573/573/573 572/572/572
f 567/567/567 574/574/574 568/568/568
f 574/574/574 575/575/575 568/568/568
f 569/569/569 576/576/576 567/567/567
f 570/570/570 576/576/576 569/569/569
f 576/576/576 574/574/574 567/567/567
f 571/571/571 577/577/577 570/570/570
f 570/570/570 577/577/577 576/576/576
f 572/572/572 578/578/578 571/571/571
f 571/571/571 578/578/578 577/577/577
f 573/573/573 579/579/579 572/572/572
f 572/572/572 579/579/579 578/578/578
f 573/573/573 580/580/580 579/579/579
f 574/574/574 581/581/581 575/575/575
f 581/581/581 582/582/582 575/575/575
f 576/576/576 583/583/583 574/574/574
f 577/577/577 583/583/583 576/576/576
f 583/583/583 581/581/581 574/574/574
f 578/578/578 584/584/584 577/577/577
f 577/577/577 584/584/584 583/583/583
f 579/579/579 585/585/585 578/578/578
f 578/578/578 585/585/585 584/584/584
f 580/580/580 586/586/586 579/579/579
f 579/579/579 586/586/586 585/585/585
f 580/580/580 587/587/587 586/586/586
f 581/581/581 588/588/588 582/582/582
f 588/588/588 589/589/589 582/582/582
f 583/583/583 590/590/590 581/581/581
f 584/584/584 590/590/590 583/583/583
f 590/590/590 588/588/588 581/581/581
f 585/585/585 591/591/591 584/584/584
f 584/584/584 591/591/591 590/590/590
f 586/586/586 592/592/592 585/585/585
f 585/585/585 592/592/592 591/591/591
f 587/587/587 593/593/593 586/586/586
f 586/586/586 593/593/593 592/592/592
f 587/587/587 594/594/594 593/593/593
f 588/588/588 595/595/595 589/589/589
f 595/595/595 596/596/596 589/589/589
f 590/590/590 597/597/597 588/588/588
f 591/591/591 597/597/597 590/590/590
f 597/597/597 595/595/595 588/588/588
f 592/592/592 598/598/598 591/591/591
f 591/591/591 598/598/598 597/597/597
f 593/593/593 599/599/599 592/592/592
f 592/592/592 599/599/599 598/598/598
f 594/594/594 600/600/600 593/593/593
f 593/593/593 600/600/600 599/599/599
f 594/594/594 601/601/601 600/600/600
f 595/595/595 602/602/602 596/596/596
f 602/602/602 603/603/603 596/596/596
f 597/597/597 604/604/604 595/595/595
f 598/598/598 604/604/604 597/597/597
f 604/604/604 602/602/602 595/595/595
f 599/599/599 605/605/605 598/598/598
f 598/598/598 605/605/605 604/604/604
f 600/600/600 606/606/606 599/599/599
f 599/599/599 606/606/606 605/605/605
f 601/601/601 607/607/607 600/600/600
f 600/600/600 607/607/607 606/606/606
f 601/601/601 608/608/608 607/607/607
f 602/602/602 609/609/609 603/603/603
f 609/609/609 610/610/610 603/603/603
f 604/604/604 611/611/611 602/602/602
f 605/605/605 611/611/611 604/604/604
f 611/611/611 609/609/609 602/602/602
f 606/606/606 612/612/612 605/605/605
f 605/605/605 612/612/612 611/611/611
f 607/607/607 613/613/613 606/606/606
f 606/606/606 613/613/613 612/612/612
f 608/608/608 614/614/614 607/607/607
f 607/607/607 614/614/614 613/613/613
f 608/608/608 615/615/615 614/614/614
f 609/609/609 616/616/616 610/610/610
f 616/616/616 617/617/617 610/610/610
f 611/611/611 618/618/618 609/609/609
f 612/612/612 618/618/618 611/611/611
f 618/618/618 616/616/616 609/609/609
f 613/613/613 619/619/619 612/612/612
f 612/612/612 619/619/619 618/618/618
f 614/614/614 620/620/620 613/613/613
f 613/613/613 620/620/620 619/619/619
f 615/615/615 621/621/621 614/614/614
f 614/614/614 621/621/621 620/620/620
f 615/615/615 622/622/622 621/621/621
f 616/616/616 623/623/623 617/617/617
f 623/623/623 624/624/624 617/617/617
f 618/618/618 625/625/625 616/616/616
f 619/619/619 625/625/625 618/618/618
f 625/625/625 623/623/623 616/616/616
f 620/620/620 626/626/626 619/619/619
f 619/619/619 626/626/626 625/625/625
f 621/621/621 627/627/627 620/620/620
f 620/620/620 627/627/627 626/626/626
f 622/622/622 628/628/628 621/621/621
f 621/621/621 628/628/628 627/627/627
f 622/622/622 629/629/629 628/628/628
f 623/623/623 630/630/630 624/624/624
f 630/630/630 631/631/631 624/624/624
f 625/625/625 632/632/632 623/623/623
f 626/626/626 632/632/632 625/625/625
f 632/632/632 630/630/630 623/623/623
f 627/627/627 633/633/633 626/626/626
f 626/626/626 633/633/633 632/632/632
f 628/628/628 634/634/634 627/627/627
f 627/627/627 634/634/634 633/633/633
f 629/629/629 635/635/635 628/628/628
f 628/628/628 635/635/635 634/634/634
f 629/629/629 636/636/636 635/635/635
f 632/632/632 637/637/637 630/630/630
f 633/633/633 637/637/637 632/632/632
f 630/630/630 638/638/638 631/631/631
f 637/637/637 638/638/638 630/630/630
f 634/634/634 639/639/639 633/633/633
f 633/633/633 639/639/639 637/637/637
f 635/635/635 640/640/640 634/634/634
f 634/634/634 640/640/640 639/639/639
f 636/636/636 641/641/641 635/635/635
f 635/635/635 641/641/641 640/640/640
f 636/636/636 642/642/642 641/641/641
f 639/639/639 643/643/643 637/637/637
f 637/637/637 643/643/643 638/638/638
f 638/638/638 644/644/644 631/631/631
f 631/631/631 644/644/644 645/645/645
f 644/644/644 646/646/646 645/645/645
f 640/640/640 647/647/647 639/639/639
f 639/639/639 647/647/647 643/643/643
f 641/641/641 648/648/648 640/640/640
f 640/640/640 648/648/648 647/647/647
f 642/642/642 649/649/649 641/641/641
f 641/641/641 649/649/649 648/648/648
f 642/642/642 650/650/650 649/649/649
f 638/638/638 651/651/651 644/644/644
f 643/643/643 651/651/651 638/638/638
f 644/644/644 652/652/652 646/646/646
f 651/651/651 652/652/652 644/644/644
f 652/652/652 653/653/653 646/646/646
f 647/647/647 654/654/654 643/643/643
f 643/643/643 654/654/654 651/651/651
f 648/648/648 655/655/655 647/647/647
f 647/647/647 655/655/655 654/654/654
f 649/649/649 656/656/656 648/648/648
f 648/648/648 656/656/656 655/655/655
f 650/650/650 657/657/657 649/649/649
f 649/649/649 657/657/657 656/656/656
f 650/650/650 658/658/658 657/657/657
f 652/652/652 659/659/659 653/653/653
f 659/659/659 660/660/660 653/653/653
f 651/651/651 661/661/661 652/652/652
f 654/654/654 661/661/661 651/651/651
f 661/661/661 659/659/659 652/652/652
f 655/655/655 662/662/662 654/654/654
f 654/654/654 662/662/662 661/661/661
f 656/656/656 663/663/663 655/655/655
f 655/655/655 663/663/663 662/662/662
f 657/657/657 664/664/664 656/656/656
f 656/656/656 664/664/664 663/663/663
f 658/658/658 665/665/665 657/657/657
f 657/657/657 665/665/665 664/664/664
f 658/658/658 666/666/666 665/665/665
f 659/659/659 667/667/667 660/660/660
f 667/667/667 668/668/668 660/660/660
f 661/661/661 669/669/669 659/659/659
f 662/662/662 669/669/669 661/661/661
f 669/669/669 667/667/667 659/659/659
f 663/663/663 670/670/670 662/662/662
f 662/662/662 670/670/670 669/669/669
f 664/664/664 671/671/671 663/663/663
f 663/663/663 671/671/671 670/670/670
f 665/665/665 672/672/672 664/664/664
f 664/664/664 672/672/672 671/671/671
f 666/666/666 673/673/673 665/665/665
f 665/665/665 673/673/673 672/672/672
f 666/666/666 674/674/674 673/673/673
f 667/667/667 675/675/675 668/668/668
f 675/675/675 676/676/676 668/668/668
f 669/669/669 677/677/677 667/667/667
f 670/670/670 677/677/677 669/669/669
f 677/677/677 675/675/675 667/667/667
f 671/671/671 678/678/678 670/670/670
f 670/670/670 678/678/678 677/677/677
f 672/672/672 679/679/679 671/671/671
f 671/671/671 679/679/679 678/678/678
f 673/673/673 680/680/680 672/672/672
f 672/672/672 680/680/680 679/679/679
f 674/674/674 681/681/681 673/673/673
f 673/673/673 681/681/681 680/680/680
f 674/674/674 682/682/682 681/681/681
f 675/675/675 683/683/683 676/676/676
f 683/683/683 684/684/684 676/676/676
f 677/677/677 685/685/685 675/675/675
f 678/678/678 685/685/685 677/677/677
f 685/685/685 683/683/683 675/675/675
f 679/679/679 686/686/686 678/678/678
f 678/678/678 686/686/686 685/685/685
f 680/680/680 687/687/687 679/679/679
f 679/679/679 687/687/687 686/686/686
f 681/681/681 688/688/688 680/680/680
f 680/680/680 688/688/688 687/687/687
f 682/682/682 689/689/689 681/681/681
f 681/681/681 689/689/689 688/688/688
f 682/682/682 690/690/690 689/689/689
f 683/683/683 691/691/691 684/684/684
f 691/691/691 692/692/692 684/684/684
f 685/685/685 693/693/693 683/683/683
f 686/686/686 693/693/693 685/685/685
f 693/693/693 691/691/691 683/683/683
f 687/687/687 694/694/694 686/686/686
f 686/686/686 694/694/694 693/693/693
f 688/688/688 695/695/695 687/687/687
f 687/687/687 695/695/695 694/694/694
f 689/689/689 696/696/696 688/688/688
f 688/688/688 696/696/696 695/695/695
f 690/690/690 697/697/697 689/689/689
f 689/689/689 697/697/697 696/696/696
f 690/690/690 698/698/698 697/697/697
f 691/691/691 699/699/699 692/692/692
f 699/699/699 700/700/700 692/692/692
f 693/693/693 701/701/701 691/691/691
f 694/694/694 701/701/701 693/693/693
f 701/701/701 699/699/699 691/691/691
f 695/695/695 702/702/702 694/694/694
f 694/694/694 702/702/702 701/701/701
f 696/696/696 703/703/703 695/695/695
f 695/695/695 703/703/703 702/702/702
f 697/697/697 704/704/704 696/696/696
f 696/696/696 704/704/704 703/703/703
f 698/698/698 705/705/705 697/697/697
f 697/697/697 705/705/705 704/704/704
f 698/698/698 706/706/706 705/705/705
f 699/699/699 707/707/707 700/700/700
f 707/707/707 708/708/708 700/700/700
f 701/701/701 709/709/709 699/699/699
f 702/702/702 709/709/709 701/701/701
f 709/709/709 707/707/707 699/699/699
f 703/703/703 710/710/710 702/702/702
f 702/702/702 710/710/710 709/709/709
f 704/704/704 711/711/711 703/703/703
f 703/703/703 711/711/711 710/710/710
f 705/705/705 712/712/712 704/704/704
f 704/704/704 712/712/712 711/711/711
f 706/706/706 713/713/713 705/705/705
f 705/705/705 713/713/713 712/712/712
f 706/706/706 714/714/714 713/713/713
f 707/707/707 715/715/715 708/708/708
f 715/715/715 716/716/716 708/708/708
f 709/709/709 717/717/717 707/707/707
f 710/710/710 717/717/717 709/709/709
f 717/717/717 715/715/715 707/707/707
f 711/711/711 718/718/718 710/710/710
f 710/710/710 718/718/718 717/717/717
f 712/712/712 719/719/719 711/711/711
f 711/711/711 719/719/719 718/718/718
f 713/713/713 720/720/720 712/712/712
f 712/712/712 720/720/720 719/719/719
f 714/714/714 721/721/721 713/713/713
f 713/713/713 721/721/721 720/720/720
f 714/714/714 722/722/722 721/721/721
f 715/715/715 723/723/723 716/716/716
f 723/723/723 724/724/724 716/716/716
f 717/717/717 725/725/725 715/715/715
f 718/718/718 725/725/725 717/717/717
f 725/725/725 723/723/723 715/715/715
f 719/719/719 726/726/726 718/718/718
f 718/718/718 726/726/726 725/725/725
f 720/720/720 727/727/727 719/719/719
f 719/719/719 727/727/727 726/726/726
f 721/721/721 728/728/728 720/720/720
f 720/720/720 728/728/728 727/727/727
f 722/722/722 729/729/729 721/721/721
f 721/721/721 729/729/729 728/728/728
f 722/722/722 730/730/730 729/729/729
f 731/731/731 730/730/730 722/722/722
f 730/730/730 732/732/732 729/729/729
f 731/731/731 733/733/733 730/730/730
f 730/730/730 734/734/734 732/732/732
f 733/733/733 734/734/734 730/730/730
f 734/734/734 735/735/735 732/732/732
f 733/733/733 736/736/736 734/734/734
f 728/728/728 737/737/737 727/727/727
f 728/728/728 738/738/738 737/737/737
f 734/734/734 739/739/739 735/735/735
f 736/736/736 739/739/739 734/734/734
f 736/736/736 740/740/740 739/739/739
f 741/741/741 740/740/740 736/736/736
f 740/740/740 742/742/742 739/739/739
f 727/727/727 737/737/737 743/743/743
f 727/727/727 743/743/743 726/726/726
f 738/738/738 744/744/744 737/737/737
f 738/738/738 745/745/745 744/744/744
f 735/735/735 746/746/746 745/745/745
f 735/735/735 747/747/747 746/746/746
f 742/742/742 748/748/748 747/747/747
f 745/745/745 746/746/746 749/749/749
f 745/745/745 749/749/749 744/744/744
f 747/747/747 750/750/750 746/746/746
f 747/747/747 748/748/748 750/750/750
f 748/748/748 751/751/751 750/750/750
f 750/750/750 751/751/751 752/752/752
f 751/751/751 753/753/753 752/752/752
f 737/737/737 744/744/744 754/754/754
f 737/737/737 754/754/754 743/743/743
f 744/744/744 749/749/749 755/755/755
f 744/744/744 755/755/755 754/754/754
f 752/752/752 753/753/753 756/756/756
f 753/753/753 757/757/757 756/756/756
f 749/749/749 758/758/758 755/755/755
f 749/749/749 759/759/759 758/758/758
f 759/759/759 752/752/752 760/760/760
f 752/752/752 756/756/756 760/760/760
f 759/759/759 760/760/760 758/758/758
f 756/756/756 757/757/757 761/761/761
f 757/757/757 762/762/762 761/761/761
f 760/760/760 756/756/756 763/763/763
f 756/756/756 761/761/761 763/763/763
f 758/758/758 760/760/760 764/764/764
f 760/760/760 763/763/763 764/764/764
f 755/755/755 758/758/758 765/765/765
f 758/758/758 764/764/764 765/765/765
f 754/754/754 755/755/755 766/766/766
f 755/755/755 765/765/765 766/766/766
f 761/761/761 762/762/762 767/767/767
f 762/762/762 768/768/768 767/767/767
f 767/767/767 768/768/768 769/769/769
f 767/767/767 769/769/769 770/770/770
f 761/761/761 767/767/767 771/771/771
f 771/771/771 767/767/767 770/770/770
f 763/763/763 761/761/761 771/771/771
f 771/771/771 770/770/770 772/772/772
f 763/763/763 771/771/771 773/773/773
f 773/773/773 771/771/771 772/772/772
f 764/764/764 763/763/763 773/773/773
f 773/773/773 772/772/772 774/774/774
f 764/764/764 773/773/773 775/775/775
f 775/775/775 773/773/773 774/774/774
f 765/765/765 764/764/764 775/775/775
f 775/775/775 774/774/774 776/776/776
f 765/765/765 775/775/775 777/777/777
f 777/777/777 775/775/775 776/776/776
f 777/777/777 776/776/776 778/778/778
f 766/766/766 765/765/765 777/777/777
f 779/779/779 777/777/777 778/778/778
f 766/766/766 777/777/777 779/779/779
f 779/779/779 778/778/778 780/780/780
f 781/781/781 766/766/766 779/779/779
f 754/754/754 766/766/766 781/781/781
f 743/743/743 754/754/754 781/781/781
f 782/782/782 779/779/779 780/780/780
f 781/781/781 779/779/779 782/782/782
f 782/782/782 780/780/780 724/724/724
f 723/723/723 782/782/782 724/724/724
f 743/743/743 781/781/781 783/783/783
f 783/783/783 781/781/781 782/782/782
f 783/783/783 782/782/782 723/723/723
f 726/726/726 743/743/743 783/783/783
f 725/725/725 783/783/783 723/723/723
f 726/726/726 783/783/783 725/725/725
f 786/786/786 785/785/785 784/784/784
f 785/785/785 787/787/787 784/784/784
f 784/784/784 787/787/787 788/788/788
f 785/785/785 789/789/789 787/787/787
f 787/787/787 790/790/790 788/788/788
f 788/788/788 790/790/790 791/791/791
f 790/790/790 792/792/792 791/791/791
f 789/789/789 793/793/793 787/787/787
f 787/787/787 793/793/793 790/790/790
f 789/789/789 794/794/794 793/793/793
f 790/790/790 795/795/795 792/792/792
f 793/793/793 795/795/795 790/790/790
f 795/795/795 796/796/796 792/792/792
f 794/794/794 797/797/797 793/793/793
f 793/793/793 797/797/797 795/795/795
f 794/794/794 798/798/798 797/797/797
f 795/795/795 799/799/799 796/796/796
f 797/797/797 799/799/799 795/795/795
f 799/799/799 800/800/800 796/796/796
f 798/798/798 801/801/801 797/797/797
f 797/797/797 801/801/801 799/799/799
f 798/798/798 802/802/802 801/801/801
f 799/799/799 803/803/803 800/800/800
f 801/801/801 803/803/803 799/799/799
f 803/803/803 804/804/804 800/800/800
f 802/802/802 805/805/805 801/801/801
f 801/801/801 805/805/805 803/803/803
f 802/802/802 806/806/806 805/805/805
f 803/803/803 807/807/807 804/804/804
f 805/805/805 807/807/807 803/803/803
f 807/807/807 808/808/808 804/804/804
f 806/806/806 809/809/809 805/805/805
f 805/805/805 809/809/809 807/807/807
f 806/806/806 810/810/810 809/809/809
f 807/807/807 811/811/811 808/808/808
f 809/809/809 811/811/811 807/807/807
f 811/811/811 812/812/812 808/808/808
f 810/810/810 813/813/813 809/809/809
f 809/809/809 813/813/813 811/811/811
f 810/810/810 814/814/814 813/813/813
f 811/811/811 815/815/815 812/812/812
f 813/813/813 815/815/815 811/811/811
f 815/815/815 816/816/816 812/812/812
f 814/814/814 817/817/817 813/813/813
f 813/813/813 817/817/817 815/815/815
f 814/814/814 818/818/818 817/817/817
f 815/815/815 819/819/819 816/816/816
f 817/817/817 819/819/819 815/815/815
f 819/819/819 820/820/820 816/816/816
f 818/818/818 821/821/821 817/817/817
f 817/817/817 821/821/821 819/819/819
f 818/818/818 822/822/822 821/821/821
f 819/819/819 823/823/823 820/820/820
f 821/821/821 823/823/823 819/819/819
f 823/823/823 824/824/824 820/820/820
f 822/822/822 825/825/825 821/821/821
f 821/821/821 825/825/825 823/823/823
f 822/822/822 826/826/826 825/825/825
f 823/823/823 827/827/827 824/824/824
f 825/825/825 827/827/827 823/823/823
f 827/827/827 828/828/828 824/824/824
f 826/826/826 829/829/829 825/825/825
f 825/825/825 829/829/829 827/827/827
f 826/826/826 830/830/830 829/829/829
f 827/827/827 831/831/831 828/828/828
f 829/829/829 831/831/831 827/827/827
f 831/831/831 832/832/832 828/828/828
f 830/830/830 833/833/833 829/829/829
f 829/829/829 833/833/833 831/831/831
f 830/830/830 834/834/834 833/833/833
f 831/831/831 835/835/835 832/832/832
f 833/833/833 835/835/835 831/831/831
f 835/835/835 836/836/836 832/832/832
f 834/834/834 837/837/837 833/833/833
f 833/833/833 837/837/837 835/835/835
f 834/834/834 838/838/838 837/837/837
f 835/835/835 839/839/839 836/836/836
f 837/837/837 839/839/839 835/835/835
f 839/839/839 840/840/840 836/836/836
f 838/838/838 841/841/841 837/837/837
f 837/837/837 841/841/841 839/839/839
f 838/838/838 842/842/842 841/841/841
f 839/839/839 843/843/843 840/840/840
f 841/841/841 843/843/843 839/839/839
f 843/843/843 844/844/844 840/840/840
f 842/842/842 845/845/845 841/841/841
f 841/841/841 845/845/845 843/843/843
f 842/842/842 846/846/846 845/845/845
f 843/843/843 847/847/847 844/844/844
f 845/845/845 847/847/847 843/843/843
f 847/847/847 848/848/848 844/844/844
f 846/846/846 849/849/849 845/845/845
f 845/845/845 849/849/849 847/847/847
f 846/846/846 850/850/850 849/849/849
f 847/847/847 851/851/851 848/848/848
f 849/849/849 851/851/851 847/847/847
f 851/851/851 852/852/852 848/848/848
f 850/850/850 853/853/853 849/849/849
f 849/849/849 853/853/853 851/851/851
f 850/850/850 854/854/854 853/853/853
f 851/851/851 855/855/855 852/852/852
f 853/853/853 855/855/855 851/851/851
f 855/855/855 856/856/856 852/852/852
f 854/854/854 857/857/857 853/853/853
f 853/853/853 857/857/857 855/855/855
f 854/854/854 858/858/858 857/857/857
f 855/855/855 859/859/859 856/856/856
f 857/857/857 859/859/859 855/855/855
f 859/859/859 860/860/860 856/856/856
f 858/858/858 861/861/861 857/857/857
f 857/857/857 861/861/861 859/859/859
f 858/858/858 862/862/862 861/861/861
f 859/859/859 863/863/863 860/860/860
f 861/861/861 863/863/863 859/859/859
f 863/863/863 864/864/864 860/860/860
f 862/862/862 865/865/865 861/861/861
f 861/861/861 865/865/865 863/863/863
f 862/862/862 866/866/866 865/865/865
f 865/865/865 867/867/867 863/863/863
f 866/866/866 868/868/868 865/865/865
f 865/865/865 868/868/868 867/867/867
f 866/866/866 869/869/869 868/868/868
f 868/868/868 870/870/870 867/867/867
f 869/869/869 871/871/871 868/868/868
f 868/868/868 871/871/871 870/870/870
f 869/869/869 872/872/872 871/871/871
f 871/871/871 873/873/873 870/870/870
f 872/872/872 874/874/874 871/871/871
f 871/871/871 874/874/874 873/873/873
f 872/872/872 875/875/875 874/874/874
f 874/874/874 876/876/876 873/873/873
f 875/875/875 877/877/877 874/874/874
f 874/874/874 877/877/877 876/876/876
f 875/875/875 878/878/878 877/877/877
f 877/877/877 879/879/879 876/876/876
f 878/878/878 880/880/880 877/877/877
f 877/877/877 880/880/880 879/879/879
f 878/878/878 881/881/881 880/880/880
f 880/880/880 882/882/882 879/879/879
f 881/881/881 883/883/883 880/880/880
f 880/880/880 883/883/883 882/882/882
f 881/881/881 884/884/884 883/883/883
f 883/883/883 885/885/885 882/882/882
f 884/884/884 886/886/886 883/883/883
f 883/883/883 886/886/886 885/885/885
f 884/884/884 887/887/887 886/886/886
f 886/886/886 888/888/888 885/885/885
f 887/887/887 889/889/889 886/886/886
f 886/886/886 889/889/889 888/888/888
f 887/887/887 890/890/890 889/889/889
f 889/889/889 891/891/891 888/888/888
f 890/890/890 892/892/892 889/889/889
f 889/889/889 892/892/892 891/891/891
f 890/890/890 893/893/893 892/892/892
f 892/892/892 894/894/894 891/891/891
f 893/893/893 895/895/895 892/892/892
f 892/892/892 895/895/895 894/894/894
f 893/893/893 896/896/896 895/895/895
f 895/895/895 897/897/897 894/894/894
f 900/900/900 899/899/899 898/898/898
f 899/899/899 901/901/901 898/898/898
f 899/899/899 902/902/902 901/901/901
f 902/902/902 903/903/903 901/901/901
f 902/902/902 904/904/904 903/903/903
f 904/904/904 905/905/905 903/903/903
f 904/904/904 906/906/906 905/905/905
f 906/906/906 907/907/907 905/905/905
f 906/906/906 908/908/908 907/907/907
f 908/908/908 909/909/909 907/907/907
f 908/908/908 910/910/910 909/909/909
f 910/910/910 911/911/911 909/909/909
f 910/910/910 912/912/912 911/911/911
f 912/912/912 913/913/913 911/911/911
f 912/912/912 914/914/914 913/913/913
f 914/914/914 915/915/915 913/913/913
f 914/914/914 916/916/916 915/915/915
f 916/916/916 917/917/917 915/915/915
f 916/916/916 918/918/918 917/917/917
f 918/918/918 919/919/919 917/917/917
f 918/918/918 920/920/920 919/919/919
f 920/920/920 921/921/921 919/919/919
f 920/920/920 922/922/922 921/921/921
f 922/922/922 923/923/923 921/921/921
f 922/922/922 924/924/924 923/923/923
f 927/927/927 926/926/926 925/925/925
f 926/926/926 928/928/928 925/925/925
f 925/925/925 928/928/928 929/929/929
f 926/926/926 930/930/930 928/928/928
f 928/928/928 931/931/931 929/929/929
f 929/929/929 931/931/931 932/932/932
f 930/930/930 933/933/933 928/928/928
f 928/928/928 933/933/933 931/931/931
f 930/930/930 934/934/934 933/933/933
f 931/931/931 935/935/935 932/932/932
f 932/932/932 935/935/935 936/936/936
f 933/933/933 937/937/937 931/931/931
f 931/931/931 937/937/937 935/935/935
f 934/934/934 938/938/938 933/933/933
f 933/933/933 938/938/938 937/937/937
f 934/934/934 939/939/939 938/938/938
f 935/935/935 940/940/940 936/936/936
f 936/936/936 940/940/940 941/941/941
f 937/937/937 942/942/942 935/935/935
f 935/935/935 942/942/942 940/940/940
f 938/938/938 943/943/943 937/937/937
f 937/937/937 943/943/943 942/942/942
f 939/939/939 944/944/944 938/938/938
f 938/938/938 944/944/944 943/943/943
f 939/939/939 945/945/945 944/944/944
f 940/940/940 946/946/946 941/941/941
f 941/941/941 946/946/946 947/947/947
f 942/942/942 948/948/948 940/940/940
f 940/940/940 948/948/948 946/946/946
f 943/943/943 949/949/949 942/942/942
f 942/942/942 949/949/949 948/948/948
f 944/944/944 950/950/950 943/943/943
f 943/943/943 950/950/950 949/949/949
f 945/945/945 951/951/951 944/944/944
f 944/944/944 951/951/951 950/950/950
f 945/945/945 952/952/952 951/951/951
f 946/946/946 953/953/953 947/947/947
f 947/947/947 953/953/953 954/954/954
f 953/953/953 955/955/955 954/954/954
f 948/948/948 956/956/956 946/946/946
f 946/946/946 956/956/956 953/953/953
f 953/953/953 957/957/957 955/955/955
f 956/956/956 957/957/957 953/953/953
f 957/957/957 958/958/958 955/955/955
f 949/949/949 959/959/959 948/948/948
f 948/948/948 959/959/959 956/956/956
f 950/950/950 960/960/960 949/949/949
f 949/949/949 960/960/960 959/959/959
f 951/951/951 961/961/961 950/950/950
f 950/950/950 961/961/961 960/960/960
f 957/957/957 962/962/962 958/958/958
f 962/962/962 963/963/963 958/958/958
f 956/956/956 964/964/964 957/957/957
f 959/959/959 964/964/964 956/956/956
f 964/964/964 962/962/962 957/957/957
f 960/960/960 965/965/965 959/959/959
f 959/959/959 965/965/965 964/964/964
f 962/962/962 966/966/966 963/963/963
f 966/966/966 967/967/967 963/963/963
f 964/964/964 968/968/968 962/962/962
f 965/965/965 968/968/968 964/964/964
f 968/968/968 966/966/966 962/962/962
f 960/960/960 969/969/969 965/965/965
f 961/961/961 969/969/969 960/960/960
f 951/951/951 970/970/970 961/961/961
f 952/952/952 970/970/970 951/951/951
f 952/952/952 971/971/971 970/970/970
f 966/966/966 972/972/972 967/967/967
f 972/972/972 973/973/973 967/967/967
f 968/968/968 974/974/974 966/966/966
f 974/974/974 972/972/972 966/966/966
f 965/965/965 975/975/975 968/968/968
f 969/969/969 975/975/975 965/965/965
f 975/975/975 974/974/974 968/968/968
f 961/961/961 976/976/976 969/969/969
f 970/970/970 976/976/976 961/961/961
f 971/971/971 977/977/977 970/970/970
f 970/970/970 977/977/977 976/976/976
f 971/971/971 978/978/978 977/977/977
f 972/972/972 979/979/979 973/973/973
f 979/979/979 980/980/980 973/973/973
f 974/974/974 981/981/981 972/972/972
f 981/981/981 979/979/979 972/972/972
f 975/975/975 982/982/982 974/974/974
f 982/982/982 981/981/981 974/974/974
f 969/969/969 983/983/983 975/975/975
f 976/976/976 983/983/983 969/969/969
f 983/983/983 982/982/982 975/975/975
f 977/977/977 984/984/984 976/976/976
f 976/976/976 984/984/984 983/983/983
f 978/978/978 985/985/985 977/977/977
f 977/977/977 985/985/985 984/984/984
f 978/978/978 986/986/986 985/985/985
f 979/979/979 987/987/987 980/980/980
f 987/987/987 988/988/988 980/980/980
f 981/981/981 989/989/989 979/979/979
f 989/989/989 987/987/987 979/979/979
f 982/982/982 990/990/990 981/981/981
f 990/990/990 989/989/989 981/981/981
f 983/983/983 991/991/991 982/982/982
f 984/984/984 991/991/991 983/983/983
f 991/991/991 990/990/990 982/982/982
f 985/985/985 992/992/992 984/984/984
f 984/984/984 992/992/992 991/991/991
f 986/986/986 993/993/993 985/985/985
f 985/985/985 993/993/993 992/992/992
f 986/986/986 994/994/994 993/993/993
f 987/987/987 995/995/995 988/988/988
f 995/995/995 996/996/996 988/988/988
f 989/989/989 997/997/997 987/987/987
f 997/997/997 995/995/995 987/987/987
f 990/990/990 998/998/998 989/989/989
f 998/998/998 997/997/997 989/989/989
f 991/991/991 999/999/999 990/990/990
f 992/992/992 999/999/999 991/991/991
f 999/999/999 998/998/998 990/990/990
f 993/993/993 1000/1000/1000 992/992/992
f 992/992/992 1000/1000/1000 999/999/999
f 994/994/994 1001/1001/1001 993/993/993
f 993/993/993 1001/1001/1001 1000/1000/1000
f 994/994/994 1002/1002/1002 1001/1001/1001
f 995/995/995 1003/1003/1003 996/996/996
f 1003/1003/1003 1004/1004/1004 996/996/996
f 997/997/997 1005/1005/1005 995/995/995
f 1005/1005/1005 1003/1003/1003 995/995/995
f 998/998/998 1006/1006/1006 997/997/997
f 1006/1006/1006 1005/1005/1005 997/997/997
f 999/999/999 1007/1007/1007 998/998/998
f 1000/1000/1000 1007/1007/1007 999/999/999
f 1007/1007/1007 1006/1006/1006 998/998/998
f 1001/1001/1001 1008/1008/1008 1000/1000/1000
f 1000/1000/1000 1008/1008/1008 1007/1007/1007
f 1002/1002/1002 1009/1009/1009 1001/1001/1001
f 1001/1001/1001 1009/1009/1009 1008/1008/1008
f 1002/1002/1002 1010/1010/1010 1009/1009/1009
f 1003/1003/1003 1011/1011/1011 1004/1004/1004
f 1011/1011/1011 1012/1012/1012 1004/1004/1004
f 1005/1005/1005 1013/1013/1013 1003/1003/1003
f 1013/1013/1013 1011/1011/1011 1003/1003/1003
f 1006/1006/1006 1014/1014/1014 1005/1005/1005
f 1014/1014/1014 1013/1013/1013 1005/1005/1005
f 1007/1007/1007 1015/1015/1015 1006/1006/1006
f 1008/1008/1008 1015/1015/1015 1007/1007/1007
f 1015/1015/1015 1014/1014/1014 1006/1006/1006
f 1009/1009/1009 1016/1016/1016 1008/1008/1008
f 1008/1008/1008 1016/1016/1016 1015/1015/1015
f 1010/1010/1010 1017/1017/1017 1009/1009/1009
f 1009/1009/1009 1017/1017/1017 1016/1016/1016
f 1010/1010/1010 1018/1018/1018 1017/1017/1017
f 1011/1011/1011 1019/1019/1019 1012/1012/1012
f 1019/1019/1019 1020/1020/1020 1012/1012/1012
f 1013/1013/1013 1021/1021/1021 1011/1011/1011
f 1021/1021/1021 1019/1019/1019 1011/1011/1011
f 1014/1014/1014 1022/1022/1022 1013/1013/1013
f 1022/1022/1022 1021/1021/1021 1013/1013/1013
f 1015/1015/1015 1023/1023/1023 1014/1014/1014
f 1016/1016/1016 1023/1023/1023 1015/1015/1015
f 1023/1023/1023 1022/1022/1022 1014/1014/1014
f 1017/1017/1017 1024/1024/1024 1016/1016/1016
f 1016/1016/1016 1024/1024/1024 1023/1023/1023
f 1018/1018/1018 1025/1025/1025 1017/1017/1017
f 1017/1017/1017 1025/1025/1025 1024/1024/1024
f 1018/1018/1018 1026/1026/1026 1025/1025/1025
f 1019/1019/1019 1027/1027/1027 1020/1020/1020
f 1027/1027/1027 1028/1028/1028 1020/1020/1020
f 1021/1021/1021 1029/1029/1029 1019/1019/1019
f 1029/1029/1029 1027/1027/1027 1019/1019/1019
f 1022/1022/1022 1030/1030/1030 1021/1021/1021
f 1030/1030/1030 1029/1029/1029 1021/1021/1021
f 1023/1023/1023 1031/1031/1031 1022/1022/1022
f 1024/1024/1024 1031/1031/1031 1023/1023/1023
f 1031/1031/1031 1030/1030/1030 1022/1022/1022
f 1025/1025/1025 1032/1032/1032 1024/1024/1024
f 1024/1024/1024 1032/1032/1032 1031/1031/1031
f 1026/1026/1026 1033/1033/1033 1025/1025/1025
f 1025/1025/1025 1033/1033/1033 1032/1032/1032
f 1026/1026/1026 1034/1034/1034 1033/1033/1033
f 1027/1027/1027 1035/1035/1035 1028/1028/1028
f 1035/1035/1035 1036/1036/1036 1028/1028/1028
f 1029/1029/1029 1037/1037/1037 1027/1027/1027
f 1037/1037/1037 1035/1035/1035 1027/1027/1027
f 1030/1030/1030 1038/1038/1038 1029/1029/1029
f 1038/1038/1038 1037/1037/1037 1029/1029/1029
f 1031/1031/1031 1039/1039/1039 1030/1030/1030
f 1032/1032/1032 1039/1039/1039 1031/1031/1031
f 1039/1039/1039 1038/1038/1038 1030/1030/1030
f 1033/1033/1033 1040/1040/1040 1032/1032/1032
f 1032/1032/1032 1040/1040/1040 1039/1039/1039
f 1034/1034/1034 1041/1041/1041 1033/1033/1033
f 1033/1033/1033 1041/1041/1041 1040/1040/1040
f 1034/1034/1034 1042/1042/1042 1041/1041/1041
f 1039/1039/1039 1043/1043/1043 1038/1038/1038
f 1040/1040/1040 1043/1043/1043 1039/1039/1039
f 1038/1038/1038 1044/1044/1044 1037/1037/1037
f 1043/1043/1043 1044/1044/1044 1038/1038/1038
f 1037/1037/1037 1045/1045/1045 1035/1035/1035
f 1044/1044/1044 1045/1045/1045 1037/1037/1037
f 1041/1041/1041 1046/1046/1046 1040/1040/1040
f 1040/1040/1040 1046/1046/1046 1043/1043/1043
f 1042/1042/1042 1047/1047/1047 1041/1041/1041
f 1041/1041/1041 1047/1047/1047 1046/1046/1046
f 1042/1042/1042 1048/1048/1048 1047/1047/1047
f 1043/1043/1043 1049/1049/1049 1044/1044/1044
f 1046/1046/1046 1049/1049/1049 1043/1043/1043
f 1047/1047/1047 1050/1050/1050 1046/1046/1046
f 1046/1046/1046 1050/1050/1050 1049/1049/1049
f 1048/1048/1048 1051/1051/1051 1047/1047/1047
f 1047/1047/1047 1051/1051/1051 1050/1050/1050
f 1048/1048/1048 1052/1052/1052 1051/1051/1051
f 1049/1049/1049 1053/1053/1053 1044/1044/1044
f 1044/1044/1044 1053/1053/1053 1045/1045/1045
f 1045/1045/1045 1054/1054/1054 1035/1035/1035
f 1035/1035/1035 1054/1054/1054 1036/1036/1036
f 1050/1050/1050 1055/1055/1055 1049/1049/1049
f 1049/1049/1049 1055/1055/1055 1053/1053/1053
f 1051/1051/1051 1056/1056/1056 1050/1050/1050
f 1050/1050/1050 1056/1056/1056 1055/1055/1055
f 1052/1052/1052 1057/1057/1057 1051/1051/1051
f 1051/1051/1051 1057/1057/1057 1056/1056/1056
f 1052/1052/1052 1058/1058/1058 1057/1057/1057
f 1053/1053/1053 1059/1059/1059 1045/1045/1045
f 1045/1045/1045 1059/1059/1059 1054/1054/1054
f 1055/1055/1055 1060/1060/1060 1053/1053/1053
f 1053/1053/1053 1060/1060/1060 1059/1059/1059
f 1056/1056/1056 1061/1061/1061 1055/1055/1055
f 1055/1055/1055 1061/1061/1061 1060/1060/1060
f 1057/1057/1057 1062/1062/1062 1056/1056/1056
f 1056/1056/1056 1062/1062/1062 1061/1061/1061
f 1058/1058/1058 1063/1063/1063 1057/1057/1057
f 1057/1057/1057 1063/1063/1063 1062/1062/1062
f 1058/1058/1058 1064/1064/1064 1063/1063/1063
f 1064/1064/1064 1065/1065/1065 1063/1063/1063
f 1064/1064/1064 1066/1066/1066 1065/1065/1065
f 1063/1063/1063 1067/1067/1067 1062/1062/1062
f 1063/1063/1063 1065/1065/1065 1067/1067/1067
f 1062/1062/1062 1068/1068/1068 1061/1061/1061
f 1062/1062/1062 1067/1067/1067 1068/1068/1068
f 1061/1061/1061 1069/1069/1069 1060/1060/1060
f 1061/1061/1061 1068/1068/1068 1069/1069/1069
f 1060/1060/1060 1070/1070/1070 1059/1059/1059
f 1060/1060/1060 1069/1069/1069 1070/1070/1070
f 1066/1066/1066 1071/1071/1071 1065/1065/1065
f 1066/1066/1066 1072/1072/1072 1071/1071/1071
f 1065/1065/1065 1073/1073/1073 1067/1067/1067
f 1065/1065/1065 1071/1071/1071 1073/1073/1073
f 1067/1067/1067 1074/1074/1074 1068/1068/1068
f 1067/1067/1067 1073/1073/1073 1074/1074/1074
f 1068/1068/1068 1075/1075/1075 1069/1069/1069
f 1068/1068/1068 1074/1074/1074 1075/1075/1075
f 1072/1072/1072 1076/1076/1076 1071/1071/1071
f 1072/1072/1072 1077/1077/1077 1076/1076/1076
f 1071/1071/1071 1078/1078/1078 1073/1073/1073
f 1071/1071/1071 1076/1076/1076 1078/1078/1078
f 1073/1073/1073 1079/1079/1079 1074/1074/1074
f 1073/1073/1073 1078/1078/1078 1079/1079/1079
f 1077/1077/1077 1080/1080/1080 1076/1076/1076
f 1077/1077/1077 1081/1081/1081 1080/1080/1080
f 1076/1076/1076 1082/1082/1082 1078/1078/1078
f 1076/1076/1076 1080/1080/1080 1082/1082/1082
f 1081/1081/1081 1083/1083/1083 1080/1080/1080
f 1081/1081/1081 1084/1084/1084 1083/1083/1083
f 1069/1069/1069 1075/1075/1075 1085/1085/1085
f 1069/1069/1069 1085/1085/1085 1070/1070/1070
f 1074/1074/1074 1086/1086/1086 1075/1075/1075
f 1074/1074/1074 1079/1079/1079 1086/1086/1086
f 1078/1078/1078 1087/1087/1087 1079/1079/1079
f 1078/1078/1078 1082/1082/1082 1087/1087/1087
f 1080/1080/1080 1088/1088/1088 1082/1082/1082
f 1080/1080/1080 1083/1083/1083 1088/1088/1088
f 1084/1084/1084 1089/1089/1089 1083/1083/1083
f 1084/1084/1084 1090/1090/1090 1089/1089/1089
f 1075/1075/1075 1091/1091/1091 1085/1085/1085
f 1075/1075/1075 1086/1086/1086 1091/1091/1091
f 1079/1079/1079 1092/1092/1092 1086/1086/1086
f 1079/1079/1079 1087/1087/1087 1092/1092/1092
f 1082/1082/1082 1093/1093/1093 1087/1087/1087
f 1082/1082/1082 1088/1088/1088 1093/1093/1093
f 1083/1083/1083 1094/1094/1094 1088/1088/1088
f 1083/1083/1083 1089/1089/1089 1094/1094/1094
f 1090/1090/1090 1095/1095/1095 1089/1089/1089
f 1090/1090/1090 1096/1096/1096 1095/1095/1095
f 1089/1089/1089 1095/1095/1095 1097/1097/1097
f 1089/1089/1089 1097/1097/1097 1094/1094/1094
f 1088/1088/1088 1094/1094/1094 1098/1098/1098
f 1088/1088/1088 1098/1098/1098 1093/1093/1093
f 1087/1087/1087 1093/1093/1093 1099/1099/1099
f 1087/1087/1087 1099/1099/1099 1092/1092/1092
f 1086/1086/1086 1092/1092/1092 1100/1100/1100
f 1086/1086/1086 1100/1100/1100 1091/1091/1091
f 1095/1095/1095 1101/1101/1101 1097/1097/1097
f 1095/1095/1095 1102/1102/1102 1101/1101/1101
f 1094/1094/1094 1097/1097/1097 1103/1103/1103
f 1094/1094/1094 1103/1103/1103 1098/1098/1098
f 1093/1093/1093 1098/1098/1098 1104/1104/1104
f 1093/1093/1093 1104/1104/1104 1099/1099/1099
f 1092/1092/1092 1099/1099/1099 1105/1105/1105
f 1092/1092/1092 1105/1105/1105 1100/1100/1100
f 1097/1097/1097 1101/1101/1101 1106/1106/1106
f 1097/1097/1097 1106/1106/1106 1103/1103/1103
f 1101/1101/1101 1107/1107/1107 1106/1106/1106
f 1103/1103/1103 1106/1106/1106 1108/1108/1108
f 1102/1102/1102 1109/1109/1109 1101/1101/1101
f 1101/1101/1101 1109/1109/1109 1107/1107/1107
f 1102/1102/1102 1110/1110/1110 1109/1109/1109
f 1109/1109/1109 1111/1111/1111 1107/1107/1107
f 1110/1110/1110 1112/1112/1112 1109/1109/1109
f 1109/1109/1109 1112/1112/1112 1111/1111/1111
f 1110/1110/1110 1113/1113/1113 1112/1112/1112
f 1112/1112/1112 1114/1114/1114 1111/1111/1111
f 1113/1113/1113 1115/1115/1115 1112/1112/1112
f 1112/1112/1112 1115/1115/1115 1114/1114/1114
f 1115/1115/1115 1116/1116/1116 1114/1114/1114
f 1113/1113/1113 1117/1117/1117 1115/1115/1115
f 1115/1115/1115 1118/1118/1118 1116/1116/1116
f 1117/1117/1117 1118/1118/1118 1115/1115/1115
f 1117/1117/1117 1119/1119/1119 1118/1118/1118
f 1120/1120/1120 1119/1119/1119 1117/1117/1117
f 1119/1119/1119 1121/1121/1121 1118/1118/1118
f 1118/1118/1118 1121/1121/1121 1122/1122/1122
f 1121/1121/1121 1123/1123/1123 1122/1122/1122
f 1122/1122/1122 1123/1123/1123 1124/1124/1124
f 1123/1123/1123 1125/1125/1125 1124/1124/1124
f 1122/1122/1122 1124/1124/1124 1126/1126/1126
f 1126/1126/1126 1124/1124/1124 1127/1127/1127
f 1126/1126/1126 1127/1127/1127 1128/1128/1128
f 1129/1129/1129 1126/1126/1126 1128/1128/1128
f 1129/1129/1129 1128/1128/1128 1130/1130/1130
f 1131/1131/1131 1129/1129/1129 1130/1130/1130
f 1131/1131/1131 1130/1130/1130 1132/1132/1132
f 1133/1133/1133 1131/1131/1131 1132/1132/1132
f 1133/1133/1133 1132/1132/1132 1134/1134/1134
f 1135/1135/1135 1133/1133/1133 1134/1134/1134
f 1135/1135/1135 1134/1134/1134 1136/1136/1136
f 1108/1108/1108 1135/1135/1135 1136/1136/1136
f 1128/1128/1128 1127/1127/1127 1137/1137/1137
f 1130/1130/1130 1128/1128/1128 1138/1138/1138
f 1128/1128/1128 1137/1137/1137 1138/1138/1138
f 1132/1132/1132 1130/1130/1130 1139/1139/1139
f 1130/1130/1130 1138/1138/1138 1139/1139/1139
f 1134/1134/1134 1132/1132/1132 1140/1140/1140
f 1132/1132/1132 1139/1139/1139 1140/1140/1140
f 1136/1136/1136 1134/1134/1134 1141/1141/1141
f 1134/1134/1134 1140/1140/1140 1141/1141/1141
f 1127/1127/1127 1142/1142/1142 1137/1137/1137
f 1127/1127/1127 1143/1143/1143 1142/1142/1142
f 1108/1108/1108 1136/1136/1136 1144/1144/1144
f 1136/1136/1136 1141/1141/1141 1145/1145/1145
f 1144/1144/1144 1136/1136/1136 1145/1145/1145
f 1146/1146/1146 1108/1108/1108 1144/1144/1144
f 1103/1103/1103 1108/1108/1108 1146/1146/1146
f 1098/1098/1098 1103/1103/1103 1146/1146/1146
f 1098/1098/1098 1146/1146/1146 1104/1104/1104
f 1146/1146/1146 1144/1144/1144 1147/1147/1147
f 1104/1104/1104 1146/1146/1146 1147/1147/1147
f 1144/1144/1144 1145/1145/1145 1148/1148/1148
f 1147/1147/1147 1144/1144/1144 1148/1148/1148
f 1104/1104/1104 1147/1147/1147 1149/1149/1149
f 1099/1099/1099 1104/1104/1104 1149/1149/1149
f 1099/1099/1099 1149/1149/1149 1105/1105/1105
f 1149/1149/1149 1147/1147/1147 1150/1150/1150
f 1147/1147/1147 1148/1148/1148 1150/1150/1150
f 1105/1105/1105 1149/1149/1149 1151/1151/1151
f 1149/1149/1149 1150/1150/1150 1151/1151/1151
f 1105/1105/1105 1151/1151/1151 1152/1152/1152
f 1100/1100/1100 1105/1105/1105 1152/1152/1152
f 1100/1100/1100 1152/1152/1152 1153/1153/1153
f 1091/1091/1091 1100/1100/1100 1153/1153/1153
f 1091/1091/1091 1153/1153/1153 1154/1154/1154
f 1085/1085/1085 1091/1091/1091 1154/1154/1154
f 1085/1085/1085 1154/1154/1154 1155/1155/1155
f 1070/1070/1070 1085/1085/1085 1155/1155/1155
f 1070/1070/1070 1155/1155/1155 1156/1156/1156
f 1059/1059/1059 1070/1070/1070 1156/1156/1156
f 1059/1059/1059 1156/1156/1156 1054/1054/1054
f 1054/1054/1054 1156/1156/1156 1157/1157/1157
f 1054/1054/1054 1157/1157/1157 1036/1036/1036
f 1156/1156/1156 1155/1155/1155 1158/1158/1158
f 1156/1156/1156 1158/1158/1158 1157/1157/1157
f 1036/1036/1036 1157/1157/1157 1159/1159/1159
f 1036/1036/1036 1159/1159/1159 1160/1160/1160
f 1157/1157/1157 1161/1161/1161 1159/1159/1159
f 1157/1157/1157 1158/1158/1158 1161/1161/1161
f 1158/1158/1158 1162/1162/1162 1161/1161/1161
f 1155/1155/1155 1163/1163/1163 1158/1158/1158
f 1158/1158/1158 1163/1163/1163 1162/1162/1162
f 1155/1155/1155 1154/1154/1154 1163/1163/1163
f 1163/1163/1163 1164/1164/1164 1162/1162/1162
f 1154/1154/1154 1165/1165/1165 1163/1163/1163
f 1163/1163/1163 1165/1165/1165 1164/1164/1164
f 1154/1154/1154 1153/1153/1153 1165/1165/1165
f 1165/1165/1165 1166/1166/1166 1164/1164/1164
f 1153/1153/1153 1167/1167/1167 1165/1165/1165
f 1165/1165/1165 1167/1167/1167 1166/1166/1166
f 1153/1153/1153 1152/1152/1152 1167/1167/1167
f 1167/1167/1167 1168/1168/1168 1166/1166/1166
f 1152/1152/1152 1169/1169/1169 1167/1167/1167
f 1167/1167/1167 1169/1169/1169 1168/1168/1168
f 1152/1152/1152 1151/1151/1151 1169/1169/1169
f 1169/1169/1169 1170/1170/1170 1168/1168/1168
f 1151/1151/1151 1171/1171/1171 1169/1169/1169
f 1169/1169/1169 1171/1171/1171 1170/1170/1170
f 1151/1151/1151 1150/1150/1150 1171/1171/1171
f 1171/1171/1171 1172/1172/1172 1170/1170/1170
f 1150/1150/1150 1173/1173/1173 1171/1171/1171
f 1171/1171/1171 1173/1173/1173 1172/1172/1172
f 1150/1150/1150 1148/1148/1148 1173/1173/1173
f 1173/1173/1173 1174/1174/1174 1172/1172/1172
f 1148/1148/1148 1175/1175/1175 1173/1173/1173
f 1173/1173/1173 1175/1175/1175 1174/1174/1174
f 1148/1148/1148 1145/1145/1145 1175/1175/1175
f 1175/1175/1175 1176/1176/1176 1174/1174/1174
f 1145/1145/1145 1177/1177/1177 1175/1175/1175
f 1175/1175/1175 1177/1177/1177 1176/1176/1176
f 1145/1145/1145 1141/1141/1141 1177/1177/1177
f 1177/1177/1177 1178/1178/1178 1176/1176/1176
f 1141/1141/1141 1179/1179/1179 1177/1177/1177
f 1177/1177/1177 1179/1179/1179 1178/1178/1178
f 1141/1141/1141 1140/1140/1140 1179/1179/1179
f 1179/1179/1179 1180/1180/1180 1178/1178/1178
f 1140/1140/1140 1181/1181/1181 1179/1179/1179
f 1179/1179/1179 1181/1181/1181 1180/1180/1180
f 1140/1140/1140 1139/1139/1139 1181/1181/1181
f 1181/1181/1181 1182/1182/1182 1180/1180/1180
f 1139/1139/1139 1183/1183/1183 1181/1181/1181
f 1181/1181/1181 1183/1183/1183 1182/1182/1182
f 1139/1139/1139 1138/1138/1138 1183/1183/1183
f 1183/1183/1183 1184/1184/1184 1182/1182/1182
f 1138/1138/1138 1185/1185/1185 1183/1183/1183
f 1183/1183/1183 1185/1185/1185 1184/1184/1184
f 1138/1138/1138 1137/1137/1137 1185/1185/1185
f 1185/1185/1185 1186/1186/1186 1184/1184/1184
f 1137/1137/1137 1187/1187/1187 1185/1185/1185
f 1185/1185/1185 1187/1187/1187 1186/1186/1186
f 1187/1187/1187 1188/1188/1188 1186/1186/1186
f 1137/1137/1137 1142/1142/1142 1187/1187/1187
f 1187/1187/1187 1189/1189/1189 1188/1188/1188
f 1142/1142/1142 1189/1189/1189 1187/1187/1187
f 1189/1189/1189 1190/1190/1190 1188/1188/1188
f 1142/1142/1142 1191/1191/1191 1189/1189/1189
f 1143/1143/1143 1191/1191/1191 1142/1142/1142
f 1189/1189/1189 1192/1192/1192 1190/1190/1190
f 1191/1191/1191 1192/1192/1192 1189/1189/1189
f 1192/1192/1192 1193/1193/1193 1190/1190/1190
f 1143/1143/1143 1194/1194/1194 1191/1191/1191
f 1125/1125/1125 1194/1194/1194 1143/1143/1143
f 1194/1194/1194 1195/1195/1195 1191/1191/1191
f 1191/1191/1191 1195/1195/1195 1192/1192/1192
f 1195/1195/1195 1196/1196/1196 1192/1192/1192
f 1192/1192/1192 1196/1196/1196 1193/1193/1193
f 1196/1196/1196 1197/1197/1197 1193/1193/1193
f 1200/1200/1200 1199/1199/1199 1198/1198/1198
f 1199/1199/1199 1201/1201/1201 1198/1198/1198
f 1199/1199/1199 1202/1202/1202 1201/1201/1201
f 1202/1202/1202 1203/1203/1203 1201/1201/1201
f 1202/1202/1202 1204/1204/1204 1203/1203/1203
f 1204/1204/1204 1205/1205/1205 1203/1203/1203
f 1204/1204/1204 1206/1206/1206 1205/1205/1205
f 1206/1206/1206 1207/1207/1207 1205/1205/1205
f 1205/1205/1205 1207/1207/1207 1208/1208/1208
f 1206/1206/1206 1209/1209/1209 1207/1207/1207
f 1207/1207/1207 1210/1210/1210 1208/1208/1208
f 1209/1209/1209 1211/1211/1211 1207/1207/1207
f 1207/1207/1207 1211/1211/1211 1210/1210/1210
f 1209/1209/1209 1212/1212/1212 1211/1211/1211
f 1211/1211/1211 1213/1213/1213 1210/1210/1210
f 1212/1212/1212 1214/1214/1214 1211/1211/1211
f 1211/1211/1211 1214/1214/1214 1213/1213/1213
f 1212/1212/1212 1215/1215/1215 1214/1214/1214
f 1214/1214/1214 1216/1216/1216 1213/1213/1213
f 1215/1215/1215 1217/1217/1217 1214/1214/1214
f 1214/1214/1214 1217/1217/1217 1216/1216/1216
f 1215/1215/1215 1218/1218/1218 1217/1217/1217
f 1217/1217/1217 1219/1219/1219 1216/1216/1216
f 1218/1218/1218 1220/1220/1220 1217/1217/1217
f 1217/1217/1217 1220/1220/1220 1219/1219/1219
f 1218/1218/1218 1221/1221/1221 1220/1220/1220
f 1220/1220/1220 1222/1222/1222 1219/1219/1219
f 1221/1221/1221 1223/1223/1223 1220/1220/1220
f 1220/1220/1220 1223/1223/1223 1222/1222/1222
f 1221/1221/1221 1224/1224/1224 1223/1223/1223
f 1223/1223/1223 1225/1225/1225 1222/1222/1222
f 1224/1224/1224 1226/1226/1226 1223/1223/1223
f 1223/1223/1223 1226/1226/1226 1225/1225/1225
f 1224/1224/1224 1227/1227/1227 1226/1226/1226
f 1226/1226/1226 1228/1228/1228 1225/1225/1225
f 1227/1227/1227 1229/1229/1229 1226/1226/1226
f 1226/1226/1226 1229/1229/1229 1228/1228/1228
f 1227/1227/1227 1230/1230/1230 1229/1229/1229
f 1229/1229/1229 1231/1231/1231 1228/1228/1228
f 1230/1230/1230 1232/1232/1232 1229/1229/1229
f 1229/1229/1229 1232/1232/1232 1231/1231/1231
f 1230/1230/1230 1233/1233/1233 1232/1232/1232
f 1232/1232/1232 1234/1234/1234 1231/1231/1231
f 1233/1233/1233 1235/1235/1235 1232/1232/1232
f 1232/1232/1232 1235/1235/1235 1234/1234/1234
f 1233/1233/1233 1236/1236/1236 1235/1235/1235
f 1235/1235/1235 1237/1237/1237 1234/1234/1234
f 1236/1236/1236 1238/1238/1238 1235/1235/1235
f 1235/1235/1235 1238/1238/1238 1237/1237/1237
f 1236/1236/1236 1239/1239/1239 1238/1238/1238
f 1238/1238/1238 1240/1240/1240 1237/1237/1237
f 1239/1239/1239 1241/1241/1241 1238/1238/1238
f 1238/1238/1238 1241/1241/1241 1240/1240/1240
f 1239/1239/1239 1242/1242/1242 1241/1241/1241
f 1241/1241/1241 1243/1243/1243 1240/1240/1240
f 1242/1242/1242 1244/1244/1244 1241/1241/1241
f 1241/1241/1241 1244/1244/1244 1243/1243/1243
f 1244/1244/1244 1245/1245/1245 1243/1243/1243
f 1244/1244/1244 1246/1246/1246 1245/1245/1245
f 1246/1246/1246 1247/1247/1247 1245/1245/1245
f 1246/1246/1246 1248/1248/1248 1247/1247/1247
f 1248/1248/1248 1249/1249/1249 1247/1247/1247
f 1248/1248/1248 1250/1250/1250 1249/1249/1249
f 1250/1250/1250 1251/1251/1251 1249/1249/1249
f 1250/1250/1250 1252/1252/1252 1251/1251/1251
f 1252/1252/1252 1253/1253/1253 1251/1251/1251
f 1252/1252/1252 1254/1254/1254 1253/1253/1253
f 1254/1254/1254 1255/1255/1255 1253/1253/1253
f 1256/1256/1256 1254/1254/1254 1252/1252/1252
f 1257/1257/1257 1256/1256/1256 1252/1252/1252
f 1256/1256/1256 1258/1258/1258 1254/1254/1254
f 1254/1254/1254 1259/1259/1259 1255/1255/1255
f 1258/1258/1258 1259/1259/1259 1254/1254/1254
f 1259/1259/1259 1260/1260/1260 1255/1255/1255
f 1258/1258/1258 1261/1261/1261 1259/1259/1259
f 1261/1261/1261 1262/1262/1262 1259/1259/1259
f 1265/1265/1265 1264/1264/1264 1263/1263/1263
f 1264/1264/1264 1266/1266/1266 1263/1263/1263
f 1264/1264/1264 1267/1267/1267 1266/1266/1266
f 1267/1267/1267 1268/1268/1268 1266/1266/1266
f 1267/1267/1267 1269/1269/1269 1268/1268/1268
f 1269/1269/1269 1270/1270/1270 1268/1268/1268
f 1269/1269/1269 1271/1271/1271 1270/1270/1270
f 1271/1271/1271 1272/1272/1272 1270/1270/1270
f 1271/1271/1271 1273/1273/1273 1272/1272/1272
f 1273/1273/1273 1274/1274/1274 1272/1272/1272
f 1273/1273/1273 1275/1275/1275 1274/1274/1274
f 1275/1275/1275 1276/1276/1276 1274/1274/1274
f 1275/1275/1275 1277/1277/1277 1276/1276/1276
f 1277/1277/1277 1278/1278/1278 1276/1276/1276
f 1277/1277/1277 1279/1279/1279 1278/1278/1278
f 1279/1279/1279 1280/1280/1280 1278/1278/1278
f 1279/1279/1279 1281/1281/1281 1280/1280/1280
f 1281/1281/1281 1282/1282/1282 1280/1280/1280
f 1281/1281/1281 1283/1283/1283 1282/1282/1282
f 1283/1283/1283 1284/1284/1284 1282/1282/1282
f 1283/1283/1283 1285/1285/1285 1284/1284/1284
f 1285/1285/1285 1286/1286/1286 1284/1284/1284
f 1285/1285/1285 1287/1287/1287 1286/1286/1286
f 1287/1287/1287 1288/1288/1288 1286/1286/1286
f 1287/1287/1287 1289/1289/1289 1288/1288/1288
f 1289/1289/1289 1290/1290/1290 1288/1288/1288
f 1289/1289/1289 1291/1291/1291 1290/1290/1290
f 1291/1291/1291 1292/1292/1292 1290/1290/1290
f 1293/1293/1293 1291/1291/1291 1289/1289/1289
f 1294/1294/1294 1293/1293/1293 1289/1289/1289
f 1293/1293/1293 1295/1295/1295 1291/1291/1291
f 1291/1291/1291 1296/1296/1296 1292/1292/1292
f 1295/1295/1295 1296/1296/1296 1291/1291/1291
f 1296/1296/1296 1297/1297/1297 1292/1292/1292
f 1295/1295/1295 1298/1298/1298 1296/1296/1296
f 1296/1296/1296 1299/1299/1299 1297/1297/1297
f 1298/1298/1298 1299/1299/1299 1296/1296/1296
f 1298/1298/1298 1300/1300/1300 1299/1299/1299
f 1300/1300/1300 1301/1301/1301 1299/1299/1299
f 1300/1300/1300 1302/1302/1302 1301/1301/1301
f 1302/1302/1302 1303/1303/1303 1301/1301/1301
f 1302/1302/1302 1304/1304/1304 1303/1303/1303
f 1304/1304/1304 1305/1305/1305 1303/1303/1303
f 1304/1304/1304 1306/1306/1306 1305/1305/1305
f 1309/1309/1309 1308/1308/1308 1307/1307/1307
f 1309/1309/1309 1310/1310/1310 1308/1308/1308
f 1310/1310/1310 1311/1311/1311 1308/1308/1308
f 1310/1310/1310 1312/1312/1312 1311/1311/1311
f 1312/1312/1312 1313/1313/1313 1311/1311/1311
f 1312/1312/1312 1314/1314/1314 1313/1313/1313
f 1314/1314/1314 1315/1315/1315 1313/1313/1313
f 1314/1314/1314 1316/1316/1316 1315/1315/1315
f 1316/1316/1316 1317/1317/1317 1315/1315/1315
f 1316/1316/1316 1318/1318/1318 1317/1317/1317
f 1318/1318/1318 1319/1319/1319 1317/1317/1317
f 1318/1318/1318 1320/1320/1320 1319/1319/1319
f 1320/1320/1320 1321/1321/1321 1319/1319/1319
f 1320/1320/1320 1322/1322/1322 1321/1321/1321
f 1322/1322/1322 1323/1323/1323 1321/1321/1321
f 1322/1322/1322 1324/1324/1324 1323/1323/1323
f 1324/1324/1324 1325/1325/1325 1323/1323/1323
f 1328/1328/1328 1327/1327/1327 1326/1326/1326
f 1327/1327/1327 1329/1329/1329 1326/1326/1326
f 1327/1327/1327 1330/1330/1330 1329/1329/1329
f 1333/1333/1333 1332/1332/1332 1331/1331/1331
f 1333/1333/1333 1334/1334/1334 1332/1332/1332
f 1334/1334/1334 1335/1335/1335 1332/1332/1332
f 1334/1334/1334 1336/1336/1336 1335/1335/1335
f 1336/1336/1336 1337/1337/1337 1335/1335/1335
f 1336/1336/1336 1338/1338/1338 1337/1337/1337
f 1338/1338/1338 1339/1339/1339 1337/1337/1337
f 1338/1338/1338 1340/1340/1340 1339/1339/1339
f 1340/1340/1340 1341/1341/1341 1339/1339/1339
f 1340/1340/1340 1342/1342/1342 1341/1341/1341
f 1342/1342/1342 1343/1343/1343 1341/1341/1341
f 1342/1342/1342 1344/1344/1344 1343/1343/1343
f 1344/1344/1344 1345/1345/1345 1343/1343/1343
f 1344/1344/1344 1346/1346/1346 1345/1345/1345
f 1349/1349/1349 1348/1348/1348 1347/1347/1347
f 1349/1349/1349 1350/1350/1350 1348/1348/1348
f 1350/1350/1350 1351/1351/1351 1348/1348/1348
f 1350/1350/1350 1352/1352/1352 1351/1351/1351
f 1352/1352/1352 1353/1353/1353 1351/1351/1351
f 1352/1352/1352 1354/1354/1354 1353/1353/1353
f 1354/1354/1354 1355/1355/1355 1353/1353/1353
f 1354/1354/1354 1356/1356/1356 1355/1355/1355
f 1357/1357/1357 1356/1356/1356 1354/1354/1354
f 1356/1356/1356 1358/1358/1358 1355/1355/1355
f 1357/1357/1357 1359/1359/1359 1356/1356/1356
f 1356/1356/1356 1360/1360/1360 1358/1358/1358
f 1359/1359/1359 1360/1360/1360 1356/1356/1356
f 1359/1359/1359 1361/1361/1361 1360/1360/1360
f 1360/1360/1360 1362/1362/1362 1358/1358/1358
f 1361/1361/1361 1363/1363/1363 1360/1360/1360
f 1360/1360/1360 1363/1363/1363 1362/1362/1362
f 1363/1363/1363 1364/1364/1364 1362/1362/1362
f 1363/1363/1363 1365/1365/1365 1364/1364/1364
f 1365/1365/1365 1366/1366/1366 1364/1364/1364
f 1365/1365/1365 1367/1367/1367 1366/1366/1366
f 1370/1370/1370 1369/1369/1369 1368/1368/1368
f 1369/1369/1369 1371/1371/1371 1368/1368/1368
f 1369/1369/1369 1372/1372/1372 1371/1371/1371
f 1372/1372/1372 1373/1373/1373 1371/1371/1371
f 1372/1372/1372 1374/1374/1374 1373/1373/1373
f 1374/1374/1374 1375/1375/1375 1373/1373/1373
f 1374/1374/1374 1376/1376/1376 1375/1375/1375
f 1376/1376/1376 1377/1377/1377 1375/1375/1375
f 1380/1380/1380 1379/1379/1379 1378/1378/1378
f 1380/1380/1380 1381/1381/1381 1379/1379/1379
f 1381/1381/1381 1382/1382/1382 1379/1379/1379
f 1385/1385/1385 1384/1384/1384 1383/1383/1383
f 1385/1385/1385 1386/1386/1386 1384/1384/1384
f 1386/1386/1386 1387/1387/1387 1384/1384/1384
f 1386/1386/1386 1388/1388/1388 1387/1387/1387
f 1391/1391/1391 1390/1390/1390 1389/1389/1389
f 1390/1390/1390 1392/1392/1392 1389/1389/1389
f 1390/1390/1390 1393/1393/1393 1392/1392/1392
f 1393/1393/1393 1394/1394/1394 1392/1392/1392
f 1393/1393/1393 1395/1395/1395 1394/1394/1394
f 1395/1395/1395 1396/1396/1396 1394/1394/1394
f 1399/1399/1399 1398/1398/1398 1397/1397/1397
f 1399/1399/1399 1400/1400/1400 1398/1398/1398
f 1400/1400/1400 1401/1401/1401 1398/1398/1398
f 1400/1400/1400 1402/1402/1402 1401/1401/1401
f 1402/1402/1402 1403/1403/1403 1401/1401/1401
f 1402/1402/1402 1404/1404/1404 1403/1403/1403
f 1404/1404/1404 1405/1405/1405 1403/1403/1403
f 1404/1404/1404 1406/1406/1406 1405/1405/1405
f 1409/1409/1409 1408/1408/1408 1407/1407/1407
f 1409/1409/1409 1410/1410/1410 1408/1408/1408
f 1410/1410/1410 1411/1411/1411 1408/1408/1408
f 1414/1414/1414 1413/1413/1413 1412/1412/1412
f 1414/1414/1414 1415/1415/1415 1413/1413/1413
f 1415/1415/1415 1416/1416/1416 1413/1413/1413
f 1419/1419/1419 1418/1418/1418 1417/1417/1417
f 1419/1419/1419 1420/1420/1420 1418/1418/1418
f 1423/1423/1423 1422/1422/1422 1421/1421/1421
f 1423/1423/1423 1424/1424/1424 1422/1422/1422
f 1427/1427/1427 1426/1426/1426 1425/1425/1425
f 1427/1427/1427 1428/1428/1428 1426/1426/1426
f 1431/1431/1431 1430/1430/1430 1429/1429/1429
f 1431/1431/1431 1432/1432/1432 1430/1430/1430
f 1435/1435/1435 1434/1434/1434 1433/1433/1433
f 1436/1436/1436 1434/1434/1434 1435/1435/1435
f 1439/1439/1439 1438/1438/1438 1437/1437/1437
f 1438/1438/1438 1440/1440/1440 1437/1437/1437
f 1437/1437/1437 1440/1440/1440 1441/1441/1441
f 1438/1438/1438 1442/1442/1442 1440/1440/1440
f 1440/1440/1440 1443/1443/1443 1441/1441/1441
f 1441/1441/1441 1443/1443/1443 1444/1444/1444
f 1442/1442/1442 1445/1445/1445 1440/1440/1440
f 1440/1440/1440 1445/1445/1445 1443/1443/1443
f 1442/1442/1442 1446/1446/1446 1445/1445/1445
f 1443/1443/1443 1447/1447/1447 1444/1444/1444
f 1444/1444/1444 1447/1447/1447 1448/1448/1448
f 1445/1445/1445 1449/1449/1449 1443/1443/1443
f 1443/1443/1443 1449/1449/1449 1447/1447/1447
f 1446/1446/1446 1450/1450/1450 1445/1445/1445
f 1445/1445/1445 1450/1450/1450 1449/1449/1449
f 1446/1446/1446 1451/1451/1451 1450/1450/1450
f 1447/1447/1447 1452/1452/1452 1448/1448/1448
f 1448/1448/1448 1452/1452/1452 1453/1453/1453
f 1452/1452/1452 1454/1454/1454 1453/1453/1453
f 1449/1449/1449 1455/1455/1455 1447/1447/1447
f 1447/1447/1447 1455/1455/1455 1452/1452/1452
f 1452/1452/1452 1456/1456/1456 1454/1454/1454
f 1455/1455/1455 1456/1456/1456 1452/1452/1452
f 1456/1456/1456 1457/1457/1457 1454/1454/1454
f 1450/1450/1450 1458/1458/1458 1449/1449/1449
f 1449/1449/1449 1458/1458/1458 1455/1455/1455
f 1451/1451/1451 1459/1459/1459 1450/1450/1450
f 1450/1450/1450 1459/1459/1459 1458/1458/1458
f 1451/1451/1451 1460/1460/1460 1459/1459/1459
f 1456/1456/1456 1461/1461/1461 1457/1457/1457
f 1461/1461/1461 1462/1462/1462 1457/1457/1457
f 1455/1455/1455 1463/1463/1463 1456/1456/1456
f 1458/1458/1458 1463/1463/1463 1455/1455/1455
f 1463/1463/1463 1461/1461/1461 1456/1456/1456
f 1459/1459/1459 1464/1464/1464 1458/1458/1458
f 1458/1458/1458 1464/1464/1464 1463/1463/1463
f 1460/1460/1460 1465/1465/1465 1459/1459/1459
f 1459/1459/1459 1465/1465/1465 1464/1464/1464
f 1460/1460/1460 1466/1466/1466 1465/1465/1465
f 1461/1461/1461 1467/1467/1467 1462/1462/1462
f 1467/1467/1467 1468/1468/1468 1462/1462/1462
f 1463/1463/1463 1469/1469/1469 1461/1461/1461
f 1464/1464/1464 1469/1469/1469 1463/1463/1463
f 1469/1469/1469 1467/1467/1467 1461/1461/1461
f 1465/1465/1465 1470/1470/1470 1464/1464/1464
f 1464/1464/1464 1470/1470/1470 1469/1469/1469
f 1466/1466/1466 1471/1471/1471 1465/1465/1465
f 1465/1465/1465 1471/1471/1471 1470/1470/1470
f 1466/1466/1466 1472/1472/1472 1471/1471/1471
f 1467/1467/1467 1473/1473/1473 1468/1468/1468
f 1473/1473/1473 1474/1474/1474 1468/1468/1468
f 1469/1469/1469 1475/1475/1475 1467/1467/1467
f 1470/1470/1470 1475/1475/1475 1469/1469/1469
f 1475/1475/1475 1473/1473/1473 1467/1467/1467
f 1471/1471/1471 1476/1476/1476 1470/1470/1470
f 1470/1470/1470 1476/1476/1476 1475/1475/1475
f 1472/1472/1472 1477/1477/1477 1471/1471/1471
f 1471/1471/1471 1477/1477/1477 1476/1476/1476
f 1472/1472/1472 1478/1478/1478 1477/1477/1477
f 1473/1473/1473 1479/1479/1479 1474/1474/1474
f 1479/1479/1479 1480/1480/1480 1474/1474/1474
f 1475/1475/1475 1481/1481/1481 1473/1473/1473
f 1476/1476/1476 1481/1481/1481 1475/1475/1475
f 1481/1481/1481 1479/1479/1479 1473/1473/1473
f 1477/1477/1477 1482/1482/1482 1476/1476/1476
f 1476/1476/1476 1482/1482/1482 1481/1481/1481
f 1478/1478/1478 1483/1483/1483 1477/1477/1477
f 1477/1477/1477 1483/1483/1483 1482/1482/1482
f 1478/1478/1478 1484/1484/1484 1483/1483/1483
f 1479/1479/1479 1485/1485/1485 1480/1480/1480
f 1485/1485/1485 1486/1486/1486 1480/1480/1480
f 1481/1481/1481 1487/1487/1487 1479/1479/1479
f 1482/1482/1482 1487/1487/1487 1481/1481/1481
f 1487/1487/1487 1485/1485/1485 1479/1479/1479
f 1483/1483/1483 1488/1488/1488 1482/1482/1482
f 1482/1482/1482 1488/1488/1488 1487/1487/1487
f 1484/1484/1484 1489/1489/1489 1483/1483/1483
f 1483/1483/1483 1489/1489/1489 1488/1488/1488
f 1484/1484/1484 1490/1490/1490 1489/1489/1489
f 1485/1485/1485 1491/1491/1491 1486/1486/1486
f 1491/1491/1491 1492/1492/1492 1486/1486/1486
f 1487/1487/1487 1493/1493/1493 1485/1485/1485
f 1488/1488/1488 1493/1493/1493 1487/1487/1487
f 1493/1493/1493 1491/1491/1491 1485/1485/1485
f 1489/1489/1489 1494/1494/1494 1488/1488/1488
f 1488/1488/1488 1494/1494/1494 1493/1493/1493
f 1490/1490/1490 1495/1495/1495 1489/1489/1489
f 1489/1489/1489 1495/1495/1495 1494/1494/1494
f 1490/1490/1490 1496/1496/1496 1495/1495/1495
f 1491/1491/1491 1497/1497/1497 1492/1492/1492
f 1497/1497/1497 1498/1498/1498 1492/1492/1492
f 1493/1493/1493 1499/1499/1499 1491/1491/1491
f 1494/1494/1494 1499/1499/1499 1493/1493/1493
f 1499/1499/1499 1497/1497/1497 1491/1491/1491
f 1495/1495/1495 1500/1500/1500 1494/1494/1494
f 1494/1494/1494 1500/1500/1500 1499/1499/1499
f 1496/1496/1496 1501/1501/1501 1495/1495/1495
f 1495/1495/1495 1501/1501/1501 1500/1500/1500
f 1496/1496/1496 1502/1502/1502 1501/1501/1501
f 1497/1497/1497 1503/1503/1503 1498/1498/1498
f 1503/1503/1503 1504/1504/1504 1498/1498/1498
f 1499/1499/1499 1505/1505/1505 1497/1497/1497
f 1500/1500/1500 1505/1505/1505 1499/1499/1499
f 1505/1505/1505 1503/1503/1503 1497/1497/1497
f 1501/1501/1501 1506/1506/1506 1500/1500/1500
f 1500/1500/1500 1506/1506/1506 1505/1505/1505
f 1502/1502/1502 1507/1507/1507 1501/1501/1501
f 1501/1501/1501 1507/1507/1507 1506/1506/1506
f 1502/1502/1502 1508/1508/1508 1507/1507/1507
f 1503/1503/1503 1509/1509/1509 1504/1504/1504
f 1509/1509/1509 1510/1510/1510 1504/1504/1504
f 1505/1505/1505 1511/1511/1511 1503/1503/1503
f 1506/1506/1506 1511/1511/1511 1505/1505/1505
f 1511/1511/1511 1509/1509/1509 1503/1503/1503
f 1507/1507/1507 1512/1512/1512 1506/1506/1506
f 1506/1506/1506 1512/1512/1512 1511/1511/1511
f 1508/1508/1508 1513/1513/1513 1507/1507/1507
f 1507/1507/1507 1513/1513/1513 1512/1512/1512
f 1508/1508/1508 1514/1514/1514 1513/1513/1513
f 1509/1509/1509 1515/1515/1515 1510/1510/1510
f 1515/1515/1515 1516/1516/1516 1510/1510/1510
f 1511/1511/1511 1517/1517/1517 1509/1509/1509
f 1512/1512/1512 1517/1517/1517 1511/1511/1511
f 1517/1517/1517 1515/1515/1515 1509/1509/1509
f 1513/1513/1513 1518/1518/1518 1512/1512/1512
f 1512/1512/1512 1518/1518/1518 1517/1517/1517
f 1514/1514/1514 1519/1519/1519 1513/1513/1513
f 1513/1513/1513 1519/1519/1519 1518/1518/1518
f 1514/1514/1514 1520/1520/1520 1519/1519/1519
f 1515/1515/1515 1521/1521/1521 1516/1516/1516
f 1521/1521/1521 1522/1522/1522 1516/1516/1516
f 1517/1517/1517 1523/1523/1523 1515/1515/1515
f 1518/1518/1518 1523/1523/1523 1517/1517/1517
f 1523/1523/1523 1521/1521/1521 1515/1515/1515
f 1519/1519/1519 1524/1524/1524 1518/1518/1518
f 1518/1518/1518 1524/1524/1524 1523/1523/1523
f 1520/1520/1520 1525/1525/1525 1519/1519/1519
f 1519/1519/1519 1525/1525/1525 1524/1524/1524
f 1520/1520/1520 1526/1526/1526 1525/1525/1525
f 1521/1521/1521 1527/1527/1527 1522/1522/1522
f 1527/1527/1527 1528/1528/1528 1522/1522/1522
f 1523/1523/1523 1529/1529/1529 1521/1521/1521
f 1524/1524/1524 1529/1529/1529 1523/1523/1523
f 1529/1529/1529 1527/1527/1527 1521/1521/1521
f 1525/1525/1525 1530/1530/1530 1524/1524/1524
f 1524/1524/1524 1530/1530/1530 1529/1529/1529
f 1526/1526/1526 1531/1531/1531 1525/1525/1525
f 1525/1525/1525 1531/1531/1531 1530/1530/1530
f 1526/1526/1526 1532/1532/1532 1531/1531/1531
f 1527/1527/1527 1533/1533/1533 1528/1528/1528
f 1533/1533/1533 1534/1534/1534 1528/1528/1528
f 1529/1529/1529 1535/1535/1535 1527/1527/1527
f 1530/1530/1530 1535/1535/1535 1529/1529/1529
f 1535/1535/1535 1533/1533/1533 1527/1527/1527
f 1531/1531/1531 1536/1536/1536 1530/1530/1530
f 1530/1530/1530 1536/1536/1536 1535/1535/1535
f 1532/1532/1532 1537/1537/1537 1531/1531/1531
f 1531/1531/1531 1537/1537/1537 1536/1536/1536
f 1532/1532/1532 1538/1538/1538 1537/1537/1537
f 1533/1533/1533 1539/1539/1539 1534/1534/1534
f 1539/1539/1539 1540/1540/1540 1534/1534/1534
f 1535/1535/1535 1541/1541/1541 1533/1533/1533
f 1536/1536/1536 1541/1541/1541 1535/1535/1535
f 1541/1541/1541 1539/1539/1539 1533/1533/1533
f 1537/1537/1537 1542/1542/1542 1536/1536/1536
f 1536/1536/1536 1542/1542/1542 1541/1541/1541
f 1538/1538/1538 1543/1543/1543 1537/1537/1537
f 1537/1537/1537 1543/1543/1543 1542/1542/1542
f 1538/1538/1538 1544/1544/1544 1543/1543/1543
f 1539/1539/1539 1545/1545/1545 1540/1540/1540
f 1545/1545/1545 1546/1546/1546 1540/1540/1540
f 1541/1541/1541 1547/1547/1547 1539/1539/1539
f 1542/1542/1542 1547/1547/1547 1541/1541/1541
f 1547/1547/1547 1545/1545/1545 1539/1539/1539
f 1543/1543/1543 1548/1548/1548 1542/1542/1542
f 1542/1542/1542 1548/1548/1548 1547/1547/1547
f 1544/1544/1544 1549/1549/1549 1543/1543/1543
f 1543/1543/1543 1549/1549/1549 1548/1548/1548
f 1544/1544/1544 1550/1550/1550 1549/1549/1549
f 1545/1545/1545 1551/1551/1551 1546/1546/1546
f 1551/1551/1551 1552/1552/1552 1546/1546/1546
f 1547/1547/1547 1553/1553/1553 1545/1545/1545
f 1548/1548/1548 1553/1553/1553 1547/1547/1547
f 1553/1553/1553 1551/1551/1551 1545/1545/1545
f 1549/1549/1549 1554/1554/1554 1548/1548/1548
f 1548/1548/1548 1554/1554/1554 1553/1553/1553
f 1550/1550/1550 1555/1555/1555 1549/1549/1549
f 1549/1549/1549 1555/1555/1555 1554/1554/1554
f 1550/1550/1550 1556/1556/1556 1555/1555/1555
f 1551/1551/1551 1557/1557/1557 1552/1552/1552
f 1557/1557/1557 1558/1558/1558 1552/1552/1552
f 1553/1553/1553 1559/1559/1559 1551/1551/1551
f 1554/1554/1554 1559/1559/1559 1553/1553/1553
f 1559/1559/1559 1557/1557/1557 1551/1551/1551
f 1555/1555/1555 1560/1560/1560 1554/1554/1554
f 1554/1554/1554 1560/1560/1560 1559/1559/1559
f 1556/1556/1556 1561/1561/1561 1555/1555/1555
f 1555/1555/1555 1561/1561/1561 1560/1560/1560
f 1556/1556/1556 1562/1562/1562 1561/1561/1561
f 1557/1557/1557 1563/1563/1563 1558/1558/1558
f 1563/1563/1563 1564/1564/1564 1558/1558/1558
f 1559/1559/1559 1565/1565/1565 1557/1557/1557
f 1560/1560/1560 1565/1565/1565 1559/1559/1559
f 1565/1565/1565 1563/1563/1563 1557/1557/1557
f 1561/1561/1561 1566/1566/1566 1560/1560/1560
f 1560/1560/1560 1566/1566/1566 1565/1565/1565
f 1562/1562/1562 1567/1567/1567 1561/1561/1561
f 1561/1561/1561 1567/1567/1567 1566/1566/1566
f 1562/1562/1562 1568/1568/1568 1567/1567/1567
f 1568/1568/1568 1569/1569/1569 1567/1567/1567
f 1563/1563/1563 1570/1570/1570 1564/1564/1564
f 1570/1570/1570 1571/1571/1571 1564/1564/1564
f 1565/1565/1565 1572/1572/1572 1563/1563/1563
f 1566/1566/1566 1572/1572/1572 1565/1565/1565
f 1572/1572/1572 1570/1570/1570 1563/1563/1563
f 1567/1567/1567 1573/1573/1573 1566/1566/1566
f 1566/1566/1566 1573/1573/1573 1572/1572/1572
f 1567/1567/1567 1569/1569/1569 1573/1573/1573
f 1570/1570/1570 1574/1574/1574 1571/1571/1571
f 1574/1574/1574 1575/1575/1575 1571/1571/1571
f 1572/1572/1572 1576/1576/1576 1570/1570/1570
f 1573/1573/1573 1576/1576/1576 1572/1572/1572
f 1576/1576/1576 1574/1574/1574 1570/1570/1570
f 1569/1569/1569 1577/1577/1577 1573/1573/1573
f 1573/1573/1573 1577/1577/1577 1576/1576/1576
f 1574/1574/1574 1578/1578/1578 1575/1575/1575
f 1578/1578/1578 1579/1579/1579 1575/1575/1575
f 1576/1576/1576 1580/1580/1580 1574/1574/1574
f 1577/1577/1577 1580/1580/1580 1576/1576/1576
f 1580/1580/1580 1578/1578/1578 1574/1574/1574
f 1569/1569/1569 1581/1581/1581 1577/1577/1577
f 1582/1582/1582 1581/1581/1581 1569/1569/1569
f 1582/1582/1582 1583/1583/1583 1581/1581/1581
f 1578/1578/1578 1584/1584/1584 1579/1579/1579
f 1584/1584/1584 1585/1585/1585 1579/1579/1579
f 1580/1580/1580 1586/1586/1586 1578/1578/1578
f 1586/1586/1586 1584/1584/1584 1578/1578/1578
f 1577/1577/1577 1587/1587/1587 1580/1580/1580
f 1581/1581/1581 1587/1587/1587 1577/1577/1577
f 1587/1587/1587 1586/1586/1586 1580/1580/1580
f 1583/1583/1583 1588/1588/1588 1581/1581/1581
f 1581/1581/1581 1588/1588/1588 1587/1587/1587
f 1583/1583/1583 1589/1589/1589 1588/1588/1588
f 1584/1584/1584 1590/1590/1590 1585/1585/1585
f 1590/1590/1590 1591/1591/1591 1585/1585/1585
f 1586/1586/1586 1592/1592/1592 1584/1584/1584
f 1592/1592/1592 1590/1590/1590 1584/1584/1584
f 1587/1587/1587 1593/1593/1593 1586/1586/1586
f 1588/1588/1588 1593/1593/1593 1587/1587/1587
f 1593/1593/1593 1592/1592/1592 1586/1586/1586
f 1589/1589/1589 1594/1594/1594 1588/1588/1588
f 1588/1588/1588 1594/1594/1594 1593/1593/1593
f 1590/1590/1590 1595/1595/1595 1591/1591/1591
f 1595/1595/1595 1596/1596/1596 1591/1591/1591
f 1592/1592/1592 1597/1597/1597 1590/1590/1590
f 1597/1597/1597 1595/1595/1595 1590/1590/1590
f 1593/1593/1593 1598/1598/1598 1592/1592/1592
f 1594/1594/1594 1598/1598/1598 1593/1593/1593
f 1598/1598/1598 1597/1597/1597 1592/1592/1592
f 1589/1589/1589 1599/1599/1599 1594/1594/1594
f 1600/1600/1600 1599/1599/1599 1589/1589/1589
f 1600/1600/1600 1601/1601/1601 1599/1599/1599
f 1595/1595/1595 1602/1602/1602 1596/1596/1596
f 1602/1602/1602 1603/1603/1603 1596/1596/1596
f 1597/1597/1597 1604/1604/1604 1595/1595/1595
f 1604/1604/1604 1602/1602/1602 1595/1595/1595
f 1598/1598/1598 1605/1605/1605 1597/1597/1597
f 1605/1605/1605 1604/1604/1604 1597/1597/1597
f 1594/1594/1594 1606/1606/1606 1598/1598/1598
f 1599/1599/1599 1606/1606/1606 1594/1594/1594
f 1606/1606/1606 1605/1605/1605 1598/1598/1598
f 1601/1601/1601 1607/1607/1607 1599/1599/1599
f 1599/1599/1599 1607/1607/1607 1606/1606/1606
f 1601/1601/1601 1608/1608/1608 1607/1607/1607
f 1606/1606/1606 1609/1609/1609 1605/1605/1605
f 1607/1607/1607 1609/1609/1609 1606/1606/1606
f 1605/1605/1605 1610/1610/1610 1604/1604/1604
f 1608/1608/1608 1611/1611/1611 1607/1607/1607
f 1607/1607/1607 1611/1611/1611 1609/1609/1609
f 1608/1608/1608 1612/1612/1612 1611/1611/1611
f 1611/1611/1611 1613/1613/1613 1609/1609/1609
f 1610/1610/1610 1614/1614/1614 1604/1604/1604
f 1604/1604/1604 1614/1614/1614 1602/1602/1602
f 1610/1610/1610 1615/1615/1615 1614/1614/1614
f 1612/1612/1612 1616/1616/1616 1611/1611/1611
f 1611/1611/1611 1616/1616/1616 1613/1613/1613
f 1612/1612/1612 1617/1617/1617 1616/1616/1616
f 1617/1617/1617 1618/1618/1618 1616/1616/1616
f 1616/1616/1616 1619/1619/1619 1613/1613/1613
f 1616/1616/1616 1618/1618/1618 1619/1619/1619
f 1613/1613/1613 1619/1619/1619 1615/1615/1615
f 1618/1618/1618 1620/1620/1620 1619/1619/1619
f 1614/1614/1614 1621/1621/1621 1602/1602/1602
f 1602/1602/1602 1621/1621/1621 1603/1603/1603
f 1621/1621/1621 1622/1622/1622 1603/1603/1603
f 1615/1615/1615 1623/1623/1623 1614/1614/1614
f 1614/1614/1614 1623/1623/1623 1621/1621/1621
f 1615/1615/1615 1624/1624/1624 1623/1623/1623
f 1620/1620/1620 1625/1625/1625 1624/1624/1624
f 1621/1621/1621 1626/1626/1626 1622/1622/1622
f 1623/1623/1623 1626/1626/1626 1621/1621/1621
f 1626/1626/1626 1627/1627/1627 1622/1622/1622
f 1624/1624/1624 1628/1628/1628 1623/1623/1623
f 1624/1624/1624 1625/1625/1625 1628/1628/1628
f 1623/1623/1623 1628/1628/1628 1626/1626/1626
f 1625/1625/1625 1629/1629/1629 1628/1628/1628
f 1626/1626/1626 1630/1630/1630 1627/1627/1627
f 1628/1628/1628 1630/1630/1630 1626/1626/1626
f 1628/1628/1628 1629/1629/1629 1630/1630/1630
f 1630/1630/1630 1631/1631/1631 1627/1627/1627
f 1629/1629/1629 1632/1632/1632 1630/1630/1630
f 1630/1630/1630 1632/1632/1632 1631/1631/1631
f 1632/1632/1632 1633/1633/1633 1631/1631/1631
f 1636/1636/1636 1635/1635/1635 1634/1634/1634
f 1635/1635/1635 1637/1637/1637 1634/1634/1634
f 1634/1634/1634 1637/1637/1637 1638/1638/1638
f 1635/1635/1635 1639/1639/1639 1637/1637/1637
f 1637/1637/1637 1640/1640/1640 1638/1638/1638
f 1639/1639/1639 1641/1641/1641 1637/1637/1637
f 1637/1637/1637 1641/1641/1641 1640/1640/1640
f 1639/1639/1639 1642/1642/1642 1641/1641/1641
f 1641/1641/1641 1643/1643/1643 1640/1640/1640
f 1642/1642/1642 1644/1644/1644 1641/1641/1641
f 1641/1641/1641 1644/1644/1644 1643/1643/1643
f 1642/1642/1642 1645/1645/1645 1644/1644/1644
f 1644/1644/1644 1646/1646/1646 1643/1643/1643
f 1645/1645/1645 1647/1647/1647 1644/1644/1644
f 1644/1644/1644 1647/1647/1647 1646/1646/1646
f 1645/1645/1645 1648/1648/1648 1647/1647/1647
f 1647/1647/1647 1649/1649/1649 1646/1646/1646
f 1648/1648/1648 1650/1650/1650 1647/1647/1647
f 1647/1647/1647 1650/1650/1650 1649/1649/1649
f 1648/1648/1648 1651/1651/1651 1650/1650/1650
f 1650/1650/1650 1652/1652/1652 1649/1649/1649
f 1651/1651/1651 1653/1653/1653 1650/1650/1650
f 1650/1650/1650 1653/1653/1653 1652/1652/1652
f 1651/1651/1651 1654/1654/1654 1653/1653/1653
f 1653/1653/1653 1655/1655/1655 1652/1652/1652
f 1654/1654/1654 1656/1656/1656 1653/1653/1653
f 1653/1653/1653 1656/1656/1656 1655/1655/1655
f 1654/1654/1654 1657/1657/1657 1656/1656/1656
f 1656/1656/1656 1658/1658/1658 1655/1655/1655
f 1657/1657/1657 1659/1659/1659 1656/1656/1656
f 1656/1656/1656 1659/1659/1659 1658/1658/1658
f 1657/1657/1657 1660/1660/1660 1659/1659/1659
f 1659/1659/1659 1661/1661/1661 1658/1658/1658
f 1660/1660/1660 1662/1662/1662 1659/1659/1659
f 1659/1659/1659 1662/1662/1662 1661/1661/1661
f 1662/1662/1662 1663/1663/1663 1661/1661/1661
f 1660/1660/1660 1664/1664/1664 1662/1662/1662
f 1662/1662/1662 1665/1665/1665 1663/1663/1663
f 1664/1664/1664 1665/1665/1665 1662/1662/1662
f 1665/1665/1665 1666/1666/1666 1663/1663/1663
f 1664/1664/1664 1667/1667/1667 1665/1665/1665
f 1668/1668/1668 1667/1667/1667 1664/1664/1664
f 1668/1668/1668 1669/1669/1669 1667/1667/1667
f 1669/1669/1669 1670/1670/1670 1667/1667/1667
f 1669/1669/1669 1671/1671/1671 1670/1670/1670
f 1671/1671/1671 1672/1672/1672 1670/1670/1670
f 1671/1671/1671 1673/1673/1673 1672/1672/1672
f 1673/1673/1673 1674/1674/1674 1672/1672/1672
f 1673/1673/1673 1675/1675/1675 1674/1674/1674
f 1675/1675/1675 1676/1676/1676 1674/1674/1674
f 1675/1675/1675 1677/1677/1677 1676/1676/1676
f 1677/1677/1677 1678/1678/1678 1676/1676/1676
f 1677/1677/1677 1679/1679/1679 1678/1678/1678
f 1679/1679/1679 1680/1680/1680 1678/1678/1678
f 1679/1679/1679 1681/1681/1681 1680/1680/1680
f 1681/1681/1681 1682/1682/1682 1680/1680/1680
f 1681/1681/1681 1683/1683/1683 1682/1682/1682
f 1683/1683/1683 1684/1684/1684 1682/1682/1682
f 1683/1683/1683 1685/1685/1685 1684/1684/1684
f 1685/1685/1685 1686/1686/1686 1684/1684/1684
f 1685/1685/1685 1687/1687/1687 1686/1686/1686
f 1687/1687/1687 1688/1688/1688 1686/1686/1686
f 1687/1687/1687 1689/1689/1689 1688/1688/1688
f 1689/1689/1689 1690/1690/1690 1688/1688/1688
f 1689/1689/1689 1691/1691/1691 1690/1690/1690
f 1691/1691/1691 1692/1692/1692 1690/1690/1690
f 1691/1691/1691 1693/1693/1693 1692/1692/1692
f 1693/1693/1693 1694/1694/1694 1692/1692/1692
f 1693/1693/1693 1695/1695/1695 1694/1694/1694
f 1695/1695/1695 1696/1696/1696 1694/1694/1694
f 1695/1695/1695 1697/1697/1697 1696/1696/1696
f 1697/1697/1697 1698/1698/1698 1696/1696/1696
f 1697/1697/1697 1699/1699/1699 1698/1698/1698
f 1699/1699/1699 1700/1700/1700 1698/1698/1698
f 1703/1703/1703 1702/1702/1702 1701/1701/1701
f 1702/1702/1702 1704/1704/1704 1701/1701/1701
f 1701/1701/1701 1704/1704/1704 1705/1705/1705
f 1702/1702/1702 1706/1706/1706 1704/1704/1704
f 1704/1704/1704 1707/1707/1707 1705/1705/1705
f 1705/1705/1705 1707/1707/1707 1708/1708/1708
f 1706/1706/1706 1709/1709/1709 1704/1704/1704
f 1704/1704/1704 1709/1709/1709 1707/1707/1707
f 1706/1706/1706 1710/1710/1710 1709/1709/1709
f 1707/1707/1707 1711/1711/1711 1708/1708/1708
f 1708/1708/1708 1711/1711/1711 1712/1712/1712
f 1709/1709/1709 1713/1713/1713 1707/1707/1707
f 1707/1707/1707 1713/1713/1713 1711/1711/1711
f 1710/1710/1710 1714/1714/1714 1709/1709/1709
f 1709/1709/1709 1714/1714/1714 1713/1713/1713
f 1710/1710/1710 1715/1715/1715 1714/1714/1714
f 1711/1711/1711 1716/1716/1716 1712/1712/1712
f 1712/1712/1712 1716/1716/1716 1717/1717/1717
f 1713/1713/1713 1718/1718/1718 1711/1711/1711
f 1711/1711/1711 1718/1718/1718 1716/1716/1716
f 1714/1714/1714 1719/1719/1719 1713/1713/1713
f 1713/1713/1713 1719/1719/1719 1718/1718/1718
f 1715/1715/1715 1720/1720/1720 1714/1714/1714
f 1714/1714/1714 1720/1720/1720 1719/1719/1719
f 1715/1715/1715 1721/1721/1721 1720/1720/1720
f 1716/1716/1716 1722/1722/1722 1717/1717/1717
f 1717/1717/1717 1722/1722/1722 1723/1723/1723
f 1718/1718/1718 1724/1724/1724 1716/1716/1716
f 1716/1716/1716 1724/1724/1724 1722/1722/1722
f 1719/1719/1719 1725/1725/1725 1718/1718/1718
f 1718/1718/1718 1725/1725/1725 1724/1724/1724
f 1720/1720/1720 1726/1726/1726 1719/1719/1719
f 1719/1719/1719 1726/1726/1726 1725/1725/1725
f 1721/1721/1721 1727/1727/1727 1720/1720/1720
f 1720/1720/1720 1727/1727/1727 1726/1726/1726
f 1721/1721/1721 1728/1728/1728 1727/1727/1727
f 1722/1722/1722 1729/1729/1729 1723/1723/1723
f 1723/1723/1723 1729/1729/1729 1730/1730/1730
f 1724/1724/1724 1731/1731/1731 1722/1722/1722
f 1722/1722/1722 1731/1731/1731 1729/1729/1729
f 1725/1725/1725 1732/1732/1732 1724/1724/1724
f 1724/1724/1724 1732/1732/1732 1731/1731/1731
f 1726/1726/1726 1733/1733/1733 1725/1725/1725
f 1725/1725/1725 1733/1733/1733 1732/1732/1732
f 1727/1727/1727 1734/1734/1734 1726/1726/1726
f 1726/1726/1726 1734/1734/1734 1733/1733/1733
f 1728/1728/1728 1735/1735/1735 1727/1727/1727
f 1727/1727/1727 1735/1735/1735 1734/1734/1734
f 1728/1728/1728 1736/1736/1736 1735/1735/1735
f 1729/1729/1729 1737/1737/1737 1730/1730/1730
f 1730/1730/1730 1737/1737/1737 1738/1738/1738
f 1731/1731/1731 1739/1739/1739 1729/1729/1729
f 1729/1729/1729 1739/1739/1739 1737/1737/1737
f 1732/1732/1732 1740/1740/1740 1731/1731/1731
f 1731/1731/1731 1740/1740/1740 1739/1739/1739
f 1733/1733/1733 1741/1741/1741 1732/1732/1732
f 1732/1732/1732 1741/1741/1741 1740/1740/1740
f 1734/1734/1734 1742/1742/1742 1733/1733/1733
f 1733/1733/1733 1742/1742/1742 1741/1741/1741
f 1735/1735/1735 1743/1743/1743 1734/1734/1734
f 1734/1734/1734 1743/1743/1743 1742/1742/1742
f 1736/1736/1736 1744/1744/1744 1735/1735/1735
f 1735/1735/1735 1744/1744/1744 1743/1743/1743
f 1736/1736/1736 1745/1745/1745 1744/1744/1744
f 1745/1745/1745 1746/1746/1746 1744/1744/1744
f 1745/1745/1745 1747/1747/1747 1746/1746/1746
f 1744/1744/1744 1748/1748/1748 1743/1743/1743
f 1744/1744/1744 1746/1746/1746 1748/1748/1748
f 1743/1743/1743 1749/1749/1749 1742/1742/1742
f 1743/1743/1743 1748/1748/1748 1749/1749/1749
f 1742/1742/1742 1750/1750/1750 1741/1741/1741
f 1742/1742/1742 1749/1749/1749 1750/1750/1750
f 1741/1741/1741 1751/1751/1751 1740/1740/1740
f 1741/1741/1741 1750/1750/1750 1751/1751/1751
f 1747/1747/1747 1752/1752/1752 1746/1746/1746
f 1747/1747/1747 1753/1753/1753 1752/1752/1752
f 1746/1746/1746 1754/1754/1754 1748/1748/1748
f 1746/1746/1746 1752/1752/1752 1754/1754/1754
f 1748/1748/1748 1755/1755/1755 1749/1749/1749
f 1748/1748/1748 1754/1754/1754 1755/1755/1755
f 1749/1749/1749 1756/1756/1756 1750/1750/1750
f 1749/1749/1749 1755/1755/1755 1756/1756/1756
f 1753/1753/1753 1757/1757/1757 1752/1752/1752
f 1753/1753/1753 1758/1758/1758 1757/1757/1757
f 1752/1752/1752 1759/1759/1759 1754/1754/1754
f 1752/1752/1752 1757/1757/1757 1759/1759/1759
f 1754/1754/1754 1760/1760/1760 1755/1755/1755
f 1754/1754/1754 1759/1759/1759 1760/1760/1760
f 1758/1758/1758 1761/1761/1761 1757/1757/1757
f 1758/1758/1758 1762/1762/1762 1761/1761/1761
f 1757/1757/1757 1763/1763/1763 1759/1759/1759
f 1757/1757/1757 1761/1761/1761 1763/1763/1763
f 1762/1762/1762 1764/1764/1764 1761/1761/1761
f 1762/1762/1762 1765/1765/1765 1764/1764/1764
f 1750/1750/1750 1756/1756/1756 1766/1766/1766
f 1750/1750/1750 1766/1766/1766 1751/1751/1751
f 1755/1755/1755 1767/1767/1767 1756/1756/1756
f 1755/1755/1755 1760/1760/1760 1767/1767/1767
f 1759/1759/1759 1768/1768/1768 1760/1760/1760
f 1759/1759/1759 1763/1763/1763 1768/1768/1768
f 1761/1761/1761 1769/1769/1769 1763/1763/1763
f 1761/1761/1761 1764/1764/1764 1769/1769/1769
f 1765/1765/1765 1770/1770/1770 1764/1764/1764
f 1765/1765/1765 1771/1771/1771 1770/1770/1770
f 1756/1756/1756 1772/1772/1772 1766/1766/1766
f 1756/1756/1756 1767/1767/1767 1772/1772/1772
f 1760/1760/1760 1773/1773/1773 1767/1767/1767
f 1760/1760/1760 1768/1768/1768 1773/1773/1773
f 1763/1763/1763 1774/1774/1774 1768/1768/1768
f 1763/1763/1763 1769/1769/1769 1774/1774/1774
f 1764/1764/1764 1775/1775/1775 1769/1769/1769
f 1764/1764/1764 1770/1770/1770 1775/1775/1775
f 1771/1771/1771 1776/1776/1776 1770/1770/1770
f 1771/1771/1771 1777/1777/1777 1776/1776/1776
f 1767/1767/1767 1778/1778/1778 1772/1772/1772
f 1767/1767/1767 1773/1773/1773 1778/1778/1778
f 1768/1768/1768 1779/1779/1779 1773/1773/1773
f 1768/1768/1768 1774/1774/1774 1779/1779/1779
f 1769/1769/1769 1780/1780/1780 1774/1774/1774
f 1769/1769/1769 1775/1775/1775 1780/1780/1780
f 1770/1770/1770 1781/1781/1781 1775/1775/1775
f 1770/1770/1770 1776/1776/1776 1781/1781/1781
f 1777/1777/1777 1782/1782/1782 1776/1776/1776
f 1777/1777/1777 1783/1783/1783 1782/1782/1782
f 1773/1773/1773 1784/1784/1784 1778/1778/1778
f 1773/1773/1773 1779/1779/1779 1784/1784/1784
f 1774/1774/1774 1785/1785/1785 1779/1779/1779
f 1774/1774/1774 1780/1780/1780 1785/1785/1785
f 1775/1775/1775 1786/1786/1786 1780/1780/1780
f 1775/1775/1775 1781/1781/1781 1786/1786/1786
f 1776/1776/1776 1787/1787/1787 1781/1781/1781
f 1776/1776/1776 1782/1782/1782 1787/1787/1787
f 1783/1783/1783 1788/1788/1788 1782/1782/1782
f 1783/1783/1783 1789/1789/1789 1788/1788/1788
f 1779/1779/1779 1790/1790/1790 1784/1784/1784
f 1779/1779/1779 1785/1785/1785 1790/1790/1790
f 1780/1780/1780 1791/1791/1791 1785/1785/1785
f 1780/1780/1780 1786/1786/1786 1791/1791/1791
f 1781/1781/1781 1792/1792/1792 1786/1786/1786
f 1781/1781/1781 1787/1787/1787 1792/1792/1792
f 1782/1782/1782 1793/1793/1793 1787/1787/1787
f 1782/1782/1782 1788/1788/1788 1793/1793/1793
f 1789/1789/1789 1794/1794/1794 1788/1788/1788
f 1789/1789/1789 1795/1795/1795 1794/1794/1794
f 1785/1785/1785 1796/1796/1796 1790/1790/1790
f 1785/1785/1785 1791/1791/1791 1796/1796/1796
f 1786/1786/1786 1797/1797/1797 1791/1791/1791
f 1786/1786/1786 1792/1792/1792 1797/1797/1797
f 1787/1787/1787 1798/1798/1798 1792/1792/1792
f 1787/1787/1787 1793/1793/1793 1798/1798/1798
f 1788/1788/1788 1799/1799/1799 1793/1793/1793
f 1788/1788/1788 1794/1794/1794 1799/1799/1799
f 1795/1795/1795 1800/1800/1800 1794/1794/1794
f 1795/1795/1795 1801/1801/1801 1800/1800/1800
f 1791/1791/1791 1802/1802/1802 1796/1796/1796
f 1791/1791/1791 1797/1797/1797 1802/1802/1802
f 1792/1792/1792 1803/1803/1803 1797/1797/1797
f 1792/1792/1792 1798/1798/1798 1803/1803/1803
f 1793/1793/1793 1804/1804/1804 1798/1798/1798
f 1793/1793/1793 1799/1799/1799 1804/1804/1804
f 1794/1794/1794 1805/1805/1805 1799/1799/1799
f 1794/1794/1794 1800/1800/1800 1805/1805/1805
f 1801/1801/1801 1806/1806/1806 1800/1800/1800
f 1801/1801/1801 1807/1807/1807 1806/1806/1806
f 1797/1797/1797 1808/1808/1808 1802/1802/1802
f 1797/1797/1797 1803/1803/1803 1808/1808/1808
f 1798/1798/1798 1809/1809/1809 1803/1803/1803
f 1798/1798/1798 1804/1804/1804 1809/1809/1809
f 1799/1799/1799 1810/1810/1810 1804/1804/1804
f 1799/1799/1799 1805/1805/1805 1810/1810/1810
f 1800/1800/1800 1811/1811/1811 1805/1805/1805
f 1800/1800/1800 1806/1806/1806 1811/1811/1811
f 1807/1807/1807 1812/1812/1812 1806/1806/1806
f 1807/1807/1807 1813/1813/1813 1812/1812/1812
f 1803/1803/1803 1814/1814/1814 1808/1808/1808
f 1803/1803/1803 1809/1809/1809 1814/1814/1814
f 1804/1804/1804 1815/1815/1815 1809/1809/1809
f 1804/1804/1804 1810/1810/1810 1815/1815/1815
f 1805/1805/1805 1816/1816/1816 1810/1810/1810
f 1805/1805/1805 1811/1811/1811 1816/1816/1816
f 1806/1806/1806 1817/1817/1817 1811/1811/1811
f 1806/1806/1806 1812/1812/1812 1817/1817/1817
f 1813/1813/1813 1818/1818/1818 1812/1812/1812
f 1813/1813/1813 1819/1819/1819 1818/1818/1818
f 1809/1809/1809 1820/1820/1820 1814/1814/1814
f 1809/1809/1809 1815/1815/1815 1820/1820/1820
f 1810/1810/1810 1821/1821/1821 1815/1815/1815
f 1810/1810/1810 1816/1816/1816 1821/1821/1821
f 1811/1811/1811 1822/1822/1822 1816/1816/1816
f 1811/1811/1811 1817/1817/1817 1822/1822/1822
f 1812/1812/1812 1823/1823/1823 1817/1817/1817
f 1812/1812/1812 1818/1818/1818 1823/1823/1823
f 1819/1819/1819 1824/1824/1824 1818/1818/1818
f 1819/1819/1819 1825/1825/1825 1824/1824/1824
f 1815/1815/1815 1826/1826/1826 1820/1820/1820
f 1815/1815/1815 1821/1821/1821 1826/1826/1826
f 1816/1816/1816 1827/1827/1827 1821/1821/1821
f 1816/1816/1816 1822/1822/1822 1827/1827/1827
f 1817/1817/1817 1828/1828/1828 1822/1822/1822
f 1817/1817/1817 1823/1823/1823 1828/1828/1828
f 1818/1818/1818 1829/1829/1829 1823/1823/1823
f 1818/1818/1818 1824/1824/1824 1829/1829/1829
f 1825/1825/1825 1830/1830/1830 1824/1824/1824
f 1825/1825/1825 1831/1831/1831 1830/1830/1830
f 1821/1821/1821 1832/1832/1832 1826/1826/1826
f 1821/1821/1821 1827/1827/1827 1832/1832/1832
f 1822/1822/1822 1833/1833/1833 1827/1827/1827
f 1822/1822/1822 1828/1828/1828 1833/1833/1833
f 1823/1823/1823 1834/1834/1834 1828/1828/1828
f 1823/1823/1823 1829/1829/1829 1834/1834/1834
f 1824/1824/1824 1835/1835/1835 1829/1829/1829
f 1824/1824/1824 1830/1830/1830 1835/1835/1835
f 1831/1831/1831 1836/1836/1836 1830/1830/1830
f 1831/1831/1831 1837/1837/1837 1836/1836/1836
f 1827/1827/1827 1838/1838/1838 1832/1832/1832
f 1827/1827/1827 1833/1833/1833 1838/1838/1838
f 1828/1828/1828 1839/1839/1839 1833/1833/1833
f 1828/1828/1828 1834/1834/1834 1839/1839/1839
f 1829/1829/1829 1840/1840/1840 1834/1834/1834
f 1829/1829/1829 1835/1835/1835 1840/1840/1840
f 1830/1830/1830 1841/1841/1841 1835/1835/1835
f 1830/1830/1830 1836/1836/1836 1841/1841/1841
f 1837/1837/1837 1842/1842/1842 1836/1836/1836
f 1837/1837/1837 1843/1843/1843 1842/1842/1842
f 1833/1833/1833 1844/1844/1844 1838/1838/1838
f 1833/1833/1833 1839/1839/1839 1844/1844/1844
f 1834/1834/1834 1845/1845/1845 1839/1839/1839
f 1834/1834/1834 1840/1840/1840 1845/1845/1845
f 1835/1835/1835 1846/1846/1846 1840/1840/1840
f 1835/1835/1835 1841/1841/1841 1846/1846/1846
f 1836/1836/1836 1847/1847/1847 1841/1841/1841
f 1836/1836/1836 1842/1842/1842 1847/1847/1847
f 1843/1843/1843 1848/1848/1848 1842/1842/1842
f 1843/1843/1843 1849/1849/1849 1848/1848/1848
f 1839/1839/1839 1850/1850/1850 1844/1844/1844
f 1839/1839/1839 1845/1845/1845 1850/1850/1850
f 1840/1840/1840 1851/1851/1851 1845/1845/1845
f 1840/1840/1840 1846/1846/1846 1851/1851/1851
f 1841/1841/1841 1852/1852/1852 1846/1846/1846
f 1841/1841/1841 1847/1847/1847 1852/1852/1852
f 1842/1842/1842 1853/1853/1853 1847/1847/1847
f 1842/1842/1842 1848/1848/1848 1853/1853/1853
f 1845/1845/1845 1854/1854/1854 1850/1850/1850
f 1845/1845/1845 1851/1851/1851 1854/1854/1854
f 1846/1846/1846 1855/1855/1855 1851/1851/1851
f 1846/1846/1846 1852/1852/1852 1855/1855/1855
f 1847/1847/1847 1856/1856/1856 1852/1852/1852
f 1847/1847/1847 1853/1853/1853 1856/1856/1856
f 1851/1851/1851 1857/1857/1857 1854/1854/1854
f 1851/1851/1851 1855/1855/1855 1857/1857/1857
f 1852/1852/1852 1858/1858/1858 1855/1855/1855
f 1852/1852/1852 1856/1856/1856 1858/1858/1858
f 1855/1855/1855 1859/1859/1859 1857/1857/1857
f 1855/1855/1855 1858/1858/1858 1859/1859/1859
f 1848/1848/1848 1860/1860/1860 1853/1853/1853
f 1853/1853/1853 1861/1861/1861 1856/1856/1856
f 1853/1853/1853 1860/1860/1860 1861/1861/1861
f 1856/1856/1856 1862/1862/1862 1858/1858/1858
f 1856/1856/1856 1861/1861/1861 1862/1862/1862
f 1848/1848/1848 1863/1863/1863 1860/1860/1860
f 1849/1849/1849 1863/1863/1863 1848/1848/1848
f 1849/1849/1849 1864/1864/1864 1863/1863/1863
f 1865/1865/1865 1864/1864/1864 1849/1849/1849
f 1864/1864/1864 1866/1866/1866 1863/1863/1863
f 1865/1865/1865 1867/1867/1867 1864/1864/1864
f 1864/1864/1864 1868/1868/1868 1866/1866/1866
f 1867/1867/1867 1868/1868/1868 1864/1864/1864
f 1868/1868/1868 1869/1869/1869 1866/1866/1866
f 1867/1867/1867 1870/1870/1870 1868/1868/1868
f 1860/1860/1860 1871/1871/1871 1861/1861/1861
f 1860/1860/1860 1872/1872/1872 1871/1871/1871
f 1868/1868/1868 1873/1873/1873 1869/1869/1869
f 1870/1870/1870 1873/1873/1873 1868/1868/1868
f 1870/1870/1870 1874/1874/1874 1873/1873/1873
f 1875/1875/1875 1874/1874/1874 1870/1870/1870
f 1874/1874/1874 1876/1876/1876 1873/1873/1873
f 1861/1861/1861 1871/1871/1871 1877/1877/1877
f 1861/1861/1861 1877/1877/1877 1862/1862/1862
f 1872/1872/1872 1878/1878/1878 1871/1871/1871
f 1872/1872/1872 1879/1879/1879 1878/1878/1878
f 1869/1869/1869 1880/1880/1880 1879/1879/1879
f 1869/1869/1869 1881/1881/1881 1880/1880/1880
f 1876/1876/1876 1882/1882/1882 1881/1881/1881
f 1881/1881/1881 1883/1883/1883 1880/1880/1880
f 1881/1881/1881 1882/1882/1882 1883/1883/1883
f 1882/1882/1882 1884/1884/1884 1883/1883/1883
f 1879/1879/1879 1880/1880/1880 1885/1885/1885
f 1879/1879/1879 1885/1885/1885 1878/1878/1878
f 1871/1871/1871 1878/1878/1878 1886/1886/1886
f 1871/1871/1871 1886/1886/1886 1877/1877/1877
f 1878/1878/1878 1885/1885/1885 1887/1887/1887
f 1878/1878/1878 1887/1887/1887 1886/1886/1886
f 1885/1885/1885 1888/1888/1888 1887/1887/1887
f 1885/1885/1885 1889/1889/1889 1888/1888/1888
f 1889/1889/1889 1890/1890/1890 1888/1888/1888
f 1889/1889/1889 1891/1891/1891 1890/1890/1890
f 1884/1884/1884 1892/1892/1892 1891/1891/1891
f 1891/1891/1891 1892/1892/1892 1893/1893/1893
f 1891/1891/1891 1893/1893/1893 1890/1890/1890
f 1892/1892/1892 1894/1894/1894 1893/1893/1893
f 1893/1893/1893 1894/1894/1894 1895/1895/1895
f 1894/1894/1894 1896/1896/1896 1895/1895/1895
f 1890/1890/1890 1893/1893/1893 1897/1897/1897
f 1893/1893/1893 1895/1895/1895 1897/1897/1897
f 1888/1888/1888 1890/1890/1890 1898/1898/1898
f 1890/1890/1890 1897/1897/1897 1898/1898/1898
f 1887/1887/1887 1888/1888/1888 1899/1899/1899
f 1888/1888/1888 1898/1898/1898 1899/1899/1899
f 1895/1895/1895 1896/1896/1896 1900/1900/1900
f 1896/1896/1896 1901/1901/1901 1900/1900/1900
f 1895/1895/1895 1900/1900/1900 1902/1902/1902
f 1897/1897/1897 1895/1895/1895 1902/1902/1902
f 1902/1902/1902 1900/1900/1900 1903/1903/1903
f 1902/1902/1902 1903/1903/1903 1904/1904/1904
f 1897/1897/1897 1902/1902/1902 1905/1905/1905
f 1905/1905/1905 1902/1902/1902 1904/1904/1904
f 1898/1898/1898 1897/1897/1897 1905/1905/1905
f 1905/1905/1905 1904/1904/1904 1906/1906/1906
f 1898/1898/1898 1905/1905/1905 1907/1907/1907
f 1907/1907/1907 1905/1905/1905 1906/1906/1906
f 1899/1899/1899 1898/1898/1898 1907/1907/1907
f 1907/1907/1907 1906/1906/1906 1908/1908/1908
f 1909/1909/1909 1907/1907/1907 1908/1908/1908
f 1899/1899/1899 1907/1907/1907 1909/1909/1909
f 1909/1909/1909 1908/1908/1908 1910/1910/1910
f 1911/1911/1911 1899/1899/1899 1909/1909/1909
f 1887/1887/1887 1899/1899/1899 1911/1911/1911
f 1886/1886/1886 1887/1887/1887 1911/1911/1911
f 1912/1912/1912 1909/1909/1909 1910/1910/1910
f 1911/1911/1911 1909/1909/1909 1912/1912/1912
f 1912/1912/1912 1910/1910/1910 1913/1913/1913
f 1886/1886/1886 1911/1911/1911 1914/1914/1914
f 1914/1914/1914 1911/1911/1911 1912/1912/1912
f 1877/1877/1877 1886/1886/1886 1914/1914/1914
f 1915/1915/1915 1912/1912/1912 1913/1913/1913
f 1914/1914/1914 1912/1912/1912 1915/1915/1915
f 1915/1915/1915 1913/1913/1913 1916/1916/1916
f 1877/1877/1877 1914/1914/1914 1917/1917/1917
f 1917/1917/1917 1914/1914/1914 1915/1915/1915
f 1862/1862/1862 1877/1877/1877 1917/1917/1917
f 1918/1918/1918 1915/1915/1915 1916/1916/1916
f 1917/1917/1917 1915/1915/1915 1918/1918/1918
f 1918/1918/1918 1916/1916/1916 1919/1919/1919
f 1862/1862/1862 1917/1917/1917 1920/1920/1920
f 1920/1920/1920 1917/1917/1917 1918/1918/1918
f 1858/1858/1858 1862/1862/1862 1920/1920/1920
f 1858/1858/1858 1920/1920/1920 1859/1859/1859
f 1921/1921/1921 1918/1918/1918 1919/1919/1919
f 1920/1920/1920 1918/1918/1918 1921/1921/1921
f 1859/1859/1859 1920/1920/1920 1921/1921/1921
f 1921/1921/1921 1919/1919/1919 1922/1922/1922
f 1859/1859/1859 1921/1921/1921 1923/1923/1923
f 1923/1923/1923 1921/1921/1921 1922/1922/1922
f 1857/1857/1857 1859/1859/1859 1923/1923/1923
f 1923/1923/1923 1922/1922/1922 1924/1924/1924
f 1857/1857/1857 1923/1923/1923 1925/1925/1925
f 1925/1925/1925 1923/1923/1923 1924/1924/1924
f 1854/1854/1854 1857/1857/1857 1925/1925/1925
f 1925/1925/1925 1924/1924/1924 1926/1926/1926
f 1854/1854/1854 1925/1925/1925 1927/1927/1927
f 1927/1927/1927 1925/1925/1925 1926/1926/1926
f 1850/1850/1850 1854/1854/1854 1927/1927/1927
f 1927/1927/1927 1926/1926/1926 1928/1928/1928
f 1850/1850/1850 1927/1927/1927 1929/1929/1929
f 1929/1929/1929 1927/1927/1927 1928/1928/1928
f 1844/1844/1844 1850/1850/1850 1929/1929/1929
f 1929/1929/1929 1928/1928/1928 1930/1930/1930
f 1844/1844/1844 1929/1929/1929 1931/1931/1931
f 1931/1931/1931 1929/1929/1929 1930/1930/1930
f 1838/1838/1838 1844/1844/1844 1931/1931/1931
f 1931/1931/1931 1930/1930/1930 1932/1932/1932
f 1838/1838/1838 1931/1931/1931 1933/1933/1933
f 1933/1933/1933 1931/1931/1931 1932/1932/1932
f 1832/1832/1832 1838/1838/1838 1933/1933/1933
f 1933/1933/1933 1932/1932/1932 1934/1934/1934
f 1832/1832/1832 1933/1933/1933 1935/1935/1935
f 1935/1935/1935 1933/1933/1933 1934/1934/1934
f 1826/1826/1826 1832/1832/1832 1935/1935/1935
f 1935/1935/1935 1934/1934/1934 1936/1936/1936
f 1826/1826/1826 1935/1935/1935 1937/1937/1937
f 1937/1937/1937 1935/1935/1935 1936/1936/1936
f 1937/1937/1937 1936/1936/1936 1938/1938/1938
f 1820/1820/1820 1826/1826/1826 1937/1937/1937
f 1820/1820/1820 1937/1937/1937 1939/1939/1939
f 1814/1814/1814 1820/1820/1820 1939/1939/1939
f 1814/1814/1814 1939/1939/1939 1940/1940/1940
f 1940/1940/1940 1939/1939/1939 1941/1941/1941
f 1808/1808/1808 1814/1814/1814 1940/1940/1940
f 1940/1940/1940 1941/1941/1941 1942/1942/1942
f 1808/1808/1808 1940/1940/1940 1943/1943/1943
f 1943/1943/1943 1940/1940/1940 1942/1942/1942
f 1802/1802/1802 1808/1808/1808 1943/1943/1943
f 1943/1943/1943 1942/1942/1942 1944/1944/1944
f 1802/1802/1802 1943/1943/1943 1945/1945/1945
f 1945/1945/1945 1943/1943/1943 1944/1944/1944
f 1796/1796/1796 1802/1802/1802 1945/1945/1945
f 1945/1945/1945 1944/1944/1944 1946/1946/1946
f 1796/1796/1796 1945/1945/1945 1947/1947/1947
f 1947/1947/1947 1945/1945/1945 1946/1946/1946
f 1790/1790/1790 1796/1796/1796 1947/1947/1947
f 1947/1947/1947 1946/1946/1946 1948/1948/1948
f 1790/1790/1790 1947/1947/1947 1949/1949/1949
f 1949/1949/1949 1947/1947/1947 1948/1948/1948
f 1949/1949/1949 1948/1948/1948 1950/1950/1950
f 1784/1784/1784 1790/1790/1790 1949/1949/1949
f 1784/1784/1784 1949/1949/1949 1951/1951/1951
f 1778/1778/1778 1784/1784/1784 1951/1951/1951
f 1778/1778/1778 1951/1951/1951 1952/1952/1952
f 1772/1772/1772 1778/1778/1778 1952/1952/1952
f 1772/1772/1772 1952/1952/1952 1953/1953/1953
f 1953/1953/1953 1952/1952/1952 1954/1954/1954
f 1766/1766/1766 1772/1772/1772 1953/1953/1953
f 1953/1953/1953 1954/1954/1954 1955/1955/1955
f 1766/1766/1766 1953/1953/1953 1956/1956/1956
f 1956/1956/1956 1953/1953/1953 1955/1955/1955
f 1751/1751/1751 1766/1766/1766 1956/1956/1956
f 1956/1956/1956 1955/1955/1955 1957/1957/1957
f 1751/1751/1751 1956/1956/1956 1958/1958/1958
f 1958/1958/1958 1956/1956/1956 1957/1957/1957
f 1740/1740/1740 1751/1751/1751 1958/1958/1958
f 1740/1740/1740 1958/1958/1958 1739/1739/1739
f 1958/1958/1958 1957/1957/1957 1959/1959/1959
f 1739/1739/1739 1958/1958/1958 1959/1959/1959
f 1739/1739/1739 1959/1959/1959 1737/1737/1737
f 1737/1737/1737 1959/1959/1959 1960/1960/1960
f 1737/1737/1737 1960/1960/1960 1738/1738/1738
f 1738/1738/1738 1960/1960/1960 1961/1961/1961
f 1960/1960/1960 1962/1962/1962 1961/1961/1961
f 1961/1961/1961 1962/1962/1962 1963/1963/1963
f 1960/1960/1960 1964/1964/1964 1962/1962/1962
f 1962/1962/1962 1965/1965/1965 1963/1963/1963
f 1963/1963/1963 1965/1965/1965 1966/1966/1966
f 1964/1964/1964 1967/1967/1967 1962/1962/1962
f 1962/1962/1962 1967/1967/1967 1965/1965/1965
f 1964/1964/1964 1968/1968/1968 1967/1967/1967
f 1965/1965/1965 1969/1969/1969 1966/1966/1966
f 1966/1966/1966 1969/1969/1969 1970/1970/1970
f 1967/1967/1967 1971/1971/1971 1965/1965/1965
f 1965/1965/1965 1971/1971/1971 1969/1969/1969
f 1968/1968/1968 1972/1972/1972 1967/1967/1967
f 1967/1967/1967 1972/1972/1972 1971/1971/1971
f 1968/1968/1968 1973/1973/1973 1972/1972/1972
f 1969/1969/1969 1974/1974/1974 1970/1970/1970
f 1970/1970/1970 1974/1974/1974 1975/1975/1975
f 1974/1974/1974 1976/1976/1976 1975/1975/1975
f 1971/1971/1971 1977/1977/1977 1969/1969/1969
f 1969/1969/1969 1977/1977/1977 1974/1974/1974
f 1974/1974/1974 1978/1978/1978 1976/1976/1976
f 1977/1977/1977 1978/1978/1978 1974/1974/1974
f 1978/1978/1978 1979/1979/1979 1976/1976/1976
f 1972/1972/1972 1980/1980/1980 1971/1971/1971
f 1971/1971/1971 1980/1980/1980 1977/1977/1977
f 1973/1973/1973 1981/1981/1981 1972/1972/1972
f 1972/1972/1972 1981/1981/1981 1980/1980/1980
f 1973/1973/1973 1982/1982/1982 1981/1981/1981
f 1978/1978/1978 1983/1983/1983 1979/1979/1979
f 1983/1983/1983 1984/1984/1984 1979/1979/1979
f 1977/1977/1977 1985/1985/1985 1978/1978/1978
f 1980/1980/1980 1985/1985/1985 1977/1977/1977
f 1985/1985/1985 1983/1983/1983 1978/1978/1978
f 1981/1981/1981 1986/1986/1986 1980/1980/1980
f 1980/1980/1980 1986/1986/1986 1985/1985/1985
f 1982/1982/1982 1987/1987/1987 1981/1981/1981
f 1981/1981/1981 1987/1987/1987 1986/1986/1986
f 1982/1982/1982 1988/1988/1988 1987/1987/1987
f 1983/1983/1983 1989/1989/1989 1984/1984/1984
f 1989/1989/1989 1990/1990/1990 1984/1984/1984
f 1985/1985/1985 1991/1991/1991 1983/1983/1983
f 1986/1986/1986 1991/1991/1991 1985/1985/1985
f 1991/1991/1991 1989/1989/1989 1983/1983/1983
f 1987/1987/1987 1992/1992/1992 1986/1986/1986
f 1986/1986/1986 1992/1992/1992 1991/1991/1991
f 1988/1988/1988 1993/1993/1993 1987/1987/1987
f 1987/1987/1987 1993/1993/1993 1992/1992/1992
f 1988/1988/1988 1994/1994/1994 1993/1993/1993
f 1989/1989/1989 1995/1995/1995 1990/1990/1990
f 1995/1995/1995 1996/1996/1996 1990/1990/1990
f 1991/1991/1991 1997/1997/1997 1989/1989/1989
f 1992/1992/1992 1997/1997/1997 1991/1991/1991
f 1997/1997/1997 1995/1995/1995 1989/1989/1989
f 1993/1993/1993 1998/1998/1998 1992/1992/1992
f 1992/1992/1992 1998/1998/1998 1997/1997/1997
f 1993/1993/1993 1999/1999/1999 1998/1998/1998
f 1995/1995/1995 2000/2000/2000 1996/1996/1996
f 2000/2000/2000 2001/2001/2001 1996/1996/1996
f 1997/1997/1997 2002/2002/2002 1995/1995/1995
f 1998/1998/1998 2002/2002/2002 1997/1997/1997
f 2002/2002/2002 2000/2000/2000 1995/1995/1995
f 1999/1999/1999 2003/2003/2003 1998/1998/1998
f 1998/1998/1998 2003/2003/2003 2002/2002/2002
f 1999/1999/1999 2004/2004/2004 2003/2003/2003
f 2000/2000/2000 2005/2005/2005 2001/2001/2001
f 2005/2005/2005 2006/2006/2006 2001/2001/2001
f 2002/2002/2002 2007/2007/2007 2000/2000/2000
f 2003/2003/2003 2007/2007/2007 2002/2002/2002
f 2007/2007/2007 2005/2005/2005 2000/2000/2000
f 2004/2004/2004 2008/2008/2008 2003/2003/2003
f 2003/2003/2003 2008/2008/2008 2007/2007/2007
f 2004/2004/2004 2009/2009/2009 2008/2008/2008
f 2005/2005/2005 2010/2010/2010 2006/2006/2006
f 2010/2010/2010 2011/2011/2011 2006/2006/2006
f 2007/2007/2007 2012/2012/2012 2005/2005/2005
f 2008/2008/2008 2012/2012/2012 2007/2007/2007
f 2012/2012/2012 2010/2010/2010 2005/2005/2005
f 2009/2009/2009 2013/2013/2013 2008/2008/2008
f 2008/2008/2008 2013/2013/2013 2012/2012/2012
f 2009/2009/2009 2014/2014/2014 2013/2013/2013
f 2010/2010/2010 2015/2015/2015 2011/2011/2011
f 2015/2015/2015 2016/2016/2016 2011/2011/2011
f 2012/2012/2012 2017/2017/2017 2010/2010/2010
f 2013/2013/2013 2017/2017/2017 2012/2012/2012
f 2017/2017/2017 2015/2015/2015 2010/2010/2010
f 2014/2014/2014 2018/2018/2018 2013/2013/2013
f 2013/2013/2013 2018/2018/2018 2017/2017/2017
f 2014/2014/2014 2019/2019/2019 2018/2018/2018
f 2015/2015/2015 2020/2020/2020 2016/2016/2016
f 2020/2020/2020 2021/2021/2021 2016/2016/2016
f 2020/2020/2020 2022/2022/2022 2021/2021/2021
f 2017/2017/2017 2023/2023/2023 2015/2015/2015
f 2018/2018/2018 2023/2023/2023 2017/2017/2017
f 2023/2023/2023 2020/2020/2020 2015/2015/2015
f 2019/2019/2019 2024/2024/2024 2018/2018/2018
f 2018/2018/2018 2024/2024/2024 2023/2023/2023
f 2019/2019/2019 2025/2025/2025 2024/2024/2024
f 2023/2023/2023 2026/2026/2026 2020/2020/2020
f 2026/2026/2026 2022/2022/2022 2020/2020/2020
f 2024/2024/2024 2026/2026/2026 2023/2023/2023
f 2025/2025/2025 2027/2027/2027 2024/2024/2024
f 2024/2024/2024 2027/2027/2027 2026/2026/2026
f 2025/2025/2025 2028/2028/2028 2027/2027/2027
f 2026/2026/2026 2029/2029/2029 2022/2022/2022
f 2027/2027/2027 2029/2029/2029 2026/2026/2026
f 2029/2029/2029 2030/2030/2030 2022/2022/2022
f 2028/2028/2028 2031/2031/2031 2027/2027/2027
f 2027/2027/2027 2031/2031/2031 2029/2029/2029
f 2028/2028/2028 2032/2032/2032 2031/2031/2031
f 2029/2029/2029 2033/2033/2033 2030/2030/2030
f 2031/2031/2031 2033/2033/2033 2029/2029/2029
f 2033/2033/2033 2034/2034/2034 2030/2030/2030
f 2032/2032/2032 2035/2035/2035 2031/2031/2031
f 2031/2031/2031 2035/2035/2035 2033/2033/2033
f 2032/2032/2032 2036/2036/2036 2035/2035/2035
f 2033/2033/2033 2037/2037/2037 2034/2034/2034
f 2035/2035/2035 2037/2037/2037 2033/2033/2033
f 2037/2037/2037 2038/2038/2038 2034/2034/2034
f 2036/2036/2036 2039/2039/2039 2035/2035/2035
f 2035/2035/2035 2039/2039/2039 2037/2037/2037
f 2036/2036/2036 2040/2040/2040 2039/2039/2039
f 2037/2037/2037 2041/2041/2041 2038/2038/2038
f 2039/2039/2039 2041/2041/2041 2037/2037/2037
f 2041/2041/2041 2042/2042/2042 2038/2038/2038
f 2040/2040/2040 2043/2043/2043 2039/2039/2039
f 2039/2039/2039 2043/2043/2043 2041/2041/2041
f 2040/2040/2040 2044/2044/2044 2043/2043/2043
f 2041/2041/2041 2045/2045/2045 2042/2042/2042
f 2043/2043/2043 2045/2045/2045 2041/2041/2041
f 2045/2045/2045 2046/2046/2046 2042/2042/2042
f 2044/2044/2044 2047/2047/2047 2043/2043/2043
f 2043/2043/2043 2047/2047/2047 2045/2045/2045
f 2044/2044/2044 2048/2048/2048 2047/2047/2047
f 2045/2045/2045 2049/2049/2049 2046/2046/2046
f 2047/2047/2047 2049/2049/2049 2045/2045/2045
f 2049/2049/2049 2050/2050/2050 2046/2046/2046
f 2048/2048/2048 2051/2051/2051 2047/2047/2047
f 2047/2047/2047 2051/2051/2051 2049/2049/2049
f 2048/2048/2048 2052/2052/2052 2051/2051/2051
f 2049/2049/2049 2053/2053/2053 2050/2050/2050
f 2051/2051/2051 2053/2053/2053 2049/2049/2049
f 2053/2053/2053 2054/2054/2054 2050/2050/2050
f 2052/2052/2052 2055/2055/2055 2051/2051/2051
f 2051/2051/2051 2055/2055/2055 2053/2053/2053
f 2052/2052/2052 2056/2056/2056 2055/2055/2055
f 2053/2053/2053 2057/2057/2057 2054/2054/2054
f 2055/2055/2055 2057/2057/2057 2053/2053/2053
f 2057/2057/2057 2058/2058/2058 2054/2054/2054
f 2056/2056/2056 2059/2059/2059 2055/2055/2055
f 2055/2055/2055 2059/2059/2059 2057/2057/2057
f 2056/2056/2056 2060/2060/2060 2059/2059/2059
f 2057/2057/2057 2061/2061/2061 2058/2058/2058
f 2059/2059/2059 2061/2061/2061 2057/2057/2057
f 2061/2061/2061 2062/2062/2062 2058/2058/2058
f 2060/2060/2060 2063/2063/2063 2059/2059/2059
f 2059/2059/2059 2063/2063/2063 2061/2061/2061
f 2060/2060/2060 2064/2064/2064 2063/2063/2063
f 2061/2061/2061 2065/2065/2065 2062/2062/2062
f 2063/2063/2063 2065/2065/2065 2061/2061/2061
f 2065/2065/2065 2066/2066/2066 2062/2062/2062
f 2064/2064/2064 2067/2067/2067 2063/2063/2063
f 2063/2063/2063 2067/2067/2067 2065/2065/2065
f 2064/2064/2064 2068/2068/2068 2067/2067/2067
f 2065/2065/2065 2069/2069/2069 2066/2066/2066
f 2067/2067/2067 2069/2069/2069 2065/2065/2065
f 2069/2069/2069 2070/2070/2070 2066/2066/2066
f 2068/2068/2068 2071/2071/2071 2067/2067/2067
f 2067/2067/2067 2071/2071/2071 2069/2069/2069
f 2068/2068/2068 2072/2072/2072 2071/2071/2071
f 2069/2069/2069 2073/2073/2073 2070/2070/2070
f 2071/2071/2071 2073/2073/2073 2069/2069/2069
f 2073/2073/2073 2074/2074/2074 2070/2070/2070
f 2072/2072/2072 2075/2075/2075 2071/2071/2071
f 2071/2071/2071 2075/2075/2075 2073/2073/2073
f 2072/2072/2072 2076/2076/2076 2075/2075/2075
f 2073/2073/2073 2077/2077/2077 2074/2074/2074
f 2075/2075/2075 2077/2077/2077 2073/2073/2073
f 2077/2077/2077 2078/2078/2078 2074/2074/2074
f 2076/2076/2076 2079/2079/2079 2075/2075/2075
f 2075/2075/2075 2079/2079/2079 2077/2077/2077
f 2076/2076/2076 2080/2080/2080 2079/2079/2079
f 2077/2077/2077 2081/2081/2081 2078/2078/2078
f 2079/2079/2079 2081/2081/2081 2077/2077/2077
f 2081/2081/2081 2082/2082/2082 2078/2078/2078
f 2080/2080/2080 2083/2083/2083 2079/2079/2079
f 2079/2079/2079 2083/2083/2083 2081/2081/2081
f 2080/2080/2080 2084/2084/2084 2083/2083/2083
f 2081/2081/2081 2085/2085/2085 2082/2082/2082
f 2083/2083/2083 2085/2085/2085 2081/2081/2081
f 2085/2085/2085 2086/2086/2086 2082/2082/2082
f 2084/2084/2084 2087/2087/2087 2083/2083/2083
f 2083/2083/2083 2087/2087/2087 2085/2085/2085
f 2084/2084/2084 2088/2088/2088 2087/2087/2087
f 2085/2085/2085 2089/2089/2089 2086/2086/2086
f 2087/2087/2087 2089/2089/2089 2085/2085/2085
f 2089/2089/2089 2090/2090/2090 2086/2086/2086
f 2088/2088/2088 2091/2091/2091 2087/2087/2087
f 2087/2087/2087 2091/2091/2091 2089/2089/2089
f 2088/2088/2088 2092/2092/2092 2091/2091/2091
f 2089/2089/2089 2093/2093/2093 2090/2090/2090
f 2091/2091/2091 2093/2093/2093 2089/2089/2089
f 2093/2093/2093 2094/2094/2094 2090/2090/2090
f 2092/2092/2092 2095/2095/2095 2091/2091/2091
f 2091/2091/2091 2095/2095/2095 2093/2093/2093
f 2092/2092/2092 2096/2096/2096 2095/2095/2095
f 2093/2093/2093 2097/2097/2097 2094/2094/2094
f 2095/2095/2095 2097/2097/2097 2093/2093/2093
f 2097/2097/2097 2098/2098/2098 2094/2094/2094
f 2095/2095/2095 2099/2099/2099 2097/2097/2097
f 2096/2096/2096 2099/2099/2099 2095/2095/2095
f 2097/2097/2097 2100/2100/2100 2098/2098/2098
f 2100/2100/2100 2101/2101/2101 2098/2098/2098
f 2096/2096/2096 2102/2102/2102 2099/2099/2099
f 2103/2103/2103 2102/2102/2102 2096/2096/2096
f 2102/2102/2102 2104/2104/2104 2099/2099/2099
f 2104/2104/2104 2105/2105/2105 2100/2100/2100
f 2100/2100/2100 2105/2105/2105 2101/2101/2101
f 2105/2105/2105 2106/2106/2106 2101/2101/2101
f 2101/2101/2101 2106/2106/2106 2107/2107/2107
f 2106/2106/2106 2108/2108/2108 2107/2107/2107
f 2111/2111/2111 2110/2110/2110 2109/2109/2109
f 2110/2110/2110 2112/2112/2112 2109/2109/2109
f 2109/2109/2109 2112/2112/2112 2113/2113/2113
f 2110/2110/2110 2114/2114/2114 2112/2112/2112
f 2112/2112/2112 2115/2115/2115 2113/2113/2113
f 2113/2113/2113 2115/2115/2115 2116/2116/2116
f 2115/2115/2115 2117/2117/2117 2116/2116/2116
f 2114/2114/2114 2118/2118/2118 2112/2112/2112
f 2112/2112/2112 2118/2118/2118 2115/2115/2115
f 2114/2114/2114 2119/2119/2119 2118/2118/2118
f 2115/2115/2115 2120/2120/2120 2117/2117/2117
f 2118/2118/2118 2120/2120/2120 2115/2115/2115
f 2120/2120/2120 2121/2121/2121 2117/2117/2117
f 2119/2119/2119 2122/2122/2122 2118/2118/2118
f 2118/2118/2118 2122/2122/2122 2120/2120/2120
f 2119/2119/2119 2123/2123/2123 2122/2122/2122
f 2120/2120/2120 2124/2124/2124 2121/2121/2121
f 2122/2122/2122 2124/2124/2124 2120/2120/2120
f 2124/2124/2124 2125/2125/2125 2121/2121/2121
f 2123/2123/2123 2126/2126/2126 2122/2122/2122
f 2122/2122/2122 2126/2126/2126 2124/2124/2124
f 2123/2123/2123 2127/2127/2127 2126/2126/2126
f 2124/2124/2124 2128/2128/2128 2125/2125/2125
f 2126/2126/2126 2128/2128/2128 2124/2124/2124
f 2128/2128/2128 2129/2129/2129 2125/2125/2125
f 2127/2127/2127 2130/2130/2130 2126/2126/2126
f 2126/2126/2126 2130/2130/2130 2128/2128/2128
f 2127/2127/2127 2131/2131/2131 2130/2130/2130
f 2128/2128/2128 2132/2132/2132 2129/2129/2129
f 2130/2130/2130 2132/2132/2132 2128/2128/2128
f 2132/2132/2132 2133/2133/2133 2129/2129/2129
f 2131/2131/2131 2134/2134/2134 2130/2130/2130
f 2130/2130/2130 2134/2134/2134 2132/2132/2132
f 2131/2131/2131 2135/2135/2135 2134/2134/2134
f 2132/2132/2132 2136/2136/2136 2133/2133/2133
f 2134/2134/2134 2136/2136/2136 2132/2132/2132
f 2136/2136/2136 2137/2137/2137 2133/2133/2133
f 2135/2135/2135 2138/2138/2138 2134/2134/2134
f 2134/2134/2134 2138/2138/2138 2136/2136/2136
f 2135/2135/2135 2139/2139/2139 2138/2138/2138
f 2136/2136/2136 2140/2140/2140 2137/2137/2137
f 2138/2138/2138 2140/2140/2140 2136/2136/2136
f 2140/2140/2140 2141/2141/2141 2137/2137/2137
f 2139/2139/2139 2142/2142/2142 2138/2138/2138
f 2138/2138/2138 2142/2142/2142 2140/2140/2140
f 2139/2139/2139 2143/2143/2143 2142/2142/2142
f 2140/2140/2140 2144/2144/2144 2141/2141/2141
f 2142/2142/2142 2144/2144/2144 2140/2140/2140
f 2144/2144/2144 2145/2145/2145 2141/2141/2141
f 2143/2143/2143 2146/2146/2146 2142/2142/2142
f 2142/2142/2142 2146/2146/2146 2144/2144/2144
f 2143/2143/2143 2147/2147/2147 2146/2146/2146
f 2144/2144/2144 2148/2148/2148 2145/2145/2145
f 2146/2146/2146 2148/2148/2148 2144/2144/2144
f 2148/2148/2148 2149/2149/2149 2145/2145/2145
f 2147/2147/2147 2150/2150/2150 2146/2146/2146
f 2146/2146/2146 2150/2150/2150 2148/2148/2148
f 2147/2147/2147 2151/2151/2151 2150/2150/2150
f 2148/2148/2148 2152/2152/2152 2149/2149/2149
f 2150/2150/2150 2152/2152/2152 2148/2148/2148
f 2152/2152/2152 2153/2153/2153 2149/2149/2149
f 2151/2151/2151 2154/2154/2154 2150/2150/2150
f 2150/2150/2150 2154/2154/2154 2152/2152/2152
f 2151/2151/2151 2155/2155/2155 2154/2154/2154
f 2152/2152/2152 2156/2156/2156 2153/2153/2153
f 2154/2154/2154 2156/2156/2156 2152/2152/2152
f 2156/2156/2156 2157/2157/2157 2153/2153/2153
f 2155/2155/2155 2158/2158/2158 2154/2154/2154
f 2154/2154/2154 2158/2158/2158 2156/2156/2156
f 2155/2155/2155 2159/2159/2159 2158/2158/2158
f 2156/2156/2156 2160/2160/2160 2157/2157/2157
f 2158/2158/2158 2160/2160/2160 2156/2156/2156
f 2160/2160/2160 2161/2161/2161 2157/2157/2157
f 2159/2159/2159 2162/2162/2162 2158/2158/2158
f 2158/2158/2158 2162/2162/2162 2160/2160/2160
f 2159/2159/2159 2163/2163/2163 2162/2162/2162
f 2160/2160/2160 2164/2164/2164 2161/2161/2161
f 2162/2162/2162 2164/2164/2164 2160/2160/2160
f 2164/2164/2164 2165/2165/2165 2161/2161/2161
f 2163/2163/2163 2166/2166/2166 2162/2162/2162
f 2162/2162/2162 2166/2166/2166 2164/2164/2164
f 2163/2163/2163 2167/2167/2167 2166/2166/2166
f 2164/2164/2164 2168/2168/2168 2165/2165/2165
f 2166/2166/2166 2168/2168/2168 2164/2164/2164
f 2168/2168/2168 2169/2169/2169 2165/2165/2165
f 2167/2167/2167 2170/2170/2170 2166/2166/2166
f 2166/2166/2166 2170/2170/2170 2168/2168/2168
f 2167/2167/2167 2171/2171/2171 2170/2170/2170
f 2168/2168/2168 2172/2172/2172 2169/2169/2169
f 2170/2170/2170 2172/2172/2172 2168/2168/2168
f 2172/2172/2172 2173/2173/2173 2169/2169/2169
f 2171/2171/2171 2174/2174/2174 2170/2170/2170
f 2170/2170/2170 2174/2174/2174 2172/2172/2172
f 2171/2171/2171 2175/2175/2175 2174/2174/2174
f 2172/2172/2172 2176/2176/2176 2173/2173/2173
f 2174/2174/2174 2176/2176/2176 2172/2172/2172
f 2176/2176/2176 2177/2177/2177 2173/2173/2173
f 2175/2175/2175 2178/2178/2178 2174/2174/2174
f 2174/2174/2174 2178/2178/2178 2176/2176/2176
f 2175/2175/2175 2179/2179/2179 2178/2178/2178
f 2176/2176/2176 2180/2180/2180 2177/2177/2177
f 2178/2178/2178 2180/2180/2180 2176/2176/2176
f 2180/2180/2180 2181/2181/2181 2177/2177/2177
f 2179/2179/2179 2182/2182/2182 2178/2178/2178
f 2178/2178/2178 2182/2182/2182 2180/2180/2180
f 2179/2179/2179 2183/2183/2183 2182/2182/2182
f 2182/2182/2182 2184/2184/2184 2180/2180/2180
f 2183/2183/2183 2185/2185/2185 2182/2182/2182
f 2182/2182/2182 2185/2185/2185 2184/2184/2184
f 2183/2183/2183 2186/2186/2186 2185/2185/2185
f 2185/2185/2185 2187/2187/2187 2184/2184/2184
f 2186/2186/2186 2188/2188/2188 2185/2185/2185
f 2185/2185/2185 2188/2188/2188 2187/2187/2187
f 2186/2186/2186 2189/2189/2189 2188/2188/2188
f 2188/2188/2188 2190/2190/2190 2187/2187/2187
f 2189/2189/2189 2191/2191/2191 2188/2188/2188
f 2188/2188/2188 2191/2191/2191 2190/2190/2190
f 2189/2189/2189 2192/2192/2192 2191/2191/2191
f 2191/2191/2191 2193/2193/2193 2190/2190/2190
f 2192/2192/2192 2194/2194/2194 2191/2191/2191
f 2191/2191/2191 2194/2194/2194 2193/2193/2193
f 2192/2192/2192 2195/2195/2195 2194/2194/2194
f 2194/2194/2194 2196/2196/2196 2193/2193/2193
f 2195/2195/2195 2197/2197/2197 2194/2194/2194
f 2194/2194/2194 2197/2197/2197 2196/2196/2196
f 2195/2195/2195 2198/2198/2198 2197/2197/2197
f 2197/2197/2197 2199/2199/2199 2196/2196/2196
f 2198/2198/2198 2200/2200/2200 2197/2197/2197
f 2197/2197/2197 2200/2200/2200 2199/2199/2199
f 2198/2198/2198 2201/2201/2201 2200/2200/2200
f 2200/2200/2200 2202/2202/2202 2199/2199/2199
f 2201/2201/2201 2203/2203/2203 2200/2200/2200
f 2200/2200/2200 2203/2203/2203 2202/2202/2202
f 2201/2201/2201 2204/2204/2204 2203/2203/2203
f 2203/2203/2203 2205/2205/2205 2202/2202/2202
f 2204/2204/2204 2206/2206/2206 2203/2203/2203
f 2203/2203/2203 2206/2206/2206 2205/2205/2205
f 2204/2204/2204 2207/2207/2207 2206/2206/2206
f 2206/2206/2206 2208/2208/2208 2205/2205/2205
f 2207/2207/2207 2209/2209/2209 2206/2206/2206
f 2206/2206/2206 2209/2209/2209 2208/2208/2208
f 2207/2207/2207 2210/2210/2210 2209/2209/2209
f 2209/2209/2209 2211/2211/2211 2208/2208/2208
f 2210/2210/2210 2212/2212/2212 2209/2209/2209
f 2209/2209/2209 2212/2212/2212 2211/2211/2211
f 2210/2210/2210 2213/2213/2213 2212/2212/2212
f 2212/2212/2212 2214/2214/2214 2211/2211/2211
f 2213/2213/2213 2215/2215/2215 2212/2212/2212
f 2212/2212/2212 2215/2215/2215 2214/2214/2214
f 2213/2213/2213 2216/2216/2216 2215/2215/2215
f 2215/2215/2215 2217/2217/2217 2214/2214/2214
f 2216/2216/2216 2218/2218/2218 2215/2215/2215
f 2215/2215/2215 2218/2218/2218 2217/2217/2217
f 2216/2216/2216 2219/2219/2219 2218/2218/2218
f 2218/2218/2218 2220/2220/2220 2217/2217/2217
f 2223/2223/2223 2222/2222/2222 2221/2221/2221
f 2222/2222/2222 2224/2224/2224 2221/2221/2221
f 2221/2221/2221 2224/2224/2224 2225/2225/2225
f 2222/2222/2222 2226/2226/2226 2224/2224/2224
f 2224/2224/2224 2227/2227/2227 2225/2225/2225
f 2225/2225/2225 2227/2227/2227 2228/2228/2228
f 2226/2226/2226 2229/2229/2229 2224/2224/2224
f 2224/2224/2224 2229/2229/2229 2227/2227/2227
f 2226/2226/2226 2230/2230/2230 2229/2229/2229
f 2227/2227/2227 2231/2231/2231 2228/2228/2228
f 2228/2228/2228 2231/2231/2231 2232/2232/2232
f 2229/2229/2229 2233/2233/2233 2227/2227/2227
f 2227/2227/2227 2233/2233/2233 2231/2231/2231
f 2230/2230/2230 2234/2234/2234 2229/2229/2229
f 2229/2229/2229 2234/2234/2234 2233/2233/2233
f 2230/2230/2230 2235/2235/2235 2234/2234/2234
f 2231/2231/2231 2236/2236/2236 2232/2232/2232
f 2232/2232/2232 2236/2236/2236 2237/2237/2237
f 2233/2233/2233 2238/2238/2238 2231/2231/2231
f 2231/2231/2231 2238/2238/2238 2236/2236/2236
f 2234/2234/2234 2239/2239/2239 2233/2233/2233
f 2233/2233/2233 2239/2239/2239 2238/2238/2238
f 2235/2235/2235 2240/2240/2240 2234/2234/2234
f 2234/2234/2234 2240/2240/2240 2239/2239/2239
f 2235/2235/2235 2241/2241/2241 2240/2240/2240
f 2236/2236/2236 2242/2242/2242 2237/2237/2237
f 2237/2237/2237 2242/2242/2242 2243/2243/2243
f 2238/2238/2238 2244/2244/2244 2236/2236/2236
f 2236/2236/2236 2244/2244/2244 2242/2242/2242
f 2239/2239/2239 2245/2245/2245 2238/2238/2238
f 2238/2238/2238 2245/2245/2245 2244/2244/2244
f 2240/2240/2240 2246/2246/2246 2239/2239/2239
f 2239/2239/2239 2246/2246/2246 2245/2245/2245
f 2241/2241/2241 2247/2247/2247 2240/2240/2240
f 2240/2240/2240 2247/2247/2247 2246/2246/2246
f 2241/2241/2241 2248/2248/2248 2247/2247/2247
f 2242/2242/2242 2249/2249/2249 2243/2243/2243
f 2243/2243/2243 2249/2249/2249 2250/2250/2250
f 2244/2244/2244 2251/2251/2251 2242/2242/2242
f 2242/2242/2242 2251/2251/2251 2249/2249/2249
f 2245/2245/2245 2252/2252/2252 2244/2244/2244
f 2244/2244/2244 2252/2252/2252 2251/2251/2251
f 2246/2246/2246 2253/2253/2253 2245/2245/2245
f 2245/2245/2245 2253/2253/2253 2252/2252/2252
f 2247/2247/2247 2254/2254/2254 2246/2246/2246
f 2246/2246/2246 2254/2254/2254 2253/2253/2253
f 2248/2248/2248 2255/2255/2255 2247/2247/2247
f 2247/2247/2247 2255/2255/2255 2254/2254/2254
f 2248/2248/2248 2256/2256/2256 2255/2255/2255
f 2249/2249/2249 2257/2257/2257 2250/2250/2250
f 2250/2250/2250 2257/2257/2257 2258/2258/2258
f 2257/2257/2257 2259/2259/2259 2258/2258/2258
f 2251/2251/2251 2260/2260/2260 2249/2249/2249
f 2249/2249/2249 2260/2260/2260 2257/2257/2257
f 2257/2257/2257 2261/2261/2261 2259/2259/2259
f 2260/2260/2260 2261/2261/2261 2257/2257/2257
f 2261/2261/2261 2262/2262/2262 2259/2259/2259
f 2256/2256/2256 2263/2263/2263 2255/2255/2255
f 2256/2256/2256 2264/2264/2264 2263/2263/2263
f 2255/2255/2255 2265/2265/2265 2254/2254/2254
f 2255/2255/2255 2263/2263/2263 2265/2265/2265
f 2251/2251/2251 2266/2266/2266 2260/2260/2260
f 2252/2252/2252 2266/2266/2266 2251/2251/2251
f 2261/2261/2261 2267/2267/2267 2262/2262/2262
f 2267/2267/2267 2268/2268/2268 2262/2262/2262
f 2260/2260/2260 2269/2269/2269 2261/2261/2261
f 2266/2266/2266 2269/2269/2269 2260/2260/2260
f 2269/2269/2269 2267/2267/2267 2261/2261/2261
f 2264/2264/2264 2270/2270/2270 2263/2263/2263
f 2264/2264/2264 2271/2271/2271 2270/2270/2270
f 2252/2252/2252 2272/2272/2272 2266/2266/2266
f 2253/2253/2253 2272/2272/2272 2252/2252/2252
f 2267/2267/2267 2273/2273/2273 2268/2268/2268
f 2273/2273/2273 2274/2274/2274 2268/2268/2268
f 2269/2269/2269 2275/2275/2275 2267/2267/2267
f 2275/2275/2275 2273/2273/2273 2267/2267/2267
f 2266/2266/2266 2276/2276/2276 2269/2269/2269
f 2272/2272/2272 2276/2276/2276 2266/2266/2266
f 2276/2276/2276 2275/2275/2275 2269/2269/2269
f 2253/2253/2253 2277/2277/2277 2272/2272/2272
f 2254/2254/2254 2277/2277/2277 2253/2253/2253
f 2254/2254/2254 2265/2265/2265 2277/2277/2277
f 2273/2273/2273 2278/2278/2278 2274/2274/2274
f 2278/2278/2278 2279/2279/2279 2274/2274/2274
f 2275/2275/2275 2280/2280/2280 2273/2273/2273
f 2280/2280/2280 2278/2278/2278 2273/2273/2273
f 2276/2276/2276 2281/2281/2281 2275/2275/2275
f 2281/2281/2281 2280/2280/2280 2275/2275/2275
f 2272/2272/2272 2282/2282/2282 2276/2276/2276
f 2277/2277/2277 2282/2282/2282 2272/2272/2272
f 2282/2282/2282 2281/2281/2281 2276/2276/2276
f 2265/2265/2265 2283/2283/2283 2277/2277/2277
f 2277/2277/2277 2283/2283/2283 2282/2282/2282
f 2278/2278/2278 2284/2284/2284 2279/2279/2279
f 2284/2284/2284 2285/2285/2285 2279/2279/2279
f 2280/2280/2280 2286/2286/2286 2278/2278/2278
f 2286/2286/2286 2284/2284/2284 2278/2278/2278
f 2281/2281/2281 2287/2287/2287 2280/2280/2280
f 2287/2287/2287 2286/2286/2286 2280/2280/2280
f 2282/2282/2282 2288/2288/2288 2281/2281/2281
f 2283/2283/2283 2288/2288/2288 2282/2282/2282
f 2288/2288/2288 2287/2287/2287 2281/2281/2281
f 2265/2265/2265 2289/2289/2289 2283/2283/2283
f 2263/2263/2263 2289/2289/2289 2265/2265/2265
f 2263/2263/2263 2270/2270/2270 2289/2289/2289
f 2284/2284/2284 2290/2290/2290 2285/2285/2285
f 2290/2290/2290 2291/2291/2291 2285/2285/2285
f 2286/2286/2286 2292/2292/2292 2284/2284/2284
f 2292/2292/2292 2290/2290/2290 2284/2284/2284
f 2287/2287/2287 2293/2293/2293 2286/2286/2286
f 2293/2293/2293 2292/2292/2292 2286/2286/2286
f 2288/2288/2288 2294/2294/2294 2287/2287/2287
f 2294/2294/2294 2293/2293/2293 2287/2287/2287
f 2283/2283/2283 2295/2295/2295 2288/2288/2288
f 2289/2289/2289 2295/2295/2295 2283/2283/2283
f 2295/2295/2295 2294/2294/2294 2288/2288/2288
f 2270/2270/2270 2296/2296/2296 2289/2289/2289
f 2289/2289/2289 2296/2296/2296 2295/2295/2295
f 2290/2290/2290 2297/2297/2297 2291/2291/2291
f 2297/2297/2297 2298/2298/2298 2291/2291/2291
f 2292/2292/2292 2299/2299/2299 2290/2290/2290
f 2299/2299/2299 2297/2297/2297 2290/2290/2290
f 2293/2293/2293 2300/2300/2300 2292/2292/2292
f 2300/2300/2300 2299/2299/2299 2292/2292/2292
f 2294/2294/2294 2301/2301/2301 2293/2293/2293
f 2301/2301/2301 2300/2300/2300 2293/2293/2293
f 2295/2295/2295 2302/2302/2302 2294/2294/2294
f 2296/2296/2296 2302/2302/2302 2295/2295/2295
f 2302/2302/2302 2301/2301/2301 2294/2294/2294
f 2270/2270/2270 2303/2303/2303 2296/2296/2296
f 2271/2271/2271 2303/2303/2303 2270/2270/2270
f 2271/2271/2271 2304/2304/2304 2303/2303/2303
f 2297/2297/2297 2305/2305/2305 2298/2298/2298
f 2305/2305/2305 2306/2306/2306 2298/2298/2298
f 2299/2299/2299 2307/2307/2307 2297/2297/2297
f 2307/2307/2307 2305/2305/2305 2297/2297/2297
f 2300/2300/2300 2308/2308/2308 2299/2299/2299
f 2308/2308/2308 2307/2307/2307 2299/2299/2299
f 2301/2301/2301 2309/2309/2309 2300/2300/2300
f 2309/2309/2309 2308/2308/2308 2300/2300/2300
f 2302/2302/2302 2310/2310/2310 2301/2301/2301
f 2310/2310/2310 2309/2309/2309 2301/2301/2301
f 2304/2304/2304 2311/2311/2311 2303/2303/2303
f 2304/2304/2304 2312/2312/2312 2311/2311/2311
f 2305/2305/2305 2313/2313/2313 2306/2306/2306
f 2313/2313/2313 2314/2314/2314 2306/2306/2306
f 2307/2307/2307 2315/2315/2315 2305/2305/2305
f 2315/2315/2315 2313/2313/2313 2305/2305/2305
f 2308/2308/2308 2316/2316/2316 2307/2307/2307
f 2316/2316/2316 2315/2315/2315 2307/2307/2307
f 2309/2309/2309 2317/2317/2317 2308/2308/2308
f 2317/2317/2317 2316/2316/2316 2308/2308/2308
f 2313/2313/2313 2318/2318/2318 2314/2314/2314
f 2318/2318/2318 2319/2319/2319 2314/2314/2314
f 2315/2315/2315 2320/2320/2320 2313/2313/2313
f 2320/2320/2320 2318/2318/2318 2313/2313/2313
f 2316/2316/2316 2321/2321/2321 2315/2315/2315
f 2321/2321/2321 2320/2320/2320 2315/2315/2315
f 2318/2318/2318 2322/2322/2322 2319/2319/2319
f 2322/2322/2322 2323/2323/2323 2319/2319/2319
f 2320/2320/2320 2324/2324/2324 2318/2318/2318
f 2324/2324/2324 2322/2322/2322 2318/2318/2318
f 2322/2322/2322 2325/2325/2325 2323/2323/2323
f 2325/2325/2325 2326/2326/2326 2323/2323/2323
f 2327/2327/2327 2317/2317/2317 2309/2309/2309
f 2310/2310/2310 2327/2327/2327 2309/2309/2309
f 2317/2317/2317 2328/2328/2328 2316/2316/2316
f 2328/2328/2328 2321/2321/2321 2316/2316/2316
f 2321/2321/2321 2329/2329/2329 2320/2320/2320
f 2329/2329/2329 2324/2324/2324 2320/2320/2320
f 2324/2324/2324 2330/2330/2330 2322/2322/2322
f 2330/2330/2330 2325/2325/2325 2322/2322/2322
f 2325/2325/2325 2331/2331/2331 2326/2326/2326
f 2331/2331/2331 2332/2332/2332 2326/2326/2326
f 2327/2327/2327 2333/2333/2333 2317/2317/2317
f 2333/2333/2333 2328/2328/2328 2317/2317/2317
f 2328/2328/2328 2334/2334/2334 2321/2321/2321
f 2334/2334/2334 2329/2329/2329 2321/2321/2321
f 2329/2329/2329 2335/2335/2335 2324/2324/2324
f 2335/2335/2335 2330/2330/2330 2324/2324/2324
f 2330/2330/2330 2336/2336/2336 2325/2325/2325
f 2336/2336/2336 2331/2331/2331 2325/2325/2325
f 2331/2331/2331 2337/2337/2337 2332/2332/2332
f 2337/2337/2337 2338/2338/2338 2332/2332/2332
f 2333/2333/2333 2339/2339/2339 2328/2328/2328
f 2339/2339/2339 2334/2334/2334 2328/2328/2328
f 2334/2334/2334 2340/2340/2340 2329/2329/2329
f 2340/2340/2340 2335/2335/2335 2329/2329/2329
f 2335/2335/2335 2341/2341/2341 2330/2330/2330
f 2341/2341/2341 2336/2336/2336 2330/2330/2330
f 2336/2336/2336 2342/2342/2342 2331/2331/2331
f 2342/2342/2342 2337/2337/2337 2331/2331/2331
f 2337/2337/2337 2343/2343/2343 2338/2338/2338
f 2343/2343/2343 2344/2344/2344 2338/2338/2338
f 2339/2339/2339 2345/2345/2345 2334/2334/2334
f 2345/2345/2345 2340/2340/2340 2334/2334/2334
f 2340/2340/2340 2346/2346/2346 2335/2335/2335
f 2346/2346/2346 2341/2341/2341 2335/2335/2335
f 2341/2341/2341 2347/2347/2347 2336/2336/2336
f 2347/2347/2347 2342/2342/2342 2336/2336/2336
f 2342/2342/2342 2348/2348/2348 2337/2337/2337
f 2348/2348/2348 2343/2343/2343 2337/2337/2337
f 2343/2343/2343 2349/2349/2349 2344/2344/2344
f 2349/2349/2349 2350/2350/2350 2344/2344/2344
f 2345/2345/2345 2351/2351/2351 2340/2340/2340
f 2351/2351/2351 2346/2346/2346 2340/2340/2340
f 2346/2346/2346 2352/2352/2352 2341/2341/2341
f 2352/2352/2352 2347/2347/2347 2341/2341/2341
f 2347/2347/2347 2353/2353/2353 2342/2342/2342
f 2353/2353/2353 2348/2348/2348 2342/2342/2342
f 2348/2348/2348 2354/2354/2354 2343/2343/2343
f 2354/2354/2354 2349/2349/2349 2343/2343/2343
f 2349/2349/2349 2355/2355/2355 2350/2350/2350
f 2355/2355/2355 2356/2356/2356 2350/2350/2350
f 2351/2351/2351 2357/2357/2357 2346/2346/2346
f 2357/2357/2357 2352/2352/2352 2346/2346/2346
f 2352/2352/2352 2358/2358/2358 2347/2347/2347
f 2358/2358/2358 2353/2353/2353 2347/2347/2347
f 2353/2353/2353 2359/2359/2359 2348/2348/2348
f 2359/2359/2359 2354/2354/2354 2348/2348/2348
f 2354/2354/2354 2360/2360/2360 2349/2349/2349
f 2360/2360/2360 2355/2355/2355 2349/2349/2349
f 2355/2355/2355 2361/2361/2361 2356/2356/2356
f 2361/2361/2361 2362/2362/2362 2356/2356/2356
f 2357/2357/2357 2363/2363/2363 2352/2352/2352
f 2363/2363/2363 2358/2358/2358 2352/2352/2352
f 2358/2358/2358 2364/2364/2364 2353/2353/2353
f 2364/2364/2364 2359/2359/2359 2353/2353/2353
f 2359/2359/2359 2365/2365/2365 2354/2354/2354
f 2365/2365/2365 2360/2360/2360 2354/2354/2354
f 2360/2360/2360 2366/2366/2366 2355/2355/2355
f 2366/2366/2366 2361/2361/2361 2355/2355/2355
f 2361/2361/2361 2367/2367/2367 2362/2362/2362
f 2367/2367/2367 2368/2368/2368 2362/2362/2362
f 2363/2363/2363 2369/2369/2369 2358/2358/2358
f 2369/2369/2369 2364/2364/2364 2358/2358/2358
f 2364/2364/2364 2370/2370/2370 2359/2359/2359
f 2370/2370/2370 2365/2365/2365 2359/2359/2359
f 2365/2365/2365 2371/2371/2371 2360/2360/2360
f 2371/2371/2371 2366/2366/2366 2360/2360/2360
f 2366/2366/2366 2372/2372/2372 2361/2361/2361
f 2372/2372/2372 2367/2367/2367 2361/2361/2361
f 2367/2367/2367 2373/2373/2373 2368/2368/2368
f 2373/2373/2373 2374/2374/2374 2368/2368/2368
f 2369/2369/2369 2375/2375/2375 2364/2364/2364
f 2375/2375/2375 2370/2370/2370 2364/2364/2364
f 2370/2370/2370 2376/2376/2376 2365/2365/2365
f 2376/2376/2376 2371/2371/2371 2365/2365/2365
f 2371/2371/2371 2377/2377/2377 2366/2366/2366
f 2377/2377/2377 2372/2372/2372 2366/2366/2366
f 2372/2372/2372 2378/2378/2378 2367/2367/2367
f 2378/2378/2378 2373/2373/2373 2367/2367/2367
f 2373/2373/2373 2379/2379/2379 2374/2374/2374
f 2379/2379/2379 2380/2380/2380 2374/2374/2374
f 2375/2375/2375 2381/2381/2381 2370/2370/2370
f 2381/2381/2381 2376/2376/2376 2370/2370/2370
f 2376/2376/2376 2382/2382/2382 2371/2371/2371
f 2382/2382/2382 2377/2377/2377 2371/2371/2371
f 2377/2377/2377 2383/2383/2383 2372/2372/2372
f 2383/2383/2383 2378/2378/2378 2372/2372/2372
f 2378/2378/2378 2384/2384/2384 2373/2373/2373
f 2384/2384/2384 2379/2379/2379 2373/2373/2373
f 2379/2379/2379 2385/2385/2385 2380/2380/2380
f 2385/2385/2385 2386/2386/2386 2380/2380/2380
f 2381/2381/2381 2387/2387/2387 2376/2376/2376
f 2387/2387/2387 2382/2382/2382 2376/2376/2376
f 2382/2382/2382 2388/2388/2388 2377/2377/2377
f 2388/2388/2388 2383/2383/2383 2377/2377/2377
f 2383/2383/2383 2389/2389/2389 2378/2378/2378
f 2389/2389/2389 2384/2384/2384 2378/2378/2378
f 2384/2384/2384 2390/2390/2390 2379/2379/2379
f 2390/2390/2390 2385/2385/2385 2379/2379/2379
f 2385/2385/2385 2391/2391/2391 2386/2386/2386
f 2391/2391/2391 2392/2392/2392 2386/2386/2386
f 2387/2387/2387 2393/2393/2393 2382/2382/2382
f 2393/2393/2393 2388/2388/2388 2382/2382/2382
f 2388/2388/2388 2394/2394/2394 2383/2383/2383
f 2394/2394/2394 2389/2389/2389 2383/2383/2383
f 2389/2389/2389 2395/2395/2395 2384/2384/2384
f 2395/2395/2395 2390/2390/2390 2384/2384/2384
f 2390/2390/2390 2396/2396/2396 2385/2385/2385
f 2396/2396/2396 2391/2391/2391 2385/2385/2385
f 2391/2391/2391 2397/2397/2397 2392/2392/2392
f 2397/2397/2397 2398/2398/2398 2392/2392/2392
f 2393/2393/2393 2399/2399/2399 2388/2388/2388
f 2399/2399/2399 2394/2394/2394 2388/2388/2388
f 2394/2394/2394 2400/2400/2400 2389/2389/2389
f 2400/2400/2400 2395/2395/2395 2389/2389/2389
f 2395/2395/2395 2401/2401/2401 2390/2390/2390
f 2401/2401/2401 2396/2396/2396 2390/2390/2390
f 2396/2396/2396 2402/2402/2402 2391/2391/2391
f 2402/2402/2402 2397/2397/2397 2391/2391/2391
f 2397/2397/2397 2403/2403/2403 2398/2398/2398
f 2403/2403/2403 2404/2404/2404 2398/2398/2398
f 2399/2399/2399 2405/2405/2405 2394/2394/2394
f 2405/2405/2405 2400/2400/2400 2394/2394/2394
f 2400/2400/2400 2406/2406/2406 2395/2395/2395
f 2406/2406/2406 2401/2401/2401 2395/2395/2395
f 2401/2401/2401 2407/2407/2407 2396/2396/2396
f 2407/2407/2407 2402/2402/2402 2396/2396/2396
f 2402/2402/2402 2408/2408/2408 2397/2397/2397
f 2408/2408/2408 2403/2403/2403 2397/2397/2397
f 2403/2403/2403 2409/2409/2409 2404/2404/2404
f 2409/2409/2409 2410/2410/2410 2404/2404/2404
f 2405/2405/2405 2411/2411/2411 2400/2400/2400
f 2411/2411/2411 2406/2406/2406 2400/2400/2400
f 2406/2406/2406 2412/2412/2412 2401/2401/2401
f 2412/2412/2412 2407/2407/2407 2401/2401/2401
f 2407/2407/2407 2413/2413/2413 2402/2402/2402
f 2413/2413/2413 2408/2408/2408 2402/2402/2402
f 2412/2412/2412 2414/2414/2414 2407/2407/2407
f 2414/2414/2414 2413/2413/2413 2407/2407/2407
f 2414/2414/2414 2415/2415/2415 2413/2413/2413
f 2416/2416/2416 2412/2412/2412 2406/2406/2406
f 2411/2411/2411 2416/2416/2416 2406/2406/2406
f 2416/2416/2416 2417/2417/2417 2412/2412/2412
f 2415/2415/2415 2418/2418/2418 2413/2413/2413
f 2413/2413/2413 2418/2418/2418 2408/2408/2408
f 2415/2415/2415 2419/2419/2419 2418/2418/2418
f 2418/2418/2418 2420/2420/2420 2408/2408/2408
f 2408/2408/2408 2420/2420/2420 2403/2403/2403
f 2420/2420/2420 2409/2409/2409 2403/2403/2403
f 2419/2419/2419 2421/2421/2421 2418/2418/2418
f 2418/2418/2418 2421/2421/2421 2420/2420/2420
f 2419/2419/2419 2422/2422/2422 2421/2421/2421
f 2420/2420/2420 2423/2423/2423 2409/2409/2409
f 2421/2421/2421 2423/2423/2423 2420/2420/2420
f 2422/2422/2422 2424/2424/2424 2421/2421/2421
f 2421/2421/2421 2424/2424/2424 2423/2423/2423
f 2423/2423/2423 2425/2425/2425 2409/2409/2409
f 2409/2409/2409 2425/2425/2425 2410/2410/2410
f 2425/2425/2425 2426/2426/2426 2410/2410/2410
f 2422/2422/2422 2427/2427/2427 2424/2424/2424
f 2428/2428/2428 2427/2427/2427 2422/2422/2422
f 2424/2424/2424 2429/2429/2429 2423/2423/2423
f 2423/2423/2423 2429/2429/2429 2425/2425/2425
f 2424/2424/2424 2430/2430/2430 2429/2429/2429
f 2425/2425/2425 2431/2431/2431 2426/2426/2426
f 2429/2429/2429 2431/2431/2431 2425/2425/2425
f 2431/2431/2431 2432/2432/2432 2426/2426/2426
f 2428/2428/2428 2433/2433/2433 2427/2427/2427
f 2433/2433/2433 2434/2434/2434 2427/2427/2427
f 2434/2434/2434 2435/2435/2435 2430/2430/2430
f 2436/2436/2436 2433/2433/2433 2428/2428/2428
f 2430/2430/2430 2437/2437/2437 2429/2429/2429
f 2430/2430/2430 2435/2435/2435 2437/2437/2437
f 2429/2429/2429 2437/2437/2437 2431/2431/2431
f 2435/2435/2435 2438/2438/2438 2437/2437/2437
f 2431/2431/2431 2439/2439/2439 2432/2432/2432
f 2437/2437/2437 2439/2439/2439 2431/2431/2431
f 2437/2437/2437 2438/2438/2438 2439/2439/2439
f 2439/2439/2439 2440/2440/2440 2432/2432/2432
f 2438/2438/2438 2441/2441/2441 2439/2439/2439
f 2439/2439/2439 2441/2441/2441 2440/2440/2440
f 2441/2441/2441 2442/2442/2442 2440/2440/2440
f 2443/2443/2443 2436/2436/2436 2428/2428/2428
f 2443/2443/2443 2428/2428/2428 2444/2444/2444
f 2445/2445/2445 2436/2436/2436 2443/2443/2443
f 2446/2446/2446 2443/2443/2443 2444/2444/2444
f 2446/2446/2446 2444/2444/2444 2447/2447/2447
f 2448/2448/2448 2445/2445/2445 2443/2443/2443
f 2448/2448/2448 2443/2443/2443 2446/2446/2446
f 2449/2449/2449 2445/2445/2445 2448/2448/2448
f 2450/2450/2450 2448/2448/2448 2446/2446/2446
f 2451/2451/2451 2446/2446/2446 2447/2447/2447
f 2450/2450/2450 2446/2446/2446 2451/2451/2451
f 2451/2451/2451 2447/2447/2447 2452/2452/2452
f 2453/2453/2453 2450/2450/2450 2451/2451/2451
f 2454/2454/2454 2451/2451/2451 2452/2452/2452
f 2453/2453/2453 2451/2451/2451 2454/2454/2454
f 2454/2454/2454 2452/2452/2452 2417/2417/2417
f 2455/2455/2455 2453/2453/2453 2454/2454/2454
f 2456/2456/2456 2454/2454/2454 2417/2417/2417
f 2455/2455/2455 2454/2454/2454 2456/2456/2456
f 2456/2456/2456 2417/2417/2417 2416/2416/2416
f 2457/2457/2457 2456/2456/2456 2416/2416/2416
f 2457/2457/2457 2416/2416/2416 2411/2411/2411
f 2458/2458/2458 2455/2455/2455 2456/2456/2456
f 2458/2458/2458 2456/2456/2456 2457/2457/2457
f 2459/2459/2459 2457/2457/2457 2411/2411/2411
f 2459/2459/2459 2411/2411/2411 2405/2405/2405
f 2460/2460/2460 2455/2455/2455 2458/2458/2458
f 2460/2460/2460 2461/2461/2461 2455/2455/2455
f 2462/2462/2462 2460/2460/2460 2458/2458/2458
f 2463/2463/2463 2458/2458/2458 2457/2457/2457
f 2462/2462/2462 2458/2458/2458 2463/2463/2463
f 2463/2463/2463 2457/2457/2457 2459/2459/2459
f 2464/2464/2464 2462/2462/2462 2463/2463/2463
f 2464/2464/2464 2463/2463/2463 2465/2465/2465
f 2465/2465/2465 2463/2463/2463 2459/2459/2459
f 2466/2466/2466 2464/2464/2464 2465/2465/2465
f 2467/2467/2467 2459/2459/2459 2405/2405/2405
f 2465/2465/2465 2459/2459/2459 2467/2467/2467
f 2467/2467/2467 2405/2405/2405 2399/2399/2399
f 2466/2466/2466 2465/2465/2465 2468/2468/2468
f 2468/2468/2468 2465/2465/2465 2467/2467/2467
f 2469/2469/2469 2466/2466/2466 2468/2468/2468
f 2470/2470/2470 2467/2467/2467 2399/2399/2399
f 2468/2468/2468 2467/2467/2467 2470/2470/2470
f 2470/2470/2470 2399/2399/2399 2393/2393/2393
f 2469/2469/2469 2468/2468/2468 2471/2471/2471
f 2471/2471/2471 2468/2468/2468 2470/2470/2470
f 2472/2472/2472 2469/2469/2469 2471/2471/2471
f 2473/2473/2473 2470/2470/2470 2393/2393/2393
f 2471/2471/2471 2470/2470/2470 2473/2473/2473
f 2473/2473/2473 2393/2393/2393 2387/2387/2387
f 2472/2472/2472 2471/2471/2471 2474/2474/2474
f 2474/2474/2474 2471/2471/2471 2473/2473/2473
f 2475/2475/2475 2472/2472/2472 2474/2474/2474
f 2476/2476/2476 2473/2473/2473 2387/2387/2387
f 2474/2474/2474 2473/2473/2473 2476/2476/2476
f 2476/2476/2476 2387/2387/2387 2381/2381/2381
f 2475/2475/2475 2474/2474/2474 2477/2477/2477
f 2477/2477/2477 2474/2474/2474 2476/2476/2476
f 2478/2478/2478 2475/2475/2475 2477/2477/2477
f 2479/2479/2479 2476/2476/2476 2381/2381/2381
f 2477/2477/2477 2476/2476/2476 2479/2479/2479
f 2479/2479/2479 2381/2381/2381 2375/2375/2375
f 2478/2478/2478 2477/2477/2477 2480/2480/2480
f 2480/2480/2480 2477/2477/2477 2479/2479/2479
f 2481/2481/2481 2478/2478/2478 2480/2480/2480
f 2482/2482/2482 2479/2479/2479 2375/2375/2375
f 2480/2480/2480 2479/2479/2479 2482/2482/2482
f 2482/2482/2482 2375/2375/2375 2369/2369/2369
f 2481/2481/2481 2480/2480/2480 2483/2483/2483
f 2483/2483/2483 2480/2480/2480 2482/2482/2482
f 2484/2484/2484 2481/2481/2481 2483/2483/2483
f 2485/2485/2485 2482/2482/2482 2369/2369/2369
f 2483/2483/2483 2482/2482/2482 2485/2485/2485
f 2485/2485/2485 2369/2369/2369 2363/2363/2363
f 2484/2484/2484 2483/2483/2483 2486/2486/2486
f 2486/2486/2486 2483/2483/2483 2485/2485/2485
f 2487/2487/2487 2484/2484/2484 2486/2486/2486
f 2488/2488/2488 2485/2485/2485 2363/2363/2363
f 2486/2486/2486 2485/2485/2485 2488/2488/2488
f 2488/2488/2488 2363/2363/2363 2357/2357/2357
f 2487/2487/2487 2486/2486/2486 2489/2489/2489
f 2489/2489/2489 2486/2486/2486 2488/2488/2488
f 2490/2490/2490 2487/2487/2487 2489/2489/2489
f 2491/2491/2491 2488/2488/2488 2357/2357/2357
f 2489/2489/2489 2488/2488/2488 2491/2491/2491
f 2491/2491/2491 2357/2357/2357 2351/2351/2351
f 2490/2490/2490 2489/2489/2489 2492/2492/2492
f 2492/2492/2492 2489/2489/2489 2491/2491/2491
f 2493/2493/2493 2490/2490/2490 2492/2492/2492
f 2494/2494/2494 2491/2491/2491 2351/2351/2351
f 2492/2492/2492 2491/2491/2491 2494/2494/2494
f 2494/2494/2494 2351/2351/2351 2345/2345/2345
f 2493/2493/2493 2492/2492/2492 2495/2495/2495
f 2495/2495/2495 2492/2492/2492 2494/2494/2494
f 2496/2496/2496 2493/2493/2493 2495/2495/2495
f 2497/2497/2497 2494/2494/2494 2345/2345/2345
f 2495/2495/2495 2494/2494/2494 2497/2497/2497
f 2497/2497/2497 2345/2345/2345 2339/2339/2339
f 2496/2496/2496 2495/2495/2495 2498/2498/2498
f 2498/2498/2498 2495/2495/2495 2497/2497/2497
f 2499/2499/2499 2496/2496/2496 2498/2498/2498
f 2500/2500/2500 2497/2497/2497 2339/2339/2339
f 2498/2498/2498 2497/2497/2497 2500/2500/2500
f 2500/2500/2500 2339/2339/2339 2333/2333/2333
f 2499/2499/2499 2498/2498/2498 2501/2501/2501
f 2501/2501/2501 2498/2498/2498 2500/2500/2500
f 2502/2502/2502 2499/2499/2499 2501/2501/2501
f 2503/2503/2503 2500/2500/2500 2333/2333/2333
f 2501/2501/2501 2500/2500/2500 2503/2503/2503
f 2503/2503/2503 2333/2333/2333 2327/2327/2327
f 2502/2502/2502 2501/2501/2501 2504/2504/2504
f 2504/2504/2504 2501/2501/2501 2503/2503/2503
f 2312/2312/2312 2502/2502/2502 2504/2504/2504
f 2312/2312/2312 2504/2504/2504 2311/2311/2311
f 2505/2505/2505 2503/2503/2503 2327/2327/2327
f 2504/2504/2504 2503/2503/2503 2505/2505/2505
f 2311/2311/2311 2504/2504/2504 2505/2505/2505
f 2505/2505/2505 2327/2327/2327 2310/2310/2310
f 2311/2311/2311 2505/2505/2505 2506/2506/2506
f 2506/2506/2506 2505/2505/2505 2310/2310/2310
f 2303/2303/2303 2311/2311/2311 2506/2506/2506
f 2506/2506/2506 2310/2310/2310 2302/2302/2302
f 2303/2303/2303 2506/2506/2506 2296/2296/2296
f 2296/2296/2296 2506/2506/2506 2302/2302/2302
f 2509/2509/2509 2508/2508/2508 2507/2507/2507
f 2509/2509/2509 2510/2510/2510 2508/2508/2508
f 2510/2510/2510 2511/2511/2511 2508/2508/2508
f 2510/2510/2510 2512/2512/2512 2511/2511/2511
f 2512/2512/2512 2513/2513/2513 2511/2511/2511
f 2516/2516/2516 2515/2515/2515 2514/2514/2514
f 2515/2515/2515 2517/2517/2517 2514/2514/2514
f 2515/2515/2515 2518/2518/2518 2517/2517/2517
f 2518/2518/2518 2519/2519/2519 2517/2517/2517
f 2518/2518/2518 2520/2520/2520 2519/2519/2519
f 2520/2520/2520 2521/2521/2521 2519/2519/2519
f 2520/2520/2520 2522/2522/2522 2521/2521/2521
f 2522/2522/2522 2523/2523/2523 2521/2521/2521
f 2522/2522/2522 2524/2524/2524 2523/2523/2523
f 2524/2524/2524 2525/2525/2525 2523/2523/2523
f 2523/2523/2523 2525/2525/2525 2526/2526/2526
f 2524/2524/2524 2527/2527/2527 2525/2525/2525
f 2525/2525/2525 2528/2528/2528 2526/2526/2526
f 2527/2527/2527 2529/2529/2529 2525/2525/2525
f 2525/2525/2525 2529/2529/2529 2528/2528/2528
f 2527/2527/2527 2530/2530/2530 2529/2529/2529
f 2529/2529/2529 2531/2531/2531 2528/2528/2528
f 2530/2530/2530 2532/2532/2532 2529/2529/2529
f 2529/2529/2529 2532/2532/2532 2531/2531/2531
f 2530/2530/2530 2533/2533/2533 2532/2532/2532
f 2532/2532/2532 2534/2534/2534 2531/2531/2531
f 2533/2533/2533 2535/2535/2535 2532/2532/2532
f 2532/2532/2532 2535/2535/2535 2534/2534/2534
f 2533/2533/2533 2536/2536/2536 2535/2535/2535
f 2535/2535/2535 2537/2537/2537 2534/2534/2534
f 2536/2536/2536 2538/2538/2538 2535/2535/2535
f 2535/2535/2535 2538/2538/2538 2537/2537/2537
f 2536/2536/2536 2539/2539/2539 2538/2538/2538
f 2538/2538/2538 2540/2540/2540 2537/2537/2537
f 2539/2539/2539 2541/2541/2541 2538/2538/2538
f 2538/2538/2538 2541/2541/2541 2540/2540/2540
f 2539/2539/2539 2542/2542/2542 2541/2541/2541
f 2541/2541/2541 2543/2543/2543 2540/2540/2540
f 2542/2542/2542 2544/2544/2544 2541/2541/2541
f 2541/2541/2541 2544/2544/2544 2543/2543/2543
f 2542/2542/2542 2545/2545/2545 2544/2544/2544
f 2544/2544/2544 2546/2546/2546 2543/2543/2543
f 2545/2545/2545 2547/2547/2547 2544/2544/2544
f 2544/2544/2544 2547/2547/2547 2546/2546/2546
f 2545/2545/2545 2548/2548/2548 2547/2547/2547
f 2547/2547/2547 2549/2549/2549 2546/2546/2546
f 2548/2548/2548 2550/2550/2550 2547/2547/2547
f 2547/2547/2547 2550/2550/2550 2549/2549/2549
f 2548/2548/2548 2551/2551/2551 2550/2550/2550
f 2550/2550/2550 2552/2552/2552 2549/2549/2549
f 2551/2551/2551 2553/2553/2553 2550/2550/2550
f 2550/2550/2550 2553/2553/2553 2552/2552/2552
f 2551/2551/2551 2554/2554/2554 2553/2553/2553
f 2553/2553/2553 2555/2555/2555 2552/2552/2552
f 2554/2554/2554 2556/2556/2556 2553/2553/2553
f 2553/2553/2553 2556/2556/2556 2555/2555/2555
f 2554/2554/2554 2557/2557/2557 2556/2556/2556
f 2556/2556/2556 2558/2558/2558 2555/2555/2555
f 2557/2557/2557 2559/2559/2559 2556/2556/2556
f 2556/2556/2556 2559/2559/2559 2558/2558/2558
f 2557/2557/2557 2560/2560/2560 2559/2559/2559
f 2559/2559/2559 2561/2561/2561 2558/2558/2558
f 2560/2560/2560 2562/2562/2562 2559/2559/2559
f 2559/2559/2559 2562/2562/2562 2561/2561/2561
f 2560/2560/2560 2563/2563/2563 2562/2562/2562
f 2562/2562/2562 2564/2564/2564 2561/2561/2561
f 2563/2563/2563 2565/2565/2565 2562/2562/2562
f 2562/2562/2562 2565/2565/2565 2564/2564/2564
f 2563/2563/2563 2566/2566/2566 2565/2565/2565
f 2565/2565/2565 2567/2567/2567 2564/2564/2564
f 2566/2566/2566 2568/2568/2568 2565/2565/2565
f 2565/2565/2565 2568/2568/2568 2567/2567/2567
f 2566/2566/2566 2569/2569/2569 2568/2568/2568
f 2568/2568/2568 2570/2570/2570 2567/2567/2567
f 2569/2569/2569 2571/2571/2571 2568/2568/2568
f 2568/2568/2568 2571/2571/2571 2570/2570/2570
f 2569/2569/2569 2572/2572/2572 2571/2571/2571
f 2571/2571/2571 2573/2573/2573 2570/2570/2570
f 2572/2572/2572 2574/2574/2574 2571/2571/2571
f 2571/2571/2571 2574/2574/2574 2573/2573/2573
f 2572/2572/2572 2575/2575/2575 2574/2574/2574
f 2574/2574/2574 2576/2576/2576 2573/2573/2573
f 2575/2575/2575 2577/2577/2577 2574/2574/2574
f 2574/2574/2574 2577/2577/2577 2576/2576/2576
f 2575/2575/2575 2578/2578/2578 2577/2577/2577
f 2577/2577/2577 2579/2579/2579 2576/2576/2576
f 2578/2578/2578 2580/2580/2580 2577/2577/2577
f 2577/2577/2577 2580/2580/2580 2579/2579/2579
f 2578/2578/2578 2581/2581/2581 2580/2580/2580
f 2580/2580/2580 2582/2582/2582 2579/2579/2579
f 2581/2581/2581 2583/2583/2583 2580/2580/2580
f 2580/2580/2580 2583/2583/2583 2582/2582/2582
f 2583/2583/2583 2584/2584/2584 2582/2582/2582
f 2581/2581/2581 2585/2585/2585 2583/2583/2583
f 2585/2585/2585 2586/2586/2586 2583/2583/2583
f 2589/2589/2589 2588/2588/2588 2587/2587/2587
f 2589/2589/2589 2590/2590/2590 2588/2588/2588
f 2590/2590/2590 2591/2591/2591 2588/2588/2588
f 2590/2590/2590 2592/2592/2592 2591/2591/2591
f 2595/2595/2595 2594/2594/2594 2593/2593/2593
f 2595/2595/2595 2596/2596/2596 2594/2594/2594
f 2596/2596/2596 2597/2597/2597 2594/2594/2594
f 2600/2600/2600 2599/2599/2599 2598/2598/2598
f 2599/2599/2599 2601/2601/2601 2598/2598/2598
f 2599/2599/2599 2602/2602/2602 2601/2601/2601
f 2602/2602/2602 2603/2603/2603 2601/2601/2601
f 2602/2602/2602 2604/2604/2604 2603/2603/2603
f 2604/2604/2604 2605/2605/2605 2603/2603/2603
f 2604/2604/2604 2606/2606/2606 2605/2605/2605
f 2606/2606/2606 2607/2607/2607 2605/2605/2605
f 2606/2606/2606 2608/2608/2608 2607/2607/2607
f 2608/2608/2608 2609/2609/2609 2607/2607/2607
f 2608/2608/2608 2610/2610/2610 2609/2609/2609
f 2610/2610/2610 2611/2611/2611 2609/2609/2609
f 2610/2610/2610 2612/2612/2612 2611/2611/2611
f 2612/2612/2612 2613/2613/2613 2611/2611/2611
f 2612/2612/2612 2614/2614/2614 2613/2613/2613
f 2614/2614/2614 2615/2615/2615 2613/2613/2613
f 2614/2614/2614 2616/2616/2616 2615/2615/2615
f 2616/2616/2616 2617/2617/2617 2615/2615/2615
f 2616/2616/2616 2618/2618/2618 2617/2617/2617
f 2618/2618/2618 2619/2619/2619 2617/2617/2617
f 2618/2618/2618 2620/2620/2620 2619/2619/2619
f 2620/2620/2620 2621/2621/2621 2619/2619/2619
f 2620/2620/2620 2622/2622/2622 2621/2621/2621
f 2622/2622/2622 2623/2623/2623 2621/2621/2621
f 2622/2622/2622 2624/2624/2624 2623/2623/2623
f 2624/2624/2624 2625/2625/2625 2623/2623/2623
f 2624/2624/2624 2626/2626/2626 2625/2625/2625
f 2626/2626/2626 2627/2627/2627 2625/2625/2625
f 2626/2626/2626 2628/2628/2628 2627/2627/2627
f 2628/2628/2628 2629/2629/2629 2627/2627/2627
f 2628/2628/2628 2630/2630/2630 2629/2629/2629
f 2630/2630/2630 2631/2631/2631 2629/2629/2629
f 2630/2630/2630 2632/2632/2632 2631/2631/2631
f 2632/2632/2632 2633/2633/2633 2631/2631/2631
f 2634/2634/2634 2632/2632/2632 2630/2630/2630
f 2635/2635/2635 2634/2634/2634 2630/2630/2630
f 2634/2634/2634 2636/2636/2636 2632/2632/2632
f 2636/2636/2636 2637/2637/2637 2632/2632/2632
f 2632/2632/2632 2637/2637/2637 2633/2633/2633
f 2637/2637/2637 2638/2638/2638 2633/2633/2633
f 2637/2637/2637 2639/2639/2639 2638/2638/2638
f 2639/2639/2639 2640/2640/2640 2638/2638/2638
f 2639/2639/2639 2641/2641/2641 2640/2640/2640
f 2644/2644/2644 2643/2643/2643 2642/2642/2642
f 2644/2644/2644 2645/2645/2645 2643/2643/2643
f 2648/2648/2648 2647/2647/2647 2646/2646/2646
f 2647/2647/2647 2649/2649/2649 2646/2646/2646
f 2647/2647/2647 2650/2650/2650 2649/2649/2649
f 2650/2650/2650 2651/2651/2651 2649/2649/2649
f 2650/2650/2650 2652/2652/2652 2651/2651/2651
f 2655/2655/2655 2654/2654/2654 2653/2653/2653
f 2655/2655/2655 2656/2656/2656 2654/2654/2654
f 2656/2656/2656 2657/2657/2657 2654/2654/2654
f 2656/2656/2656 2658/2658/2658 2657/2657/2657
f 2658/2658/2658 2659/2659/2659 2657/2657/2657
f 2658/2658/2658 2660/2660/2660 2659/2659/2659
f 2660/2660/2660 2661/2661/2661 2659/2659/2659
f 2660/2660/2660 2662/2662/2662 2661/2661/2661
f 2662/2662/2662 2663/2663/2663 2661/2661/2661
f 2662/2662/2662 2664/2664/2664 2663/2663/2663
f 2664/2664/2664 2665/2665/2665 2663/2663/2663
f 2664/2664/2664 2666/2666/2666 2665/2665/2665
f 2666/2666/2666 2667/2667/2667 2665/2665/2665
f 2666/2666/2666 2668/2668/2668 2667/2667/2667
f 2668/2668/2668 2669/2669/2669 2667/2667/2667
f 2668/2668/2668 2670/2670/2670 2669/2669/2669
f 2673/2673/2673 2672/2672/2672 2671/2671/2671
f 2674/2674/2674 2672/2672/2672 2673/2673/2673
f 2675/2675/2675 2674/2674/2674 2673/2673/2673
f 2674/2674/2674 2676/2676/2676 2672/2672/2672
f 2675/2675/2675 2673/2673/2673 2677/2677/2677
f 2676/2676/2676 2678/2678/2678 2672/2672/2672
f 2679/2679/2679 2675/2675/2675 2677/2677/2677
f 2676/2676/2676 2680/2680/2680 2678/2678/2678
f 2680/2680/2680 2681/2681/2681 2678/2678/2678
f 2680/2680/2680 2682/2682/2682 2681/2681/2681
f 2679/2679/2679 2677/2677/2677 2683/2683/2683
f 2684/2684/2684 2679/2679/2679 2683/2683/2683
f 2684/2684/2684 2683/2683/2683 2685/2685/2685
f 2686/2686/2686 2684/2684/2684 2685/2685/2685
f 2686/2686/2686 2685/2685/2685 2687/2687/2687
f 2688/2688/2688 2686/2686/2686 2687/2687/2687
f 2688/2688/2688 2687/2687/2687 2689/2689/2689
f 2690/2690/2690 2688/2688/2688 2689/2689/2689
f 2690/2690/2690 2689/2689/2689 2691/2691/2691
f 2692/2692/2692 2690/2690/2690 2691/2691/2691
f 2692/2692/2692 2691/2691/2691 2693/2693/2693
f 2694/2694/2694 2692/2692/2692 2693/2693/2693
f 2694/2694/2694 2693/2693/2693 2695/2695/2695
f 2696/2696/2696 2694/2694/2694 2695/2695/2695
f 2696/2696/2696 2695/2695/2695 2697/2697/2697
f 2698/2698/2698 2696/2696/2696 2697/2697/2697
f 2698/2698/2698 2697/2697/2697 2699/2699/2699
f 2700/2700/2700 2698/2698/2698 2699/2699/2699
f 2700/2700/2700 2699/2699/2699 2701/2701/2701
f 2702/2702/2702 2700/2700/2700 2701/2701/2701
f 2702/2702/2702 2701/2701/2701 2703/2703/2703
f 2704/2704/2704 2702/2702/2702 2703/2703/2703
f 2704/2704/2704 2703/2703/2703 1666/1666/1666
f 1665/1665/1665 2704/2704/2704 1666/1666/1666
f 1667/1667/1667 2704/2704/2704 1665/1665/1665
f 2707/2707/2707 2706/2706/2706 2705/2705/2705
f 2707/2707/2707 2708/2708/2708 2706/2706/2706
f 2708/2708/2708 2709/2709/2709 2706/2706/2706
f 2708/2708/2708 2710/2710/2710 2709/2709/2709
f 2713/2713/2713 2712/2712/2712 2711/2711/2711
f 2712/2712/2712 2714/2714/2714 2711/2711/2711
f 2712/2712/2712 2715/2715/2715 2714/2714/2714
f 2715/2715/2715 2716/2716/2716 2714/2714/2714
f 2715/2715/2715 2717/2717/2717 2716/2716/2716
f 2717/2717/2717 2718/2718/2718 2716/2716/2716
f 2721/2721/2721 2720/2720/2720 2719/2719/2719
f 2721/2721/2721 2722/2722/2722 2720/2720/2720
f 2722/2722/2722 2723/2723/2723 2720/2720/2720
f 2726/2726/2726 2725/2725/2725 2724/2724/2724
f 2726/2726/2726 2727/2727/2727 2725/2725/2725
f 2727/2727/2727 2728/2728/2728 2725/2725/2725
f 2727/2727/2727 2729/2729/2729 2728/2728/2728
f 2729/2729/2729 2730/2730/2730 2728/2728/2728
f 2729/2729/2729 2731/2731/2731 2730/2730/2730
f 2734/2734/2734 2733/2733/2733 2732/2732/2732
f 2734/2734/2734 2735/2735/2735 2733/2733/2733
f 2735/2735/2735 2736/2736/2736 2733/2733/2733
f 2735/2735/2735 2737/2737/2737 2736/2736/2736
f 2740/2740/2740 2739/2739/2739 2738/2738/2738
f 2740/2740/2740 2741/2741/2741 2739/2739/2739
f 2744/2744/2744 2743/2743/2743 2742/2742/2742
f 2744/2744/2744 2745/2745/2745 2743/2743/2743
f 2748/2748/2748 2747/2747/2747 2746/2746/2746
f 2748/2748/2748 2749/2749/2749 2747/2747/2747
f 2749/2749/2749 2750/2750/2750 2747/2747/2747
f 2753/2753/2753 2752/2752/2752 2751/2751/2751
f 2753/2753/2753 2754/2754/2754 2752/2752/2752
f 2757/2757/2757 2756/2756/2756 2755/2755/2755
f 2757/2757/2757 2758/2758/2758 2756/2756/2756
f 2761/2761/2761 2760/2760/2760 2759/2759/2759
f 2761/2761/2761 2762/2762/2762 2760/2760/2760
f 2765/2765/2765 2764/2764/2764 2763/2763/2763
f 2766/2766/2766 2765/2765/2765 2763/2763/2763
f 2766/2766/2766 2763/2763/2763 2767/2767/2767
f 2768/2768/2768 2765/2765/2765 2766/2766/2766
f 2769/2769/2769 2766/2766/2766 2767/2767/2767
f 2769/2769/2769 2767/2767/2767 2770/2770/2770
f 2771/2771/2771 2768/2768/2768 2766/2766/2766
f 2771/2771/2771 2766/2766/2766 2769/2769/2769
f 2772/2772/2772 2768/2768/2768 2771/2771/2771
f 2773/2773/2773 2769/2769/2769 2770/2770/2770
f 2773/2773/2773 2770/2770/2770 2774/2774/2774
f 2775/2775/2775 2771/2771/2771 2769/2769/2769
f 2775/2775/2775 2769/2769/2769 2773/2773/2773
f 2776/2776/2776 2772/2772/2772 2771/2771/2771
f 2776/2776/2776 2771/2771/2771 2775/2775/2775
f 2777/2777/2777 2772/2772/2772 2776/2776/2776
f 2778/2778/2778 2773/2773/2773 2774/2774/2774
f 2778/2778/2778 2774/2774/2774 2779/2779/2779
f 2780/2780/2780 2775/2775/2775 2773/2773/2773
f 2780/2780/2780 2773/2773/2773 2778/2778/2778
f 2781/2781/2781 2776/2776/2776 2775/2775/2775
f 2781/2781/2781 2775/2775/2775 2780/2780/2780
f 2782/2782/2782 2777/2777/2777 2776/2776/2776
f 2782/2782/2782 2776/2776/2776 2781/2781/2781
f 2783/2783/2783 2777/2777/2777 2782/2782/2782
f 2784/2784/2784 2778/2778/2778 2779/2779/2779
f 2784/2784/2784 2779/2779/2779 2785/2785/2785
f 2786/2786/2786 2780/2780/2780 2778/2778/2778
f 2786/2786/2786 2778/2778/2778 2784/2784/2784
f 2787/2787/2787 2781/2781/2781 2780/2780/2780
f 2787/2787/2787 2780/2780/2780 2786/2786/2786
f 2788/2788/2788 2782/2782/2782 2781/2781/2781
f 2788/2788/2788 2781/2781/2781 2787/2787/2787
f 2789/2789/2789 2783/2783/2783 2782/2782/2782
f 2789/2789/2789 2782/2782/2782 2788/2788/2788
f 2790/2790/2790 2783/2783/2783 2789/2789/2789
f 2791/2791/2791 2784/2784/2784 2785/2785/2785
f 2791/2791/2791 2785/2785/2785 2792/2792/2792
f 2793/2793/2793 2786/2786/2786 2784/2784/2784
f 2793/2793/2793 2784/2784/2784 2791/2791/2791
f 2794/2794/2794 2787/2787/2787 2786/2786/2786
f 2794/2794/2794 2786/2786/2786 2793/2793/2793
f 2795/2795/2795 2788/2788/2788 2787/2787/2787
f 2795/2795/2795 2787/2787/2787 2794/2794/2794
f 2796/2796/2796 2789/2789/2789 2788/2788/2788
f 2796/2796/2796 2788/2788/2788 2795/2795/2795
f 2797/2797/2797 2790/2790/2790 2789/2789/2789
f 2797/2797/2797 2789/2789/2789 2796/2796/2796
f 2798/2798/2798 2790/2790/2790 2797/2797/2797
f 2799/2799/2799 2791/2791/2791 2792/2792/2792
f 2799/2799/2799 2792/2792/2792 2800/2800/2800
f 2801/2801/2801 2793/2793/2793 2791/2791/2791
f 2801/2801/2801 2791/2791/2791 2799/2799/2799
f 2802/2802/2802 2794/2794/2794 2793/2793/2793
f 2802/2802/2802 2793/2793/2793 2801/2801/2801
f 2803/2803/2803 2795/2795/2795 2794/2794/2794
f 2803/2803/2803 2794/2794/2794 2802/2802/2802
f 2804/2804/2804 2796/2796/2796 2795/2795/2795
f 2804/2804/2804 2795/2795/2795 2803/2803/2803
f 2805/2805/2805 2797/2797/2797 2796/2796/2796
f 2805/2805/2805 2796/2796/2796 2804/2804/2804
f 2806/2806/2806 2798/2798/2798 2797/2797/2797
f 2806/2806/2806 2797/2797/2797 2805/2805/2805
f 2807/2807/2807 2798/2798/2798 2806/2806/2806
f 2808/2808/2808 2807/2807/2807 2806/2806/2806
f 2809/2809/2809 2807/2807/2807 2808/2808/2808
f 2810/2810/2810 2806/2806/2806 2805/2805/2805
f 2808/2808/2808 2806/2806/2806 2810/2810/2810
f 2811/2811/2811 2805/2805/2805 2804/2804/2804
f 2810/2810/2810 2805/2805/2805 2811/2811/2811
f 2812/2812/2812 2804/2804/2804 2803/2803/2803
f 2811/2811/2811 2804/2804/2804 2812/2812/2812
f 2813/2813/2813 2803/2803/2803 2802/2802/2802
f 2812/2812/2812 2803/2803/2803 2813/2813/2813
f 2814/2814/2814 2809/2809/2809 2808/2808/2808
f 2815/2815/2815 2809/2809/2809 2814/2814/2814
f 2816/2816/2816 2808/2808/2808 2810/2810/2810
f 2814/2814/2814 2808/2808/2808 2816/2816/2816
f 2817/2817/2817 2810/2810/2810 2811/2811/2811
f 2816/2816/2816 2810/2810/2810 2817/2817/2817
f 2818/2818/2818 2811/2811/2811 2812/2812/2812
f 2817/2817/2817 2811/2811/2811 2818/2818/2818
f 2819/2819/2819 2815/2815/2815 2814/2814/2814
f 2820/2820/2820 2815/2815/2815 2819/2819/2819
f 2821/2821/2821 2814/2814/2814 2816/2816/2816
f 2819/2819/2819 2814/2814/2814 2821/2821/2821
f 2822/2822/2822 2816/2816/2816 2817/2817/2817
f 2821/2821/2821 2816/2816/2816 2822/2822/2822
f 2823/2823/2823 2820/2820/2820 2819/2819/2819
f 2824/2824/2824 2820/2820/2820 2823/2823/2823
f 2825/2825/2825 2819/2819/2819 2821/2821/2821
f 2823/2823/2823 2819/2819/2819 2825/2825/2825
f 2826/2826/2826 2824/2824/2824 2823/2823/2823
f 2827/2827/2827 2824/2824/2824 2826/2826/2826
f 2818/2818/2818 2812/2812/2812 2828/2828/2828
f 2828/2828/2828 2812/2812/2812 2813/2813/2813
f 2829/2829/2829 2817/2817/2817 2818/2818/2818
f 2822/2822/2822 2817/2817/2817 2829/2829/2829
f 2830/2830/2830 2821/2821/2821 2822/2822/2822
f 2825/2825/2825 2821/2821/2821 2830/2830/2830
f 2831/2831/2831 2823/2823/2823 2825/2825/2825
f 2826/2826/2826 2823/2823/2823 2831/2831/2831
f 2832/2832/2832 2827/2827/2827 2826/2826/2826
f 2833/2833/2833 2827/2827/2827 2832/2832/2832
f 2834/2834/2834 2818/2818/2818 2828/2828/2828
f 2829/2829/2829 2818/2818/2818 2834/2834/2834
f 2835/2835/2835 2822/2822/2822 2829/2829/2829
f 2830/2830/2830 2822/2822/2822 2835/2835/2835
f 2836/2836/2836 2825/2825/2825 2830/2830/2830
f 2831/2831/2831 2825/2825/2825 2836/2836/2836
f 2837/2837/2837 2826/2826/2826 2831/2831/2831
f 2832/2832/2832 2826/2826/2826 2837/2837/2837
f 2838/2838/2838 2833/2833/2833 2832/2832/2832
f 2839/2839/2839 2833/2833/2833 2838/2838/2838
f 2840/2840/2840 2829/2829/2829 2834/2834/2834
f 2835/2835/2835 2829/2829/2829 2840/2840/2840
f 2841/2841/2841 2830/2830/2830 2835/2835/2835
f 2836/2836/2836 2830/2830/2830 2841/2841/2841
f 2842/2842/2842 2831/2831/2831 2836/2836/2836
f 2837/2837/2837 2831/2831/2831 2842/2842/2842
f 2843/2843/2843 2832/2832/2832 2837/2837/2837
f 2838/2838/2838 2832/2832/2832 2843/2843/2843
f 2844/2844/2844 2839/2839/2839 2838/2838/2838
f 2845/2845/2845 2839/2839/2839 2844/2844/2844
f 2846/2846/2846 2835/2835/2835 2840/2840/2840
f 2841/2841/2841 2835/2835/2835 2846/2846/2846
f 2847/2847/2847 2836/2836/2836 2841/2841/2841
f 2842/2842/2842 2836/2836/2836 2847/2847/2847
f 2848/2848/2848 2837/2837/2837 2842/2842/2842
f 2843/2843/2843 2837/2837/2837 2848/2848/2848
f 2849/2849/2849 2838/2838/2838 2843/2843/2843
f 2844/2844/2844 2838/2838/2838 2849/2849/2849
f 2850/2850/2850 2845/2845/2845 2844/2844/2844
f 2851/2851/2851 2845/2845/2845 2850/2850/2850
f 2852/2852/2852 2841/2841/2841 2846/2846/2846
f 2847/2847/2847 2841/2841/2841 2852/2852/2852
f 2853/2853/2853 2842/2842/2842 2847/2847/2847
f 2848/2848/2848 2842/2842/2842 2853/2853/2853
f 2854/2854/2854 2843/2843/2843 2848/2848/2848
f 2849/2849/2849 2843/2843/2843 2854/2854/2854
f 2855/2855/2855 2844/2844/2844 2849/2849/2849
f 2850/2850/2850 2844/2844/2844 2855/2855/2855
f 2856/2856/2856 2851/2851/2851 2850/2850/2850
f 2857/2857/2857 2851/2851/2851 2856/2856/2856
f 2858/2858/2858 2847/2847/2847 2852/2852/2852
f 2853/2853/2853 2847/2847/2847 2858/2858/2858
f 2859/2859/2859 2848/2848/2848 2853/2853/2853
f 2854/2854/2854 2848/2848/2848 2859/2859/2859
f 2860/2860/2860 2849/2849/2849 2854/2854/2854
f 2855/2855/2855 2849/2849/2849 2860/2860/2860
f 2861/2861/2861 2850/2850/2850 2855/2855/2855
f 2856/2856/2856 2850/2850/2850 2861/2861/2861
f 2862/2862/2862 2857/2857/2857 2856/2856/2856
f 2863/2863/2863 2857/2857/2857 2862/2862/2862
f 2864/2864/2864 2853/2853/2853 2858/2858/2858
f 2859/2859/2859 2853/2853/2853 2864/2864/2864
f 2865/2865/2865 2854/2854/2854 2859/2859/2859
f 2860/2860/2860 2854/2854/2854 2865/2865/2865
f 2866/2866/2866 2855/2855/2855 2860/2860/2860
f 2861/2861/2861 2855/2855/2855 2866/2866/2866
f 2867/2867/2867 2856/2856/2856 2861/2861/2861
f 2862/2862/2862 2856/2856/2856 2867/2867/2867
f 2868/2868/2868 2863/2863/2863 2862/2862/2862
f 2869/2869/2869 2863/2863/2863 2868/2868/2868
f 2870/2870/2870 2859/2859/2859 2864/2864/2864
f 2865/2865/2865 2859/2859/2859 2870/2870/2870
f 2871/2871/2871 2860/2860/2860 2865/2865/2865
f 2866/2866/2866 2860/2860/2860 2871/2871/2871
f 2872/2872/2872 2861/2861/2861 2866/2866/2866
f 2867/2867/2867 2861/2861/2861 2872/2872/2872
f 2873/2873/2873 2862/2862/2862 2867/2867/2867
f 2868/2868/2868 2862/2862/2862 2873/2873/2873
f 2874/2874/2874 2869/2869/2869 2868/2868/2868
f 2875/2875/2875 2869/2869/2869 2874/2874/2874
f 2876/2876/2876 2865/2865/2865 2870/2870/2870
f 2871/2871/2871 2865/2865/2865 2876/2876/2876
f 2877/2877/2877 2866/2866/2866 2871/2871/2871
f 2872/2872/2872 2866/2866/2866 2877/2877/2877
f 2878/2878/2878 2867/2867/2867 2872/2872/2872
f 2873/2873/2873 2867/2867/2867 2878/2878/2878
f 2879/2879/2879 2868/2868/2868 2873/2873/2873
f 2874/2874/2874 2868/2868/2868 2879/2879/2879
f 2880/2880/2880 2875/2875/2875 2874/2874/2874
f 2881/2881/2881 2875/2875/2875 2880/2880/2880
f 2882/2882/2882 2871/2871/2871 2876/2876/2876
f 2877/2877/2877 2871/2871/2871 2882/2882/2882
f 2883/2883/2883 2872/2872/2872 2877/2877/2877
f 2878/2878/2878 2872/2872/2872 2883/2883/2883
f 2884/2884/2884 2873/2873/2873 2878/2878/2878
f 2879/2879/2879 2873/2873/2873 2884/2884/2884
f 2885/2885/2885 2874/2874/2874 2879/2879/2879
f 2880/2880/2880 2874/2874/2874 2885/2885/2885
f 2886/2886/2886 2881/2881/2881 2880/2880/2880
f 2887/2887/2887 2881/2881/2881 2886/2886/2886
f 2888/2888/2888 2877/2877/2877 2882/2882/2882
f 2883/2883/2883 2877/2877/2877 2888/2888/2888
f 2889/2889/2889 2878/2878/2878 2883/2883/2883
f 2884/2884/2884 2878/2878/2878 2889/2889/2889
f 2890/2890/2890 2879/2879/2879 2884/2884/2884
f 2885/2885/2885 2879/2879/2879 2890/2890/2890
f 2891/2891/2891 2880/2880/2880 2885/2885/2885
f 2886/2886/2886 2880/2880/2880 2891/2891/2891
f 2892/2892/2892 2887/2887/2887 2886/2886/2886
f 2893/2893/2893 2887/2887/2887 2892/2892/2892
f 2894/2894/2894 2883/2883/2883 2888/2888/2888
f 2889/2889/2889 2883/2883/2883 2894/2894/2894
f 2895/2895/2895 2884/2884/2884 2889/2889/2889
f 2890/2890/2890 2884/2884/2884 2895/2895/2895
f 2896/2896/2896 2885/2885/2885 2890/2890/2890
f 2891/2891/2891 2885/2885/2885 2896/2896/2896
f 2897/2897/2897 2886/2886/2886 2891/2891/2891
f 2892/2892/2892 2886/2886/2886 2897/2897/2897
f 2898/2898/2898 2893/2893/2893 2892/2892/2892
f 2899/2899/2899 2893/2893/2893 2898/2898/2898
f 2900/2900/2900 2889/2889/2889 2894/2894/2894
f 2895/2895/2895 2889/2889/2889 2900/2900/2900
f 2901/2901/2901 2890/2890/2890 2895/2895/2895
f 2896/2896/2896 2890/2890/2890 2901/2901/2901
f 2902/2902/2902 2891/2891/2891 2896/2896/2896
f 2897/2897/2897 2891/2891/2891 2902/2902/2902
f 2903/2903/2903 2892/2892/2892 2897/2897/2897
f 2898/2898/2898 2892/2892/2892 2903/2903/2903
f 2904/2904/2904 2899/2899/2899 2898/2898/2898
f 2905/2905/2905 2899/2899/2899 2904/2904/2904
f 2906/2906/2906 2895/2895/2895 2900/2900/2900
f 2901/2901/2901 2895/2895/2895 2906/2906/2906
f 2907/2907/2907 2896/2896/2896 2901/2901/2901
f 2902/2902/2902 2896/2896/2896 2907/2907/2907
f 2908/2908/2908 2897/2897/2897 2902/2902/2902
f 2903/2903/2903 2897/2897/2897 2908/2908/2908
f 2909/2909/2909 2898/2898/2898 2903/2903/2903
f 2904/2904/2904 2898/2898/2898 2909/2909/2909
f 2910/2910/2910 2905/2905/2905 2904/2904/2904
f 2911/2911/2911 2905/2905/2905 2910/2910/2910
f 2912/2912/2912 2901/2901/2901 2906/2906/2906
f 2907/2907/2907 2901/2901/2901 2912/2912/2912
f 2913/2913/2913 2902/2902/2902 2907/2907/2907
f 2908/2908/2908 2902/2902/2902 2913/2913/2913
f 2914/2914/2914 2903/2903/2903 2908/2908/2908
f 2909/2909/2909 2903/2903/2903 2914/2914/2914
f 2915/2915/2915 2904/2904/2904 2909/2909/2909
f 2910/2910/2910 2904/2904/2904 2915/2915/2915
f 2916/2916/2916 2911/2911/2911 2910/2910/2910
f 2917/2917/2917 2911/2911/2911 2916/2916/2916
f 2916/2916/2916 2910/2910/2910 2918/2918/2918
f 2918/2918/2918 2910/2910/2910 2915/2915/2915
f 2919/2919/2919 2917/2917/2917 2916/2916/2916
f 2920/2920/2920 2917/2917/2917 2919/2919/2919
f 2920/2920/2920 2921/2921/2921 2917/2917/2917
f 2922/2922/2922 2920/2920/2920 2919/2919/2919
f 2923/2923/2923 2921/2921/2921 2920/2920/2920
f 2915/2915/2915 2909/2909/2909 2924/2924/2924
f 2924/2924/2924 2909/2909/2909 2914/2914/2914
f 2918/2918/2918 2915/2915/2915 2925/2925/2925
f 2925/2925/2925 2915/2915/2915 2924/2924/2924
f 2926/2926/2926 2920/2920/2920 2922/2922/2922
f 2926/2926/2926 2923/2923/2923 2920/2920/2920
f 2927/2927/2927 2923/2923/2923 2926/2926/2926
f 2927/2927/2927 2928/2928/2928 2923/2923/2923
f 2929/2929/2929 2927/2927/2927 2926/2926/2926
f 2930/2930/2930 2918/2918/2918 2925/2925/2925
f 2931/2931/2931 2918/2918/2918 2930/2930/2930
f 2932/2932/2932 2931/2931/2931 2930/2930/2930
f 2933/2933/2933 2931/2931/2931 2932/2932/2932
f 2934/2934/2934 2922/2922/2922 2933/2933/2933
f 2935/2935/2935 2922/2922/2922 2934/2934/2934
f 2936/2936/2936 2929/2929/2929 2935/2935/2935
f 2934/2934/2934 2933/2933/2933 2937/2937/2937
f 2937/2937/2937 2933/2933/2933 2932/2932/2932
f 2938/2938/2938 2935/2935/2935 2934/2934/2934
f 2936/2936/2936 2935/2935/2935 2938/2938/2938
f 2939/2939/2939 2936/2936/2936 2938/2938/2938
f 2939/2939/2939 2938/2938/2938 2940/2940/2940
f 2941/2941/2941 2939/2939/2939 2940/2940/2940
f 2940/2940/2940 2938/2938/2938 2942/2942/2942
f 2941/2941/2941 2940/2940/2940 2943/2943/2943
f 2944/2944/2944 2941/2941/2941 2943/2943/2943
f 2940/2940/2940 2942/2942/2942 2945/2945/2945
f 2943/2943/2943 2940/2940/2940 2945/2945/2945
f 2942/2942/2942 2937/2937/2937 2946/2946/2946
f 2945/2945/2945 2942/2942/2942 2946/2946/2946
f 2937/2937/2937 2932/2932/2932 2947/2947/2947
f 2946/2946/2946 2937/2937/2937 2947/2947/2947
f 2944/2944/2944 2943/2943/2943 2948/2948/2948
f 2949/2949/2949 2944/2944/2944 2948/2948/2948
f 2943/2943/2943 2945/2945/2945 2950/2950/2950
f 2948/2948/2948 2943/2943/2943 2950/2950/2950
f 2945/2945/2945 2946/2946/2946 2951/2951/2951
f 2950/2950/2950 2945/2945/2945 2951/2951/2951
f 2949/2949/2949 2948/2948/2948 2952/2952/2952
f 2953/2953/2953 2949/2949/2949 2952/2952/2952
f 2948/2948/2948 2950/2950/2950 2954/2954/2954
f 2952/2952/2952 2948/2948/2948 2954/2954/2954
f 2953/2953/2953 2952/2952/2952 2955/2955/2955
f 2956/2956/2956 2953/2953/2953 2955/2955/2955
f 2955/2955/2955 2952/2952/2952 2957/2957/2957
f 2952/2952/2952 2954/2954/2954 2957/2957/2957
f 2957/2957/2957 2954/2954/2954 2958/2958/2958
f 2954/2954/2954 2950/2950/2950 2959/2959/2959
f 2954/2954/2954 2959/2959/2959 2958/2958/2958
f 2950/2950/2950 2951/2951/2951 2959/2959/2959
f 2958/2958/2958 2959/2959/2959 2960/2960/2960
f 2956/2956/2956 2955/2955/2955 2961/2961/2961
f 2962/2962/2962 2956/2956/2956 2961/2961/2961
f 2961/2961/2961 2955/2955/2955 2963/2963/2963
f 2961/2961/2961 2963/2963/2963 2964/2964/2964
f 2964/2964/2964 2963/2963/2963 2965/2965/2965
f 2959/2959/2959 2966/2966/2966 2960/2960/2960
f 2959/2959/2959 2951/2951/2951 2966/2966/2966
f 2960/2960/2960 2966/2966/2966 2967/2967/2967
f 2951/2951/2951 2968/2968/2968 2966/2966/2966
f 2951/2951/2951 2946/2946/2946 2968/2968/2968
f 2946/2946/2946 2947/2947/2947 2968/2968/2968
f 2966/2966/2966 2969/2969/2969 2967/2967/2967
f 2966/2966/2966 2968/2968/2968 2969/2969/2969
f 2967/2967/2967 2969/2969/2969 2970/2970/2970
f 2968/2968/2968 2947/2947/2947 2971/2971/2971
f 2968/2968/2968 2971/2971/2971 2969/2969/2969
f 2969/2969/2969 2972/2972/2972 2970/2970/2970
f 2969/2969/2969 2971/2971/2971 2972/2972/2972
f 2970/2970/2970 2972/2972/2972 2973/2973/2973
f 2947/2947/2947 2974/2974/2974 2971/2971/2971
f 2947/2947/2947 2932/2932/2932 2974/2974/2974
f 2932/2932/2932 2930/2930/2930 2974/2974/2974
f 2972/2972/2972 2975/2975/2975 2973/2973/2973
f 2973/2973/2973 2975/2975/2975 2976/2976/2976
f 2971/2971/2971 2977/2977/2977 2972/2972/2972
f 2971/2971/2971 2974/2974/2974 2977/2977/2977
f 2972/2972/2972 2977/2977/2977 2975/2975/2975
f 2974/2974/2974 2930/2930/2930 2978/2978/2978
f 2974/2974/2974 2978/2978/2978 2977/2977/2977
f 2930/2930/2930 2925/2925/2925 2978/2978/2978
f 2975/2975/2975 2979/2979/2979 2976/2976/2976
f 2976/2976/2976 2979/2979/2979 2980/2980/2980
f 2977/2977/2977 2981/2981/2981 2975/2975/2975
f 2977/2977/2977 2978/2978/2978 2981/2981/2981
f 2975/2975/2975 2981/2981/2981 2979/2979/2979
f 2978/2978/2978 2925/2925/2925 2982/2982/2982
f 2978/2978/2978 2982/2982/2982 2981/2981/2981
f 2925/2925/2925 2924/2924/2924 2982/2982/2982
f 2979/2979/2979 2983/2983/2983 2980/2980/2980
f 2980/2980/2980 2983/2983/2983 2984/2984/2984
f 2981/2981/2981 2985/2985/2985 2979/2979/2979
f 2981/2981/2981 2982/2982/2982 2985/2985/2985
f 2979/2979/2979 2985/2985/2985 2983/2983/2983
f 2982/2982/2982 2924/2924/2924 2986/2986/2986
f 2982/2982/2982 2986/2986/2986 2985/2985/2985
f 2924/2924/2924 2914/2914/2914 2986/2986/2986
f 2983/2983/2983 2987/2987/2987 2984/2984/2984
f 2984/2984/2984 2987/2987/2987 2988/2988/2988
f 2985/2985/2985 2989/2989/2989 2983/2983/2983
f 2985/2985/2985 2986/2986/2986 2989/2989/2989
f 2983/2983/2983 2989/2989/2989 2987/2987/2987
f 2986/2986/2986 2914/2914/2914 2990/2990/2990
f 2986/2986/2986 2990/2990/2990 2989/2989/2989
f 2914/2914/2914 2908/2908/2908 2990/2990/2990
f 2990/2990/2990 2908/2908/2908 2913/2913/2913
f 2989/2989/2989 2990/2990/2990 2991/2991/2991
f 2989/2989/2989 2991/2991/2991 2987/2987/2987
f 2990/2990/2990 2913/2913/2913 2991/2991/2991
f 2987/2987/2987 2992/2992/2992 2988/2988/2988
f 2987/2987/2987 2991/2991/2991 2992/2992/2992
f 2988/2988/2988 2992/2992/2992 2993/2993/2993
f 2991/2991/2991 2913/2913/2913 2994/2994/2994
f 2991/2991/2991 2994/2994/2994 2992/2992/2992
f 2913/2913/2913 2907/2907/2907 2994/2994/2994
f 2994/2994/2994 2907/2907/2907 2912/2912/2912
f 2992/2992/2992 2995/2995/2995 2993/2993/2993
f 2992/2992/2992 2994/2994/2994 2995/2995/2995
f 2994/2994/2994 2912/2912/2912 2995/2995/2995
f 2993/2993/2993 2995/2995/2995 2996/2996/2996
f 2995/2995/2995 2912/2912/2912 2997/2997/2997
f 2995/2995/2995 2997/2997/2997 2996/2996/2996
f 2912/2912/2912 2906/2906/2906 2997/2997/2997
f 2996/2996/2996 2997/2997/2997 2998/2998/2998
f 2997/2997/2997 2906/2906/2906 2999/2999/2999
f 2997/2997/2997 2999/2999/2999 2998/2998/2998
f 2906/2906/2906 2900/2900/2900 2999/2999/2999
f 2998/2998/2998 2999/2999/2999 3000/3000/3000
f 2999/2999/2999 2900/2900/2900 3001/3001/3001
f 2999/2999/2999 3001/3001/3001 3000/3000/3000
f 2900/2900/2900 2894/2894/2894 3001/3001/3001
f 3000/3000/3000 3001/3001/3001 3002/3002/3002
f 3001/3001/3001 2894/2894/2894 3003/3003/3003
f 3001/3001/3001 3003/3003/3003 3002/3002/3002
f 2894/2894/2894 2888/2888/2888 3003/3003/3003
f 3002/3002/3002 3003/3003/3003 3004/3004/3004
f 3003/3003/3003 2888/2888/2888 3005/3005/3005
f 3003/3003/3003 3005/3005/3005 3004/3004/3004
f 2888/2888/2888 2882/2882/2882 3005/3005/3005
f 3004/3004/3004 3005/3005/3005 3006/3006/3006
f 3005/3005/3005 2882/2882/2882 3007/3007/3007
f 3005/3005/3005 3007/3007/3007 3006/3006/3006
f 2882/2882/2882 2876/2876/2876 3007/3007/3007
f 3006/3006/3006 3007/3007/3007 3008/3008/3008
f 3007/3007/3007 2876/2876/2876 3009/3009/3009
f 3007/3007/3007 3009/3009/3009 3008/3008/3008
f 2876/2876/2876 2870/2870/2870 3009/3009/3009
f 3008/3008/3008 3009/3009/3009 3010/3010/3010
f 3009/3009/3009 2870/2870/2870 3011/3011/3011
f 3009/3009/3009 3011/3011/3011 3010/3010/3010
f 2870/2870/2870 2864/2864/2864 3011/3011/3011
f 3010/3010/3010 3011/3011/3011 3012/3012/3012
f 3011/3011/3011 2864/2864/2864 3013/3013/3013
f 3011/3011/3011 3013/3013/3013 3012/3012/3012
f 2864/2864/2864 2858/2858/2858 3013/3013/3013
f 3012/3012/3012 3013/3013/3013 3014/3014/3014
f 3013/3013/3013 2858/2858/2858 3015/3015/3015
f 3013/3013/3013 3015/3015/3015 3014/3014/3014
f 2858/2858/2858 2852/2852/2852 3015/3015/3015
f 3014/3014/3014 3015/3015/3015 3016/3016/3016
f 3015/3015/3015 2852/2852/2852 3017/3017/3017
f 3015/3015/3015 3017/3017/3017 3016/3016/3016
f 2852/2852/2852 2846/2846/2846 3017/3017/3017
f 3016/3016/3016 3017/3017/3017 3018/3018/3018
f 3017/3017/3017 2846/2846/2846 3019/3019/3019
f 3017/3017/3017 3019/3019/3019 3018/3018/3018
f 2846/2846/2846 2840/2840/2840 3019/3019/3019
f 3018/3018/3018 3019/3019/3019 3020/3020/3020
f 3019/3019/3019 2840/2840/2840 3021/3021/3021
f 3019/3019/3019 3021/3021/3021 3020/3020/3020
f 2840/2840/2840 2834/2834/2834 3021/3021/3021
f 3020/3020/3020 3021/3021/3021 3022/3022/3022
f 3021/3021/3021 2834/2834/2834 3023/3023/3023
f 3021/3021/3021 3023/3023/3023 3022/3022/3022
f 2834/2834/2834 2828/2828/2828 3023/3023/3023
f 3022/3022/3022 3023/3023/3023 3024/3024/3024
f 3023/3023/3023 2828/2828/2828 3025/3025/3025
f 3023/3023/3023 3025/3025/3025 3024/3024/3024
f 2828/2828/2828 2813/2813/2813 3025/3025/3025
f 3024/3024/3024 3025/3025/3025 3026/3026/3026
f 3025/3025/3025 2813/2813/2813 3027/3027/3027
f 3025/3025/3025 3027/3027/3027 3026/3026/3026
f 2813/2813/2813 2802/2802/2802 3027/3027/3027
f 3027/3027/3027 2802/2802/2802 2801/2801/2801
f 3027/3027/3027 2801/2801/2801 3028/3028/3028
f 3026/3026/3026 3027/3027/3027 3028/3028/3028
f 3028/3028/3028 2801/2801/2801 2799/2799/2799
f 3026/3026/3026 3028/3028/3028 3029/3029/3029
f 3030/3030/3030 3026/3026/3026 3029/3029/3029
f 3028/3028/3028 2799/2799/2799 3031/3031/3031
f 3029/3029/3029 3028/3028/3028 3031/3031/3031
f 3031/3031/3031 2799/2799/2799 2800/2800/2800
f 3031/3031/3031 2800/2800/2800 3032/3032/3032
f 3033/3033/3033 3031/3031/3031 3032/3032/3032
f 3029/3029/3029 3031/3031/3031 3033/3033/3033
f 3033/3033/3033 3032/3032/3032 3034/3034/3034
f 3030/3030/3030 3029/3029/3029 3035/3035/3035
f 3035/3035/3035 3029/3029/3029 3033/3033/3033
f 3036/3036/3036 3033/3033/3033 3034/3034/3034
f 3035/3035/3035 3033/3033/3033 3036/3036/3036
f 3036/3036/3036 3034/3034/3034 3037/3037/3037
f 3038/3038/3038 3030/3030/3030 3035/3035/3035
f 3039/3039/3039 3030/3030/3030 3038/3038/3038
f 3040/3040/3040 3036/3036/3036 3037/3037/3037
f 3040/3040/3040 3037/3037/3037 3041/3041/3041
f 3042/3042/3042 3035/3035/3035 3036/3036/3036
f 3038/3038/3038 3035/3035/3035 3042/3042/3042
f 3042/3042/3042 3036/3036/3036 3040/3040/3040
f 3043/3043/3043 3039/3039/3039 3038/3038/3038
f 3044/3044/3044 3039/3039/3039 3043/3043/3043
f 3045/3045/3045 3040/3040/3040 3041/3041/3041
f 3045/3045/3045 3041/3041/3041 3046/3046/3046
f 3047/3047/3047 3042/3042/3042 3040/3040/3040
f 3047/3047/3047 3040/3040/3040 3045/3045/3045
f 3048/3048/3048 3038/3038/3038 3042/3042/3042
f 3043/3043/3043 3038/3038/3038 3048/3048/3048
f 3048/3048/3048 3042/3042/3042 3047/3047/3047
f 3049/3049/3049 3044/3044/3044 3043/3043/3043
f 3050/3050/3050 3044/3044/3044 3049/3049/3049
f 3051/3051/3051 3045/3045/3045 3046/3046/3046
f 3051/3051/3051 3046/3046/3046 3052/3052/3052
f 3053/3053/3053 3047/3047/3047 3045/3045/3045
f 3053/3053/3053 3045/3045/3045 3051/3051/3051
f 3054/3054/3054 3048/3048/3048 3047/3047/3047
f 3054/3054/3054 3047/3047/3047 3053/3053/3053
f 3055/3055/3055 3043/3043/3043 3048/3048/3048
f 3049/3049/3049 3043/3043/3043 3055/3055/3055
f 3055/3055/3055 3048/3048/3048 3054/3054/3054
f 3056/3056/3056 3050/3050/3050 3049/3049/3049
f 3057/3057/3057 3050/3050/3050 3056/3056/3056
f 3058/3058/3058 3057/3057/3057 3056/3056/3056
f 3059/3059/3059 3051/3051/3051 3052/3052/3052
f 3059/3059/3059 3052/3052/3052 3060/3060/3060
f 3061/3061/3061 3053/3053/3053 3051/3051/3051
f 3061/3061/3061 3051/3051/3051 3059/3059/3059
f 3062/3062/3062 3054/3054/3054 3053/3053/3053
f 3062/3062/3062 3053/3053/3053 3061/3061/3061
f 3063/3063/3063 3055/3055/3055 3054/3054/3054
f 3063/3063/3063 3054/3054/3054 3062/3062/3062
f 3064/3064/3064 3049/3049/3049 3055/3055/3055
f 3056/3056/3056 3049/3049/3049 3064/3064/3064
f 3064/3064/3064 3055/3055/3055 3063/3063/3063
f 3058/3058/3058 3056/3056/3056 3065/3065/3065
f 3065/3065/3065 3056/3056/3056 3064/3064/3064
f 3066/3066/3066 3059/3059/3059 3060/3060/3060
f 3066/3066/3066 3060/3060/3060 3067/3067/3067
f 3068/3068/3068 3061/3061/3061 3059/3059/3059
f 3068/3068/3068 3059/3059/3059 3066/3066/3066
f 3069/3069/3069 3062/3062/3062 3061/3061/3061
f 3069/3069/3069 3061/3061/3061 3068/3068/3068
f 3070/3070/3070 3063/3063/3063 3062/3062/3062
f 3070/3070/3070 3062/3062/3062 3069/3069/3069
f 3071/3071/3071 3064/3064/3064 3063/3063/3063
f 3065/3065/3065 3064/3064/3064 3071/3071/3071
f 3071/3071/3071 3063/3063/3063 3070/3070/3070
f 3072/3072/3072 3058/3058/3058 3065/3065/3065
f 3073/3073/3073 3058/3058/3058 3072/3072/3072
f 3074/3074/3074 3066/3066/3066 3067/3067/3067
f 3074/3074/3074 3067/3067/3067 3075/3075/3075
f 3076/3076/3076 3068/3068/3068 3066/3066/3066
f 3076/3076/3076 3066/3066/3066 3074/3074/3074
f 3077/3077/3077 3069/3069/3069 3068/3068/3068
f 3077/3077/3077 3068/3068/3068 3076/3076/3076
f 3078/3078/3078 3070/3070/3070 3069/3069/3069
f 3078/3078/3078 3069/3069/3069 3077/3077/3077
f 3079/3079/3079 3071/3071/3071 3070/3070/3070
f 3079/3079/3079 3070/3070/3070 3078/3078/3078
f 3080/3080/3080 3065/3065/3065 3071/3071/3071
f 3080/3080/3080 3071/3071/3071 3079/3079/3079
f 3072/3072/3072 3065/3065/3065 3080/3080/3080
f 3081/3081/3081 3073/3073/3073 3072/3072/3072
f 3082/3082/3082 3073/3073/3073 3081/3081/3081
f 3083/3083/3083 3072/3072/3072 3080/3080/3080
f 3081/3081/3081 3072/3072/3072 3083/3083/3083
f 3084/3084/3084 3080/3080/3080 3079/3079/3079
f 3083/3083/3083 3080/3080/3080 3084/3084/3084
f 3085/3085/3085 3079/3079/3079 3078/3078/3078
f 3084/3084/3084 3079/3079/3079 3085/3085/3085
f 3086/3086/3086 3078/3078/3078 3077/3077/3077
f 3085/3085/3085 3078/3078/3078 3086/3086/3086
f 3087/3087/3087 3082/3082/3082 3081/3081/3081
f 3088/3088/3088 3082/3082/3082 3087/3087/3087
f 3089/3089/3089 3081/3081/3081 3083/3083/3083
f 3087/3087/3087 3081/3081/3081 3089/3089/3089
f 3090/3090/3090 3083/3083/3083 3084/3084/3084
f 3089/3089/3089 3083/3083/3083 3090/3090/3090
f 3091/3091/3091 3084/3084/3084 3085/3085/3085
f 3090/3090/3090 3084/3084/3084 3091/3091/3091
f 3092/3092/3092 3088/3088/3088 3087/3087/3087
f 3093/3093/3093 3088/3088/3088 3092/3092/3092
f 3094/3094/3094 3087/3087/3087 3089/3089/3089
f 3092/3092/3092 3087/3087/3087 3094/3094/3094
f 3095/3095/3095 3089/3089/3089 3090/3090/3090
f 3094/3094/3094 3089/3089/3089 3095/3095/3095
f 3096/3096/3096 3093/3093/3093 3092/3092/3092
f 3097/3097/3097 3093/3093/3093 3096/3096/3096
f 3098/3098/3098 3092/3092/3092 3094/3094/3094
f 3096/3096/3096 3092/3092/3092 3098/3098/3098
f 3099/3099/3099 3097/3097/3097 3096/3096/3096
f 3100/3100/3100 3097/3097/3097 3099/3099/3099
f 3091/3091/3091 3085/3085/3085 3101/3101/3101
f 3101/3101/3101 3085/3085/3085 3086/3086/3086
f 3102/3102/3102 3090/3090/3090 3091/3091/3091
f 3095/3095/3095 3090/3090/3090 3102/3102/3102
f 3103/3103/3103 3094/3094/3094 3095/3095/3095
f 3098/3098/3098 3094/3094/3094 3103/3103/3103
f 3104/3104/3104 3096/3096/3096 3098/3098/3098
f 3099/3099/3099 3096/3096/3096 3104/3104/3104
f 3105/3105/3105 3100/3100/3100 3099/3099/3099
f 3106/3106/3106 3100/3100/3100 3105/3105/3105
f 3107/3107/3107 3091/3091/3091 3101/3101/3101
f 3102/3102/3102 3091/3091/3091 3107/3107/3107
f 3108/3108/3108 3095/3095/3095 3102/3102/3102
f 3103/3103/3103 3095/3095/3095 3108/3108/3108
f 3109/3109/3109 3098/3098/3098 3103/3103/3103
f 3104/3104/3104 3098/3098/3098 3109/3109/3109
f 3110/3110/3110 3099/3099/3099 3104/3104/3104
f 3105/3105/3105 3099/3099/3099 3110/3110/3110
f 3111/3111/3111 3104/3104/3104 3109/3109/3109
f 3110/3110/3110 3104/3104/3104 3111/3111/3111
f 3112/3112/3112 3110/3110/3110 3111/3111/3111
f 3109/3109/3109 3103/3103/3103 3113/3113/3113
f 3113/3113/3113 3103/3103/3103 3108/3108/3108
f 3114/3114/3114 3109/3109/3109 3113/3113/3113
f 3114/3114/3114 3113/3113/3113 3115/3115/3115
f 3115/3115/3115 3113/3113/3113 3116/3116/3116
f 3113/3113/3113 3108/3108/3108 3116/3116/3116
f 3116/3116/3116 3108/3108/3108 3117/3117/3117
f 3108/3108/3108 3102/3102/3102 3117/3117/3117
f 3117/3117/3117 3102/3102/3102 3107/3107/3107
f 3117/3117/3117 3107/3107/3107 3118/3118/3118
f 3119/3119/3119 3110/3110/3110 3112/3112/3112
f 3120/3120/3120 3119/3119/3119 3112/3112/3112
f 3119/3119/3119 3105/3105/3105 3110/3110/3110
f 3121/3121/3121 3119/3119/3119 3120/3120/3120
f 3122/3122/3122 3121/3121/3121 3120/3120/3120
f 3123/3123/3123 3105/3105/3105 3119/3119/3119
f 3121/3121/3121 3123/3123/3123 3119/3119/3119
f 3123/3123/3123 3106/3106/3106 3105/3105/3105
f 3124/3124/3124 3106/3106/3106 3123/3123/3123
f 3125/3125/3125 3124/3124/3124 3123/3123/3123
f 3125/3125/3125 3123/3123/3123 3121/3121/3121
f 3126/3126/3126 3124/3124/3124 3125/3125/3125
f 3127/3127/3127 3121/3121/3121 3122/3122/3122
f 3127/3127/3127 3125/3125/3125 3121/3121/3121
f 3128/3128/3128 3127/3127/3127 3122/3122/3122
f 3129/3129/3129 3126/3126/3126 3125/3125/3125
f 3129/3129/3129 3125/3125/3125 3127/3127/3127
f 3130/3130/3130 3126/3126/3126 3129/3129/3129
f 3131/3131/3131 3127/3127/3127 3128/3128/3128
f 3131/3131/3131 3129/3129/3129 3127/3127/3127
f 3132/3132/3132 3131/3131/3131 3128/3128/3128
f 3133/3133/3133 3130/3130/3130 3129/3129/3129
f 3133/3133/3133 3129/3129/3129 3131/3131/3131
f 3134/3134/3134 3130/3130/3130 3133/3133/3133
f 3135/3135/3135 3131/3131/3131 3132/3132/3132
f 3135/3135/3135 3133/3133/3133 3131/3131/3131
f 3136/3136/3136 3135/3135/3135 3132/3132/3132
f 3137/3137/3137 3134/3134/3134 3133/3133/3133
f 3137/3137/3137 3133/3133/3133 3135/3135/3135
f 3138/3138/3138 3134/3134/3134 3137/3137/3137
f 3139/3139/3139 3135/3135/3135 3136/3136/3136
f 3139/3139/3139 3137/3137/3137 3135/3135/3135
f 3140/3140/3140 3139/3139/3139 3136/3136/3136
f 3141/3141/3141 3138/3138/3138 3137/3137/3137
f 3141/3141/3141 3137/3137/3137 3139/3139/3139
f 3142/3142/3142 3138/3138/3138 3141/3141/3141
f 3143/3143/3143 3139/3139/3139 3140/3140/3140
f 3143/3143/3143 3141/3141/3141 3139/3139/3139
f 3144/3144/3144 3143/3143/3143 3140/3140/3140
f 3145/3145/3145 3142/3142/3142 3141/3141/3141
f 3145/3145/3145 3141/3141/3141 3143/3143/3143
f 3146/3146/3146 3142/3142/3142 3145/3145/3145
f 3147/3147/3147 3143/3143/3143 3144/3144/3144
f 3147/3147/3147 3145/3145/3145 3143/3143/3143
f 3148/3148/3148 3147/3147/3147 3144/3144/3144
f 3149/3149/3149 3146/3146/3146 3145/3145/3145
f 3149/3149/3149 3145/3145/3145 3147/3147/3147
f 3150/3150/3150 3146/3146/3146 3149/3149/3149
f 3151/3151/3151 3147/3147/3147 3148/3148/3148
f 3151/3151/3151 3149/3149/3149 3147/3147/3147
f 3152/3152/3152 3151/3151/3151 3148/3148/3148
f 3153/3153/3153 3150/3150/3150 3149/3149/3149
f 3153/3153/3153 3149/3149/3149 3151/3151/3151
f 3154/3154/3154 3150/3150/3150 3153/3153/3153
f 3155/3155/3155 3151/3151/3151 3152/3152/3152
f 3155/3155/3155 3153/3153/3153 3151/3151/3151
f 3156/3156/3156 3155/3155/3155 3152/3152/3152
f 3157/3157/3157 3154/3154/3154 3153/3153/3153
f 3157/3157/3157 3153/3153/3153 3155/3155/3155
f 3158/3158/3158 3154/3154/3154 3157/3157/3157
f 3159/3159/3159 3155/3155/3155 3156/3156/3156
f 3159/3159/3159 3157/3157/3157 3155/3155/3155
f 3160/3160/3160 3159/3159/3159 3156/3156/3156
f 3161/3161/3161 3158/3158/3158 3157/3157/3157
f 3161/3161/3161 3157/3157/3157 3159/3159/3159
f 3162/3162/3162 3158/3158/3158 3161/3161/3161
f 3163/3163/3163 3159/3159/3159 3160/3160/3160
f 3163/3163/3163 3161/3161/3161 3159/3159/3159
f 3164/3164/3164 3163/3163/3163 3160/3160/3160
f 3165/3165/3165 3162/3162/3162 3161/3161/3161
f 3165/3165/3165 3161/3161/3161 3163/3163/3163
f 3166/3166/3166 3162/3162/3162 3165/3165/3165
f 3167/3167/3167 3163/3163/3163 3164/3164/3164
f 3167/3167/3167 3165/3165/3165 3163/3163/3163
f 3168/3168/3168 3167/3167/3167 3164/3164/3164
f 3169/3169/3169 3166/3166/3166 3165/3165/3165
f 3169/3169/3169 3165/3165/3165 3167/3167/3167
f 3170/3170/3170 3166/3166/3166 3169/3169/3169
f 3171/3171/3171 3167/3167/3167 3168/3168/3168
f 3171/3171/3171 3169/3169/3169 3167/3167/3167
f 3172/3172/3172 3171/3171/3171 3168/3168/3168
f 3173/3173/3173 3170/3170/3170 3169/3169/3169
f 3173/3173/3173 3169/3169/3169 3171/3171/3171
f 2965/2965/2965 3170/3170/3170 3173/3173/3173
f 3174/3174/3174 3171/3171/3171 3172/3172/3172
f 3174/3174/3174 3173/3173/3173 3171/3171/3171
f 3175/3175/3175 3174/3174/3174 3172/3172/3172
f 3176/3176/3176 2965/2965/2965 3173/3173/3173
f 3176/3176/3176 3173/3173/3173 3174/3174/3174
f 2964/2964/2964 2965/2965/2965 3176/3176/3176
f 3177/3177/3177 3174/3174/3174 3175/3175/3175
f 3177/3177/3177 3176/3176/3176 3174/3174/3174
f 3178/3178/3178 3177/3177/3177 3175/3175/3175
f 3179/3179/3179 2964/2964/2964 3176/3176/3176
f 3179/3179/3179 3176/3176/3176 3177/3177/3177
f 3180/3180/3180 2964/2964/2964 3179/3179/3179
f 3181/3181/3181 3177/3177/3177 3178/3178/3178
f 3181/3181/3181 3179/3179/3179 3177/3177/3177
f 3182/3182/3182 3181/3181/3181 3178/3178/3178
f 3183/3183/3183 3180/3180/3180 3179/3179/3179
f 3183/3183/3183 3179/3179/3179 3181/3181/3181
f 3184/3184/3184 3181/3181/3181 3182/3182/3182
f 3184/3184/3184 3183/3183/3183 3181/3181/3181
f 3185/3185/3185 3184/3184/3184 3182/3182/3182
f 3186/3186/3186 3180/3180/3180 3183/3183/3183
f 3186/3186/3186 2962/2962/2962 3180/3180/3180
f 3187/3187/3187 3186/3186/3186 3183/3183/3183
f 3187/3187/3187 3183/3183/3183 3184/3184/3184
f 3188/3188/3188 3187/3187/3187 3184/3184/3184
f 3188/3188/3188 3184/3184/3184 3185/3185/3185
f 3189/3189/3189 3188/3188/3188 3185/3185/3185
f 3189/3189/3189 3185/3185/3185 3190/3190/3190
f 3190/3190/3190 3185/3185/3185 3191/3191/3191
f 3192/3192/3192 3189/3189/3189 3190/3190/3190
f 3195/3195/3195 3194/3194/3194 3193/3193/3193
f 3196/3196/3196 3195/3195/3195 3193/3193/3193
f 3196/3196/3196 3193/3193/3193 3197/3197/3197
f 3198/3198/3198 3195/3195/3195 3196/3196/3196
f 3199/3199/3199 3196/3196/3196 3197/3197/3197
f 3199/3199/3199 3197/3197/3197 3200/3200/3200
f 3201/3201/3201 3199/3199/3199 3200/3200/3200
f 3202/3202/3202 3198/3198/3198 3196/3196/3196
f 3202/3202/3202 3196/3196/3196 3199/3199/3199
f 3203/3203/3203 3198/3198/3198 3202/3202/3202
f 3204/3204/3204 3199/3199/3199 3201/3201/3201
f 3204/3204/3204 3202/3202/3202 3199/3199/3199
f 3205/3205/3205 3204/3204/3204 3201/3201/3201
f 3206/3206/3206 3203/3203/3203 3202/3202/3202
f 3206/3206/3206 3202/3202/3202 3204/3204/3204
f 3207/3207/3207 3203/3203/3203 3206/3206/3206
f 3208/3208/3208 3204/3204/3204 3205/3205/3205
f 3208/3208/3208 3206/3206/3206 3204/3204/3204
f 3209/3209/3209 3208/3208/3208 3205/3205/3205
f 3210/3210/3210 3207/3207/3207 3206/3206/3206
f 3210/3210/3210 3206/3206/3206 3208/3208/3208
f 3211/3211/3211 3207/3207/3207 3210/3210/3210
f 3212/3212/3212 3208/3208/3208 3209/3209/3209
f 3212/3212/3212 3210/3210/3210 3208/3208/3208
f 3213/3213/3213 3212/3212/3212 3209/3209/3209
f 3214/3214/3214 3211/3211/3211 3210/3210/3210
f 3214/3214/3214 3210/3210/3210 3212/3212/3212
f 3215/3215/3215 3211/3211/3211 3214/3214/3214
f 3216/3216/3216 3212/3212/3212 3213/3213/3213
f 3216/3216/3216 3214/3214/3214 3212/3212/3212
f 3217/3217/3217 3216/3216/3216 3213/3213/3213
f 3218/3218/3218 3215/3215/3215 3214/3214/3214
f 3218/3218/3218 3214/3214/3214 3216/3216/3216
f 3219/3219/3219 3215/3215/3215 3218/3218/3218
f 3220/3220/3220 3216/3216/3216 3217/3217/3217
f 3220/3220/3220 3218/3218/3218 3216/3216/3216
f 3221/3221/3221 3220/3220/3220 3217/3217/3217
f 3222/3222/3222 3219/3219/3219 3218/3218/3218
f 3222/3222/3222 3218/3218/3218 3220/3220/3220
f 3223/3223/3223 3219/3219/3219 3222/3222/3222
f 3224/3224/3224 3220/3220/3220 3221/3221/3221
f 3224/3224/3224 3222/3222/3222 3220/3220/3220
f 3225/3225/3225 3224/3224/3224 3221/3221/3221
f 3226/3226/3226 3223/3223/3223 3222/3222/3222
f 3226/3226/3226 3222/3222/3222 3224/3224/3224
f 3227/3227/3227 3223/3223/3223 3226/3226/3226
f 3228/3228/3228 3224/3224/3224 3225/3225/3225
f 3228/3228/3228 3226/3226/3226 3224/3224/3224
f 3229/3229/3229 3228/3228/3228 3225/3225/3225
f 3230/3230/3230 3227/3227/3227 3226/3226/3226
f 3230/3230/3230 3226/3226/3226 3228/3228/3228
f 3231/3231/3231 3227/3227/3227 3230/3230/3230
f 3232/3232/3232 3228/3228/3228 3229/3229/3229
f 3232/3232/3232 3230/3230/3230 3228/3228/3228
f 3233/3233/3233 3232/3232/3232 3229/3229/3229
f 3234/3234/3234 3231/3231/3231 3230/3230/3230
f 3234/3234/3234 3230/3230/3230 3232/3232/3232
f 3235/3235/3235 3231/3231/3231 3234/3234/3234
f 3236/3236/3236 3232/3232/3232 3233/3233/3233
f 3236/3236/3236 3234/3234/3234 3232/3232/3232
f 3237/3237/3237 3236/3236/3236 3233/3233/3233
f 3238/3238/3238 3235/3235/3235 3234/3234/3234
f 3238/3238/3238 3234/3234/3234 3236/3236/3236
f 3239/3239/3239 3235/3235/3235 3238/3238/3238
f 3240/3240/3240 3238/3238/3238 3236/3236/3236
f 3241/3241/3241 3239/3239/3239 3238/3238/3238
f 3241/3241/3241 3238/3238/3238 3240/3240/3240
f 3242/3242/3242 3239/3239/3239 3241/3241/3241
f 3243/3243/3243 3241/3241/3241 3240/3240/3240
f 3244/3244/3244 3242/3242/3242 3241/3241/3241
f 3244/3244/3244 3241/3241/3241 3243/3243/3243
f 3245/3245/3245 3242/3242/3242 3244/3244/3244
f 3246/3246/3246 3244/3244/3244 3243/3243/3243
f 3247/3247/3247 3245/3245/3245 3244/3244/3244
f 3247/3247/3247 3244/3244/3244 3246/3246/3246
f 3248/3248/3248 3245/3245/3245 3247/3247/3247
f 3249/3249/3249 3247/3247/3247 3246/3246/3246
f 3250/3250/3250 3248/3248/3248 3247/3247/3247
f 3250/3250/3250 3247/3247/3247 3249/3249/3249
f 3251/3251/3251 3248/3248/3248 3250/3250/3250
f 3252/3252/3252 3250/3250/3250 3249/3249/3249
f 3253/3253/3253 3251/3251/3251 3250/3250/3250
f 3253/3253/3253 3250/3250/3250 3252/3252/3252
f 3254/3254/3254 3251/3251/3251 3253/3253/3253
f 3255/3255/3255 3253/3253/3253 3252/3252/3252
f 3256/3256/3256 3254/3254/3254 3253/3253/3253
f 3256/3256/3256 3253/3253/3253 3255/3255/3255
f 3257/3257/3257 3254/3254/3254 3256/3256/3256
f 3258/3258/3258 3256/3256/3256 3255/3255/3255
f 3259/3259/3259 3257/3257/3257 3256/3256/3256
f 3259/3259/3259 3256/3256/3256 3258/3258/3258
f 3260/3260/3260 3257/3257/3257 3259/3259/3259
f 3261/3261/3261 3259/3259/3259 3258/3258/3258
f 3262/3262/3262 3260/3260/3260 3259/3259/3259
f 3262/3262/3262 3259/3259/3259 3261/3261/3261
f 3263/3263/3263 3260/3260/3260 3262/3262/3262
f 3264/3264/3264 3262/3262/3262 3261/3261/3261
f 3265/3265/3265 3263/3263/3263 3262/3262/3262
f 3265/3265/3265 3262/3262/3262 3264/3264/3264
f 3266/3266/3266 3263/3263/3263 3265/3265/3265
f 3267/3267/3267 3265/3265/3265 3264/3264/3264
f 3268/3268/3268 3266/3266/3266 3265/3265/3265
f 3268/3268/3268 3265/3265/3265 3267/3267/3267
f 3269/3269/3269 3266/3266/3266 3268/3268/3268
f 3270/3270/3270 3268/3268/3268 3267/3267/3267
f 3271/3271/3271 3269/3269/3269 3268/3268/3268
f 3271/3271/3271 3268/3268/3268 3270/3270/3270
f 3272/3272/3272 3269/3269/3269 3271/3271/3271
f 3273/3273/3273 3271/3271/3271 3270/3270/3270
f 3274/3274/3274 3272/3272/3272 3271/3271/3271
f 3274/3274/3274 3271/3271/3271 3273/3273/3273
f 3275/3275/3275 3272/3272/3272 3274/3274/3274
f 3276/3276/3276 3274/3274/3274 3273/3273/3273
f 3277/3277/3277 3275/3275/3275 3274/3274/3274
f 3277/3277/3277 3274/3274/3274 3276/3276/3276
f 3278/3278/3278 3275/3275/3275 3277/3277/3277
f 3279/3279/3279 3277/3277/3277 3276/3276/3276
f 3280/3280/3280 3278/3278/3278 3277/3277/3277
f 3280/3280/3280 3277/3277/3277 3279/3279/3279
f 3281/3281/3281 3278/3278/3278 3280/3280/3280
f 3282/3282/3282 3280/3280/3280 3279/3279/3279
f 3283/3283/3283 3281/3281/3281 3280/3280/3280
f 3283/3283/3283 3280/3280/3280 3282/3282/3282
f 3284/3284/3284 3281/3281/3281 3283/3283/3283
f 3285/3285/3285 3283/3283/3283 3282/3282/3282
f 3286/3286/3286 3284/3284/3284 3283/3283/3283
f 3286/3286/3286 3283/3283/3283 3285/3285/3285
f 3287/3287/3287 3284/3284/3284 3286/3286/3286
f 3288/3288/3288 3286/3286/3286 3285/3285/3285
f 3289/3289/3289 3287/3287/3287 3286/3286/3286
f 3289/3289/3289 3286/3286/3286 3288/3288/3288
f 3290/3290/3290 3287/3287/3287 3289/3289/3289
f 3291/3291/3291 3289/3289/3289 3288/3288/3288
f 3292/3292/3292 3290/3290/3290 3289/3289/3289
f 3292/3292/3292 3289/3289/3289 3291/3291/3291
f 3293/3293/3293 3290/3290/3290 3292/3292/3292
f 3294/3294/3294 3292/3292/3292 3291/3291/3291
f 3295/3295/3295 3293/3293/3293 3292/3292/3292
f 3295/3295/3295 3292/3292/3292 3294/3294/3294
f 3296/3296/3296 3293/3293/3293 3295/3295/3295
f 3297/3297/3297 3295/3295/3295 3294/3294/3294
f 3300/3300/3300 3299/3299/3299 3298/3298/3298
f 3300/3300/3300 3301/3301/3301 3299/3299/3299
f 3301/3301/3301 3302/3302/3302 3299/3299/3299
f 3301/3301/3301 3303/3303/3303 3302/3302/3302
f 3303/3303/3303 3304/3304/3304 3302/3302/3302
f 3303/3303/3303 3305/3305/3305 3304/3304/3304
f 3305/3305/3305 3306/3306/3306 3304/3304/3304
f 3305/3305/3305 3307/3307/3307 3306/3306/3306
f 3307/3307/3307 3308/3308/3308 3306/3306/3306
f 3307/3307/3307 3309/3309/3309 3308/3308/3308
f 3309/3309/3309 3310/3310/3310 3308/3308/3308
f 3309/3309/3309 3311/3311/3311 3310/3310/3310
f 3311/3311/3311 3312/3312/3312 3310/3310/3310
f 3313/3313/3313 3311/3311/3311 3309/3309/3309
f 3314/3314/3314 3313/3313/3313 3309/3309/3309
f 3314/3314/3314 3309/3309/3309 3307/3307/3307
f 3315/3315/3315 3313/3313/3313 3314/3314/3314
f 3316/3316/3316 3307/3307/3307 3305/3305/3305
f 3316/3316/3316 3314/3314/3314 3307/3307/3307
f 3317/3317/3317 3315/3315/3315 3314/3314/3314
f 3317/3317/3317 3314/3314/3314 3316/3316/3316
f 3318/3318/3318 3315/3315/3315 3317/3317/3317
f 3319/3319/3319 3305/3305/3305 3303/3303/3303
f 3319/3319/3319 3316/3316/3316 3305/3305/3305
f 3320/3320/3320 3317/3317/3317 3316/3316/3316
f 3320/3320/3320 3316/3316/3316 3319/3319/3319
f 3321/3321/3321 3318/3318/3318 3317/3317/3317
f 3321/3321/3321 3317/3317/3317 3320/3320/3320
f 3322/3322/3322 3318/3318/3318 3321/3321/3321
f 3323/3323/3323 3319/3319/3319 3303/3303/3303
f 3323/3323/3323 3303/3303/3303 3301/3301/3301
f 3324/3324/3324 3320/3320/3320 3319/3319/3319
f 3324/3324/3324 3319/3319/3319 3323/3323/3323
f 3325/3325/3325 3321/3321/3321 3320/3320/3320
f 3325/3325/3325 3320/3320/3320 3324/3324/3324
f 3326/3326/3326 3322/3322/3322 3321/3321/3321
f 3326/3326/3326 3321/3321/3321 3325/3325/3325
f 3327/3327/3327 3322/3322/3322 3326/3326/3326
f 3328/3328/3328 3323/3323/3323 3301/3301/3301
f 3328/3328/3328 3301/3301/3301 3300/3300/3300
f 3329/3329/3329 3324/3324/3324 3323/3323/3323
f 3329/3329/3329 3323/3323/3323 3328/3328/3328
f 3330/3330/3330 3325/3325/3325 3324/3324/3324
f 3330/3330/3330 3324/3324/3324 3329/3329/3329
f 3331/3331/3331 3326/3326/3326 3325/3325/3325
f 3331/3331/3331 3325/3325/3325 3330/3330/3330
f 3332/3332/3332 3327/3327/3327 3326/3326/3326
f 3332/3332/3332 3326/3326/3326 3331/3331/3331
f 3333/3333/3333 3327/3327/3327 3332/3332/3332
f 3334/3334/3334 3328/3328/3328 3300/3300/3300
f 3334/3334/3334 3300/3300/3300 3335/3335/3335
f 3336/3336/3336 3334/3334/3334 3335/3335/3335
f 3337/3337/3337 3329/3329/3329 3328/3328/3328
f 3337/3337/3337 3328/3328/3328 3334/3334/3334
f 3338/3338/3338 3334/3334/3334 3336/3336/3336
f 3338/3338/3338 3337/3337/3337 3334/3334/3334
f 3339/3339/3339 3338/3338/3338 3336/3336/3336
f 3340/3340/3340 3338/3338/3338 3339/3339/3339
f 3341/3341/3341 3333/3333/3333 3332/3332/3332
f 3342/3342/3342 3333/3333/3333 3341/3341/3341
f 3343/3343/3343 3329/3329/3329 3337/3337/3337
f 3343/3343/3343 3330/3330/3330 3329/3329/3329
f 3344/3344/3344 3337/3337/3337 3338/3338/3338
f 3340/3340/3340 3344/3344/3344 3338/3338/3338
f 3344/3344/3344 3343/3343/3343 3337/3337/3337
f 3345/3345/3345 3330/3330/3330 3343/3343/3343
f 3345/3345/3345 3331/3331/3331 3330/3330/3330
f 3346/3346/3346 3332/3332/3332 3331/3331/3331
f 3341/3341/3341 3332/3332/3332 3346/3346/3346
f 3346/3346/3346 3331/3331/3331 3345/3345/3345
f 3347/3347/3347 3342/3342/3342 3341/3341/3341
f 3348/3348/3348 3342/3342/3342 3347/3347/3347
f 3349/3349/3349 3343/3343/3343 3344/3344/3344
f 3349/3349/3349 3345/3345/3345 3343/3343/3343
f 3350/3350/3350 3344/3344/3344 3340/3340/3340
f 3350/3350/3350 3349/3349/3349 3344/3344/3344
f 3351/3351/3351 3346/3346/3346 3345/3345/3345
f 3351/3351/3351 3345/3345/3345 3349/3349/3349
f 3352/3352/3352 3341/3341/3341 3346/3346/3346
f 3347/3347/3347 3341/3341/3341 3352/3352/3352
f 3352/3352/3352 3346/3346/3346 3351/3351/3351
f 3353/3353/3353 3348/3348/3348 3347/3347/3347
f 3354/3354/3354 3348/3348/3348 3353/3353/3353
f 3355/3355/3355 3351/3351/3351 3349/3349/3349
f 3355/3355/3355 3349/3349/3349 3350/3350/3350
f 3356/3356/3356 3350/3350/3350 3340/3340/3340
f 3356/3356/3356 3340/3340/3340 3357/3357/3357
f 3358/3358/3358 3356/3356/3356 3357/3357/3357
f 3359/3359/3359 3352/3352/3352 3351/3351/3351
f 3359/3359/3359 3351/3351/3351 3355/3355/3355
f 3360/3360/3360 3347/3347/3347 3352/3352/3352
f 3353/3353/3353 3347/3347/3347 3360/3360/3360
f 3360/3360/3360 3352/3352/3352 3359/3359/3359
f 3361/3361/3361 3354/3354/3354 3353/3353/3353
f 3362/3362/3362 3354/3354/3354 3361/3361/3361
f 3363/3363/3363 3350/3350/3350 3356/3356/3356
f 3363/3363/3363 3355/3355/3355 3350/3350/3350
f 3364/3364/3364 3356/3356/3356 3358/3358/3358
f 3364/3364/3364 3363/3363/3363 3356/3356/3356
f 3365/3365/3365 3364/3364/3364 3358/3358/3358
f 3366/3366/3366 3359/3359/3359 3355/3355/3355
f 3366/3366/3366 3355/3355/3355 3363/3363/3363
f 3367/3367/3367 3360/3360/3360 3359/3359/3359
f 3367/3367/3367 3359/3359/3359 3366/3366/3366
f 3368/3368/3368 3353/3353/3353 3360/3360/3360
f 3361/3361/3361 3353/3353/3353 3368/3368/3368
f 3368/3368/3368 3360/3360/3360 3367/3367/3367
f 3369/3369/3369 3362/3362/3362 3361/3361/3361
f 3370/3370/3370 3362/3362/3362 3369/3369/3369
f 3371/3371/3371 3364/3364/3364 3365/3365/3365
f 3372/3372/3372 3371/3371/3371 3365/3365/3365
f 3373/3373/3373 3363/3363/3363 3364/3364/3364
f 3373/3373/3373 3366/3366/3366 3363/3363/3363
f 3371/3371/3371 3373/3373/3373 3364/3364/3364
f 3374/3374/3374 3367/3367/3367 3366/3366/3366
f 3374/3374/3374 3366/3366/3366 3373/3373/3373
f 3375/3375/3375 3368/3368/3368 3367/3367/3367
f 3375/3375/3375 3367/3367/3367 3374/3374/3374
f 3376/3376/3376 3361/3361/3361 3368/3368/3368
f 3369/3369/3369 3361/3361/3361 3376/3376/3376
f 3376/3376/3376 3368/3368/3368 3375/3375/3375
f 3377/3377/3377 3370/3370/3370 3369/3369/3369
f 3378/3378/3378 3370/3370/3370 3377/3377/3377
f 3379/3379/3379 3371/3371/3371 3372/3372/3372
f 3380/3380/3380 3379/3379/3379 3372/3372/3372
f 3381/3381/3381 3373/3373/3373 3371/3371/3371
f 3381/3381/3381 3374/3374/3374 3373/3373/3373
f 3379/3379/3379 3381/3381/3381 3371/3371/3371
f 3382/3382/3382 3375/3375/3375 3374/3374/3374
f 3382/3382/3382 3374/3374/3374 3381/3381/3381
f 3383/3383/3383 3376/3376/3376 3375/3375/3375
f 3383/3383/3383 3375/3375/3375 3382/3382/3382
f 3384/3384/3384 3369/3369/3369 3376/3376/3376
f 3377/3377/3377 3369/3369/3369 3384/3384/3384
f 3384/3384/3384 3376/3376/3376 3383/3383/3383
f 3385/3385/3385 3378/3378/3378 3377/3377/3377
f 3386/3386/3386 3378/3378/3378 3385/3385/3385
f 3387/3387/3387 3379/3379/3379 3380/3380/3380
f 3388/3388/3388 3387/3387/3387 3380/3380/3380
f 3389/3389/3389 3381/3381/3381 3379/3379/3379
f 3389/3389/3389 3382/3382/3382 3381/3381/3381
f 3387/3387/3387 3389/3389/3389 3379/3379/3379
f 3390/3390/3390 3383/3383/3383 3382/3382/3382
f 3390/3390/3390 3382/3382/3382 3389/3389/3389
f 3391/3391/3391 3384/3384/3384 3383/3383/3383
f 3391/3391/3391 3383/3383/3383 3390/3390/3390
f 3392/3392/3392 3377/3377/3377 3384/3384/3384
f 3385/3385/3385 3377/3377/3377 3392/3392/3392
f 3392/3392/3392 3384/3384/3384 3391/3391/3391
f 3393/3393/3393 3386/3386/3386 3385/3385/3385
f 3394/3394/3394 3386/3386/3386 3393/3393/3393
f 3395/3395/3395 3387/3387/3387 3388/3388/3388
f 3396/3396/3396 3395/3395/3395 3388/3388/3388
f 3397/3397/3397 3389/3389/3389 3387/3387/3387
f 3397/3397/3397 3390/3390/3390 3389/3389/3389
f 3395/3395/3395 3397/3397/3397 3387/3387/3387
f 3398/3398/3398 3391/3391/3391 3390/3390/3390
f 3398/3398/3398 3390/3390/3390 3397/3397/3397
f 3399/3399/3399 3392/3392/3392 3391/3391/3391
f 3399/3399/3399 3391/3391/3391 3398/3398/3398
f 3400/3400/3400 3385/3385/3385 3392/3392/3392
f 3393/3393/3393 3385/3385/3385 3400/3400/3400
f 3400/3400/3400 3392/3392/3392 3399/3399/3399
f 3401/3401/3401 3394/3394/3394 3393/3393/3393
f 3402/3402/3402 3394/3394/3394 3401/3401/3401
f 3403/3403/3403 3395/3395/3395 3396/3396/3396
f 3404/3404/3404 3403/3403/3403 3396/3396/3396
f 3405/3405/3405 3397/3397/3397 3395/3395/3395
f 3405/3405/3405 3398/3398/3398 3397/3397/3397
f 3403/3403/3403 3405/3405/3405 3395/3395/3395
f 3406/3406/3406 3399/3399/3399 3398/3398/3398
f 3406/3406/3406 3398/3398/3398 3405/3405/3405
f 3407/3407/3407 3400/3400/3400 3399/3399/3399
f 3407/3407/3407 3399/3399/3399 3406/3406/3406
f 3408/3408/3408 3393/3393/3393 3400/3400/3400
f 3401/3401/3401 3393/3393/3393 3408/3408/3408
f 3408/3408/3408 3400/3400/3400 3407/3407/3407
f 3409/3409/3409 3402/3402/3402 3401/3401/3401
f 3410/3410/3410 3402/3402/3402 3409/3409/3409
f 3411/3411/3411 3403/3403/3403 3404/3404/3404
f 3412/3412/3412 3411/3411/3411 3404/3404/3404
f 3413/3413/3413 3405/3405/3405 3403/3403/3403
f 3413/3413/3413 3406/3406/3406 3405/3405/3405
f 3411/3411/3411 3413/3413/3413 3403/3403/3403
f 3414/3414/3414 3407/3407/3407 3406/3406/3406
f 3414/3414/3414 3406/3406/3406 3413/3413/3413
f 3415/3415/3415 3408/3408/3408 3407/3407/3407
f 3415/3415/3415 3407/3407/3407 3414/3414/3414
f 3416/3416/3416 3401/3401/3401 3408/3408/3408
f 3409/3409/3409 3401/3401/3401 3416/3416/3416
f 3416/3416/3416 3408/3408/3408 3415/3415/3415
f 3417/3417/3417 3410/3410/3410 3409/3409/3409
f 3418/3418/3418 3410/3410/3410 3417/3417/3417
f 3419/3419/3419 3411/3411/3411 3412/3412/3412
f 3420/3420/3420 3419/3419/3419 3412/3412/3412
f 3421/3421/3421 3413/3413/3413 3411/3411/3411
f 3421/3421/3421 3414/3414/3414 3413/3413/3413
f 3419/3419/3419 3421/3421/3421 3411/3411/3411
f 3422/3422/3422 3415/3415/3415 3414/3414/3414
f 3422/3422/3422 3414/3414/3414 3421/3421/3421
f 3423/3423/3423 3416/3416/3416 3415/3415/3415
f 3423/3423/3423 3415/3415/3415 3422/3422/3422
f 3424/3424/3424 3409/3409/3409 3416/3416/3416
f 3417/3417/3417 3409/3409/3409 3424/3424/3424
f 3424/3424/3424 3416/3416/3416 3423/3423/3423
f 3425/3425/3425 3418/3418/3418 3417/3417/3417
f 3426/3426/3426 3418/3418/3418 3425/3425/3425
f 3427/3427/3427 3419/3419/3419 3420/3420/3420
f 3428/3428/3428 3427/3427/3427 3420/3420/3420
f 3429/3429/3429 3421/3421/3421 3419/3419/3419
f 3429/3429/3429 3422/3422/3422 3421/3421/3421
f 3427/3427/3427 3429/3429/3429 3419/3419/3419
f 3430/3430/3430 3423/3423/3423 3422/3422/3422
f 3430/3430/3430 3422/3422/3422 3429/3429/3429
f 3431/3431/3431 3424/3424/3424 3423/3423/3423
f 3431/3431/3431 3423/3423/3423 3430/3430/3430
f 3432/3432/3432 3417/3417/3417 3424/3424/3424
f 3425/3425/3425 3417/3417/3417 3432/3432/3432
f 3432/3432/3432 3424/3424/3424 3431/3431/3431
f 3433/3433/3433 3426/3426/3426 3425/3425/3425
f 3434/3434/3434 3426/3426/3426 3433/3433/3433
f 3435/3435/3435 3427/3427/3427 3428/3428/3428
f 3436/3436/3436 3435/3435/3435 3428/3428/3428
f 3437/3437/3437 3429/3429/3429 3427/3427/3427
f 3437/3437/3437 3430/3430/3430 3429/3429/3429
f 3435/3435/3435 3437/3437/3437 3427/3427/3427
f 3438/3438/3438 3431/3431/3431 3430/3430/3430
f 3438/3438/3438 3430/3430/3430 3437/3437/3437
f 3439/3439/3439 3432/3432/3432 3431/3431/3431
f 3439/3439/3439 3431/3431/3431 3438/3438/3438
f 3440/3440/3440 3425/3425/3425 3432/3432/3432
f 3433/3433/3433 3425/3425/3425 3440/3440/3440
f 3440/3440/3440 3432/3432/3432 3439/3439/3439
f 3441/3441/3441 3434/3434/3434 3433/3433/3433
f 3442/3442/3442 3434/3434/3434 3441/3441/3441
f 3443/3443/3443 3435/3435/3435 3436/3436/3436
f 3444/3444/3444 3443/3443/3443 3436/3436/3436
f 3445/3445/3445 3437/3437/3437 3435/3435/3435
f 3445/3445/3445 3438/3438/3438 3437/3437/3437
f 3443/3443/3443 3445/3445/3445 3435/3435/3435
f 3446/3446/3446 3439/3439/3439 3438/3438/3438
f 3446/3446/3446 3438/3438/3438 3445/3445/3445
f 3447/3447/3447 3440/3440/3440 3439/3439/3439
f 3447/3447/3447 3439/3439/3439 3446/3446/3446
f 3448/3448/3448 3433/3433/3433 3440/3440/3440
f 3441/3441/3441 3433/3433/3433 3448/3448/3448
f 3448/3448/3448 3440/3440/3440 3447/3447/3447
f 3449/3449/3449 3442/3442/3442 3441/3441/3441
f 3450/3450/3450 3442/3442/3442 3449/3449/3449
f 3451/3451/3451 3443/3443/3443 3444/3444/3444
f 3452/3452/3452 3451/3451/3451 3444/3444/3444
f 3453/3453/3453 3445/3445/3445 3443/3443/3443
f 3453/3453/3453 3446/3446/3446 3445/3445/3445
f 3451/3451/3451 3453/3453/3453 3443/3443/3443
f 3454/3454/3454 3447/3447/3447 3446/3446/3446
f 3454/3454/3454 3446/3446/3446 3453/3453/3453
f 3455/3455/3455 3448/3448/3448 3447/3447/3447
f 3455/3455/3455 3447/3447/3447 3454/3454/3454
f 3456/3456/3456 3441/3441/3441 3448/3448/3448
f 3449/3449/3449 3441/3441/3441 3456/3456/3456
f 3456/3456/3456 3448/3448/3448 3455/3455/3455
f 3457/3457/3457 3450/3450/3450 3449/3449/3449
f 3458/3458/3458 3450/3450/3450 3457/3457/3457
f 3459/3459/3459 3451/3451/3451 3452/3452/3452
f 3460/3460/3460 3459/3459/3459 3452/3452/3452
f 3461/3461/3461 3453/3453/3453 3451/3451/3451
f 3461/3461/3461 3454/3454/3454 3453/3453/3453
f 3459/3459/3459 3461/3461/3461 3451/3451/3451
f 3462/3462/3462 3455/3455/3455 3454/3454/3454
f 3462/3462/3462 3454/3454/3454 3461/3461/3461
f 3463/3463/3463 3456/3456/3456 3455/3455/3455
f 3463/3463/3463 3455/3455/3455 3462/3462/3462
f 3464/3464/3464 3449/3449/3449 3456/3456/3456
f 3457/3457/3457 3449/3449/3449 3464/3464/3464
f 3464/3464/3464 3456/3456/3456 3463/3463/3463
f 3465/3465/3465 3458/3458/3458 3457/3457/3457
f 3466/3466/3466 3458/3458/3458 3465/3465/3465
f 3467/3467/3467 3459/3459/3459 3460/3460/3460
f 3468/3468/3468 3467/3467/3467 3460/3460/3460
f 3469/3469/3469 3461/3461/3461 3459/3459/3459
f 3469/3469/3469 3462/3462/3462 3461/3461/3461
f 3467/3467/3467 3469/3469/3469 3459/3459/3459
f 3470/3470/3470 3463/3463/3463 3462/3462/3462
f 3470/3470/3470 3462/3462/3462 3469/3469/3469
f 3471/3471/3471 3464/3464/3464 3463/3463/3463
f 3471/3471/3471 3463/3463/3463 3470/3470/3470
f 3472/3472/3472 3457/3457/3457 3464/3464/3464
f 3465/3465/3465 3457/3457/3457 3472/3472/3472
f 3472/3472/3472 3464/3464/3464 3471/3471/3471
f 3473/3473/3473 3466/3466/3466 3465/3465/3465
f 3474/3474/3474 3466/3466/3466 3473/3473/3473
f 3475/3475/3475 3467/3467/3467 3468/3468/3468
f 3476/3476/3476 3475/3475/3475 3468/3468/3468
f 3477/3477/3477 3469/3469/3469 3467/3467/3467
f 3477/3477/3477 3470/3470/3470 3469/3469/3469
f 3475/3475/3475 3477/3477/3477 3467/3467/3467
f 3478/3478/3478 3471/3471/3471 3470/3470/3470
f 3478/3478/3478 3470/3470/3470 3477/3477/3477
f 3479/3479/3479 3472/3472/3472 3471/3471/3471
f 3479/3479/3479 3471/3471/3471 3478/3478/3478
f 3480/3480/3480 3465/3465/3465 3472/3472/3472
f 3473/3473/3473 3465/3465/3465 3480/3480/3480
f 3480/3480/3480 3472/3472/3472 3479/3479/3479
f 3481/3481/3481 3474/3474/3474 3473/3473/3473
f 3482/3482/3482 3474/3474/3474 3481/3481/3481
f 3483/3483/3483 3477/3477/3477 3475/3475/3475
f 3483/3483/3483 3478/3478/3478 3477/3477/3477
f 3484/3484/3484 3479/3479/3479 3478/3478/3478
f 3484/3484/3484 3478/3478/3478 3483/3483/3483
f 3485/3485/3485 3480/3480/3480 3479/3479/3479
f 3485/3485/3485 3479/3479/3479 3484/3484/3484
f 3486/3486/3486 3473/3473/3473 3480/3480/3480
f 3481/3481/3481 3473/3473/3473 3486/3486/3486
f 3486/3486/3486 3480/3480/3480 3485/3485/3485
f 3487/3487/3487 3482/3482/3482 3481/3481/3481
f 3488/3488/3488 3482/3482/3482 3487/3487/3487
f 3489/3489/3489 3483/3483/3483 3475/3475/3475
f 3489/3489/3489 3475/3475/3475 3476/3476/3476
f 3490/3490/3490 3484/3484/3484 3483/3483/3483
f 3490/3490/3490 3483/3483/3483 3489/3489/3489
f 3491/3491/3491 3485/3485/3485 3484/3484/3484
f 3491/3491/3491 3484/3484/3484 3490/3490/3490
f 3492/3492/3492 3486/3486/3486 3485/3485/3485
f 3492/3492/3492 3485/3485/3485 3491/3491/3491
f 3493/3493/3493 3481/3481/3481 3486/3486/3486
f 3487/3487/3487 3481/3481/3481 3493/3493/3493
f 3493/3493/3493 3486/3486/3486 3492/3492/3492
f 3494/3494/3494 3488/3488/3488 3487/3487/3487
f 3495/3495/3495 3488/3488/3488 3494/3494/3494
f 3496/3496/3496 3487/3487/3487 3493/3493/3493
f 3494/3494/3494 3487/3487/3487 3496/3496/3496
f 3497/3497/3497 3493/3493/3493 3492/3492/3492
f 3496/3496/3496 3493/3493/3493 3497/3497/3497
f 3498/3498/3498 3492/3492/3492 3491/3491/3491
f 3497/3497/3497 3492/3492/3492 3498/3498/3498
f 3499/3499/3499 3496/3496/3496 3497/3497/3497
f 3500/3500/3500 3497/3497/3497 3498/3498/3498
f 3501/3501/3501 3496/3496/3496 3499/3499/3499
f 3501/3501/3501 3494/3494/3494 3496/3496/3496
f 3502/3502/3502 3501/3501/3501 3499/3499/3499
f 3503/3503/3503 3495/3495/3495 3494/3494/3494
f 3503/3503/3503 3494/3494/3494 3501/3501/3501
f 3504/3504/3504 3495/3495/3495 3503/3503/3503
f 3505/3505/3505 3501/3501/3501 3502/3502/3502
f 3505/3505/3505 3503/3503/3503 3501/3501/3501
f 3506/3506/3506 3505/3505/3505 3502/3502/3502
f 3507/3507/3507 3504/3504/3504 3503/3503/3503
f 3507/3507/3507 3503/3503/3503 3505/3505/3505
f 3508/3508/3508 3504/3504/3504 3507/3507/3507
f 3509/3509/3509 3505/3505/3505 3506/3506/3506
f 3509/3509/3509 3507/3507/3507 3505/3505/3505
f 3510/3510/3510 3509/3509/3509 3506/3506/3506
f 3511/3511/3511 3507/3507/3507 3509/3509/3509
f 3512/3512/3512 3509/3509/3509 3510/3510/3510
f 3512/3512/3512 3511/3511/3511 3509/3509/3509
f 3513/3513/3513 3511/3511/3511 3512/3512/3512
f 3513/3513/3513 3514/3514/3514 3511/3511/3511
f 3515/3515/3515 3513/3513/3513 3512/3512/3512
f 3517/3517/3517 3515/3515/3515 3516/3516/3516
f 3517/3517/3517 3516/3516/3516 3518/3518/3518
f 3519/3519/3519 3517/3517/3517 3518/3518/3518
f 3518/3518/3518 3516/3516/3516 3520/3520/3520
f 3518/3518/3518 3520/3520/3520 3521/3521/3521
f 3521/3521/3521 3520/3520/3520 3522/3522/3522
f 3520/3520/3520 3523/3523/3523 3522/3522/3522
f 3522/3522/3522 3523/3523/3523 3524/3524/3524
f 3523/3523/3523 3525/3525/3525 3524/3524/3524
f 3524/3524/3524 3525/3525/3525 3526/3526/3526
f 3525/3525/3525 3527/3527/3527 3526/3526/3526
f 3526/3526/3526 3527/3527/3527 3528/3528/3528
f 3527/3527/3527 3500/3500/3500 3528/3528/3528
f 3528/3528/3528 3500/3500/3500 3529/3529/3529
f 3500/3500/3500 3498/3498/3498 3529/3529/3529
f 3529/3529/3529 3498/3498/3498 3530/3530/3530
f 3498/3498/3498 3491/3491/3491 3530/3530/3530
f 3530/3530/3530 3491/3491/3491 3490/3490/3490
f 3530/3530/3530 3490/3490/3490 3531/3531/3531
f 3531/3531/3531 3490/3490/3490 3489/3489/3489
f 3529/3529/3529 3530/3530/3530 3532/3532/3532
f 3532/3532/3532 3530/3530/3530 3531/3531/3531
f 3528/3528/3528 3529/3529/3529 3533/3533/3533
f 3533/3533/3533 3529/3529/3529 3532/3532/3532
f 3526/3526/3526 3528/3528/3528 3534/3534/3534
f 3534/3534/3534 3528/3528/3528 3533/3533/3533
f 3524/3524/3524 3526/3526/3526 3535/3535/3535
f 3535/3535/3535 3526/3526/3526 3534/3534/3534
f 3531/3531/3531 3489/3489/3489 3536/3536/3536
f 3536/3536/3536 3489/3489/3489 3476/3476/3476
f 3532/3532/3532 3531/3531/3531 3537/3537/3537
f 3537/3537/3537 3531/3531/3531 3536/3536/3536
f 3536/3536/3536 3476/3476/3476 3538/3538/3538
f 3538/3538/3538 3476/3476/3476 3539/3539/3539
f 3540/3540/3540 3536/3536/3536 3538/3538/3538
f 3537/3537/3537 3536/3536/3536 3540/3540/3540
f 3541/3541/3541 3537/3537/3537 3540/3540/3540
f 3542/3542/3542 3532/3532/3532 3537/3537/3537
f 3542/3542/3542 3537/3537/3537 3541/3541/3541
f 3533/3533/3533 3532/3532/3532 3542/3542/3542
f 3543/3543/3543 3542/3542/3542 3541/3541/3541
f 3544/3544/3544 3533/3533/3533 3542/3542/3542
f 3544/3544/3544 3542/3542/3542 3543/3543/3543
f 3534/3534/3534 3533/3533/3533 3544/3544/3544
f 3545/3545/3545 3544/3544/3544 3543/3543/3543
f 3546/3546/3546 3534/3534/3534 3544/3544/3544
f 3546/3546/3546 3544/3544/3544 3545/3545/3545
f 3547/3547/3547 3546/3546/3546 3545/3545/3545
f 3535/3535/3535 3534/3534/3534 3546/3546/3546
f 3548/3548/3548 3546/3546/3546 3547/3547/3547
f 3548/3548/3548 3535/3535/3535 3546/3546/3546
f 3549/3549/3549 3548/3548/3548 3547/3547/3547
f 3550/3550/3550 3535/3535/3535 3548/3548/3548
f 3550/3550/3550 3524/3524/3524 3535/3535/3535
f 3522/3522/3522 3524/3524/3524 3550/3550/3550
f 3551/3551/3551 3548/3548/3548 3549/3549/3549
f 3551/3551/3551 3550/3550/3550 3548/3548/3548
f 3552/3552/3552 3551/3551/3551 3549/3549/3549
f 3553/3553/3553 3522/3522/3522 3550/3550/3550
f 3553/3553/3553 3550/3550/3550 3551/3551/3551
f 3521/3521/3521 3522/3522/3522 3553/3553/3553
f 3554/3554/3554 3551/3551/3551 3552/3552/3552
f 3554/3554/3554 3553/3553/3553 3551/3551/3551
f 3555/3555/3555 3554/3554/3554 3552/3552/3552
f 3556/3556/3556 3521/3521/3521 3553/3553/3553
f 3556/3556/3556 3553/3553/3553 3554/3554/3554
f 3557/3557/3557 3521/3521/3521 3556/3556/3556
f 3558/3558/3558 3554/3554/3554 3555/3555/3555
f 3558/3558/3558 3556/3556/3556 3554/3554/3554
f 3559/3559/3559 3558/3558/3558 3555/3555/3555
f 3560/3560/3560 3557/3557/3557 3556/3556/3556
f 3560/3560/3560 3556/3556/3556 3558/3558/3558
f 3561/3561/3561 3558/3558/3558 3559/3559/3559
f 3561/3561/3561 3560/3560/3560 3558/3558/3558
f 3562/3562/3562 3561/3561/3561 3559/3559/3559
f 3563/3563/3563 3557/3557/3557 3560/3560/3560
f 3563/3563/3563 3519/3519/3519 3557/3557/3557
f 3564/3564/3564 3563/3563/3563 3560/3560/3560
f 3564/3564/3564 3560/3560/3560 3561/3561/3561
f 3565/3565/3565 3564/3564/3564 3561/3561/3561
f 3565/3565/3565 3561/3561/3561 3562/3562/3562
f 3566/3566/3566 3565/3565/3565 3562/3562/3562
f 3569/3569/3569 3568/3568/3568 3567/3567/3567
f 3569/3569/3569 3567/3567/3567 3570/3570/3570
f 3571/3571/3571 3569/3569/3569 3570/3570/3570
f 3572/3572/3572 3569/3569/3569 3571/3571/3571
f 3573/3573/3573 3572/3572/3572 3571/3571/3571
f 3574/3574/3574 3572/3572/3572 3573/3573/3573
f 3575/3575/3575 3574/3574/3574 3573/3573/3573
f 3576/3576/3576 3574/3574/3574 3575/3575/3575
f 3576/3576/3576 3577/3577/3577 3574/3574/3574
f 3578/3578/3578 3576/3576/3576 3575/3575/3575
f 3579/3579/3579 3576/3576/3576 3578/3578/3578
f 3580/3580/3580 3579/3579/3579 3578/3578/3578
f 3581/3581/3581 3579/3579/3579 3580/3580/3580
f 3582/3582/3582 3581/3581/3581 3580/3580/3580
f 3583/3583/3583 3581/3581/3581 3582/3582/3582
f 3584/3584/3584 3583/3583/3583 3582/3582/3582
f 3585/3585/3585 3583/3583/3583 3584/3584/3584
f 3586/3586/3586 3585/3585/3585 3584/3584/3584
f 3587/3587/3587 3585/3585/3585 3586/3586/3586
f 3588/3588/3588 3587/3587/3587 3586/3586/3586
f 3589/3589/3589 3587/3587/3587 3588/3588/3588
f 3590/3590/3590 3589/3589/3589 3588/3588/3588
f 3591/3591/3591 3589/3589/3589 3590/3590/3590
f 3592/3592/3592 3591/3591/3591 3590/3590/3590
f 3593/3593/3593 3591/3591/3591 3592/3592/3592
f 3594/3594/3594 3593/3593/3593 3592/3592/3592
f 3595/3595/3595 3593/3593/3593 3594/3594/3594
f 3596/3596/3596 3595/3595/3595 3594/3594/3594
f 3597/3597/3597 3595/3595/3595 3596/3596/3596
f 3598/3598/3598 3597/3597/3597 3596/3596/3596
f 3599/3599/3599 3597/3597/3597 3598/3598/3598
f 3600/3600/3600 3599/3599/3599 3598/3598/3598
f 3601/3601/3601 3599/3599/3599 3600/3600/3600
f 3602/3602/3602 3601/3601/3601 3600/3600/3600
f 3603/3603/3603 3601/3601/3601 3602/3602/3602
f 3604/3604/3604 3603/3603/3603 3602/3602/3602
f 3605/3605/3605 3603/3603/3603 3604/3604/3604
f 3606/3606/3606 3605/3605/3605 3604/3604/3604
f 3607/3607/3607 3605/3605/3605 3606/3606/3606
f 3608/3608/3608 3607/3607/3607 3606/3606/3606
f 3609/3609/3609 3607/3607/3607 3608/3608/3608
f 3612/3612/3612 3611/3611/3611 3610/3610/3610
f 3613/3613/3613 3611/3611/3611 3612/3612/3612
f 3614/3614/3614 3613/3613/3613 3612/3612/3612
f 3615/3615/3615 3613/3613/3613 3614/3614/3614
f 3616/3616/3616 3615/3615/3615 3614/3614/3614
f 3617/3617/3617 3615/3615/3615 3616/3616/3616
f 3618/3618/3618 3617/3617/3617 3616/3616/3616
f 3619/3619/3619 3617/3617/3617 3618/3618/3618
f 3620/3620/3620 3619/3619/3619 3618/3618/3618
f 3621/3621/3621 3619/3619/3619 3620/3620/3620
f 3622/3622/3622 3621/3621/3621 3620/3620/3620
f 3622/3622/3622 3620/3620/3620 3623/3623/3623
f 3624/3624/3624 3621/3621/3621 3622/3622/3622
f 3625/3625/3625 3622/3622/3622 3623/3623/3623
f 3626/3626/3626 3624/3624/3624 3622/3622/3622
f 3626/3626/3626 3622/3622/3622 3625/3625/3625
f 3627/3627/3627 3624/3624/3624 3626/3626/3626
f 3628/3628/3628 3626/3626/3626 3625/3625/3625
f 3629/3629/3629 3627/3627/3627 3626/3626/3626
f 3629/3629/3629 3626/3626/3626 3628/3628/3628
f 3630/3630/3630 3627/3627/3627 3629/3629/3629
f 3631/3631/3631 3629/3629/3629 3628/3628/3628
f 3632/3632/3632 3630/3630/3630 3629/3629/3629
f 3632/3632/3632 3629/3629/3629 3631/3631/3631
f 3633/3633/3633 3630/3630/3630 3632/3632/3632
f 3634/3634/3634 3632/3632/3632 3631/3631/3631
f 3635/3635/3635 3633/3633/3633 3632/3632/3632
f 3635/3635/3635 3632/3632/3632 3634/3634/3634
f 3636/3636/3636 3633/3633/3633 3635/3635/3635
f 3637/3637/3637 3635/3635/3635 3634/3634/3634
f 3638/3638/3638 3636/3636/3636 3635/3635/3635
f 3638/3638/3638 3635/3635/3635 3637/3637/3637
f 3639/3639/3639 3636/3636/3636 3638/3638/3638
f 3640/3640/3640 3638/3638/3638 3637/3637/3637
f 3641/3641/3641 3639/3639/3639 3638/3638/3638
f 3641/3641/3641 3638/3638/3638 3640/3640/3640
f 3642/3642/3642 3639/3639/3639 3641/3641/3641
f 3643/3643/3643 3641/3641/3641 3640/3640/3640
f 3644/3644/3644 3642/3642/3642 3641/3641/3641
f 3644/3644/3644 3641/3641/3641 3643/3643/3643
f 3645/3645/3645 3642/3642/3642 3644/3644/3644
f 3646/3646/3646 3644/3644/3644 3643/3643/3643
f 3647/3647/3647 3645/3645/3645 3644/3644/3644
f 3647/3647/3647 3644/3644/3644 3646/3646/3646
f 3648/3648/3648 3645/3645/3645 3647/3647/3647
f 3649/3649/3649 3647/3647/3647 3646/3646/3646
f 3650/3650/3650 3648/3648/3648 3647/3647/3647
f 3650/3650/3650 3647/3647/3647 3649/3649/3649
f 3651/3651/3651 3648/3648/3648 3650/3650/3650
f 3652/3652/3652 3650/3650/3650 3649/3649/3649
f 3653/3653/3653 3651/3651/3651 3650/3650/3650
f 3653/3653/3653 3650/3650/3650 3652/3652/3652
f 3654/3654/3654 3651/3651/3651 3653/3653/3653
f 3655/3655/3655 3653/3653/3653 3652/3652/3652
f 3656/3656/3656 3654/3654/3654 3653/3653/3653
f 3656/3656/3656 3653/3653/3653 3655/3655/3655
f 3657/3657/3657 3654/3654/3654 3656/3656/3656
f 3658/3658/3658 3656/3656/3656 3655/3655/3655
f 3659/3659/3659 3657/3657/3657 3656/3656/3656
f 3659/3659/3659 3656/3656/3656 3658/3658/3658
f 3660/3660/3660 3657/3657/3657 3659/3659/3659
f 3661/3661/3661 3659/3659/3659 3658/3658/3658
f 3662/3662/3662 3660/3660/3660 3659/3659/3659
f 3662/3662/3662 3659/3659/3659 3661/3661/3661
f 3663/3663/3663 3660/3660/3660 3662/3662/3662
f 3664/3664/3664 3662/3662/3662 3661/3661/3661
f 3665/3665/3665 3663/3663/3663 3662/3662/3662
f 3665/3665/3665 3662/3662/3662 3664/3664/3664
f 3666/3666/3666 3663/3663/3663 3665/3665/3665
f 3667/3667/3667 3665/3665/3665 3664/3664/3664
f 3668/3668/3668 3666/3666/3666 3665/3665/3665
f 3668/3668/3668 3665/3665/3665 3667/3667/3667
f 3669/3669/3669 3666/3666/3666 3668/3668/3668
f 3670/3670/3670 3668/3668/3668 3667/3667/3667
f 3671/3671/3671 3669/3669/3669 3668/3668/3668
f 3671/3671/3671 3668/3668/3668 3670/3670/3670
f 3672/3672/3672 3669/3669/3669 3671/3671/3671
f 3673/3673/3673 3671/3671/3671 3670/3670/3670
f 3674/3674/3674 3672/3672/3672 3671/3671/3671
f 3674/3674/3674 3671/3671/3671 3673/3673/3673
f 3675/3675/3675 3672/3672/3672 3674/3674/3674
f 3676/3676/3676 3674/3674/3674 3673/3673/3673
f 3677/3677/3677 3675/3675/3675 3674/3674/3674
f 3677/3677/3677 3674/3674/3674 3676/3676/3676
f 3678/3678/3678 3675/3675/3675 3677/3677/3677
f 3679/3679/3679 3677/3677/3677 3676/3676/3676
f 3680/3680/3680 3678/3678/3678 3677/3677/3677
f 3680/3680/3680 3677/3677/3677 3679/3679/3679
f 3681/3681/3681 3680/3680/3680 3679/3679/3679
f 3682/3682/3682 3678/3678/3678 3680/3680/3680
f 3683/3683/3683 3682/3682/3682 3680/3680/3680
f 3686/3686/3686 3685/3685/3685 3684/3684/3684
f 3687/3687/3687 3685/3685/3685 3686/3686/3686
f 3688/3688/3688 3687/3687/3687 3686/3686/3686
f 3689/3689/3689 3687/3687/3687 3688/3688/3688
f 3690/3690/3690 3689/3689/3689 3688/3688/3688
f 3691/3691/3691 3689/3689/3689 3690/3690/3690
f 3692/3692/3692 3691/3691/3691 3690/3690/3690
f 3691/3691/3691 3693/3693/3693 3689/3689/3689
f 3694/3694/3694 3693/3693/3693 3691/3691/3691
f 3694/3694/3694 3695/3695/3695 3693/3693/3693
f 3695/3695/3695 3696/3696/3696 3693/3693/3693
f 3697/3697/3697 3695/3695/3695 3694/3694/3694
f 3698/3698/3698 3694/3694/3694 3691/3691/3691
f 3698/3698/3698 3691/3691/3691 3692/3692/3692
f 3699/3699/3699 3697/3697/3697 3694/3694/3694
f 3699/3699/3699 3694/3694/3694 3698/3698/3698
f 3700/3700/3700 3697/3697/3697 3699/3699/3699
f 3701/3701/3701 3700/3700/3700 3699/3699/3699
f 3702/3702/3702 3700/3700/3700 3701/3701/3701
f 3703/3703/3703 3702/3702/3702 3701/3701/3701
f 3704/3704/3704 3702/3702/3702 3703/3703/3703
f 3705/3705/3705 3704/3704/3704 3703/3703/3703
f 3706/3706/3706 3704/3704/3704 3705/3705/3705
f 3707/3707/3707 3706/3706/3706 3705/3705/3705
f 3708/3708/3708 3706/3706/3706 3707/3707/3707
f 3709/3709/3709 3708/3708/3708 3707/3707/3707
f 3710/3710/3710 3708/3708/3708 3709/3709/3709
f 3711/3711/3711 3710/3710/3710 3709/3709/3709
f 3712/3712/3712 3710/3710/3710 3711/3711/3711
f 3713/3713/3713 3712/3712/3712 3711/3711/3711
f 3714/3714/3714 3712/3712/3712 3713/3713/3713
f 3715/3715/3715 3714/3714/3714 3713/3713/3713
f 3716/3716/3716 3714/3714/3714 3715/3715/3715
f 3717/3717/3717 3716/3716/3716 3715/3715/3715
f 3718/3718/3718 3716/3716/3716 3717/3717/3717
f 3719/3719/3719 3718/3718/3718 3717/3717/3717
f 3720/3720/3720 3718/3718/3718 3719/3719/3719
f 3721/3721/3721 3720/3720/3720 3719/3719/3719
f 3722/3722/3722 3720/3720/3720 3721/3721/3721
f 3723/3723/3723 3722/3722/3722 3721/3721/3721
f 3724/3724/3724 3722/3722/3722 3723/3723/3723
f 3725/3725/3725 3724/3724/3724 3723/3723/3723
f 3726/3726/3726 3724/3724/3724 3725/3725/3725
f 3727/3727/3727 3726/3726/3726 3725/3725/3725
f 3728/3728/3728 3726/3726/3726 3727/3727/3727
f 3729/3729/3729 3728/3728/3728 3727/3727/3727
f 3732/3732/3732 3731/3731/3731 3730/3730/3730
f 3733/3733/3733 3732/3732/3732 3730/3730/3730
f 3736/3736/3736 3735/3735/3735 3734/3734/3734
f 3734/3734/3734 3735/3735/3735 3737/3737/3737
f 3735/3735/3735 3738/3738/3738 3737/3737/3737
f 3737/3737/3737 3738/3738/3738 3739/3739/3739
f 3738/3738/3738 3740/3740/3740 3739/3739/3739
f 3739/3739/3739 3740/3740/3740 3741/3741/3741
f 3740/3740/3740 3118/3118/3118 3741/3741/3741
f 3734/3734/3734 3737/3737/3737 3742/3742/3742
f 3737/3737/3737 3739/3739/3739 3743/3743/3743
f 3742/3742/3742 3737/3737/3737 3743/3743/3743
f 3739/3739/3739 3741/3741/3741 3744/3744/3744
f 3743/3743/3743 3739/3739/3739 3744/3744/3744
f 3745/3745/3745 3734/3734/3734 3742/3742/3742
f 3746/3746/3746 3734/3734/3734 3745/3745/3745
f 3741/3741/3741 3118/3118/3118 3747/3747/3747
f 3744/3744/3744 3741/3741/3741 3748/3748/3748
f 3741/3741/3741 3747/3747/3747 3748/3748/3748
f 3118/3118/3118 3749/3749/3749 3747/3747/3747
f 3118/3118/3118 3107/3107/3107 3749/3749/3749
f 3107/3107/3107 3101/3101/3101 3749/3749/3749
f 3749/3749/3749 3101/3101/3101 3750/3750/3750
f 3101/3101/3101 3086/3086/3086 3750/3750/3750
f 3747/3747/3747 3749/3749/3749 3751/3751/3751
f 3749/3749/3749 3750/3750/3750 3751/3751/3751
f 3750/3750/3750 3086/3086/3086 3752/3752/3752
f 3086/3086/3086 3077/3077/3077 3752/3752/3752
f 3752/3752/3752 3077/3077/3077 3076/3076/3076
f 3750/3750/3750 3752/3752/3752 3753/3753/3753
f 3751/3751/3751 3750/3750/3750 3753/3753/3753
f 3752/3752/3752 3076/3076/3076 3754/3754/3754
f 3753/3753/3753 3752/3752/3752 3754/3754/3754
f 3754/3754/3754 3076/3076/3076 3074/3074/3074
f 3747/3747/3747 3751/3751/3751 3755/3755/3755
f 3748/3748/3748 3747/3747/3747 3755/3755/3755
f 3751/3751/3751 3753/3753/3753 3756/3756/3756
f 3755/3755/3755 3751/3751/3751 3756/3756/3756
f 3754/3754/3754 3074/3074/3074 3757/3757/3757
f 3757/3757/3757 3074/3074/3074 3075/3075/3075
f 3757/3757/3757 3075/3075/3075 3758/3758/3758
f 3753/3753/3753 3754/3754/3754 3759/3759/3759
f 3759/3759/3759 3754/3754/3754 3757/3757/3757
f 3756/3756/3756 3753/3753/3753 3759/3759/3759
f 3760/3760/3760 3757/3757/3757 3758/3758/3758
f 3759/3759/3759 3757/3757/3757 3760/3760/3760
f 3760/3760/3760 3758/3758/3758 3761/3761/3761
f 3756/3756/3756 3759/3759/3759 3762/3762/3762
f 3762/3762/3762 3759/3759/3759 3760/3760/3760
f 3763/3763/3763 3760/3760/3760 3761/3761/3761
f 3762/3762/3762 3760/3760/3760 3763/3763/3763
f 3763/3763/3763 3761/3761/3761 3764/3764/3764
f 3765/3765/3765 3763/3763/3763 3764/3764/3764
f 3766/3766/3766 3763/3763/3763 3765/3765/3765
f 3766/3766/3766 3762/3762/3762 3763/3763/3763
f 3767/3767/3767 3766/3766/3766 3765/3765/3765
f 3768/3768/3768 3756/3756/3756 3762/3762/3762
f 3768/3768/3768 3762/3762/3762 3766/3766/3766
f 3755/3755/3755 3756/3756/3756 3768/3768/3768
f 3769/3769/3769 3766/3766/3766 3767/3767/3767
f 3769/3769/3769 3768/3768/3768 3766/3766/3766
f 3770/3770/3770 3769/3769/3769 3767/3767/3767
f 3771/3771/3771 3755/3755/3755 3768/3768/3768
f 3771/3771/3771 3768/3768/3768 3769/3769/3769
f 3748/3748/3748 3755/3755/3755 3771/3771/3771
f 3772/3772/3772 3769/3769/3769 3770/3770/3770
f 3772/3772/3772 3771/3771/3771 3769/3769/3769
f 3773/3773/3773 3772/3772/3772 3770/3770/3770
f 3774/3774/3774 3748/3748/3748 3771/3771/3771
f 3774/3774/3774 3771/3771/3771 3772/3772/3772
f 3744/3744/3744 3748/3748/3748 3774/3774/3774
f 3775/3775/3775 3772/3772/3772 3773/3773/3773
f 3775/3775/3775 3774/3774/3774 3772/3772/3772
f 3776/3776/3776 3775/3775/3775 3773/3773/3773
f 3777/3777/3777 3744/3744/3744 3774/3774/3774
f 3777/3777/3777 3774/3774/3774 3775/3775/3775
f 3743/3743/3743 3744/3744/3744 3777/3777/3777
f 3778/3778/3778 3775/3775/3775 3776/3776/3776
f 3778/3778/3778 3777/3777/3777 3775/3775/3775
f 3779/3779/3779 3778/3778/3778 3776/3776/3776
f 3780/3780/3780 3743/3743/3743 3777/3777/3777
f 3780/3780/3780 3777/3777/3777 3778/3778/3778
f 3742/3742/3742 3743/3743/3743 3780/3780/3780
f 3781/3781/3781 3778/3778/3778 3779/3779/3779
f 3781/3781/3781 3780/3780/3780 3778/3778/3778
f 3782/3782/3782 3781/3781/3781 3779/3779/3779
f 3783/3783/3783 3742/3742/3742 3780/3780/3780
f 3783/3783/3783 3780/3780/3780 3781/3781/3781
f 3745/3745/3745 3742/3742/3742 3783/3783/3783
f 3784/3784/3784 3781/3781/3781 3782/3782/3782
f 3784/3784/3784 3783/3783/3783 3781/3781/3781
f 3785/3785/3785 3784/3784/3784 3782/3782/3782
f 3786/3786/3786 3745/3745/3745 3783/3783/3783
f 3786/3786/3786 3783/3783/3783 3784/3784/3784
f 3787/3787/3787 3784/3784/3784 3785/3785/3785
f 3787/3787/3787 3786/3786/3786 3784/3784/3784
f 3788/3788/3788 3787/3787/3787 3785/3785/3785
f 3789/3789/3789 3745/3745/3745 3786/3786/3786
f 3789/3789/3789 3746/3746/3746 3745/3745/3745
f 3790/3790/3790 3787/3787/3787 3788/3788/3788
f 3791/3791/3791 3790/3790/3790 3788/3788/3788
f 3792/3792/3792 3786/3786/3786 3787/3787/3787
f 3792/3792/3792 3789/3789/3789 3786/3786/3786
f 3790/3790/3790 3792/3792/3792 3787/3787/3787
f 3793/3793/3793 3746/3746/3746 3789/3789/3789
f 3793/3793/3793 3794/3794/3794 3746/3746/3746
f 3795/3795/3795 3794/3794/3794 3793/3793/3793
f 3796/3796/3796 3790/3790/3790 3791/3791/3791
f 3797/3797/3797 3796/3796/3796 3791/3791/3791
f 3798/3798/3798 3792/3792/3792 3790/3790/3790
f 3796/3796/3796 3798/3798/3798 3790/3790/3790
f 3799/3799/3799 3789/3789/3789 3792/3792/3792
f 3799/3799/3799 3793/3793/3793 3789/3789/3789
f 3798/3798/3798 3799/3799/3799 3792/3792/3792
f 3800/3800/3800 3795/3795/3795 3793/3793/3793
f 3800/3800/3800 3793/3793/3793 3799/3799/3799
f 3801/3801/3801 3795/3795/3795 3800/3800/3800
f 3802/3802/3802 3796/3796/3796 3797/3797/3797
f 3803/3803/3803 3802/3802/3802 3797/3797/3797
f 3804/3804/3804 3798/3798/3798 3796/3796/3796
f 3802/3802/3802 3804/3804/3804 3796/3796/3796
f 3805/3805/3805 3799/3799/3799 3798/3798/3798
f 3805/3805/3805 3800/3800/3800 3799/3799/3799
f 3804/3804/3804 3805/3805/3805 3798/3798/3798
f 3806/3806/3806 3801/3801/3801 3800/3800/3800
f 3806/3806/3806 3800/3800/3800 3805/3805/3805
f 3807/3807/3807 3801/3801/3801 3806/3806/3806
f 3808/3808/3808 3802/3802/3802 3803/3803/3803
f 3809/3809/3809 3808/3808/3808 3803/3803/3803
f 3810/3810/3810 3804/3804/3804 3802/3802/3802
f 3808/3808/3808 3810/3810/3810 3802/3802/3802
f 3811/3811/3811 3805/3805/3805 3804/3804/3804
f 3811/3811/3811 3806/3806/3806 3805/3805/3805
f 3810/3810/3810 3811/3811/3811 3804/3804/3804
f 3812/3812/3812 3807/3807/3807 3806/3806/3806
f 3812/3812/3812 3806/3806/3806 3811/3811/3811
f 3813/3813/3813 3807/3807/3807 3812/3812/3812
f 3814/3814/3814 3808/3808/3808 3809/3809/3809
f 3815/3815/3815 3814/3814/3814 3809/3809/3809
f 3816/3816/3816 3810/3810/3810 3808/3808/3808
f 3814/3814/3814 3816/3816/3816 3808/3808/3808
f 3817/3817/3817 3811/3811/3811 3810/3810/3810
f 3817/3817/3817 3812/3812/3812 3811/3811/3811
f 3816/3816/3816 3817/3817/3817 3810/3810/3810
f 3818/3818/3818 3813/3813/3813 3812/3812/3812
f 3818/3818/3818 3812/3812/3812 3817/3817/3817
f 3819/3819/3819 3813/3813/3813 3818/3818/3818
f 3820/3820/3820 3814/3814/3814 3815/3815/3815
f 3821/3821/3821 3820/3820/3820 3815/3815/3815
f 3822/3822/3822 3816/3816/3816 3814/3814/3814
f 3820/3820/3820 3822/3822/3822 3814/3814/3814
f 3823/3823/3823 3817/3817/3817 3816/3816/3816
f 3823/3823/3823 3818/3818/3818 3817/3817/3817
f 3822/3822/3822 3823/3823/3823 3816/3816/3816
f 3824/3824/3824 3819/3819/3819 3818/3818/3818
f 3824/3824/3824 3818/3818/3818 3823/3823/3823
f 3825/3825/3825 3819/3819/3819 3824/3824/3824
f 3826/3826/3826 3820/3820/3820 3821/3821/3821
f 3827/3827/3827 3826/3826/3826 3821/3821/3821
f 3828/3828/3828 3822/3822/3822 3820/3820/3820
f 3826/3826/3826 3828/3828/3828 3820/3820/3820
f 3829/3829/3829 3823/3823/3823 3822/3822/3822
f 3829/3829/3829 3824/3824/3824 3823/3823/3823
f 3828/3828/3828 3829/3829/3829 3822/3822/3822
f 3830/3830/3830 3825/3825/3825 3824/3824/3824
f 3830/3830/3830 3824/3824/3824 3829/3829/3829
f 3831/3831/3831 3825/3825/3825 3830/3830/3830
f 3832/3832/3832 3826/3826/3826 3827/3827/3827
f 3833/3833/3833 3832/3832/3832 3827/3827/3827
f 3834/3834/3834 3828/3828/3828 3826/3826/3826
f 3832/3832/3832 3834/3834/3834 3826/3826/3826
f 3835/3835/3835 3829/3829/3829 3828/3828/3828
f 3835/3835/3835 3830/3830/3830 3829/3829/3829
f 3834/3834/3834 3835/3835/3835 3828/3828/3828
f 3836/3836/3836 3831/3831/3831 3830/3830/3830
f 3836/3836/3836 3830/3830/3830 3835/3835/3835
f 3837/3837/3837 3831/3831/3831 3836/3836/3836
f 3838/3838/3838 3832/3832/3832 3833/3833/3833
f 3839/3839/3839 3838/3838/3838 3833/3833/3833
f 3840/3840/3840 3834/3834/3834 3832/3832/3832
f 3838/3838/3838 3840/3840/3840 3832/3832/3832
f 3841/3841/3841 3835/3835/3835 3834/3834/3834
f 3841/3841/3841 3836/3836/3836 3835/3835/3835
f 3840/3840/3840 3841/3841/3841 3834/3834/3834
f 3842/3842/3842 3837/3837/3837 3836/3836/3836
f 3842/3842/3842 3836/3836/3836 3841/3841/3841
f 3843/3843/3843 3837/3837/3837 3842/3842/3842
f 3844/3844/3844 3838/3838/3838 3839/3839/3839
f 3845/3845/3845 3844/3844/3844 3839/3839/3839
f 3846/3846/3846 3844/3844/3844 3845/3845/3845
f 3847/3847/3847 3846/3846/3846 3845/3845/3845
f 3848/3848/3848 3846/3846/3846 3847/3847/3847
f 3849/3849/3849 3848/3848/3848 3847/3847/3847
f 3844/3844/3844 3850/3850/3850 3838/3838/3838
f 3850/3850/3850 3840/3840/3840 3838/3838/3838
f 3851/3851/3851 3841/3841/3841 3840/3840/3840
f 3851/3851/3851 3842/3842/3842 3841/3841/3841
f 3850/3850/3850 3851/3851/3851 3840/3840/3840
f 3852/3852/3852 3843/3843/3843 3842/3842/3842
f 3852/3852/3852 3842/3842/3842 3851/3851/3851
f 3853/3853/3853 3843/3843/3843 3852/3852/3852
f 3854/3854/3854 3851/3851/3851 3850/3850/3850
f 3854/3854/3854 3852/3852/3852 3851/3851/3851
f 3855/3855/3855 3854/3854/3854 3850/3850/3850
f 3856/3856/3856 3852/3852/3852 3854/3854/3854
f 3856/3856/3856 3853/3853/3853 3852/3852/3852
f 3857/3857/3857 3853/3853/3853 3856/3856/3856
f 3858/3858/3858 3857/3857/3857 3856/3856/3856
f 3859/3859/3859 3857/3857/3857 3858/3858/3858
f 3860/3860/3860 3859/3859/3859 3858/3858/3858
f 3861/3861/3861 3859/3859/3859 3860/3860/3860
f 3862/3862/3862 3861/3861/3861 3860/3860/3860
f 3863/3863/3863 3861/3861/3861 3862/3862/3862
f 3864/3864/3864 3863/3863/3863 3862/3862/3862
f 3865/3865/3865 3863/3863/3863 3864/3864/3864
f 3866/3866/3866 3865/3865/3865 3864/3864/3864
f 3865/3865/3865 3867/3867/3867 3863/3863/3863
f 3868/3868/3868 3867/3867/3867 3865/3865/3865
f 3869/3869/3869 3865/3865/3865 3866/3866/3866
f 3869/3869/3869 3868/3868/3868 3865/3865/3865
f 3870/3870/3870 3868/3868/3868 3869/3869/3869
f 3871/3871/3871 3870/3870/3870 3869/3869/3869
f 3872/3872/3872 3870/3870/3870 3871/3871/3871
f 3873/3873/3873 3872/3872/3872 3871/3871/3871
f 3874/3874/3874 3872/3872/3872 3873/3873/3873
f 3875/3875/3875 3874/3874/3874 3873/3873/3873
f 3875/3875/3875 3873/3873/3873 3876/3876/3876
f 3877/3877/3877 3874/3874/3874 3875/3875/3875
f 3878/3878/3878 3875/3875/3875 3876/3876/3876
f 3879/3879/3879 3877/3877/3877 3875/3875/3875
f 3879/3879/3879 3875/3875/3875 3878/3878/3878
f 3880/3880/3880 3879/3879/3879 3878/3878/3878
f 3882/3882/3882 3692/3692/3692 3881/3881/3881
f 3883/3883/3883 3692/3692/3692 3882/3882/3882
f 3883/3883/3883 3698/3698/3698 3692/3692/3692
f 3884/3884/3884 3698/3698/3698 3883/3883/3883
f 3884/3884/3884 3699/3699/3699 3698/3698/3698
f 3701/3701/3701 3699/3699/3699 3884/3884/3884
f 3885/3885/3885 3884/3884/3884 3883/3883/3883
f 3886/3886/3886 3701/3701/3701 3884/3884/3884
f 3886/3886/3886 3884/3884/3884 3885/3885/3885
f 3887/3887/3887 3886/3886/3886 3885/3885/3885
f 3888/3888/3888 3886/3886/3886 3887/3887/3887
f 3889/3889/3889 3888/3888/3888 3887/3887/3887
f 3890/3890/3890 3888/3888/3888 3889/3889/3889
f 3891/3891/3891 3890/3890/3890 3889/3889/3889
f 3892/3892/3892 3890/3890/3890 3891/3891/3891
f 3893/3893/3893 3892/3892/3892 3891/3891/3891
f 3894/3894/3894 3892/3892/3892 3893/3893/3893
f 3895/3895/3895 3894/3894/3894 3893/3893/3893
f 3896/3896/3896 3894/3894/3894 3895/3895/3895
f 3897/3897/3897 3896/3896/3896 3895/3895/3895
f 3898/3898/3898 3896/3896/3896 3897/3897/3897
f 3899/3899/3899 3898/3898/3898 3897/3897/3897
f 3900/3900/3900 3898/3898/3898 3899/3899/3899
f 3901/3901/3901 3900/3900/3900 3899/3899/3899
f 3902/3902/3902 3900/3900/3900 3901/3901/3901
f 3903/3903/3903 3902/3902/3902 3901/3901/3901
f 3904/3904/3904 3902/3902/3902 3903/3903/3903
f 3905/3905/3905 3904/3904/3904 3903/3903/3903
f 3906/3906/3906 3904/3904/3904 3905/3905/3905
f 3907/3907/3907 3906/3906/3906 3905/3905/3905
f 3908/3908/3908 3906/3906/3906 3907/3907/3907
f 3909/3909/3909 3908/3908/3908 3907/3907/3907
f 3910/3910/3910 3908/3908/3908 3909/3909/3909
f 3911/3911/3911 3910/3910/3910 3909/3909/3909
f 3912/3912/3912 3910/3910/3910 3911/3911/3911
f 3915/3915/3915 3914/3914/3914 3913/3913/3913
f 3916/3916/3916 3915/3915/3915 3913/3913/3913
f 3917/3917/3917 3915/3915/3915 3916/3916/3916
f 3918/3918/3918 3917/3917/3917 3916/3916/3916
f 3919/3919/3919 3917/3917/3917 3918/3918/3918
f 3920/3920/3920 3919/3919/3919 3918/3918/3918
f 3921/3921/3921 3919/3919/3919 3920/3920/3920
f 3922/3922/3922 3921/3921/3921 3920/3920/3920
f 3923/3923/3923 3921/3921/3921 3922/3922/3922
f 3924/3924/3924 3923/3923/3923 3922/3922/3922
f 3925/3925/3925 3923/3923/3923 3924/3924/3924
f 3926/3926/3926 3925/3925/3925 3924/3924/3924
f 3927/3927/3927 3925/3925/3925 3926/3926/3926
f 3928/3928/3928 3927/3927/3927 3926/3926/3926
f 3929/3929/3929 3927/3927/3927 3928/3928/3928
f 3930/3930/3930 3929/3929/3929 3928/3928/3928
f 3931/3931/3931 3929/3929/3929 3930/3930/3930
f 3932/3932/3932 3931/3931/3931 3930/3930/3930
f 3933/3933/3933 3931/3931/3931 3932/3932/3932
f 3934/3934/3934 3933/3933/3933 3932/3932/3932
f 3935/3935/3935 3933/3933/3933 3934/3934/3934
f 3936/3936/3936 3935/3935/3935 3934/3934/3934
f 3937/3937/3937 3935/3935/3935 3936/3936/3936
f 3938/3938/3938 3937/3937/3937 3936/3936/3936
f 3939/3939/3939 3937/3937/3937 3938/3938/3938
f 3940/3940/3940 3939/3939/3939 3938/3938/3938
f 3941/3941/3941 3939/3939/3939 3940/3940/3940
f 3942/3942/3942 3941/3941/3941 3940/3940/3940
f 3943/3943/3943 3941/3941/3941 3942/3942/3942
f 3944/3944/3944 3943/3943/3943 3942/3942/3942
f 3945/3945/3945 3943/3943/3943 3944/3944/3944
f 3946/3946/3946 3945/3945/3945 3944/3944/3944
f 3947/3947/3947 3945/3945/3945 3946/3946/3946
f 3948/3948/3948 3947/3947/3947 3946/3946/3946
f 3949/3949/3949 3947/3947/3947 3948/3948/3948
f 3950/3950/3950 3949/3949/3949 3948/3948/3948
f 3951/3951/3951 3949/3949/3949 3950/3950/3950
f 3954/3954/3954 3953/3953/3953 3952/3952/3952
f 3955/3955/3955 3954/3954/3954 3952/3952/3952
f 3956/3956/3956 3954/3954/3954 3955/3955/3955
f 3957/3957/3957 3956/3956/3956 3955/3955/3955
f 3958/3958/3958 3956/3956/3956 3957/3957/3957
f 3959/3959/3959 3958/3958/3958 3957/3957/3957
f 3960/3960/3960 3958/3958/3958 3959/3959/3959
f 3961/3961/3961 3960/3960/3960 3959/3959/3959
f 3962/3962/3962 3960/3960/3960 3961/3961/3961
f 3963/3963/3963 3962/3962/3962 3961/3961/3961
f 3964/3964/3964 3962/3962/3962 3963/3963/3963
f 3965/3965/3965 3964/3964/3964 3963/3963/3963
f 3966/3966/3966 3964/3964/3964 3965/3965/3965
f 3967/3967/3967 3966/3966/3966 3965/3965/3965
f 3968/3968/3968 3966/3966/3966 3967/3967/3967
f 3971/3971/3971 3970/3970/3970 3969/3969/3969
f 3972/3972/3972 3971/3971/3971 3969/3969/3969
f 3973/3973/3973 3971/3971/3971 3972/3972/3972
f 3974/3974/3974 3973/3973/3973 3972/3972/3972
f 3973/3973/3973 3975/3975/3975 3971/3971/3971
f 3975/3975/3975 3976/3976/3976 3971/3971/3971
f 3975/3975/3975 3977/3977/3977 3976/3976/3976
f 3978/3978/3978 3977/3977/3977 3975/3975/3975
f 3979/3979/3979 3978/3978/3978 3975/3975/3975
f 3979/3979/3979 3975/3975/3975 3973/3973/3973
f 3980/3980/3980 3978/3978/3978 3979/3979/3979
f 3981/3981/3981 3973/3973/3973 3974/3974/3974
f 3981/3981/3981 3979/3979/3979 3973/3973/3973
f 3982/3982/3982 3980/3980/3980 3979/3979/3979
f 3982/3982/3982 3979/3979/3979 3981/3981/3981
f 3983/3983/3983 3980/3980/3980 3982/3982/3982
f 3984/3984/3984 3981/3981/3981 3974/3974/3974
f 3984/3984/3984 3974/3974/3974 3985/3985/3985
f 3986/3986/3986 3984/3984/3984 3985/3985/3985
f 3987/3987/3987 3982/3982/3982 3981/3981/3981
f 3987/3987/3987 3981/3981/3981 3984/3984/3984
f 3988/3988/3988 3983/3983/3983 3982/3982/3982
f 3988/3988/3988 3982/3982/3982 3987/3987/3987
f 3989/3989/3989 3983/3983/3983 3988/3988/3988
f 3990/3990/3990 3984/3984/3984 3986/3986/3986
f 3990/3990/3990 3987/3987/3987 3984/3984/3984
f 3991/3991/3991 3990/3990/3990 3986/3986/3986
f 3992/3992/3992 3988/3988/3988 3987/3987/3987
f 3992/3992/3992 3987/3987/3987 3990/3990/3990
f 3993/3993/3993 3989/3989/3989 3988/3988/3988
f 3993/3993/3993 3988/3988/3988 3992/3992/3992
f 3994/3994/3994 3989/3989/3989 3993/3993/3993
f 3995/3995/3995 3990/3990/3990 3991/3991/3991
f 3995/3995/3995 3992/3992/3992 3990/3990/3990
f 3996/3996/3996 3995/3995/3995 3991/3991/3991
f 3997/3997/3997 3993/3993/3993 3992/3992/3992
f 3997/3997/3997 3992/3992/3992 3995/3995/3995
f 3998/3998/3998 3995/3995/3995 3996/3996/3996
f 3998/3998/3998 3997/3997/3997 3995/3995/3995
f 3999/3999/3999 3998/3998/3998 3996/3996/3996
f 4000/4000/4000 3994/3994/3994 3993/3993/3993
f 4000/4000/4000 3993/3993/3993 3997/3997/3997
f 4001/4001/4001 3998/3998/3998 3999/3999/3999
f 4002/4002/4002 4001/4001/4001 3999/3999/3999
f 4003/4003/4003 4001/4001/4001 4002/4002/4002
f 4003/4003/4003 4004/4004/4004 4001/4001/4001
f 4005/4005/4005 3997/3997/3997 3998/3998/3998
f 4001/4001/4001 4005/4005/4005 3998/3998/3998
f 4005/4005/4005 4000/4000/4000 3997/3997/3997
f 4004/4004/4004 4005/4005/4005 4001/4001/4001
f 4006/4006/4006 3994/3994/3994 4000/4000/4000
f 4006/4006/4006 4007/4007/4007 3994/3994/3994
f 4008/4008/4008 4007/4007/4007 4006/4006/4006
f 4009/4009/4009 4000/4000/4000 4005/4005/4005
f 4004/4004/4004 4009/4009/4009 4005/4005/4005
f 4009/4009/4009 4006/4006/4006 4000/4000/4000
f 4010/4010/4010 4008/4008/4008 4006/4006/4006
f 4010/4010/4010 4006/4006/4006 4009/4009/4009
f 4011/4011/4011 4008/4008/4008 4010/4010/4010
f 4012/4012/4012 4011/4011/4011 4010/4010/4010
f 4013/4013/4013 4009/4009/4009 4004/4004/4004
f 4013/4013/4013 4010/4010/4010 4009/4009/4009
f 4012/4012/4012 4010/4010/4010 4013/4013/4013
f 4014/4014/4014 4013/4013/4013 4004/4004/4004
f 4015/4015/4015 4013/4013/4013 4014/4014/4014
f 4015/4015/4015 4012/4012/4012 4013/4013/4013
f 4016/4016/4016 4012/4012/4012 4015/4015/4015
f 4017/4017/4017 4016/4016/4016 4015/4015/4015
f 4018/4018/4018 4016/4016/4016 4017/4017/4017
f 4021/4021/4021 4020/4020/4020 4019/4019/4019
f 4022/4022/4022 4020/4020/4020 4021/4021/4021
f 4023/4023/4023 4022/4022/4022 4021/4021/4021
f 4024/4024/4024 4022/4022/4022 4023/4023/4023
f 4025/4025/4025 4024/4024/4024 4023/4023/4023
f 4026/4026/4026 4024/4024/4024 4025/4025/4025
f 4027/4027/4027 4026/4026/4026 4025/4025/4025
f 4028/4028/4028 4026/4026/4026 4027/4027/4027
f 4029/4029/4029 4028/4028/4028 4027/4027/4027
f 4030/4030/4030 4028/4028/4028 4029/4029/4029
f 4031/4031/4031 4030/4030/4030 4029/4029/4029
f 4032/4032/4032 4030/4030/4030 4031/4031/4031
f 4033/4033/4033 4032/4032/4032 4031/4031/4031
f 4034/4034/4034 4032/4032/4032 4033/4033/4033
f 4034/4034/4034 4035/4035/4035 4032/4032/4032
f 4036/4036/4036 4035/4035/4035 4034/4034/4034
f 4037/4037/4037 4034/4034/4034 4033/4033/4033
f 4038/4038/4038 4036/4036/4036 4034/4034/4034
f 4038/4038/4038 4034/4034/4034 4037/4037/4037
f 4039/4039/4039 4038/4038/4038 4037/4037/4037
f 4040/4040/4040 4038/4038/4038 4039/4039/4039
f 4041/4041/4041 4040/4040/4040 4039/4039/4039
f 4042/4042/4042 4040/4040/4040 4041/4041/4041
f 4045/4045/4045 4044/4044/4044 4043/4043/4043
f 4046/4046/4046 4045/4045/4045 4043/4043/4043
f 4047/4047/4047 4045/4045/4045 4046/4046/4046
f 4050/4050/4050 4049/4049/4049 4048/4048/4048
f 4051/4051/4051 4049/4049/4049 4050/4050/4050
f 4052/4052/4052 4051/4051/4051 4050/4050/4050
f 4051/4051/4051 4053/4053/4053 4049/4049/4049
f 4053/4053/4053 4054/4054/4054 4049/4049/4049
f 4055/4055/4055 4051/4051/4051 4052/4052/4052
f 4056/4056/4056 4055/4055/4055 4052/4052/4052
f 4057/4057/4057 4053/4053/4053 4051/4051/4051
f 4055/4055/4055 4057/4057/4057 4051/4051/4051
f 4057/4057/4057 4058/4058/4058 4053/4053/4053
f 4059/4059/4059 4058/4058/4058 4057/4057/4057
f 4060/4060/4060 4055/4055/4055 4056/4056/4056
f 4061/4061/4061 4060/4060/4060 4056/4056/4056
f 4062/4062/4062 4057/4057/4057 4055/4055/4055
f 4062/4062/4062 4059/4059/4059 4057/4057/4057
f 4060/4060/4060 4062/4062/4062 4055/4055/4055
f 4063/4063/4063 4060/4060/4060 4061/4061/4061
f 4064/4064/4064 4063/4063/4063 4061/4061/4061
f 4063/4063/4063 4065/4065/4065 4060/4060/4060
f 4065/4065/4065 4062/4062/4062 4060/4060/4060
f 4065/4065/4065 4066/4066/4066 4062/4062/4062
f 4066/4066/4066 4059/4059/4059 4062/4062/4062
f 4066/4066/4066 4067/4067/4067 4059/4059/4059
f 4070/4070/4070 4069/4069/4069 4068/4068/4068
f 4071/4071/4071 4069/4069/4069 4070/4070/4070
f 4072/4072/4072 4071/4071/4071 4070/4070/4070
f 4073/4073/4073 4071/4071/4071 4072/4072/4072
f 4074/4074/4074 4073/4073/4073 4072/4072/4072
f 4077/4077/4077 4076/4076/4076 4075/4075/4075
f 4078/4078/4078 4077/4077/4077 4075/4075/4075
f 4081/4081/4081 4080/4080/4080 4079/4079/4079
f 4082/4082/4082 4080/4080/4080 4081/4081/4081
f 4085/4085/4085 4084/4084/4084 4083/4083/4083
f 4086/4086/4086 4084/4084/4084 4085/4085/4085
f 4089/4089/4089 4088/4088/4088 4087/4087/4087
f 4090/4090/4090 4088/4088/4088 4089/4089/4089
f 4093/4093/4093 4092/4092/4092 4091/4091/4091
f 4094/4094/4094 4092/4092/4092 4093/4093/4093
f 4097/4097/4097 4096/4096/4096 4095/4095/4095
f 4097/4097/4097 4098/4098/4098 4096/4096/4096
f 4099/4099/4099 4098/4098/4098 4097/4097/4097
f 4102/4102/4102 4101/4101/4101 4100/4100/4100
f 4103/4103/4103 4101/4101/4101 4102/4102/4102
