g stand small
v -0.000196436638 0.000263749942 -0.000551481848
v -0.000189425045 0.000201516144 -0.000551481848
v -0.000126312676 0.000215921391 -0.000620291801
v -0.000131701221 0.000263749942 -0.000620291801
v -0.000189425045 0.000325983157 -0.000551481848
v -0.000126312676 0.000311577896 -0.000620291801
v -0.000168740153 0.000385096064 -0.000551481848
v -0.000110415815 0.000357008568 -0.000620291801
v 0.000355899625 0.000325983157 -0.000551481848
v 0.00027689038 0.000357007986 -0.000620291801
v 0.00029278695 0.000311577896 -0.000620291801
v 0.000335214718 0.000385096064 -0.000551481848
v 0.000251282734 0.000397762051 -0.000620291801
v 0.00030189543 0.000438123941 -0.000551481848
v 0.00021724969 0.000431795721 -0.000620291801
v 0.000257611275 0.000482407806 -0.000551481848
v 0.000176495611 0.000457403046 -0.000620291801
v 0.000204583397 0.000515727384 -0.000551481848
v -0.000189425045 0.000201516144 -0.000551481848
v -0.000110415815 0.00017049133 -0.000620291801
v -0.000126312676 0.000215921391 -0.000620291801
v -0.000168740153 0.000142403835 -0.000551481848
v -8.48084674E-05 0.000129737848 -0.000620291801
v -0.000135420851 8.93759716E-05 -0.000551481848
v -5.07745135E-05 9.57041993E-05 -0.000620291801
v -9.11366951E-05 4.50915104E-05 -0.000551481848
v -1.00213283E-05 7.00968521E-05 -0.000620291801
v -3.81088248E-05 1.17719173E-05 -0.000551481848
v 0.000204583397 0.000515727384 -0.000551481848
v 0.00013106555 0.000473299617 -0.000620291801
v 0.000176495611 0.000457403046 -0.000620291801
v 0.000145470796 0.000536412001 -0.000551481848
v 8.32372898E-05 0.000478688482 -0.000620291801
v 8.32372898E-05 0.00054342387 -0.000551481848
v 3.54087351E-05 0.000473299617 -0.000620291801
v 2.10037815E-05 0.000536412001 -0.000551481848
v -3.81088248E-05 1.17719173E-05 -0.000551481848
v 2.10037815E-05 -8.91268246E-06 -0.000551481848
v 3.54087351E-05 5.4200289E-05 -0.000620291801
v -1.00213283E-05 7.00968521E-05 -0.000620291801
v 8.32372898E-05 -1.59245719E-05 -0.000551481848
v 0.000145470796 -8.91268246E-06 -0.000551481848
v 0.00013106555 5.4200289E-05 -0.000620291801
v 8.32372898E-05 4.88108381E-05 -0.000620291801
v 2.10037815E-05 -8.91268246E-06 -0.000551481848
v 3.54087351E-05 5.4200289E-05 -0.000620291801
v 0.000145470796 -8.91268246E-06 -0.000551481848
v 0.000176495611 7.00968521E-05 -0.000620291801
v 0.00013106555 5.4200289E-05 -0.000620291801
v 0.000204583397 1.17719173E-05 -0.000551481848
v 0.00021724969 9.57041993E-05 -0.000620291801
v 0.000257611275 4.50915104E-05 -0.000551481848
v 0.000251282734 0.000129737848 -0.000620291801
v 0.00030189543 8.93759716E-05 -0.000551481848
v 0.00027689038 0.00017049133 -0.000620291801
v 0.000335214718 0.000142403835 -0.000551481848
v 2.10037815E-05 0.000536412001 -0.000551481848
v -3.81088248E-05 0.000515727384 -0.000551481848
v -1.00213283E-05 0.000457403046 -0.000620291801
v 3.54087351E-05 0.000473299617 -0.000620291801
v -3.81088248E-05 0.000515727384 -0.000551481848
v -5.07745135E-05 0.000431795721 -0.000620291801
v -1.00213283E-05 0.000457403046 -0.000620291801
v -9.11366951E-05 0.000482407806 -0.000551481848
v -8.48084674E-05 0.000397762051 -0.000620291801
v -0.000135420851 0.000438123941 -0.000551481848
v -0.000110415815 0.000357008568 -0.000620291801
v -0.000168740153 0.000385096064 -0.000551481848
v 0.000335214718 0.000142403835 -0.000551481848
v 0.00029278695 0.000215921391 -0.000620291801
v 0.00027689038 0.00017049133 -0.000620291801
v 0.000355899625 0.000201516144 -0.000551481848
v 0.000298175815 0.000263749942 -0.000620291801
v 0.000362911203 0.000263749942 -0.000551481848
v 0.00029278695 0.000311577896 -0.000620291801
v 0.000355899625 0.000325983157 -0.000551481848
v 2.64105201E-05 1.47747987E-05 0.000371285074
v 3.65790729E-05 0.000166862606 0.000371285074
v 5.93084078E-05 0.000158909563 0.000371285074
v -2.75671482E-05 3.36623198E-05 0.000371285074
v 8.32372898E-05 8.3720679E-06 0.000371285074
v 1.61898133E-05 0.000179674622 0.000371285074
v 8.32375881E-05 0.000156213035 0.000371285074
v -7.59878749E-05 6.40875078E-05 0.000371285074
v 0.000140064061 1.47747987E-05 0.000371285074
v -8.38041274E-07 0.000196701876 0.000371285074
v 0.000107166466 0.000158909563 0.000371285074
v -0.000116425152 0.000104524494 0.000371285074
v 0.000194041422 3.36623198E-05 0.000371285074
v -1.36497611E-05 0.000217091438 0.000371285074
v 0.000129895809 0.000166862606 0.000371285074
v -0.000146850347 0.000152945518 0.000371285074
v 0.000242462454 6.40875078E-05 0.000371285074
v -2.16028093E-05 0.000239820482 0.000371285074
v 0.000150285356 0.000179674622 0.000371285074
v -0.00016573786 0.000206922879 0.000371285074
v 0.000282899739 0.000104524494 0.000371285074
v -2.42987262E-05 0.000263749942 0.000371285074
v 0.000167312915 0.000196701876 0.000371285074
v -0.000172140295 0.000263749942 0.000371285074
v 0.00031332433 0.000152945518 0.000371285074
v -2.16028093E-05 0.00028767882 0.000371285074
v 0.000180124334 0.000217091438 0.000371285074
v -0.00016573786 0.000320577004 0.000371285074
v 0.000332212454 0.000206922879 0.000371285074
v -1.36497611E-05 0.000310407864 0.000371285074
v 0.000188077684 0.000239820482 0.000371285074
v -0.000146850347 0.000374554395 0.000371285074
v 0.00033861486 0.000263749942 0.000371285074
v -8.38041274E-07 0.000330797426 0.000371285074
v 0.000190773906 0.000263749942 0.000371285074
v -0.000116425152 0.000422975398 0.000371285074
v 0.000332212454 0.000320576422 0.000371285074
v 1.61898133E-05 0.000347825291 0.000371285074
v 0.000188077684 0.00028767882 0.000371285074
v -7.59878749E-05 0.000463412405 0.000371285074
v 0.00031332433 0.000374553783 0.000371285074
v 3.65790729E-05 0.00036063671 0.000371285074
v 0.000180124334 0.000310407864 0.000371285074
v -2.75671482E-05 0.000493837579 0.000371285074
v 0.000282899739 0.000422975398 0.000371285074
v 5.93084078E-05 0.00036859035 0.000371285074
v 0.000167312915 0.000330797426 0.000371285074
v 2.64105201E-05 0.000512724509 0.000371285074
v 0.000242462454 0.000463412405 0.000371285074
v 8.32375881E-05 0.000371286267 0.000371285074
v 0.000150285356 0.000347825291 0.000371285074
v 8.32372898E-05 0.000519127818 0.000371285074
v 0.000194041422 0.000493837579 0.000371285074
v 0.000107166466 0.00036859035 0.000371285074
v 0.000129895809 0.00036063671 0.000371285074
v 0.000140064061 0.000512724509 0.000371285074
v -0.000137719515 8.75425321E-05 -0.000551481848
v -0.000171389271 0.000141127704 -0.00049822242
v -0.000137719515 8.75425321E-05 -0.00049822242
v -0.000171389271 0.000141127704 -0.000551481848
v -0.000192291438 0.000200862283 -0.00049822242
v -0.000192291438 0.000200862283 -0.000551481848
v -0.000199376635 0.000263749942 -0.00049822242
v -0.000199376635 0.000263749942 -0.000551481848
v -0.000192291438 0.000326637615 -0.00049822242
v -0.000192291438 0.000326637615 -0.000551481848
v 0.000259444409 0.000484706747 -0.000551481848
v 0.00030419408 0.000439956784 -0.000551481848
v 0.00030419408 0.000439956784 -0.00049822242
v 0.000259444409 0.000484706747 -0.00049822242
v 0.000205859236 0.000518376823 -0.000551481848
v 0.000205859236 0.000518376823 -0.00049822242
v 0.000146124949 0.000539278379 -0.000551481848
v 0.000146124949 0.000539278379 -0.00049822242
v 8.32372898E-05 0.000546364172 -0.000551481848
v 8.32372898E-05 0.000546364172 -0.00049822242
v 2.0349622E-05 0.000539278379 -0.000551481848
v 2.0349622E-05 0.000539278379 -0.00049822242
v -9.29698363E-05 4.27931554E-05 -0.000551481848
v -0.000137719515 8.75425321E-05 -0.000551481848
v -0.000137719515 8.75425321E-05 -0.00049822242
v -9.29698363E-05 4.27931554E-05 -0.00049822242
v -3.9384664E-05 9.12308678E-06 -0.000551481848
v -3.9384664E-05 9.12308678E-06 -0.00049822242
v 2.0349622E-05 -1.17790696E-05 -0.000551481848
v 2.0349622E-05 -1.17790696E-05 -0.00049822242
v 8.32372898E-05 -1.88648701E-05 -0.000551481848
v 2.0349622E-05 -1.17790696E-05 -0.000551481848
v 2.0349622E-05 -1.17790696E-05 -0.00049822242
v 8.32372898E-05 -1.88648701E-05 -0.00049822242
v 0.000146124949 -1.17790696E-05 -0.000551481848
v 0.000146124949 -1.17790696E-05 -0.00049822242
v 0.000205859236 9.12308678E-06 -0.000551481848
v 0.000205859236 9.12308678E-06 -0.00049822242
v 0.000259444409 4.27931554E-05 -0.000551481848
v 0.000259444409 4.27931554E-05 -0.00049822242
v -3.9384664E-05 0.000518376823 -0.000551481848
v 2.0349622E-05 0.000539278379 -0.000551481848
v 2.0349622E-05 0.000539278379 -0.00049822242
v -3.9384664E-05 0.000518376823 -0.00049822242
v -9.29698363E-05 0.000484706747 -0.000551481848
v -9.29698363E-05 0.000484706747 -0.00049822242
v 0.00030419408 8.75425321E-05 -0.000551481848
v 0.000259444409 4.27931554E-05 -0.000551481848
v 0.000259444409 4.27931554E-05 -0.00049822242
v 0.00030419408 8.75425321E-05 -0.00049822242
v -0.000137719515 0.000439956784 -0.000551481848
v -9.29698363E-05 0.000484706747 -0.000551481848
v -9.29698363E-05 0.000484706747 -0.00049822242
v -0.000137719515 0.000439956784 -0.00049822242
v -0.000171389271 0.000386371597 -0.000551481848
v -0.000171389271 0.000386371597 -0.00049822242
v -0.000192291438 0.000326637615 -0.000551481848
v -0.000192291438 0.000326637615 -0.00049822242
v 0.000337864156 0.000141127704 -0.000551481848
v 0.00030419408 8.75425321E-05 -0.000551481848
v 0.00030419408 8.75425321E-05 -0.00049822242
v 0.000337864156 0.000141127704 -0.00049822242
v 0.000358766003 0.000200862283 -0.000551481848
v 0.000358766003 0.000200862283 -0.00049822242
v 0.000365851214 0.000263749942 -0.000551481848
v 0.000365851214 0.000263749942 -0.00049822242
v 0.000358766003 0.000326637615 -0.000551481848
v 0.000358766003 0.000326637615 -0.00049822242
v 0.000337864156 0.000386371597 -0.000551481848
v 0.000337864156 0.000386371597 -0.00049822242
v 0.00030419408 0.000439956784 -0.000551481848
v 0.000337864156 0.000386371597 -0.000551481848
v 0.000337864156 0.000386371597 -0.00049822242
v 0.00030419408 0.000439956784 -0.00049822242
v 2.03636282E-05 -1.17182726E-05 0.000309765921
v -3.93575428E-05 9.1791153E-06 0.000309765921
v -3.93575428E-05 9.1791153E-06 0.000358690304
v -9.29307935E-05 4.28414351E-05 0.000358690304
v -9.29307935E-05 4.28414351E-05 0.000309765921
v -0.000137670926 8.75812766E-05 0.000358690304
v -0.000137670926 8.75812766E-05 0.000309765921
v 2.03636282E-05 -1.17182726E-05 0.000309765921
v -3.93575428E-05 9.1791153E-06 0.000358690304
v 2.03636282E-05 -1.17182726E-05 0.000358690304
v 8.32372898E-05 -1.88022841E-05 0.000309765921
v 8.32372898E-05 -1.88022841E-05 0.000358690304
v 0.00014611095 -1.17182726E-05 0.000309765921
v 0.00014611095 -1.17182726E-05 0.000358690304
v 0.000205832126 9.1791153E-06 0.000309765921
v 0.000205832126 9.1791153E-06 0.000358690304
v 0.00025940538 4.28414351E-05 0.000309765921
v 0.00025940538 4.28414351E-05 0.000358690304
v -3.93575428E-05 0.000518320769 0.000309765921
v 2.03636282E-05 0.000539217552 0.000358690304
v -3.93575428E-05 0.000518320769 0.000358690304
v 2.03636282E-05 0.000539217552 0.000309765921
v 8.32372898E-05 0.000546302181 0.000358690304
v 8.32372898E-05 0.000546302181 0.000309765921
v 0.00014611095 0.000539217552 0.000358690304
v 0.00014611095 0.000539217552 0.000309765921
v 0.000205832126 0.000518320769 0.000358690304
v 0.000205832126 0.000518320769 0.000309765921
v 0.00025940538 0.000484657881 0.000358690304
v 0.00025940538 0.000484657881 0.000309765921
v 0.000304145506 0.000439918018 0.000358690304
v 0.000304145506 0.000439918018 0.000309765921
v -9.29307935E-05 0.000484657881 0.000309765921
v -3.93575428E-05 0.000518320769 0.000309765921
v -3.93575428E-05 0.000518320769 0.000358690304
v -9.29307935E-05 0.000484657881 0.000358690304
v 0.000304145506 8.75812766E-05 0.000309765921
v 0.00025940538 4.28414351E-05 0.000309765921
v 0.00025940538 4.28414351E-05 0.000358690304
v 0.000304145506 8.75812766E-05 0.000358690304
v -0.000137670926 0.000439918018 0.000309765921
v -9.29307935E-05 0.000484657881 0.000309765921
v -9.29307935E-05 0.000484657881 0.000358690304
v -0.000137670926 0.000439918018 0.000358690304
v -0.000171333246 0.000386344793 0.000309765921
v -0.000171333246 0.000386344793 0.000358690304
v -0.000192230931 0.000326623325 0.000309765921
v -0.000192230931 0.000326623325 0.000358690304
v 0.00033780784 0.00014115512 0.000309765921
v 0.000304145506 8.75812766E-05 0.000309765921
v 0.000304145506 8.75812766E-05 0.000358690304
v 0.00033780784 0.00014115512 0.000358690304
v 0.000358705525 0.000200875991 0.000309765921
v 0.000358705525 0.000200875991 0.000358690304
v 0.000365789223 0.000263749942 0.000309765921
v 0.000365789223 0.000263749942 0.000358690304
v 0.000358705525 0.000326623325 0.000309765921
v 0.000358705525 0.000326623325 0.000358690304
v 0.00033780784 0.000386344793 0.000309765921
v 0.00033780784 0.000386344793 0.000358690304
v -0.000199314643 0.000263749942 0.000309765921
v -0.000192230931 0.000326623325 0.000309765921
v -0.000192230931 0.000326623325 0.000358690304
v -0.000199314643 0.000263749942 0.000358690304
v -0.000192230931 0.000200875991 0.000309765921
v -0.000192230931 0.000200875991 0.000358690304
v -0.000171333246 0.00014115512 0.000309765921
v -0.000171333246 0.00014115512 0.000358690304
v -0.000137670926 8.75812766E-05 0.000309765921
v -0.000137670926 8.75812766E-05 0.000358690304
v 0.000304145506 0.000439918018 0.000309765921
v 0.00033780784 0.000386344793 0.000309765921
v 0.00033780784 0.000386344793 0.000358690304
v 0.000304145506 0.000439918018 0.000358690304
v 0.00033780784 0.000386344793 0.000358690304
v 0.000358705525 0.000326623325 0.000358690304
v 0.000304145506 0.000439918018 0.000358690304
v 0.000365789223 0.000263749942 0.000358690304
v 0.00025940538 0.000484657881 0.000358690304
v 0.000358705525 0.000200875991 0.000358690304
v 0.000205832126 0.000518320769 0.000358690304
v 0.00033780784 0.00014115512 0.000358690304
v 0.00014611095 0.000539217552 0.000358690304
v 0.000304145506 8.75812766E-05 0.000358690304
v 8.32372898E-05 0.000546302181 0.000358690304
v 0.00025940538 4.28414351E-05 0.000358690304
v 2.03636282E-05 0.000539217552 0.000358690304
v 0.000205832126 9.1791153E-06 0.000358690304
v -3.93575428E-05 0.000518320769 0.000358690304
v 0.00014611095 -1.17182726E-05 0.000358690304
v -9.29307935E-05 0.000484657881 0.000358690304
v 8.32372898E-05 -1.88022841E-05 0.000358690304
v -0.000137670926 0.000439918018 0.000358690304
v 2.03636282E-05 -1.17182726E-05 0.000358690304
v -0.000171333246 0.000386344793 0.000358690304
v -3.93575428E-05 9.1791153E-06 0.000358690304
v -0.000192230931 0.000326623325 0.000358690304
v -9.29307935E-05 4.28414351E-05 0.000358690304
v -0.000199314643 0.000263749942 0.000358690304
v -0.000137670926 8.75812766E-05 0.000358690304
v -0.000192230931 0.000200875991 0.000358690304
v -0.000171333246 0.00014115512 0.000358690304
v 0.000145213606 -7.78734648E-06 0.000309765921
v 8.32372898E-05 -1.47700302E-05 0.000309765921
v 8.32372898E-05 -1.88022841E-05 0.000309765921
v 0.00014611095 -1.17182726E-05 0.000309765921
v 2.03636282E-05 -1.17182726E-05 0.000309765921
v 0.000204082418 1.28120182E-05 0.000309765921
v 2.12609757E-05 -7.78734648E-06 0.000309765921
v 0.000205832126 9.1791153E-06 0.000309765921
v -3.93575428E-05 9.1791153E-06 0.000309765921
v 0.000256891537 4.5993922E-05 0.000309765921
v -3.7607846E-05 1.28120182E-05 0.000309765921
v 0.00025940538 4.28414351E-05 0.000309765921
v -9.29307935E-05 4.28414351E-05 0.000309765921
v 0.000300993008 9.00953964E-05 0.000309765921
v -9.04169647E-05 4.5993922E-05 0.000309765921
v 0.000304145506 8.75812766E-05 0.000309765921
v -0.000137670926 8.75812766E-05 0.000309765921
v 0.000334175216 0.000142904522 0.000309765921
v -0.000134518443 9.00953964E-05 0.000309765921
v 0.00033780784 0.00014115512 0.000309765921
v -0.000171333246 0.00014115512 0.000309765921
v 0.000354774296 0.000201773044 0.000309765921
v -0.000167700651 0.000142904522 0.000309765921
v 0.000358705525 0.000200875991 0.000309765921
v -0.000192230931 0.000200875991 0.000309765921
v 0.000361756975 0.000263749942 0.000309765921
v -0.000188299717 0.000201773044 0.000309765921
v 0.000365789223 0.000263749942 0.000309765921
v -0.000199314643 0.000263749942 0.000309765921
v 0.000354774296 0.000325726258 0.000309765921
v -0.000195282395 0.000263749942 0.000309765921
v 0.000358705525 0.000326623325 0.000309765921
v -0.000192230931 0.000326623325 0.000309765921
v 0.000334175216 0.000384594779 0.000309765921
v -0.000188299717 0.000325726258 0.000309765921
v 0.00033780784 0.000386344793 0.000309765921
v -0.000171333246 0.000386344793 0.000309765921
v 0.000300993008 0.000437403913 0.000309765921
v -0.000167700651 0.000384595391 0.000309765921
v 0.000304145506 0.000439918018 0.000309765921
v -0.000137670926 0.000439918018 0.000309765921
v 0.000256891537 0.000481505384 0.000309765921
v -0.000134518443 0.000437403913 0.000309765921
v 0.00025940538 0.000484657881 0.000309765921
v -9.29307935E-05 0.000484657881 0.000309765921
v 0.000204082418 0.000514687912 0.000309765921
v -9.04169647E-05 0.000481505384 0.000309765921
v 0.000205832126 0.000518320769 0.000309765921
v -3.93575428E-05 0.000518320769 0.000309765921
v 0.000145213606 0.000535286672 0.000309765921
v -3.7607846E-05 0.000514687912 0.000309765921
v 0.00014611095 0.000539217552 0.000309765921
v 2.03636282E-05 0.000539217552 0.000309765921
v 8.32372898E-05 0.000542269961 0.000309765921
v 2.12609757E-05 0.000535286672 0.000309765921
v 8.32372898E-05 0.000546302181 0.000309765921
v -0.000192291438 0.000326637615 -0.00049822242
v -0.000171389271 0.000386371597 -0.00049822242
v -0.000167700651 0.000384595391 -0.00049822242
v -0.000188299717 0.000325726258 -0.00049822242
v -0.000134518443 0.000437403913 -0.00049822242
v -0.000199376635 0.000263749942 -0.00049822242
v -0.000137719515 0.000439956784 -0.00049822242
v -0.000195282395 0.000263749942 -0.00049822242
v -9.04169647E-05 0.000481505384 -0.00049822242
v -0.000192291438 0.000200862283 -0.00049822242
v -9.29698363E-05 0.000484706747 -0.00049822242
v -0.000188299717 0.000201773044 -0.00049822242
v -3.7607846E-05 0.000514687912 -0.00049822242
v -0.000171389271 0.000141127704 -0.00049822242
v -3.9384664E-05 0.000518376823 -0.00049822242
v -0.000167700651 0.000142904522 -0.00049822242
v 2.12609757E-05 0.000535286672 -0.00049822242
v -0.000137719515 8.75425321E-05 -0.00049822242
v 2.0349622E-05 0.000539278379 -0.00049822242
v -0.000134518443 9.00953964E-05 -0.00049822242
v 8.32372898E-05 0.000542269961 -0.00049822242
v -9.29698363E-05 4.27931554E-05 -0.00049822242
v 8.32372898E-05 0.000546364172 -0.00049822242
v -9.04169647E-05 4.5993922E-05 -0.00049822242
v 0.000145213606 0.000535286672 -0.00049822242
v -3.9384664E-05 9.12308678E-06 -0.00049822242
v 0.000146124949 0.000539278379 -0.00049822242
v -3.7607846E-05 1.28120182E-05 -0.00049822242
v 0.000204082418 0.000514687912 -0.00049822242
v 2.0349622E-05 -1.17790696E-05 -0.00049822242
v 0.000205859236 0.000518376823 -0.00049822242
v 2.12609757E-05 -7.78734648E-06 -0.00049822242
v 0.000256891537 0.000481505384 -0.00049822242
v 8.32372898E-05 -1.88648701E-05 -0.00049822242
v 0.000259444409 0.000484706747 -0.00049822242
v 8.32372898E-05 -1.47700302E-05 -0.00049822242
v 0.000300993008 0.000437403913 -0.00049822242
v 0.000146124949 -1.17790696E-05 -0.00049822242
v 0.00030419408 0.000439956784 -0.00049822242
v 0.000145213606 -7.78734648E-06 -0.00049822242
v 0.000334175216 0.000384594779 -0.00049822242
v 0.000205859236 9.12308678E-06 -0.00049822242
v 0.000337864156 0.000386371597 -0.00049822242
v 0.000204082418 1.28120182E-05 -0.00049822242
v 0.000354774296 0.000325726258 -0.00049822242
v 0.000259444409 4.27931554E-05 -0.00049822242
v 0.000358766003 0.000326637615 -0.00049822242
v 0.000256891537 4.5993922E-05 -0.00049822242
v 0.000361756975 0.000263749942 -0.00049822242
v 0.00030419408 8.75425321E-05 -0.00049822242
v 0.000365851214 0.000263749942 -0.00049822242
v 0.000300993008 9.00953964E-05 -0.00049822242
v 0.000354774296 0.000201773044 -0.00049822242
v 0.000337864156 0.000141127704 -0.00049822242
v 0.000358766003 0.000200862283 -0.00049822242
v 0.000334175216 0.000142904522 -0.00049822242
v -3.81088248E-05 1.17719173E-05 -0.000551481848
v -9.11366951E-05 4.50915104E-05 -0.000551481848
v -9.29698363E-05 4.27931554E-05 -0.000551481848
v -3.9384664E-05 9.12308678E-06 -0.000551481848
v -0.000137719515 8.75425321E-05 -0.000551481848
v 2.10037815E-05 -8.91268246E-06 -0.000551481848
v -0.000135420851 8.93759716E-05 -0.000551481848
v 2.0349622E-05 -1.17790696E-05 -0.000551481848
v -0.000171389271 0.000141127704 -0.000551481848
v 8.32372898E-05 -1.59245719E-05 -0.000551481848
v -0.000168740153 0.000142403835 -0.000551481848
v 8.32372898E-05 -1.88648701E-05 -0.000551481848
v -0.000192291438 0.000200862283 -0.000551481848
v 0.000145470796 -8.91268246E-06 -0.000551481848
v -0.000189425045 0.000201516144 -0.000551481848
v 0.000146124949 -1.17790696E-05 -0.000551481848
v -0.000199376635 0.000263749942 -0.000551481848
v 0.000204583397 1.17719173E-05 -0.000551481848
v -0.000196436638 0.000263749942 -0.000551481848
v 0.000205859236 9.12308678E-06 -0.000551481848
v -0.000192291438 0.000326637615 -0.000551481848
v 0.000257611275 4.50915104E-05 -0.000551481848
v -0.000189425045 0.000325983157 -0.000551481848
v 0.000259444409 4.27931554E-05 -0.000551481848
v -0.000171389271 0.000386371597 -0.000551481848
v 0.00030189543 8.93759716E-05 -0.000551481848
v -0.000168740153 0.000385096064 -0.000551481848
v 0.00030419408 8.75425321E-05 -0.000551481848
v -0.000137719515 0.000439956784 -0.000551481848
v 0.000335214718 0.000142403835 -0.000551481848
v -0.000135420851 0.000438123941 -0.000551481848
v 0.000337864156 0.000141127704 -0.000551481848
v -9.29698363E-05 0.000484706747 -0.000551481848
v 0.000355899625 0.000201516144 -0.000551481848
v -9.11366951E-05 0.000482407806 -0.000551481848
v 0.000358766003 0.000200862283 -0.000551481848
v -3.9384664E-05 0.000518376823 -0.000551481848
v 0.000362911203 0.000263749942 -0.000551481848
v -3.81088248E-05 0.000515727384 -0.000551481848
v 0.000365851214 0.000263749942 -0.000551481848
v 2.0349622E-05 0.000539278379 -0.000551481848
v 0.000355899625 0.000325983157 -0.000551481848
v 2.10037815E-05 0.000536412001 -0.000551481848
v 0.000358766003 0.000326637615 -0.000551481848
v 8.32372898E-05 0.000546364172 -0.000551481848
v 0.000335214718 0.000385096064 -0.000551481848
v 8.32372898E-05 0.00054342387 -0.000551481848
v 0.000337864156 0.000386371597 -0.000551481848
v 0.000146124949 0.000539278379 -0.000551481848
v 0.00030189543 0.000438123941 -0.000551481848
v 0.000145470796 0.000536412001 -0.000551481848
v 0.00030419408 0.000439956784 -0.000551481848
v 0.000205859236 0.000518376823 -0.000551481848
v 0.000257611275 0.000482407806 -0.000551481848
v 0.000204583397 0.000515727384 -0.000551481848
v 0.000259444409 0.000484706747 -0.000551481848
v 0.000300993008 9.00953964E-05 0.000285884744
v 0.000256891537 4.5993922E-05 0.000285884744
v 0.000256891537 4.5993922E-05 0.000309765921
v -0.000188299717 0.000325726258 0.000285884744
v -0.000167700651 0.000384595391 0.000285884744
v -0.000167700651 0.000384595391 0.000309765921
v -0.000134518443 0.000437403913 0.000309765921
v -0.000134518443 0.000437403913 0.000285884744
v -9.04169647E-05 0.000481505384 0.000309765921
v -9.04169647E-05 0.000481505384 0.000285884744
v -0.000188299717 0.000325726258 0.000285884744
v -0.000167700651 0.000384595391 0.000309765921
v -0.000188299717 0.000325726258 0.000309765921
v -0.000195282395 0.000263749942 0.000285884744
v -0.000195282395 0.000263749942 0.000309765921
v -0.000188299717 0.000201773044 0.000285884744
v -0.000188299717 0.000201773044 0.000309765921
v -0.000167700651 0.000142904522 0.000285884744
v -0.000167700651 0.000142904522 0.000309765921
v 0.000300993008 0.000437403913 0.000285884744
v 0.000334175216 0.000384594779 0.000309765921
v 0.000300993008 0.000437403913 0.000309765921
v 0.000334175216 0.000384594779 0.000285884744
v 0.000354774296 0.000325726258 0.000309765921
v 0.000354774296 0.000325726258 0.000285884744
v 0.000361756975 0.000263749942 0.000309765921
v 0.000361756975 0.000263749942 0.000285884744
v 0.000354774296 0.000201773044 0.000309765921
v 0.000354774296 0.000201773044 0.000285884744
v 0.000334175216 0.000142904522 0.000309765921
v 0.000334175216 0.000142904522 0.000285884744
v 0.000300993008 9.00953964E-05 0.000309765921
v 0.000300993008 9.00953964E-05 0.000285884744
v 0.000256891537 4.5993922E-05 0.000309765921
v -0.000134518443 9.00953964E-05 0.000285884744
v -0.000167700651 0.000142904522 0.000285884744
v -0.000167700651 0.000142904522 0.000309765921
v -0.000134518443 9.00953964E-05 0.000309765921
v -9.04169647E-05 4.5993922E-05 0.000285884744
v -9.04169647E-05 4.5993922E-05 0.000309765921
v -3.7607846E-05 1.28120182E-05 0.000285884744
v -3.7607846E-05 1.28120182E-05 0.000309765921
v 2.12609757E-05 -7.78734648E-06 0.000285884744
v 2.12609757E-05 -7.78734648E-06 0.000309765921
v 8.32372898E-05 -1.47700302E-05 0.000285884744
v 0.000256891537 0.000481505384 0.000285884744
v 0.000300993008 0.000437403913 0.000285884744
v 0.000300993008 0.000437403913 0.000309765921
v 0.000256891537 0.000481505384 0.000309765921
v 0.000204082418 0.000514687912 0.000285884744
v 0.000204082418 0.000514687912 0.000309765921
v 0.000145213606 0.000535286672 0.000285884744
v 0.000145213606 0.000535286672 0.000309765921
v 8.32372898E-05 0.000542269961 0.000285884744
v 0.000145213606 0.000535286672 0.000285884744
v 0.000145213606 0.000535286672 0.000309765921
v 8.32372898E-05 0.000542269961 0.000309765921
v 2.12609757E-05 0.000535286672 0.000285884744
v 2.12609757E-05 0.000535286672 0.000309765921
v -3.7607846E-05 0.000514687912 0.000285884744
v -3.7607846E-05 0.000514687912 0.000309765921
v -9.04169647E-05 0.000481505384 0.000285884744
v -9.04169647E-05 0.000481505384 0.000309765921
v 8.32372898E-05 -1.47700302E-05 0.000285884744
v 2.12609757E-05 -7.78734648E-06 0.000309765921
v 8.32372898E-05 -1.47700302E-05 0.000309765921
v 0.000145213606 -7.78734648E-06 0.000285884744
v 0.000145213606 -7.78734648E-06 0.000309765921
v 0.000204082418 1.28120182E-05 0.000285884744
v 0.000204082418 1.28120182E-05 0.000309765921
v 0.000256891537 4.5993922E-05 0.000285884744
v 0.000256891537 4.5993922E-05 0.000309765921
v 0.000167312915 0.000330797426 0.000371285074
v 0.000180124334 0.000310407864 0.000375311967
v 0.000167312915 0.000330797426 0.000375311967
v 0.000180124334 0.000310407864 0.000371285074
v 0.000188077684 0.00028767882 0.000375311967
v 0.000188077684 0.00028767882 0.000371285074
v 0.000190773906 0.000263749942 0.000375311967
v 0.000190773906 0.000263749942 0.000371285074
v 0.000188077684 0.000239820482 0.000375311967
v 0.000188077684 0.000239820482 0.000371285074
v -8.38041274E-07 0.000196701876 0.000371285074
v -1.36497611E-05 0.000217091438 0.000375311967
v -8.38041274E-07 0.000196701876 0.000375311967
v -1.36497611E-05 0.000217091438 0.000371285074
v -2.16028093E-05 0.000239820482 0.000375311967
v -2.16028093E-05 0.000239820482 0.000371285074
v -2.42987262E-05 0.000263749942 0.000375311967
v -2.42987262E-05 0.000263749942 0.000371285074
v -2.16028093E-05 0.00028767882 0.000375311967
v -2.16028093E-05 0.00028767882 0.000371285074
v -1.36497611E-05 0.000310407864 0.000375311967
v -1.36497611E-05 0.000310407864 0.000371285074
v 0.000150285356 0.000347825291 0.000371285074
v 0.000167312915 0.000330797426 0.000371285074
v 0.000167312915 0.000330797426 0.000375311967
v 0.000150285356 0.000347825291 0.000375311967
v 0.000129895809 0.00036063671 0.000371285074
v 0.000129895809 0.00036063671 0.000375311967
v 0.000107166466 0.00036859035 0.000371285074
v 0.000107166466 0.00036859035 0.000375311967
v 1.61898133E-05 0.000179674622 0.000371285074
v -8.38041274E-07 0.000196701876 0.000371285074
v -8.38041274E-07 0.000196701876 0.000375311967
v 1.61898133E-05 0.000179674622 0.000375311967
v 3.65790729E-05 0.000166862606 0.000371285074
v 3.65790729E-05 0.000166862606 0.000375311967
v 5.93084078E-05 0.000158909563 0.000371285074
v 3.65790729E-05 0.000166862606 0.000371285074
v 3.65790729E-05 0.000166862606 0.000375311967
v 5.93084078E-05 0.000158909563 0.000375311967
v 8.32375881E-05 0.000156213035 0.000371285074
v 8.32375881E-05 0.000156213035 0.000375311967
v 0.000107166466 0.000158909563 0.000371285074
v 0.000107166466 0.000158909563 0.000375311967
v 0.000129895809 0.000166862606 0.000371285074
v 0.000129895809 0.000166862606 0.000375311967
v 0.000150285356 0.000179674622 0.000371285074
v 0.000150285356 0.000179674622 0.000375311967
v 8.32375881E-05 0.000371286267 0.000371285074
v 0.000107166466 0.00036859035 0.000371285074
v 0.000107166466 0.00036859035 0.000375311967
v 8.32375881E-05 0.000371286267 0.000375311967
v 5.93084078E-05 0.00036859035 0.000371285074
v 5.93084078E-05 0.00036859035 0.000375311967
v 3.65790729E-05 0.00036063671 0.000371285074
v 3.65790729E-05 0.00036063671 0.000375311967
v 1.61898133E-05 0.000347825291 0.000371285074
v 1.61898133E-05 0.000347825291 0.000375311967
v 0.000167312915 0.000196701876 0.000371285074
v 0.000150285356 0.000179674622 0.000371285074
v 0.000150285356 0.000179674622 0.000375311967
v 0.000167312915 0.000196701876 0.000375311967
v 0.000180124334 0.000217091438 0.000371285074
v 0.000180124334 0.000217091438 0.000375311967
v 0.000188077684 0.000239820482 0.000371285074
v 0.000188077684 0.000239820482 0.000375311967
v -8.38041274E-07 0.000330797426 0.000371285074
v 1.61898133E-05 0.000347825291 0.000371285074
v 1.61898133E-05 0.000347825291 0.000375311967
v -8.38041274E-07 0.000330797426 0.000375311967
v -1.36497611E-05 0.000310407864 0.000371285074
v -1.36497611E-05 0.000310407864 0.000375311967
v 2.53364433E-05 0.000309923867 0.000375311967
v 3.70630623E-05 0.000321650499 0.000375311967
v 3.70630623E-05 0.000321650499 0.000204639728
v 2.53364433E-05 0.000309923867 0.000204639728
v 1.65137644E-05 0.00029588223 0.000375311967
v 1.65137644E-05 0.00029588223 0.000204639728
v 1.10363953E-05 0.000280229433 0.000375311967
v 1.10363953E-05 0.000280229433 0.000204639728
v 9.17971101E-06 0.000263749942 0.000375311967
v 9.17971101E-06 0.000263749942 0.000204639728
v 1.10363953E-05 0.000247270451 0.000375311967
v 1.10363953E-05 0.000247270451 0.000204639728
v 0.000149961415 0.000231617087 0.000375311967
v 0.000141138429 0.00021757542 0.000375311967
v 0.000141138429 0.00021757542 0.000204639728
v 0.000129411812 0.000205848803 0.000204639728
v 0.000129411812 0.000205848803 0.000375311967
v 0.000149961415 0.000231617087 0.000375311967
v 0.000141138429 0.00021757542 0.000204639728
v 0.000149961415 0.000231617087 0.000204639728
v 0.000155438771 0.000247270451 0.000375311967
v 0.000155438771 0.000247270451 0.000204639728
v 0.000157295159 0.000263749942 0.000375311967
v 0.000157295159 0.000263749942 0.000204639728
v 0.000155438771 0.000280229433 0.000375311967
v 0.000155438771 0.000280229433 0.000204639728
v 0.000149961415 0.00029588223 0.000375311967
v 0.000149961415 0.00029588223 0.000204639728
v 0.000141138429 0.000309923867 0.000375311967
v 0.000141138429 0.000309923867 0.000204639728
v 1.65137644E-05 0.000231617087 0.000375311967
v 1.10363953E-05 0.000247270451 0.000375311967
v 1.10363953E-05 0.000247270451 0.000204639728
v 1.65137644E-05 0.000231617087 0.000204639728
v 2.53364433E-05 0.00021757542 0.000375311967
v 2.53364433E-05 0.00021757542 0.000204639728
v 3.70630623E-05 0.000205848803 0.000375311967
v 3.70630623E-05 0.000205848803 0.000204639728
v 5.11047219E-05 0.000197026122 0.000375311967
v 5.11047219E-05 0.000197026122 0.000204639728
v 6.67580971E-05 0.000191548461 0.000375311967
v 6.67580971E-05 0.000191548461 0.000204639728
v 0.000129411812 0.000321650499 0.000375311967
v 0.000141138429 0.000309923867 0.000375311967
v 0.000141138429 0.000309923867 0.000204639728
v 0.000129411812 0.000321650499 0.000204639728
v 0.000115369854 0.000330473762 0.000375311967
v 0.000129411812 0.000321650499 0.000375311967
v 0.000129411812 0.000321650499 0.000204639728
v 0.000115369854 0.000330473762 0.000204639728
v 9.97167808E-05 0.000335950841 0.000375311967
v 9.97167808E-05 0.000335950841 0.000204639728
v 8.32375881E-05 0.00033780752 0.000375311967
v 8.32375881E-05 0.00033780752 0.000204639728
v 6.67580971E-05 0.000335950841 0.000375311967
v 6.67580971E-05 0.000335950841 0.000204639728
v 5.11047219E-05 0.000330473762 0.000375311967
v 5.11047219E-05 0.000330473762 0.000204639728
v 8.32375881E-05 0.000189691782 0.000375311967
v 6.67580971E-05 0.000191548461 0.000375311967
v 6.67580971E-05 0.000191548461 0.000204639728
v 8.32375881E-05 0.000189691782 0.000204639728
v 9.97167808E-05 0.000191548461 0.000375311967
v 9.97167808E-05 0.000191548461 0.000204639728
v 0.000115369854 0.000197026122 0.000375311967
v 0.000115369854 0.000197026122 0.000204639728
v 0.000129411812 0.000205848803 0.000375311967
v 0.000129411812 0.000205848803 0.000204639728
v 3.70630623E-05 0.000321650499 0.000375311967
v 5.11047219E-05 0.000330473762 0.000375311967
v 5.11047219E-05 0.000330473762 0.000204639728
v 3.70630623E-05 0.000321650499 0.000204639728
v 0.000155438771 0.000280229433 0.000204639728
v 0.000157295159 0.000263749942 0.000204639728
v 0.000155438771 0.000247270451 0.000204639728
v 0.000149961415 0.00029588223 0.000204639728
v 0.000149961415 0.000231617087 0.000204639728
v 0.000141138429 0.000309923867 0.000204639728
v 0.000141138429 0.00021757542 0.000204639728
v 0.000129411812 0.000321650499 0.000204639728
v 0.000129411812 0.000205848803 0.000204639728
v 0.000115369854 0.000330473762 0.000204639728
v 0.000115369854 0.000197026122 0.000204639728
v 9.97167808E-05 0.000335950841 0.000204639728
v 9.97167808E-05 0.000191548461 0.000204639728
v 8.32375881E-05 0.00033780752 0.000204639728
v 8.32375881E-05 0.000189691782 0.000204639728
v 6.67580971E-05 0.000335950841 0.000204639728
v 6.67580971E-05 0.000191548461 0.000204639728
v 5.11047219E-05 0.000330473762 0.000204639728
v 5.11047219E-05 0.000197026122 0.000204639728
v 3.70630623E-05 0.000321650499 0.000204639728
v 3.70630623E-05 0.000205848803 0.000204639728
v 2.53364433E-05 0.000309923867 0.000204639728
v 2.53364433E-05 0.00021757542 0.000204639728
v 1.65137644E-05 0.00029588223 0.000204639728
v 1.65137644E-05 0.000231617087 0.000204639728
v 1.10363953E-05 0.000280229433 0.000204639728
v 1.10363953E-05 0.000247270451 0.000204639728
v 9.17971101E-06 0.000263749942 0.000204639728
v 0.000354774296 0.000201773044 -0.00049822242
v 0.000334175216 0.000142904522 -0.00049822242
v 0.000334175216 0.000142904522 -0.000458971859
v 0.000300993008 9.00953964E-05 -0.000458971859
v 0.000300993008 9.00953964E-05 -0.00049822242
v 0.000256891537 4.5993922E-05 -0.000458971859
v 0.000256891537 4.5993922E-05 -0.00049822242
v 0.000354774296 0.000201773044 -0.00049822242
v 0.000334175216 0.000142904522 -0.000458971859
v 0.000354774296 0.000201773044 -0.000458971859
v 0.000361756975 0.000263749942 -0.00049822242
v 0.000361756975 0.000263749942 -0.000458971859
v 0.000354774296 0.000325726258 -0.00049822242
v 0.000354774296 0.000325726258 -0.000458971859
v 0.000334175216 0.000384594779 -0.00049822242
v 0.000334175216 0.000384594779 -0.000458971859
v 0.000300993008 0.000437403913 -0.00049822242
v 0.000300993008 0.000437403913 -0.000458971859
v -0.000167700651 0.000142904522 -0.00049822242
v -0.000188299717 0.000201773044 -0.000458971859
v -0.000167700651 0.000142904522 -0.000458971859
v -0.000188299717 0.000201773044 -0.00049822242
v -0.000195282395 0.000263749942 -0.000458971859
v -0.000195282395 0.000263749942 -0.00049822242
v -0.000188299717 0.000325726258 -0.000458971859
v -0.000188299717 0.000325726258 -0.00049822242
v -0.000167700651 0.000384595391 -0.000458971859
v -0.000167700651 0.000384595391 -0.00049822242
v -0.000134518443 0.000437403913 -0.000458971859
v -0.000134518443 0.000437403913 -0.00049822242
v -9.04169647E-05 0.000481505384 -0.000458971859
v -9.04169647E-05 0.000481505384 -0.00049822242
v -0.000134518443 9.00953964E-05 -0.00049822242
v -0.000167700651 0.000142904522 -0.00049822242
v -0.000167700651 0.000142904522 -0.000458971859
v -0.000134518443 9.00953964E-05 -0.000458971859
v -9.04169647E-05 4.5993922E-05 -0.00049822242
v -9.04169647E-05 4.5993922E-05 -0.000458971859
v -3.7607846E-05 1.28120182E-05 -0.00049822242
v -3.7607846E-05 1.28120182E-05 -0.000458971859
v 2.12609757E-05 -7.78734648E-06 -0.00049822242
v 2.12609757E-05 -7.78734648E-06 -0.000458971859
v 0.000256891537 0.000481505384 -0.00049822242
v 0.000300993008 0.000437403913 -0.00049822242
v 0.000300993008 0.000437403913 -0.000458971859
v 0.000256891537 0.000481505384 -0.000458971859
v 0.000204082418 0.000514687912 -0.00049822242
v 0.000256891537 0.000481505384 -0.00049822242
v 0.000256891537 0.000481505384 -0.000458971859
v 0.000204082418 0.000514687912 -0.000458971859
v 0.000145213606 0.000535286672 -0.00049822242
v 0.000145213606 0.000535286672 -0.000458971859
v 8.32372898E-05 0.000542269961 -0.00049822242
v 8.32372898E-05 0.000542269961 -0.000458971859
v 2.12609757E-05 0.000535286672 -0.00049822242
v 2.12609757E-05 0.000535286672 -0.000458971859
v -3.7607846E-05 0.000514687912 -0.00049822242
v -3.7607846E-05 0.000514687912 -0.000458971859
v -9.04169647E-05 0.000481505384 -0.00049822242
v -9.04169647E-05 0.000481505384 -0.000458971859
v 8.32372898E-05 -1.47700302E-05 -0.00049822242
v 2.12609757E-05 -7.78734648E-06 -0.00049822242
v 2.12609757E-05 -7.78734648E-06 -0.000458971859
v 8.32372898E-05 -1.47700302E-05 -0.000458971859
v 0.000145213606 -7.78734648E-06 -0.00049822242
v 0.000145213606 -7.78734648E-06 -0.000458971859
v 0.000204082418 1.28120182E-05 -0.00049822242
v 0.000204082418 1.28120182E-05 -0.000458971859
v 0.000256891537 4.5993922E-05 -0.00049822242
v 0.000256891537 4.5993922E-05 -0.000458971859
v -1.36497611E-05 0.000310407864 0.000375311967
v -8.38041274E-07 0.000330797426 0.000375311967
v 2.53364433E-05 0.000309923867 0.000375311967
v 1.65137644E-05 0.00029588223 0.000375311967
v 3.70630623E-05 0.000321650499 0.000375311967
v -2.16028093E-05 0.00028767882 0.000375311967
v 1.61898133E-05 0.000347825291 0.000375311967
v 1.10363953E-05 0.000280229433 0.000375311967
v 5.11047219E-05 0.000330473762 0.000375311967
v -2.42987262E-05 0.000263749942 0.000375311967
v 3.65790729E-05 0.00036063671 0.000375311967
v 9.17971101E-06 0.000263749942 0.000375311967
v 6.67580971E-05 0.000335950841 0.000375311967
v -2.16028093E-05 0.000239820482 0.000375311967
v 5.93084078E-05 0.00036859035 0.000375311967
v 1.10363953E-05 0.000247270451 0.000375311967
v 8.32375881E-05 0.00033780752 0.000375311967
v -1.36497611E-05 0.000217091438 0.000375311967
v 8.32375881E-05 0.000371286267 0.000375311967
v 1.65137644E-05 0.000231617087 0.000375311967
v 9.97167808E-05 0.000335950841 0.000375311967
v -8.38041274E-07 0.000196701876 0.000375311967
v 0.000107166466 0.00036859035 0.000375311967
v 2.53364433E-05 0.00021757542 0.000375311967
v 0.000115369854 0.000330473762 0.000375311967
v 1.61898133E-05 0.000179674622 0.000375311967
v 0.000129895809 0.00036063671 0.000375311967
v 3.70630623E-05 0.000205848803 0.000375311967
v 0.000129411812 0.000321650499 0.000375311967
v 3.65790729E-05 0.000166862606 0.000375311967
v 0.000150285356 0.000347825291 0.000375311967
v 5.11047219E-05 0.000197026122 0.000375311967
v 0.000141138429 0.000309923867 0.000375311967
v 5.93084078E-05 0.000158909563 0.000375311967
v 0.000167312915 0.000330797426 0.000375311967
v 6.67580971E-05 0.000191548461 0.000375311967
v 0.000149961415 0.00029588223 0.000375311967
v 8.32375881E-05 0.000156213035 0.000375311967
v 0.000180124334 0.000310407864 0.000375311967
v 8.32375881E-05 0.000189691782 0.000375311967
v 0.000155438771 0.000280229433 0.000375311967
v 0.000107166466 0.000158909563 0.000375311967
v 0.000188077684 0.00028767882 0.000375311967
v 9.97167808E-05 0.000191548461 0.000375311967
v 0.000157295159 0.000263749942 0.000375311967
v 0.000129895809 0.000166862606 0.000375311967
v 0.000190773906 0.000263749942 0.000375311967
v 0.000115369854 0.000197026122 0.000375311967
v 0.000155438771 0.000247270451 0.000375311967
v 0.000150285356 0.000179674622 0.000375311967
v 0.000188077684 0.000239820482 0.000375311967
v 0.000129411812 0.000205848803 0.000375311967
v 0.000149961415 0.000231617087 0.000375311967
v 0.000167312915 0.000196701876 0.000375311967
v 0.000180124334 0.000217091438 0.000375311967
v 0.000141138429 0.00021757542 0.000375311967
v 0.000145213606 -7.78734648E-06 -0.000458971859
v 8.32372898E-05 -1.47700302E-05 -0.000458971859
v 8.32372898E-05 -1.47700302E-05 0.000285884744
v 0.000334175216 0.000142904522 -0.000458971859
v 0.000300993008 9.00953964E-05 -0.000458971859
v 0.000300993008 9.00953964E-05 0.000285884744
v 0.000256891537 4.5993922E-05 0.000285884744
v 0.000256891537 4.5993922E-05 -0.000458971859
v 0.000204082418 1.28120182E-05 0.000285884744
v 0.000204082418 1.28120182E-05 -0.000458971859
v 0.000145213606 -7.78734648E-06 0.000285884744
v 0.000145213606 -7.78734648E-06 -0.000458971859
v 8.32372898E-05 -1.47700302E-05 0.000285884744
v 0.000334175216 0.000142904522 -0.000458971859
v 0.000300993008 9.00953964E-05 0.000285884744
v 0.000334175216 0.000142904522 0.000285884744
v 0.000354774296 0.000201773044 -0.000458971859
v 0.000354774296 0.000201773044 0.000285884744
v 0.000361756975 0.000263749942 -0.000458971859
v 0.000361756975 0.000263749942 0.000285884744
v 0.000354774296 0.000325726258 -0.000458971859
v 0.000354774296 0.000325726258 0.000285884744
v 0.000334175216 0.000384594779 -0.000458971859
v 0.000334175216 0.000384594779 0.000285884744
v 0.000300993008 0.000437403913 -0.000458971859
v 0.000300993008 0.000437403913 0.000285884744
v 0.000256891537 0.000481505384 -0.000458971859
v 0.000256891537 0.000481505384 0.000285884744
v -0.000134518443 0.000437403913 -0.000458971859
v -9.04169647E-05 0.000481505384 -0.000458971859
v -9.04169647E-05 0.000481505384 0.000285884744
v -0.000134518443 0.000437403913 0.000285884744
v -0.000167700651 0.000384595391 -0.000458971859
v -0.000167700651 0.000384595391 0.000285884744
v -0.000188299717 0.000325726258 -0.000458971859
v -0.000188299717 0.000325726258 0.000285884744
v -0.000195282395 0.000263749942 -0.000458971859
v -0.000195282395 0.000263749942 0.000285884744
v -0.000188299717 0.000201773044 -0.000458971859
v -0.000188299717 0.000201773044 0.000285884744
v -9.04169647E-05 0.000481505384 -0.000458971859
v -3.7607846E-05 0.000514687912 0.000285884744
v -9.04169647E-05 0.000481505384 0.000285884744
v -3.7607846E-05 0.000514687912 -0.000458971859
v 2.12609757E-05 0.000535286672 0.000285884744
v 2.12609757E-05 0.000535286672 -0.000458971859
v 8.32372898E-05 0.000542269961 0.000285884744
v 8.32372898E-05 0.000542269961 -0.000458971859
v 8.32372898E-05 -1.47700302E-05 -0.000458971859
v 2.12609757E-05 -7.78734648E-06 0.000285884744
v 8.32372898E-05 -1.47700302E-05 0.000285884744
v 2.12609757E-05 -7.78734648E-06 -0.000458971859
v -3.7607846E-05 1.28120182E-05 0.000285884744
v -3.7607846E-05 1.28120182E-05 -0.000458971859
v -9.04169647E-05 4.5993922E-05 0.000285884744
v -9.04169647E-05 4.5993922E-05 -0.000458971859
v -0.000134518443 9.00953964E-05 0.000285884744
v -0.000134518443 9.00953964E-05 -0.000458971859
v -0.000167700651 0.000142904522 0.000285884744
v -0.000167700651 0.000142904522 -0.000458971859
v -0.000188299717 0.000201773044 0.000285884744
v -0.000188299717 0.000201773044 -0.000458971859
v 8.32372898E-05 0.000542269961 -0.000458971859
v 0.000145213606 0.000535286672 0.000285884744
v 8.32372898E-05 0.000542269961 0.000285884744
v 0.000145213606 0.000535286672 -0.000458971859
v 0.000204082418 0.000514687912 0.000285884744
v 0.000204082418 0.000514687912 -0.000458971859
v 0.000256891537 0.000481505384 0.000285884744
v 0.000256891537 0.000481505384 -0.000458971859
vt 0.685058594 0.774414062
vt 0.685058594 0.740234375
vt 0.646484375 0.751953125
vt 0.646484375 0.778320312
vt 0.685058594 0.809082031
vt 0.646484375 0.805175781
vt 0.685058594 0.843261719
vt 0.646484375 0.831542969
vt 0.4140625 0.110412598
vt 0.442626953 0.149169922
vt 0.448486328 0.122497559
vt 0.406005859 0.145019531
vt 0.442626953 0.176391602
vt 0.406005859 0.180541992
vt 0.448486328 0.20300293
vt 0.4140625 0.215087891
vt 0.460449219 0.227539062
vt 0.429443359 0.247070312
vt 0.712890625 0.215087891
vt 0.684570312 0.176391602
vt 0.678710938 0.20300293
vt 0.721191406 0.180541992
vt 0.684570312 0.149169922
vt 0.721191406 0.145019531
vt 0.678710938 0.122497559
vt 0.712890625 0.110412598
vt 0.666503906 0.0979614258
vt 0.697753906 0.0784301758
vt 0.730957031 0.843261719
vt 0.692382812 0.805175781
vt 0.692382812 0.831542969
vt 0.730957031 0.809082031
vt 0.692382812 0.778320312
vt 0.730957031 0.774414062
vt 0.692382812 0.751953125
vt 0.730957031 0.740234375
vt 0.639160156 0.843261719
vt 0.639160156 0.809082031
vt 0.600585938 0.805175781
vt 0.600585938 0.831542969
vt 0.639160156 0.774414062
vt 0.639160156 0.740234375
vt 0.600585938 0.751953125
vt 0.600585938 0.778320312
vt 0.639160156 0.809082031
vt 0.600585938 0.805175781
vt 0.615722656 0.0131759644
vt 0.577148438 0.0417175293
vt 0.604003906 0.0477905273
vt 0.581054688 0.00528335571
vt 0.549804688 0.0417175293
vt 0.545898438 0.00528335571
vt 0.5234375 0.0477905273
vt 0.511230469 0.0131759644
vt 0.498779297 0.0596313477
vt 0.479248047 0.0285797119
vt 0.511230469 0.312255859
vt 0.545898438 0.3203125
vt 0.549804688 0.283691406
vt 0.5234375 0.277587891
vt 0.545898438 0.3203125
vt 0.577148438 0.283691406
vt 0.549804688 0.283691406
vt 0.581054688 0.3203125
vt 0.604003906 0.277587891
vt 0.615722656 0.312255859
vt 0.628417969 0.265869141
vt 0.647949219 0.296875
vt 0.776367188 0.843261719
vt 0.737792969 0.805175781
vt 0.737792969 0.831542969
vt 0.776367188 0.809082031
vt 0.737792969 0.778320312
vt 0.776367188 0.774414062
vt 0.737792969 0.751953125
vt 0.776367188 0.740234375
vt 0.24206543 0.614257812
vt 0.187011719 0.56640625
vt 0.182006836 0.576660156
vt 0.25390625 0.58984375
vt 0.224975586 0.635742188
vt 0.189575195 0.555175781
vt 0.174804688 0.585449219
vt 0.260009766 0.562988281
vt 0.203491211 0.652832031
vt 0.189575195 0.543457031
vt 0.165771484 0.592773438
vt 0.260009766 0.535644531
vt 0.178833008 0.665039062
vt 0.187011719 0.532226562
vt 0.155395508 0.598144531
vt 0.25390625 0.508789062
vt 0.152099609 0.670898438
vt 0.182006836 0.521972656
vt 0.144042969 0.600585938
vt 0.24206543 0.484130859
vt 0.124633789 0.670898438
vt 0.174804688 0.512695312
vt 0.132568359 0.600585938
vt 0.224975586 0.462646484
vt 0.0978393555 0.665039062
vt 0.165771484 0.505371094
vt 0.121276855 0.598144531
vt 0.203491211 0.445556641
vt 0.0731201172 0.652832031
vt 0.155395508 0.500488281
vt 0.110900879 0.592773438
vt 0.178833008 0.43359375
vt 0.0516967773 0.635742188
vt 0.144042969 0.498046875
vt 0.101867676 0.585449219
vt 0.152099609 0.427490234
vt 0.034576416 0.614257812
vt 0.132568359 0.498046875
vt 0.0946655273 0.576660156
vt 0.124633789 0.427490234
vt 0.0226898193 0.58984375
vt 0.121276855 0.500488281
vt 0.0895996094 0.56640625
vt 0.0978393555 0.43359375
vt 0.0165863037 0.562988281
vt 0.110900879 0.505371094
vt 0.0870361328 0.555175781
vt 0.0731201172 0.445556641
vt 0.0165863037 0.535644531
vt 0.101867676 0.512695312
vt 0.0870361328 0.543457031
vt 0.0516967773 0.462646484
vt 0.0226898193 0.508789062
vt 0.0946655273 0.521972656
vt 0.0895996094 0.532226562
vt 0.034576416 0.484130859
vt 0.306884766 0.834960938
vt 0.280273438 0.810058594
vt 0.280273438 0.834960938
vt 0.306884766 0.810058594
vt 0.280273438 0.781738281
vt 0.306884766 0.781738281
vt 0.280273438 0.750488281
vt 0.306884766 0.750488281
vt 0.280273438 0.719238281
vt 0.306884766 0.719238281
vt 0.340820312 0.659667969
vt 0.340820312 0.635253906
vt 0.314208984 0.635253906
vt 0.314208984 0.659667969
vt 0.340820312 0.688476562
vt 0.314208984 0.688476562
vt 0.340820312 0.719238281
vt 0.314208984 0.719238281
vt 0.340820312 0.750488281
vt 0.314208984 0.750488281
vt 0.340820312 0.781738281
vt 0.314208984 0.781738281
vt 0.374511719 0.659667969
vt 0.374511719 0.635253906
vt 0.347900391 0.635253906
vt 0.347900391 0.659667969
vt 0.374511719 0.688476562
vt 0.347900391 0.688476562
vt 0.374511719 0.719238281
vt 0.347900391 0.719238281
vt 0.374511719 0.750488281
vt 0.374511719 0.719238281
vt 0.347900391 0.719238281
vt 0.347900391 0.750488281
vt 0.374511719 0.781738281
vt 0.347900391 0.781738281
vt 0.374511719 0.810058594
vt 0.347900391 0.810058594
vt 0.374511719 0.834960938
vt 0.347900391 0.834960938
vt 0.340820312 0.810058594
vt 0.340820312 0.781738281
vt 0.314208984 0.781738281
vt 0.314208984 0.810058594
vt 0.340820312 0.834960938
vt 0.314208984 0.834960938
vt 0.838867188 0.353759766
vt 0.838867188 0.329101562
vt 0.8125 0.329101562
vt 0.8125 0.353759766
vt 0.306884766 0.659667969
vt 0.306884766 0.635253906
vt 0.280273438 0.635253906
vt 0.280273438 0.659667969
vt 0.306884766 0.688476562
vt 0.280273438 0.688476562
vt 0.306884766 0.719238281
vt 0.280273438 0.719238281
vt 0.838867188 0.382324219
vt 0.838867188 0.353759766
vt 0.8125 0.353759766
vt 0.8125 0.382324219
vt 0.838867188 0.413085938
vt 0.8125 0.413085938
vt 0.838867188 0.444824219
vt 0.8125 0.444824219
vt 0.838867188 0.475585938
vt 0.8125 0.475585938
vt 0.838867188 0.50390625
vt 0.8125 0.50390625
vt 0.838867188 0.528808594
vt 0.838867188 0.50390625
vt 0.8125 0.50390625
vt 0.8125 0.528808594
vt 0.900390625 0.620117188
vt 0.900390625 0.589355469
vt 0.875976562 0.589355469
vt 0.875976562 0.560546875
vt 0.900390625 0.560546875
vt 0.875976562 0.536132812
vt 0.900390625 0.536132812
vt 0.900390625 0.620117188
vt 0.875976562 0.589355469
vt 0.875976562 0.620117188
vt 0.900390625 0.651855469
vt 0.875976562 0.651855469
vt 0.900390625 0.682617188
vt 0.875976562 0.682617188
vt 0.900390625 0.7109375
vt 0.875976562 0.7109375
vt 0.900390625 0.735839844
vt 0.875976562 0.735839844
vt 0.836914062 0.7109375
vt 0.8125 0.682617188
vt 0.8125 0.7109375
vt 0.836914062 0.682617188
vt 0.8125 0.651855469
vt 0.836914062 0.651855469
vt 0.8125 0.620117188
vt 0.836914062 0.620117188
vt 0.8125 0.589355469
vt 0.836914062 0.589355469
vt 0.8125 0.560546875
vt 0.836914062 0.560546875
vt 0.8125 0.536132812
vt 0.836914062 0.536132812
vt 0.836914062 0.735839844
vt 0.836914062 0.7109375
vt 0.8125 0.7109375
vt 0.8125 0.735839844
vt 0.868652344 0.560546875
vt 0.868652344 0.536132812
vt 0.844238281 0.536132812
vt 0.844238281 0.560546875
vt 0.870605469 0.353759766
vt 0.870605469 0.329101562
vt 0.846191406 0.329101562
vt 0.846191406 0.353759766
vt 0.870605469 0.382324219
vt 0.846191406 0.382324219
vt 0.870605469 0.413085938
vt 0.846191406 0.413085938
vt 0.868652344 0.589355469
vt 0.868652344 0.560546875
vt 0.844238281 0.560546875
vt 0.844238281 0.589355469
vt 0.868652344 0.620117188
vt 0.844238281 0.620117188
vt 0.868652344 0.651855469
vt 0.844238281 0.651855469
vt 0.868652344 0.682617188
vt 0.844238281 0.682617188
vt 0.868652344 0.7109375
vt 0.844238281 0.7109375
vt 0.870605469 0.444824219
vt 0.870605469 0.413085938
vt 0.846191406 0.413085938
vt 0.846191406 0.444824219
vt 0.870605469 0.475585938
vt 0.846191406 0.475585938
vt 0.870605469 0.50390625
vt 0.846191406 0.50390625
vt 0.870605469 0.528808594
vt 0.846191406 0.528808594
vt 0.868652344 0.735839844
vt 0.868652344 0.7109375
vt 0.844238281 0.7109375
vt 0.844238281 0.735839844
vt 0.010383606 0.59375
vt 0.0235443115 0.62109375
vt 0.0036277771 0.564453125
vt 0.0424804688 0.645019531
vt 0.0036277771 0.534179688
vt 0.0662231445 0.6640625
vt 0.010383606 0.504394531
vt 0.0935668945 0.677246094
vt 0.0235443115 0.477050781
vt 0.123168945 0.684082031
vt 0.0424804688 0.453369141
vt 0.153442383 0.684082031
vt 0.0662231445 0.434326172
vt 0.183105469 0.677246094
vt 0.0935668945 0.421386719
vt 0.210449219 0.6640625
vt 0.123168945 0.414550781
vt 0.234130859 0.645019531
vt 0.153442383 0.414550781
vt 0.253173828 0.62109375
vt 0.183105469 0.421386719
vt 0.266357422 0.59375
vt 0.210449219 0.434326172
vt 0.272949219 0.564453125
vt 0.234130859 0.453369141
vt 0.272949219 0.534179688
vt 0.253173828 0.477050781
vt 0.266357422 0.504394531
vt 0.975097656 0.20715332
vt 0.956542969 0.23034668
vt 0.958007812 0.231689453
vt 0.9765625 0.208129883
vt 0.934570312 0.250488281
vt 0.987792969 0.180541992
vt 0.93359375 0.248779297
vt 0.989746094 0.181152344
vt 0.907226562 0.263427734
vt 0.994628906 0.151611328
vt 0.906738281 0.26171875
vt 0.996582031 0.151855469
vt 0.877929688 0.270019531
vt 0.994628906 0.122070312
vt 0.877929688 0.268066406
vt 0.996582031 0.121826172
vt 0.848144531 0.270019531
vt 0.987792969 0.0932006836
vt 0.848144531 0.268066406
vt 0.989746094 0.092590332
vt 0.818847656 0.263427734
vt 0.975097656 0.0665283203
vt 0.819335938 0.26171875
vt 0.9765625 0.0655517578
vt 0.791992188 0.250488281
vt 0.956542969 0.0433959961
vt 0.79296875 0.248779297
vt 0.958007812 0.0420532227
vt 0.768554688 0.231689453
vt 0.93359375 0.0249481201
vt 0.76953125 0.23034668
vt 0.934570312 0.0233306885
vt 0.749511719 0.208129883
vt 0.906738281 0.0121154785
vt 0.751464844 0.20715332
vt 0.907226562 0.010307312
vt 0.736816406 0.181152344
vt 0.877929688 0.00552749634
vt 0.73828125 0.180541992
vt 0.877929688 0.0036277771
vt 0.729980469 0.151855469
vt 0.848144531 0.00552749634
vt 0.731933594 0.151611328
vt 0.848144531 0.0036277771
vt 0.729980469 0.121826172
vt 0.819335938 0.0121154785
vt 0.731933594 0.122070312
vt 0.818847656 0.010307312
vt 0.736816406 0.092590332
vt 0.79296875 0.0249481201
vt 0.73828125 0.0932006836
vt 0.791992188 0.0233306885
vt 0.749511719 0.0655517578
vt 0.76953125 0.0433959961
vt 0.751464844 0.0665283203
vt 0.768554688 0.0420532227
vt 0.250488281 0.895996094
vt 0.263427734 0.868652344
vt 0.26171875 0.868164062
vt 0.248779297 0.89453125
vt 0.268310547 0.839355469
vt 0.231689453 0.919433594
vt 0.270263672 0.839355469
vt 0.23034668 0.91796875
vt 0.268310547 0.809570312
vt 0.208251953 0.937988281
vt 0.270263672 0.809570312
vt 0.20715332 0.936523438
vt 0.26171875 0.780761719
vt 0.181152344 0.951171875
vt 0.263427734 0.780273438
vt 0.180541992 0.94921875
vt 0.248779297 0.75390625
vt 0.151855469 0.957519531
vt 0.250488281 0.752929688
vt 0.151733398 0.955566406
vt 0.23034668 0.730957031
vt 0.121887207 0.957519531
vt 0.231689453 0.729492188
vt 0.122070312 0.955566406
vt 0.20715332 0.712402344
vt 0.092590332 0.951171875
vt 0.208251953 0.7109375
vt 0.0932617188 0.94921875
vt 0.180541992 0.699707031
vt 0.0655517578 0.937988281
vt 0.181152344 0.697753906
vt 0.0665893555 0.936523438
vt 0.151733398 0.692871094
vt 0.0420532227 0.919433594
vt 0.151855469 0.69140625
vt 0.0434265137 0.91796875
vt 0.122070312 0.692871094
vt 0.0233459473 0.895996094
vt 0.121887207 0.69140625
vt 0.0249786377 0.89453125
vt 0.0932617188 0.699707031
vt 0.010307312 0.868652344
vt 0.092590332 0.697753906
vt 0.0121459961 0.868164062
vt 0.0665893555 0.712402344
vt 0.0036277771 0.839355469
vt 0.0655517578 0.7109375
vt 0.00555801392 0.839355469
vt 0.0434265137 0.730957031
vt 0.0036277771 0.809570312
vt 0.0420532227 0.729492188
vt 0.00555801392 0.809570312
vt 0.0249786377 0.75390625
vt 0.010307312 0.780273438
vt 0.0233306885 0.752929688
vt 0.0121459961 0.780761719
vt 0.697753906 0.0784301758
vt 0.712890625 0.110412598
vt 0.71484375 0.109863281
vt 0.69921875 0.0775756836
vt 0.72265625 0.144775391
vt 0.67578125 0.0506896973
vt 0.721191406 0.145019531
vt 0.676757812 0.0495300293
vt 0.72265625 0.180664062
vt 0.647949219 0.0285797119
vt 0.721191406 0.180541992
vt 0.648925781 0.0271606445
vt 0.71484375 0.215576172
vt 0.615722656 0.0131759644
vt 0.712890625 0.215087891
vt 0.616210938 0.0116043091
vt 0.69921875 0.247924805
vt 0.581054688 0.00528335571
vt 0.697753906 0.247070312
vt 0.581542969 0.0036277771
vt 0.676757812 0.275878906
vt 0.545898438 0.00528335571
vt 0.67578125 0.274902344
vt 0.545410156 0.0036277771
vt 0.648925781 0.298339844
vt 0.511230469 0.0131759644
vt 0.647949219 0.296875
vt 0.510742188 0.0116043091
vt 0.616210938 0.313964844
vt 0.479248047 0.0285797119
vt 0.615722656 0.312255859
vt 0.478271484 0.0271606445
vt 0.581542969 0.321777344
vt 0.451416016 0.0506896973
vt 0.581054688 0.3203125
vt 0.450195312 0.0495300293
vt 0.545410156 0.321777344
vt 0.429443359 0.0784301758
vt 0.545898438 0.3203125
vt 0.427978516 0.0775756836
vt 0.510742188 0.313964844
vt 0.4140625 0.110412598
vt 0.511230469 0.312255859
vt 0.412353516 0.109863281
vt 0.478271484 0.298339844
vt 0.406005859 0.145019531
vt 0.479248047 0.296875
vt 0.404541016 0.144775391
vt 0.450195312 0.275878906
vt 0.406005859 0.180541992
vt 0.451416016 0.274902344
vt 0.404541016 0.180664062
vt 0.427978516 0.247924805
vt 0.4140625 0.215087891
vt 0.429443359 0.247070312
vt 0.412353516 0.215576172
vt 0.6328125 0.720703125
vt 0.608398438 0.720703125
vt 0.608398438 0.732910156
vt 0.0864257812 0.395263672
vt 0.056060791 0.395263672
vt 0.056060791 0.407226562
vt 0.0279846191 0.407226562
vt 0.0279846191 0.395263672
vt 0.0036277771 0.407226562
vt 0.0036277771 0.395263672
vt 0.0864257812 0.395263672
vt 0.056060791 0.407226562
vt 0.0864257812 0.407226562
vt 0.117614746 0.395263672
vt 0.117614746 0.407226562
vt 0.147949219 0.395263672
vt 0.147949219 0.407226562
vt 0.176025391 0.395263672
vt 0.176025391 0.407226562
vt 0.805175781 0.720703125
vt 0.780761719 0.732910156
vt 0.805175781 0.732910156
vt 0.780761719 0.720703125
vt 0.752929688 0.732910156
vt 0.752929688 0.720703125
vt 0.722167969 0.732910156
vt 0.722167969 0.720703125
vt 0.69140625 0.732910156
vt 0.69140625 0.720703125
vt 0.660644531 0.732910156
vt 0.660644531 0.720703125
vt 0.6328125 0.732910156
vt 0.6328125 0.720703125
vt 0.608398438 0.732910156
vt 0.200439453 0.395263672
vt 0.176025391 0.395263672
vt 0.176025391 0.407226562
vt 0.200439453 0.407226562
vt 0.224731445 0.395263672
vt 0.224731445 0.407226562
vt 0.252929688 0.395263672
vt 0.252929688 0.407226562
vt 0.283203125 0.395263672
vt 0.283203125 0.407226562
vt 0.314453125 0.395263672
vt 0.576660156 0.341064453
vt 0.601074219 0.341064453
vt 0.601074219 0.329101562
vt 0.576660156 0.329101562
vt 0.548828125 0.341064453
vt 0.548828125 0.329101562
vt 0.518554688 0.341064453
vt 0.518554688 0.329101562
vt 0.487304688 0.341064453
vt 0.518554688 0.341064453
vt 0.518554688 0.329101562
vt 0.487304688 0.329101562
vt 0.456787109 0.341064453
vt 0.456787109 0.329101562
vt 0.428710938 0.341064453
vt 0.428710938 0.329101562
vt 0.404541016 0.341064453
vt 0.404541016 0.329101562
vt 0.314453125 0.395263672
vt 0.283203125 0.407226562
vt 0.314453125 0.407226562
vt 0.344726562 0.395263672
vt 0.344726562 0.407226562
vt 0.372802734 0.395263672
vt 0.372802734 0.407226562
vt 0.397216797 0.395263672
vt 0.397216797 0.407226562
vt 0.388916016 0.581054688
vt 0.390869141 0.590332031
vt 0.390869141 0.581054688
vt 0.388916016 0.590332031
vt 0.390869141 0.601074219
vt 0.388916016 0.601074219
vt 0.390869141 0.612792969
vt 0.388916016 0.612792969
vt 0.390869141 0.625
vt 0.388916016 0.625
vt 0.388916016 0.414550781
vt 0.390869141 0.423828125
vt 0.390869141 0.414550781
vt 0.388916016 0.423828125
vt 0.390869141 0.434814453
vt 0.388916016 0.434814453
vt 0.390869141 0.446533203
vt 0.388916016 0.446533203
vt 0.390869141 0.458496094
vt 0.388916016 0.458496094
vt 0.390869141 0.470214844
vt 0.388916016 0.470214844
vt 0.390869141 0.507324219
vt 0.390869141 0.497802734
vt 0.388916016 0.497802734
vt 0.388916016 0.507324219
vt 0.390869141 0.518066406
vt 0.388916016 0.518066406
vt 0.390869141 0.529785156
vt 0.388916016 0.529785156
vt 0.374755859 0.532714844
vt 0.374755859 0.522949219
vt 0.372802734 0.522949219
vt 0.372802734 0.532714844
vt 0.374755859 0.543457031
vt 0.372802734 0.543457031
vt 0.374755859 0.555175781
vt 0.374755859 0.543457031
vt 0.372802734 0.543457031
vt 0.372802734 0.555175781
vt 0.374755859 0.567382812
vt 0.372802734 0.567382812
vt 0.374755859 0.579101562
vt 0.372802734 0.579101562
vt 0.374755859 0.58984375
vt 0.372802734 0.58984375
vt 0.374755859 0.599121094
vt 0.372802734 0.599121094
vt 0.390869141 0.541503906
vt 0.390869141 0.529785156
vt 0.388916016 0.529785156
vt 0.388916016 0.541503906
vt 0.390869141 0.553710938
vt 0.388916016 0.553710938
vt 0.390869141 0.564453125
vt 0.388916016 0.564453125
vt 0.390869141 0.573730469
vt 0.388916016 0.573730469
vt 0.388916016 0.647460938
vt 0.388916016 0.656738281
vt 0.390869141 0.656738281
vt 0.390869141 0.647460938
vt 0.388916016 0.63671875
vt 0.390869141 0.63671875
vt 0.388916016 0.625
vt 0.390869141 0.625
vt 0.388916016 0.481201172
vt 0.388916016 0.490478516
vt 0.390869141 0.490478516
vt 0.390869141 0.481201172
vt 0.388916016 0.470214844
vt 0.390869141 0.470214844
vt 0.280273438 0.621582031
vt 0.280273438 0.627929688
vt 0.365478516 0.627929688
vt 0.365478516 0.621582031
vt 0.280273438 0.613769531
vt 0.365478516 0.613769531
vt 0.280273438 0.605957031
vt 0.365478516 0.605957031
vt 0.280273438 0.59765625
vt 0.365478516 0.59765625
vt 0.280273438 0.589355469
vt 0.365478516 0.589355469
vt 0.579589844 0.825195312
vt 0.586914062 0.825195312
vt 0.586914062 0.740234375
vt 0.593261719 0.740234375
vt 0.593261719 0.825195312
vt 0.579589844 0.825195312
vt 0.586914062 0.740234375
vt 0.579589844 0.740234375
vt 0.571289062 0.825195312
vt 0.571289062 0.740234375
vt 0.562988281 0.825195312
vt 0.562988281 0.740234375
vt 0.555175781 0.825195312
vt 0.555175781 0.740234375
vt 0.547363281 0.825195312
vt 0.547363281 0.740234375
vt 0.541015625 0.825195312
vt 0.541015625 0.740234375
vt 0.280273438 0.58203125
vt 0.280273438 0.589355469
vt 0.365478516 0.589355469
vt 0.365478516 0.58203125
vt 0.280273438 0.575683594
vt 0.365478516 0.575683594
vt 0.280273438 0.568847656
vt 0.365478516 0.568847656
vt 0.280273438 0.561523438
vt 0.365478516 0.561523438
vt 0.280273438 0.553710938
vt 0.365478516 0.553710938
vt 0.52734375 0.825195312
vt 0.533691406 0.825195312
vt 0.533691406 0.740234375
vt 0.52734375 0.740234375
vt 0.520019531 0.825195312
vt 0.52734375 0.825195312
vt 0.52734375 0.740234375
vt 0.520019531 0.740234375
vt 0.51171875 0.825195312
vt 0.51171875 0.740234375
vt 0.503417969 0.825195312
vt 0.503417969 0.740234375
vt 0.495361328 0.825195312
vt 0.495361328 0.740234375
vt 0.488037109 0.825195312
vt 0.488037109 0.740234375
vt 0.280273438 0.545410156
vt 0.280273438 0.553710938
vt 0.365478516 0.553710938
vt 0.365478516 0.545410156
vt 0.280273438 0.537109375
vt 0.365478516 0.537109375
vt 0.280273438 0.529785156
vt 0.365478516 0.529785156
vt 0.280273438 0.522949219
vt 0.365478516 0.522949219
vt 0.481445312 0.825195312
vt 0.488037109 0.825195312
vt 0.488037109 0.740234375
vt 0.481445312 0.740234375
vt 0.40625 0.763183594
vt 0.404541016 0.770996094
vt 0.404541016 0.778808594
vt 0.409667969 0.756347656
vt 0.40625 0.786621094
vt 0.414550781 0.75
vt 0.409667969 0.793457031
vt 0.420654297 0.745117188
vt 0.414550781 0.799804688
vt 0.427734375 0.741699219
vt 0.420654297 0.8046875
vt 0.435302734 0.740234375
vt 0.427734375 0.808105469
vt 0.443359375 0.740234375
vt 0.435302734 0.810058594
vt 0.450927734 0.741699219
vt 0.443359375 0.810058594
vt 0.458007812 0.745117188
vt 0.450927734 0.808105469
vt 0.464111328 0.75
vt 0.458007812 0.8046875
vt 0.468994141 0.756347656
vt 0.464111328 0.799804688
vt 0.472412109 0.763183594
vt 0.468994141 0.793457031
vt 0.474365234 0.770996094
vt 0.472412109 0.786621094
vt 0.474365234 0.778808594
vt 0.69140625 0.329101562
vt 0.660644531 0.329101562
vt 0.660644531 0.348632812
vt 0.6328125 0.348632812
vt 0.6328125 0.329101562
vt 0.608398438 0.348632812
vt 0.608398438 0.329101562
vt 0.69140625 0.329101562
vt 0.660644531 0.348632812
vt 0.69140625 0.348632812
vt 0.722167969 0.329101562
vt 0.722167969 0.348632812
vt 0.752929688 0.329101562
vt 0.752929688 0.348632812
vt 0.780761719 0.329101562
vt 0.780761719 0.348632812
vt 0.805175781 0.329101562
vt 0.805175781 0.348632812
vt 0.176025391 0.0036277771
vt 0.147949219 0.0232391357
vt 0.176025391 0.0232391357
vt 0.147949219 0.0036277771
vt 0.117614746 0.0232391357
vt 0.117614746 0.0036277771
vt 0.0864257812 0.0232391357
vt 0.0864257812 0.0036277771
vt 0.056060791 0.0232391357
vt 0.056060791 0.0036277771
vt 0.0279846191 0.0232391357
vt 0.0279846191 0.0036277771
vt 0.0036277771 0.0232391357
vt 0.0036277771 0.0036277771
vt 0.200439453 0.0036277771
vt 0.176025391 0.0036277771
vt 0.176025391 0.0232391357
vt 0.200439453 0.0232391357
vt 0.224731445 0.0036277771
vt 0.224731445 0.0232391357
vt 0.252929688 0.0036277771
vt 0.252929688 0.0232391357
vt 0.283203125 0.0036277771
vt 0.283203125 0.0232391357
vt 0.576660156 0.732910156
vt 0.601074219 0.732910156
vt 0.601074219 0.713378906
vt 0.576660156 0.713378906
vt 0.548828125 0.732910156
vt 0.576660156 0.732910156
vt 0.576660156 0.713378906
vt 0.548828125 0.713378906
vt 0.518554688 0.732910156
vt 0.518554688 0.713378906
vt 0.487304688 0.732910156
vt 0.487304688 0.713378906
vt 0.456787109 0.732910156
vt 0.456787109 0.713378906
vt 0.428710938 0.732910156
vt 0.428710938 0.713378906
vt 0.404541016 0.732910156
vt 0.404541016 0.713378906
vt 0.314453125 0.0036277771
vt 0.283203125 0.0036277771
vt 0.283203125 0.0232391357
vt 0.314453125 0.0232391357
vt 0.344726562 0.0036277771
vt 0.344726562 0.0232391357
vt 0.372802734 0.0036277771
vt 0.372802734 0.0232391357
vt 0.397216797 0.0036277771
vt 0.397216797 0.0232391357
vt 0.282714844 0.448486328
vt 0.280273438 0.459472656
vt 0.296142578 0.461181641
vt 0.297851562 0.453613281
vt 0.296142578 0.469238281
vt 0.287841797 0.437988281
vt 0.280273438 0.470947266
vt 0.301269531 0.446533203
vt 0.297851562 0.476806641
vt 0.294921875 0.429199219
vt 0.282714844 0.482177734
vt 0.306152344 0.440429688
vt 0.301269531 0.483886719
vt 0.303710938 0.422119141
vt 0.287841797 0.492431641
vt 0.312255859 0.435546875
vt 0.306152344 0.489990234
vt 0.314208984 0.416992188
vt 0.294921875 0.501464844
vt 0.319335938 0.432128906
vt 0.312255859 0.494873047
vt 0.325195312 0.414550781
vt 0.303710938 0.508300781
vt 0.327148438 0.430419922
vt 0.319335938 0.498291016
vt 0.336669922 0.414550781
vt 0.314208984 0.513183594
vt 0.334960938 0.430419922
vt 0.327148438 0.5
vt 0.347900391 0.416992188
vt 0.325195312 0.516113281
vt 0.342529297 0.432128906
vt 0.334960938 0.5
vt 0.358154297 0.422119141
vt 0.336669922 0.516113281
vt 0.349609375 0.435546875
vt 0.342529297 0.498291016
vt 0.366943359 0.429199219
vt 0.347900391 0.513183594
vt 0.355712891 0.440429688
vt 0.349609375 0.494873047
vt 0.374267578 0.437988281
vt 0.358154297 0.508300781
vt 0.360839844 0.446533203
vt 0.355712891 0.489990234
vt 0.379150391 0.448486328
vt 0.366943359 0.501464844
vt 0.364257812 0.453613281
vt 0.360839844 0.483886719
vt 0.381591797 0.459472656
vt 0.374267578 0.492431641
vt 0.365966797 0.461181641
vt 0.364257812 0.476806641
vt 0.381591797 0.470947266
vt 0.379150391 0.482177734
vt 0.365966797 0.469238281
vt 0.677246094 0.0448913574
vt 0.681640625 0.0448913574
vt 0.681640625 0.500488281
vt 0.584960938 0.0448913574
vt 0.617675781 0.0448913574
vt 0.617675781 0.500488281
vt 0.64453125 0.500488281
vt 0.64453125 0.0448913574
vt 0.665039062 0.500488281
vt 0.665039062 0.0448913574
vt 0.677246094 0.500488281
vt 0.677246094 0.0448913574
vt 0.681640625 0.500488281
vt 0.584960938 0.0448913574
vt 0.617675781 0.500488281
vt 0.584960938 0.500488281
vt 0.549316406 0.0448913574
vt 0.549316406 0.500488281
vt 0.511230469 0.0448913574
vt 0.511230469 0.500488281
vt 0.473388672 0.0448913574
vt 0.473388672 0.500488281
vt 0.437255859 0.0448913574
vt 0.437255859 0.500488281
vt 0.405029297 0.0448913574
vt 0.405029297 0.500488281
vt 0.377929688 0.0448913574
vt 0.377929688 0.500488281
vt 0.405029297 0.0448913574
vt 0.377929688 0.0448913574
vt 0.377929688 0.500488281
vt 0.405029297 0.500488281
vt 0.437255859 0.0448913574
vt 0.437255859 0.500488281
vt 0.473388672 0.0448913574
vt 0.473388672 0.500488281
vt 0.511230469 0.0448913574
vt 0.511230469 0.500488281
vt 0.549316406 0.0448913574
vt 0.549316406 0.500488281
vt 0.377929688 0.0448913574
vt 0.357666016 0.500488281
vt 0.377929688 0.500488281
vt 0.357666016 0.0448913574
vt 0.344970703 0.500488281
vt 0.344970703 0.0448913574
vt 0.340820312 0.500488281
vt 0.340820312 0.0448913574
vt 0.681640625 0.0448913574
vt 0.677246094 0.500488281
vt 0.681640625 0.500488281
vt 0.677246094 0.0448913574
vt 0.665039062 0.500488281
vt 0.665039062 0.0448913574
vt 0.64453125 0.500488281
vt 0.64453125 0.0448913574
vt 0.617675781 0.500488281
vt 0.617675781 0.0448913574
vt 0.584960938 0.500488281
vt 0.584960938 0.0448913574
vt 0.549316406 0.500488281
vt 0.549316406 0.0448913574
vt 0.340820312 0.0448913574
vt 0.344970703 0.500488281
vt 0.340820312 0.500488281
vt 0.344970703 0.0448913574
vt 0.357666016 0.500488281
vt 0.357666016 0.0448913574
vt 0.377929688 0.500488281
vt 0.377929688 0.0448913574
vn -0.728515625 4.17232513E-07 -0.685058594
vn -0.709960938 -0.162109375 -0.685058594
vn -0.709960938 -0.162109375 -0.685058594
vn -0.728515625 4.76837158E-07 -0.685058594
vn -0.709960938 0.162109375 -0.685058594
vn -0.709960938 0.162109375 -0.685058594
vn -0.65625 0.315917969 -0.685058594
vn -0.65625 0.315917969 -0.685058594
vn 0.709960938 0.162109375 -0.685058594
vn 0.65625 0.315917969 -0.685058594
vn 0.709960938 0.162109375 -0.685058594
vn 0.65625 0.315917969 -0.685058594
vn 0.569335938 0.454101562 -0.685058594
vn 0.569335938 0.454101562 -0.685058594
vn 0.454101562 0.569335938 -0.685058594
vn 0.454101562 0.569335938 -0.685058594
vn 0.315917969 0.65625 -0.685058594
vn 0.315917969 0.65625 -0.685058594
vn -0.709960938 -0.162109375 -0.685058594
vn -0.65625 -0.315917969 -0.685058594
vn -0.709960938 -0.162109375 -0.685058594
vn -0.65625 -0.315917969 -0.685058594
vn -0.569335938 -0.454101562 -0.685058594
vn -0.569335938 -0.454101562 -0.685058594
vn -0.454101562 -0.569335938 -0.685058594
vn -0.454101562 -0.569335938 -0.685058594
vn -0.315917969 -0.65625 -0.685058594
vn -0.315917969 -0.65625 -0.685058594
vn 0.315917969 0.65625 -0.685058594
vn 0.162109375 0.709960938 -0.685058594
vn 0.315917969 0.65625 -0.685058594
vn 0.162109375 0.709960938 -0.685058594
vn 1.1920929E-07 0.728515625 -0.685058594
vn -0 0.728515625 -0.685058594
vn -0.162109375 0.709960938 -0.685058594
vn -0.162109375 0.709960938 -0.685058594
vn -0.315917969 -0.65625 -0.685058594
vn -0.162109375 -0.709960938 -0.685058594
vn -0.162109375 -0.709960938 -0.685058594
vn -0.315917969 -0.65625 -0.685058594
vn 1.1920929E-07 -0.728515625 -0.685058594
vn 0.162109375 -0.709960938 -0.685058594
vn 0.162109375 -0.709960938 -0.685058594
vn 1.1920929E-07 -0.728515625 -0.685058594
vn -0.162109375 -0.709960938 -0.685058594
vn -0.162109375 -0.709960938 -0.685058594
vn 0.162109375 -0.709960938 -0.685058594
vn 0.315917969 -0.65625 -0.685058594
vn 0.162109375 -0.709960938 -0.685058594
vn 0.315917969 -0.65625 -0.685058594
vn 0.454101562 -0.569335938 -0.685058594
vn 0.454101562 -0.569335938 -0.685058594
vn 0.569335938 -0.454101562 -0.685058594
vn 0.569335938 -0.454101562 -0.685058594
vn 0.65625 -0.315917969 -0.685058594
vn 0.65625 -0.315917969 -0.685058594
vn -0.162109375 0.709960938 -0.685058594
vn -0.315917969 0.65625 -0.685058594
vn -0.315917969 0.65625 -0.685058594
vn -0.162109375 0.709960938 -0.685058594
vn -0.315917969 0.65625 -0.685058594
vn -0.454101562 0.569335938 -0.685058594
vn -0.315917969 0.65625 -0.685058594
vn -0.454101562 0.569335938 -0.685058594
vn -0.569335938 0.454101562 -0.685058594
vn -0.569335938 0.454101562 -0.685058594
vn -0.65625 0.315917969 -0.685058594
vn -0.65625 0.315917969 -0.685058594
vn 0.65625 -0.315917969 -0.685058594
vn 0.709960938 -0.162109375 -0.685058594
vn 0.65625 -0.315917969 -0.685058594
vn 0.709960938 -0.162109375 -0.685058594
vn 0.728515625 4.76837158E-07 -0.685058594
vn 0.728515625 4.17232513E-07 -0.685058594
vn 0.709960938 0.162109375 -0.685058594
vn 0.709960938 0.162109375 -0.685058594
vn -0.0511474609 -0.224121094 0.973144531
vn 2.38418579E-07 0 1
vn -4.76837158E-07 0 1
vn -0.0997314453 -0.20715332 0.973144531
vn -0 -0.229858398 0.973144531
vn 2.38418579E-07 0 1
vn -0 0 1
vn -0.143310547 -0.1796875 0.973144531
vn 0.0511474609 -0.224121094 0.973144531
vn -1.1920929E-07 0 1
vn 4.76837158E-07 0 1
vn -0.1796875 -0.143310547 0.973144531
vn 0.0997314453 -0.20715332 0.973144531
vn -2.38418579E-07 0 1
vn -4.76837158E-07 0 1
vn -0.20715332 -0.0997314453 0.973144531
vn 0.143310547 -0.1796875 0.973144531
vn -0 0 1
vn -2.38418579E-07 0 1
vn -0.224121094 -0.0511474609 0.973144531
vn 0.1796875 -0.143310547 0.973144531
vn -0 0 1
vn 2.38418579E-07 0 1
vn -0.229858398 0 0.973144531
vn 0.20715332 -0.0997314453 0.973144531
vn 2.38418579E-07 0 1
vn -0 0 1
vn -0.224121094 0.0511474609 0.973144531
vn 0.224121094 -0.0511474609 0.973144531
vn 2.38418579E-07 0 1
vn -1.1920929E-07 0 1
vn -0.20715332 0.0997314453 0.973144531
vn 0.229858398 1.1920929E-07 0.973144531
vn -2.38418579E-07 0 1
vn -2.38418579E-07 0 1
vn -0.1796875 0.143310547 0.973144531
vn 0.224121094 0.0511474609 0.973144531
vn 2.38418579E-07 0 1
vn -0 0 1
vn -0.143310547 0.1796875 0.973144531
vn 0.20715332 0.0997314453 0.973144531
vn 4.76837158E-07 0 1
vn 1.1920929E-07 0 1
vn -0.0997314453 0.20715332 0.973144531
vn 0.1796875 0.143310547 0.973144531
vn -4.76837158E-07 0 1
vn -0 0 1
vn -0.0511474609 0.224121094 0.973144531
vn 0.143310547 0.1796875 0.973144531
vn -0 0 1
vn -2.38418579E-07 0 1
vn -0 0.229858398 0.973144531
vn 0.0997314453 0.20715332 0.973144531
vn 4.76837158E-07 0 1
vn -2.38418579E-07 0 1
vn 0.0511474609 0.224121094 0.973144531
vn -0.781738281 -0.623535156 0
vn -0.900878906 -0.433837891 0
vn -0.781738281 -0.623535156 0
vn -0.900878906 -0.433837891 0
vn -0.975097656 -0.22253418 0
vn -0.975097656 -0.22253418 0
vn -1 0 0
vn -1 0 0
vn -0.975097656 0.22253418 0
vn -0.975097656 0.22253418 0
vn 0.623535156 0.781738281 0
vn 0.781738281 0.623535156 0
vn 0.781738281 0.623535156 0
vn 0.623535156 0.781738281 0
vn 0.433837891 0.900878906 0
vn 0.433837891 0.900878906 0
vn 0.22253418 0.975097656 0
vn 0.22253418 0.975097656 0
vn -0 1 0
vn -0 1 0
vn -0.22253418 0.975097656 0
vn -0.22253418 0.975097656 0
vn -0.623535156 -0.781738281 0
vn -0.781738281 -0.623535156 0
vn -0.781738281 -0.623535156 0
vn -0.623535156 -0.781738281 0
vn -0.433837891 -0.900878906 0
vn -0.433837891 -0.900878906 0
vn -0.22253418 -0.975097656 0
vn -0.22253418 -0.975097656 0
vn -0 -1 0
vn -0.22253418 -0.975097656 0
vn -0.22253418 -0.975097656 0
vn -0 -1 0
vn 0.22253418 -0.975097656 0
vn 0.22253418 -0.975097656 0
vn 0.433837891 -0.900878906 0
vn 0.433837891 -0.900878906 0
vn 0.623535156 -0.781738281 0
vn 0.623535156 -0.781738281 0
vn -0.433837891 0.900878906 0
vn -0.22253418 0.975097656 0
vn -0.22253418 0.975097656 0
vn -0.433837891 0.900878906 0
vn -0.623535156 0.781738281 0
vn -0.623535156 0.781738281 0
vn 0.781738281 -0.623535156 0
vn 0.623535156 -0.781738281 0
vn 0.623535156 -0.781738281 0
vn 0.781738281 -0.623535156 0
vn -0.781738281 0.623535156 0
vn -0.623535156 0.781738281 0
vn -0.623535156 0.781738281 0
vn -0.781738281 0.623535156 0
vn -0.900878906 0.433837891 0
vn -0.900878906 0.433837891 0
vn -0.975097656 0.22253418 0
vn -0.975097656 0.22253418 0
vn 0.900878906 -0.433837891 0
vn 0.781738281 -0.623535156 0
vn 0.781738281 -0.623535156 0
vn 0.900878906 -0.433837891 0
vn 0.975097656 -0.22253418 0
vn 0.975097656 -0.22253418 0
vn 1 0 0
vn 1 0 0
vn 0.975097656 0.22253418 0
vn 0.975097656 0.22253418 0
vn 0.900878906 0.433837891 0
vn 0.900878906 0.433837891 0
vn 0.781738281 0.623535156 0
vn 0.900878906 0.433837891 0
vn 0.900878906 0.433837891 0
vn 0.781738281 0.623535156 0
vn -0.22253418 -0.975097656 0
vn -0.433837891 -0.900878906 0
vn -0.433837891 -0.900878906 0
vn -0.623535156 -0.781738281 0
vn -0.623535156 -0.781738281 0
vn -0.781738281 -0.623535156 0
vn -0.781738281 -0.623535156 0
vn -0.22253418 -0.975097656 0
vn -0.433837891 -0.900878906 0
vn -0.22253418 -0.975097656 0
vn -0 -1 0
vn -0 -1 0
vn 0.22253418 -0.975097656 0
vn 0.22253418 -0.975097656 0
vn 0.433837891 -0.900878906 0
vn 0.433837891 -0.900878906 0
vn 0.623535156 -0.781738281 0
vn 0.623535156 -0.781738281 0
vn -0.433837891 0.900878906 0
vn -0.22253418 0.975097656 0
vn -0.433837891 0.900878906 0
vn -0.22253418 0.975097656 0
vn -0 1 0
vn -0 1 0
vn 0.22253418 0.975097656 0
vn 0.22253418 0.975097656 0
vn 0.433837891 0.900878906 0
vn 0.433837891 0.900878906 0
vn 0.623535156 0.781738281 0
vn 0.623535156 0.781738281 0
vn 0.781738281 0.623535156 0
vn 0.781738281 0.623535156 0
vn -0.623535156 0.781738281 0
vn -0.433837891 0.900878906 0
vn -0.433837891 0.900878906 0
vn -0.623535156 0.781738281 0
vn 0.781738281 -0.623535156 0
vn 0.623535156 -0.781738281 0
vn 0.623535156 -0.781738281 0
vn 0.781738281 -0.623535156 0
vn -0.781738281 0.623535156 0
vn -0.623535156 0.781738281 0
vn -0.623535156 0.781738281 0
vn -0.781738281 0.623535156 0
vn -0.900878906 0.433837891 0
vn -0.900878906 0.433837891 0
vn -0.975097656 0.22253418 0
vn -0.975097656 0.22253418 0
vn 0.900878906 -0.433837891 0
vn 0.781738281 -0.623535156 0
vn 0.781738281 -0.623535156 0
vn 0.900878906 -0.433837891 0
vn 0.975097656 -0.22253418 0
vn 0.975097656 -0.22253418 0
vn 1 5.36441803E-07 0
vn 1 5.36441803E-07 0
vn 0.975097656 0.22253418 0
vn 0.975097656 0.22253418 0
vn 0.900878906 0.433837891 0
vn 0.900878906 0.433837891 0
vn -1 5.36441803E-07 0
vn -0.975097656 0.22253418 0
vn -0.975097656 0.22253418 0
vn -1 5.36441803E-07 0
vn -0.975097656 -0.22253418 0
vn -0.975097656 -0.22253418 0
vn -0.900878906 -0.433837891 0
vn -0.900878906 -0.433837891 0
vn -0.781738281 -0.623535156 0
vn -0.781738281 -0.623535156 0
vn 0.781738281 0.623535156 0
vn 0.900878906 0.433837891 0
vn 0.900878906 0.433837891 0
vn 0.781738281 0.623535156 0
vn 0.37890625 0.182495117 0.907226562
vn 0.409912109 0.0935668945 0.907226562
vn 0.328857422 0.262207031 0.907226562
vn 0.420410156 2.38418579E-07 0.907226562
vn 0.262207031 0.328857422 0.907226562
vn 0.409912109 -0.0935668945 0.907226562
vn 0.182495117 0.37890625 0.907226562
vn 0.37890625 -0.182495117 0.907226562
vn 0.0935668945 0.409912109 0.907226562
vn 0.328857422 -0.262207031 0.907226562
vn -0 0.420410156 0.907226562
vn 0.262207031 -0.328857422 0.907226562
vn -0.0935668945 0.409912109 0.907226562
vn 0.182495117 -0.37890625 0.907226562
vn -0.182495117 0.37890625 0.907226562
vn 0.0935668945 -0.409912109 0.907226562
vn -0.262207031 0.328857422 0.907226562
vn -0 -0.420410156 0.907226562
vn -0.328857422 0.262207031 0.907226562
vn -0.0935668945 -0.409912109 0.907226562
vn -0.37890625 0.182495117 0.907226562
vn -0.182495117 -0.37890625 0.907226562
vn -0.409912109 0.0935668945 0.907226562
vn -0.262207031 -0.328857422 0.907226562
vn -0.420410156 1.1920929E-07 0.907226562
vn -0.328857422 -0.262207031 0.907226562
vn -0.409912109 -0.0935668945 0.907226562
vn -0.37890625 -0.182495117 0.907226562
vn 1.60932541E-06 0 -1
vn 1.78813934E-07 0 -1
vn 1.78813934E-07 0 -1
vn 1.60932541E-06 0 -1
vn -8.94069672E-07 0 -1
vn 1.96695328E-06 0 -1
vn -8.94069672E-07 0 -1
vn 1.96695328E-06 0 -1
vn -1.07288361E-06 0 -1
vn -2.50339508E-06 0 -1
vn -1.07288361E-06 0 -1
vn -2.50339508E-06 0 -1
vn 1.78813934E-06 0 -1
vn -1.07288361E-06 0 -1
vn 1.78813934E-06 0 -1
vn -1.07288361E-06 0 -1
vn -1.60932541E-06 0 -1
vn 1.25169754E-06 0 -1
vn -1.60932541E-06 0 -1
vn 1.25169754E-06 0 -1
vn -2.2649765E-06 0 -1
vn -2.2649765E-06 0 -1
vn -2.2649765E-06 0 -1
vn -2.2649765E-06 0 -1
vn 4.05311584E-06 0 -1
vn -4.58955765E-06 0 -1
vn 4.05311584E-06 0 -1
vn -4.58955765E-06 0 -1
vn 4.58955765E-06 0 -1
vn -4.05311584E-06 0 -1
vn 4.58955765E-06 0 -1
vn -4.05311584E-06 0 -1
vn 2.2649765E-06 0 -1
vn 1.90734863E-06 0 -1
vn 2.2649765E-06 0 -1
vn 1.90734863E-06 0 -1
vn -1.25169754E-06 0 -1
vn 1.25169754E-06 0 -1
vn -1.25169754E-06 0 -1
vn 1.25169754E-06 0 -1
vn 1.07288361E-06 0 -1
vn -1.78813934E-06 0 -1
vn 1.07288361E-06 0 -1
vn -1.78813934E-06 0 -1
vn 2.50339508E-06 0 -1
vn -3.57627869E-07 0 -1
vn 2.50339508E-06 0 -1
vn -3.57627869E-07 0 -1
vn -5.36441803E-07 0 -1
vn -5.36441803E-07 0 -1
vn -5.36441803E-07 0 -1
vn -5.36441803E-07 0 -1
vn -1.78813934E-07 0 -1
vn -1.78813934E-07 0 -1
vn -1.78813934E-07 0 -1
vn -1.78813934E-07 0 -1
vn 5.36441803E-07 0 1
vn 5.36441803E-07 0 1
vn 5.36441803E-07 0 1
vn 5.36441803E-07 0 1
vn 1.78813934E-07 0 1
vn -1.78813934E-07 0 1
vn 1.78813934E-07 0 1
vn -1.78813934E-07 0 1
vn 3.57627869E-07 0 1
vn 3.57627869E-07 0 1
vn 3.57627869E-07 0 1
vn 3.57627869E-07 0 1
vn 1.43051147E-06 0 1
vn -5.36441803E-07 0 1
vn 1.43051147E-06 0 1
vn -5.36441803E-07 0 1
vn 1.07288361E-06 0 1
vn -7.15255737E-07 0 1
vn 1.07288361E-06 0 1
vn -7.15255737E-07 0 1
vn -0 0 1
vn -1.78813934E-07 0 1
vn -0 0 1
vn -1.78813934E-07 0 1
vn 3.57627869E-07 0 1
vn -3.57627869E-07 0 1
vn 3.57627869E-07 0 1
vn -3.57627869E-07 0 1
vn 3.57627869E-07 0 1
vn -0 0 1
vn 3.57627869E-07 0 1
vn -0 0 1
vn 1.78813934E-07 0 1
vn -0 0 1
vn 1.78813934E-07 0 1
vn -0 0 1
vn 7.15255737E-07 0 1
vn -1.43051147E-06 0 1
vn 7.15255737E-07 0 1
vn -1.43051147E-06 0 1
vn 7.15255737E-07 0 1
vn -1.43051147E-06 0 1
vn 7.15255737E-07 0 1
vn -1.43051147E-06 0 1
vn -1.78813934E-07 0 1
vn -3.57627869E-07 0 1
vn -1.78813934E-07 0 1
vn -3.57627869E-07 0 1
vn 3.57627869E-07 0 1
vn -1.78813934E-07 0 1
vn 3.57627869E-07 0 1
vn -1.78813934E-07 0 1
vn -5.36441803E-07 0 1
vn -7.15255737E-07 0 1
vn -5.36441803E-07 0 1
vn -7.15255737E-07 0 1
vn -7.15255737E-07 0 -1
vn 1.7285347E-06 0 -1
vn 1.7285347E-06 0 -1
vn -7.15255737E-07 0 -1
vn 1.25169754E-06 0 -1
vn -7.15255737E-07 0 -1
vn 1.25169754E-06 0 -1
vn -7.15255737E-07 0 -1
vn -0 0 -1
vn 4.76837158E-07 0 -1
vn -0 0 -1
vn 4.76837158E-07 0 -1
vn -0 0 -1
vn 1.49011612E-06 0 -1
vn -0 0 -1
vn 1.49011612E-06 0 -1
vn 4.17232513E-07 0 -1
vn 2.38418579E-07 0 -1
vn 4.17232513E-07 0 -1
vn 2.38418579E-07 0 -1
vn -0 0 -1
vn -7.15255737E-07 0 -1
vn -0 0 -1
vn -7.15255737E-07 0 -1
vn -2.08616257E-06 0 -1
vn 1.7285347E-06 0 -1
vn -2.08616257E-06 0 -1
vn 1.7285347E-06 0 -1
vn -1.7285347E-06 0 -1
vn 1.25169754E-06 0 -1
vn -1.7285347E-06 0 -1
vn 1.25169754E-06 0 -1
vn 1.7285347E-06 0 -1
vn -0 0 -1
vn 1.7285347E-06 0 -1
vn -0 0 -1
vn 2.38418579E-07 0 -1
vn -0 0 -1
vn 2.38418579E-07 0 -1
vn -0 0 -1
vn -1.49011612E-06 0 -1
vn 4.17232513E-07 0 -1
vn -1.49011612E-06 0 -1
vn 4.17232513E-07 0 -1
vn -4.76837158E-07 0 -1
vn -0 0 -1
vn -4.76837158E-07 0 -1
vn -0 0 -1
vn 1.25169754E-06 0 -1
vn -2.08616257E-06 0 -1
vn 1.25169754E-06 0 -1
vn -2.08616257E-06 0 -1
vn 1.7285347E-06 0 -1
vn -1.7285347E-06 0 -1
vn 1.7285347E-06 0 -1
vn -1.7285347E-06 0 -1
vn 0.781738281 -0.623535156 0
vn 0.623535156 -0.781738281 0
vn 0.623535156 -0.781738281 0
vn -0.975097656 0.22253418 0
vn -0.900878906 0.433837891 0
vn -0.900878906 0.433837891 0
vn -0.781738281 0.623535156 0
vn -0.781738281 0.623535156 0
vn -0.623535156 0.781738281 0
vn -0.623535156 0.781738281 0
vn -0.975097656 0.22253418 0
vn -0.900878906 0.433837891 0
vn -0.975097656 0.22253418 0
vn -1 5.36441803E-07 0
vn -1 5.36441803E-07 0
vn -0.975097656 -0.22253418 0
vn -0.975097656 -0.22253418 0
vn -0.900878906 -0.433837891 0
vn -0.900878906 -0.433837891 0
vn 0.781738281 0.623535156 0
vn 0.900878906 0.433837891 0
vn 0.781738281 0.623535156 0
vn 0.900878906 0.433837891 0
vn 0.975097656 0.22253418 0
vn 0.975097656 0.22253418 0
vn 1 5.36441803E-07 0
vn 1 5.36441803E-07 0
vn 0.975097656 -0.22253418 0
vn 0.975097656 -0.22253418 0
vn 0.900878906 -0.433837891 0
vn 0.900878906 -0.433837891 0
vn 0.781738281 -0.623535156 0
vn 0.781738281 -0.623535156 0
vn 0.623535156 -0.781738281 0
vn -0.781738281 -0.623535156 0
vn -0.900878906 -0.433837891 0
vn -0.900878906 -0.433837891 0
vn -0.781738281 -0.623535156 0
vn -0.623535156 -0.781738281 0
vn -0.623535156 -0.781738281 0
vn -0.433837891 -0.900878906 0
vn -0.433837891 -0.900878906 0
vn -0.22253418 -0.975097656 0
vn -0.22253418 -0.975097656 0
vn -0 -1 0
vn 0.623535156 0.781738281 0
vn 0.781738281 0.623535156 0
vn 0.781738281 0.623535156 0
vn 0.623535156 0.781738281 0
vn 0.433837891 0.900878906 0
vn 0.433837891 0.900878906 0
vn 0.22253418 0.975097656 0
vn 0.22253418 0.975097656 0
vn -0 1 0
vn 0.22253418 0.975097656 0
vn 0.22253418 0.975097656 0
vn -0 1 0
vn -0.22253418 0.975097656 0
vn -0.22253418 0.975097656 0
vn -0.433837891 0.900878906 0
vn -0.433837891 0.900878906 0
vn -0.623535156 0.781738281 0
vn -0.623535156 0.781738281 0
vn -0 -1 0
vn -0.22253418 -0.975097656 0
vn -0 -1 0
vn 0.22253418 -0.975097656 0
vn 0.22253418 -0.975097656 0
vn 0.433837891 -0.900878906 0
vn 0.433837891 -0.900878906 0
vn 0.623535156 -0.781738281 0
vn 0.623535156 -0.781738281 0
vn 0.781738281 0.623535156 0
vn 0.900878906 0.433837891 0
vn 0.781738281 0.623535156 0
vn 0.900878906 0.433837891 0
vn 0.975097656 0.22253418 0
vn 0.975097656 0.22253418 0
vn 1 1.25169754E-06 0
vn 1 1.25169754E-06 0
vn 0.975097656 -0.22253418 0
vn 0.975097656 -0.22253418 0
vn -0.781738281 -0.623535156 0
vn -0.900878906 -0.433837891 0
vn -0.781738281 -0.623535156 0
vn -0.900878906 -0.433837891 0
vn -0.975097656 -0.22253418 0
vn -0.975097656 -0.22253418 0
vn -1 1.25169754E-06 0
vn -1 1.25169754E-06 0
vn -0.975097656 0.22253418 0
vn -0.975097656 0.22253418 0
vn -0.900878906 0.433837891 0
vn -0.900878906 0.433837891 0
vn 0.623535156 0.781738281 0
vn 0.781738281 0.623535156 0
vn 0.781738281 0.623535156 0
vn 0.623535156 0.781738281 0
vn 0.433837891 0.900878906 0
vn 0.433837891 0.900878906 0
vn 0.22253418 0.975097656 0
vn 0.22253418 0.975097656 0
vn -0.623535156 -0.781738281 0
vn -0.781738281 -0.623535156 0
vn -0.781738281 -0.623535156 0
vn -0.623535156 -0.781738281 0
vn -0.433837891 -0.900878906 0
vn -0.433837891 -0.900878906 0
vn -0.22253418 -0.975097656 0
vn -0.433837891 -0.900878906 0
vn -0.433837891 -0.900878906 0
vn -0.22253418 -0.975097656 0
vn 7.15255737E-07 -1 0
vn 7.15255737E-07 -1 0
vn 0.22253418 -0.975097656 0
vn 0.22253418 -0.975097656 0
vn 0.433837891 -0.900878906 0
vn 0.433837891 -0.900878906 0
vn 0.623535156 -0.781738281 0
vn 0.623535156 -0.781738281 0
vn 7.15255737E-07 1 0
vn 0.22253418 0.975097656 0
vn 0.22253418 0.975097656 0
vn 7.15255737E-07 1 0
vn -0.22253418 0.975097656 0
vn -0.22253418 0.975097656 0
vn -0.433837891 0.900878906 0
vn -0.433837891 0.900878906 0
vn -0.623535156 0.781738281 0
vn -0.623535156 0.781738281 0
vn 0.781738281 -0.623535156 0
vn 0.623535156 -0.781738281 0
vn 0.623535156 -0.781738281 0
vn 0.781738281 -0.623535156 0
vn 0.900878906 -0.433837891 0
vn 0.900878906 -0.433837891 0
vn 0.975097656 -0.22253418 0
vn 0.975097656 -0.22253418 0
vn -0.781738281 0.623535156 0
vn -0.623535156 0.781738281 0
vn -0.623535156 0.781738281 0
vn -0.781738281 0.623535156 0
vn -0.900878906 0.433837891 0
vn -0.900878906 0.433837891 0
vn 0.781738281 -0.623535156 0
vn 0.623535156 -0.781738281 0
vn 0.623535156 -0.781738281 0
vn 0.781738281 -0.623535156 0
vn 0.900878906 -0.433837891 0
vn 0.900878906 -0.433837891 0
vn 0.975097656 -0.22253418 0
vn 0.975097656 -0.22253418 0
vn 1 0 0
vn 1 0 0
vn 0.975097656 0.22253418 0
vn 0.975097656 0.22253418 0
vn -0.900878906 0.433837891 0
vn -0.781738281 0.623535156 0
vn -0.781738281 0.623535156 0
vn -0.623535156 0.781738281 0
vn -0.623535156 0.781738281 0
vn -0.900878906 0.433837891 0
vn -0.781738281 0.623535156 0
vn -0.900878906 0.433837891 0
vn -0.975097656 0.22253418 0
vn -0.975097656 0.22253418 0
vn -1 0 0
vn -1 0 0
vn -0.975097656 -0.22253418 0
vn -0.975097656 -0.22253418 0
vn -0.900878906 -0.433837891 0
vn -0.900878906 -0.433837891 0
vn -0.781738281 -0.623535156 0
vn -0.781738281 -0.623535156 0
vn 0.900878906 0.433837891 0
vn 0.975097656 0.22253418 0
vn 0.975097656 0.22253418 0
vn 0.900878906 0.433837891 0
vn 0.781738281 0.623535156 0
vn 0.781738281 0.623535156 0
vn 0.623535156 0.781738281 0
vn 0.623535156 0.781738281 0
vn 0.433837891 0.900878906 0
vn 0.433837891 0.900878906 0
vn 0.22253418 0.975097656 0
vn 0.22253418 0.975097656 0
vn -0.623535156 -0.781738281 0
vn -0.781738281 -0.623535156 0
vn -0.781738281 -0.623535156 0
vn -0.623535156 -0.781738281 0
vn -0.433837891 -0.900878906 0
vn -0.623535156 -0.781738281 0
vn -0.623535156 -0.781738281 0
vn -0.433837891 -0.900878906 0
vn -0.22253418 -0.975097656 0
vn -0.22253418 -0.975097656 0
vn -9.53674316E-07 -1 0
vn -9.53674316E-07 -1 0
vn 0.22253418 -0.975097656 0
vn 0.22253418 -0.975097656 0
vn 0.433837891 -0.900878906 0
vn 0.433837891 -0.900878906 0
vn -9.53674316E-07 1 0
vn 0.22253418 0.975097656 0
vn 0.22253418 0.975097656 0
vn -9.53674316E-07 1 0
vn -0.22253418 0.975097656 0
vn -0.22253418 0.975097656 0
vn -0.433837891 0.900878906 0
vn -0.433837891 0.900878906 0
vn -0.623535156 0.781738281 0
vn -0.623535156 0.781738281 0
vn 0.623535156 -0.781738281 0
vn 0.433837891 -0.900878906 0
vn 0.433837891 -0.900878906 0
vn 0.623535156 -0.781738281 0
vn -0 0 1
vn -0 0 1
vn -0 0 1
vn -0 0 1
vn -0 0 1
vn -0 0 1
vn -0 0 1
vn -0 0 1
vn -0 0 1
vn -0 0 1
vn -0 0 1
vn -0 0 1
vn -0 0 1
vn -0 0 1
vn -0 0 1
vn -0 0 1
vn -0 0 1
vn -0 0 1
vn -0 0 1
vn -0 0 1
vn -0 0 1
vn -0 0 1
vn -0 0 1
vn -0 0 1
vn -0 0 1
vn -0 0 1
vn -0 0 1
vn -0 0 1
vn 0.975097656 -0.22253418 0
vn 0.900878906 -0.433837891 0
vn 0.900878906 -0.433837891 0
vn 0.781738281 -0.623535156 0
vn 0.781738281 -0.623535156 0
vn 0.623535156 -0.781738281 0
vn 0.623535156 -0.781738281 0
vn 0.975097656 -0.22253418 0
vn 0.900878906 -0.433837891 0
vn 0.975097656 -0.22253418 0
vn 1 5.36441803E-07 0
vn 1 5.36441803E-07 0
vn 0.975097656 0.22253418 0
vn 0.975097656 0.22253418 0
vn 0.900878906 0.433837891 0
vn 0.900878906 0.433837891 0
vn 0.781738281 0.623535156 0
vn 0.781738281 0.623535156 0
vn -0.900878906 -0.433837891 0
vn -0.975097656 -0.22253418 0
vn -0.900878906 -0.433837891 0
vn -0.975097656 -0.22253418 0
vn -1 5.36441803E-07 0
vn -1 5.36441803E-07 0
vn -0.975097656 0.22253418 0
vn -0.975097656 0.22253418 0
vn -0.900878906 0.433837891 0
vn -0.900878906 0.433837891 0
vn -0.781738281 0.623535156 0
vn -0.781738281 0.623535156 0
vn -0.623535156 0.781738281 0
vn -0.623535156 0.781738281 0
vn -0.781738281 -0.623535156 0
vn -0.900878906 -0.433837891 0
vn -0.900878906 -0.433837891 0
vn -0.781738281 -0.623535156 0
vn -0.623535156 -0.781738281 0
vn -0.623535156 -0.781738281 0
vn -0.433837891 -0.900878906 0
vn -0.433837891 -0.900878906 0
vn -0.22253418 -0.975097656 0
vn -0.22253418 -0.975097656 0
vn 0.623535156 0.781738281 0
vn 0.781738281 0.623535156 0
vn 0.781738281 0.623535156 0
vn 0.623535156 0.781738281 0
vn 0.433837891 0.900878906 0
vn 0.623535156 0.781738281 0
vn 0.623535156 0.781738281 0
vn 0.433837891 0.900878906 0
vn 0.22253418 0.975097656 0
vn 0.22253418 0.975097656 0
vn -0 1 0
vn -0 1 0
vn -0.22253418 0.975097656 0
vn -0.22253418 0.975097656 0
vn -0.433837891 0.900878906 0
vn -0.433837891 0.900878906 0
vn -0.623535156 0.781738281 0
vn -0.623535156 0.781738281 0
vn -0 -1 0
vn -0.22253418 -0.975097656 0
vn -0.22253418 -0.975097656 0
vn -0 -1 0
vn 0.22253418 -0.975097656 0
vn 0.22253418 -0.975097656 0
vn 0.433837891 -0.900878906 0
vn 0.433837891 -0.900878906 0
vn 0.623535156 -0.781738281 0
vn 0.623535156 -0.781738281 0
vn 2.98023224E-07 0 1
vn -5.36441803E-07 0 1
vn -5.36441803E-07 0 1
vn 2.98023224E-07 0 1
vn -0 0 1
vn -1.1920929E-07 0 1
vn -0 0 1
vn -1.1920929E-07 0 1
vn 5.36441803E-07 0 1
vn -4.17232513E-07 0 1
vn 5.36441803E-07 0 1
vn -4.17232513E-07 0 1
vn -0 0 1
vn -0 0 1
vn -0 0 1
vn -0 0 1
vn -0 0 1
vn -0 0 1
vn -0 0 1
vn -0 0 1
vn -5.36441803E-07 0 1
vn -0 0 1
vn -5.36441803E-07 0 1
vn -0 0 1
vn -5.36441803E-07 0 1
vn -0 0 1
vn -5.36441803E-07 0 1
vn -0 0 1
vn -0 0 1
vn -5.36441803E-07 0 1
vn -0 0 1
vn -5.36441803E-07 0 1
vn -0 0 1
vn -5.36441803E-07 0 1
vn -0 0 1
vn -5.36441803E-07 0 1
vn -1.1920929E-07 0 1
vn -0 0 1
vn -1.1920929E-07 0 1
vn -0 0 1
vn 4.17232513E-07 0 1
vn -0 0 1
vn 4.17232513E-07 0 1
vn -0 0 1
vn 5.36441803E-07 0 1
vn -0 0 1
vn 5.36441803E-07 0 1
vn -0 0 1
vn -0 0 1
vn 5.36441803E-07 0 1
vn -0 0 1
vn 5.36441803E-07 0 1
vn -0 0 1
vn 5.36441803E-07 0 1
vn -0 0 1
vn 5.36441803E-07 0 1
vn 0.22253418 -0.975097656 0
vn -0 -1 0
vn -0 -1 0
vn 0.900878906 -0.433837891 0
vn 0.781738281 -0.623535156 0
vn 0.781738281 -0.623535156 0
vn 0.623535156 -0.781738281 0
vn 0.623535156 -0.781738281 0
vn 0.433837891 -0.900878906 0
vn 0.433837891 -0.900878906 0
vn 0.22253418 -0.975097656 0
vn 0.22253418 -0.975097656 0
vn -0 -1 0
vn 0.900878906 -0.433837891 0
vn 0.781738281 -0.623535156 0
vn 0.900878906 -0.433837891 0
vn 0.975097656 -0.22253418 0
vn 0.975097656 -0.22253418 0
vn 1 5.36441803E-07 0
vn 1 5.36441803E-07 0
vn 0.975097656 0.22253418 0
vn 0.975097656 0.22253418 0
vn 0.900878906 0.433837891 0
vn 0.900878906 0.433837891 0
vn 0.781738281 0.623535156 0
vn 0.781738281 0.623535156 0
vn 0.623535156 0.781738281 0
vn 0.623535156 0.781738281 0
vn -0.781738281 0.623535156 0
vn -0.623535156 0.781738281 0
vn -0.623535156 0.781738281 0
vn -0.781738281 0.623535156 0
vn -0.900878906 0.433837891 0
vn -0.900878906 0.433837891 0
vn -0.975097656 0.22253418 0
vn -0.975097656 0.22253418 0
vn -1 5.36441803E-07 0
vn -1 5.36441803E-07 0
vn -0.975097656 -0.22253418 0
vn -0.975097656 -0.22253418 0
vn -0.623535156 0.781738281 0
vn -0.433837891 0.900878906 0
vn -0.623535156 0.781738281 0
vn -0.433837891 0.900878906 0
vn -0.22253418 0.975097656 0
vn -0.22253418 0.975097656 0
vn -0 1 0
vn -0 1 0
vn -0 -1 0
vn -0.22253418 -0.975097656 0
vn -0 -1 0
vn -0.22253418 -0.975097656 0
vn -0.433837891 -0.900878906 0
vn -0.433837891 -0.900878906 0
vn -0.623535156 -0.781738281 0
vn -0.623535156 -0.781738281 0
vn -0.781738281 -0.623535156 0
vn -0.781738281 -0.623535156 0
vn -0.900878906 -0.433837891 0
vn -0.900878906 -0.433837891 0
vn -0.975097656 -0.22253418 0
vn -0.975097656 -0.22253418 0
vn -0 1 0
vn 0.22253418 0.975097656 0
vn -0 1 0
vn 0.22253418 0.975097656 0
vn 0.433837891 0.900878906 0
vn 0.433837891 0.900878906 0
vn 0.623535156 0.781738281 0
vn 0.623535156 0.781738281 0
g stand small_0
f 3/3/3 2/2/2 1/1/1
f 4/4/4 3/3/3 1/1/1
f 4/4/4 1/1/1 5/5/5
f 6/6/6 4/4/4 5/5/5
f 6/6/6 5/5/5 7/7/7
f 8/8/8 6/6/6 7/7/7
f 11/11/11 10/10/10 9/9/9
f 10/10/10 12/12/12 9/9/9
f 10/10/10 13/13/13 12/12/12
f 13/13/13 14/14/14 12/12/12
f 13/13/13 15/15/15 14/14/14
f 15/15/15 16/16/16 14/14/14
f 15/15/15 17/17/17 16/16/16
f 17/17/17 18/18/18 16/16/16
f 21/21/21 20/20/20 19/19/19
f 20/20/20 22/22/22 19/19/19
f 20/20/20 23/23/23 22/22/22
f 23/23/23 24/24/24 22/22/22
f 23/23/23 25/25/25 24/24/24
f 25/25/25 26/26/26 24/24/24
f 25/25/25 27/27/27 26/26/26
f 27/27/27 28/28/28 26/26/26
f 31/31/31 30/30/30 29/29/29
f 30/30/30 32/32/32 29/29/29
f 30/30/30 33/33/33 32/32/32
f 33/33/33 34/34/34 32/32/32
f 33/33/33 35/35/35 34/34/34
f 35/35/35 36/36/36 34/34/34
f 39/39/39 38/38/38 37/37/37
f 40/40/40 39/39/39 37/37/37
f 43/43/43 42/42/42 41/41/41
f 44/44/44 43/43/43 41/41/41
f 44/44/44 41/41/41 45/45/45
f 46/46/46 44/44/44 45/45/45
f 49/49/49 48/48/48 47/47/47
f 48/48/48 50/50/50 47/47/47
f 48/48/48 51/51/51 50/50/50
f 51/51/51 52/52/52 50/50/50
f 51/51/51 53/53/53 52/52/52
f 53/53/53 54/54/54 52/52/52
f 53/53/53 55/55/55 54/54/54
f 55/55/55 56/56/56 54/54/54
f 59/59/59 58/58/58 57/57/57
f 60/60/60 59/59/59 57/57/57
f 63/63/63 62/62/62 61/61/61
f 62/62/62 64/64/64 61/61/61
f 62/62/62 65/65/65 64/64/64
f 65/65/65 66/66/66 64/64/64
f 65/65/65 67/67/67 66/66/66
f 67/67/67 68/68/68 66/66/66
f 71/71/71 70/70/70 69/69/69
f 70/70/70 72/72/72 69/69/69
f 70/70/70 73/73/73 72/72/72
f 73/73/73 74/74/74 72/72/72
f 73/73/73 75/75/75 74/74/74
f 75/75/75 76/76/76 74/74/74
f 79/79/79 78/78/78 77/77/77
f 78/78/78 80/80/80 77/77/77
f 79/79/79 77/77/77 81/81/81
f 78/78/78 82/82/82 80/80/80
f 83/83/83 79/79/79 81/81/81
f 82/82/82 84/84/84 80/80/80
f 83/83/83 81/81/81 85/85/85
f 82/82/82 86/86/86 84/84/84
f 87/87/87 83/83/83 85/85/85
f 86/86/86 88/88/88 84/84/84
f 87/87/87 85/85/85 89/89/89
f 86/86/86 90/90/90 88/88/88
f 91/91/91 87/87/87 89/89/89
f 90/90/90 92/92/92 88/88/88
f 91/91/91 89/89/89 93/93/93
f 90/90/90 94/94/94 92/92/92
f 95/95/95 91/91/91 93/93/93
f 94/94/94 96/96/96 92/92/92
f 95/95/95 93/93/93 97/97/97
f 94/94/94 98/98/98 96/96/96
f 99/99/99 95/95/95 97/97/97
f 98/98/98 100/100/100 96/96/96
f 99/99/99 97/97/97 101/101/101
f 98/98/98 102/102/102 100/100/100
f 103/103/103 99/99/99 101/101/101
f 102/102/102 104/104/104 100/100/100
f 103/103/103 101/101/101 105/105/105
f 102/102/102 106/106/106 104/104/104
f 107/107/107 103/103/103 105/105/105
f 106/106/106 108/108/108 104/104/104
f 107/107/107 105/105/105 109/109/109
f 106/106/106 110/110/110 108/108/108
f 111/111/111 107/107/107 109/109/109
f 110/110/110 112/112/112 108/108/108
f 111/111/111 109/109/109 113/113/113
f 110/110/110 114/114/114 112/112/112
f 115/115/115 111/111/111 113/113/113
f 114/114/114 116/116/116 112/112/112
f 115/115/115 113/113/113 117/117/117
f 114/114/114 118/118/118 116/116/116
f 119/119/119 115/115/115 117/117/117
f 118/118/118 120/120/120 116/116/116
f 119/119/119 117/117/117 121/121/121
f 118/118/118 122/122/122 120/120/120
f 123/123/123 119/119/119 121/121/121
f 122/122/122 124/124/124 120/120/120
f 123/123/123 121/121/121 125/125/125
f 122/122/122 126/126/126 124/124/124
f 127/127/127 123/123/123 125/125/125
f 126/126/126 128/128/128 124/124/124
f 127/127/127 125/125/125 129/129/129
f 126/126/126 130/130/130 128/128/128
f 131/131/131 127/127/127 129/129/129
f 130/130/130 132/132/132 128/128/128
f 131/131/131 129/129/129 132/132/132
f 130/130/130 131/131/131 132/132/132
g stand small_1
f 135/135/135 134/134/134 133/133/133
f 134/134/134 136/136/136 133/133/133
f 134/134/134 137/137/137 136/136/136
f 137/137/137 138/138/138 136/136/136
f 137/137/137 139/139/139 138/138/138
f 139/139/139 140/140/140 138/138/138
f 139/139/139 141/141/141 140/140/140
f 141/141/141 142/142/142 140/140/140
f 145/145/145 144/144/144 143/143/143
f 146/146/146 145/145/145 143/143/143
f 146/146/146 143/143/143 147/147/147
f 148/148/148 146/146/146 147/147/147
f 148/148/148 147/147/147 149/149/149
f 150/150/150 148/148/148 149/149/149
f 150/150/150 149/149/149 151/151/151
f 152/152/152 150/150/150 151/151/151
f 152/152/152 151/151/151 153/153/153
f 154/154/154 152/152/152 153/153/153
f 157/157/157 156/156/156 155/155/155
f 158/158/158 157/157/157 155/155/155
f 158/158/158 155/155/155 159/159/159
f 160/160/160 158/158/158 159/159/159
f 160/160/160 159/159/159 161/161/161
f 162/162/162 160/160/160 161/161/161
f 165/165/165 164/164/164 163/163/163
f 166/166/166 165/165/165 163/163/163
f 166/166/166 163/163/163 167/167/167
f 168/168/168 166/166/166 167/167/167
f 168/168/168 167/167/167 169/169/169
f 170/170/170 168/168/168 169/169/169
f 170/170/170 169/169/169 171/171/171
f 172/172/172 170/170/170 171/171/171
f 175/175/175 174/174/174 173/173/173
f 176/176/176 175/175/175 173/173/173
f 176/176/176 173/173/173 177/177/177
f 178/178/178 176/176/176 177/177/177
f 181/181/181 180/180/180 179/179/179
f 182/182/182 181/181/181 179/179/179
f 185/185/185 184/184/184 183/183/183
f 186/186/186 185/185/185 183/183/183
f 186/186/186 183/183/183 187/187/187
f 188/188/188 186/186/186 187/187/187
f 188/188/188 187/187/187 189/189/189
f 190/190/190 188/188/188 189/189/189
f 193/193/193 192/192/192 191/191/191
f 194/194/194 193/193/193 191/191/191
f 194/194/194 191/191/191 195/195/195
f 196/196/196 194/194/194 195/195/195
f 196/196/196 195/195/195 197/197/197
f 198/198/198 196/196/196 197/197/197
f 198/198/198 197/197/197 199/199/199
f 200/200/200 198/198/198 199/199/199
f 200/200/200 199/199/199 201/201/201
f 202/202/202 200/200/200 201/201/201
f 205/205/205 204/204/204 203/203/203
f 206/206/206 205/205/205 203/203/203
f 209/209/209 208/208/208 207/207/207
f 209/209/209 210/210/210 208/208/208
f 210/210/210 211/211/211 208/208/208
f 210/210/210 212/212/212 211/211/211
f 212/212/212 213/213/213 211/211/211
f 216/216/216 215/215/215 214/214/214
f 216/216/216 214/214/214 217/217/217
f 218/218/218 216/216/216 217/217/217
f 218/218/218 217/217/217 219/219/219
f 220/220/220 218/218/218 219/219/219
f 220/220/220 219/219/219 221/221/221
f 222/222/222 220/220/220 221/221/221
f 222/222/222 221/221/221 223/223/223
f 224/224/224 222/222/222 223/223/223
f 227/227/227 226/226/226 225/225/225
f 226/226/226 228/228/228 225/225/225
f 226/226/226 229/229/229 228/228/228
f 229/229/229 230/230/230 228/228/228
f 229/229/229 231/231/231 230/230/230
f 231/231/231 232/232/232 230/230/230
f 231/231/231 233/233/233 232/232/232
f 233/233/233 234/234/234 232/232/232
f 233/233/233 235/235/235 234/234/234
f 235/235/235 236/236/236 234/234/234
f 235/235/235 237/237/237 236/236/236
f 237/237/237 238/238/238 236/236/236
f 241/241/241 240/240/240 239/239/239
f 242/242/242 241/241/241 239/239/239
f 245/245/245 244/244/244 243/243/243
f 246/246/246 245/245/245 243/243/243
f 249/249/249 248/248/248 247/247/247
f 250/250/250 249/249/249 247/247/247
f 250/250/250 247/247/247 251/251/251
f 252/252/252 250/250/250 251/251/251
f 252/252/252 251/251/251 253/253/253
f 254/254/254 252/252/252 253/253/253
f 257/257/257 256/256/256 255/255/255
f 258/258/258 257/257/257 255/255/255
f 258/258/258 255/255/255 259/259/259
f 260/260/260 258/258/258 259/259/259
f 260/260/260 259/259/259 261/261/261
f 262/262/262 260/260/260 261/261/261
f 262/262/262 261/261/261 263/263/263
f 264/264/264 262/262/262 263/263/263
f 264/264/264 263/263/263 265/265/265
f 266/266/266 264/264/264 265/265/265
f 269/269/269 268/268/268 267/267/267
f 270/270/270 269/269/269 267/267/267
f 270/270/270 267/267/267 271/271/271
f 272/272/272 270/270/270 271/271/271
f 272/272/272 271/271/271 273/273/273
f 274/274/274 272/272/272 273/273/273
f 274/274/274 273/273/273 275/275/275
f 276/276/276 274/274/274 275/275/275
f 279/279/279 278/278/278 277/277/277
f 280/280/280 279/279/279 277/277/277
f 113/113/113 282/282/282 281/281/281
f 117/117/117 113/113/113 281/281/281
f 113/113/113 109/109/109 282/282/282
f 117/117/117 281/281/281 283/283/283
f 109/109/109 284/284/284 282/282/282
f 121/121/121 117/117/117 283/283/283
f 109/109/109 105/105/105 284/284/284
f 121/121/121 283/283/283 285/285/285
f 105/105/105 286/286/286 284/284/284
f 125/125/125 121/121/121 285/285/285
f 105/105/105 101/101/101 286/286/286
f 125/125/125 285/285/285 287/287/287
f 101/101/101 288/288/288 286/286/286
f 129/129/129 125/125/125 287/287/287
f 101/101/101 97/97/97 288/288/288
f 129/129/129 287/287/287 289/289/289
f 97/97/97 290/290/290 288/288/288
f 132/132/132 129/129/129 289/289/289
f 97/97/97 93/93/93 290/290/290
f 132/132/132 289/289/289 291/291/291
f 93/93/93 292/292/292 290/290/290
f 128/128/128 132/132/132 291/291/291
f 93/93/93 89/89/89 292/292/292
f 128/128/128 291/291/291 293/293/293
f 89/89/89 294/294/294 292/292/292
f 124/124/124 128/128/128 293/293/293
f 89/89/89 85/85/85 294/294/294
f 124/124/124 293/293/293 295/295/295
f 85/85/85 296/296/296 294/294/294
f 120/120/120 124/124/124 295/295/295
f 85/85/85 81/81/81 296/296/296
f 120/120/120 295/295/295 297/297/297
f 81/81/81 298/298/298 296/296/296
f 116/116/116 120/120/120 297/297/297
f 81/81/81 77/77/77 298/298/298
f 116/116/116 297/297/297 299/299/299
f 77/77/77 300/300/300 298/298/298
f 112/112/112 116/116/116 299/299/299
f 77/77/77 80/80/80 300/300/300
f 112/112/112 299/299/299 301/301/301
f 80/80/80 302/302/302 300/300/300
f 108/108/108 112/112/112 301/301/301
f 80/80/80 84/84/84 302/302/302
f 108/108/108 301/301/301 303/303/303
f 84/84/84 304/304/304 302/302/302
f 104/104/104 108/108/108 303/303/303
f 84/84/84 88/88/88 304/304/304
f 104/104/104 303/303/303 305/305/305
f 88/88/88 306/306/306 304/304/304
f 100/100/100 104/104/104 305/305/305
f 88/88/88 92/92/92 306/306/306
f 100/100/100 305/305/305 307/307/307
f 92/92/92 308/308/308 306/306/306
f 96/96/96 100/100/100 307/307/307
f 96/96/96 307/307/307 308/308/308
f 92/92/92 96/96/96 308/308/308
f 311/311/311 310/310/310 309/309/309
f 312/312/312 311/311/311 309/309/309
f 311/311/311 313/313/313 310/310/310
f 312/312/312 309/309/309 314/314/314
f 313/313/313 315/315/315 310/310/310
f 316/316/316 312/312/312 314/314/314
f 313/313/313 317/317/317 315/315/315
f 316/316/316 314/314/314 318/318/318
f 317/317/317 319/319/319 315/315/315
f 320/320/320 316/316/316 318/318/318
f 317/317/317 321/321/321 319/319/319
f 320/320/320 318/318/318 322/322/322
f 321/321/321 323/323/323 319/319/319
f 324/324/324 320/320/320 322/322/322
f 321/321/321 325/325/325 323/323/323
f 324/324/324 322/322/322 326/326/326
f 325/325/325 327/327/327 323/323/323
f 328/328/328 324/324/324 326/326/326
f 325/325/325 329/329/329 327/327/327
f 328/328/328 326/326/326 330/330/330
f 329/329/329 331/331/331 327/327/327
f 332/332/332 328/328/328 330/330/330
f 329/329/329 333/333/333 331/331/331
f 332/332/332 330/330/330 334/334/334
f 333/333/333 335/335/335 331/331/331
f 336/336/336 332/332/332 334/334/334
f 333/333/333 337/337/337 335/335/335
f 336/336/336 334/334/334 338/338/338
f 337/337/337 339/339/339 335/335/335
f 340/340/340 336/336/336 338/338/338
f 337/337/337 341/341/341 339/339/339
f 340/340/340 338/338/338 342/342/342
f 341/341/341 343/343/343 339/339/339
f 344/344/344 340/340/340 342/342/342
f 341/341/341 345/345/345 343/343/343
f 344/344/344 342/342/342 346/346/346
f 345/345/345 347/347/347 343/343/343
f 348/348/348 344/344/344 346/346/346
f 345/345/345 349/349/349 347/347/347
f 348/348/348 346/346/346 350/350/350
f 349/349/349 351/351/351 347/347/347
f 352/352/352 348/348/348 350/350/350
f 349/349/349 353/353/353 351/351/351
f 352/352/352 350/350/350 354/354/354
f 353/353/353 355/355/355 351/351/351
f 356/356/356 352/352/352 354/354/354
f 353/353/353 357/357/357 355/355/355
f 356/356/356 354/354/354 358/358/358
f 357/357/357 359/359/359 355/355/355
f 360/360/360 356/356/356 358/358/358
f 357/357/357 361/361/361 359/359/359
f 360/360/360 358/358/358 362/362/362
f 361/361/361 363/363/363 359/359/359
f 364/364/364 360/360/360 362/362/362
f 364/364/364 362/362/362 363/363/363
f 361/361/361 364/364/364 363/363/363
f 367/367/367 366/366/366 365/365/365
f 368/368/368 367/367/367 365/365/365
f 367/367/367 369/369/369 366/366/366
f 368/368/368 365/365/365 370/370/370
f 369/369/369 371/371/371 366/366/366
f 372/372/372 368/368/368 370/370/370
f 369/369/369 373/373/373 371/371/371
f 372/372/372 370/370/370 374/374/374
f 373/373/373 375/375/375 371/371/371
f 376/376/376 372/372/372 374/374/374
f 373/373/373 377/377/377 375/375/375
f 376/376/376 374/374/374 378/378/378
f 377/377/377 379/379/379 375/375/375
f 380/380/380 376/376/376 378/378/378
f 377/377/377 381/381/381 379/379/379
f 380/380/380 378/378/378 382/382/382
f 381/381/381 383/383/383 379/379/379
f 384/384/384 380/380/380 382/382/382
f 381/381/381 385/385/385 383/383/383
f 384/384/384 382/382/382 386/386/386
f 385/385/385 387/387/387 383/383/383
f 388/388/388 384/384/384 386/386/386
f 385/385/385 389/389/389 387/387/387
f 388/388/388 386/386/386 390/390/390
f 389/389/389 391/391/391 387/387/387
f 392/392/392 388/388/388 390/390/390
f 389/389/389 393/393/393 391/391/391
f 392/392/392 390/390/390 394/394/394
f 393/393/393 395/395/395 391/391/391
f 396/396/396 392/392/392 394/394/394
f 393/393/393 397/397/397 395/395/395
f 396/396/396 394/394/394 398/398/398
f 397/397/397 399/399/399 395/395/395
f 400/400/400 396/396/396 398/398/398
f 397/397/397 401/401/401 399/399/399
f 400/400/400 398/398/398 402/402/402
f 401/401/401 403/403/403 399/399/399
f 404/404/404 400/400/400 402/402/402
f 401/401/401 405/405/405 403/403/403
f 404/404/404 402/402/402 406/406/406
f 405/405/405 407/407/407 403/403/403
f 408/408/408 404/404/404 406/406/406
f 405/405/405 409/409/409 407/407/407
f 408/408/408 406/406/406 410/410/410
f 409/409/409 411/411/411 407/407/407
f 412/412/412 408/408/408 410/410/410
f 409/409/409 413/413/413 411/411/411
f 412/412/412 410/410/410 414/414/414
f 413/413/413 415/415/415 411/411/411
f 416/416/416 412/412/412 414/414/414
f 413/413/413 417/417/417 415/415/415
f 416/416/416 414/414/414 418/418/418
f 417/417/417 419/419/419 415/415/415
f 420/420/420 416/416/416 418/418/418
f 420/420/420 418/418/418 419/419/419
f 417/417/417 420/420/420 419/419/419
f 423/423/423 422/422/422 421/421/421
f 424/424/424 423/423/423 421/421/421
f 423/423/423 425/425/425 422/422/422
f 424/424/424 421/421/421 426/426/426
f 425/425/425 427/427/427 422/422/422
f 428/428/428 424/424/424 426/426/426
f 425/425/425 429/429/429 427/427/427
f 428/428/428 426/426/426 430/430/430
f 429/429/429 431/431/431 427/427/427
f 432/432/432 428/428/428 430/430/430
f 429/429/429 433/433/433 431/431/431
f 432/432/432 430/430/430 434/434/434
f 433/433/433 435/435/435 431/431/431
f 436/436/436 432/432/432 434/434/434
f 433/433/433 437/437/437 435/435/435
f 436/436/436 434/434/434 438/438/438
f 437/437/437 439/439/439 435/435/435
f 440/440/440 436/436/436 438/438/438
f 437/437/437 441/441/441 439/439/439
f 440/440/440 438/438/438 442/442/442
f 441/441/441 443/443/443 439/439/439
f 444/444/444 440/440/440 442/442/442
f 441/441/441 445/445/445 443/443/443
f 444/444/444 442/442/442 446/446/446
f 445/445/445 447/447/447 443/443/443
f 448/448/448 444/444/444 446/446/446
f 445/445/445 449/449/449 447/447/447
f 448/448/448 446/446/446 450/450/450
f 449/449/449 451/451/451 447/447/447
f 452/452/452 448/448/448 450/450/450
f 449/449/449 453/453/453 451/451/451
f 452/452/452 450/450/450 454/454/454
f 453/453/453 455/455/455 451/451/451
f 456/456/456 452/452/452 454/454/454
f 453/453/453 457/457/457 455/455/455
f 456/456/456 454/454/454 458/458/458
f 457/457/457 459/459/459 455/455/455
f 460/460/460 456/456/456 458/458/458
f 457/457/457 461/461/461 459/459/459
f 460/460/460 458/458/458 462/462/462
f 461/461/461 463/463/463 459/459/459
f 464/464/464 460/460/460 462/462/462
f 461/461/461 465/465/465 463/463/463
f 464/464/464 462/462/462 466/466/466
f 465/465/465 467/467/467 463/463/463
f 468/468/468 464/464/464 466/466/466
f 465/465/465 469/469/469 467/467/467
f 468/468/468 466/466/466 470/470/470
f 469/469/469 471/471/471 467/467/467
f 472/472/472 468/468/468 470/470/470
f 469/469/469 473/473/473 471/471/471
f 472/472/472 470/470/470 474/474/474
f 473/473/473 475/475/475 471/471/471
f 476/476/476 472/472/472 474/474/474
f 476/476/476 474/474/474 475/475/475
f 473/473/473 476/476/476 475/475/475
g stand small_2
f 479/479/479 478/478/478 477/477/477
f 482/482/482 481/481/481 480/480/480
f 482/482/482 483/483/483 481/481/481
f 483/483/483 484/484/484 481/481/481
f 483/483/483 485/485/485 484/484/484
f 485/485/485 486/486/486 484/484/484
f 489/489/489 488/488/488 487/487/487
f 489/489/489 487/487/487 490/490/490
f 491/491/491 489/489/489 490/490/490
f 491/491/491 490/490/490 492/492/492
f 493/493/493 491/491/491 492/492/492
f 493/493/493 492/492/492 494/494/494
f 495/495/495 493/493/493 494/494/494
f 498/498/498 497/497/497 496/496/496
f 497/497/497 499/499/499 496/496/496
f 497/497/497 500/500/500 499/499/499
f 500/500/500 501/501/501 499/499/499
f 500/500/500 502/502/502 501/501/501
f 502/502/502 503/503/503 501/501/501
f 502/502/502 504/504/504 503/503/503
f 504/504/504 505/505/505 503/503/503
f 504/504/504 506/506/506 505/505/505
f 506/506/506 507/507/507 505/505/505
f 506/506/506 508/508/508 507/507/507
f 508/508/508 509/509/509 507/507/507
f 508/508/508 510/510/510 509/509/509
f 513/513/513 512/512/512 511/511/511
f 514/514/514 513/513/513 511/511/511
f 514/514/514 511/511/511 515/515/515
f 516/516/516 514/514/514 515/515/515
f 516/516/516 515/515/515 517/517/517
f 518/518/518 516/516/516 517/517/517
f 518/518/518 517/517/517 519/519/519
f 520/520/520 518/518/518 519/519/519
f 520/520/520 519/519/519 521/521/521
f 524/524/524 523/523/523 522/522/522
f 525/525/525 524/524/524 522/522/522
f 525/525/525 522/522/522 526/526/526
f 527/527/527 525/525/525 526/526/526
f 527/527/527 526/526/526 528/528/528
f 529/529/529 527/527/527 528/528/528
f 532/532/532 531/531/531 530/530/530
f 533/533/533 532/532/532 530/530/530
f 533/533/533 530/530/530 534/534/534
f 535/535/535 533/533/533 534/534/534
f 535/535/535 534/534/534 536/536/536
f 537/537/537 535/535/535 536/536/536
f 537/537/537 536/536/536 538/538/538
f 539/539/539 537/537/537 538/538/538
f 542/542/542 541/541/541 540/540/540
f 542/542/542 540/540/540 543/543/543
f 544/544/544 542/542/542 543/543/543
f 544/544/544 543/543/543 545/545/545
f 546/546/546 544/544/544 545/545/545
f 546/546/546 545/545/545 547/547/547
f 548/548/548 546/546/546 547/547/547
f 551/551/551 550/550/550 549/549/549
f 550/550/550 552/552/552 549/549/549
f 550/550/550 553/553/553 552/552/552
f 553/553/553 554/554/554 552/552/552
f 553/553/553 555/555/555 554/554/554
f 555/555/555 556/556/556 554/554/554
f 555/555/555 557/557/557 556/556/556
f 557/557/557 558/558/558 556/556/556
f 561/561/561 560/560/560 559/559/559
f 560/560/560 562/562/562 559/559/559
f 560/560/560 563/563/563 562/562/562
f 563/563/563 564/564/564 562/562/562
f 563/563/563 565/565/565 564/564/564
f 565/565/565 566/566/566 564/564/564
f 565/565/565 567/567/567 566/566/566
f 567/567/567 568/568/568 566/566/566
f 567/567/567 569/569/569 568/568/568
f 569/569/569 570/570/570 568/568/568
f 573/573/573 572/572/572 571/571/571
f 574/574/574 573/573/573 571/571/571
f 574/574/574 571/571/571 575/575/575
f 576/576/576 574/574/574 575/575/575
f 576/576/576 575/575/575 577/577/577
f 578/578/578 576/576/576 577/577/577
f 581/581/581 580/580/580 579/579/579
f 582/582/582 581/581/581 579/579/579
f 582/582/582 579/579/579 583/583/583
f 584/584/584 582/582/582 583/583/583
f 587/587/587 586/586/586 585/585/585
f 588/588/588 587/587/587 585/585/585
f 588/588/588 585/585/585 589/589/589
f 590/590/590 588/588/588 589/589/589
f 590/590/590 589/589/589 591/591/591
f 592/592/592 590/590/590 591/591/591
f 592/592/592 591/591/591 593/593/593
f 594/594/594 592/592/592 593/593/593
f 594/594/594 593/593/593 595/595/595
f 596/596/596 594/594/594 595/595/595
f 599/599/599 598/598/598 597/597/597
f 600/600/600 599/599/599 597/597/597
f 600/600/600 597/597/597 601/601/601
f 602/602/602 600/600/600 601/601/601
f 602/602/602 601/601/601 603/603/603
f 604/604/604 602/602/602 603/603/603
f 604/604/604 603/603/603 605/605/605
f 606/606/606 604/604/604 605/605/605
f 609/609/609 608/608/608 607/607/607
f 610/610/610 609/609/609 607/607/607
f 610/610/610 607/607/607 611/611/611
f 612/612/612 610/610/610 611/611/611
f 612/612/612 611/611/611 613/613/613
f 614/614/614 612/612/612 613/613/613
f 617/617/617 616/616/616 615/615/615
f 618/618/618 617/617/617 615/615/615
f 618/618/618 615/615/615 619/619/619
f 620/620/620 618/618/618 619/619/619
f 623/623/623 622/622/622 621/621/621
f 624/624/624 623/623/623 621/621/621
f 624/624/624 621/621/621 625/625/625
f 626/626/626 624/624/624 625/625/625
f 626/626/626 625/625/625 627/627/627
f 628/628/628 626/626/626 627/627/627
f 628/628/628 627/627/627 629/629/629
f 630/630/630 628/628/628 629/629/629
f 630/630/630 629/629/629 631/631/631
f 632/632/632 630/630/630 631/631/631
f 635/635/635 634/634/634 633/633/633
f 635/635/635 636/636/636 634/634/634
f 636/636/636 637/637/637 634/634/634
f 640/640/640 639/639/639 638/638/638
f 640/640/640 638/638/638 641/641/641
f 642/642/642 640/640/640 641/641/641
f 642/642/642 641/641/641 643/643/643
f 644/644/644 642/642/642 643/643/643
f 644/644/644 643/643/643 645/645/645
f 646/646/646 644/644/644 645/645/645
f 646/646/646 645/645/645 647/647/647
f 648/648/648 646/646/646 647/647/647
f 648/648/648 647/647/647 649/649/649
f 650/650/650 648/648/648 649/649/649
f 653/653/653 652/652/652 651/651/651
f 654/654/654 653/653/653 651/651/651
f 654/654/654 651/651/651 655/655/655
f 656/656/656 654/654/654 655/655/655
f 656/656/656 655/655/655 657/657/657
f 658/658/658 656/656/656 657/657/657
f 658/658/658 657/657/657 659/659/659
f 660/660/660 658/658/658 659/659/659
f 660/660/660 659/659/659 661/661/661
f 662/662/662 660/660/660 661/661/661
f 665/665/665 664/664/664 663/663/663
f 666/666/666 665/665/665 663/663/663
f 669/669/669 668/668/668 667/667/667
f 670/670/670 669/669/669 667/667/667
f 670/670/670 667/667/667 671/671/671
f 672/672/672 670/670/670 671/671/671
f 672/672/672 671/671/671 673/673/673
f 674/674/674 672/672/672 673/673/673
f 674/674/674 673/673/673 675/675/675
f 676/676/676 674/674/674 675/675/675
f 676/676/676 675/675/675 677/677/677
f 678/678/678 676/676/676 677/677/677
f 681/681/681 680/680/680 679/679/679
f 682/682/682 681/681/681 679/679/679
f 682/682/682 679/679/679 683/683/683
f 684/684/684 682/682/682 683/683/683
f 684/684/684 683/683/683 685/685/685
f 686/686/686 684/684/684 685/685/685
f 686/686/686 685/685/685 687/687/687
f 688/688/688 686/686/686 687/687/687
f 691/691/691 690/690/690 689/689/689
f 692/692/692 691/691/691 689/689/689
f 695/695/695 694/694/694 693/693/693
f 693/693/693 696/696/696 695/695/695
f 696/696/696 697/697/697 695/695/695
f 696/696/696 698/698/698 697/697/697
f 698/698/698 699/699/699 697/697/697
f 698/698/698 700/700/700 699/699/699
f 700/700/700 701/701/701 699/699/699
f 700/700/700 702/702/702 701/701/701
f 702/702/702 703/703/703 701/701/701
f 702/702/702 704/704/704 703/703/703
f 704/704/704 705/705/705 703/703/703
f 704/704/704 706/706/706 705/705/705
f 706/706/706 707/707/707 705/705/705
f 706/706/706 708/708/708 707/707/707
f 708/708/708 709/709/709 707/707/707
f 708/708/708 710/710/710 709/709/709
f 710/710/710 711/711/711 709/709/709
f 710/710/710 712/712/712 711/711/711
f 712/712/712 713/713/713 711/711/711
f 712/712/712 714/714/714 713/713/713
f 714/714/714 715/715/715 713/713/713
f 714/714/714 716/716/716 715/715/715
f 716/716/716 717/717/717 715/715/715
f 716/716/716 718/718/718 717/717/717
f 718/718/718 719/719/719 717/717/717
f 718/718/718 720/720/720 719/719/719
f 723/723/723 722/722/722 721/721/721
f 723/723/723 724/724/724 722/722/722
f 724/724/724 725/725/725 722/722/722
f 724/724/724 726/726/726 725/725/725
f 726/726/726 727/727/727 725/725/725
f 730/730/730 729/729/729 728/728/728
f 730/730/730 728/728/728 731/731/731
f 732/732/732 730/730/730 731/731/731
f 732/732/732 731/731/731 733/733/733
f 734/734/734 732/732/732 733/733/733
f 734/734/734 733/733/733 735/735/735
f 736/736/736 734/734/734 735/735/735
f 736/736/736 735/735/735 737/737/737
f 738/738/738 736/736/736 737/737/737
f 741/741/741 740/740/740 739/739/739
f 740/740/740 742/742/742 739/739/739
f 740/740/740 743/743/743 742/742/742
f 743/743/743 744/744/744 742/742/742
f 743/743/743 745/745/745 744/744/744
f 745/745/745 746/746/746 744/744/744
f 745/745/745 747/747/747 746/746/746
f 747/747/747 748/748/748 746/746/746
f 747/747/747 749/749/749 748/748/748
f 749/749/749 750/750/750 748/748/748
f 749/749/749 751/751/751 750/750/750
f 751/751/751 752/752/752 750/750/750
f 755/755/755 754/754/754 753/753/753
f 756/756/756 755/755/755 753/753/753
f 756/756/756 753/753/753 757/757/757
f 758/758/758 756/756/756 757/757/757
f 758/758/758 757/757/757 759/759/759
f 760/760/760 758/758/758 759/759/759
f 760/760/760 759/759/759 761/761/761
f 762/762/762 760/760/760 761/761/761
f 765/765/765 764/764/764 763/763/763
f 766/766/766 765/765/765 763/763/763
f 769/769/769 768/768/768 767/767/767
f 770/770/770 769/769/769 767/767/767
f 770/770/770 767/767/767 771/771/771
f 772/772/772 770/770/770 771/771/771
f 772/772/772 771/771/771 773/773/773
f 774/774/774 772/772/772 773/773/773
f 774/774/774 773/773/773 775/775/775
f 776/776/776 774/774/774 775/775/775
f 776/776/776 775/775/775 777/777/777
f 778/778/778 776/776/776 777/777/777
f 778/778/778 777/777/777 779/779/779
f 780/780/780 778/778/778 779/779/779
f 783/783/783 782/782/782 781/781/781
f 784/784/784 783/783/783 781/781/781
f 784/784/784 781/781/781 785/785/785
f 786/786/786 784/784/784 785/785/785
f 786/786/786 785/785/785 787/787/787
f 788/788/788 786/786/786 787/787/787
f 788/788/788 787/787/787 789/789/789
f 790/790/790 788/788/788 789/789/789
f 793/793/793 792/792/792 791/791/791
f 794/794/794 793/793/793 791/791/791
f 793/793/793 795/795/795 792/792/792
f 794/794/794 791/791/791 796/796/796
f 795/795/795 797/797/797 792/792/792
f 798/798/798 794/794/794 796/796/796
f 795/795/795 799/799/799 797/797/797
f 798/798/798 796/796/796 800/800/800
f 799/799/799 801/801/801 797/797/797
f 802/802/802 798/798/798 800/800/800
f 799/799/799 803/803/803 801/801/801
f 802/802/802 800/800/800 804/804/804
f 803/803/803 805/805/805 801/801/801
f 806/806/806 802/802/802 804/804/804
f 803/803/803 807/807/807 805/805/805
f 806/806/806 804/804/804 808/808/808
f 807/807/807 809/809/809 805/805/805
f 810/810/810 806/806/806 808/808/808
f 807/807/807 811/811/811 809/809/809
f 810/810/810 808/808/808 812/812/812
f 811/811/811 813/813/813 809/809/809
f 814/814/814 810/810/810 812/812/812
f 811/811/811 815/815/815 813/813/813
f 814/814/814 812/812/812 816/816/816
f 815/815/815 817/817/817 813/813/813
f 818/818/818 814/814/814 816/816/816
f 815/815/815 819/819/819 817/817/817
f 818/818/818 816/816/816 820/820/820
f 819/819/819 821/821/821 817/817/817
f 822/822/822 818/818/818 820/820/820
f 819/819/819 823/823/823 821/821/821
f 822/822/822 820/820/820 824/824/824
f 823/823/823 825/825/825 821/821/821
f 826/826/826 822/822/822 824/824/824
f 823/823/823 827/827/827 825/825/825
f 826/826/826 824/824/824 828/828/828
f 827/827/827 829/829/829 825/825/825
f 830/830/830 826/826/826 828/828/828
f 827/827/827 831/831/831 829/829/829
f 830/830/830 828/828/828 832/832/832
f 831/831/831 833/833/833 829/829/829
f 834/834/834 830/830/830 832/832/832
f 831/831/831 835/835/835 833/833/833
f 834/834/834 832/832/832 836/836/836
f 835/835/835 837/837/837 833/833/833
f 838/838/838 834/834/834 836/836/836
f 835/835/835 839/839/839 837/837/837
f 838/838/838 836/836/836 840/840/840
f 839/839/839 841/841/841 837/837/837
f 842/842/842 838/838/838 840/840/840
f 839/839/839 843/843/843 841/841/841
f 842/842/842 840/840/840 844/844/844
f 843/843/843 845/845/845 841/841/841
f 846/846/846 842/842/842 844/844/844
f 846/846/846 844/844/844 845/845/845
f 843/843/843 846/846/846 845/845/845
g stand small_3
f 849/849/849 848/848/848 847/847/847
f 852/852/852 851/851/851 850/850/850
f 852/852/852 853/853/853 851/851/851
f 853/853/853 854/854/854 851/851/851
f 853/853/853 855/855/855 854/854/854
f 855/855/855 856/856/856 854/854/854
f 855/855/855 857/857/857 856/856/856
f 857/857/857 858/858/858 856/856/856
f 857/857/857 859/859/859 858/858/858
f 862/862/862 861/861/861 860/860/860
f 862/862/862 860/860/860 863/863/863
f 864/864/864 862/862/862 863/863/863
f 864/864/864 863/863/863 865/865/865
f 866/866/866 864/864/864 865/865/865
f 866/866/866 865/865/865 867/867/867
f 868/868/868 866/866/866 867/867/867
f 868/868/868 867/867/867 869/869/869
f 870/870/870 868/868/868 869/869/869
f 870/870/870 869/869/869 871/871/871
f 872/872/872 870/870/870 871/871/871
f 872/872/872 871/871/871 873/873/873
f 874/874/874 872/872/872 873/873/873
f 877/877/877 876/876/876 875/875/875
f 878/878/878 877/877/877 875/875/875
f 878/878/878 875/875/875 879/879/879
f 880/880/880 878/878/878 879/879/879
f 880/880/880 879/879/879 881/881/881
f 882/882/882 880/880/880 881/881/881
f 882/882/882 881/881/881 883/883/883
f 884/884/884 882/882/882 883/883/883
f 884/884/884 883/883/883 885/885/885
f 886/886/886 884/884/884 885/885/885
f 889/889/889 888/888/888 887/887/887
f 888/888/888 890/890/890 887/887/887
f 888/888/888 891/891/891 890/890/890
f 891/891/891 892/892/892 890/890/890
f 891/891/891 893/893/893 892/892/892
f 893/893/893 894/894/894 892/892/892
f 897/897/897 896/896/896 895/895/895
f 896/896/896 898/898/898 895/895/895
f 896/896/896 899/899/899 898/898/898
f 899/899/899 900/900/900 898/898/898
f 899/899/899 901/901/901 900/900/900
f 901/901/901 902/902/902 900/900/900
f 901/901/901 903/903/903 902/902/902
f 903/903/903 904/904/904 902/902/902
f 903/903/903 905/905/905 904/904/904
f 905/905/905 906/906/906 904/904/904
f 905/905/905 907/907/907 906/906/906
f 907/907/907 908/908/908 906/906/906
f 911/911/911 910/910/910 909/909/909
f 910/910/910 912/912/912 909/909/909
f 910/910/910 913/913/913 912/912/912
f 913/913/913 914/914/914 912/912/912
f 913/913/913 915/915/915 914/914/914
f 915/915/915 916/916/916 914/914/914
